16576
1040 760 3 8388608 2.000000000 1
388 548 3 8388608 2.000000000 1
96 272 3 8388608 2.000000000 1
328 548 3 8388608 2.000000000 1
196 488 3 8388608 2.000000000 1
296 272 3 8388608 2.000000000 1
884 40 3 8388608 2.000000000 1
272 568 3 8388608 2.000000000 1
1148 520 3 8388608 2.000000000 1
1208 544 3 8388608 2.000000000 1
20 772 3 8388608 2.000000000 1
908 984 3 8388608 2.000000000 1
756 76 3 8388608 2.000000000 1
160 1116 3 8388608 2.000000000 1
972 776 3 8388608 2.000000000 1
1036 544 3 8388608 2.000000000 1
1148 364 3 8388608 2.000000000 1
224 760 3 8388608 2.000000000 1
296 380 3 8388608 2.000000000 1
560 924 3 8388608 2.000000000 1
600 1004 3 8388608 2.000000000 1
388 908 3 8388608 2.000000000 1
552 304 3 8388608 2.000000000 1
984 160 3 8388608 2.000000000 1
488 600 3 8388608 2.000000000 1
76 768 3 8388608 2.000000000 1
292 600 3 8388608 2.000000000 1
1272 884 3 8388608 2.000000000 1
1040 552 3 8388608 2.000000000 1
140 144 3 8388608 2.000000000 1
756 552 3 8388608 2.000000000 1
776 1116 3 8388608 2.000000000 1
552 20 3 8388608 2.000000000 1
568 196 3 8388608 2.000000000 1
580 1272 3 8388608 2.000000000 1
612 1208 3 8388608 2.000000000 1
440 972 3 8388608 2.000000000 1
140 84 3 8388608 2.000000000 1
1116 1036 3 8388608 2.000000000 1
776 1092 3 8388608 2.000000000 1
1004 148 3 8388608 2.000000000 1
196 440 3 8388608 2.000000000 1
776 680 3 8388608 2.000000000 1
304 264 3 8388608 2.000000000 1
972 1272 3 8388608 2.000000000 1
568 40 3 8388608 2.000000000 1
980 488 3 8388608 2.000000000 1
980 972 3 8388608 2.000000000 1
328 144 3 8388608 2.000000000 1
984 488 3 8388608 2.000000000 1
924 196 3 8388608 2.000000000 1
560 580 3 8388608 2.000000000 1
756 328 3 8388608 2.000000000 1
772 8 3 8388608 2.000000000 1
1208 972 3 8388608 2.000000000 1
1092 1040 3 8388608 2.000000000 1
908 140 3 8388608 2.000000000 1
20 756 3 8388608 2.000000000 1
96 1244 3 8388608 2.000000000 1
140 520 3 8388608 2.000000000 1
520 580 3 8388608 2.000000000 1
1192 488 3 8388608 2.000000000 1
20 160 3 8388608 2.000000000 1
264 76 3 8388608 2.000000000 1
292 1244 3 8388608 2.000000000 1
140 772 3 8388608 2.000000000 1
760 980 3 8388608 2.000000000 1
144 84 3 8388608 2.000000000 1
296 600 3 8388608 2.000000000 1
1036 160 3 8388608 2.000000000 1
144 148 3 8388608 2.000000000 1
884 196 3 8388608 2.000000000 1
264 84 3 8388608 2.000000000 1
1056 612 3 8388608 2.000000000 1
196 272 3 8388608 2.000000000 1
1056 96 3 8388608 2.000000000 1
1208 1192 3 8388608 2.000000000 1
1176 292 3 8388608 2.000000000 1
980 984 3 8388608 2.000000000 1
332 520 3 8388608 2.000000000 1
980 440 3 8388608 2.000000000 1
1272 364 3 8388608 2.000000000 1
544 552 3 8388608 2.000000000 1
140 764 3 8388608 2.000000000 1
768 1004 3 8388608 2.000000000 1
40 1096 3 8388608 2.000000000 1
924 76 3 8388608 2.000000000 1
1272 144 3 8388608 2.000000000 1
20 760 3 8388608 2.000000000 1
844 304 3 8388608 2.000000000 1
924 552 3 8388608 2.000000000 1
1096 76 3 8388608 2.000000000 1
304 768 3 8388608 2.000000000 1
544 1004 3 8388608 2.000000000 1
684 552 3 8388608 2.000000000 1
1116 548 3 8388608 2.000000000 1
560 1244 3 8388608 2.000000000 1
84 8 3 8388608 2.000000000 1
272 1004 3 8388608 2.000000000 1
144 8 3 8388608 2.000000000 1
1092 580 3 8388608 2.000000000 1
488 612 3 8388608 2.000000000 1
1056 1244 3 8388608 2.000000000 1
1092 612 3 8388608 2.000000000 1
140 1116 3 8388608 2.000000000 1
96 388 3 8388608 2.000000000 1
1176 908 3 8388608 2.000000000 1
272 1272 3 8388608 2.000000000 1
1092 544 3 8388608 2.000000000 1
488 84 3 8388608 2.000000000 1
1004 776 3 8388608 2.000000000 1
160 844 3 8388608 2.000000000 1
868 1056 3 8388608 2.000000000 1
764 1012 3 8388608 2.000000000 1
272 772 3 8388608 2.000000000 1
1192 148 3 8388608 2.000000000 1
888 1056 3 8388608 2.000000000 1
1244 224 3 8388608 2.000000000 1
764 1176 3 8388608 2.000000000 1
888 1012 3 8388608 2.000000000 1
144 224 3 8388608 2.000000000 1
84 1116 3 8388608 2.000000000 1
972 1208 3 8388608 2.000000000 1
148 196 3 8388608 2.000000000 1
224 84 3 8388608 2.000000000 1
888 868 3 8388608 2.000000000 1
580 272 3 8388608 2.000000000 1
272 972 3 8388608 2.000000000 1
76 140 3 8388608 2.000000000 1
520 756 3 8388608 2.000000000 1
756 20 3 8388608 2.000000000 1
1056 1208 3 8388608 2.000000000 1
264 1092 3 8388608 2.000000000 1
1192 776 3 8388608 2.000000000 1
924 580 3 8388608 2.000000000 1
1176 1036 3 8388608 2.000000000 1
264 1096 3 8388608 2.000000000 1
224 140 3 8388608 2.000000000 1
1192 292 3 8388608 2.000000000 1
1096 40 3 8388608 2.000000000 1
388 488 3 8388608 2.000000000 1
488 440 3 8388608 2.000000000 1
520 196 3 8388608 2.000000000 1
908 96 3 8388608 2.000000000 1
568 980 3 8388608 2.000000000 1
8 272 3 8388608 2.000000000 1
1004 144 3 8388608 2.000000000 1
888 924 3 8388608 2.000000000 1
1040 680 3 8388608 2.000000000 1
972 552 3 8388608 2.000000000 1
1244 1036 3 8388608 2.000000000 1
364 20 3 8388608 2.000000000 1
328 768 3 8388608 2.000000000 1
684 972 3 8388608 2.000000000 1
612 600 3 8388608 2.000000000 1
380 196 3 8388608 2.000000000 1
984 76 3 8388608 2.000000000 1
764 1004 3 8388608 2.000000000 1
160 292 3 8388608 2.000000000 1
772 1148 3 8388608 2.000000000 1
96 1012 3 8388608 2.000000000 1
980 844 3 8388608 2.000000000 1
332 292 3 8388608 2.000000000 1
768 264 3 8388608 2.000000000 1
580 1116 3 8388608 2.000000000 1
96 868 3 8388608 2.000000000 1
884 1116 3 8388608 2.000000000 1
1092 332 3 8388608 2.000000000 1
924 1092 3 8388608 2.000000000 1
984 980 3 8388608 2.000000000 1
1116 908 3 8388608 2.000000000 1
296 1056 3 8388608 2.000000000 1
552 908 3 8388608 2.000000000 1
520 568 3 8388608 2.000000000 1
884 972 3 8388608 2.000000000 1
552 364 3 8388608 2.000000000 1
488 1192 3 8388608 2.000000000 1
568 908 3 8388608 2.000000000 1
972 364 3 8388608 2.000000000 1
20 1176 3 8388608 2.000000000 1
888 544 3 8388608 2.000000000 1
600 1056 3 8388608 2.000000000 1
776 868 3 8388608 2.000000000 1
1244 1148 3 8388608 2.000000000 1
1004 40 3 8388608 2.000000000 1
364 600 3 8388608 2.000000000 1
20 1272 3 8388608 2.000000000 1
924 488 3 8388608 2.000000000 1
772 140 3 8388608 2.000000000 1
888 764 3 8388608 2.000000000 1
756 388 3 8388608 2.000000000 1
488 776 3 8388608 2.000000000 1
0 208 3 8192 2.000000000 2
0 208 3 8192 2.000000000 2
0 208 3 8192 2.000000000 2
0 208 3 8192 2.000000000 2
0 208 3 8192 2.000000000 2
0 208 3 8192 2.000000000 2
0 208 3 8192 2.000000000 2
0 208 3 8192 2.000000000 2
0 268 3 8192 2.000000000 2
0 268 3 8192 2.000000000 2
0 268 3 8192 2.000000000 2
0 268 3 8192 2.000000000 2
0 268 3 8192 2.000000000 2
0 268 3 8192 2.000000000 2
0 268 3 8192 2.000000000 2
0 268 3 8192 2.000000000 2
0 464 3 8192 2.000000000 2
0 464 3 8192 2.000000000 2
0 464 3 8192 2.000000000 2
0 464 3 8192 2.000000000 2
0 464 3 8192 2.000000000 2
0 464 3 8192 2.000000000 2
0 464 3 8192 2.000000000 2
0 464 3 8192 2.000000000 2
0 820 3 8192 2.000000000 2
0 820 3 8192 2.000000000 2
0 820 3 8192 2.000000000 2
0 820 3 8192 2.000000000 2
0 820 3 8192 2.000000000 2
0 820 3 8192 2.000000000 2
0 820 3 8192 2.000000000 2
0 820 3 8192 2.000000000 2
0 904 3 8192 2.000000000 2
0 904 3 8192 2.000000000 2
0 904 3 8192 2.000000000 2
0 904 3 8192 2.000000000 2
0 904 3 8192 2.000000000 2
0 904 3 8192 2.000000000 2
0 904 3 8192 2.000000000 2
0 904 3 8192 2.000000000 2
0 1020 3 8192 2.000000000 2
0 1020 3 8192 2.000000000 2
0 1020 3 8192 2.000000000 2
0 1020 3 8192 2.000000000 2
0 1020 3 8192 2.000000000 2
0 1020 3 8192 2.000000000 2
0 1020 3 8192 2.000000000 2
0 1020 3 8192 2.000000000 2
0 1048 3 8192 2.000000000 2
0 1048 3 8192 2.000000000 2
0 1048 3 8192 2.000000000 2
0 1048 3 8192 2.000000000 2
0 1048 3 8192 2.000000000 2
0 1048 3 8192 2.000000000 2
0 1048 3 8192 2.000000000 2
0 1048 3 8192 2.000000000 2
0 1224 3 8192 2.000000000 2
0 1224 3 8192 2.000000000 2
0 1224 3 8192 2.000000000 2
0 1224 3 8192 2.000000000 2
0 1224 3 8192 2.000000000 2
0 1224 3 8192 2.000000000 2
0 1224 3 8192 2.000000000 2
0 1224 3 8192 2.000000000 2
4 36 3 8192 2.000000000 2
4 36 3 8192 2.000000000 2
4 36 3 8192 2.000000000 2
4 36 3 8192 2.000000000 2
4 36 3 8192 2.000000000 2
4 36 3 8192 2.000000000 2
4 36 3 8192 2.000000000 2
4 36 3 8192 2.000000000 2
4 108 3 8192 2.000000000 2
4 108 3 8192 2.000000000 2
4 108 3 8192 2.000000000 2
4 108 3 8192 2.000000000 2
4 108 3 8192 2.000000000 2
4 108 3 8192 2.000000000 2
4 108 3 8192 2.000000000 2
4 108 3 8192 2.000000000 2
4 616 3 8192 2.000000000 2
4 616 3 8192 2.000000000 2
4 616 3 8192 2.000000000 2
4 616 3 8192 2.000000000 2
4 616 3 8192 2.000000000 2
4 616 3 8192 2.000000000 2
4 616 3 8192 2.000000000 2
4 616 3 8192 2.000000000 2
4 744 3 8192 2.000000000 2
4 744 3 8192 2.000000000 2
4 744 3 8192 2.000000000 2
4 744 3 8192 2.000000000 2
4 744 3 8192 2.000000000 2
4 744 3 8192 2.000000000 2
4 744 3 8192 2.000000000 2
4 744 3 8192 2.000000000 2
4 788 3 8192 2.000000000 2
4 788 3 8192 2.000000000 2
4 788 3 8192 2.000000000 2
4 788 3 8192 2.000000000 2
4 788 3 8192 2.000000000 2
4 788 3 8192 2.000000000 2
4 788 3 8192 2.000000000 2
4 788 3 8192 2.000000000 2
4 832 3 8192 2.000000000 2
4 832 3 8192 2.000000000 2
4 832 3 8192 2.000000000 2
4 832 3 8192 2.000000000 2
4 832 3 8192 2.000000000 2
4 832 3 8192 2.000000000 2
4 832 3 8192 2.000000000 2
4 832 3 8192 2.000000000 2
4 1120 3 8192 2.000000000 2
4 1120 3 8192 2.000000000 2
4 1120 3 8192 2.000000000 2
4 1120 3 8192 2.000000000 2
4 1120 3 8192 2.000000000 2
4 1120 3 8192 2.000000000 2
4 1120 3 8192 2.000000000 2
4 1120 3 8192 2.000000000 2
4 1156 3 8192 2.000000000 2
4 1156 3 8192 2.000000000 2
4 1156 3 8192 2.000000000 2
4 1156 3 8192 2.000000000 2
4 1156 3 8192 2.000000000 2
4 1156 3 8192 2.000000000 2
4 1156 3 8192 2.000000000 2
4 1156 3 8192 2.000000000 2
12 116 3 8192 2.000000000 2
12 116 3 8192 2.000000000 2
12 116 3 8192 2.000000000 2
12 116 3 8192 2.000000000 2
12 116 3 8192 2.000000000 2
12 116 3 8192 2.000000000 2
12 116 3 8192 2.000000000 2
12 116 3 8192 2.000000000 2
12 124 3 8192 2.000000000 2
12 124 3 8192 2.000000000 2
12 124 3 8192 2.000000000 2
12 124 3 8192 2.000000000 2
12 124 3 8192 2.000000000 2
12 124 3 8192 2.000000000 2
12 124 3 8192 2.000000000 2
12 124 3 8192 2.000000000 2
12 132 3 8192 2.000000000 2
12 132 3 8192 2.000000000 2
12 132 3 8192 2.000000000 2
12 132 3 8192 2.000000000 2
12 132 3 8192 2.000000000 2
12 132 3 8192 2.000000000 2
12 132 3 8192 2.000000000 2
12 132 3 8192 2.000000000 2
12 432 3 8192 2.000000000 2
12 432 3 8192 2.000000000 2
12 432 3 8192 2.000000000 2
12 432 3 8192 2.000000000 2
12 432 3 8192 2.000000000 2
12 432 3 8192 2.000000000 2
12 432 3 8192 2.000000000 2
12 432 3 8192 2.000000000 2
12 464 3 8192 2.000000000 2
12 464 3 8192 2.000000000 2
12 464 3 8192 2.000000000 2
12 464 3 8192 2.000000000 2
12 464 3 8192 2.000000000 2
12 464 3 8192 2.000000000 2
12 464 3 8192 2.000000000 2
12 464 3 8192 2.000000000 2
12 596 3 8192 2.000000000 2
12 596 3 8192 2.000000000 2
12 596 3 8192 2.000000000 2
12 596 3 8192 2.000000000 2
12 596 3 8192 2.000000000 2
12 596 3 8192 2.000000000 2
12 596 3 8192 2.000000000 2
12 596 3 8192 2.000000000 2
12 820 3 8192 2.000000000 2
12 820 3 8192 2.000000000 2
12 820 3 8192 2.000000000 2
12 820 3 8192 2.000000000 2
12 820 3 8192 2.000000000 2
12 820 3 8192 2.000000000 2
12 820 3 8192 2.000000000 2
12 820 3 8192 2.000000000 2
12 1080 3 8192 2.000000000 2
12 1080 3 8192 2.000000000 2
12 1080 3 8192 2.000000000 2
12 1080 3 8192 2.000000000 2
12 1080 3 8192 2.000000000 2
12 1080 3 8192 2.000000000 2
12 1080 3 8192 2.000000000 2
12 1080 3 8192 2.000000000 2
16 164 3 8192 2.000000000 2
16 164 3 8192 2.000000000 2
16 164 3 8192 2.000000000 2
16 164 3 8192 2.000000000 2
16 164 3 8192 2.000000000 2
16 164 3 8192 2.000000000 2
16 164 3 8192 2.000000000 2
16 164 3 8192 2.000000000 2
16 200 3 8192 2.000000000 2
16 200 3 8192 2.000000000 2
16 200 3 8192 2.000000000 2
16 200 3 8192 2.000000000 2
16 200 3 8192 2.000000000 2
16 200 3 8192 2.000000000 2
16 200 3 8192 2.000000000 2
16 200 3 8192 2.000000000 2
16 400 3 8192 2.000000000 2
16 400 3 8192 2.000000000 2
16 400 3 8192 2.000000000 2
16 400 3 8192 2.000000000 2
16 400 3 8192 2.000000000 2
16 400 3 8192 2.000000000 2
16 400 3 8192 2.000000000 2
16 400 3 8192 2.000000000 2
16 464 3 8192 2.000000000 2
16 464 3 8192 2.000000000 2
16 464 3 8192 2.000000000 2
16 464 3 8192 2.000000000 2
16 464 3 8192 2.000000000 2
16 464 3 8192 2.000000000 2
16 464 3 8192 2.000000000 2
16 464 3 8192 2.000000000 2
16 572 3 8192 2.000000000 2
16 572 3 8192 2.000000000 2
16 572 3 8192 2.000000000 2
16 572 3 8192 2.000000000 2
16 572 3 8192 2.000000000 2
16 572 3 8192 2.000000000 2
16 572 3 8192 2.000000000 2
16 572 3 8192 2.000000000 2
16 956 3 8192 2.000000000 2
16 956 3 8192 2.000000000 2
16 956 3 8192 2.000000000 2
16 956 3 8192 2.000000000 2
16 956 3 8192 2.000000000 2
16 956 3 8192 2.000000000 2
16 956 3 8192 2.000000000 2
16 956 3 8192 2.000000000 2
16 1064 3 8192 2.000000000 2
16 1064 3 8192 2.000000000 2
16 1064 3 8192 2.000000000 2
16 1064 3 8192 2.000000000 2
16 1064 3 8192 2.000000000 2
16 1064 3 8192 2.000000000 2
16 1064 3 8192 2.000000000 2
16 1064 3 8192 2.000000000 2
16 1144 3 8192 2.000000000 2
16 1144 3 8192 2.000000000 2
16 1144 3 8192 2.000000000 2
16 1144 3 8192 2.000000000 2
16 1144 3 8192 2.000000000 2
16 1144 3 8192 2.000000000 2
16 1144 3 8192 2.000000000 2
16 1144 3 8192 2.000000000 2
24 56 3 8192 2.000000000 2
24 56 3 8192 2.000000000 2
24 56 3 8192 2.000000000 2
24 56 3 8192 2.000000000 2
24 56 3 8192 2.000000000 2
24 56 3 8192 2.000000000 2
24 56 3 8192 2.000000000 2
24 56 3 8192 2.000000000 2
24 184 3 8192 2.000000000 2
24 184 3 8192 2.000000000 2
24 184 3 8192 2.000000000 2
24 184 3 8192 2.000000000 2
24 184 3 8192 2.000000000 2
24 184 3 8192 2.000000000 2
24 184 3 8192 2.000000000 2
24 184 3 8192 2.000000000 2
24 564 3 8192 2.000000000 2
24 564 3 8192 2.000000000 2
24 564 3 8192 2.000000000 2
24 564 3 8192 2.000000000 2
24 564 3 8192 2.000000000 2
24 564 3 8192 2.000000000 2
24 564 3 8192 2.000000000 2
24 564 3 8192 2.000000000 2
24 652 3 8192 2.000000000 2
24 652 3 8192 2.000000000 2
24 652 3 8192 2.000000000 2
24 652 3 8192 2.000000000 2
24 652 3 8192 2.000000000 2
24 652 3 8192 2.000000000 2
24 652 3 8192 2.000000000 2
24 652 3 8192 2.000000000 2
24 752 3 8192 2.000000000 2
24 752 3 8192 2.000000000 2
24 752 3 8192 2.000000000 2
24 752 3 8192 2.000000000 2
24 752 3 8192 2.000000000 2
24 752 3 8192 2.000000000 2
24 752 3 8192 2.000000000 2
24 752 3 8192 2.000000000 2
24 800 3 8192 2.000000000 2
24 800 3 8192 2.000000000 2
24 800 3 8192 2.000000000 2
24 800 3 8192 2.000000000 2
24 800 3 8192 2.000000000 2
24 800 3 8192 2.000000000 2
24 800 3 8192 2.000000000 2
24 800 3 8192 2.000000000 2
24 1232 3 8192 2.000000000 2
24 1232 3 8192 2.000000000 2
24 1232 3 8192 2.000000000 2
24 1232 3 8192 2.000000000 2
24 1232 3 8192 2.000000000 2
24 1232 3 8192 2.000000000 2
24 1232 3 8192 2.000000000 2
24 1232 3 8192 2.000000000 2
24 1264 3 8192 2.000000000 2
24 1264 3 8192 2.000000000 2
24 1264 3 8192 2.000000000 2
24 1264 3 8192 2.000000000 2
24 1264 3 8192 2.000000000 2
24 1264 3 8192 2.000000000 2
24 1264 3 8192 2.000000000 2
24 1264 3 8192 2.000000000 2
28 108 3 8192 2.000000000 2
28 108 3 8192 2.000000000 2
28 108 3 8192 2.000000000 2
28 108 3 8192 2.000000000 2
28 108 3 8192 2.000000000 2
28 108 3 8192 2.000000000 2
28 108 3 8192 2.000000000 2
28 108 3 8192 2.000000000 2
28 436 3 8192 2.000000000 2
28 436 3 8192 2.000000000 2
28 436 3 8192 2.000000000 2
28 436 3 8192 2.000000000 2
28 436 3 8192 2.000000000 2
28 436 3 8192 2.000000000 2
28 436 3 8192 2.000000000 2
28 436 3 8192 2.000000000 2
28 712 3 8192 2.000000000 2
28 712 3 8192 2.000000000 2
28 712 3 8192 2.000000000 2
28 712 3 8192 2.000000000 2
28 712 3 8192 2.000000000 2
28 712 3 8192 2.000000000 2
28 712 3 8192 2.000000000 2
28 712 3 8192 2.000000000 2
28 744 3 8192 2.000000000 2
28 744 3 8192 2.000000000 2
28 744 3 8192 2.000000000 2
28 744 3 8192 2.000000000 2
28 744 3 8192 2.000000000 2
28 744 3 8192 2.000000000 2
28 744 3 8192 2.000000000 2
28 744 3 8192 2.000000000 2
28 780 3 8192 2.000000000 2
28 780 3 8192 2.000000000 2
28 780 3 8192 2.000000000 2
28 780 3 8192 2.000000000 2
28 780 3 8192 2.000000000 2
28 780 3 8192 2.000000000 2
28 780 3 8192 2.000000000 2
28 780 3 8192 2.000000000 2
28 852 3 8192 2.000000000 2
28 852 3 8192 2.000000000 2
28 852 3 8192 2.000000000 2
28 852 3 8192 2.000000000 2
28 852 3 8192 2.000000000 2
28 852 3 8192 2.000000000 2
28 852 3 8192 2.000000000 2
28 852 3 8192 2.000000000 2
28 892 3 8192 2.000000000 2
28 892 3 8192 2.000000000 2
28 892 3 8192 2.000000000 2
28 892 3 8192 2.000000000 2
28 892 3 8192 2.000000000 2
28 892 3 8192 2.000000000 2
28 892 3 8192 2.000000000 2
28 892 3 8192 2.000000000 2
28 1060 3 8192 2.000000000 2
28 1060 3 8192 2.000000000 2
28 1060 3 8192 2.000000000 2
28 1060 3 8192 2.000000000 2
28 1060 3 8192 2.000000000 2
28 1060 3 8192 2.000000000 2
28 1060 3 8192 2.000000000 2
28 1060 3 8192 2.000000000 2
32 36 3 8192 2.000000000 2
32 36 3 8192 2.000000000 2
32 36 3 8192 2.000000000 2
32 36 3 8192 2.000000000 2
32 36 3 8192 2.000000000 2
32 36 3 8192 2.000000000 2
32 36 3 8192 2.000000000 2
32 36 3 8192 2.000000000 2
32 128 3 8192 2.000000000 2
32 128 3 8192 2.000000000 2
32 128 3 8192 2.000000000 2
32 128 3 8192 2.000000000 2
32 128 3 8192 2.000000000 2
32 128 3 8192 2.000000000 2
32 128 3 8192 2.000000000 2
32 128 3 8192 2.000000000 2
32 172 3 8192 2.000000000 2
32 172 3 8192 2.000000000 2
32 172 3 8192 2.000000000 2
32 172 3 8192 2.000000000 2
32 172 3 8192 2.000000000 2
32 172 3 8192 2.000000000 2
32 172 3 8192 2.000000000 2
32 172 3 8192 2.000000000 2
32 280 3 8192 2.000000000 2
32 280 3 8192 2.000000000 2
32 280 3 8192 2.000000000 2
32 280 3 8192 2.000000000 2
32 280 3 8192 2.000000000 2
32 280 3 8192 2.000000000 2
32 280 3 8192 2.000000000 2
32 280 3 8192 2.000000000 2
32 416 3 8192 2.000000000 2
32 416 3 8192 2.000000000 2
32 416 3 8192 2.000000000 2
32 416 3 8192 2.000000000 2
32 416 3 8192 2.000000000 2
32 416 3 8192 2.000000000 2
32 416 3 8192 2.000000000 2
32 416 3 8192 2.000000000 2
32 848 3 8192 2.000000000 2
32 848 3 8192 2.000000000 2
32 848 3 8192 2.000000000 2
32 848 3 8192 2.000000000 2
32 848 3 8192 2.000000000 2
32 848 3 8192 2.000000000 2
32 848 3 8192 2.000000000 2
32 848 3 8192 2.000000000 2
32 852 3 8192 2.000000000 2
32 852 3 8192 2.000000000 2
32 852 3 8192 2.000000000 2
32 852 3 8192 2.000000000 2
32 852 3 8192 2.000000000 2
32 852 3 8192 2.000000000 2
32 852 3 8192 2.000000000 2
32 852 3 8192 2.000000000 2
32 1104 3 8192 2.000000000 2
32 1104 3 8192 2.000000000 2
32 1104 3 8192 2.000000000 2
32 1104 3 8192 2.000000000 2
32 1104 3 8192 2.000000000 2
32 1104 3 8192 2.000000000 2
32 1104 3 8192 2.000000000 2
32 1104 3 8192 2.000000000 2
36 120 3 8192 2.000000000 2
36 120 3 8192 2.000000000 2
36 120 3 8192 2.000000000 2
36 120 3 8192 2.000000000 2
36 120 3 8192 2.000000000 2
36 120 3 8192 2.000000000 2
36 120 3 8192 2.000000000 2
36 120 3 8192 2.000000000 2
36 164 3 8192 2.000000000 2
36 164 3 8192 2.000000000 2
36 164 3 8192 2.000000000 2
36 164 3 8192 2.000000000 2
36 164 3 8192 2.000000000 2
36 164 3 8192 2.000000000 2
36 164 3 8192 2.000000000 2
36 164 3 8192 2.000000000 2
36 240 3 8192 2.000000000 2
36 240 3 8192 2.000000000 2
36 240 3 8192 2.000000000 2
36 240 3 8192 2.000000000 2
36 240 3 8192 2.000000000 2
36 240 3 8192 2.000000000 2
36 240 3 8192 2.000000000 2
36 240 3 8192 2.000000000 2
36 532 3 8192 2.000000000 2
36 532 3 8192 2.000000000 2
36 532 3 8192 2.000000000 2
36 532 3 8192 2.000000000 2
36 532 3 8192 2.000000000 2
36 532 3 8192 2.000000000 2
36 532 3 8192 2.000000000 2
36 532 3 8192 2.000000000 2
36 540 3 8192 2.000000000 2
36 540 3 8192 2.000000000 2
36 540 3 8192 2.000000000 2
36 540 3 8192 2.000000000 2
36 540 3 8192 2.000000000 2
36 540 3 8192 2.000000000 2
36 540 3 8192 2.000000000 2
36 540 3 8192 2.000000000 2
36 676 3 8192 2.000000000 2
36 676 3 8192 2.000000000 2
36 676 3 8192 2.000000000 2
36 676 3 8192 2.000000000 2
36 676 3 8192 2.000000000 2
36 676 3 8192 2.000000000 2
36 676 3 8192 2.000000000 2
36 676 3 8192 2.000000000 2
36 848 3 8192 2.000000000 2
36 848 3 8192 2.000000000 2
36 848 3 8192 2.000000000 2
36 848 3 8192 2.000000000 2
36 848 3 8192 2.000000000 2
36 848 3 8192 2.000000000 2
36 848 3 8192 2.000000000 2
36 848 3 8192 2.000000000 2
36 988 3 8192 2.000000000 2
36 988 3 8192 2.000000000 2
36 988 3 8192 2.000000000 2
36 988 3 8192 2.000000000 2
36 988 3 8192 2.000000000 2
36 988 3 8192 2.000000000 2
36 988 3 8192 2.000000000 2
36 988 3 8192 2.000000000 2
44 64 3 8192 2.000000000 2
44 64 3 8192 2.000000000 2
44 64 3 8192 2.000000000 2
44 64 3 8192 2.000000000 2
44 64 3 8192 2.000000000 2
44 64 3 8192 2.000000000 2
44 64 3 8192 2.000000000 2
44 64 3 8192 2.000000000 2
44 136 3 8192 2.000000000 2
44 136 3 8192 2.000000000 2
44 136 3 8192 2.000000000 2
44 136 3 8192 2.000000000 2
44 136 3 8192 2.000000000 2
44 136 3 8192 2.000000000 2
44 136 3 8192 2.000000000 2
44 136 3 8192 2.000000000 2
44 372 3 8192 2.000000000 2
44 372 3 8192 2.000000000 2
44 372 3 8192 2.000000000 2
44 372 3 8192 2.000000000 2
44 372 3 8192 2.000000000 2
44 372 3 8192 2.000000000 2
44 372 3 8192 2.000000000 2
44 372 3 8192 2.000000000 2
44 408 3 8192 2.000000000 2
44 408 3 8192 2.000000000 2
44 408 3 8192 2.000000000 2
44 408 3 8192 2.000000000 2
44 408 3 8192 2.000000000 2
44 408 3 8192 2.000000000 2
44 408 3 8192 2.000000000 2
44 408 3 8192 2.000000000 2
44 896 3 8192 2.000000000 2
44 896 3 8192 2.000000000 2
44 896 3 8192 2.000000000 2
44 896 3 8192 2.000000000 2
44 896 3 8192 2.000000000 2
44 896 3 8192 2.000000000 2
44 896 3 8192 2.000000000 2
44 896 3 8192 2.000000000 2
44 1008 3 8192 2.000000000 2
44 1008 3 8192 2.000000000 2
44 1008 3 8192 2.000000000 2
44 1008 3 8192 2.000000000 2
44 1008 3 8192 2.000000000 2
44 1008 3 8192 2.000000000 2
44 1008 3 8192 2.000000000 2
44 1008 3 8192 2.000000000 2
44 1156 3 8192 2.000000000 2
44 1156 3 8192 2.000000000 2
44 1156 3 8192 2.000000000 2
44 1156 3 8192 2.000000000 2
44 1156 3 8192 2.000000000 2
44 1156 3 8192 2.000000000 2
44 1156 3 8192 2.000000000 2
44 1156 3 8192 2.000000000 2
44 1204 3 8192 2.000000000 2
44 1204 3 8192 2.000000000 2
44 1204 3 8192 2.000000000 2
44 1204 3 8192 2.000000000 2
44 1204 3 8192 2.000000000 2
44 1204 3 8192 2.000000000 2
44 1204 3 8192 2.000000000 2
44 1204 3 8192 2.000000000 2
48 108 3 8192 2.000000000 2
48 108 3 8192 2.000000000 2
48 108 3 8192 2.000000000 2
48 108 3 8192 2.000000000 2
48 108 3 8192 2.000000000 2
48 108 3 8192 2.000000000 2
48 108 3 8192 2.000000000 2
48 108 3 8192 2.000000000 2
48 316 3 8192 2.000000000 2
48 316 3 8192 2.000000000 2
48 316 3 8192 2.000000000 2
48 316 3 8192 2.000000000 2
48 316 3 8192 2.000000000 2
48 316 3 8192 2.000000000 2
48 316 3 8192 2.000000000 2
48 316 3 8192 2.000000000 2
48 436 3 8192 2.000000000 2
48 436 3 8192 2.000000000 2
48 436 3 8192 2.000000000 2
48 436 3 8192 2.000000000 2
48 436 3 8192 2.000000000 2
48 436 3 8192 2.000000000 2
48 436 3 8192 2.000000000 2
48 436 3 8192 2.000000000 2
48 832 3 8192 2.000000000 2
48 832 3 8192 2.000000000 2
48 832 3 8192 2.000000000 2
48 832 3 8192 2.000000000 2
48 832 3 8192 2.000000000 2
48 832 3 8192 2.000000000 2
48 832 3 8192 2.000000000 2
48 832 3 8192 2.000000000 2
48 872 3 8192 2.000000000 2
48 872 3 8192 2.000000000 2
48 872 3 8192 2.000000000 2
48 872 3 8192 2.000000000 2
48 872 3 8192 2.000000000 2
48 872 3 8192 2.000000000 2
48 872 3 8192 2.000000000 2
48 872 3 8192 2.000000000 2
48 892 3 8192 2.000000000 2
48 892 3 8192 2.000000000 2
48 892 3 8192 2.000000000 2
48 892 3 8192 2.000000000 2
48 892 3 8192 2.000000000 2
48 892 3 8192 2.000000000 2
48 892 3 8192 2.000000000 2
48 892 3 8192 2.000000000 2
48 1144 3 8192 2.000000000 2
48 1144 3 8192 2.000000000 2
48 1144 3 8192 2.000000000 2
48 1144 3 8192 2.000000000 2
48 1144 3 8192 2.000000000 2
48 1144 3 8192 2.000000000 2
48 1144 3 8192 2.000000000 2
48 1144 3 8192 2.000000000 2
48 1180 3 8192 2.000000000 2
48 1180 3 8192 2.000000000 2
48 1180 3 8192 2.000000000 2
48 1180 3 8192 2.000000000 2
48 1180 3 8192 2.000000000 2
48 1180 3 8192 2.000000000 2
48 1180 3 8192 2.000000000 2
48 1180 3 8192 2.000000000 2
52 48 3 8192 2.000000000 2
52 48 3 8192 2.000000000 2
52 48 3 8192 2.000000000 2
52 48 3 8192 2.000000000 2
52 48 3 8192 2.000000000 2
52 48 3 8192 2.000000000 2
52 48 3 8192 2.000000000 2
52 48 3 8192 2.000000000 2
52 104 3 8192 2.000000000 2
52 104 3 8192 2.000000000 2
52 104 3 8192 2.000000000 2
52 104 3 8192 2.000000000 2
52 104 3 8192 2.000000000 2
52 104 3 8192 2.000000000 2
52 104 3 8192 2.000000000 2
52 104 3 8192 2.000000000 2
52 108 3 8192 2.000000000 2
52 108 3 8192 2.000000000 2
52 108 3 8192 2.000000000 2
52 108 3 8192 2.000000000 2
52 108 3 8192 2.000000000 2
52 108 3 8192 2.000000000 2
52 108 3 8192 2.000000000 2
52 108 3 8192 2.000000000 2
52 372 3 8192 2.000000000 2
52 372 3 8192 2.000000000 2
52 372 3 8192 2.000000000 2
52 372 3 8192 2.000000000 2
52 372 3 8192 2.000000000 2
52 372 3 8192 2.000000000 2
52 372 3 8192 2.000000000 2
52 372 3 8192 2.000000000 2
52 812 3 8192 2.000000000 2
52 812 3 8192 2.000000000 2
52 812 3 8192 2.000000000 2
52 812 3 8192 2.000000000 2
52 812 3 8192 2.000000000 2
52 812 3 8192 2.000000000 2
52 812 3 8192 2.000000000 2
52 812 3 8192 2.000000000 2
52 816 3 8192 2.000000000 2
52 816 3 8192 2.000000000 2
52 816 3 8192 2.000000000 2
52 816 3 8192 2.000000000 2
52 816 3 8192 2.000000000 2
52 816 3 8192 2.000000000 2
52 816 3 8192 2.000000000 2
52 816 3 8192 2.000000000 2
52 928 3 8192 2.000000000 2
52 928 3 8192 2.000000000 2
52 928 3 8192 2.000000000 2
52 928 3 8192 2.000000000 2
52 928 3 8192 2.000000000 2
52 928 3 8192 2.000000000 2
52 928 3 8192 2.000000000 2
52 928 3 8192 2.000000000 2
52 992 3 8192 2.000000000 2
52 992 3 8192 2.000000000 2
52 992 3 8192 2.000000000 2
52 992 3 8192 2.000000000 2
52 992 3 8192 2.000000000 2
52 992 3 8192 2.000000000 2
52 992 3 8192 2.000000000 2
52 992 3 8192 2.000000000 2
56 60 3 8192 2.000000000 2
56 60 3 8192 2.000000000 2
56 60 3 8192 2.000000000 2
56 60 3 8192 2.000000000 2
56 60 3 8192 2.000000000 2
56 60 3 8192 2.000000000 2
56 60 3 8192 2.000000000 2
56 60 3 8192 2.000000000 2
56 120 3 8192 2.000000000 2
56 120 3 8192 2.000000000 2
56 120 3 8192 2.000000000 2
56 120 3 8192 2.000000000 2
56 120 3 8192 2.000000000 2
56 120 3 8192 2.000000000 2
56 120 3 8192 2.000000000 2
56 120 3 8192 2.000000000 2
56 156 3 8192 2.000000000 2
56 156 3 8192 2.000000000 2
56 156 3 8192 2.000000000 2
56 156 3 8192 2.000000000 2
56 156 3 8192 2.000000000 2
56 156 3 8192 2.000000000 2
56 156 3 8192 2.000000000 2
56 156 3 8192 2.000000000 2
56 392 3 8192 2.000000000 2
56 392 3 8192 2.000000000 2
56 392 3 8192 2.000000000 2
56 392 3 8192 2.000000000 2
56 392 3 8192 2.000000000 2
56 392 3 8192 2.000000000 2
56 392 3 8192 2.000000000 2
56 392 3 8192 2.000000000 2
56 740 3 8192 2.000000000 2
56 740 3 8192 2.000000000 2
56 740 3 8192 2.000000000 2
56 740 3 8192 2.000000000 2
56 740 3 8192 2.000000000 2
56 740 3 8192 2.000000000 2
56 740 3 8192 2.000000000 2
56 740 3 8192 2.000000000 2
56 856 3 8192 2.000000000 2
56 856 3 8192 2.000000000 2
56 856 3 8192 2.000000000 2
56 856 3 8192 2.000000000 2
56 856 3 8192 2.000000000 2
56 856 3 8192 2.000000000 2
56 856 3 8192 2.000000000 2
56 856 3 8192 2.000000000 2
56 896 3 8192 2.000000000 2
56 896 3 8192 2.000000000 2
56 896 3 8192 2.000000000 2
56 896 3 8192 2.000000000 2
56 896 3 8192 2.000000000 2
56 896 3 8192 2.000000000 2
56 896 3 8192 2.000000000 2
56 896 3 8192 2.000000000 2
56 1104 3 8192 2.000000000 2
56 1104 3 8192 2.000000000 2
56 1104 3 8192 2.000000000 2
56 1104 3 8192 2.000000000 2
56 1104 3 8192 2.000000000 2
56 1104 3 8192 2.000000000 2
56 1104 3 8192 2.000000000 2
56 1104 3 8192 2.000000000 2
60 72 3 8192 2.000000000 2
60 72 3 8192 2.000000000 2
60 72 3 8192 2.000000000 2
60 72 3 8192 2.000000000 2
60 72 3 8192 2.000000000 2
60 72 3 8192 2.000000000 2
60 72 3 8192 2.000000000 2
60 72 3 8192 2.000000000 2
60 176 3 8192 2.000000000 2
60 176 3 8192 2.000000000 2
60 176 3 8192 2.000000000 2
60 176 3 8192 2.000000000 2
60 176 3 8192 2.000000000 2
60 176 3 8192 2.000000000 2
60 176 3 8192 2.000000000 2
60 176 3 8192 2.000000000 2
60 244 3 8192 2.000000000 2
60 244 3 8192 2.000000000 2
60 244 3 8192 2.000000000 2
60 244 3 8192 2.000000000 2
60 244 3 8192 2.000000000 2
60 244 3 8192 2.000000000 2
60 244 3 8192 2.000000000 2
60 244 3 8192 2.000000000 2
60 624 3 8192 2.000000000 2
60 624 3 8192 2.000000000 2
60 624 3 8192 2.000000000 2
60 624 3 8192 2.000000000 2
60 624 3 8192 2.000000000 2
60 624 3 8192 2.000000000 2
60 624 3 8192 2.000000000 2
60 624 3 8192 2.000000000 2
60 640 3 8192 2.000000000 2
60 640 3 8192 2.000000000 2
60 640 3 8192 2.000000000 2
60 640 3 8192 2.000000000 2
60 640 3 8192 2.000000000 2
60 640 3 8192 2.000000000 2
60 640 3 8192 2.000000000 2
60 640 3 8192 2.000000000 2
60 652 3 8192 2.000000000 2
60 652 3 8192 2.000000000 2
60 652 3 8192 2.000000000 2
60 652 3 8192 2.000000000 2
60 652 3 8192 2.000000000 2
60 652 3 8192 2.000000000 2
60 652 3 8192 2.000000000 2
60 652 3 8192 2.000000000 2
60 660 3 8192 2.000000000 2
60 660 3 8192 2.000000000 2
60 660 3 8192 2.000000000 2
60 660 3 8192 2.000000000 2
60 660 3 8192 2.000000000 2
60 660 3 8192 2.000000000 2
60 660 3 8192 2.000000000 2
60 660 3 8192 2.000000000 2
60 792 3 8192 2.000000000 2
60 792 3 8192 2.000000000 2
60 792 3 8192 2.000000000 2
60 792 3 8192 2.000000000 2
60 792 3 8192 2.000000000 2
60 792 3 8192 2.000000000 2
60 792 3 8192 2.000000000 2
60 792 3 8192 2.000000000 2
64 12 3 8192 2.000000000 2
64 12 3 8192 2.000000000 2
64 12 3 8192 2.000000000 2
64 12 3 8192 2.000000000 2
64 12 3 8192 2.000000000 2
64 12 3 8192 2.000000000 2
64 12 3 8192 2.000000000 2
64 12 3 8192 2.000000000 2
64 128 3 8192 2.000000000 2
64 128 3 8192 2.000000000 2
64 128 3 8192 2.000000000 2
64 128 3 8192 2.000000000 2
64 128 3 8192 2.000000000 2
64 128 3 8192 2.000000000 2
64 128 3 8192 2.000000000 2
64 128 3 8192 2.000000000 2
64 200 3 8192 2.000000000 2
64 200 3 8192 2.000000000 2
64 200 3 8192 2.000000000 2
64 200 3 8192 2.000000000 2
64 200 3 8192 2.000000000 2
64 200 3 8192 2.000000000 2
64 200 3 8192 2.000000000 2
64 200 3 8192 2.000000000 2
64 316 3 8192 2.000000000 2
64 316 3 8192 2.000000000 2
64 316 3 8192 2.000000000 2
64 316 3 8192 2.000000000 2
64 316 3 8192 2.000000000 2
64 316 3 8192 2.000000000 2
64 316 3 8192 2.000000000 2
64 316 3 8192 2.000000000 2
64 464 3 8192 2.000000000 2
64 464 3 8192 2.000000000 2
64 464 3 8192 2.000000000 2
64 464 3 8192 2.000000000 2
64 464 3 8192 2.000000000 2
64 464 3 8192 2.000000000 2
64 464 3 8192 2.000000000 2
64 464 3 8192 2.000000000 2
64 1000 3 8192 2.000000000 2
64 1000 3 8192 2.000000000 2
64 1000 3 8192 2.000000000 2
64 1000 3 8192 2.000000000 2
64 1000 3 8192 2.000000000 2
64 1000 3 8192 2.000000000 2
64 1000 3 8192 2.000000000 2
64 1000 3 8192 2.000000000 2
64 1120 3 8192 2.000000000 2
64 1120 3 8192 2.000000000 2
64 1120 3 8192 2.000000000 2
64 1120 3 8192 2.000000000 2
64 1120 3 8192 2.000000000 2
64 1120 3 8192 2.000000000 2
64 1120 3 8192 2.000000000 2
64 1120 3 8192 2.000000000 2
64 1248 3 8192 2.000000000 2
64 1248 3 8192 2.000000000 2
64 1248 3 8192 2.000000000 2
64 1248 3 8192 2.000000000 2
64 1248 3 8192 2.000000000 2
64 1248 3 8192 2.000000000 2
64 1248 3 8192 2.000000000 2
64 1248 3 8192 2.000000000 2
68 92 3 8192 2.000000000 2
68 92 3 8192 2.000000000 2
68 92 3 8192 2.000000000 2
68 92 3 8192 2.000000000 2
68 92 3 8192 2.000000000 2
68 92 3 8192 2.000000000 2
68 92 3 8192 2.000000000 2
68 92 3 8192 2.000000000 2
68 136 3 8192 2.000000000 2
68 136 3 8192 2.000000000 2
68 136 3 8192 2.000000000 2
68 136 3 8192 2.000000000 2
68 136 3 8192 2.000000000 2
68 136 3 8192 2.000000000 2
68 136 3 8192 2.000000000 2
68 136 3 8192 2.000000000 2
68 360 3 8192 2.000000000 2
68 360 3 8192 2.000000000 2
68 360 3 8192 2.000000000 2
68 360 3 8192 2.000000000 2
68 360 3 8192 2.000000000 2
68 360 3 8192 2.000000000 2
68 360 3 8192 2.000000000 2
68 360 3 8192 2.000000000 2
68 396 3 8192 2.000000000 2
68 396 3 8192 2.000000000 2
68 396 3 8192 2.000000000 2
68 396 3 8192 2.000000000 2
68 396 3 8192 2.000000000 2
68 396 3 8192 2.000000000 2
68 396 3 8192 2.000000000 2
68 396 3 8192 2.000000000 2
68 408 3 8192 2.000000000 2
68 408 3 8192 2.000000000 2
68 408 3 8192 2.000000000 2
68 408 3 8192 2.000000000 2
68 408 3 8192 2.000000000 2
68 408 3 8192 2.000000000 2
68 408 3 8192 2.000000000 2
68 408 3 8192 2.000000000 2
68 832 3 8192 2.000000000 2
68 832 3 8192 2.000000000 2
68 832 3 8192 2.000000000 2
68 832 3 8192 2.000000000 2
68 832 3 8192 2.000000000 2
68 832 3 8192 2.000000000 2
68 832 3 8192 2.000000000 2
68 832 3 8192 2.000000000 2
68 852 3 8192 2.000000000 2
68 852 3 8192 2.000000000 2
68 852 3 8192 2.000000000 2
68 852 3 8192 2.000000000 2
68 852 3 8192 2.000000000 2
68 852 3 8192 2.000000000 2
68 852 3 8192 2.000000000 2
68 852 3 8192 2.000000000 2
68 1124 3 8192 2.000000000 2
68 1124 3 8192 2.000000000 2
68 1124 3 8192 2.000000000 2
68 1124 3 8192 2.000000000 2
68 1124 3 8192 2.000000000 2
68 1124 3 8192 2.000000000 2
68 1124 3 8192 2.000000000 2
68 1124 3 8192 2.000000000 2
72 112 3 8192 2.000000000 2
72 112 3 8192 2.000000000 2
72 112 3 8192 2.000000000 2
72 112 3 8192 2.000000000 2
72 112 3 8192 2.000000000 2
72 112 3 8192 2.000000000 2
72 112 3 8192 2.000000000 2
72 112 3 8192 2.000000000 2
72 336 3 8192 2.000000000 2
72 336 3 8192 2.000000000 2
72 336 3 8192 2.000000000 2
72 336 3 8192 2.000000000 2
72 336 3 8192 2.000000000 2
72 336 3 8192 2.000000000 2
72 336 3 8192 2.000000000 2
72 336 3 8192 2.000000000 2
72 480 3 8192 2.000000000 2
72 480 3 8192 2.000000000 2
72 480 3 8192 2.000000000 2
72 480 3 8192 2.000000000 2
72 480 3 8192 2.000000000 2
72 480 3 8192 2.000000000 2
72 480 3 8192 2.000000000 2
72 480 3 8192 2.000000000 2
72 736 3 8192 2.000000000 2
72 736 3 8192 2.000000000 2
72 736 3 8192 2.000000000 2
72 736 3 8192 2.000000000 2
72 736 3 8192 2.000000000 2
72 736 3 8192 2.000000000 2
72 736 3 8192 2.000000000 2
72 736 3 8192 2.000000000 2
72 784 3 8192 2.000000000 2
72 784 3 8192 2.000000000 2
72 784 3 8192 2.000000000 2
72 784 3 8192 2.000000000 2
72 784 3 8192 2.000000000 2
72 784 3 8192 2.000000000 2
72 784 3 8192 2.000000000 2
72 784 3 8192 2.000000000 2
72 896 3 8192 2.000000000 2
72 896 3 8192 2.000000000 2
72 896 3 8192 2.000000000 2
72 896 3 8192 2.000000000 2
72 896 3 8192 2.000000000 2
72 896 3 8192 2.000000000 2
72 896 3 8192 2.000000000 2
72 896 3 8192 2.000000000 2
72 960 3 8192 2.000000000 2
72 960 3 8192 2.000000000 2
72 960 3 8192 2.000000000 2
72 960 3 8192 2.000000000 2
72 960 3 8192 2.000000000 2
72 960 3 8192 2.000000000 2
72 960 3 8192 2.000000000 2
72 960 3 8192 2.000000000 2
72 1172 3 8192 2.000000000 2
72 1172 3 8192 2.000000000 2
72 1172 3 8192 2.000000000 2
72 1172 3 8192 2.000000000 2
72 1172 3 8192 2.000000000 2
72 1172 3 8192 2.000000000 2
72 1172 3 8192 2.000000000 2
72 1172 3 8192 2.000000000 2
80 24 3 8192 2.000000000 2
80 24 3 8192 2.000000000 2
80 24 3 8192 2.000000000 2
80 24 3 8192 2.000000000 2
80 24 3 8192 2.000000000 2
80 24 3 8192 2.000000000 2
80 24 3 8192 2.000000000 2
80 24 3 8192 2.000000000 2
80 104 3 8192 2.000000000 2
80 104 3 8192 2.000000000 2
80 104 3 8192 2.000000000 2
80 104 3 8192 2.000000000 2
80 104 3 8192 2.000000000 2
80 104 3 8192 2.000000000 2
80 104 3 8192 2.000000000 2
80 104 3 8192 2.000000000 2
80 260 3 8192 2.000000000 2
80 260 3 8192 2.000000000 2
80 260 3 8192 2.000000000 2
80 260 3 8192 2.000000000 2
80 260 3 8192 2.000000000 2
80 260 3 8192 2.000000000 2
80 260 3 8192 2.000000000 2
80 260 3 8192 2.000000000 2
80 436 3 8192 2.000000000 2
80 436 3 8192 2.000000000 2
80 436 3 8192 2.000000000 2
80 436 3 8192 2.000000000 2
80 436 3 8192 2.000000000 2
80 436 3 8192 2.000000000 2
80 436 3 8192 2.000000000 2
80 436 3 8192 2.000000000 2
80 688 3 8192 2.000000000 2
80 688 3 8192 2.000000000 2
80 688 3 8192 2.000000000 2
80 688 3 8192 2.000000000 2
80 688 3 8192 2.000000000 2
80 688 3 8192 2.000000000 2
80 688 3 8192 2.000000000 2
80 688 3 8192 2.000000000 2
80 872 3 8192 2.000000000 2
80 872 3 8192 2.000000000 2
80 872 3 8192 2.000000000 2
80 872 3 8192 2.000000000 2
80 872 3 8192 2.000000000 2
80 872 3 8192 2.000000000 2
80 872 3 8192 2.000000000 2
80 872 3 8192 2.000000000 2
80 1052 3 8192 2.000000000 2
80 1052 3 8192 2.000000000 2
80 1052 3 8192 2.000000000 2
80 1052 3 8192 2.000000000 2
80 1052 3 8192 2.000000000 2
80 1052 3 8192 2.000000000 2
80 1052 3 8192 2.000000000 2
80 1052 3 8192 2.000000000 2
80 1124 3 8192 2.000000000 2
80 1124 3 8192 2.000000000 2
80 1124 3 8192 2.000000000 2
80 1124 3 8192 2.000000000 2
80 1124 3 8192 2.000000000 2
80 1124 3 8192 2.000000000 2
80 1124 3 8192 2.000000000 2
80 1124 3 8192 2.000000000 2
88 100 3 8192 2.000000000 2
88 100 3 8192 2.000000000 2
88 100 3 8192 2.000000000 2
88 100 3 8192 2.000000000 2
88 100 3 8192 2.000000000 2
88 100 3 8192 2.000000000 2
88 100 3 8192 2.000000000 2
88 100 3 8192 2.000000000 2
88 136 3 8192 2.000000000 2
88 136 3 8192 2.000000000 2
88 136 3 8192 2.000000000 2
88 136 3 8192 2.000000000 2
88 136 3 8192 2.000000000 2
88 136 3 8192 2.000000000 2
88 136 3 8192 2.000000000 2
88 136 3 8192 2.000000000 2
88 384 3 8192 2.000000000 2
88 384 3 8192 2.000000000 2
88 384 3 8192 2.000000000 2
88 384 3 8192 2.000000000 2
88 384 3 8192 2.000000000 2
88 384 3 8192 2.000000000 2
88 384 3 8192 2.000000000 2
88 384 3 8192 2.000000000 2
88 604 3 8192 2.000000000 2
88 604 3 8192 2.000000000 2
88 604 3 8192 2.000000000 2
88 604 3 8192 2.000000000 2
88 604 3 8192 2.000000000 2
88 604 3 8192 2.000000000 2
88 604 3 8192 2.000000000 2
88 604 3 8192 2.000000000 2
88 652 3 8192 2.000000000 2
88 652 3 8192 2.000000000 2
88 652 3 8192 2.000000000 2
88 652 3 8192 2.000000000 2
88 652 3 8192 2.000000000 2
88 652 3 8192 2.000000000 2
88 652 3 8192 2.000000000 2
88 652 3 8192 2.000000000 2
88 656 3 8192 2.000000000 2
88 656 3 8192 2.000000000 2
88 656 3 8192 2.000000000 2
88 656 3 8192 2.000000000 2
88 656 3 8192 2.000000000 2
88 656 3 8192 2.000000000 2
88 656 3 8192 2.000000000 2
88 656 3 8192 2.000000000 2
88 820 3 8192 2.000000000 2
88 820 3 8192 2.000000000 2
88 820 3 8192 2.000000000 2
88 820 3 8192 2.000000000 2
88 820 3 8192 2.000000000 2
88 820 3 8192 2.000000000 2
88 820 3 8192 2.000000000 2
88 820 3 8192 2.000000000 2
88 1084 3 8192 2.000000000 2
88 1084 3 8192 2.000000000 2
88 1084 3 8192 2.000000000 2
88 1084 3 8192 2.000000000 2
88 1084 3 8192 2.000000000 2
88 1084 3 8192 2.000000000 2
88 1084 3 8192 2.000000000 2
88 1084 3 8192 2.000000000 2
92 392 3 8192 2.000000000 2
92 392 3 8192 2.000000000 2
92 392 3 8192 2.000000000 2
92 392 3 8192 2.000000000 2
92 392 3 8192 2.000000000 2
92 392 3 8192 2.000000000 2
92 392 3 8192 2.000000000 2
92 392 3 8192 2.000000000 2
92 616 3 8192 2.000000000 2
92 616 3 8192 2.000000000 2
92 616 3 8192 2.000000000 2
92 616 3 8192 2.000000000 2
92 616 3 8192 2.000000000 2
92 616 3 8192 2.000000000 2
92 616 3 8192 2.000000000 2
92 616 3 8192 2.000000000 2
92 856 3 8192 2.000000000 2
92 856 3 8192 2.000000000 2
92 856 3 8192 2.000000000 2
92 856 3 8192 2.000000000 2
92 856 3 8192 2.000000000 2
92 856 3 8192 2.000000000 2
92 856 3 8192 2.000000000 2
92 856 3 8192 2.000000000 2
92 944 3 8192 2.000000000 2
92 944 3 8192 2.000000000 2
92 944 3 8192 2.000000000 2
92 944 3 8192 2.000000000 2
92 944 3 8192 2.000000000 2
92 944 3 8192 2.000000000 2
92 944 3 8192 2.000000000 2
92 944 3 8192 2.000000000 2
92 960 3 8192 2.000000000 2
92 960 3 8192 2.000000000 2
92 960 3 8192 2.000000000 2
92 960 3 8192 2.000000000 2
92 960 3 8192 2.000000000 2
92 960 3 8192 2.000000000 2
92 960 3 8192 2.000000000 2
92 960 3 8192 2.000000000 2
92 1020 3 8192 2.000000000 2
92 1020 3 8192 2.000000000 2
92 1020 3 8192 2.000000000 2
92 1020 3 8192 2.000000000 2
92 1020 3 8192 2.000000000 2
92 1020 3 8192 2.000000000 2
92 1020 3 8192 2.000000000 2
92 1020 3 8192 2.000000000 2
92 1236 3 8192 2.000000000 2
92 1236 3 8192 2.000000000 2
92 1236 3 8192 2.000000000 2
92 1236 3 8192 2.000000000 2
92 1236 3 8192 2.000000000 2
92 1236 3 8192 2.000000000 2
92 1236 3 8192 2.000000000 2
92 1236 3 8192 2.000000000 2
92 1268 3 8192 2.000000000 2
92 1268 3 8192 2.000000000 2
92 1268 3 8192 2.000000000 2
92 1268 3 8192 2.000000000 2
92 1268 3 8192 2.000000000 2
92 1268 3 8192 2.000000000 2
92 1268 3 8192 2.000000000 2
92 1268 3 8192 2.000000000 2
100 52 3 8192 2.000000000 2
100 52 3 8192 2.000000000 2
100 52 3 8192 2.000000000 2
100 52 3 8192 2.000000000 2
100 52 3 8192 2.000000000 2
100 52 3 8192 2.000000000 2
100 52 3 8192 2.000000000 2
100 52 3 8192 2.000000000 2
100 188 3 8192 2.000000000 2
100 188 3 8192 2.000000000 2
100 188 3 8192 2.000000000 2
100 188 3 8192 2.000000000 2
100 188 3 8192 2.000000000 2
100 188 3 8192 2.000000000 2
100 188 3 8192 2.000000000 2
100 188 3 8192 2.000000000 2
100 500 3 8192 2.000000000 2
100 500 3 8192 2.000000000 2
100 500 3 8192 2.000000000 2
100 500 3 8192 2.000000000 2
100 500 3 8192 2.000000000 2
100 500 3 8192 2.000000000 2
100 500 3 8192 2.000000000 2
100 500 3 8192 2.000000000 2
100 608 3 8192 2.000000000 2
100 608 3 8192 2.000000000 2
100 608 3 8192 2.000000000 2
100 608 3 8192 2.000000000 2
100 608 3 8192 2.000000000 2
100 608 3 8192 2.000000000 2
100 608 3 8192 2.000000000 2
100 608 3 8192 2.000000000 2
100 688 3 8192 2.000000000 2
100 688 3 8192 2.000000000 2
100 688 3 8192 2.000000000 2
100 688 3 8192 2.000000000 2
100 688 3 8192 2.000000000 2
100 688 3 8192 2.000000000 2
100 688 3 8192 2.000000000 2
100 688 3 8192 2.000000000 2
100 820 3 8192 2.000000000 2
100 820 3 8192 2.000000000 2
100 820 3 8192 2.000000000 2
100 820 3 8192 2.000000000 2
100 820 3 8192 2.000000000 2
100 820 3 8192 2.000000000 2
100 820 3 8192 2.000000000 2
100 820 3 8192 2.000000000 2
100 1104 3 8192 2.000000000 2
100 1104 3 8192 2.000000000 2
100 1104 3 8192 2.000000000 2
100 1104 3 8192 2.000000000 2
100 1104 3 8192 2.000000000 2
100 1104 3 8192 2.000000000 2
100 1104 3 8192 2.000000000 2
100 1104 3 8192 2.000000000 2
100 1240 3 8192 2.000000000 2
100 1240 3 8192 2.000000000 2
100 1240 3 8192 2.000000000 2
100 1240 3 8192 2.000000000 2
100 1240 3 8192 2.000000000 2
100 1240 3 8192 2.000000000 2
100 1240 3 8192 2.000000000 2
100 1240 3 8192 2.000000000 2
104 244 3 8192 2.000000000 2
104 244 3 8192 2.000000000 2
104 244 3 8192 2.000000000 2
104 244 3 8192 2.000000000 2
104 244 3 8192 2.000000000 2
104 244 3 8192 2.000000000 2
104 244 3 8192 2.000000000 2
104 244 3 8192 2.000000000 2
104 348 3 8192 2.000000000 2
104 348 3 8192 2.000000000 2
104 348 3 8192 2.000000000 2
104 348 3 8192 2.000000000 2
104 348 3 8192 2.000000000 2
104 348 3 8192 2.000000000 2
104 348 3 8192 2.000000000 2
104 348 3 8192 2.000000000 2
104 452 3 8192 2.000000000 2
104 452 3 8192 2.000000000 2
104 452 3 8192 2.000000000 2
104 452 3 8192 2.000000000 2
104 452 3 8192 2.000000000 2
104 452 3 8192 2.000000000 2
104 452 3 8192 2.000000000 2
104 452 3 8192 2.000000000 2
104 512 3 8192 2.000000000 2
104 512 3 8192 2.000000000 2
104 512 3 8192 2.000000000 2
104 512 3 8192 2.000000000 2
104 512 3 8192 2.000000000 2
104 512 3 8192 2.000000000 2
104 512 3 8192 2.000000000 2
104 512 3 8192 2.000000000 2
104 724 3 8192 2.000000000 2
104 724 3 8192 2.000000000 2
104 724 3 8192 2.000000000 2
104 724 3 8192 2.000000000 2
104 724 3 8192 2.000000000 2
104 724 3 8192 2.000000000 2
104 724 3 8192 2.000000000 2
104 724 3 8192 2.000000000 2
104 800 3 8192 2.000000000 2
104 800 3 8192 2.000000000 2
104 800 3 8192 2.000000000 2
104 800 3 8192 2.000000000 2
104 800 3 8192 2.000000000 2
104 800 3 8192 2.000000000 2
104 800 3 8192 2.000000000 2
104 800 3 8192 2.000000000 2
104 1232 3 8192 2.000000000 2
104 1232 3 8192 2.000000000 2
104 1232 3 8192 2.000000000 2
104 1232 3 8192 2.000000000 2
104 1232 3 8192 2.000000000 2
104 1232 3 8192 2.000000000 2
104 1232 3 8192 2.000000000 2
104 1232 3 8192 2.000000000 2
104 1268 3 8192 2.000000000 2
104 1268 3 8192 2.000000000 2
104 1268 3 8192 2.000000000 2
104 1268 3 8192 2.000000000 2
104 1268 3 8192 2.000000000 2
104 1268 3 8192 2.000000000 2
104 1268 3 8192 2.000000000 2
104 1268 3 8192 2.000000000 2
108 48 3 8192 2.000000000 2
108 48 3 8192 2.000000000 2
108 48 3 8192 2.000000000 2
108 48 3 8192 2.000000000 2
108 48 3 8192 2.000000000 2
108 48 3 8192 2.000000000 2
108 48 3 8192 2.000000000 2
108 48 3 8192 2.000000000 2
108 556 3 8192 2.000000000 2
108 556 3 8192 2.000000000 2
108 556 3 8192 2.000000000 2
108 556 3 8192 2.000000000 2
108 556 3 8192 2.000000000 2
108 556 3 8192 2.000000000 2
108 556 3 8192 2.000000000 2
108 556 3 8192 2.000000000 2
108 668 3 8192 2.000000000 2
108 668 3 8192 2.000000000 2
108 668 3 8192 2.000000000 2
108 668 3 8192 2.000000000 2
108 668 3 8192 2.000000000 2
108 668 3 8192 2.000000000 2
108 668 3 8192 2.000000000 2
108 668 3 8192 2.000000000 2
108 784 3 8192 2.000000000 2
108 784 3 8192 2.000000000 2
108 784 3 8192 2.000000000 2
108 784 3 8192 2.000000000 2
108 784 3 8192 2.000000000 2
108 784 3 8192 2.000000000 2
108 784 3 8192 2.000000000 2
108 784 3 8192 2.000000000 2
108 992 3 8192 2.000000000 2
108 992 3 8192 2.000000000 2
108 992 3 8192 2.000000000 2
108 992 3 8192 2.000000000 2
108 992 3 8192 2.000000000 2
108 992 3 8192 2.000000000 2
108 992 3 8192 2.000000000 2
108 992 3 8192 2.000000000 2
108 1120 3 8192 2.000000000 2
108 1120 3 8192 2.000000000 2
108 1120 3 8192 2.000000000 2
108 1120 3 8192 2.000000000 2
108 1120 3 8192 2.000000000 2
108 1120 3 8192 2.000000000 2
108 1120 3 8192 2.000000000 2
108 1120 3 8192 2.000000000 2
108 1200 3 8192 2.000000000 2
108 1200 3 8192 2.000000000 2
108 1200 3 8192 2.000000000 2
108 1200 3 8192 2.000000000 2
108 1200 3 8192 2.000000000 2
108 1200 3 8192 2.000000000 2
108 1200 3 8192 2.000000000 2
108 1200 3 8192 2.000000000 2
108 1228 3 8192 2.000000000 2
108 1228 3 8192 2.000000000 2
108 1228 3 8192 2.000000000 2
108 1228 3 8192 2.000000000 2
108 1228 3 8192 2.000000000 2
108 1228 3 8192 2.000000000 2
108 1228 3 8192 2.000000000 2
108 1228 3 8192 2.000000000 2
112 24 3 8192 2.000000000 2
112 24 3 8192 2.000000000 2
112 24 3 8192 2.000000000 2
112 24 3 8192 2.000000000 2
112 24 3 8192 2.000000000 2
112 24 3 8192 2.000000000 2
112 24 3 8192 2.000000000 2
112 24 3 8192 2.000000000 2
112 240 3 8192 2.000000000 2
112 240 3 8192 2.000000000 2
112 240 3 8192 2.000000000 2
112 240 3 8192 2.000000000 2
112 240 3 8192 2.000000000 2
112 240 3 8192 2.000000000 2
112 240 3 8192 2.000000000 2
112 240 3 8192 2.000000000 2
112 404 3 8192 2.000000000 2
112 404 3 8192 2.000000000 2
112 404 3 8192 2.000000000 2
112 404 3 8192 2.000000000 2
112 404 3 8192 2.000000000 2
112 404 3 8192 2.000000000 2
112 404 3 8192 2.000000000 2
112 404 3 8192 2.000000000 2
112 804 3 8192 2.000000000 2
112 804 3 8192 2.000000000 2
112 804 3 8192 2.000000000 2
112 804 3 8192 2.000000000 2
112 804 3 8192 2.000000000 2
112 804 3 8192 2.000000000 2
112 804 3 8192 2.000000000 2
112 804 3 8192 2.000000000 2
112 808 3 8192 2.000000000 2
112 808 3 8192 2.000000000 2
112 808 3 8192 2.000000000 2
112 808 3 8192 2.000000000 2
112 808 3 8192 2.000000000 2
112 808 3 8192 2.000000000 2
112 808 3 8192 2.000000000 2
112 808 3 8192 2.000000000 2
112 848 3 8192 2.000000000 2
112 848 3 8192 2.000000000 2
112 848 3 8192 2.000000000 2
112 848 3 8192 2.000000000 2
112 848 3 8192 2.000000000 2
112 848 3 8192 2.000000000 2
112 848 3 8192 2.000000000 2
112 848 3 8192 2.000000000 2
112 1028 3 8192 2.000000000 2
112 1028 3 8192 2.000000000 2
112 1028 3 8192 2.000000000 2
112 1028 3 8192 2.000000000 2
112 1028 3 8192 2.000000000 2
112 1028 3 8192 2.000000000 2
112 1028 3 8192 2.000000000 2
112 1028 3 8192 2.000000000 2
112 1136 3 8192 2.000000000 2
112 1136 3 8192 2.000000000 2
112 1136 3 8192 2.000000000 2
112 1136 3 8192 2.000000000 2
112 1136 3 8192 2.000000000 2
112 1136 3 8192 2.000000000 2
112 1136 3 8192 2.000000000 2
112 1136 3 8192 2.000000000 2
116 644 3 8192 2.000000000 2
116 644 3 8192 2.000000000 2
116 644 3 8192 2.000000000 2
116 644 3 8192 2.000000000 2
116 644 3 8192 2.000000000 2
116 644 3 8192 2.000000000 2
116 644 3 8192 2.000000000 2
116 644 3 8192 2.000000000 2
116 688 3 8192 2.000000000 2
116 688 3 8192 2.000000000 2
116 688 3 8192 2.000000000 2
116 688 3 8192 2.000000000 2
116 688 3 8192 2.000000000 2
116 688 3 8192 2.000000000 2
116 688 3 8192 2.000000000 2
116 688 3 8192 2.000000000 2
116 880 3 8192 2.000000000 2
116 880 3 8192 2.000000000 2
116 880 3 8192 2.000000000 2
116 880 3 8192 2.000000000 2
116 880 3 8192 2.000000000 2
116 880 3 8192 2.000000000 2
116 880 3 8192 2.000000000 2
116 880 3 8192 2.000000000 2
116 896 3 8192 2.000000000 2
116 896 3 8192 2.000000000 2
116 896 3 8192 2.000000000 2
116 896 3 8192 2.000000000 2
116 896 3 8192 2.000000000 2
116 896 3 8192 2.000000000 2
116 896 3 8192 2.000000000 2
116 896 3 8192 2.000000000 2
116 900 3 8192 2.000000000 2
116 900 3 8192 2.000000000 2
116 900 3 8192 2.000000000 2
116 900 3 8192 2.000000000 2
116 900 3 8192 2.000000000 2
116 900 3 8192 2.000000000 2
116 900 3 8192 2.000000000 2
116 900 3 8192 2.000000000 2
116 1060 3 8192 2.000000000 2
116 1060 3 8192 2.000000000 2
116 1060 3 8192 2.000000000 2
116 1060 3 8192 2.000000000 2
116 1060 3 8192 2.000000000 2
116 1060 3 8192 2.000000000 2
116 1060 3 8192 2.000000000 2
116 1060 3 8192 2.000000000 2
116 1128 3 8192 2.000000000 2
116 1128 3 8192 2.000000000 2
116 1128 3 8192 2.000000000 2
116 1128 3 8192 2.000000000 2
116 1128 3 8192 2.000000000 2
116 1128 3 8192 2.000000000 2
116 1128 3 8192 2.000000000 2
116 1128 3 8192 2.000000000 2
116 1180 3 8192 2.000000000 2
116 1180 3 8192 2.000000000 2
116 1180 3 8192 2.000000000 2
116 1180 3 8192 2.000000000 2
116 1180 3 8192 2.000000000 2
116 1180 3 8192 2.000000000 2
116 1180 3 8192 2.000000000 2
116 1180 3 8192 2.000000000 2
120 172 3 8192 2.000000000 2
120 172 3 8192 2.000000000 2
120 172 3 8192 2.000000000 2
120 172 3 8192 2.000000000 2
120 172 3 8192 2.000000000 2
120 172 3 8192 2.000000000 2
120 172 3 8192 2.000000000 2
120 172 3 8192 2.000000000 2
120 540 3 8192 2.000000000 2
120 540 3 8192 2.000000000 2
120 540 3 8192 2.000000000 2
120 540 3 8192 2.000000000 2
120 540 3 8192 2.000000000 2
120 540 3 8192 2.000000000 2
120 540 3 8192 2.000000000 2
120 540 3 8192 2.000000000 2
120 596 3 8192 2.000000000 2
120 596 3 8192 2.000000000 2
120 596 3 8192 2.000000000 2
120 596 3 8192 2.000000000 2
120 596 3 8192 2.000000000 2
120 596 3 8192 2.000000000 2
120 596 3 8192 2.000000000 2
120 596 3 8192 2.000000000 2
120 628 3 8192 2.000000000 2
120 628 3 8192 2.000000000 2
120 628 3 8192 2.000000000 2
120 628 3 8192 2.000000000 2
120 628 3 8192 2.000000000 2
120 628 3 8192 2.000000000 2
120 628 3 8192 2.000000000 2
120 628 3 8192 2.000000000 2
120 712 3 8192 2.000000000 2
120 712 3 8192 2.000000000 2
120 712 3 8192 2.000000000 2
120 712 3 8192 2.000000000 2
120 712 3 8192 2.000000000 2
120 712 3 8192 2.000000000 2
120 712 3 8192 2.000000000 2
120 712 3 8192 2.000000000 2
120 716 3 8192 2.000000000 2
120 716 3 8192 2.000000000 2
120 716 3 8192 2.000000000 2
120 716 3 8192 2.000000000 2
120 716 3 8192 2.000000000 2
120 716 3 8192 2.000000000 2
120 716 3 8192 2.000000000 2
120 716 3 8192 2.000000000 2
120 800 3 8192 2.000000000 2
120 800 3 8192 2.000000000 2
120 800 3 8192 2.000000000 2
120 800 3 8192 2.000000000 2
120 800 3 8192 2.000000000 2
120 800 3 8192 2.000000000 2
120 800 3 8192 2.000000000 2
120 800 3 8192 2.000000000 2
120 1228 3 8192 2.000000000 2
120 1228 3 8192 2.000000000 2
120 1228 3 8192 2.000000000 2
120 1228 3 8192 2.000000000 2
120 1228 3 8192 2.000000000 2
120 1228 3 8192 2.000000000 2
120 1228 3 8192 2.000000000 2
120 1228 3 8192 2.000000000 2
124 156 3 8192 2.000000000 2
124 156 3 8192 2.000000000 2
124 156 3 8192 2.000000000 2
124 156 3 8192 2.000000000 2
124 156 3 8192 2.000000000 2
124 156 3 8192 2.000000000 2
124 156 3 8192 2.000000000 2
124 156 3 8192 2.000000000 2
124 192 3 8192 2.000000000 2
124 192 3 8192 2.000000000 2
124 192 3 8192 2.000000000 2
124 192 3 8192 2.000000000 2
124 192 3 8192 2.000000000 2
124 192 3 8192 2.000000000 2
124 192 3 8192 2.000000000 2
124 192 3 8192 2.000000000 2
124 348 3 8192 2.000000000 2
124 348 3 8192 2.000000000 2
124 348 3 8192 2.000000000 2
124 348 3 8192 2.000000000 2
124 348 3 8192 2.000000000 2
124 348 3 8192 2.000000000 2
124 348 3 8192 2.000000000 2
124 348 3 8192 2.000000000 2
124 444 3 8192 2.000000000 2
124 444 3 8192 2.000000000 2
124 444 3 8192 2.000000000 2
124 444 3 8192 2.000000000 2
124 444 3 8192 2.000000000 2
124 444 3 8192 2.000000000 2
124 444 3 8192 2.000000000 2
124 444 3 8192 2.000000000 2
124 624 3 8192 2.000000000 2
124 624 3 8192 2.000000000 2
124 624 3 8192 2.000000000 2
124 624 3 8192 2.000000000 2
124 624 3 8192 2.000000000 2
124 624 3 8192 2.000000000 2
124 624 3 8192 2.000000000 2
124 624 3 8192 2.000000000 2
124 656 3 8192 2.000000000 2
124 656 3 8192 2.000000000 2
124 656 3 8192 2.000000000 2
124 656 3 8192 2.000000000 2
124 656 3 8192 2.000000000 2
124 656 3 8192 2.000000000 2
124 656 3 8192 2.000000000 2
124 656 3 8192 2.000000000 2
124 1008 3 8192 2.000000000 2
124 1008 3 8192 2.000000000 2
124 1008 3 8192 2.000000000 2
124 1008 3 8192 2.000000000 2
124 1008 3 8192 2.000000000 2
124 1008 3 8192 2.000000000 2
124 1008 3 8192 2.000000000 2
124 1008 3 8192 2.000000000 2
124 1140 3 8192 2.000000000 2
124 1140 3 8192 2.000000000 2
124 1140 3 8192 2.000000000 2
124 1140 3 8192 2.000000000 2
124 1140 3 8192 2.000000000 2
124 1140 3 8192 2.000000000 2
124 1140 3 8192 2.000000000 2
124 1140 3 8192 2.000000000 2
128 52 3 8192 2.000000000 2
128 52 3 8192 2.000000000 2
128 52 3 8192 2.000000000 2
128 52 3 8192 2.000000000 2
128 52 3 8192 2.000000000 2
128 52 3 8192 2.000000000 2
128 52 3 8192 2.000000000 2
128 52 3 8192 2.000000000 2
128 156 3 8192 2.000000000 2
128 156 3 8192 2.000000000 2
128 156 3 8192 2.000000000 2
128 156 3 8192 2.000000000 2
128 156 3 8192 2.000000000 2
128 156 3 8192 2.000000000 2
128 156 3 8192 2.000000000 2
128 156 3 8192 2.000000000 2
128 248 3 8192 2.000000000 2
128 248 3 8192 2.000000000 2
128 248 3 8192 2.000000000 2
128 248 3 8192 2.000000000 2
128 248 3 8192 2.000000000 2
128 248 3 8192 2.000000000 2
128 248 3 8192 2.000000000 2
128 248 3 8192 2.000000000 2
128 260 3 8192 2.000000000 2
128 260 3 8192 2.000000000 2
128 260 3 8192 2.000000000 2
128 260 3 8192 2.000000000 2
128 260 3 8192 2.000000000 2
128 260 3 8192 2.000000000 2
128 260 3 8192 2.000000000 2
128 260 3 8192 2.000000000 2
128 712 3 8192 2.000000000 2
128 712 3 8192 2.000000000 2
128 712 3 8192 2.000000000 2
128 712 3 8192 2.000000000 2
128 712 3 8192 2.000000000 2
128 712 3 8192 2.000000000 2
128 712 3 8192 2.000000000 2
128 712 3 8192 2.000000000 2
128 948 3 8192 2.000000000 2
128 948 3 8192 2.000000000 2
128 948 3 8192 2.000000000 2
128 948 3 8192 2.000000000 2
128 948 3 8192 2.000000000 2
128 948 3 8192 2.000000000 2
128 948 3 8192 2.000000000 2
128 948 3 8192 2.000000000 2
128 1000 3 8192 2.000000000 2
128 1000 3 8192 2.000000000 2
128 1000 3 8192 2.000000000 2
128 1000 3 8192 2.000000000 2
128 1000 3 8192 2.000000000 2
128 1000 3 8192 2.000000000 2
128 1000 3 8192 2.000000000 2
128 1000 3 8192 2.000000000 2
128 1060 3 8192 2.000000000 2
128 1060 3 8192 2.000000000 2
128 1060 3 8192 2.000000000 2
128 1060 3 8192 2.000000000 2
128 1060 3 8192 2.000000000 2
128 1060 3 8192 2.000000000 2
128 1060 3 8192 2.000000000 2
128 1060 3 8192 2.000000000 2
132 0 3 8192 2.000000000 2
132 0 3 8192 2.000000000 2
132 0 3 8192 2.000000000 2
132 0 3 8192 2.000000000 2
132 0 3 8192 2.000000000 2
132 0 3 8192 2.000000000 2
132 0 3 8192 2.000000000 2
132 0 3 8192 2.000000000 2
132 476 3 8192 2.000000000 2
132 476 3 8192 2.000000000 2
132 476 3 8192 2.000000000 2
132 476 3 8192 2.000000000 2
132 476 3 8192 2.000000000 2
132 476 3 8192 2.000000000 2
132 476 3 8192 2.000000000 2
132 476 3 8192 2.000000000 2
132 504 3 8192 2.000000000 2
132 504 3 8192 2.000000000 2
132 504 3 8192 2.000000000 2
132 504 3 8192 2.000000000 2
132 504 3 8192 2.000000000 2
132 504 3 8192 2.000000000 2
132 504 3 8192 2.000000000 2
132 504 3 8192 2.000000000 2
132 532 3 8192 2.000000000 2
132 532 3 8192 2.000000000 2
132 532 3 8192 2.000000000 2
132 532 3 8192 2.000000000 2
132 532 3 8192 2.000000000 2
132 532 3 8192 2.000000000 2
132 532 3 8192 2.000000000 2
132 532 3 8192 2.000000000 2
132 712 3 8192 2.000000000 2
132 712 3 8192 2.000000000 2
132 712 3 8192 2.000000000 2
132 712 3 8192 2.000000000 2
132 712 3 8192 2.000000000 2
132 712 3 8192 2.000000000 2
132 712 3 8192 2.000000000 2
132 712 3 8192 2.000000000 2
132 812 3 8192 2.000000000 2
132 812 3 8192 2.000000000 2
132 812 3 8192 2.000000000 2
132 812 3 8192 2.000000000 2
132 812 3 8192 2.000000000 2
132 812 3 8192 2.000000000 2
132 812 3 8192 2.000000000 2
132 812 3 8192 2.000000000 2
132 916 3 8192 2.000000000 2
132 916 3 8192 2.000000000 2
132 916 3 8192 2.000000000 2
132 916 3 8192 2.000000000 2
132 916 3 8192 2.000000000 2
132 916 3 8192 2.000000000 2
132 916 3 8192 2.000000000 2
132 916 3 8192 2.000000000 2
132 1160 3 8192 2.000000000 2
132 1160 3 8192 2.000000000 2
132 1160 3 8192 2.000000000 2
132 1160 3 8192 2.000000000 2
132 1160 3 8192 2.000000000 2
132 1160 3 8192 2.000000000 2
132 1160 3 8192 2.000000000 2
132 1160 3 8192 2.000000000 2
136 16 3 8192 2.000000000 2
136 16 3 8192 2.000000000 2
136 16 3 8192 2.000000000 2
136 16 3 8192 2.000000000 2
136 16 3 8192 2.000000000 2
136 16 3 8192 2.000000000 2
136 16 3 8192 2.000000000 2
136 16 3 8192 2.000000000 2
136 168 3 8192 2.000000000 2
136 168 3 8192 2.000000000 2
136 168 3 8192 2.000000000 2
136 168 3 8192 2.000000000 2
136 168 3 8192 2.000000000 2
136 168 3 8192 2.000000000 2
136 168 3 8192 2.000000000 2
136 168 3 8192 2.000000000 2
136 352 3 8192 2.000000000 2
136 352 3 8192 2.000000000 2
136 352 3 8192 2.000000000 2
136 352 3 8192 2.000000000 2
136 352 3 8192 2.000000000 2
136 352 3 8192 2.000000000 2
136 352 3 8192 2.000000000 2
136 352 3 8192 2.000000000 2
136 500 3 8192 2.000000000 2
136 500 3 8192 2.000000000 2
136 500 3 8192 2.000000000 2
136 500 3 8192 2.000000000 2
136 500 3 8192 2.000000000 2
136 500 3 8192 2.000000000 2
136 500 3 8192 2.000000000 2
136 500 3 8192 2.000000000 2
136 912 3 8192 2.000000000 2
136 912 3 8192 2.000000000 2
136 912 3 8192 2.000000000 2
136 912 3 8192 2.000000000 2
136 912 3 8192 2.000000000 2
136 912 3 8192 2.000000000 2
136 912 3 8192 2.000000000 2
136 912 3 8192 2.000000000 2
136 968 3 8192 2.000000000 2
136 968 3 8192 2.000000000 2
136 968 3 8192 2.000000000 2
136 968 3 8192 2.000000000 2
136 968 3 8192 2.000000000 2
136 968 3 8192 2.000000000 2
136 968 3 8192 2.000000000 2
136 968 3 8192 2.000000000 2
136 1068 3 8192 2.000000000 2
136 1068 3 8192 2.000000000 2
136 1068 3 8192 2.000000000 2
136 1068 3 8192 2.000000000 2
136 1068 3 8192 2.000000000 2
136 1068 3 8192 2.000000000 2
136 1068 3 8192 2.000000000 2
136 1068 3 8192 2.000000000 2
136 1072 3 8192 2.000000000 2
136 1072 3 8192 2.000000000 2
136 1072 3 8192 2.000000000 2
136 1072 3 8192 2.000000000 2
136 1072 3 8192 2.000000000 2
136 1072 3 8192 2.000000000 2
136 1072 3 8192 2.000000000 2
136 1072 3 8192 2.000000000 2
152 200 3 8192 2.000000000 2
152 200 3 8192 2.000000000 2
152 200 3 8192 2.000000000 2
152 200 3 8192 2.000000000 2
152 200 3 8192 2.000000000 2
152 200 3 8192 2.000000000 2
152 200 3 8192 2.000000000 2
152 200 3 8192 2.000000000 2
152 320 3 8192 2.000000000 2
152 320 3 8192 2.000000000 2
152 320 3 8192 2.000000000 2
152 320 3 8192 2.000000000 2
152 320 3 8192 2.000000000 2
152 320 3 8192 2.000000000 2
152 320 3 8192 2.000000000 2
152 320 3 8192 2.000000000 2
152 448 3 8192 2.000000000 2
152 448 3 8192 2.000000000 2
152 448 3 8192 2.000000000 2
152 448 3 8192 2.000000000 2
152 448 3 8192 2.000000000 2
152 448 3 8192 2.000000000 2
152 448 3 8192 2.000000000 2
152 448 3 8192 2.000000000 2
152 624 3 8192 2.000000000 2
152 624 3 8192 2.000000000 2
152 624 3 8192 2.000000000 2
152 624 3 8192 2.000000000 2
152 624 3 8192 2.000000000 2
152 624 3 8192 2.000000000 2
152 624 3 8192 2.000000000 2
152 624 3 8192 2.000000000 2
152 716 3 8192 2.000000000 2
152 716 3 8192 2.000000000 2
152 716 3 8192 2.000000000 2
152 716 3 8192 2.000000000 2
152 716 3 8192 2.000000000 2
152 716 3 8192 2.000000000 2
152 716 3 8192 2.000000000 2
152 716 3 8192 2.000000000 2
152 1000 3 8192 2.000000000 2
152 1000 3 8192 2.000000000 2
152 1000 3 8192 2.000000000 2
152 1000 3 8192 2.000000000 2
152 1000 3 8192 2.000000000 2
152 1000 3 8192 2.000000000 2
152 1000 3 8192 2.000000000 2
152 1000 3 8192 2.000000000 2
152 1164 3 8192 2.000000000 2
152 1164 3 8192 2.000000000 2
152 1164 3 8192 2.000000000 2
152 1164 3 8192 2.000000000 2
152 1164 3 8192 2.000000000 2
152 1164 3 8192 2.000000000 2
152 1164 3 8192 2.000000000 2
152 1164 3 8192 2.000000000 2
152 1204 3 8192 2.000000000 2
152 1204 3 8192 2.000000000 2
152 1204 3 8192 2.000000000 2
152 1204 3 8192 2.000000000 2
152 1204 3 8192 2.000000000 2
152 1204 3 8192 2.000000000 2
152 1204 3 8192 2.000000000 2
152 1204 3 8192 2.000000000 2
156 248 3 8192 2.000000000 2
156 248 3 8192 2.000000000 2
156 248 3 8192 2.000000000 2
156 248 3 8192 2.000000000 2
156 248 3 8192 2.000000000 2
156 248 3 8192 2.000000000 2
156 248 3 8192 2.000000000 2
156 248 3 8192 2.000000000 2
156 396 3 8192 2.000000000 2
156 396 3 8192 2.000000000 2
156 396 3 8192 2.000000000 2
156 396 3 8192 2.000000000 2
156 396 3 8192 2.000000000 2
156 396 3 8192 2.000000000 2
156 396 3 8192 2.000000000 2
156 396 3 8192 2.000000000 2
156 492 3 8192 2.000000000 2
156 492 3 8192 2.000000000 2
156 492 3 8192 2.000000000 2
156 492 3 8192 2.000000000 2
156 492 3 8192 2.000000000 2
156 492 3 8192 2.000000000 2
156 492 3 8192 2.000000000 2
156 492 3 8192 2.000000000 2
156 752 3 8192 2.000000000 2
156 752 3 8192 2.000000000 2
156 752 3 8192 2.000000000 2
156 752 3 8192 2.000000000 2
156 752 3 8192 2.000000000 2
156 752 3 8192 2.000000000 2
156 752 3 8192 2.000000000 2
156 752 3 8192 2.000000000 2
156 848 3 8192 2.000000000 2
156 848 3 8192 2.000000000 2
156 848 3 8192 2.000000000 2
156 848 3 8192 2.000000000 2
156 848 3 8192 2.000000000 2
156 848 3 8192 2.000000000 2
156 848 3 8192 2.000000000 2
156 848 3 8192 2.000000000 2
156 976 3 8192 2.000000000 2
156 976 3 8192 2.000000000 2
156 976 3 8192 2.000000000 2
156 976 3 8192 2.000000000 2
156 976 3 8192 2.000000000 2
156 976 3 8192 2.000000000 2
156 976 3 8192 2.000000000 2
156 976 3 8192 2.000000000 2
156 996 3 8192 2.000000000 2
156 996 3 8192 2.000000000 2
156 996 3 8192 2.000000000 2
156 996 3 8192 2.000000000 2
156 996 3 8192 2.000000000 2
156 996 3 8192 2.000000000 2
156 996 3 8192 2.000000000 2
156 996 3 8192 2.000000000 2
156 1100 3 8192 2.000000000 2
156 1100 3 8192 2.000000000 2
156 1100 3 8192 2.000000000 2
156 1100 3 8192 2.000000000 2
156 1100 3 8192 2.000000000 2
156 1100 3 8192 2.000000000 2
156 1100 3 8192 2.000000000 2
156 1100 3 8192 2.000000000 2
164 32 3 8192 2.000000000 2
164 32 3 8192 2.000000000 2
164 32 3 8192 2.000000000 2
164 32 3 8192 2.000000000 2
164 32 3 8192 2.000000000 2
164 32 3 8192 2.000000000 2
164 32 3 8192 2.000000000 2
164 32 3 8192 2.000000000 2
164 128 3 8192 2.000000000 2
164 128 3 8192 2.000000000 2
164 128 3 8192 2.000000000 2
164 128 3 8192 2.000000000 2
164 128 3 8192 2.000000000 2
164 128 3 8192 2.000000000 2
164 128 3 8192 2.000000000 2
164 128 3 8192 2.000000000 2
164 192 3 8192 2.000000000 2
164 192 3 8192 2.000000000 2
164 192 3 8192 2.000000000 2
164 192 3 8192 2.000000000 2
164 192 3 8192 2.000000000 2
164 192 3 8192 2.000000000 2
164 192 3 8192 2.000000000 2
164 192 3 8192 2.000000000 2
164 564 3 8192 2.000000000 2
164 564 3 8192 2.000000000 2
164 564 3 8192 2.000000000 2
164 564 3 8192 2.000000000 2
164 564 3 8192 2.000000000 2
164 564 3 8192 2.000000000 2
164 564 3 8192 2.000000000 2
164 564 3 8192 2.000000000 2
164 796 3 8192 2.000000000 2
164 796 3 8192 2.000000000 2
164 796 3 8192 2.000000000 2
164 796 3 8192 2.000000000 2
164 796 3 8192 2.000000000 2
164 796 3 8192 2.000000000 2
164 796 3 8192 2.000000000 2
164 796 3 8192 2.000000000 2
164 812 3 8192 2.000000000 2
164 812 3 8192 2.000000000 2
164 812 3 8192 2.000000000 2
164 812 3 8192 2.000000000 2
164 812 3 8192 2.000000000 2
164 812 3 8192 2.000000000 2
164 812 3 8192 2.000000000 2
164 812 3 8192 2.000000000 2
164 1052 3 8192 2.000000000 2
164 1052 3 8192 2.000000000 2
164 1052 3 8192 2.000000000 2
164 1052 3 8192 2.000000000 2
164 1052 3 8192 2.000000000 2
164 1052 3 8192 2.000000000 2
164 1052 3 8192 2.000000000 2
164 1052 3 8192 2.000000000 2
164 1156 3 8192 2.000000000 2
164 1156 3 8192 2.000000000 2
164 1156 3 8192 2.000000000 2
164 1156 3 8192 2.000000000 2
164 1156 3 8192 2.000000000 2
164 1156 3 8192 2.000000000 2
164 1156 3 8192 2.000000000 2
164 1156 3 8192 2.000000000 2
168 60 3 8192 2.000000000 2
168 60 3 8192 2.000000000 2
168 60 3 8192 2.000000000 2
168 60 3 8192 2.000000000 2
168 60 3 8192 2.000000000 2
168 60 3 8192 2.000000000 2
168 60 3 8192 2.000000000 2
168 60 3 8192 2.000000000 2
168 240 3 8192 2.000000000 2
168 240 3 8192 2.000000000 2
168 240 3 8192 2.000000000 2
168 240 3 8192 2.000000000 2
168 240 3 8192 2.000000000 2
168 240 3 8192 2.000000000 2
168 240 3 8192 2.000000000 2
168 240 3 8192 2.000000000 2
168 300 3 8192 2.000000000 2
168 300 3 8192 2.000000000 2
168 300 3 8192 2.000000000 2
168 300 3 8192 2.000000000 2
168 300 3 8192 2.000000000 2
168 300 3 8192 2.000000000 2
168 300 3 8192 2.000000000 2
168 300 3 8192 2.000000000 2
168 656 3 8192 2.000000000 2
168 656 3 8192 2.000000000 2
168 656 3 8192 2.000000000 2
168 656 3 8192 2.000000000 2
168 656 3 8192 2.000000000 2
168 656 3 8192 2.000000000 2
168 656 3 8192 2.000000000 2
168 656 3 8192 2.000000000 2
168 876 3 8192 2.000000000 2
168 876 3 8192 2.000000000 2
168 876 3 8192 2.000000000 2
168 876 3 8192 2.000000000 2
168 876 3 8192 2.000000000 2
168 876 3 8192 2.000000000 2
168 876 3 8192 2.000000000 2
168 876 3 8192 2.000000000 2
168 968 3 8192 2.000000000 2
168 968 3 8192 2.000000000 2
168 968 3 8192 2.000000000 2
168 968 3 8192 2.000000000 2
168 968 3 8192 2.000000000 2
168 968 3 8192 2.000000000 2
168 968 3 8192 2.000000000 2
168 968 3 8192 2.000000000 2
168 1052 3 8192 2.000000000 2
168 1052 3 8192 2.000000000 2
168 1052 3 8192 2.000000000 2
168 1052 3 8192 2.000000000 2
168 1052 3 8192 2.000000000 2
168 1052 3 8192 2.000000000 2
168 1052 3 8192 2.000000000 2
168 1052 3 8192 2.000000000 2
168 1184 3 8192 2.000000000 2
168 1184 3 8192 2.000000000 2
168 1184 3 8192 2.000000000 2
168 1184 3 8192 2.000000000 2
168 1184 3 8192 2.000000000 2
168 1184 3 8192 2.000000000 2
168 1184 3 8192 2.000000000 2
168 1184 3 8192 2.000000000 2
172 120 3 8192 2.000000000 2
172 120 3 8192 2.000000000 2
172 120 3 8192 2.000000000 2
172 120 3 8192 2.000000000 2
172 120 3 8192 2.000000000 2
172 120 3 8192 2.000000000 2
172 120 3 8192 2.000000000 2
172 120 3 8192 2.000000000 2
172 208 3 8192 2.000000000 2
172 208 3 8192 2.000000000 2
172 208 3 8192 2.000000000 2
172 208 3 8192 2.000000000 2
172 208 3 8192 2.000000000 2
172 208 3 8192 2.000000000 2
172 208 3 8192 2.000000000 2
172 208 3 8192 2.000000000 2
172 300 3 8192 2.000000000 2
172 300 3 8192 2.000000000 2
172 300 3 8192 2.000000000 2
172 300 3 8192 2.000000000 2
172 300 3 8192 2.000000000 2
172 300 3 8192 2.000000000 2
172 300 3 8192 2.000000000 2
172 300 3 8192 2.000000000 2
172 404 3 8192 2.000000000 2
172 404 3 8192 2.000000000 2
172 404 3 8192 2.000000000 2
172 404 3 8192 2.000000000 2
172 404 3 8192 2.000000000 2
172 404 3 8192 2.000000000 2
172 404 3 8192 2.000000000 2
172 404 3 8192 2.000000000 2
172 480 3 8192 2.000000000 2
172 480 3 8192 2.000000000 2
172 480 3 8192 2.000000000 2
172 480 3 8192 2.000000000 2
172 480 3 8192 2.000000000 2
172 480 3 8192 2.000000000 2
172 480 3 8192 2.000000000 2
172 480 3 8192 2.000000000 2
172 816 3 8192 2.000000000 2
172 816 3 8192 2.000000000 2
172 816 3 8192 2.000000000 2
172 816 3 8192 2.000000000 2
172 816 3 8192 2.000000000 2
172 816 3 8192 2.000000000 2
172 816 3 8192 2.000000000 2
172 816 3 8192 2.000000000 2
172 836 3 8192 2.000000000 2
172 836 3 8192 2.000000000 2
172 836 3 8192 2.000000000 2
172 836 3 8192 2.000000000 2
172 836 3 8192 2.000000000 2
172 836 3 8192 2.000000000 2
172 836 3 8192 2.000000000 2
172 836 3 8192 2.000000000 2
172 892 3 8192 2.000000000 2
172 892 3 8192 2.000000000 2
172 892 3 8192 2.000000000 2
172 892 3 8192 2.000000000 2
172 892 3 8192 2.000000000 2
172 892 3 8192 2.000000000 2
172 892 3 8192 2.000000000 2
172 892 3 8192 2.000000000 2
176 88 3 8192 2.000000000 2
176 88 3 8192 2.000000000 2
176 88 3 8192 2.000000000 2
176 88 3 8192 2.000000000 2
176 88 3 8192 2.000000000 2
176 88 3 8192 2.000000000 2
176 88 3 8192 2.000000000 2
176 88 3 8192 2.000000000 2
176 276 3 8192 2.000000000 2
176 276 3 8192 2.000000000 2
176 276 3 8192 2.000000000 2
176 276 3 8192 2.000000000 2
176 276 3 8192 2.000000000 2
176 276 3 8192 2.000000000 2
176 276 3 8192 2.000000000 2
176 276 3 8192 2.000000000 2
176 312 3 8192 2.000000000 2
176 312 3 8192 2.000000000 2
176 312 3 8192 2.000000000 2
176 312 3 8192 2.000000000 2
176 312 3 8192 2.000000000 2
176 312 3 8192 2.000000000 2
176 312 3 8192 2.000000000 2
176 312 3 8192 2.000000000 2
176 360 3 8192 2.000000000 2
176 360 3 8192 2.000000000 2
176 360 3 8192 2.000000000 2
176 360 3 8192 2.000000000 2
176 360 3 8192 2.000000000 2
176 360 3 8192 2.000000000 2
176 360 3 8192 2.000000000 2
176 360 3 8192 2.000000000 2
176 412 3 8192 2.000000000 2
176 412 3 8192 2.000000000 2
176 412 3 8192 2.000000000 2
176 412 3 8192 2.000000000 2
176 412 3 8192 2.000000000 2
176 412 3 8192 2.000000000 2
176 412 3 8192 2.000000000 2
176 412 3 8192 2.000000000 2
176 436 3 8192 2.000000000 2
176 436 3 8192 2.000000000 2
176 436 3 8192 2.000000000 2
176 436 3 8192 2.000000000 2
176 436 3 8192 2.000000000 2
176 436 3 8192 2.000000000 2
176 436 3 8192 2.000000000 2
176 436 3 8192 2.000000000 2
176 620 3 8192 2.000000000 2
176 620 3 8192 2.000000000 2
176 620 3 8192 2.000000000 2
176 620 3 8192 2.000000000 2
176 620 3 8192 2.000000000 2
176 620 3 8192 2.000000000 2
176 620 3 8192 2.000000000 2
176 620 3 8192 2.000000000 2
176 1128 3 8192 2.000000000 2
176 1128 3 8192 2.000000000 2
176 1128 3 8192 2.000000000 2
176 1128 3 8192 2.000000000 2
176 1128 3 8192 2.000000000 2
176 1128 3 8192 2.000000000 2
176 1128 3 8192 2.000000000 2
176 1128 3 8192 2.000000000 2
180 256 3 8192 2.000000000 2
180 256 3 8192 2.000000000 2
180 256 3 8192 2.000000000 2
180 256 3 8192 2.000000000 2
180 256 3 8192 2.000000000 2
180 256 3 8192 2.000000000 2
180 256 3 8192 2.000000000 2
180 256 3 8192 2.000000000 2
180 260 3 8192 2.000000000 2
180 260 3 8192 2.000000000 2
180 260 3 8192 2.000000000 2
180 260 3 8192 2.000000000 2
180 260 3 8192 2.000000000 2
180 260 3 8192 2.000000000 2
180 260 3 8192 2.000000000 2
180 260 3 8192 2.000000000 2
180 532 3 8192 2.000000000 2
180 532 3 8192 2.000000000 2
180 532 3 8192 2.000000000 2
180 532 3 8192 2.000000000 2
180 532 3 8192 2.000000000 2
180 532 3 8192 2.000000000 2
180 532 3 8192 2.000000000 2
180 532 3 8192 2.000000000 2
180 616 3 8192 2.000000000 2
180 616 3 8192 2.000000000 2
180 616 3 8192 2.000000000 2
180 616 3 8192 2.000000000 2
180 616 3 8192 2.000000000 2
180 616 3 8192 2.000000000 2
180 616 3 8192 2.000000000 2
180 616 3 8192 2.000000000 2
180 660 3 8192 2.000000000 2
180 660 3 8192 2.000000000 2
180 660 3 8192 2.000000000 2
180 660 3 8192 2.000000000 2
180 660 3 8192 2.000000000 2
180 660 3 8192 2.000000000 2
180 660 3 8192 2.000000000 2
180 660 3 8192 2.000000000 2
180 788 3 8192 2.000000000 2
180 788 3 8192 2.000000000 2
180 788 3 8192 2.000000000 2
180 788 3 8192 2.000000000 2
180 788 3 8192 2.000000000 2
180 788 3 8192 2.000000000 2
180 788 3 8192 2.000000000 2
180 788 3 8192 2.000000000 2
180 840 3 8192 2.000000000 2
180 840 3 8192 2.000000000 2
180 840 3 8192 2.000000000 2
180 840 3 8192 2.000000000 2
180 840 3 8192 2.000000000 2
180 840 3 8192 2.000000000 2
180 840 3 8192 2.000000000 2
180 840 3 8192 2.000000000 2
180 1224 3 8192 2.000000000 2
180 1224 3 8192 2.000000000 2
180 1224 3 8192 2.000000000 2
180 1224 3 8192 2.000000000 2
180 1224 3 8192 2.000000000 2
180 1224 3 8192 2.000000000 2
180 1224 3 8192 2.000000000 2
180 1224 3 8192 2.000000000 2
184 348 3 8192 2.000000000 2
184 348 3 8192 2.000000000 2
184 348 3 8192 2.000000000 2
184 348 3 8192 2.000000000 2
184 348 3 8192 2.000000000 2
184 348 3 8192 2.000000000 2
184 348 3 8192 2.000000000 2
184 348 3 8192 2.000000000 2
184 472 3 8192 2.000000000 2
184 472 3 8192 2.000000000 2
184 472 3 8192 2.000000000 2
184 472 3 8192 2.000000000 2
184 472 3 8192 2.000000000 2
184 472 3 8192 2.000000000 2
184 472 3 8192 2.000000000 2
184 472 3 8192 2.000000000 2
184 704 3 8192 2.000000000 2
184 704 3 8192 2.000000000 2
184 704 3 8192 2.000000000 2
184 704 3 8192 2.000000000 2
184 704 3 8192 2.000000000 2
184 704 3 8192 2.000000000 2
184 704 3 8192 2.000000000 2
184 704 3 8192 2.000000000 2
184 728 3 8192 2.000000000 2
184 728 3 8192 2.000000000 2
184 728 3 8192 2.000000000 2
184 728 3 8192 2.000000000 2
184 728 3 8192 2.000000000 2
184 728 3 8192 2.000000000 2
184 728 3 8192 2.000000000 2
184 728 3 8192 2.000000000 2
184 816 3 8192 2.000000000 2
184 816 3 8192 2.000000000 2
184 816 3 8192 2.000000000 2
184 816 3 8192 2.000000000 2
184 816 3 8192 2.000000000 2
184 816 3 8192 2.000000000 2
184 816 3 8192 2.000000000 2
184 816 3 8192 2.000000000 2
184 836 3 8192 2.000000000 2
184 836 3 8192 2.000000000 2
184 836 3 8192 2.000000000 2
184 836 3 8192 2.000000000 2
184 836 3 8192 2.000000000 2
184 836 3 8192 2.000000000 2
184 836 3 8192 2.000000000 2
184 836 3 8192 2.000000000 2
184 1048 3 8192 2.000000000 2
184 1048 3 8192 2.000000000 2
184 1048 3 8192 2.000000000 2
184 1048 3 8192 2.000000000 2
184 1048 3 8192 2.000000000 2
184 1048 3 8192 2.000000000 2
184 1048 3 8192 2.000000000 2
184 1048 3 8192 2.000000000 2
184 1160 3 8192 2.000000000 2
184 1160 3 8192 2.000000000 2
184 1160 3 8192 2.000000000 2
184 1160 3 8192 2.000000000 2
184 1160 3 8192 2.000000000 2
184 1160 3 8192 2.000000000 2
184 1160 3 8192 2.000000000 2
184 1160 3 8192 2.000000000 2
188 72 3 8192 2.000000000 2
188 72 3 8192 2.000000000 2
188 72 3 8192 2.000000000 2
188 72 3 8192 2.000000000 2
188 72 3 8192 2.000000000 2
188 72 3 8192 2.000000000 2
188 72 3 8192 2.000000000 2
188 72 3 8192 2.000000000 2
188 100 3 8192 2.000000000 2
188 100 3 8192 2.000000000 2
188 100 3 8192 2.000000000 2
188 100 3 8192 2.000000000 2
188 100 3 8192 2.000000000 2
188 100 3 8192 2.000000000 2
188 100 3 8192 2.000000000 2
188 100 3 8192 2.000000000 2
188 116 3 8192 2.000000000 2
188 116 3 8192 2.000000000 2
188 116 3 8192 2.000000000 2
188 116 3 8192 2.000000000 2
188 116 3 8192 2.000000000 2
188 116 3 8192 2.000000000 2
188 116 3 8192 2.000000000 2
188 116 3 8192 2.000000000 2
188 720 3 8192 2.000000000 2
188 720 3 8192 2.000000000 2
188 720 3 8192 2.000000000 2
188 720 3 8192 2.000000000 2
188 720 3 8192 2.000000000 2
188 720 3 8192 2.000000000 2
188 720 3 8192 2.000000000 2
188 720 3 8192 2.000000000 2
188 732 3 8192 2.000000000 2
188 732 3 8192 2.000000000 2
188 732 3 8192 2.000000000 2
188 732 3 8192 2.000000000 2
188 732 3 8192 2.000000000 2
188 732 3 8192 2.000000000 2
188 732 3 8192 2.000000000 2
188 732 3 8192 2.000000000 2
188 812 3 8192 2.000000000 2
188 812 3 8192 2.000000000 2
188 812 3 8192 2.000000000 2
188 812 3 8192 2.000000000 2
188 812 3 8192 2.000000000 2
188 812 3 8192 2.000000000 2
188 812 3 8192 2.000000000 2
188 812 3 8192 2.000000000 2
188 1000 3 8192 2.000000000 2
188 1000 3 8192 2.000000000 2
188 1000 3 8192 2.000000000 2
188 1000 3 8192 2.000000000 2
188 1000 3 8192 2.000000000 2
188 1000 3 8192 2.000000000 2
188 1000 3 8192 2.000000000 2
188 1000 3 8192 2.000000000 2
188 1124 3 8192 2.000000000 2
188 1124 3 8192 2.000000000 2
188 1124 3 8192 2.000000000 2
188 1124 3 8192 2.000000000 2
188 1124 3 8192 2.000000000 2
188 1124 3 8192 2.000000000 2
188 1124 3 8192 2.000000000 2
188 1124 3 8192 2.000000000 2
192 100 3 8192 2.000000000 2
192 100 3 8192 2.000000000 2
192 100 3 8192 2.000000000 2
192 100 3 8192 2.000000000 2
192 100 3 8192 2.000000000 2
192 100 3 8192 2.000000000 2
192 100 3 8192 2.000000000 2
192 100 3 8192 2.000000000 2
192 340 3 8192 2.000000000 2
192 340 3 8192 2.000000000 2
192 340 3 8192 2.000000000 2
192 340 3 8192 2.000000000 2
192 340 3 8192 2.000000000 2
192 340 3 8192 2.000000000 2
192 340 3 8192 2.000000000 2
192 340 3 8192 2.000000000 2
192 540 3 8192 2.000000000 2
192 540 3 8192 2.000000000 2
192 540 3 8192 2.000000000 2
192 540 3 8192 2.000000000 2
192 540 3 8192 2.000000000 2
192 540 3 8192 2.000000000 2
192 540 3 8192 2.000000000 2
192 540 3 8192 2.000000000 2
192 604 3 8192 2.000000000 2
192 604 3 8192 2.000000000 2
192 604 3 8192 2.000000000 2
192 604 3 8192 2.000000000 2
192 604 3 8192 2.000000000 2
192 604 3 8192 2.000000000 2
192 604 3 8192 2.000000000 2
192 604 3 8192 2.000000000 2
192 712 3 8192 2.000000000 2
192 712 3 8192 2.000000000 2
192 712 3 8192 2.000000000 2
192 712 3 8192 2.000000000 2
192 712 3 8192 2.000000000 2
192 712 3 8192 2.000000000 2
192 712 3 8192 2.000000000 2
192 712 3 8192 2.000000000 2
192 788 3 8192 2.000000000 2
192 788 3 8192 2.000000000 2
192 788 3 8192 2.000000000 2
192 788 3 8192 2.000000000 2
192 788 3 8192 2.000000000 2
192 788 3 8192 2.000000000 2
192 788 3 8192 2.000000000 2
192 788 3 8192 2.000000000 2
192 1080 3 8192 2.000000000 2
192 1080 3 8192 2.000000000 2
192 1080 3 8192 2.000000000 2
192 1080 3 8192 2.000000000 2
192 1080 3 8192 2.000000000 2
192 1080 3 8192 2.000000000 2
192 1080 3 8192 2.000000000 2
192 1080 3 8192 2.000000000 2
192 1180 3 8192 2.000000000 2
192 1180 3 8192 2.000000000 2
192 1180 3 8192 2.000000000 2
192 1180 3 8192 2.000000000 2
192 1180 3 8192 2.000000000 2
192 1180 3 8192 2.000000000 2
192 1180 3 8192 2.000000000 2
192 1180 3 8192 2.000000000 2
200 128 3 8192 2.000000000 2
200 128 3 8192 2.000000000 2
200 128 3 8192 2.000000000 2
200 128 3 8192 2.000000000 2
200 128 3 8192 2.000000000 2
200 128 3 8192 2.000000000 2
200 128 3 8192 2.000000000 2
200 128 3 8192 2.000000000 2
200 136 3 8192 2.000000000 2
200 136 3 8192 2.000000000 2
200 136 3 8192 2.000000000 2
200 136 3 8192 2.000000000 2
200 136 3 8192 2.000000000 2
200 136 3 8192 2.000000000 2
200 136 3 8192 2.000000000 2
200 136 3 8192 2.000000000 2
200 220 3 8192 2.000000000 2
200 220 3 8192 2.000000000 2
200 220 3 8192 2.000000000 2
200 220 3 8192 2.000000000 2
200 220 3 8192 2.000000000 2
200 220 3 8192 2.000000000 2
200 220 3 8192 2.000000000 2
200 220 3 8192 2.000000000 2
200 508 3 8192 2.000000000 2
200 508 3 8192 2.000000000 2
200 508 3 8192 2.000000000 2
200 508 3 8192 2.000000000 2
200 508 3 8192 2.000000000 2
200 508 3 8192 2.000000000 2
200 508 3 8192 2.000000000 2
200 508 3 8192 2.000000000 2
200 836 3 8192 2.000000000 2
200 836 3 8192 2.000000000 2
200 836 3 8192 2.000000000 2
200 836 3 8192 2.000000000 2
200 836 3 8192 2.000000000 2
200 836 3 8192 2.000000000 2
200 836 3 8192 2.000000000 2
200 836 3 8192 2.000000000 2
200 860 3 8192 2.000000000 2
200 860 3 8192 2.000000000 2
200 860 3 8192 2.000000000 2
200 860 3 8192 2.000000000 2
200 860 3 8192 2.000000000 2
200 860 3 8192 2.000000000 2
200 860 3 8192 2.000000000 2
200 860 3 8192 2.000000000 2
200 956 3 8192 2.000000000 2
200 956 3 8192 2.000000000 2
200 956 3 8192 2.000000000 2
200 956 3 8192 2.000000000 2
200 956 3 8192 2.000000000 2
200 956 3 8192 2.000000000 2
200 956 3 8192 2.000000000 2
200 956 3 8192 2.000000000 2
200 1204 3 8192 2.000000000 2
200 1204 3 8192 2.000000000 2
200 1204 3 8192 2.000000000 2
200 1204 3 8192 2.000000000 2
200 1204 3 8192 2.000000000 2
200 1204 3 8192 2.000000000 2
200 1204 3 8192 2.000000000 2
200 1204 3 8192 2.000000000 2
204 128 3 8192 2.000000000 2
204 128 3 8192 2.000000000 2
204 128 3 8192 2.000000000 2
204 128 3 8192 2.000000000 2
204 128 3 8192 2.000000000 2
204 128 3 8192 2.000000000 2
204 128 3 8192 2.000000000 2
204 128 3 8192 2.000000000 2
204 184 3 8192 2.000000000 2
204 184 3 8192 2.000000000 2
204 184 3 8192 2.000000000 2
204 184 3 8192 2.000000000 2
204 184 3 8192 2.000000000 2
204 184 3 8192 2.000000000 2
204 184 3 8192 2.000000000 2
204 184 3 8192 2.000000000 2
204 248 3 8192 2.000000000 2
204 248 3 8192 2.000000000 2
204 248 3 8192 2.000000000 2
204 248 3 8192 2.000000000 2
204 248 3 8192 2.000000000 2
204 248 3 8192 2.000000000 2
204 248 3 8192 2.000000000 2
204 248 3 8192 2.000000000 2
204 524 3 8192 2.000000000 2
204 524 3 8192 2.000000000 2
204 524 3 8192 2.000000000 2
204 524 3 8192 2.000000000 2
204 524 3 8192 2.000000000 2
204 524 3 8192 2.000000000 2
204 524 3 8192 2.000000000 2
204 524 3 8192 2.000000000 2
204 736 3 8192 2.000000000 2
204 736 3 8192 2.000000000 2
204 736 3 8192 2.000000000 2
204 736 3 8192 2.000000000 2
204 736 3 8192 2.000000000 2
204 736 3 8192 2.000000000 2
204 736 3 8192 2.000000000 2
204 736 3 8192 2.000000000 2
204 1068 3 8192 2.000000000 2
204 1068 3 8192 2.000000000 2
204 1068 3 8192 2.000000000 2
204 1068 3 8192 2.000000000 2
204 1068 3 8192 2.000000000 2
204 1068 3 8192 2.000000000 2
204 1068 3 8192 2.000000000 2
204 1068 3 8192 2.000000000 2
204 1124 3 8192 2.000000000 2
204 1124 3 8192 2.000000000 2
204 1124 3 8192 2.000000000 2
204 1124 3 8192 2.000000000 2
204 1124 3 8192 2.000000000 2
204 1124 3 8192 2.000000000 2
204 1124 3 8192 2.000000000 2
204 1124 3 8192 2.000000000 2
204 1196 3 8192 2.000000000 2
204 1196 3 8192 2.000000000 2
204 1196 3 8192 2.000000000 2
204 1196 3 8192 2.000000000 2
204 1196 3 8192 2.000000000 2
204 1196 3 8192 2.000000000 2
204 1196 3 8192 2.000000000 2
204 1196 3 8192 2.000000000 2
208 128 3 8192 2.000000000 2
208 128 3 8192 2.000000000 2
208 128 3 8192 2.000000000 2
208 128 3 8192 2.000000000 2
208 128 3 8192 2.000000000 2
208 128 3 8192 2.000000000 2
208 128 3 8192 2.000000000 2
208 128 3 8192 2.000000000 2
208 312 3 8192 2.000000000 2
208 312 3 8192 2.000000000 2
208 312 3 8192 2.000000000 2
208 312 3 8192 2.000000000 2
208 312 3 8192 2.000000000 2
208 312 3 8192 2.000000000 2
208 312 3 8192 2.000000000 2
208 312 3 8192 2.000000000 2
208 376 3 8192 2.000000000 2
208 376 3 8192 2.000000000 2
208 376 3 8192 2.000000000 2
208 376 3 8192 2.000000000 2
208 376 3 8192 2.000000000 2
208 376 3 8192 2.000000000 2
208 376 3 8192 2.000000000 2
208 376 3 8192 2.000000000 2
208 412 3 8192 2.000000000 2
208 412 3 8192 2.000000000 2
208 412 3 8192 2.000000000 2
208 412 3 8192 2.000000000 2
208 412 3 8192 2.000000000 2
208 412 3 8192 2.000000000 2
208 412 3 8192 2.000000000 2
208 412 3 8192 2.000000000 2
208 428 3 8192 2.000000000 2
208 428 3 8192 2.000000000 2
208 428 3 8192 2.000000000 2
208 428 3 8192 2.000000000 2
208 428 3 8192 2.000000000 2
208 428 3 8192 2.000000000 2
208 428 3 8192 2.000000000 2
208 428 3 8192 2.000000000 2
208 1052 3 8192 2.000000000 2
208 1052 3 8192 2.000000000 2
208 1052 3 8192 2.000000000 2
208 1052 3 8192 2.000000000 2
208 1052 3 8192 2.000000000 2
208 1052 3 8192 2.000000000 2
208 1052 3 8192 2.000000000 2
208 1052 3 8192 2.000000000 2
208 1120 3 8192 2.000000000 2
208 1120 3 8192 2.000000000 2
208 1120 3 8192 2.000000000 2
208 1120 3 8192 2.000000000 2
208 1120 3 8192 2.000000000 2
208 1120 3 8192 2.000000000 2
208 1120 3 8192 2.000000000 2
208 1120 3 8192 2.000000000 2
208 1220 3 8192 2.000000000 2
208 1220 3 8192 2.000000000 2
208 1220 3 8192 2.000000000 2
208 1220 3 8192 2.000000000 2
208 1220 3 8192 2.000000000 2
208 1220 3 8192 2.000000000 2
208 1220 3 8192 2.000000000 2
208 1220 3 8192 2.000000000 2
212 172 3 8192 2.000000000 2
212 172 3 8192 2.000000000 2
212 172 3 8192 2.000000000 2
212 172 3 8192 2.000000000 2
212 172 3 8192 2.000000000 2
212 172 3 8192 2.000000000 2
212 172 3 8192 2.000000000 2
212 172 3 8192 2.000000000 2
212 188 3 8192 2.000000000 2
212 188 3 8192 2.000000000 2
212 188 3 8192 2.000000000 2
212 188 3 8192 2.000000000 2
212 188 3 8192 2.000000000 2
212 188 3 8192 2.000000000 2
212 188 3 8192 2.000000000 2
212 188 3 8192 2.000000000 2
212 244 3 8192 2.000000000 2
212 244 3 8192 2.000000000 2
212 244 3 8192 2.000000000 2
212 244 3 8192 2.000000000 2
212 244 3 8192 2.000000000 2
212 244 3 8192 2.000000000 2
212 244 3 8192 2.000000000 2
212 244 3 8192 2.000000000 2
212 424 3 8192 2.000000000 2
212 424 3 8192 2.000000000 2
212 424 3 8192 2.000000000 2
212 424 3 8192 2.000000000 2
212 424 3 8192 2.000000000 2
212 424 3 8192 2.000000000 2
212 424 3 8192 2.000000000 2
212 424 3 8192 2.000000000 2
212 444 3 8192 2.000000000 2
212 444 3 8192 2.000000000 2
212 444 3 8192 2.000000000 2
212 444 3 8192 2.000000000 2
212 444 3 8192 2.000000000 2
212 444 3 8192 2.000000000 2
212 444 3 8192 2.000000000 2
212 444 3 8192 2.000000000 2
212 616 3 8192 2.000000000 2
212 616 3 8192 2.000000000 2
212 616 3 8192 2.000000000 2
212 616 3 8192 2.000000000 2
212 616 3 8192 2.000000000 2
212 616 3 8192 2.000000000 2
212 616 3 8192 2.000000000 2
212 616 3 8192 2.000000000 2
212 696 3 8192 2.000000000 2
212 696 3 8192 2.000000000 2
212 696 3 8192 2.000000000 2
212 696 3 8192 2.000000000 2
212 696 3 8192 2.000000000 2
212 696 3 8192 2.000000000 2
212 696 3 8192 2.000000000 2
212 696 3 8192 2.000000000 2
212 1256 3 8192 2.000000000 2
212 1256 3 8192 2.000000000 2
212 1256 3 8192 2.000000000 2
212 1256 3 8192 2.000000000 2
212 1256 3 8192 2.000000000 2
212 1256 3 8192 2.000000000 2
212 1256 3 8192 2.000000000 2
212 1256 3 8192 2.000000000 2
216 32 3 8192 2.000000000 2
216 32 3 8192 2.000000000 2
216 32 3 8192 2.000000000 2
216 32 3 8192 2.000000000 2
216 32 3 8192 2.000000000 2
216 32 3 8192 2.000000000 2
216 32 3 8192 2.000000000 2
216 32 3 8192 2.000000000 2
216 308 3 8192 2.000000000 2
216 308 3 8192 2.000000000 2
216 308 3 8192 2.000000000 2
216 308 3 8192 2.000000000 2
216 308 3 8192 2.000000000 2
216 308 3 8192 2.000000000 2
216 308 3 8192 2.000000000 2
216 308 3 8192 2.000000000 2
216 436 3 8192 2.000000000 2
216 436 3 8192 2.000000000 2
216 436 3 8192 2.000000000 2
216 436 3 8192 2.000000000 2
216 436 3 8192 2.000000000 2
216 436 3 8192 2.000000000 2
216 436 3 8192 2.000000000 2
216 436 3 8192 2.000000000 2
216 484 3 8192 2.000000000 2
216 484 3 8192 2.000000000 2
216 484 3 8192 2.000000000 2
216 484 3 8192 2.000000000 2
216 484 3 8192 2.000000000 2
216 484 3 8192 2.000000000 2
216 484 3 8192 2.000000000 2
216 484 3 8192 2.000000000 2
216 856 3 8192 2.000000000 2
216 856 3 8192 2.000000000 2
216 856 3 8192 2.000000000 2
216 856 3 8192 2.000000000 2
216 856 3 8192 2.000000000 2
216 856 3 8192 2.000000000 2
216 856 3 8192 2.000000000 2
216 856 3 8192 2.000000000 2
216 1104 3 8192 2.000000000 2
216 1104 3 8192 2.000000000 2
216 1104 3 8192 2.000000000 2
216 1104 3 8192 2.000000000 2
216 1104 3 8192 2.000000000 2
216 1104 3 8192 2.000000000 2
216 1104 3 8192 2.000000000 2
216 1104 3 8192 2.000000000 2
216 1236 3 8192 2.000000000 2
216 1236 3 8192 2.000000000 2
216 1236 3 8192 2.000000000 2
216 1236 3 8192 2.000000000 2
216 1236 3 8192 2.000000000 2
216 1236 3 8192 2.000000000 2
216 1236 3 8192 2.000000000 2
216 1236 3 8192 2.000000000 2
216 1240 3 8192 2.000000000 2
216 1240 3 8192 2.000000000 2
216 1240 3 8192 2.000000000 2
216 1240 3 8192 2.000000000 2
216 1240 3 8192 2.000000000 2
216 1240 3 8192 2.000000000 2
216 1240 3 8192 2.000000000 2
216 1240 3 8192 2.000000000 2
220 44 3 8192 2.000000000 2
220 44 3 8192 2.000000000 2
220 44 3 8192 2.000000000 2
220 44 3 8192 2.000000000 2
220 44 3 8192 2.000000000 2
220 44 3 8192 2.000000000 2
220 44 3 8192 2.000000000 2
220 44 3 8192 2.000000000 2
220 336 3 8192 2.000000000 2
220 336 3 8192 2.000000000 2
220 336 3 8192 2.000000000 2
220 336 3 8192 2.000000000 2
220 336 3 8192 2.000000000 2
220 336 3 8192 2.000000000 2
220 336 3 8192 2.000000000 2
220 336 3 8192 2.000000000 2
220 340 3 8192 2.000000000 2
220 340 3 8192 2.000000000 2
220 340 3 8192 2.000000000 2
220 340 3 8192 2.000000000 2
220 340 3 8192 2.000000000 2
220 340 3 8192 2.000000000 2
220 340 3 8192 2.000000000 2
220 340 3 8192 2.000000000 2
220 352 3 8192 2.000000000 2
220 352 3 8192 2.000000000 2
220 352 3 8192 2.000000000 2
220 352 3 8192 2.000000000 2
220 352 3 8192 2.000000000 2
220 352 3 8192 2.000000000 2
220 352 3 8192 2.000000000 2
220 352 3 8192 2.000000000 2
220 644 3 8192 2.000000000 2
220 644 3 8192 2.000000000 2
220 644 3 8192 2.000000000 2
220 644 3 8192 2.000000000 2
220 644 3 8192 2.000000000 2
220 644 3 8192 2.000000000 2
220 644 3 8192 2.000000000 2
220 644 3 8192 2.000000000 2
220 808 3 8192 2.000000000 2
220 808 3 8192 2.000000000 2
220 808 3 8192 2.000000000 2
220 808 3 8192 2.000000000 2
220 808 3 8192 2.000000000 2
220 808 3 8192 2.000000000 2
220 808 3 8192 2.000000000 2
220 808 3 8192 2.000000000 2
220 1028 3 8192 2.000000000 2
220 1028 3 8192 2.000000000 2
220 1028 3 8192 2.000000000 2
220 1028 3 8192 2.000000000 2
220 1028 3 8192 2.000000000 2
220 1028 3 8192 2.000000000 2
220 1028 3 8192 2.000000000 2
220 1028 3 8192 2.000000000 2
220 1140 3 8192 2.000000000 2
220 1140 3 8192 2.000000000 2
220 1140 3 8192 2.000000000 2
220 1140 3 8192 2.000000000 2
220 1140 3 8192 2.000000000 2
220 1140 3 8192 2.000000000 2
220 1140 3 8192 2.000000000 2
220 1140 3 8192 2.000000000 2
228 60 3 8192 2.000000000 2
228 60 3 8192 2.000000000 2
228 60 3 8192 2.000000000 2
228 60 3 8192 2.000000000 2
228 60 3 8192 2.000000000 2
228 60 3 8192 2.000000000 2
228 60 3 8192 2.000000000 2
228 60 3 8192 2.000000000 2
228 260 3 8192 2.000000000 2
228 260 3 8192 2.000000000 2
228 260 3 8192 2.000000000 2
228 260 3 8192 2.000000000 2
228 260 3 8192 2.000000000 2
228 260 3 8192 2.000000000 2
228 260 3 8192 2.000000000 2
228 260 3 8192 2.000000000 2
228 308 3 8192 2.000000000 2
228 308 3 8192 2.000000000 2
228 308 3 8192 2.000000000 2
228 308 3 8192 2.000000000 2
228 308 3 8192 2.000000000 2
228 308 3 8192 2.000000000 2
228 308 3 8192 2.000000000 2
228 308 3 8192 2.000000000 2
228 400 3 8192 2.000000000 2
228 400 3 8192 2.000000000 2
228 400 3 8192 2.000000000 2
228 400 3 8192 2.000000000 2
228 400 3 8192 2.000000000 2
228 400 3 8192 2.000000000 2
228 400 3 8192 2.000000000 2
228 400 3 8192 2.000000000 2
228 584 3 8192 2.000000000 2
228 584 3 8192 2.000000000 2
228 584 3 8192 2.000000000 2
228 584 3 8192 2.000000000 2
228 584 3 8192 2.000000000 2
228 584 3 8192 2.000000000 2
228 584 3 8192 2.000000000 2
228 584 3 8192 2.000000000 2
228 704 3 8192 2.000000000 2
228 704 3 8192 2.000000000 2
228 704 3 8192 2.000000000 2
228 704 3 8192 2.000000000 2
228 704 3 8192 2.000000000 2
228 704 3 8192 2.000000000 2
228 704 3 8192 2.000000000 2
228 704 3 8192 2.000000000 2
228 832 3 8192 2.000000000 2
228 832 3 8192 2.000000000 2
228 832 3 8192 2.000000000 2
228 832 3 8192 2.000000000 2
228 832 3 8192 2.000000000 2
228 832 3 8192 2.000000000 2
228 832 3 8192 2.000000000 2
228 832 3 8192 2.000000000 2
228 1132 3 8192 2.000000000 2
228 1132 3 8192 2.000000000 2
228 1132 3 8192 2.000000000 2
228 1132 3 8192 2.000000000 2
228 1132 3 8192 2.000000000 2
228 1132 3 8192 2.000000000 2
228 1132 3 8192 2.000000000 2
228 1132 3 8192 2.000000000 2
232 16 3 8192 2.000000000 2
232 16 3 8192 2.000000000 2
232 16 3 8192 2.000000000 2
232 16 3 8192 2.000000000 2
232 16 3 8192 2.000000000 2
232 16 3 8192 2.000000000 2
232 16 3 8192 2.000000000 2
232 16 3 8192 2.000000000 2
232 28 3 8192 2.000000000 2
232 28 3 8192 2.000000000 2
232 28 3 8192 2.000000000 2
232 28 3 8192 2.000000000 2
232 28 3 8192 2.000000000 2
232 28 3 8192 2.000000000 2
232 28 3 8192 2.000000000 2
232 28 3 8192 2.000000000 2
232 56 3 8192 2.000000000 2
232 56 3 8192 2.000000000 2
232 56 3 8192 2.000000000 2
232 56 3 8192 2.000000000 2
232 56 3 8192 2.000000000 2
232 56 3 8192 2.000000000 2
232 56 3 8192 2.000000000 2
232 56 3 8192 2.000000000 2
232 124 3 8192 2.000000000 2
232 124 3 8192 2.000000000 2
232 124 3 8192 2.000000000 2
232 124 3 8192 2.000000000 2
232 124 3 8192 2.000000000 2
232 124 3 8192 2.000000000 2
232 124 3 8192 2.000000000 2
232 124 3 8192 2.000000000 2
232 208 3 8192 2.000000000 2
232 208 3 8192 2.000000000 2
232 208 3 8192 2.000000000 2
232 208 3 8192 2.000000000 2
232 208 3 8192 2.000000000 2
232 208 3 8192 2.000000000 2
232 208 3 8192 2.000000000 2
232 208 3 8192 2.000000000 2
232 220 3 8192 2.000000000 2
232 220 3 8192 2.000000000 2
232 220 3 8192 2.000000000 2
232 220 3 8192 2.000000000 2
232 220 3 8192 2.000000000 2
232 220 3 8192 2.000000000 2
232 220 3 8192 2.000000000 2
232 220 3 8192 2.000000000 2
232 916 3 8192 2.000000000 2
232 916 3 8192 2.000000000 2
232 916 3 8192 2.000000000 2
232 916 3 8192 2.000000000 2
232 916 3 8192 2.000000000 2
232 916 3 8192 2.000000000 2
232 916 3 8192 2.000000000 2
232 916 3 8192 2.000000000 2
232 1172 3 8192 2.000000000 2
232 1172 3 8192 2.000000000 2
232 1172 3 8192 2.000000000 2
232 1172 3 8192 2.000000000 2
232 1172 3 8192 2.000000000 2
232 1172 3 8192 2.000000000 2
232 1172 3 8192 2.000000000 2
232 1172 3 8192 2.000000000 2
236 124 3 8192 2.000000000 2
236 124 3 8192 2.000000000 2
236 124 3 8192 2.000000000 2
236 124 3 8192 2.000000000 2
236 124 3 8192 2.000000000 2
236 124 3 8192 2.000000000 2
236 124 3 8192 2.000000000 2
236 124 3 8192 2.000000000 2
236 208 3 8192 2.000000000 2
236 208 3 8192 2.000000000 2
236 208 3 8192 2.000000000 2
236 208 3 8192 2.000000000 2
236 208 3 8192 2.000000000 2
236 208 3 8192 2.000000000 2
236 208 3 8192 2.000000000 2
236 208 3 8192 2.000000000 2
236 220 3 8192 2.000000000 2
236 220 3 8192 2.000000000 2
236 220 3 8192 2.000000000 2
236 220 3 8192 2.000000000 2
236 220 3 8192 2.000000000 2
236 220 3 8192 2.000000000 2
236 220 3 8192 2.000000000 2
236 220 3 8192 2.000000000 2
236 524 3 8192 2.000000000 2
236 524 3 8192 2.000000000 2
236 524 3 8192 2.000000000 2
236 524 3 8192 2.000000000 2
236 524 3 8192 2.000000000 2
236 524 3 8192 2.000000000 2
236 524 3 8192 2.000000000 2
236 524 3 8192 2.000000000 2
236 780 3 8192 2.000000000 2
236 780 3 8192 2.000000000 2
236 780 3 8192 2.000000000 2
236 780 3 8192 2.000000000 2
236 780 3 8192 2.000000000 2
236 780 3 8192 2.000000000 2
236 780 3 8192 2.000000000 2
236 780 3 8192 2.000000000 2
236 1084 3 8192 2.000000000 2
236 1084 3 8192 2.000000000 2
236 1084 3 8192 2.000000000 2
236 1084 3 8192 2.000000000 2
236 1084 3 8192 2.000000000 2
236 1084 3 8192 2.000000000 2
236 1084 3 8192 2.000000000 2
236 1084 3 8192 2.000000000 2
236 1260 3 8192 2.000000000 2
236 1260 3 8192 2.000000000 2
236 1260 3 8192 2.000000000 2
236 1260 3 8192 2.000000000 2
236 1260 3 8192 2.000000000 2
236 1260 3 8192 2.000000000 2
236 1260 3 8192 2.000000000 2
236 1260 3 8192 2.000000000 2
236 1264 3 8192 2.000000000 2
236 1264 3 8192 2.000000000 2
236 1264 3 8192 2.000000000 2
236 1264 3 8192 2.000000000 2
236 1264 3 8192 2.000000000 2
236 1264 3 8192 2.000000000 2
236 1264 3 8192 2.000000000 2
236 1264 3 8192 2.000000000 2
240 4 3 8192 2.000000000 2
240 4 3 8192 2.000000000 2
240 4 3 8192 2.000000000 2
240 4 3 8192 2.000000000 2
240 4 3 8192 2.000000000 2
240 4 3 8192 2.000000000 2
240 4 3 8192 2.000000000 2
240 4 3 8192 2.000000000 2
240 376 3 8192 2.000000000 2
240 376 3 8192 2.000000000 2
240 376 3 8192 2.000000000 2
240 376 3 8192 2.000000000 2
240 376 3 8192 2.000000000 2
240 376 3 8192 2.000000000 2
240 376 3 8192 2.000000000 2
240 376 3 8192 2.000000000 2
240 712 3 8192 2.000000000 2
240 712 3 8192 2.000000000 2
240 712 3 8192 2.000000000 2
240 712 3 8192 2.000000000 2
240 712 3 8192 2.000000000 2
240 712 3 8192 2.000000000 2
240 712 3 8192 2.000000000 2
240 712 3 8192 2.000000000 2
240 720 3 8192 2.000000000 2
240 720 3 8192 2.000000000 2
240 720 3 8192 2.000000000 2
240 720 3 8192 2.000000000 2
240 720 3 8192 2.000000000 2
240 720 3 8192 2.000000000 2
240 720 3 8192 2.000000000 2
240 720 3 8192 2.000000000 2
240 744 3 8192 2.000000000 2
240 744 3 8192 2.000000000 2
240 744 3 8192 2.000000000 2
240 744 3 8192 2.000000000 2
240 744 3 8192 2.000000000 2
240 744 3 8192 2.000000000 2
240 744 3 8192 2.000000000 2
240 744 3 8192 2.000000000 2
240 876 3 8192 2.000000000 2
240 876 3 8192 2.000000000 2
240 876 3 8192 2.000000000 2
240 876 3 8192 2.000000000 2
240 876 3 8192 2.000000000 2
240 876 3 8192 2.000000000 2
240 876 3 8192 2.000000000 2
240 876 3 8192 2.000000000 2
240 948 3 8192 2.000000000 2
240 948 3 8192 2.000000000 2
240 948 3 8192 2.000000000 2
240 948 3 8192 2.000000000 2
240 948 3 8192 2.000000000 2
240 948 3 8192 2.000000000 2
240 948 3 8192 2.000000000 2
240 948 3 8192 2.000000000 2
240 1020 3 8192 2.000000000 2
240 1020 3 8192 2.000000000 2
240 1020 3 8192 2.000000000 2
240 1020 3 8192 2.000000000 2
240 1020 3 8192 2.000000000 2
240 1020 3 8192 2.000000000 2
240 1020 3 8192 2.000000000 2
240 1020 3 8192 2.000000000 2
244 352 3 8192 2.000000000 2
244 352 3 8192 2.000000000 2
244 352 3 8192 2.000000000 2
244 352 3 8192 2.000000000 2
244 352 3 8192 2.000000000 2
244 352 3 8192 2.000000000 2
244 352 3 8192 2.000000000 2
244 352 3 8192 2.000000000 2
244 456 3 8192 2.000000000 2
244 456 3 8192 2.000000000 2
244 456 3 8192 2.000000000 2
244 456 3 8192 2.000000000 2
244 456 3 8192 2.000000000 2
244 456 3 8192 2.000000000 2
244 456 3 8192 2.000000000 2
244 456 3 8192 2.000000000 2
244 468 3 8192 2.000000000 2
244 468 3 8192 2.000000000 2
244 468 3 8192 2.000000000 2
244 468 3 8192 2.000000000 2
244 468 3 8192 2.000000000 2
244 468 3 8192 2.000000000 2
244 468 3 8192 2.000000000 2
244 468 3 8192 2.000000000 2
244 656 3 8192 2.000000000 2
244 656 3 8192 2.000000000 2
244 656 3 8192 2.000000000 2
244 656 3 8192 2.000000000 2
244 656 3 8192 2.000000000 2
244 656 3 8192 2.000000000 2
244 656 3 8192 2.000000000 2
244 656 3 8192 2.000000000 2
244 1008 3 8192 2.000000000 2
244 1008 3 8192 2.000000000 2
244 1008 3 8192 2.000000000 2
244 1008 3 8192 2.000000000 2
244 1008 3 8192 2.000000000 2
244 1008 3 8192 2.000000000 2
244 1008 3 8192 2.000000000 2
244 1008 3 8192 2.000000000 2
244 1104 3 8192 2.000000000 2
244 1104 3 8192 2.000000000 2
244 1104 3 8192 2.000000000 2
244 1104 3 8192 2.000000000 2
244 1104 3 8192 2.000000000 2
244 1104 3 8192 2.000000000 2
244 1104 3 8192 2.000000000 2
244 1104 3 8192 2.000000000 2
244 1168 3 8192 2.000000000 2
244 1168 3 8192 2.000000000 2
244 1168 3 8192 2.000000000 2
244 1168 3 8192 2.000000000 2
244 1168 3 8192 2.000000000 2
244 1168 3 8192 2.000000000 2
244 1168 3 8192 2.000000000 2
244 1168 3 8192 2.000000000 2
244 1212 3 8192 2.000000000 2
244 1212 3 8192 2.000000000 2
244 1212 3 8192 2.000000000 2
244 1212 3 8192 2.000000000 2
244 1212 3 8192 2.000000000 2
244 1212 3 8192 2.000000000 2
244 1212 3 8192 2.000000000 2
244 1212 3 8192 2.000000000 2
248 100 3 8192 2.000000000 2
248 100 3 8192 2.000000000 2
248 100 3 8192 2.000000000 2
248 100 3 8192 2.000000000 2
248 100 3 8192 2.000000000 2
248 100 3 8192 2.000000000 2
248 100 3 8192 2.000000000 2
248 100 3 8192 2.000000000 2
248 112 3 8192 2.000000000 2
248 112 3 8192 2.000000000 2
248 112 3 8192 2.000000000 2
248 112 3 8192 2.000000000 2
248 112 3 8192 2.000000000 2
248 112 3 8192 2.000000000 2
248 112 3 8192 2.000000000 2
248 112 3 8192 2.000000000 2
248 368 3 8192 2.000000000 2
248 368 3 8192 2.000000000 2
248 368 3 8192 2.000000000 2
248 368 3 8192 2.000000000 2
248 368 3 8192 2.000000000 2
248 368 3 8192 2.000000000 2
248 368 3 8192 2.000000000 2
248 368 3 8192 2.000000000 2
248 692 3 8192 2.000000000 2
248 692 3 8192 2.000000000 2
248 692 3 8192 2.000000000 2
248 692 3 8192 2.000000000 2
248 692 3 8192 2.000000000 2
248 692 3 8192 2.000000000 2
248 692 3 8192 2.000000000 2
248 692 3 8192 2.000000000 2
248 720 3 8192 2.000000000 2
248 720 3 8192 2.000000000 2
248 720 3 8192 2.000000000 2
248 720 3 8192 2.000000000 2
248 720 3 8192 2.000000000 2
248 720 3 8192 2.000000000 2
248 720 3 8192 2.000000000 2
248 720 3 8192 2.000000000 2
248 820 3 8192 2.000000000 2
248 820 3 8192 2.000000000 2
248 820 3 8192 2.000000000 2
248 820 3 8192 2.000000000 2
248 820 3 8192 2.000000000 2
248 820 3 8192 2.000000000 2
248 820 3 8192 2.000000000 2
248 820 3 8192 2.000000000 2
248 840 3 8192 2.000000000 2
248 840 3 8192 2.000000000 2
248 840 3 8192 2.000000000 2
248 840 3 8192 2.000000000 2
248 840 3 8192 2.000000000 2
248 840 3 8192 2.000000000 2
248 840 3 8192 2.000000000 2
248 840 3 8192 2.000000000 2
248 1228 3 8192 2.000000000 2
248 1228 3 8192 2.000000000 2
248 1228 3 8192 2.000000000 2
248 1228 3 8192 2.000000000 2
248 1228 3 8192 2.000000000 2
248 1228 3 8192 2.000000000 2
248 1228 3 8192 2.000000000 2
248 1228 3 8192 2.000000000 2
252 136 3 8192 2.000000000 2
252 136 3 8192 2.000000000 2
252 136 3 8192 2.000000000 2
252 136 3 8192 2.000000000 2
252 136 3 8192 2.000000000 2
252 136 3 8192 2.000000000 2
252 136 3 8192 2.000000000 2
252 136 3 8192 2.000000000 2
252 156 3 8192 2.000000000 2
252 156 3 8192 2.000000000 2
252 156 3 8192 2.000000000 2
252 156 3 8192 2.000000000 2
252 156 3 8192 2.000000000 2
252 156 3 8192 2.000000000 2
252 156 3 8192 2.000000000 2
252 156 3 8192 2.000000000 2
252 524 3 8192 2.000000000 2
252 524 3 8192 2.000000000 2
252 524 3 8192 2.000000000 2
252 524 3 8192 2.000000000 2
252 524 3 8192 2.000000000 2
252 524 3 8192 2.000000000 2
252 524 3 8192 2.000000000 2
252 524 3 8192 2.000000000 2
252 564 3 8192 2.000000000 2
252 564 3 8192 2.000000000 2
252 564 3 8192 2.000000000 2
252 564 3 8192 2.000000000 2
252 564 3 8192 2.000000000 2
252 564 3 8192 2.000000000 2
252 564 3 8192 2.000000000 2
252 564 3 8192 2.000000000 2
252 644 3 8192 2.000000000 2
252 644 3 8192 2.000000000 2
252 644 3 8192 2.000000000 2
252 644 3 8192 2.000000000 2
252 644 3 8192 2.000000000 2
252 644 3 8192 2.000000000 2
252 644 3 8192 2.000000000 2
252 644 3 8192 2.000000000 2
252 748 3 8192 2.000000000 2
252 748 3 8192 2.000000000 2
252 748 3 8192 2.000000000 2
252 748 3 8192 2.000000000 2
252 748 3 8192 2.000000000 2
252 748 3 8192 2.000000000 2
252 748 3 8192 2.000000000 2
252 748 3 8192 2.000000000 2
252 860 3 8192 2.000000000 2
252 860 3 8192 2.000000000 2
252 860 3 8192 2.000000000 2
252 860 3 8192 2.000000000 2
252 860 3 8192 2.000000000 2
252 860 3 8192 2.000000000 2
252 860 3 8192 2.000000000 2
252 860 3 8192 2.000000000 2
252 1160 3 8192 2.000000000 2
252 1160 3 8192 2.000000000 2
252 1160 3 8192 2.000000000 2
252 1160 3 8192 2.000000000 2
252 1160 3 8192 2.000000000 2
252 1160 3 8192 2.000000000 2
252 1160 3 8192 2.000000000 2
252 1160 3 8192 2.000000000 2
256 688 3 8192 2.000000000 2
256 688 3 8192 2.000000000 2
256 688 3 8192 2.000000000 2
256 688 3 8192 2.000000000 2
256 688 3 8192 2.000000000 2
256 688 3 8192 2.000000000 2
256 688 3 8192 2.000000000 2
256 688 3 8192 2.000000000 2
256 704 3 8192 2.000000000 2
256 704 3 8192 2.000000000 2
256 704 3 8192 2.000000000 2
256 704 3 8192 2.000000000 2
256 704 3 8192 2.000000000 2
256 704 3 8192 2.000000000 2
256 704 3 8192 2.000000000 2
256 704 3 8192 2.000000000 2
256 784 3 8192 2.000000000 2
256 784 3 8192 2.000000000 2
256 784 3 8192 2.000000000 2
256 784 3 8192 2.000000000 2
256 784 3 8192 2.000000000 2
256 784 3 8192 2.000000000 2
256 784 3 8192 2.000000000 2
256 784 3 8192 2.000000000 2
256 792 3 8192 2.000000000 2
256 792 3 8192 2.000000000 2
256 792 3 8192 2.000000000 2
256 792 3 8192 2.000000000 2
256 792 3 8192 2.000000000 2
256 792 3 8192 2.000000000 2
256 792 3 8192 2.000000000 2
256 792 3 8192 2.000000000 2
256 1016 3 8192 2.000000000 2
256 1016 3 8192 2.000000000 2
256 1016 3 8192 2.000000000 2
256 1016 3 8192 2.000000000 2
256 1016 3 8192 2.000000000 2
256 1016 3 8192 2.000000000 2
256 1016 3 8192 2.000000000 2
256 1016 3 8192 2.000000000 2
256 1024 3 8192 2.000000000 2
256 1024 3 8192 2.000000000 2
256 1024 3 8192 2.000000000 2
256 1024 3 8192 2.000000000 2
256 1024 3 8192 2.000000000 2
256 1024 3 8192 2.000000000 2
256 1024 3 8192 2.000000000 2
256 1024 3 8192 2.000000000 2
256 1112 3 8192 2.000000000 2
256 1112 3 8192 2.000000000 2
256 1112 3 8192 2.000000000 2
256 1112 3 8192 2.000000000 2
256 1112 3 8192 2.000000000 2
256 1112 3 8192 2.000000000 2
256 1112 3 8192 2.000000000 2
256 1112 3 8192 2.000000000 2
256 1252 3 8192 2.000000000 2
256 1252 3 8192 2.000000000 2
256 1252 3 8192 2.000000000 2
256 1252 3 8192 2.000000000 2
256 1252 3 8192 2.000000000 2
256 1252 3 8192 2.000000000 2
256 1252 3 8192 2.000000000 2
256 1252 3 8192 2.000000000 2
260 136 3 8192 2.000000000 2
260 136 3 8192 2.000000000 2
260 136 3 8192 2.000000000 2
260 136 3 8192 2.000000000 2
260 136 3 8192 2.000000000 2
260 136 3 8192 2.000000000 2
260 136 3 8192 2.000000000 2
260 136 3 8192 2.000000000 2
260 236 3 8192 2.000000000 2
260 236 3 8192 2.000000000 2
260 236 3 8192 2.000000000 2
260 236 3 8192 2.000000000 2
260 236 3 8192 2.000000000 2
260 236 3 8192 2.000000000 2
260 236 3 8192 2.000000000 2
260 236 3 8192 2.000000000 2
260 468 3 8192 2.000000000 2
260 468 3 8192 2.000000000 2
260 468 3 8192 2.000000000 2
260 468 3 8192 2.000000000 2
260 468 3 8192 2.000000000 2
260 468 3 8192 2.000000000 2
260 468 3 8192 2.000000000 2
260 468 3 8192 2.000000000 2
260 596 3 8192 2.000000000 2
260 596 3 8192 2.000000000 2
260 596 3 8192 2.000000000 2
260 596 3 8192 2.000000000 2
260 596 3 8192 2.000000000 2
260 596 3 8192 2.000000000 2
260 596 3 8192 2.000000000 2
260 596 3 8192 2.000000000 2
260 624 3 8192 2.000000000 2
260 624 3 8192 2.000000000 2
260 624 3 8192 2.000000000 2
260 624 3 8192 2.000000000 2
260 624 3 8192 2.000000000 2
260 624 3 8192 2.000000000 2
260 624 3 8192 2.000000000 2
260 624 3 8192 2.000000000 2
260 696 3 8192 2.000000000 2
260 696 3 8192 2.000000000 2
260 696 3 8192 2.000000000 2
260 696 3 8192 2.000000000 2
260 696 3 8192 2.000000000 2
260 696 3 8192 2.000000000 2
260 696 3 8192 2.000000000 2
260 696 3 8192 2.000000000 2
260 708 3 8192 2.000000000 2
260 708 3 8192 2.000000000 2
260 708 3 8192 2.000000000 2
260 708 3 8192 2.000000000 2
260 708 3 8192 2.000000000 2
260 708 3 8192 2.000000000 2
260 708 3 8192 2.000000000 2
260 708 3 8192 2.000000000 2
260 828 3 8192 2.000000000 2
260 828 3 8192 2.000000000 2
260 828 3 8192 2.000000000 2
260 828 3 8192 2.000000000 2
260 828 3 8192 2.000000000 2
260 828 3 8192 2.000000000 2
260 828 3 8192 2.000000000 2
260 828 3 8192 2.000000000 2
268 576 3 8192 2.000000000 2
268 576 3 8192 2.000000000 2
268 576 3 8192 2.000000000 2
268 576 3 8192 2.000000000 2
268 576 3 8192 2.000000000 2
268 576 3 8192 2.000000000 2
268 576 3 8192 2.000000000 2
268 576 3 8192 2.000000000 2
268 608 3 8192 2.000000000 2
268 608 3 8192 2.000000000 2
268 608 3 8192 2.000000000 2
268 608 3 8192 2.000000000 2
268 608 3 8192 2.000000000 2
268 608 3 8192 2.000000000 2
268 608 3 8192 2.000000000 2
268 608 3 8192 2.000000000 2
268 808 3 8192 2.000000000 2
268 808 3 8192 2.000000000 2
268 808 3 8192 2.000000000 2
268 808 3 8192 2.000000000 2
268 808 3 8192 2.000000000 2
268 808 3 8192 2.000000000 2
268 808 3 8192 2.000000000 2
268 808 3 8192 2.000000000 2
268 836 3 8192 2.000000000 2
268 836 3 8192 2.000000000 2
268 836 3 8192 2.000000000 2
268 836 3 8192 2.000000000 2
268 836 3 8192 2.000000000 2
268 836 3 8192 2.000000000 2
268 836 3 8192 2.000000000 2
268 836 3 8192 2.000000000 2
268 1060 3 8192 2.000000000 2
268 1060 3 8192 2.000000000 2
268 1060 3 8192 2.000000000 2
268 1060 3 8192 2.000000000 2
268 1060 3 8192 2.000000000 2
268 1060 3 8192 2.000000000 2
268 1060 3 8192 2.000000000 2
268 1060 3 8192 2.000000000 2
268 1100 3 8192 2.000000000 2
268 1100 3 8192 2.000000000 2
268 1100 3 8192 2.000000000 2
268 1100 3 8192 2.000000000 2
268 1100 3 8192 2.000000000 2
268 1100 3 8192 2.000000000 2
268 1100 3 8192 2.000000000 2
268 1100 3 8192 2.000000000 2
268 1232 3 8192 2.000000000 2
268 1232 3 8192 2.000000000 2
268 1232 3 8192 2.000000000 2
268 1232 3 8192 2.000000000 2
268 1232 3 8192 2.000000000 2
268 1232 3 8192 2.000000000 2
268 1232 3 8192 2.000000000 2
268 1232 3 8192 2.000000000 2
268 1248 3 8192 2.000000000 2
268 1248 3 8192 2.000000000 2
268 1248 3 8192 2.000000000 2
268 1248 3 8192 2.000000000 2
268 1248 3 8192 2.000000000 2
268 1248 3 8192 2.000000000 2
268 1248 3 8192 2.000000000 2
268 1248 3 8192 2.000000000 2
276 4 3 8192 2.000000000 2
276 4 3 8192 2.000000000 2
276 4 3 8192 2.000000000 2
276 4 3 8192 2.000000000 2
276 4 3 8192 2.000000000 2
276 4 3 8192 2.000000000 2
276 4 3 8192 2.000000000 2
276 4 3 8192 2.000000000 2
276 124 3 8192 2.000000000 2
276 124 3 8192 2.000000000 2
276 124 3 8192 2.000000000 2
276 124 3 8192 2.000000000 2
276 124 3 8192 2.000000000 2
276 124 3 8192 2.000000000 2
276 124 3 8192 2.000000000 2
276 124 3 8192 2.000000000 2
276 184 3 8192 2.000000000 2
276 184 3 8192 2.000000000 2
276 184 3 8192 2.000000000 2
276 184 3 8192 2.000000000 2
276 184 3 8192 2.000000000 2
276 184 3 8192 2.000000000 2
276 184 3 8192 2.000000000 2
276 184 3 8192 2.000000000 2
276 268 3 8192 2.000000000 2
276 268 3 8192 2.000000000 2
276 268 3 8192 2.000000000 2
276 268 3 8192 2.000000000 2
276 268 3 8192 2.000000000 2
276 268 3 8192 2.000000000 2
276 268 3 8192 2.000000000 2
276 268 3 8192 2.000000000 2
276 320 3 8192 2.000000000 2
276 320 3 8192 2.000000000 2
276 320 3 8192 2.000000000 2
276 320 3 8192 2.000000000 2
276 320 3 8192 2.000000000 2
276 320 3 8192 2.000000000 2
276 320 3 8192 2.000000000 2
276 320 3 8192 2.000000000 2
276 744 3 8192 2.000000000 2
276 744 3 8192 2.000000000 2
276 744 3 8192 2.000000000 2
276 744 3 8192 2.000000000 2
276 744 3 8192 2.000000000 2
276 744 3 8192 2.000000000 2
276 744 3 8192 2.000000000 2
276 744 3 8192 2.000000000 2
276 916 3 8192 2.000000000 2
276 916 3 8192 2.000000000 2
276 916 3 8192 2.000000000 2
276 916 3 8192 2.000000000 2
276 916 3 8192 2.000000000 2
276 916 3 8192 2.000000000 2
276 916 3 8192 2.000000000 2
276 916 3 8192 2.000000000 2
276 1264 3 8192 2.000000000 2
276 1264 3 8192 2.000000000 2
276 1264 3 8192 2.000000000 2
276 1264 3 8192 2.000000000 2
276 1264 3 8192 2.000000000 2
276 1264 3 8192 2.000000000 2
276 1264 3 8192 2.000000000 2
276 1264 3 8192 2.000000000 2
280 24 3 8192 2.000000000 2
280 24 3 8192 2.000000000 2
280 24 3 8192 2.000000000 2
280 24 3 8192 2.000000000 2
280 24 3 8192 2.000000000 2
280 24 3 8192 2.000000000 2
280 24 3 8192 2.000000000 2
280 24 3 8192 2.000000000 2
280 60 3 8192 2.000000000 2
280 60 3 8192 2.000000000 2
280 60 3 8192 2.000000000 2
280 60 3 8192 2.000000000 2
280 60 3 8192 2.000000000 2
280 60 3 8192 2.000000000 2
280 60 3 8192 2.000000000 2
280 60 3 8192 2.000000000 2
280 152 3 8192 2.000000000 2
280 152 3 8192 2.000000000 2
280 152 3 8192 2.000000000 2
280 152 3 8192 2.000000000 2
280 152 3 8192 2.000000000 2
280 152 3 8192 2.000000000 2
280 152 3 8192 2.000000000 2
280 152 3 8192 2.000000000 2
280 640 3 8192 2.000000000 2
280 640 3 8192 2.000000000 2
280 640 3 8192 2.000000000 2
280 640 3 8192 2.000000000 2
280 640 3 8192 2.000000000 2
280 640 3 8192 2.000000000 2
280 640 3 8192 2.000000000 2
280 640 3 8192 2.000000000 2
280 688 3 8192 2.000000000 2
280 688 3 8192 2.000000000 2
280 688 3 8192 2.000000000 2
280 688 3 8192 2.000000000 2
280 688 3 8192 2.000000000 2
280 688 3 8192 2.000000000 2
280 688 3 8192 2.000000000 2
280 688 3 8192 2.000000000 2
280 952 3 8192 2.000000000 2
280 952 3 8192 2.000000000 2
280 952 3 8192 2.000000000 2
280 952 3 8192 2.000000000 2
280 952 3 8192 2.000000000 2
280 952 3 8192 2.000000000 2
280 952 3 8192 2.000000000 2
280 952 3 8192 2.000000000 2
280 968 3 8192 2.000000000 2
280 968 3 8192 2.000000000 2
280 968 3 8192 2.000000000 2
280 968 3 8192 2.000000000 2
280 968 3 8192 2.000000000 2
280 968 3 8192 2.000000000 2
280 968 3 8192 2.000000000 2
280 968 3 8192 2.000000000 2
280 992 3 8192 2.000000000 2
280 992 3 8192 2.000000000 2
280 992 3 8192 2.000000000 2
280 992 3 8192 2.000000000 2
280 992 3 8192 2.000000000 2
280 992 3 8192 2.000000000 2
280 992 3 8192 2.000000000 2
280 992 3 8192 2.000000000 2
284 32 3 8192 2.000000000 2
284 32 3 8192 2.000000000 2
284 32 3 8192 2.000000000 2
284 32 3 8192 2.000000000 2
284 32 3 8192 2.000000000 2
284 32 3 8192 2.000000000 2
284 32 3 8192 2.000000000 2
284 32 3 8192 2.000000000 2
284 184 3 8192 2.000000000 2
284 184 3 8192 2.000000000 2
284 184 3 8192 2.000000000 2
284 184 3 8192 2.000000000 2
284 184 3 8192 2.000000000 2
284 184 3 8192 2.000000000 2
284 184 3 8192 2.000000000 2
284 184 3 8192 2.000000000 2
284 496 3 8192 2.000000000 2
284 496 3 8192 2.000000000 2
284 496 3 8192 2.000000000 2
284 496 3 8192 2.000000000 2
284 496 3 8192 2.000000000 2
284 496 3 8192 2.000000000 2
284 496 3 8192 2.000000000 2
284 496 3 8192 2.000000000 2
284 1160 3 8192 2.000000000 2
284 1160 3 8192 2.000000000 2
284 1160 3 8192 2.000000000 2
284 1160 3 8192 2.000000000 2
284 1160 3 8192 2.000000000 2
284 1160 3 8192 2.000000000 2
284 1160 3 8192 2.000000000 2
284 1160 3 8192 2.000000000 2
284 1180 3 8192 2.000000000 2
284 1180 3 8192 2.000000000 2
284 1180 3 8192 2.000000000 2
284 1180 3 8192 2.000000000 2
284 1180 3 8192 2.000000000 2
284 1180 3 8192 2.000000000 2
284 1180 3 8192 2.000000000 2
284 1180 3 8192 2.000000000 2
284 1236 3 8192 2.000000000 2
284 1236 3 8192 2.000000000 2
284 1236 3 8192 2.000000000 2
284 1236 3 8192 2.000000000 2
284 1236 3 8192 2.000000000 2
284 1236 3 8192 2.000000000 2
284 1236 3 8192 2.000000000 2
284 1236 3 8192 2.000000000 2
284 1264 3 8192 2.000000000 2
284 1264 3 8192 2.000000000 2
284 1264 3 8192 2.000000000 2
284 1264 3 8192 2.000000000 2
284 1264 3 8192 2.000000000 2
284 1264 3 8192 2.000000000 2
284 1264 3 8192 2.000000000 2
284 1264 3 8192 2.000000000 2
284 1276 3 8192 2.000000000 2
284 1276 3 8192 2.000000000 2
284 1276 3 8192 2.000000000 2
284 1276 3 8192 2.000000000 2
284 1276 3 8192 2.000000000 2
284 1276 3 8192 2.000000000 2
284 1276 3 8192 2.000000000 2
284 1276 3 8192 2.000000000 2
288 0 3 8192 2.000000000 2
288 0 3 8192 2.000000000 2
288 0 3 8192 2.000000000 2
288 0 3 8192 2.000000000 2
288 0 3 8192 2.000000000 2
288 0 3 8192 2.000000000 2
288 0 3 8192 2.000000000 2
288 0 3 8192 2.000000000 2
288 212 3 8192 2.000000000 2
288 212 3 8192 2.000000000 2
288 212 3 8192 2.000000000 2
288 212 3 8192 2.000000000 2
288 212 3 8192 2.000000000 2
288 212 3 8192 2.000000000 2
288 212 3 8192 2.000000000 2
288 212 3 8192 2.000000000 2
288 472 3 8192 2.000000000 2
288 472 3 8192 2.000000000 2
288 472 3 8192 2.000000000 2
288 472 3 8192 2.000000000 2
288 472 3 8192 2.000000000 2
288 472 3 8192 2.000000000 2
288 472 3 8192 2.000000000 2
288 472 3 8192 2.000000000 2
288 476 3 8192 2.000000000 2
288 476 3 8192 2.000000000 2
288 476 3 8192 2.000000000 2
288 476 3 8192 2.000000000 2
288 476 3 8192 2.000000000 2
288 476 3 8192 2.000000000 2
288 476 3 8192 2.000000000 2
288 476 3 8192 2.000000000 2
288 824 3 8192 2.000000000 2
288 824 3 8192 2.000000000 2
288 824 3 8192 2.000000000 2
288 824 3 8192 2.000000000 2
288 824 3 8192 2.000000000 2
288 824 3 8192 2.000000000 2
288 824 3 8192 2.000000000 2
288 824 3 8192 2.000000000 2
288 876 3 8192 2.000000000 2
288 876 3 8192 2.000000000 2
288 876 3 8192 2.000000000 2
288 876 3 8192 2.000000000 2
288 876 3 8192 2.000000000 2
288 876 3 8192 2.000000000 2
288 876 3 8192 2.000000000 2
288 876 3 8192 2.000000000 2
288 1112 3 8192 2.000000000 2
288 1112 3 8192 2.000000000 2
288 1112 3 8192 2.000000000 2
288 1112 3 8192 2.000000000 2
288 1112 3 8192 2.000000000 2
288 1112 3 8192 2.000000000 2
288 1112 3 8192 2.000000000 2
288 1112 3 8192 2.000000000 2
288 1196 3 8192 2.000000000 2
288 1196 3 8192 2.000000000 2
288 1196 3 8192 2.000000000 2
288 1196 3 8192 2.000000000 2
288 1196 3 8192 2.000000000 2
288 1196 3 8192 2.000000000 2
288 1196 3 8192 2.000000000 2
288 1196 3 8192 2.000000000 2
300 192 3 8192 2.000000000 2
300 192 3 8192 2.000000000 2
300 192 3 8192 2.000000000 2
300 192 3 8192 2.000000000 2
300 192 3 8192 2.000000000 2
300 192 3 8192 2.000000000 2
300 192 3 8192 2.000000000 2
300 192 3 8192 2.000000000 2
300 212 3 8192 2.000000000 2
300 212 3 8192 2.000000000 2
300 212 3 8192 2.000000000 2
300 212 3 8192 2.000000000 2
300 212 3 8192 2.000000000 2
300 212 3 8192 2.000000000 2
300 212 3 8192 2.000000000 2
300 212 3 8192 2.000000000 2
300 236 3 8192 2.000000000 2
300 236 3 8192 2.000000000 2
300 236 3 8192 2.000000000 2
300 236 3 8192 2.000000000 2
300 236 3 8192 2.000000000 2
300 236 3 8192 2.000000000 2
300 236 3 8192 2.000000000 2
300 236 3 8192 2.000000000 2
300 628 3 8192 2.000000000 2
300 628 3 8192 2.000000000 2
300 628 3 8192 2.000000000 2
300 628 3 8192 2.000000000 2
300 628 3 8192 2.000000000 2
300 628 3 8192 2.000000000 2
300 628 3 8192 2.000000000 2
300 628 3 8192 2.000000000 2
300 692 3 8192 2.000000000 2
300 692 3 8192 2.000000000 2
300 692 3 8192 2.000000000 2
300 692 3 8192 2.000000000 2
300 692 3 8192 2.000000000 2
300 692 3 8192 2.000000000 2
300 692 3 8192 2.000000000 2
300 692 3 8192 2.000000000 2
300 704 3 8192 2.000000000 2
300 704 3 8192 2.000000000 2
300 704 3 8192 2.000000000 2
300 704 3 8192 2.000000000 2
300 704 3 8192 2.000000000 2
300 704 3 8192 2.000000000 2
300 704 3 8192 2.000000000 2
300 704 3 8192 2.000000000 2
300 752 3 8192 2.000000000 2
300 752 3 8192 2.000000000 2
300 752 3 8192 2.000000000 2
300 752 3 8192 2.000000000 2
300 752 3 8192 2.000000000 2
300 752 3 8192 2.000000000 2
300 752 3 8192 2.000000000 2
300 752 3 8192 2.000000000 2
300 796 3 8192 2.000000000 2
300 796 3 8192 2.000000000 2
300 796 3 8192 2.000000000 2
300 796 3 8192 2.000000000 2
300 796 3 8192 2.000000000 2
300 796 3 8192 2.000000000 2
300 796 3 8192 2.000000000 2
300 796 3 8192 2.000000000 2
308 68 3 8192 2.000000000 2
308 68 3 8192 2.000000000 2
308 68 3 8192 2.000000000 2
308 68 3 8192 2.000000000 2
308 68 3 8192 2.000000000 2
308 68 3 8192 2.000000000 2
308 68 3 8192 2.000000000 2
308 68 3 8192 2.000000000 2
308 164 3 8192 2.000000000 2
308 164 3 8192 2.000000000 2
308 164 3 8192 2.000000000 2
308 164 3 8192 2.000000000 2
308 164 3 8192 2.000000000 2
308 164 3 8192 2.000000000 2
308 164 3 8192 2.000000000 2
308 164 3 8192 2.000000000 2
308 192 3 8192 2.000000000 2
308 192 3 8192 2.000000000 2
308 192 3 8192 2.000000000 2
308 192 3 8192 2.000000000 2
308 192 3 8192 2.000000000 2
308 192 3 8192 2.000000000 2
308 192 3 8192 2.000000000 2
308 192 3 8192 2.000000000 2
308 268 3 8192 2.000000000 2
308 268 3 8192 2.000000000 2
308 268 3 8192 2.000000000 2
308 268 3 8192 2.000000000 2
308 268 3 8192 2.000000000 2
308 268 3 8192 2.000000000 2
308 268 3 8192 2.000000000 2
308 268 3 8192 2.000000000 2
308 824 3 8192 2.000000000 2
308 824 3 8192 2.000000000 2
308 824 3 8192 2.000000000 2
308 824 3 8192 2.000000000 2
308 824 3 8192 2.000000000 2
308 824 3 8192 2.000000000 2
308 824 3 8192 2.000000000 2
308 824 3 8192 2.000000000 2
308 896 3 8192 2.000000000 2
308 896 3 8192 2.000000000 2
308 896 3 8192 2.000000000 2
308 896 3 8192 2.000000000 2
308 896 3 8192 2.000000000 2
308 896 3 8192 2.000000000 2
308 896 3 8192 2.000000000 2
308 896 3 8192 2.000000000 2
308 1068 3 8192 2.000000000 2
308 1068 3 8192 2.000000000 2
308 1068 3 8192 2.000000000 2
308 1068 3 8192 2.000000000 2
308 1068 3 8192 2.000000000 2
308 1068 3 8192 2.000000000 2
308 1068 3 8192 2.000000000 2
308 1068 3 8192 2.000000000 2
308 1232 3 8192 2.000000000 2
308 1232 3 8192 2.000000000 2
308 1232 3 8192 2.000000000 2
308 1232 3 8192 2.000000000 2
308 1232 3 8192 2.000000000 2
308 1232 3 8192 2.000000000 2
308 1232 3 8192 2.000000000 2
308 1232 3 8192 2.000000000 2
312 12 3 8192 2.000000000 2
312 12 3 8192 2.000000000 2
312 12 3 8192 2.000000000 2
312 12 3 8192 2.000000000 2
312 12 3 8192 2.000000000 2
312 12 3 8192 2.000000000 2
312 12 3 8192 2.000000000 2
312 12 3 8192 2.000000000 2
312 356 3 8192 2.000000000 2
312 356 3 8192 2.000000000 2
312 356 3 8192 2.000000000 2
312 356 3 8192 2.000000000 2
312 356 3 8192 2.000000000 2
312 356 3 8192 2.000000000 2
312 356 3 8192 2.000000000 2
312 356 3 8192 2.000000000 2
312 492 3 8192 2.000000000 2
312 492 3 8192 2.000000000 2
312 492 3 8192 2.000000000 2
312 492 3 8192 2.000000000 2
312 492 3 8192 2.000000000 2
312 492 3 8192 2.000000000 2
312 492 3 8192 2.000000000 2
312 492 3 8192 2.000000000 2
312 596 3 8192 2.000000000 2
312 596 3 8192 2.000000000 2
312 596 3 8192 2.000000000 2
312 596 3 8192 2.000000000 2
312 596 3 8192 2.000000000 2
312 596 3 8192 2.000000000 2
312 596 3 8192 2.000000000 2
312 596 3 8192 2.000000000 2
312 620 3 8192 2.000000000 2
312 620 3 8192 2.000000000 2
312 620 3 8192 2.000000000 2
312 620 3 8192 2.000000000 2
312 620 3 8192 2.000000000 2
312 620 3 8192 2.000000000 2
312 620 3 8192 2.000000000 2
312 620 3 8192 2.000000000 2
312 1068 3 8192 2.000000000 2
312 1068 3 8192 2.000000000 2
312 1068 3 8192 2.000000000 2
312 1068 3 8192 2.000000000 2
312 1068 3 8192 2.000000000 2
312 1068 3 8192 2.000000000 2
312 1068 3 8192 2.000000000 2
312 1068 3 8192 2.000000000 2
312 1180 3 8192 2.000000000 2
312 1180 3 8192 2.000000000 2
312 1180 3 8192 2.000000000 2
312 1180 3 8192 2.000000000 2
312 1180 3 8192 2.000000000 2
312 1180 3 8192 2.000000000 2
312 1180 3 8192 2.000000000 2
312 1180 3 8192 2.000000000 2
312 1256 3 8192 2.000000000 2
312 1256 3 8192 2.000000000 2
312 1256 3 8192 2.000000000 2
312 1256 3 8192 2.000000000 2
312 1256 3 8192 2.000000000 2
312 1256 3 8192 2.000000000 2
312 1256 3 8192 2.000000000 2
312 1256 3 8192 2.000000000 2
316 104 3 8192 2.000000000 2
316 104 3 8192 2.000000000 2
316 104 3 8192 2.000000000 2
316 104 3 8192 2.000000000 2
316 104 3 8192 2.000000000 2
316 104 3 8192 2.000000000 2
316 104 3 8192 2.000000000 2
316 104 3 8192 2.000000000 2
316 404 3 8192 2.000000000 2
316 404 3 8192 2.000000000 2
316 404 3 8192 2.000000000 2
316 404 3 8192 2.000000000 2
316 404 3 8192 2.000000000 2
316 404 3 8192 2.000000000 2
316 404 3 8192 2.000000000 2
316 404 3 8192 2.000000000 2
316 480 3 8192 2.000000000 2
316 480 3 8192 2.000000000 2
316 480 3 8192 2.000000000 2
316 480 3 8192 2.000000000 2
316 480 3 8192 2.000000000 2
316 480 3 8192 2.000000000 2
316 480 3 8192 2.000000000 2
316 480 3 8192 2.000000000 2
316 720 3 8192 2.000000000 2
316 720 3 8192 2.000000000 2
316 720 3 8192 2.000000000 2
316 720 3 8192 2.000000000 2
316 720 3 8192 2.000000000 2
316 720 3 8192 2.000000000 2
316 720 3 8192 2.000000000 2
316 720 3 8192 2.000000000 2
316 912 3 8192 2.000000000 2
316 912 3 8192 2.000000000 2
316 912 3 8192 2.000000000 2
316 912 3 8192 2.000000000 2
316 912 3 8192 2.000000000 2
316 912 3 8192 2.000000000 2
316 912 3 8192 2.000000000 2
316 912 3 8192 2.000000000 2
316 952 3 8192 2.000000000 2
316 952 3 8192 2.000000000 2
316 952 3 8192 2.000000000 2
316 952 3 8192 2.000000000 2
316 952 3 8192 2.000000000 2
316 952 3 8192 2.000000000 2
316 952 3 8192 2.000000000 2
316 952 3 8192 2.000000000 2
316 968 3 8192 2.000000000 2
316 968 3 8192 2.000000000 2
316 968 3 8192 2.000000000 2
316 968 3 8192 2.000000000 2
316 968 3 8192 2.000000000 2
316 968 3 8192 2.000000000 2
316 968 3 8192 2.000000000 2
316 968 3 8192 2.000000000 2
316 1200 3 8192 2.000000000 2
316 1200 3 8192 2.000000000 2
316 1200 3 8192 2.000000000 2
316 1200 3 8192 2.000000000 2
316 1200 3 8192 2.000000000 2
316 1200 3 8192 2.000000000 2
316 1200 3 8192 2.000000000 2
316 1200 3 8192 2.000000000 2
320 588 3 8192 2.000000000 2
320 588 3 8192 2.000000000 2
320 588 3 8192 2.000000000 2
320 588 3 8192 2.000000000 2
320 588 3 8192 2.000000000 2
320 588 3 8192 2.000000000 2
320 588 3 8192 2.000000000 2
320 588 3 8192 2.000000000 2
320 692 3 8192 2.000000000 2
320 692 3 8192 2.000000000 2
320 692 3 8192 2.000000000 2
320 692 3 8192 2.000000000 2
320 692 3 8192 2.000000000 2
320 692 3 8192 2.000000000 2
320 692 3 8192 2.000000000 2
320 692 3 8192 2.000000000 2
320 696 3 8192 2.000000000 2
320 696 3 8192 2.000000000 2
320 696 3 8192 2.000000000 2
320 696 3 8192 2.000000000 2
320 696 3 8192 2.000000000 2
320 696 3 8192 2.000000000 2
320 696 3 8192 2.000000000 2
320 696 3 8192 2.000000000 2
320 1032 3 8192 2.000000000 2
320 1032 3 8192 2.000000000 2
320 1032 3 8192 2.000000000 2
320 1032 3 8192 2.000000000 2
320 1032 3 8192 2.000000000 2
320 1032 3 8192 2.000000000 2
320 1032 3 8192 2.000000000 2
320 1032 3 8192 2.000000000 2
320 1060 3 8192 2.000000000 2
320 1060 3 8192 2.000000000 2
320 1060 3 8192 2.000000000 2
320 1060 3 8192 2.000000000 2
320 1060 3 8192 2.000000000 2
320 1060 3 8192 2.000000000 2
320 1060 3 8192 2.000000000 2
320 1060 3 8192 2.000000000 2
320 1136 3 8192 2.000000000 2
320 1136 3 8192 2.000000000 2
320 1136 3 8192 2.000000000 2
320 1136 3 8192 2.000000000 2
320 1136 3 8192 2.000000000 2
320 1136 3 8192 2.000000000 2
320 1136 3 8192 2.000000000 2
320 1136 3 8192 2.000000000 2
320 1140 3 8192 2.000000000 2
320 1140 3 8192 2.000000000 2
320 1140 3 8192 2.000000000 2
320 1140 3 8192 2.000000000 2
320 1140 3 8192 2.000000000 2
320 1140 3 8192 2.000000000 2
320 1140 3 8192 2.000000000 2
320 1140 3 8192 2.000000000 2
320 1168 3 8192 2.000000000 2
320 1168 3 8192 2.000000000 2
320 1168 3 8192 2.000000000 2
320 1168 3 8192 2.000000000 2
320 1168 3 8192 2.000000000 2
320 1168 3 8192 2.000000000 2
320 1168 3 8192 2.000000000 2
320 1168 3 8192 2.000000000 2
324 120 3 8192 2.000000000 2
324 120 3 8192 2.000000000 2
324 120 3 8192 2.000000000 2
324 120 3 8192 2.000000000 2
324 120 3 8192 2.000000000 2
324 120 3 8192 2.000000000 2
324 120 3 8192 2.000000000 2
324 120 3 8192 2.000000000 2
324 180 3 8192 2.000000000 2
324 180 3 8192 2.000000000 2
324 180 3 8192 2.000000000 2
324 180 3 8192 2.000000000 2
324 180 3 8192 2.000000000 2
324 180 3 8192 2.000000000 2
324 180 3 8192 2.000000000 2
324 180 3 8192 2.000000000 2
324 284 3 8192 2.000000000 2
324 284 3 8192 2.000000000 2
324 284 3 8192 2.000000000 2
324 284 3 8192 2.000000000 2
324 284 3 8192 2.000000000 2
324 284 3 8192 2.000000000 2
324 284 3 8192 2.000000000 2
324 284 3 8192 2.000000000 2
324 452 3 8192 2.000000000 2
324 452 3 8192 2.000000000 2
324 452 3 8192 2.000000000 2
324 452 3 8192 2.000000000 2
324 452 3 8192 2.000000000 2
324 452 3 8192 2.000000000 2
324 452 3 8192 2.000000000 2
324 452 3 8192 2.000000000 2
324 480 3 8192 2.000000000 2
324 480 3 8192 2.000000000 2
324 480 3 8192 2.000000000 2
324 480 3 8192 2.000000000 2
324 480 3 8192 2.000000000 2
324 480 3 8192 2.000000000 2
324 480 3 8192 2.000000000 2
324 480 3 8192 2.000000000 2
324 652 3 8192 2.000000000 2
324 652 3 8192 2.000000000 2
324 652 3 8192 2.000000000 2
324 652 3 8192 2.000000000 2
324 652 3 8192 2.000000000 2
324 652 3 8192 2.000000000 2
324 652 3 8192 2.000000000 2
324 652 3 8192 2.000000000 2
324 956 3 8192 2.000000000 2
324 956 3 8192 2.000000000 2
324 956 3 8192 2.000000000 2
324 956 3 8192 2.000000000 2
324 956 3 8192 2.000000000 2
324 956 3 8192 2.000000000 2
324 956 3 8192 2.000000000 2
324 956 3 8192 2.000000000 2
324 1120 3 8192 2.000000000 2
324 1120 3 8192 2.000000000 2
324 1120 3 8192 2.000000000 2
324 1120 3 8192 2.000000000 2
324 1120 3 8192 2.000000000 2
324 1120 3 8192 2.000000000 2
324 1120 3 8192 2.000000000 2
324 1120 3 8192 2.000000000 2
336 36 3 8192 2.000000000 2
336 36 3 8192 2.000000000 2
336 36 3 8192 2.000000000 2
336 36 3 8192 2.000000000 2
336 36 3 8192 2.000000000 2
336 36 3 8192 2.000000000 2
336 36 3 8192 2.000000000 2
336 36 3 8192 2.000000000 2
336 124 3 8192 2.000000000 2
336 124 3 8192 2.000000000 2
336 124 3 8192 2.000000000 2
336 124 3 8192 2.000000000 2
336 124 3 8192 2.000000000 2
336 124 3 8192 2.000000000 2
336 124 3 8192 2.000000000 2
336 124 3 8192 2.000000000 2
336 376 3 8192 2.000000000 2
336 376 3 8192 2.000000000 2
336 376 3 8192 2.000000000 2
336 376 3 8192 2.000000000 2
336 376 3 8192 2.000000000 2
336 376 3 8192 2.000000000 2
336 376 3 8192 2.000000000 2
336 376 3 8192 2.000000000 2
336 700 3 8192 2.000000000 2
336 700 3 8192 2.000000000 2
336 700 3 8192 2.000000000 2
336 700 3 8192 2.000000000 2
336 700 3 8192 2.000000000 2
336 700 3 8192 2.000000000 2
336 700 3 8192 2.000000000 2
336 700 3 8192 2.000000000 2
336 724 3 8192 2.000000000 2
336 724 3 8192 2.000000000 2
336 724 3 8192 2.000000000 2
336 724 3 8192 2.000000000 2
336 724 3 8192 2.000000000 2
336 724 3 8192 2.000000000 2
336 724 3 8192 2.000000000 2
336 724 3 8192 2.000000000 2
336 740 3 8192 2.000000000 2
336 740 3 8192 2.000000000 2
336 740 3 8192 2.000000000 2
336 740 3 8192 2.000000000 2
336 740 3 8192 2.000000000 2
336 740 3 8192 2.000000000 2
336 740 3 8192 2.000000000 2
336 740 3 8192 2.000000000 2
336 748 3 8192 2.000000000 2
336 748 3 8192 2.000000000 2
336 748 3 8192 2.000000000 2
336 748 3 8192 2.000000000 2
336 748 3 8192 2.000000000 2
336 748 3 8192 2.000000000 2
336 748 3 8192 2.000000000 2
336 748 3 8192 2.000000000 2
336 1076 3 8192 2.000000000 2
336 1076 3 8192 2.000000000 2
336 1076 3 8192 2.000000000 2
336 1076 3 8192 2.000000000 2
336 1076 3 8192 2.000000000 2
336 1076 3 8192 2.000000000 2
336 1076 3 8192 2.000000000 2
336 1076 3 8192 2.000000000 2
340 60 3 8192 2.000000000 2
340 60 3 8192 2.000000000 2
340 60 3 8192 2.000000000 2
340 60 3 8192 2.000000000 2
340 60 3 8192 2.000000000 2
340 60 3 8192 2.000000000 2
340 60 3 8192 2.000000000 2
340 60 3 8192 2.000000000 2
340 260 3 8192 2.000000000 2
340 260 3 8192 2.000000000 2
340 260 3 8192 2.000000000 2
340 260 3 8192 2.000000000 2
340 260 3 8192 2.000000000 2
340 260 3 8192 2.000000000 2
340 260 3 8192 2.000000000 2
340 260 3 8192 2.000000000 2
340 588 3 8192 2.000000000 2
340 588 3 8192 2.000000000 2
340 588 3 8192 2.000000000 2
340 588 3 8192 2.000000000 2
340 588 3 8192 2.000000000 2
340 588 3 8192 2.000000000 2
340 588 3 8192 2.000000000 2
340 588 3 8192 2.000000000 2
340 712 3 8192 2.000000000 2
340 712 3 8192 2.000000000 2
340 712 3 8192 2.000000000 2
340 712 3 8192 2.000000000 2
340 712 3 8192 2.000000000 2
340 712 3 8192 2.000000000 2
340 712 3 8192 2.000000000 2
340 712 3 8192 2.000000000 2
340 816 3 8192 2.000000000 2
340 816 3 8192 2.000000000 2
340 816 3 8192 2.000000000 2
340 816 3 8192 2.000000000 2
340 816 3 8192 2.000000000 2
340 816 3 8192 2.000000000 2
340 816 3 8192 2.000000000 2
340 816 3 8192 2.000000000 2
340 876 3 8192 2.000000000 2
340 876 3 8192 2.000000000 2
340 876 3 8192 2.000000000 2
340 876 3 8192 2.000000000 2
340 876 3 8192 2.000000000 2
340 876 3 8192 2.000000000 2
340 876 3 8192 2.000000000 2
340 876 3 8192 2.000000000 2
340 1184 3 8192 2.000000000 2
340 1184 3 8192 2.000000000 2
340 1184 3 8192 2.000000000 2
340 1184 3 8192 2.000000000 2
340 1184 3 8192 2.000000000 2
340 1184 3 8192 2.000000000 2
340 1184 3 8192 2.000000000 2
340 1184 3 8192 2.000000000 2
340 1248 3 8192 2.000000000 2
340 1248 3 8192 2.000000000 2
340 1248 3 8192 2.000000000 2
340 1248 3 8192 2.000000000 2
340 1248 3 8192 2.000000000 2
340 1248 3 8192 2.000000000 2
340 1248 3 8192 2.000000000 2
340 1248 3 8192 2.000000000 2
344 132 3 8192 2.000000000 2
344 132 3 8192 2.000000000 2
344 132 3 8192 2.000000000 2
344 132 3 8192 2.000000000 2
344 132 3 8192 2.000000000 2
344 132 3 8192 2.000000000 2
344 132 3 8192 2.000000000 2
344 132 3 8192 2.000000000 2
344 136 3 8192 2.000000000 2
344 136 3 8192 2.000000000 2
344 136 3 8192 2.000000000 2
344 136 3 8192 2.000000000 2
344 136 3 8192 2.000000000 2
344 136 3 8192 2.000000000 2
344 136 3 8192 2.000000000 2
344 136 3 8192 2.000000000 2
344 796 3 8192 2.000000000 2
344 796 3 8192 2.000000000 2
344 796 3 8192 2.000000000 2
344 796 3 8192 2.000000000 2
344 796 3 8192 2.000000000 2
344 796 3 8192 2.000000000 2
344 796 3 8192 2.000000000 2
344 796 3 8192 2.000000000 2
344 928 3 8192 2.000000000 2
344 928 3 8192 2.000000000 2
344 928 3 8192 2.000000000 2
344 928 3 8192 2.000000000 2
344 928 3 8192 2.000000000 2
344 928 3 8192 2.000000000 2
344 928 3 8192 2.000000000 2
344 928 3 8192 2.000000000 2
344 1124 3 8192 2.000000000 2
344 1124 3 8192 2.000000000 2
344 1124 3 8192 2.000000000 2
344 1124 3 8192 2.000000000 2
344 1124 3 8192 2.000000000 2
344 1124 3 8192 2.000000000 2
344 1124 3 8192 2.000000000 2
344 1124 3 8192 2.000000000 2
344 1172 3 8192 2.000000000 2
344 1172 3 8192 2.000000000 2
344 1172 3 8192 2.000000000 2
344 1172 3 8192 2.000000000 2
344 1172 3 8192 2.000000000 2
344 1172 3 8192 2.000000000 2
344 1172 3 8192 2.000000000 2
344 1172 3 8192 2.000000000 2
344 1252 3 8192 2.000000000 2
344 1252 3 8192 2.000000000 2
344 1252 3 8192 2.000000000 2
344 1252 3 8192 2.000000000 2
344 1252 3 8192 2.000000000 2
344 1252 3 8192 2.000000000 2
344 1252 3 8192 2.000000000 2
344 1252 3 8192 2.000000000 2
344 1268 3 8192 2.000000000 2
344 1268 3 8192 2.000000000 2
344 1268 3 8192 2.000000000 2
344 1268 3 8192 2.000000000 2
344 1268 3 8192 2.000000000 2
344 1268 3 8192 2.000000000 2
344 1268 3 8192 2.000000000 2
344 1268 3 8192 2.000000000 2
348 32 3 8192 2.000000000 2
348 32 3 8192 2.000000000 2
348 32 3 8192 2.000000000 2
348 32 3 8192 2.000000000 2
348 32 3 8192 2.000000000 2
348 32 3 8192 2.000000000 2
348 32 3 8192 2.000000000 2
348 32 3 8192 2.000000000 2
348 120 3 8192 2.000000000 2
348 120 3 8192 2.000000000 2
348 120 3 8192 2.000000000 2
348 120 3 8192 2.000000000 2
348 120 3 8192 2.000000000 2
348 120 3 8192 2.000000000 2
348 120 3 8192 2.000000000 2
348 120 3 8192 2.000000000 2
348 240 3 8192 2.000000000 2
348 240 3 8192 2.000000000 2
348 240 3 8192 2.000000000 2
348 240 3 8192 2.000000000 2
348 240 3 8192 2.000000000 2
348 240 3 8192 2.000000000 2
348 240 3 8192 2.000000000 2
348 240 3 8192 2.000000000 2
348 316 3 8192 2.000000000 2
348 316 3 8192 2.000000000 2
348 316 3 8192 2.000000000 2
348 316 3 8192 2.000000000 2
348 316 3 8192 2.000000000 2
348 316 3 8192 2.000000000 2
348 316 3 8192 2.000000000 2
348 316 3 8192 2.000000000 2
348 664 3 8192 2.000000000 2
348 664 3 8192 2.000000000 2
348 664 3 8192 2.000000000 2
348 664 3 8192 2.000000000 2
348 664 3 8192 2.000000000 2
348 664 3 8192 2.000000000 2
348 664 3 8192 2.000000000 2
348 664 3 8192 2.000000000 2
348 696 3 8192 2.000000000 2
348 696 3 8192 2.000000000 2
348 696 3 8192 2.000000000 2
348 696 3 8192 2.000000000 2
348 696 3 8192 2.000000000 2
348 696 3 8192 2.000000000 2
348 696 3 8192 2.000000000 2
348 696 3 8192 2.000000000 2
348 880 3 8192 2.000000000 2
348 880 3 8192 2.000000000 2
348 880 3 8192 2.000000000 2
348 880 3 8192 2.000000000 2
348 880 3 8192 2.000000000 2
348 880 3 8192 2.000000000 2
348 880 3 8192 2.000000000 2
348 880 3 8192 2.000000000 2
348 1108 3 8192 2.000000000 2
348 1108 3 8192 2.000000000 2
348 1108 3 8192 2.000000000 2
348 1108 3 8192 2.000000000 2
348 1108 3 8192 2.000000000 2
348 1108 3 8192 2.000000000 2
348 1108 3 8192 2.000000000 2
348 1108 3 8192 2.000000000 2
352 188 3 8192 2.000000000 2
352 188 3 8192 2.000000000 2
352 188 3 8192 2.000000000 2
352 188 3 8192 2.000000000 2
352 188 3 8192 2.000000000 2
352 188 3 8192 2.000000000 2
352 188 3 8192 2.000000000 2
352 188 3 8192 2.000000000 2
352 208 3 8192 2.000000000 2
352 208 3 8192 2.000000000 2
352 208 3 8192 2.000000000 2
352 208 3 8192 2.000000000 2
352 208 3 8192 2.000000000 2
352 208 3 8192 2.000000000 2
352 208 3 8192 2.000000000 2
352 208 3 8192 2.000000000 2
352 356 3 8192 2.000000000 2
352 356 3 8192 2.000000000 2
352 356 3 8192 2.000000000 2
352 356 3 8192 2.000000000 2
352 356 3 8192 2.000000000 2
352 356 3 8192 2.000000000 2
352 356 3 8192 2.000000000 2
352 356 3 8192 2.000000000 2
352 372 3 8192 2.000000000 2
352 372 3 8192 2.000000000 2
352 372 3 8192 2.000000000 2
352 372 3 8192 2.000000000 2
352 372 3 8192 2.000000000 2
352 372 3 8192 2.000000000 2
352 372 3 8192 2.000000000 2
352 372 3 8192 2.000000000 2
352 376 3 8192 2.000000000 2
352 376 3 8192 2.000000000 2
352 376 3 8192 2.000000000 2
352 376 3 8192 2.000000000 2
352 376 3 8192 2.000000000 2
352 376 3 8192 2.000000000 2
352 376 3 8192 2.000000000 2
352 376 3 8192 2.000000000 2
352 556 3 8192 2.000000000 2
352 556 3 8192 2.000000000 2
352 556 3 8192 2.000000000 2
352 556 3 8192 2.000000000 2
352 556 3 8192 2.000000000 2
352 556 3 8192 2.000000000 2
352 556 3 8192 2.000000000 2
352 556 3 8192 2.000000000 2
352 896 3 8192 2.000000000 2
352 896 3 8192 2.000000000 2
352 896 3 8192 2.000000000 2
352 896 3 8192 2.000000000 2
352 896 3 8192 2.000000000 2
352 896 3 8192 2.000000000 2
352 896 3 8192 2.000000000 2
352 896 3 8192 2.000000000 2
352 1076 3 8192 2.000000000 2
352 1076 3 8192 2.000000000 2
352 1076 3 8192 2.000000000 2
352 1076 3 8192 2.000000000 2
352 1076 3 8192 2.000000000 2
352 1076 3 8192 2.000000000 2
352 1076 3 8192 2.000000000 2
352 1076 3 8192 2.000000000 2
356 12 3 8192 2.000000000 2
356 12 3 8192 2.000000000 2
356 12 3 8192 2.000000000 2
356 12 3 8192 2.000000000 2
356 12 3 8192 2.000000000 2
356 12 3 8192 2.000000000 2
356 12 3 8192 2.000000000 2
356 12 3 8192 2.000000000 2
356 92 3 8192 2.000000000 2
356 92 3 8192 2.000000000 2
356 92 3 8192 2.000000000 2
356 92 3 8192 2.000000000 2
356 92 3 8192 2.000000000 2
356 92 3 8192 2.000000000 2
356 92 3 8192 2.000000000 2
356 92 3 8192 2.000000000 2
356 284 3 8192 2.000000000 2
356 284 3 8192 2.000000000 2
356 284 3 8192 2.000000000 2
356 284 3 8192 2.000000000 2
356 284 3 8192 2.000000000 2
356 284 3 8192 2.000000000 2
356 284 3 8192 2.000000000 2
356 284 3 8192 2.000000000 2
356 460 3 8192 2.000000000 2
356 460 3 8192 2.000000000 2
356 460 3 8192 2.000000000 2
356 460 3 8192 2.000000000 2
356 460 3 8192 2.000000000 2
356 460 3 8192 2.000000000 2
356 460 3 8192 2.000000000 2
356 460 3 8192 2.000000000 2
356 748 3 8192 2.000000000 2
356 748 3 8192 2.000000000 2
356 748 3 8192 2.000000000 2
356 748 3 8192 2.000000000 2
356 748 3 8192 2.000000000 2
356 748 3 8192 2.000000000 2
356 748 3 8192 2.000000000 2
356 748 3 8192 2.000000000 2
356 904 3 8192 2.000000000 2
356 904 3 8192 2.000000000 2
356 904 3 8192 2.000000000 2
356 904 3 8192 2.000000000 2
356 904 3 8192 2.000000000 2
356 904 3 8192 2.000000000 2
356 904 3 8192 2.000000000 2
356 904 3 8192 2.000000000 2
356 1020 3 8192 2.000000000 2
356 1020 3 8192 2.000000000 2
356 1020 3 8192 2.000000000 2
356 1020 3 8192 2.000000000 2
356 1020 3 8192 2.000000000 2
356 1020 3 8192 2.000000000 2
356 1020 3 8192 2.000000000 2
356 1020 3 8192 2.000000000 2
356 1088 3 8192 2.000000000 2
356 1088 3 8192 2.000000000 2
356 1088 3 8192 2.000000000 2
356 1088 3 8192 2.000000000 2
356 1088 3 8192 2.000000000 2
356 1088 3 8192 2.000000000 2
356 1088 3 8192 2.000000000 2
356 1088 3 8192 2.000000000 2
360 12 3 8192 2.000000000 2
360 12 3 8192 2.000000000 2
360 12 3 8192 2.000000000 2
360 12 3 8192 2.000000000 2
360 12 3 8192 2.000000000 2
360 12 3 8192 2.000000000 2
360 12 3 8192 2.000000000 2
360 12 3 8192 2.000000000 2
360 124 3 8192 2.000000000 2
360 124 3 8192 2.000000000 2
360 124 3 8192 2.000000000 2
360 124 3 8192 2.000000000 2
360 124 3 8192 2.000000000 2
360 124 3 8192 2.000000000 2
360 124 3 8192 2.000000000 2
360 124 3 8192 2.000000000 2
360 236 3 8192 2.000000000 2
360 236 3 8192 2.000000000 2
360 236 3 8192 2.000000000 2
360 236 3 8192 2.000000000 2
360 236 3 8192 2.000000000 2
360 236 3 8192 2.000000000 2
360 236 3 8192 2.000000000 2
360 236 3 8192 2.000000000 2
360 524 3 8192 2.000000000 2
360 524 3 8192 2.000000000 2
360 524 3 8192 2.000000000 2
360 524 3 8192 2.000000000 2
360 524 3 8192 2.000000000 2
360 524 3 8192 2.000000000 2
360 524 3 8192 2.000000000 2
360 524 3 8192 2.000000000 2
360 716 3 8192 2.000000000 2
360 716 3 8192 2.000000000 2
360 716 3 8192 2.000000000 2
360 716 3 8192 2.000000000 2
360 716 3 8192 2.000000000 2
360 716 3 8192 2.000000000 2
360 716 3 8192 2.000000000 2
360 716 3 8192 2.000000000 2
360 720 3 8192 2.000000000 2
360 720 3 8192 2.000000000 2
360 720 3 8192 2.000000000 2
360 720 3 8192 2.000000000 2
360 720 3 8192 2.000000000 2
360 720 3 8192 2.000000000 2
360 720 3 8192 2.000000000 2
360 720 3 8192 2.000000000 2
360 848 3 8192 2.000000000 2
360 848 3 8192 2.000000000 2
360 848 3 8192 2.000000000 2
360 848 3 8192 2.000000000 2
360 848 3 8192 2.000000000 2
360 848 3 8192 2.000000000 2
360 848 3 8192 2.000000000 2
360 848 3 8192 2.000000000 2
360 912 3 8192 2.000000000 2
360 912 3 8192 2.000000000 2
360 912 3 8192 2.000000000 2
360 912 3 8192 2.000000000 2
360 912 3 8192 2.000000000 2
360 912 3 8192 2.000000000 2
360 912 3 8192 2.000000000 2
360 912 3 8192 2.000000000 2
368 92 3 8192 2.000000000 2
368 92 3 8192 2.000000000 2
368 92 3 8192 2.000000000 2
368 92 3 8192 2.000000000 2
368 92 3 8192 2.000000000 2
368 92 3 8192 2.000000000 2
368 92 3 8192 2.000000000 2
368 92 3 8192 2.000000000 2
368 212 3 8192 2.000000000 2
368 212 3 8192 2.000000000 2
368 212 3 8192 2.000000000 2
368 212 3 8192 2.000000000 2
368 212 3 8192 2.000000000 2
368 212 3 8192 2.000000000 2
368 212 3 8192 2.000000000 2
368 212 3 8192 2.000000000 2
368 268 3 8192 2.000000000 2
368 268 3 8192 2.000000000 2
368 268 3 8192 2.000000000 2
368 268 3 8192 2.000000000 2
368 268 3 8192 2.000000000 2
368 268 3 8192 2.000000000 2
368 268 3 8192 2.000000000 2
368 268 3 8192 2.000000000 2
368 504 3 8192 2.000000000 2
368 504 3 8192 2.000000000 2
368 504 3 8192 2.000000000 2
368 504 3 8192 2.000000000 2
368 504 3 8192 2.000000000 2
368 504 3 8192 2.000000000 2
368 504 3 8192 2.000000000 2
368 504 3 8192 2.000000000 2
368 532 3 8192 2.000000000 2
368 532 3 8192 2.000000000 2
368 532 3 8192 2.000000000 2
368 532 3 8192 2.000000000 2
368 532 3 8192 2.000000000 2
368 532 3 8192 2.000000000 2
368 532 3 8192 2.000000000 2
368 532 3 8192 2.000000000 2
368 820 3 8192 2.000000000 2
368 820 3 8192 2.000000000 2
368 820 3 8192 2.000000000 2
368 820 3 8192 2.000000000 2
368 820 3 8192 2.000000000 2
368 820 3 8192 2.000000000 2
368 820 3 8192 2.000000000 2
368 820 3 8192 2.000000000 2
368 940 3 8192 2.000000000 2
368 940 3 8192 2.000000000 2
368 940 3 8192 2.000000000 2
368 940 3 8192 2.000000000 2
368 940 3 8192 2.000000000 2
368 940 3 8192 2.000000000 2
368 940 3 8192 2.000000000 2
368 940 3 8192 2.000000000 2
368 964 3 8192 2.000000000 2
368 964 3 8192 2.000000000 2
368 964 3 8192 2.000000000 2
368 964 3 8192 2.000000000 2
368 964 3 8192 2.000000000 2
368 964 3 8192 2.000000000 2
368 964 3 8192 2.000000000 2
368 964 3 8192 2.000000000 2
372 68 3 8192 2.000000000 2
372 68 3 8192 2.000000000 2
372 68 3 8192 2.000000000 2
372 68 3 8192 2.000000000 2
372 68 3 8192 2.000000000 2
372 68 3 8192 2.000000000 2
372 68 3 8192 2.000000000 2
372 68 3 8192 2.000000000 2
372 152 3 8192 2.000000000 2
372 152 3 8192 2.000000000 2
372 152 3 8192 2.000000000 2
372 152 3 8192 2.000000000 2
372 152 3 8192 2.000000000 2
372 152 3 8192 2.000000000 2
372 152 3 8192 2.000000000 2
372 152 3 8192 2.000000000 2
372 172 3 8192 2.000000000 2
372 172 3 8192 2.000000000 2
372 172 3 8192 2.000000000 2
372 172 3 8192 2.000000000 2
372 172 3 8192 2.000000000 2
372 172 3 8192 2.000000000 2
372 172 3 8192 2.000000000 2
372 172 3 8192 2.000000000 2
372 536 3 8192 2.000000000 2
372 536 3 8192 2.000000000 2
372 536 3 8192 2.000000000 2
372 536 3 8192 2.000000000 2
372 536 3 8192 2.000000000 2
372 536 3 8192 2.000000000 2
372 536 3 8192 2.000000000 2
372 536 3 8192 2.000000000 2
372 832 3 8192 2.000000000 2
372 832 3 8192 2.000000000 2
372 832 3 8192 2.000000000 2
372 832 3 8192 2.000000000 2
372 832 3 8192 2.000000000 2
372 832 3 8192 2.000000000 2
372 832 3 8192 2.000000000 2
372 832 3 8192 2.000000000 2
372 1108 3 8192 2.000000000 2
372 1108 3 8192 2.000000000 2
372 1108 3 8192 2.000000000 2
372 1108 3 8192 2.000000000 2
372 1108 3 8192 2.000000000 2
372 1108 3 8192 2.000000000 2
372 1108 3 8192 2.000000000 2
372 1108 3 8192 2.000000000 2
372 1180 3 8192 2.000000000 2
372 1180 3 8192 2.000000000 2
372 1180 3 8192 2.000000000 2
372 1180 3 8192 2.000000000 2
372 1180 3 8192 2.000000000 2
372 1180 3 8192 2.000000000 2
372 1180 3 8192 2.000000000 2
372 1180 3 8192 2.000000000 2
372 1276 3 8192 2.000000000 2
372 1276 3 8192 2.000000000 2
372 1276 3 8192 2.000000000 2
372 1276 3 8192 2.000000000 2
372 1276 3 8192 2.000000000 2
372 1276 3 8192 2.000000000 2
372 1276 3 8192 2.000000000 2
372 1276 3 8192 2.000000000 2
376 396 3 8192 2.000000000 2
376 396 3 8192 2.000000000 2
376 396 3 8192 2.000000000 2
376 396 3 8192 2.000000000 2
376 396 3 8192 2.000000000 2
376 396 3 8192 2.000000000 2
376 396 3 8192 2.000000000 2
376 396 3 8192 2.000000000 2
376 608 3 8192 2.000000000 2
376 608 3 8192 2.000000000 2
376 608 3 8192 2.000000000 2
376 608 3 8192 2.000000000 2
376 608 3 8192 2.000000000 2
376 608 3 8192 2.000000000 2
376 608 3 8192 2.000000000 2
376 608 3 8192 2.000000000 2
376 804 3 8192 2.000000000 2
376 804 3 8192 2.000000000 2
376 804 3 8192 2.000000000 2
376 804 3 8192 2.000000000 2
376 804 3 8192 2.000000000 2
376 804 3 8192 2.000000000 2
376 804 3 8192 2.000000000 2
376 804 3 8192 2.000000000 2
376 1028 3 8192 2.000000000 2
376 1028 3 8192 2.000000000 2
376 1028 3 8192 2.000000000 2
376 1028 3 8192 2.000000000 2
376 1028 3 8192 2.000000000 2
376 1028 3 8192 2.000000000 2
376 1028 3 8192 2.000000000 2
376 1028 3 8192 2.000000000 2
376 1072 3 8192 2.000000000 2
376 1072 3 8192 2.000000000 2
376 1072 3 8192 2.000000000 2
376 1072 3 8192 2.000000000 2
376 1072 3 8192 2.000000000 2
376 1072 3 8192 2.000000000 2
376 1072 3 8192 2.000000000 2
376 1072 3 8192 2.000000000 2
376 1220 3 8192 2.000000000 2
376 1220 3 8192 2.000000000 2
376 1220 3 8192 2.000000000 2
376 1220 3 8192 2.000000000 2
376 1220 3 8192 2.000000000 2
376 1220 3 8192 2.000000000 2
376 1220 3 8192 2.000000000 2
376 1220 3 8192 2.000000000 2
376 1240 3 8192 2.000000000 2
376 1240 3 8192 2.000000000 2
376 1240 3 8192 2.000000000 2
376 1240 3 8192 2.000000000 2
376 1240 3 8192 2.000000000 2
376 1240 3 8192 2.000000000 2
376 1240 3 8192 2.000000000 2
376 1240 3 8192 2.000000000 2
376 1260 3 8192 2.000000000 2
376 1260 3 8192 2.000000000 2
376 1260 3 8192 2.000000000 2
376 1260 3 8192 2.000000000 2
376 1260 3 8192 2.000000000 2
376 1260 3 8192 2.000000000 2
376 1260 3 8192 2.000000000 2
376 1260 3 8192 2.000000000 2
384 156 3 8192 2.000000000 2
384 156 3 8192 2.000000000 2
384 156 3 8192 2.000000000 2
384 156 3 8192 2.000000000 2
384 156 3 8192 2.000000000 2
384 156 3 8192 2.000000000 2
384 156 3 8192 2.000000000 2
384 156 3 8192 2.000000000 2
384 244 3 8192 2.000000000 2
384 244 3 8192 2.000000000 2
384 244 3 8192 2.000000000 2
384 244 3 8192 2.000000000 2
384 244 3 8192 2.000000000 2
384 244 3 8192 2.000000000 2
384 244 3 8192 2.000000000 2
384 244 3 8192 2.000000000 2
384 392 3 8192 2.000000000 2
384 392 3 8192 2.000000000 2
384 392 3 8192 2.000000000 2
384 392 3 8192 2.000000000 2
384 392 3 8192 2.000000000 2
384 392 3 8192 2.000000000 2
384 392 3 8192 2.000000000 2
384 392 3 8192 2.000000000 2
384 676 3 8192 2.000000000 2
384 676 3 8192 2.000000000 2
384 676 3 8192 2.000000000 2
384 676 3 8192 2.000000000 2
384 676 3 8192 2.000000000 2
384 676 3 8192 2.000000000 2
384 676 3 8192 2.000000000 2
384 676 3 8192 2.000000000 2
384 920 3 8192 2.000000000 2
384 920 3 8192 2.000000000 2
384 920 3 8192 2.000000000 2
384 920 3 8192 2.000000000 2
384 920 3 8192 2.000000000 2
384 920 3 8192 2.000000000 2
384 920 3 8192 2.000000000 2
384 920 3 8192 2.000000000 2
384 948 3 8192 2.000000000 2
384 948 3 8192 2.000000000 2
384 948 3 8192 2.000000000 2
384 948 3 8192 2.000000000 2
384 948 3 8192 2.000000000 2
384 948 3 8192 2.000000000 2
384 948 3 8192 2.000000000 2
384 948 3 8192 2.000000000 2
384 1028 3 8192 2.000000000 2
384 1028 3 8192 2.000000000 2
384 1028 3 8192 2.000000000 2
384 1028 3 8192 2.000000000 2
384 1028 3 8192 2.000000000 2
384 1028 3 8192 2.000000000 2
384 1028 3 8192 2.000000000 2
384 1028 3 8192 2.000000000 2
384 1132 3 8192 2.000000000 2
384 1132 3 8192 2.000000000 2
384 1132 3 8192 2.000000000 2
384 1132 3 8192 2.000000000 2
384 1132 3 8192 2.000000000 2
384 1132 3 8192 2.000000000 2
384 1132 3 8192 2.000000000 2
384 1132 3 8192 2.000000000 2
392 32 3 8192 2.000000000 2
392 32 3 8192 2.000000000 2
392 32 3 8192 2.000000000 2
392 32 3 8192 2.000000000 2
392 32 3 8192 2.000000000 2
392 32 3 8192 2.000000000 2
392 32 3 8192 2.000000000 2
392 32 3 8192 2.000000000 2
392 68 3 8192 2.000000000 2
392 68 3 8192 2.000000000 2
392 68 3 8192 2.000000000 2
392 68 3 8192 2.000000000 2
392 68 3 8192 2.000000000 2
392 68 3 8192 2.000000000 2
392 68 3 8192 2.000000000 2
392 68 3 8192 2.000000000 2
392 436 3 8192 2.000000000 2
392 436 3 8192 2.000000000 2
392 436 3 8192 2.000000000 2
392 436 3 8192 2.000000000 2
392 436 3 8192 2.000000000 2
392 436 3 8192 2.000000000 2
392 436 3 8192 2.000000000 2
392 436 3 8192 2.000000000 2
392 732 3 8192 2.000000000 2
392 732 3 8192 2.000000000 2
392 732 3 8192 2.000000000 2
392 732 3 8192 2.000000000 2
392 732 3 8192 2.000000000 2
392 732 3 8192 2.000000000 2
392 732 3 8192 2.000000000 2
392 732 3 8192 2.000000000 2
392 916 3 8192 2.000000000 2
392 916 3 8192 2.000000000 2
392 916 3 8192 2.000000000 2
392 916 3 8192 2.000000000 2
392 916 3 8192 2.000000000 2
392 916 3 8192 2.000000000 2
392 916 3 8192 2.000000000 2
392 916 3 8192 2.000000000 2
392 932 3 8192 2.000000000 2
392 932 3 8192 2.000000000 2
392 932 3 8192 2.000000000 2
392 932 3 8192 2.000000000 2
392 932 3 8192 2.000000000 2
392 932 3 8192 2.000000000 2
392 932 3 8192 2.000000000 2
392 932 3 8192 2.000000000 2
392 940 3 8192 2.000000000 2
392 940 3 8192 2.000000000 2
392 940 3 8192 2.000000000 2
392 940 3 8192 2.000000000 2
392 940 3 8192 2.000000000 2
392 940 3 8192 2.000000000 2
392 940 3 8192 2.000000000 2
392 940 3 8192 2.000000000 2
392 1264 3 8192 2.000000000 2
392 1264 3 8192 2.000000000 2
392 1264 3 8192 2.000000000 2
392 1264 3 8192 2.000000000 2
392 1264 3 8192 2.000000000 2
392 1264 3 8192 2.000000000 2
392 1264 3 8192 2.000000000 2
392 1264 3 8192 2.000000000 2
396 228 3 8192 2.000000000 2
396 228 3 8192 2.000000000 2
396 228 3 8192 2.000000000 2
396 228 3 8192 2.000000000 2
396 228 3 8192 2.000000000 2
396 228 3 8192 2.000000000 2
396 228 3 8192 2.000000000 2
396 228 3 8192 2.000000000 2
396 408 3 8192 2.000000000 2
396 408 3 8192 2.000000000 2
396 408 3 8192 2.000000000 2
396 408 3 8192 2.000000000 2
396 408 3 8192 2.000000000 2
396 408 3 8192 2.000000000 2
396 408 3 8192 2.000000000 2
396 408 3 8192 2.000000000 2
396 564 3 8192 2.000000000 2
396 564 3 8192 2.000000000 2
396 564 3 8192 2.000000000 2
396 564 3 8192 2.000000000 2
396 564 3 8192 2.000000000 2
396 564 3 8192 2.000000000 2
396 564 3 8192 2.000000000 2
396 564 3 8192 2.000000000 2
396 624 3 8192 2.000000000 2
396 624 3 8192 2.000000000 2
396 624 3 8192 2.000000000 2
396 624 3 8192 2.000000000 2
396 624 3 8192 2.000000000 2
396 624 3 8192 2.000000000 2
396 624 3 8192 2.000000000 2
396 624 3 8192 2.000000000 2
396 808 3 8192 2.000000000 2
396 808 3 8192 2.000000000 2
396 808 3 8192 2.000000000 2
396 808 3 8192 2.000000000 2
396 808 3 8192 2.000000000 2
396 808 3 8192 2.000000000 2
396 808 3 8192 2.000000000 2
396 808 3 8192 2.000000000 2
396 976 3 8192 2.000000000 2
396 976 3 8192 2.000000000 2
396 976 3 8192 2.000000000 2
396 976 3 8192 2.000000000 2
396 976 3 8192 2.000000000 2
396 976 3 8192 2.000000000 2
396 976 3 8192 2.000000000 2
396 976 3 8192 2.000000000 2
396 1000 3 8192 2.000000000 2
396 1000 3 8192 2.000000000 2
396 1000 3 8192 2.000000000 2
396 1000 3 8192 2.000000000 2
396 1000 3 8192 2.000000000 2
396 1000 3 8192 2.000000000 2
396 1000 3 8192 2.000000000 2
396 1000 3 8192 2.000000000 2
396 1152 3 8192 2.000000000 2
396 1152 3 8192 2.000000000 2
396 1152 3 8192 2.000000000 2
396 1152 3 8192 2.000000000 2
396 1152 3 8192 2.000000000 2
396 1152 3 8192 2.000000000 2
396 1152 3 8192 2.000000000 2
396 1152 3 8192 2.000000000 2
400 152 3 8192 2.000000000 2
400 152 3 8192 2.000000000 2
400 152 3 8192 2.000000000 2
400 152 3 8192 2.000000000 2
400 152 3 8192 2.000000000 2
400 152 3 8192 2.000000000 2
400 152 3 8192 2.000000000 2
400 152 3 8192 2.000000000 2
400 156 3 8192 2.000000000 2
400 156 3 8192 2.000000000 2
400 156 3 8192 2.000000000 2
400 156 3 8192 2.000000000 2
400 156 3 8192 2.000000000 2
400 156 3 8192 2.000000000 2
400 156 3 8192 2.000000000 2
400 156 3 8192 2.000000000 2
400 368 3 8192 2.000000000 2
400 368 3 8192 2.000000000 2
400 368 3 8192 2.000000000 2
400 368 3 8192 2.000000000 2
400 368 3 8192 2.000000000 2
400 368 3 8192 2.000000000 2
400 368 3 8192 2.000000000 2
400 368 3 8192 2.000000000 2
400 528 3 8192 2.000000000 2
400 528 3 8192 2.000000000 2
400 528 3 8192 2.000000000 2
400 528 3 8192 2.000000000 2
400 528 3 8192 2.000000000 2
400 528 3 8192 2.000000000 2
400 528 3 8192 2.000000000 2
400 528 3 8192 2.000000000 2
400 936 3 8192 2.000000000 2
400 936 3 8192 2.000000000 2
400 936 3 8192 2.000000000 2
400 936 3 8192 2.000000000 2
400 936 3 8192 2.000000000 2
400 936 3 8192 2.000000000 2
400 936 3 8192 2.000000000 2
400 936 3 8192 2.000000000 2
400 1016 3 8192 2.000000000 2
400 1016 3 8192 2.000000000 2
400 1016 3 8192 2.000000000 2
400 1016 3 8192 2.000000000 2
400 1016 3 8192 2.000000000 2
400 1016 3 8192 2.000000000 2
400 1016 3 8192 2.000000000 2
400 1016 3 8192 2.000000000 2
400 1196 3 8192 2.000000000 2
400 1196 3 8192 2.000000000 2
400 1196 3 8192 2.000000000 2
400 1196 3 8192 2.000000000 2
400 1196 3 8192 2.000000000 2
400 1196 3 8192 2.000000000 2
400 1196 3 8192 2.000000000 2
400 1196 3 8192 2.000000000 2
400 1240 3 8192 2.000000000 2
400 1240 3 8192 2.000000000 2
400 1240 3 8192 2.000000000 2
400 1240 3 8192 2.000000000 2
400 1240 3 8192 2.000000000 2
400 1240 3 8192 2.000000000 2
400 1240 3 8192 2.000000000 2
400 1240 3 8192 2.000000000 2
404 268 3 8192 2.000000000 2
404 268 3 8192 2.000000000 2
404 268 3 8192 2.000000000 2
404 268 3 8192 2.000000000 2
404 268 3 8192 2.000000000 2
404 268 3 8192 2.000000000 2
404 268 3 8192 2.000000000 2
404 268 3 8192 2.000000000 2
404 604 3 8192 2.000000000 2
404 604 3 8192 2.000000000 2
404 604 3 8192 2.000000000 2
404 604 3 8192 2.000000000 2
404 604 3 8192 2.000000000 2
404 604 3 8192 2.000000000 2
404 604 3 8192 2.000000000 2
404 604 3 8192 2.000000000 2
404 624 3 8192 2.000000000 2
404 624 3 8192 2.000000000 2
404 624 3 8192 2.000000000 2
404 624 3 8192 2.000000000 2
404 624 3 8192 2.000000000 2
404 624 3 8192 2.000000000 2
404 624 3 8192 2.000000000 2
404 624 3 8192 2.000000000 2
404 668 3 8192 2.000000000 2
404 668 3 8192 2.000000000 2
404 668 3 8192 2.000000000 2
404 668 3 8192 2.000000000 2
404 668 3 8192 2.000000000 2
404 668 3 8192 2.000000000 2
404 668 3 8192 2.000000000 2
404 668 3 8192 2.000000000 2
404 752 3 8192 2.000000000 2
404 752 3 8192 2.000000000 2
404 752 3 8192 2.000000000 2
404 752 3 8192 2.000000000 2
404 752 3 8192 2.000000000 2
404 752 3 8192 2.000000000 2
404 752 3 8192 2.000000000 2
404 752 3 8192 2.000000000 2
404 864 3 8192 2.000000000 2
404 864 3 8192 2.000000000 2
404 864 3 8192 2.000000000 2
404 864 3 8192 2.000000000 2
404 864 3 8192 2.000000000 2
404 864 3 8192 2.000000000 2
404 864 3 8192 2.000000000 2
404 864 3 8192 2.000000000 2
404 912 3 8192 2.000000000 2
404 912 3 8192 2.000000000 2
404 912 3 8192 2.000000000 2
404 912 3 8192 2.000000000 2
404 912 3 8192 2.000000000 2
404 912 3 8192 2.000000000 2
404 912 3 8192 2.000000000 2
404 912 3 8192 2.000000000 2
404 1140 3 8192 2.000000000 2
404 1140 3 8192 2.000000000 2
404 1140 3 8192 2.000000000 2
404 1140 3 8192 2.000000000 2
404 1140 3 8192 2.000000000 2
404 1140 3 8192 2.000000000 2
404 1140 3 8192 2.000000000 2
404 1140 3 8192 2.000000000 2
408 124 3 8192 2.000000000 2
408 124 3 8192 2.000000000 2
408 124 3 8192 2.000000000 2
408 124 3 8192 2.000000000 2
408 124 3 8192 2.000000000 2
408 124 3 8192 2.000000000 2
408 124 3 8192 2.000000000 2
408 124 3 8192 2.000000000 2
408 228 3 8192 2.000000000 2
408 228 3 8192 2.000000000 2
408 228 3 8192 2.000000000 2
408 228 3 8192 2.000000000 2
408 228 3 8192 2.000000000 2
408 228 3 8192 2.000000000 2
408 228 3 8192 2.000000000 2
408 228 3 8192 2.000000000 2
408 340 3 8192 2.000000000 2
408 340 3 8192 2.000000000 2
408 340 3 8192 2.000000000 2
408 340 3 8192 2.000000000 2
408 340 3 8192 2.000000000 2
408 340 3 8192 2.000000000 2
408 340 3 8192 2.000000000 2
408 340 3 8192 2.000000000 2
408 424 3 8192 2.000000000 2
408 424 3 8192 2.000000000 2
408 424 3 8192 2.000000000 2
408 424 3 8192 2.000000000 2
408 424 3 8192 2.000000000 2
408 424 3 8192 2.000000000 2
408 424 3 8192 2.000000000 2
408 424 3 8192 2.000000000 2
408 728 3 8192 2.000000000 2
408 728 3 8192 2.000000000 2
408 728 3 8192 2.000000000 2
408 728 3 8192 2.000000000 2
408 728 3 8192 2.000000000 2
408 728 3 8192 2.000000000 2
408 728 3 8192 2.000000000 2
408 728 3 8192 2.000000000 2
408 880 3 8192 2.000000000 2
408 880 3 8192 2.000000000 2
408 880 3 8192 2.000000000 2
408 880 3 8192 2.000000000 2
408 880 3 8192 2.000000000 2
408 880 3 8192 2.000000000 2
408 880 3 8192 2.000000000 2
408 880 3 8192 2.000000000 2
408 992 3 8192 2.000000000 2
408 992 3 8192 2.000000000 2
408 992 3 8192 2.000000000 2
408 992 3 8192 2.000000000 2
408 992 3 8192 2.000000000 2
408 992 3 8192 2.000000000 2
408 992 3 8192 2.000000000 2
408 992 3 8192 2.000000000 2
408 1240 3 8192 2.000000000 2
408 1240 3 8192 2.000000000 2
408 1240 3 8192 2.000000000 2
408 1240 3 8192 2.000000000 2
408 1240 3 8192 2.000000000 2
408 1240 3 8192 2.000000000 2
408 1240 3 8192 2.000000000 2
408 1240 3 8192 2.000000000 2
412 124 3 8192 2.000000000 2
412 124 3 8192 2.000000000 2
412 124 3 8192 2.000000000 2
412 124 3 8192 2.000000000 2
412 124 3 8192 2.000000000 2
412 124 3 8192 2.000000000 2
412 124 3 8192 2.000000000 2
412 124 3 8192 2.000000000 2
412 480 3 8192 2.000000000 2
412 480 3 8192 2.000000000 2
412 480 3 8192 2.000000000 2
412 480 3 8192 2.000000000 2
412 480 3 8192 2.000000000 2
412 480 3 8192 2.000000000 2
412 480 3 8192 2.000000000 2
412 480 3 8192 2.000000000 2
412 596 3 8192 2.000000000 2
412 596 3 8192 2.000000000 2
412 596 3 8192 2.000000000 2
412 596 3 8192 2.000000000 2
412 596 3 8192 2.000000000 2
412 596 3 8192 2.000000000 2
412 596 3 8192 2.000000000 2
412 596 3 8192 2.000000000 2
412 740 3 8192 2.000000000 2
412 740 3 8192 2.000000000 2
412 740 3 8192 2.000000000 2
412 740 3 8192 2.000000000 2
412 740 3 8192 2.000000000 2
412 740 3 8192 2.000000000 2
412 740 3 8192 2.000000000 2
412 740 3 8192 2.000000000 2
412 832 3 8192 2.000000000 2
412 832 3 8192 2.000000000 2
412 832 3 8192 2.000000000 2
412 832 3 8192 2.000000000 2
412 832 3 8192 2.000000000 2
412 832 3 8192 2.000000000 2
412 832 3 8192 2.000000000 2
412 832 3 8192 2.000000000 2
412 876 3 8192 2.000000000 2
412 876 3 8192 2.000000000 2
412 876 3 8192 2.000000000 2
412 876 3 8192 2.000000000 2
412 876 3 8192 2.000000000 2
412 876 3 8192 2.000000000 2
412 876 3 8192 2.000000000 2
412 876 3 8192 2.000000000 2
412 996 3 8192 2.000000000 2
412 996 3 8192 2.000000000 2
412 996 3 8192 2.000000000 2
412 996 3 8192 2.000000000 2
412 996 3 8192 2.000000000 2
412 996 3 8192 2.000000000 2
412 996 3 8192 2.000000000 2
412 996 3 8192 2.000000000 2
412 1048 3 8192 2.000000000 2
412 1048 3 8192 2.000000000 2
412 1048 3 8192 2.000000000 2
412 1048 3 8192 2.000000000 2
412 1048 3 8192 2.000000000 2
412 1048 3 8192 2.000000000 2
412 1048 3 8192 2.000000000 2
412 1048 3 8192 2.000000000 2
416 208 3 8192 2.000000000 2
416 208 3 8192 2.000000000 2
416 208 3 8192 2.000000000 2
416 208 3 8192 2.000000000 2
416 208 3 8192 2.000000000 2
416 208 3 8192 2.000000000 2
416 208 3 8192 2.000000000 2
416 208 3 8192 2.000000000 2
416 300 3 8192 2.000000000 2
416 300 3 8192 2.000000000 2
416 300 3 8192 2.000000000 2
416 300 3 8192 2.000000000 2
416 300 3 8192 2.000000000 2
416 300 3 8192 2.000000000 2
416 300 3 8192 2.000000000 2
416 300 3 8192 2.000000000 2
416 532 3 8192 2.000000000 2
416 532 3 8192 2.000000000 2
416 532 3 8192 2.000000000 2
416 532 3 8192 2.000000000 2
416 532 3 8192 2.000000000 2
416 532 3 8192 2.000000000 2
416 532 3 8192 2.000000000 2
416 532 3 8192 2.000000000 2
416 540 3 8192 2.000000000 2
416 540 3 8192 2.000000000 2
416 540 3 8192 2.000000000 2
416 540 3 8192 2.000000000 2
416 540 3 8192 2.000000000 2
416 540 3 8192 2.000000000 2
416 540 3 8192 2.000000000 2
416 540 3 8192 2.000000000 2
416 784 3 8192 2.000000000 2
416 784 3 8192 2.000000000 2
416 784 3 8192 2.000000000 2
416 784 3 8192 2.000000000 2
416 784 3 8192 2.000000000 2
416 784 3 8192 2.000000000 2
416 784 3 8192 2.000000000 2
416 784 3 8192 2.000000000 2
416 928 3 8192 2.000000000 2
416 928 3 8192 2.000000000 2
416 928 3 8192 2.000000000 2
416 928 3 8192 2.000000000 2
416 928 3 8192 2.000000000 2
416 928 3 8192 2.000000000 2
416 928 3 8192 2.000000000 2
416 928 3 8192 2.000000000 2
416 1136 3 8192 2.000000000 2
416 1136 3 8192 2.000000000 2
416 1136 3 8192 2.000000000 2
416 1136 3 8192 2.000000000 2
416 1136 3 8192 2.000000000 2
416 1136 3 8192 2.000000000 2
416 1136 3 8192 2.000000000 2
416 1136 3 8192 2.000000000 2
416 1188 3 8192 2.000000000 2
416 1188 3 8192 2.000000000 2
416 1188 3 8192 2.000000000 2
416 1188 3 8192 2.000000000 2
416 1188 3 8192 2.000000000 2
416 1188 3 8192 2.000000000 2
416 1188 3 8192 2.000000000 2
416 1188 3 8192 2.000000000 2
420 64 3 8192 2.000000000 2
420 64 3 8192 2.000000000 2
420 64 3 8192 2.000000000 2
420 64 3 8192 2.000000000 2
420 64 3 8192 2.000000000 2
420 64 3 8192 2.000000000 2
420 64 3 8192 2.000000000 2
420 64 3 8192 2.000000000 2
420 124 3 8192 2.000000000 2
420 124 3 8192 2.000000000 2
420 124 3 8192 2.000000000 2
420 124 3 8192 2.000000000 2
420 124 3 8192 2.000000000 2
420 124 3 8192 2.000000000 2
420 124 3 8192 2.000000000 2
420 124 3 8192 2.000000000 2
420 176 3 8192 2.000000000 2
420 176 3 8192 2.000000000 2
420 176 3 8192 2.000000000 2
420 176 3 8192 2.000000000 2
420 176 3 8192 2.000000000 2
420 176 3 8192 2.000000000 2
420 176 3 8192 2.000000000 2
420 176 3 8192 2.000000000 2
420 216 3 8192 2.000000000 2
420 216 3 8192 2.000000000 2
420 216 3 8192 2.000000000 2
420 216 3 8192 2.000000000 2
420 216 3 8192 2.000000000 2
420 216 3 8192 2.000000000 2
420 216 3 8192 2.000000000 2
420 216 3 8192 2.000000000 2
420 464 3 8192 2.000000000 2
420 464 3 8192 2.000000000 2
420 464 3 8192 2.000000000 2
420 464 3 8192 2.000000000 2
420 464 3 8192 2.000000000 2
420 464 3 8192 2.000000000 2
420 464 3 8192 2.000000000 2
420 464 3 8192 2.000000000 2
420 480 3 8192 2.000000000 2
420 480 3 8192 2.000000000 2
420 480 3 8192 2.000000000 2
420 480 3 8192 2.000000000 2
420 480 3 8192 2.000000000 2
420 480 3 8192 2.000000000 2
420 480 3 8192 2.000000000 2
420 480 3 8192 2.000000000 2
420 744 3 8192 2.000000000 2
420 744 3 8192 2.000000000 2
420 744 3 8192 2.000000000 2
420 744 3 8192 2.000000000 2
420 744 3 8192 2.000000000 2
420 744 3 8192 2.000000000 2
420 744 3 8192 2.000000000 2
420 744 3 8192 2.000000000 2
420 1020 3 8192 2.000000000 2
420 1020 3 8192 2.000000000 2
420 1020 3 8192 2.000000000 2
420 1020 3 8192 2.000000000 2
420 1020 3 8192 2.000000000 2
420 1020 3 8192 2.000000000 2
420 1020 3 8192 2.000000000 2
420 1020 3 8192 2.000000000 2
424 32 3 8192 2.000000000 2
424 32 3 8192 2.000000000 2
424 32 3 8192 2.000000000 2
424 32 3 8192 2.000000000 2
424 32 3 8192 2.000000000 2
424 32 3 8192 2.000000000 2
424 32 3 8192 2.000000000 2
424 32 3 8192 2.000000000 2
424 112 3 8192 2.000000000 2
424 112 3 8192 2.000000000 2
424 112 3 8192 2.000000000 2
424 112 3 8192 2.000000000 2
424 112 3 8192 2.000000000 2
424 112 3 8192 2.000000000 2
424 112 3 8192 2.000000000 2
424 112 3 8192 2.000000000 2
424 268 3 8192 2.000000000 2
424 268 3 8192 2.000000000 2
424 268 3 8192 2.000000000 2
424 268 3 8192 2.000000000 2
424 268 3 8192 2.000000000 2
424 268 3 8192 2.000000000 2
424 268 3 8192 2.000000000 2
424 268 3 8192 2.000000000 2
424 372 3 8192 2.000000000 2
424 372 3 8192 2.000000000 2
424 372 3 8192 2.000000000 2
424 372 3 8192 2.000000000 2
424 372 3 8192 2.000000000 2
424 372 3 8192 2.000000000 2
424 372 3 8192 2.000000000 2
424 372 3 8192 2.000000000 2
424 432 3 8192 2.000000000 2
424 432 3 8192 2.000000000 2
424 432 3 8192 2.000000000 2
424 432 3 8192 2.000000000 2
424 432 3 8192 2.000000000 2
424 432 3 8192 2.000000000 2
424 432 3 8192 2.000000000 2
424 432 3 8192 2.000000000 2
424 628 3 8192 2.000000000 2
424 628 3 8192 2.000000000 2
424 628 3 8192 2.000000000 2
424 628 3 8192 2.000000000 2
424 628 3 8192 2.000000000 2
424 628 3 8192 2.000000000 2
424 628 3 8192 2.000000000 2
424 628 3 8192 2.000000000 2
424 860 3 8192 2.000000000 2
424 860 3 8192 2.000000000 2
424 860 3 8192 2.000000000 2
424 860 3 8192 2.000000000 2
424 860 3 8192 2.000000000 2
424 860 3 8192 2.000000000 2
424 860 3 8192 2.000000000 2
424 860 3 8192 2.000000000 2
424 1252 3 8192 2.000000000 2
424 1252 3 8192 2.000000000 2
424 1252 3 8192 2.000000000 2
424 1252 3 8192 2.000000000 2
424 1252 3 8192 2.000000000 2
424 1252 3 8192 2.000000000 2
424 1252 3 8192 2.000000000 2
424 1252 3 8192 2.000000000 2
428 100 3 8192 2.000000000 2
428 100 3 8192 2.000000000 2
428 100 3 8192 2.000000000 2
428 100 3 8192 2.000000000 2
428 100 3 8192 2.000000000 2
428 100 3 8192 2.000000000 2
428 100 3 8192 2.000000000 2
428 100 3 8192 2.000000000 2
428 300 3 8192 2.000000000 2
428 300 3 8192 2.000000000 2
428 300 3 8192 2.000000000 2
428 300 3 8192 2.000000000 2
428 300 3 8192 2.000000000 2
428 300 3 8192 2.000000000 2
428 300 3 8192 2.000000000 2
428 300 3 8192 2.000000000 2
428 320 3 8192 2.000000000 2
428 320 3 8192 2.000000000 2
428 320 3 8192 2.000000000 2
428 320 3 8192 2.000000000 2
428 320 3 8192 2.000000000 2
428 320 3 8192 2.000000000 2
428 320 3 8192 2.000000000 2
428 320 3 8192 2.000000000 2
428 392 3 8192 2.000000000 2
428 392 3 8192 2.000000000 2
428 392 3 8192 2.000000000 2
428 392 3 8192 2.000000000 2
428 392 3 8192 2.000000000 2
428 392 3 8192 2.000000000 2
428 392 3 8192 2.000000000 2
428 392 3 8192 2.000000000 2
428 588 3 8192 2.000000000 2
428 588 3 8192 2.000000000 2
428 588 3 8192 2.000000000 2
428 588 3 8192 2.000000000 2
428 588 3 8192 2.000000000 2
428 588 3 8192 2.000000000 2
428 588 3 8192 2.000000000 2
428 588 3 8192 2.000000000 2
428 740 3 8192 2.000000000 2
428 740 3 8192 2.000000000 2
428 740 3 8192 2.000000000 2
428 740 3 8192 2.000000000 2
428 740 3 8192 2.000000000 2
428 740 3 8192 2.000000000 2
428 740 3 8192 2.000000000 2
428 740 3 8192 2.000000000 2
428 872 3 8192 2.000000000 2
428 872 3 8192 2.000000000 2
428 872 3 8192 2.000000000 2
428 872 3 8192 2.000000000 2
428 872 3 8192 2.000000000 2
428 872 3 8192 2.000000000 2
428 872 3 8192 2.000000000 2
428 872 3 8192 2.000000000 2
428 976 3 8192 2.000000000 2
428 976 3 8192 2.000000000 2
428 976 3 8192 2.000000000 2
428 976 3 8192 2.000000000 2
428 976 3 8192 2.000000000 2
428 976 3 8192 2.000000000 2
428 976 3 8192 2.000000000 2
428 976 3 8192 2.000000000 2
432 48 3 8192 2.000000000 2
432 48 3 8192 2.000000000 2
432 48 3 8192 2.000000000 2
432 48 3 8192 2.000000000 2
432 48 3 8192 2.000000000 2
432 48 3 8192 2.000000000 2
432 48 3 8192 2.000000000 2
432 48 3 8192 2.000000000 2
432 60 3 8192 2.000000000 2
432 60 3 8192 2.000000000 2
432 60 3 8192 2.000000000 2
432 60 3 8192 2.000000000 2
432 60 3 8192 2.000000000 2
432 60 3 8192 2.000000000 2
432 60 3 8192 2.000000000 2
432 60 3 8192 2.000000000 2
432 516 3 8192 2.000000000 2
432 516 3 8192 2.000000000 2
432 516 3 8192 2.000000000 2
432 516 3 8192 2.000000000 2
432 516 3 8192 2.000000000 2
432 516 3 8192 2.000000000 2
432 516 3 8192 2.000000000 2
432 516 3 8192 2.000000000 2
432 592 3 8192 2.000000000 2
432 592 3 8192 2.000000000 2
432 592 3 8192 2.000000000 2
432 592 3 8192 2.000000000 2
432 592 3 8192 2.000000000 2
432 592 3 8192 2.000000000 2
432 592 3 8192 2.000000000 2
432 592 3 8192 2.000000000 2
432 716 3 8192 2.000000000 2
432 716 3 8192 2.000000000 2
432 716 3 8192 2.000000000 2
432 716 3 8192 2.000000000 2
432 716 3 8192 2.000000000 2
432 716 3 8192 2.000000000 2
432 716 3 8192 2.000000000 2
432 716 3 8192 2.000000000 2
432 1028 3 8192 2.000000000 2
432 1028 3 8192 2.000000000 2
432 1028 3 8192 2.000000000 2
432 1028 3 8192 2.000000000 2
432 1028 3 8192 2.000000000 2
432 1028 3 8192 2.000000000 2
432 1028 3 8192 2.000000000 2
432 1028 3 8192 2.000000000 2
432 1268 3 8192 2.000000000 2
432 1268 3 8192 2.000000000 2
432 1268 3 8192 2.000000000 2
432 1268 3 8192 2.000000000 2
432 1268 3 8192 2.000000000 2
432 1268 3 8192 2.000000000 2
432 1268 3 8192 2.000000000 2
432 1268 3 8192 2.000000000 2
432 1276 3 8192 2.000000000 2
432 1276 3 8192 2.000000000 2
432 1276 3 8192 2.000000000 2
432 1276 3 8192 2.000000000 2
432 1276 3 8192 2.000000000 2
432 1276 3 8192 2.000000000 2
432 1276 3 8192 2.000000000 2
432 1276 3 8192 2.000000000 2
436 116 3 8192 2.000000000 2
436 116 3 8192 2.000000000 2
436 116 3 8192 2.000000000 2
436 116 3 8192 2.000000000 2
436 116 3 8192 2.000000000 2
436 116 3 8192 2.000000000 2
436 116 3 8192 2.000000000 2
436 116 3 8192 2.000000000 2
436 384 3 8192 2.000000000 2
436 384 3 8192 2.000000000 2
436 384 3 8192 2.000000000 2
436 384 3 8192 2.000000000 2
436 384 3 8192 2.000000000 2
436 384 3 8192 2.000000000 2
436 384 3 8192 2.000000000 2
436 384 3 8192 2.000000000 2
436 408 3 8192 2.000000000 2
436 408 3 8192 2.000000000 2
436 408 3 8192 2.000000000 2
436 408 3 8192 2.000000000 2
436 408 3 8192 2.000000000 2
436 408 3 8192 2.000000000 2
436 408 3 8192 2.000000000 2
436 408 3 8192 2.000000000 2
436 604 3 8192 2.000000000 2
436 604 3 8192 2.000000000 2
436 604 3 8192 2.000000000 2
436 604 3 8192 2.000000000 2
436 604 3 8192 2.000000000 2
436 604 3 8192 2.000000000 2
436 604 3 8192 2.000000000 2
436 604 3 8192 2.000000000 2
436 896 3 8192 2.000000000 2
436 896 3 8192 2.000000000 2
436 896 3 8192 2.000000000 2
436 896 3 8192 2.000000000 2
436 896 3 8192 2.000000000 2
436 896 3 8192 2.000000000 2
436 896 3 8192 2.000000000 2
436 896 3 8192 2.000000000 2
436 964 3 8192 2.000000000 2
436 964 3 8192 2.000000000 2
436 964 3 8192 2.000000000 2
436 964 3 8192 2.000000000 2
436 964 3 8192 2.000000000 2
436 964 3 8192 2.000000000 2
436 964 3 8192 2.000000000 2
436 964 3 8192 2.000000000 2
436 1008 3 8192 2.000000000 2
436 1008 3 8192 2.000000000 2
436 1008 3 8192 2.000000000 2
436 1008 3 8192 2.000000000 2
436 1008 3 8192 2.000000000 2
436 1008 3 8192 2.000000000 2
436 1008 3 8192 2.000000000 2
436 1008 3 8192 2.000000000 2
436 1248 3 8192 2.000000000 2
436 1248 3 8192 2.000000000 2
436 1248 3 8192 2.000000000 2
436 1248 3 8192 2.000000000 2
436 1248 3 8192 2.000000000 2
436 1248 3 8192 2.000000000 2
436 1248 3 8192 2.000000000 2
436 1248 3 8192 2.000000000 2
444 92 3 8192 2.000000000 2
444 92 3 8192 2.000000000 2
444 92 3 8192 2.000000000 2
444 92 3 8192 2.000000000 2
444 92 3 8192 2.000000000 2
444 92 3 8192 2.000000000 2
444 92 3 8192 2.000000000 2
444 92 3 8192 2.000000000 2
444 236 3 8192 2.000000000 2
444 236 3 8192 2.000000000 2
444 236 3 8192 2.000000000 2
444 236 3 8192 2.000000000 2
444 236 3 8192 2.000000000 2
444 236 3 8192 2.000000000 2
444 236 3 8192 2.000000000 2
444 236 3 8192 2.000000000 2
444 240 3 8192 2.000000000 2
444 240 3 8192 2.000000000 2
444 240 3 8192 2.000000000 2
444 240 3 8192 2.000000000 2
444 240 3 8192 2.000000000 2
444 240 3 8192 2.000000000 2
444 240 3 8192 2.000000000 2
444 240 3 8192 2.000000000 2
444 312 3 8192 2.000000000 2
444 312 3 8192 2.000000000 2
444 312 3 8192 2.000000000 2
444 312 3 8192 2.000000000 2
444 312 3 8192 2.000000000 2
444 312 3 8192 2.000000000 2
444 312 3 8192 2.000000000 2
444 312 3 8192 2.000000000 2
444 648 3 8192 2.000000000 2
444 648 3 8192 2.000000000 2
444 648 3 8192 2.000000000 2
444 648 3 8192 2.000000000 2
444 648 3 8192 2.000000000 2
444 648 3 8192 2.000000000 2
444 648 3 8192 2.000000000 2
444 648 3 8192 2.000000000 2
444 792 3 8192 2.000000000 2
444 792 3 8192 2.000000000 2
444 792 3 8192 2.000000000 2
444 792 3 8192 2.000000000 2
444 792 3 8192 2.000000000 2
444 792 3 8192 2.000000000 2
444 792 3 8192 2.000000000 2
444 792 3 8192 2.000000000 2
444 800 3 8192 2.000000000 2
444 800 3 8192 2.000000000 2
444 800 3 8192 2.000000000 2
444 800 3 8192 2.000000000 2
444 800 3 8192 2.000000000 2
444 800 3 8192 2.000000000 2
444 800 3 8192 2.000000000 2
444 800 3 8192 2.000000000 2
444 1168 3 8192 2.000000000 2
444 1168 3 8192 2.000000000 2
444 1168 3 8192 2.000000000 2
444 1168 3 8192 2.000000000 2
444 1168 3 8192 2.000000000 2
444 1168 3 8192 2.000000000 2
444 1168 3 8192 2.000000000 2
444 1168 3 8192 2.000000000 2
448 56 3 8192 2.000000000 2
448 56 3 8192 2.000000000 2
448 56 3 8192 2.000000000 2
448 56 3 8192 2.000000000 2
448 56 3 8192 2.000000000 2
448 56 3 8192 2.000000000 2
448 56 3 8192 2.000000000 2
448 56 3 8192 2.000000000 2
448 208 3 8192 2.000000000 2
448 208 3 8192 2.000000000 2
448 208 3 8192 2.000000000 2
448 208 3 8192 2.000000000 2
448 208 3 8192 2.000000000 2
448 208 3 8192 2.000000000 2
448 208 3 8192 2.000000000 2
448 208 3 8192 2.000000000 2
448 356 3 8192 2.000000000 2
448 356 3 8192 2.000000000 2
448 356 3 8192 2.000000000 2
448 356 3 8192 2.000000000 2
448 356 3 8192 2.000000000 2
448 356 3 8192 2.000000000 2
448 356 3 8192 2.000000000 2
448 356 3 8192 2.000000000 2
448 572 3 8192 2.000000000 2
448 572 3 8192 2.000000000 2
448 572 3 8192 2.000000000 2
448 572 3 8192 2.000000000 2
448 572 3 8192 2.000000000 2
448 572 3 8192 2.000000000 2
448 572 3 8192 2.000000000 2
448 572 3 8192 2.000000000 2
448 604 3 8192 2.000000000 2
448 604 3 8192 2.000000000 2
448 604 3 8192 2.000000000 2
448 604 3 8192 2.000000000 2
448 604 3 8192 2.000000000 2
448 604 3 8192 2.000000000 2
448 604 3 8192 2.000000000 2
448 604 3 8192 2.000000000 2
448 736 3 8192 2.000000000 2
448 736 3 8192 2.000000000 2
448 736 3 8192 2.000000000 2
448 736 3 8192 2.000000000 2
448 736 3 8192 2.000000000 2
448 736 3 8192 2.000000000 2
448 736 3 8192 2.000000000 2
448 736 3 8192 2.000000000 2
448 836 3 8192 2.000000000 2
448 836 3 8192 2.000000000 2
448 836 3 8192 2.000000000 2
448 836 3 8192 2.000000000 2
448 836 3 8192 2.000000000 2
448 836 3 8192 2.000000000 2
448 836 3 8192 2.000000000 2
448 836 3 8192 2.000000000 2
448 1200 3 8192 2.000000000 2
448 1200 3 8192 2.000000000 2
448 1200 3 8192 2.000000000 2
448 1200 3 8192 2.000000000 2
448 1200 3 8192 2.000000000 2
448 1200 3 8192 2.000000000 2
448 1200 3 8192 2.000000000 2
448 1200 3 8192 2.000000000 2
452 4 3 8192 2.000000000 2
452 4 3 8192 2.000000000 2
452 4 3 8192 2.000000000 2
452 4 3 8192 2.000000000 2
452 4 3 8192 2.000000000 2
452 4 3 8192 2.000000000 2
452 4 3 8192 2.000000000 2
452 4 3 8192 2.000000000 2
452 112 3 8192 2.000000000 2
452 112 3 8192 2.000000000 2
452 112 3 8192 2.000000000 2
452 112 3 8192 2.000000000 2
452 112 3 8192 2.000000000 2
452 112 3 8192 2.000000000 2
452 112 3 8192 2.000000000 2
452 112 3 8192 2.000000000 2
452 240 3 8192 2.000000000 2
452 240 3 8192 2.000000000 2
452 240 3 8192 2.000000000 2
452 240 3 8192 2.000000000 2
452 240 3 8192 2.000000000 2
452 240 3 8192 2.000000000 2
452 240 3 8192 2.000000000 2
452 240 3 8192 2.000000000 2
452 356 3 8192 2.000000000 2
452 356 3 8192 2.000000000 2
452 356 3 8192 2.000000000 2
452 356 3 8192 2.000000000 2
452 356 3 8192 2.000000000 2
452 356 3 8192 2.000000000 2
452 356 3 8192 2.000000000 2
452 356 3 8192 2.000000000 2
452 416 3 8192 2.000000000 2
452 416 3 8192 2.000000000 2
452 416 3 8192 2.000000000 2
452 416 3 8192 2.000000000 2
452 416 3 8192 2.000000000 2
452 416 3 8192 2.000000000 2
452 416 3 8192 2.000000000 2
452 416 3 8192 2.000000000 2
452 556 3 8192 2.000000000 2
452 556 3 8192 2.000000000 2
452 556 3 8192 2.000000000 2
452 556 3 8192 2.000000000 2
452 556 3 8192 2.000000000 2
452 556 3 8192 2.000000000 2
452 556 3 8192 2.000000000 2
452 556 3 8192 2.000000000 2
452 872 3 8192 2.000000000 2
452 872 3 8192 2.000000000 2
452 872 3 8192 2.000000000 2
452 872 3 8192 2.000000000 2
452 872 3 8192 2.000000000 2
452 872 3 8192 2.000000000 2
452 872 3 8192 2.000000000 2
452 872 3 8192 2.000000000 2
452 896 3 8192 2.000000000 2
452 896 3 8192 2.000000000 2
452 896 3 8192 2.000000000 2
452 896 3 8192 2.000000000 2
452 896 3 8192 2.000000000 2
452 896 3 8192 2.000000000 2
452 896 3 8192 2.000000000 2
452 896 3 8192 2.000000000 2
456 80 3 8192 2.000000000 2
456 80 3 8192 2.000000000 2
456 80 3 8192 2.000000000 2
456 80 3 8192 2.000000000 2
456 80 3 8192 2.000000000 2
456 80 3 8192 2.000000000 2
456 80 3 8192 2.000000000 2
456 80 3 8192 2.000000000 2
456 368 3 8192 2.000000000 2
456 368 3 8192 2.000000000 2
456 368 3 8192 2.000000000 2
456 368 3 8192 2.000000000 2
456 368 3 8192 2.000000000 2
456 368 3 8192 2.000000000 2
456 368 3 8192 2.000000000 2
456 368 3 8192 2.000000000 2
456 412 3 8192 2.000000000 2
456 412 3 8192 2.000000000 2
456 412 3 8192 2.000000000 2
456 412 3 8192 2.000000000 2
456 412 3 8192 2.000000000 2
456 412 3 8192 2.000000000 2
456 412 3 8192 2.000000000 2
456 412 3 8192 2.000000000 2
456 556 3 8192 2.000000000 2
456 556 3 8192 2.000000000 2
456 556 3 8192 2.000000000 2
456 556 3 8192 2.000000000 2
456 556 3 8192 2.000000000 2
456 556 3 8192 2.000000000 2
456 556 3 8192 2.000000000 2
456 556 3 8192 2.000000000 2
456 784 3 8192 2.000000000 2
456 784 3 8192 2.000000000 2
456 784 3 8192 2.000000000 2
456 784 3 8192 2.000000000 2
456 784 3 8192 2.000000000 2
456 784 3 8192 2.000000000 2
456 784 3 8192 2.000000000 2
456 784 3 8192 2.000000000 2
456 1068 3 8192 2.000000000 2
456 1068 3 8192 2.000000000 2
456 1068 3 8192 2.000000000 2
456 1068 3 8192 2.000000000 2
456 1068 3 8192 2.000000000 2
456 1068 3 8192 2.000000000 2
456 1068 3 8192 2.000000000 2
456 1068 3 8192 2.000000000 2
456 1088 3 8192 2.000000000 2
456 1088 3 8192 2.000000000 2
456 1088 3 8192 2.000000000 2
456 1088 3 8192 2.000000000 2
456 1088 3 8192 2.000000000 2
456 1088 3 8192 2.000000000 2
456 1088 3 8192 2.000000000 2
456 1088 3 8192 2.000000000 2
456 1232 3 8192 2.000000000 2
456 1232 3 8192 2.000000000 2
456 1232 3 8192 2.000000000 2
456 1232 3 8192 2.000000000 2
456 1232 3 8192 2.000000000 2
456 1232 3 8192 2.000000000 2
456 1232 3 8192 2.000000000 2
456 1232 3 8192 2.000000000 2
460 188 3 8192 2.000000000 2
460 188 3 8192 2.000000000 2
460 188 3 8192 2.000000000 2
460 188 3 8192 2.000000000 2
460 188 3 8192 2.000000000 2
460 188 3 8192 2.000000000 2
460 188 3 8192 2.000000000 2
460 188 3 8192 2.000000000 2
460 368 3 8192 2.000000000 2
460 368 3 8192 2.000000000 2
460 368 3 8192 2.000000000 2
460 368 3 8192 2.000000000 2
460 368 3 8192 2.000000000 2
460 368 3 8192 2.000000000 2
460 368 3 8192 2.000000000 2
460 368 3 8192 2.000000000 2
460 508 3 8192 2.000000000 2
460 508 3 8192 2.000000000 2
460 508 3 8192 2.000000000 2
460 508 3 8192 2.000000000 2
460 508 3 8192 2.000000000 2
460 508 3 8192 2.000000000 2
460 508 3 8192 2.000000000 2
460 508 3 8192 2.000000000 2
460 664 3 8192 2.000000000 2
460 664 3 8192 2.000000000 2
460 664 3 8192 2.000000000 2
460 664 3 8192 2.000000000 2
460 664 3 8192 2.000000000 2
460 664 3 8192 2.000000000 2
460 664 3 8192 2.000000000 2
460 664 3 8192 2.000000000 2
460 672 3 8192 2.000000000 2
460 672 3 8192 2.000000000 2
460 672 3 8192 2.000000000 2
460 672 3 8192 2.000000000 2
460 672 3 8192 2.000000000 2
460 672 3 8192 2.000000000 2
460 672 3 8192 2.000000000 2
460 672 3 8192 2.000000000 2
460 708 3 8192 2.000000000 2
460 708 3 8192 2.000000000 2
460 708 3 8192 2.000000000 2
460 708 3 8192 2.000000000 2
460 708 3 8192 2.000000000 2
460 708 3 8192 2.000000000 2
460 708 3 8192 2.000000000 2
460 708 3 8192 2.000000000 2
460 796 3 8192 2.000000000 2
460 796 3 8192 2.000000000 2
460 796 3 8192 2.000000000 2
460 796 3 8192 2.000000000 2
460 796 3 8192 2.000000000 2
460 796 3 8192 2.000000000 2
460 796 3 8192 2.000000000 2
460 796 3 8192 2.000000000 2
460 932 3 8192 2.000000000 2
460 932 3 8192 2.000000000 2
460 932 3 8192 2.000000000 2
460 932 3 8192 2.000000000 2
460 932 3 8192 2.000000000 2
460 932 3 8192 2.000000000 2
460 932 3 8192 2.000000000 2
460 932 3 8192 2.000000000 2
464 156 3 8192 2.000000000 2
464 156 3 8192 2.000000000 2
464 156 3 8192 2.000000000 2
464 156 3 8192 2.000000000 2
464 156 3 8192 2.000000000 2
464 156 3 8192 2.000000000 2
464 156 3 8192 2.000000000 2
464 156 3 8192 2.000000000 2
464 300 3 8192 2.000000000 2
464 300 3 8192 2.000000000 2
464 300 3 8192 2.000000000 2
464 300 3 8192 2.000000000 2
464 300 3 8192 2.000000000 2
464 300 3 8192 2.000000000 2
464 300 3 8192 2.000000000 2
464 300 3 8192 2.000000000 2
464 400 3 8192 2.000000000 2
464 400 3 8192 2.000000000 2
464 400 3 8192 2.000000000 2
464 400 3 8192 2.000000000 2
464 400 3 8192 2.000000000 2
464 400 3 8192 2.000000000 2
464 400 3 8192 2.000000000 2
464 400 3 8192 2.000000000 2
464 508 3 8192 2.000000000 2
464 508 3 8192 2.000000000 2
464 508 3 8192 2.000000000 2
464 508 3 8192 2.000000000 2
464 508 3 8192 2.000000000 2
464 508 3 8192 2.000000000 2
464 508 3 8192 2.000000000 2
464 508 3 8192 2.000000000 2
464 540 3 8192 2.000000000 2
464 540 3 8192 2.000000000 2
464 540 3 8192 2.000000000 2
464 540 3 8192 2.000000000 2
464 540 3 8192 2.000000000 2
464 540 3 8192 2.000000000 2
464 540 3 8192 2.000000000 2
464 540 3 8192 2.000000000 2
464 1032 3 8192 2.000000000 2
464 1032 3 8192 2.000000000 2
464 1032 3 8192 2.000000000 2
464 1032 3 8192 2.000000000 2
464 1032 3 8192 2.000000000 2
464 1032 3 8192 2.000000000 2
464 1032 3 8192 2.000000000 2
464 1032 3 8192 2.000000000 2
464 1104 3 8192 2.000000000 2
464 1104 3 8192 2.000000000 2
464 1104 3 8192 2.000000000 2
464 1104 3 8192 2.000000000 2
464 1104 3 8192 2.000000000 2
464 1104 3 8192 2.000000000 2
464 1104 3 8192 2.000000000 2
464 1104 3 8192 2.000000000 2
464 1188 3 8192 2.000000000 2
464 1188 3 8192 2.000000000 2
464 1188 3 8192 2.000000000 2
464 1188 3 8192 2.000000000 2
464 1188 3 8192 2.000000000 2
464 1188 3 8192 2.000000000 2
464 1188 3 8192 2.000000000 2
464 1188 3 8192 2.000000000 2
468 124 3 8192 2.000000000 2
468 124 3 8192 2.000000000 2
468 124 3 8192 2.000000000 2
468 124 3 8192 2.000000000 2
468 124 3 8192 2.000000000 2
468 124 3 8192 2.000000000 2
468 124 3 8192 2.000000000 2
468 124 3 8192 2.000000000 2
468 192 3 8192 2.000000000 2
468 192 3 8192 2.000000000 2
468 192 3 8192 2.000000000 2
468 192 3 8192 2.000000000 2
468 192 3 8192 2.000000000 2
468 192 3 8192 2.000000000 2
468 192 3 8192 2.000000000 2
468 192 3 8192 2.000000000 2
468 616 3 8192 2.000000000 2
468 616 3 8192 2.000000000 2
468 616 3 8192 2.000000000 2
468 616 3 8192 2.000000000 2
468 616 3 8192 2.000000000 2
468 616 3 8192 2.000000000 2
468 616 3 8192 2.000000000 2
468 616 3 8192 2.000000000 2
468 624 3 8192 2.000000000 2
468 624 3 8192 2.000000000 2
468 624 3 8192 2.000000000 2
468 624 3 8192 2.000000000 2
468 624 3 8192 2.000000000 2
468 624 3 8192 2.000000000 2
468 624 3 8192 2.000000000 2
468 624 3 8192 2.000000000 2
468 660 3 8192 2.000000000 2
468 660 3 8192 2.000000000 2
468 660 3 8192 2.000000000 2
468 660 3 8192 2.000000000 2
468 660 3 8192 2.000000000 2
468 660 3 8192 2.000000000 2
468 660 3 8192 2.000000000 2
468 660 3 8192 2.000000000 2
468 828 3 8192 2.000000000 2
468 828 3 8192 2.000000000 2
468 828 3 8192 2.000000000 2
468 828 3 8192 2.000000000 2
468 828 3 8192 2.000000000 2
468 828 3 8192 2.000000000 2
468 828 3 8192 2.000000000 2
468 828 3 8192 2.000000000 2
468 1120 3 8192 2.000000000 2
468 1120 3 8192 2.000000000 2
468 1120 3 8192 2.000000000 2
468 1120 3 8192 2.000000000 2
468 1120 3 8192 2.000000000 2
468 1120 3 8192 2.000000000 2
468 1120 3 8192 2.000000000 2
468 1120 3 8192 2.000000000 2
468 1236 3 8192 2.000000000 2
468 1236 3 8192 2.000000000 2
468 1236 3 8192 2.000000000 2
468 1236 3 8192 2.000000000 2
468 1236 3 8192 2.000000000 2
468 1236 3 8192 2.000000000 2
468 1236 3 8192 2.000000000 2
468 1236 3 8192 2.000000000 2
472 248 3 8192 2.000000000 2
472 248 3 8192 2.000000000 2
472 248 3 8192 2.000000000 2
472 248 3 8192 2.000000000 2
472 248 3 8192 2.000000000 2
472 248 3 8192 2.000000000 2
472 248 3 8192 2.000000000 2
472 248 3 8192 2.000000000 2
472 340 3 8192 2.000000000 2
472 340 3 8192 2.000000000 2
472 340 3 8192 2.000000000 2
472 340 3 8192 2.000000000 2
472 340 3 8192 2.000000000 2
472 340 3 8192 2.000000000 2
472 340 3 8192 2.000000000 2
472 340 3 8192 2.000000000 2
472 376 3 8192 2.000000000 2
472 376 3 8192 2.000000000 2
472 376 3 8192 2.000000000 2
472 376 3 8192 2.000000000 2
472 376 3 8192 2.000000000 2
472 376 3 8192 2.000000000 2
472 376 3 8192 2.000000000 2
472 376 3 8192 2.000000000 2
472 692 3 8192 2.000000000 2
472 692 3 8192 2.000000000 2
472 692 3 8192 2.000000000 2
472 692 3 8192 2.000000000 2
472 692 3 8192 2.000000000 2
472 692 3 8192 2.000000000 2
472 692 3 8192 2.000000000 2
472 692 3 8192 2.000000000 2
472 928 3 8192 2.000000000 2
472 928 3 8192 2.000000000 2
472 928 3 8192 2.000000000 2
472 928 3 8192 2.000000000 2
472 928 3 8192 2.000000000 2
472 928 3 8192 2.000000000 2
472 928 3 8192 2.000000000 2
472 928 3 8192 2.000000000 2
472 952 3 8192 2.000000000 2
472 952 3 8192 2.000000000 2
472 952 3 8192 2.000000000 2
472 952 3 8192 2.000000000 2
472 952 3 8192 2.000000000 2
472 952 3 8192 2.000000000 2
472 952 3 8192 2.000000000 2
472 952 3 8192 2.000000000 2
472 976 3 8192 2.000000000 2
472 976 3 8192 2.000000000 2
472 976 3 8192 2.000000000 2
472 976 3 8192 2.000000000 2
472 976 3 8192 2.000000000 2
472 976 3 8192 2.000000000 2
472 976 3 8192 2.000000000 2
472 976 3 8192 2.000000000 2
472 1136 3 8192 2.000000000 2
472 1136 3 8192 2.000000000 2
472 1136 3 8192 2.000000000 2
472 1136 3 8192 2.000000000 2
472 1136 3 8192 2.000000000 2
472 1136 3 8192 2.000000000 2
472 1136 3 8192 2.000000000 2
472 1136 3 8192 2.000000000 2
476 128 3 8192 2.000000000 2
476 128 3 8192 2.000000000 2
476 128 3 8192 2.000000000 2
476 128 3 8192 2.000000000 2
476 128 3 8192 2.000000000 2
476 128 3 8192 2.000000000 2
476 128 3 8192 2.000000000 2
476 128 3 8192 2.000000000 2
476 168 3 8192 2.000000000 2
476 168 3 8192 2.000000000 2
476 168 3 8192 2.000000000 2
476 168 3 8192 2.000000000 2
476 168 3 8192 2.000000000 2
476 168 3 8192 2.000000000 2
476 168 3 8192 2.000000000 2
476 168 3 8192 2.000000000 2
476 664 3 8192 2.000000000 2
476 664 3 8192 2.000000000 2
476 664 3 8192 2.000000000 2
476 664 3 8192 2.000000000 2
476 664 3 8192 2.000000000 2
476 664 3 8192 2.000000000 2
476 664 3 8192 2.000000000 2
476 664 3 8192 2.000000000 2
476 708 3 8192 2.000000000 2
476 708 3 8192 2.000000000 2
476 708 3 8192 2.000000000 2
476 708 3 8192 2.000000000 2
476 708 3 8192 2.000000000 2
476 708 3 8192 2.000000000 2
476 708 3 8192 2.000000000 2
476 708 3 8192 2.000000000 2
476 712 3 8192 2.000000000 2
476 712 3 8192 2.000000000 2
476 712 3 8192 2.000000000 2
476 712 3 8192 2.000000000 2
476 712 3 8192 2.000000000 2
476 712 3 8192 2.000000000 2
476 712 3 8192 2.000000000 2
476 712 3 8192 2.000000000 2
476 788 3 8192 2.000000000 2
476 788 3 8192 2.000000000 2
476 788 3 8192 2.000000000 2
476 788 3 8192 2.000000000 2
476 788 3 8192 2.000000000 2
476 788 3 8192 2.000000000 2
476 788 3 8192 2.000000000 2
476 788 3 8192 2.000000000 2
476 792 3 8192 2.000000000 2
476 792 3 8192 2.000000000 2
476 792 3 8192 2.000000000 2
476 792 3 8192 2.000000000 2
476 792 3 8192 2.000000000 2
476 792 3 8192 2.000000000 2
476 792 3 8192 2.000000000 2
476 792 3 8192 2.000000000 2
476 816 3 8192 2.000000000 2
476 816 3 8192 2.000000000 2
476 816 3 8192 2.000000000 2
476 816 3 8192 2.000000000 2
476 816 3 8192 2.000000000 2
476 816 3 8192 2.000000000 2
476 816 3 8192 2.000000000 2
476 816 3 8192 2.000000000 2
480 12 3 8192 2.000000000 2
480 12 3 8192 2.000000000 2
480 12 3 8192 2.000000000 2
480 12 3 8192 2.000000000 2
480 12 3 8192 2.000000000 2
480 12 3 8192 2.000000000 2
480 12 3 8192 2.000000000 2
480 12 3 8192 2.000000000 2
480 168 3 8192 2.000000000 2
480 168 3 8192 2.000000000 2
480 168 3 8192 2.000000000 2
480 168 3 8192 2.000000000 2
480 168 3 8192 2.000000000 2
480 168 3 8192 2.000000000 2
480 168 3 8192 2.000000000 2
480 168 3 8192 2.000000000 2
480 300 3 8192 2.000000000 2
480 300 3 8192 2.000000000 2
480 300 3 8192 2.000000000 2
480 300 3 8192 2.000000000 2
480 300 3 8192 2.000000000 2
480 300 3 8192 2.000000000 2
480 300 3 8192 2.000000000 2
480 300 3 8192 2.000000000 2
480 700 3 8192 2.000000000 2
480 700 3 8192 2.000000000 2
480 700 3 8192 2.000000000 2
480 700 3 8192 2.000000000 2
480 700 3 8192 2.000000000 2
480 700 3 8192 2.000000000 2
480 700 3 8192 2.000000000 2
480 700 3 8192 2.000000000 2
480 840 3 8192 2.000000000 2
480 840 3 8192 2.000000000 2
480 840 3 8192 2.000000000 2
480 840 3 8192 2.000000000 2
480 840 3 8192 2.000000000 2
480 840 3 8192 2.000000000 2
480 840 3 8192 2.000000000 2
480 840 3 8192 2.000000000 2
480 996 3 8192 2.000000000 2
480 996 3 8192 2.000000000 2
480 996 3 8192 2.000000000 2
480 996 3 8192 2.000000000 2
480 996 3 8192 2.000000000 2
480 996 3 8192 2.000000000 2
480 996 3 8192 2.000000000 2
480 996 3 8192 2.000000000 2
480 1060 3 8192 2.000000000 2
480 1060 3 8192 2.000000000 2
480 1060 3 8192 2.000000000 2
480 1060 3 8192 2.000000000 2
480 1060 3 8192 2.000000000 2
480 1060 3 8192 2.000000000 2
480 1060 3 8192 2.000000000 2
480 1060 3 8192 2.000000000 2
480 1076 3 8192 2.000000000 2
480 1076 3 8192 2.000000000 2
480 1076 3 8192 2.000000000 2
480 1076 3 8192 2.000000000 2
480 1076 3 8192 2.000000000 2
480 1076 3 8192 2.000000000 2
480 1076 3 8192 2.000000000 2
480 1076 3 8192 2.000000000 2
484 232 3 8192 2.000000000 2
484 232 3 8192 2.000000000 2
484 232 3 8192 2.000000000 2
484 232 3 8192 2.000000000 2
484 232 3 8192 2.000000000 2
484 232 3 8192 2.000000000 2
484 232 3 8192 2.000000000 2
484 232 3 8192 2.000000000 2
484 376 3 8192 2.000000000 2
484 376 3 8192 2.000000000 2
484 376 3 8192 2.000000000 2
484 376 3 8192 2.000000000 2
484 376 3 8192 2.000000000 2
484 376 3 8192 2.000000000 2
484 376 3 8192 2.000000000 2
484 376 3 8192 2.000000000 2
484 840 3 8192 2.000000000 2
484 840 3 8192 2.000000000 2
484 840 3 8192 2.000000000 2
484 840 3 8192 2.000000000 2
484 840 3 8192 2.000000000 2
484 840 3 8192 2.000000000 2
484 840 3 8192 2.000000000 2
484 840 3 8192 2.000000000 2
484 948 3 8192 2.000000000 2
484 948 3 8192 2.000000000 2
484 948 3 8192 2.000000000 2
484 948 3 8192 2.000000000 2
484 948 3 8192 2.000000000 2
484 948 3 8192 2.000000000 2
484 948 3 8192 2.000000000 2
484 948 3 8192 2.000000000 2
484 1000 3 8192 2.000000000 2
484 1000 3 8192 2.000000000 2
484 1000 3 8192 2.000000000 2
484 1000 3 8192 2.000000000 2
484 1000 3 8192 2.000000000 2
484 1000 3 8192 2.000000000 2
484 1000 3 8192 2.000000000 2
484 1000 3 8192 2.000000000 2
484 1024 3 8192 2.000000000 2
484 1024 3 8192 2.000000000 2
484 1024 3 8192 2.000000000 2
484 1024 3 8192 2.000000000 2
484 1024 3 8192 2.000000000 2
484 1024 3 8192 2.000000000 2
484 1024 3 8192 2.000000000 2
484 1024 3 8192 2.000000000 2
484 1068 3 8192 2.000000000 2
484 1068 3 8192 2.000000000 2
484 1068 3 8192 2.000000000 2
484 1068 3 8192 2.000000000 2
484 1068 3 8192 2.000000000 2
484 1068 3 8192 2.000000000 2
484 1068 3 8192 2.000000000 2
484 1068 3 8192 2.000000000 2
484 1108 3 8192 2.000000000 2
484 1108 3 8192 2.000000000 2
484 1108 3 8192 2.000000000 2
484 1108 3 8192 2.000000000 2
484 1108 3 8192 2.000000000 2
484 1108 3 8192 2.000000000 2
484 1108 3 8192 2.000000000 2
484 1108 3 8192 2.000000000 2
492 216 3 8192 2.000000000 2
492 216 3 8192 2.000000000 2
492 216 3 8192 2.000000000 2
492 216 3 8192 2.000000000 2
492 216 3 8192 2.000000000 2
492 216 3 8192 2.000000000 2
492 216 3 8192 2.000000000 2
492 216 3 8192 2.000000000 2
492 536 3 8192 2.000000000 2
492 536 3 8192 2.000000000 2
492 536 3 8192 2.000000000 2
492 536 3 8192 2.000000000 2
492 536 3 8192 2.000000000 2
492 536 3 8192 2.000000000 2
492 536 3 8192 2.000000000 2
492 536 3 8192 2.000000000 2
492 632 3 8192 2.000000000 2
492 632 3 8192 2.000000000 2
492 632 3 8192 2.000000000 2
492 632 3 8192 2.000000000 2
492 632 3 8192 2.000000000 2
492 632 3 8192 2.000000000 2
492 632 3 8192 2.000000000 2
492 632 3 8192 2.000000000 2
492 644 3 8192 2.000000000 2
492 644 3 8192 2.000000000 2
492 644 3 8192 2.000000000 2
492 644 3 8192 2.000000000 2
492 644 3 8192 2.000000000 2
492 644 3 8192 2.000000000 2
492 644 3 8192 2.000000000 2
492 644 3 8192 2.000000000 2
492 932 3 8192 2.000000000 2
492 932 3 8192 2.000000000 2
492 932 3 8192 2.000000000 2
492 932 3 8192 2.000000000 2
492 932 3 8192 2.000000000 2
492 932 3 8192 2.000000000 2
492 932 3 8192 2.000000000 2
492 932 3 8192 2.000000000 2
492 940 3 8192 2.000000000 2
492 940 3 8192 2.000000000 2
492 940 3 8192 2.000000000 2
492 940 3 8192 2.000000000 2
492 940 3 8192 2.000000000 2
492 940 3 8192 2.000000000 2
492 940 3 8192 2.000000000 2
492 940 3 8192 2.000000000 2
492 1120 3 8192 2.000000000 2
492 1120 3 8192 2.000000000 2
492 1120 3 8192 2.000000000 2
492 1120 3 8192 2.000000000 2
492 1120 3 8192 2.000000000 2
492 1120 3 8192 2.000000000 2
492 1120 3 8192 2.000000000 2
492 1120 3 8192 2.000000000 2
492 1152 3 8192 2.000000000 2
492 1152 3 8192 2.000000000 2
492 1152 3 8192 2.000000000 2
492 1152 3 8192 2.000000000 2
492 1152 3 8192 2.000000000 2
492 1152 3 8192 2.000000000 2
492 1152 3 8192 2.000000000 2
492 1152 3 8192 2.000000000 2
496 44 3 8192 2.000000000 2
496 44 3 8192 2.000000000 2
496 44 3 8192 2.000000000 2
496 44 3 8192 2.000000000 2
496 44 3 8192 2.000000000 2
496 44 3 8192 2.000000000 2
496 44 3 8192 2.000000000 2
496 44 3 8192 2.000000000 2
496 164 3 8192 2.000000000 2
496 164 3 8192 2.000000000 2
496 164 3 8192 2.000000000 2
496 164 3 8192 2.000000000 2
496 164 3 8192 2.000000000 2
496 164 3 8192 2.000000000 2
496 164 3 8192 2.000000000 2
496 164 3 8192 2.000000000 2
496 424 3 8192 2.000000000 2
496 424 3 8192 2.000000000 2
496 424 3 8192 2.000000000 2
496 424 3 8192 2.000000000 2
496 424 3 8192 2.000000000 2
496 424 3 8192 2.000000000 2
496 424 3 8192 2.000000000 2
496 424 3 8192 2.000000000 2
496 812 3 8192 2.000000000 2
496 812 3 8192 2.000000000 2
496 812 3 8192 2.000000000 2
496 812 3 8192 2.000000000 2
496 812 3 8192 2.000000000 2
496 812 3 8192 2.000000000 2
496 812 3 8192 2.000000000 2
496 812 3 8192 2.000000000 2
496 976 3 8192 2.000000000 2
496 976 3 8192 2.000000000 2
496 976 3 8192 2.000000000 2
496 976 3 8192 2.000000000 2
496 976 3 8192 2.000000000 2
496 976 3 8192 2.000000000 2
496 976 3 8192 2.000000000 2
496 976 3 8192 2.000000000 2
496 1120 3 8192 2.000000000 2
496 1120 3 8192 2.000000000 2
496 1120 3 8192 2.000000000 2
496 1120 3 8192 2.000000000 2
496 1120 3 8192 2.000000000 2
496 1120 3 8192 2.000000000 2
496 1120 3 8192 2.000000000 2
496 1120 3 8192 2.000000000 2
496 1204 3 8192 2.000000000 2
496 1204 3 8192 2.000000000 2
496 1204 3 8192 2.000000000 2
496 1204 3 8192 2.000000000 2
496 1204 3 8192 2.000000000 2
496 1204 3 8192 2.000000000 2
496 1204 3 8192 2.000000000 2
496 1204 3 8192 2.000000000 2
496 1256 3 8192 2.000000000 2
496 1256 3 8192 2.000000000 2
496 1256 3 8192 2.000000000 2
496 1256 3 8192 2.000000000 2
496 1256 3 8192 2.000000000 2
496 1256 3 8192 2.000000000 2
496 1256 3 8192 2.000000000 2
496 1256 3 8192 2.000000000 2
500 120 3 8192 2.000000000 2
500 120 3 8192 2.000000000 2
500 120 3 8192 2.000000000 2
500 120 3 8192 2.000000000 2
500 120 3 8192 2.000000000 2
500 120 3 8192 2.000000000 2
500 120 3 8192 2.000000000 2
500 120 3 8192 2.000000000 2
500 248 3 8192 2.000000000 2
500 248 3 8192 2.000000000 2
500 248 3 8192 2.000000000 2
500 248 3 8192 2.000000000 2
500 248 3 8192 2.000000000 2
500 248 3 8192 2.000000000 2
500 248 3 8192 2.000000000 2
500 248 3 8192 2.000000000 2
500 408 3 8192 2.000000000 2
500 408 3 8192 2.000000000 2
500 408 3 8192 2.000000000 2
500 408 3 8192 2.000000000 2
500 408 3 8192 2.000000000 2
500 408 3 8192 2.000000000 2
500 408 3 8192 2.000000000 2
500 408 3 8192 2.000000000 2
500 668 3 8192 2.000000000 2
500 668 3 8192 2.000000000 2
500 668 3 8192 2.000000000 2
500 668 3 8192 2.000000000 2
500 668 3 8192 2.000000000 2
500 668 3 8192 2.000000000 2
500 668 3 8192 2.000000000 2
500 668 3 8192 2.000000000 2
500 832 3 8192 2.000000000 2
500 832 3 8192 2.000000000 2
500 832 3 8192 2.000000000 2
500 832 3 8192 2.000000000 2
500 832 3 8192 2.000000000 2
500 832 3 8192 2.000000000 2
500 832 3 8192 2.000000000 2
500 832 3 8192 2.000000000 2
500 840 3 8192 2.000000000 2
500 840 3 8192 2.000000000 2
500 840 3 8192 2.000000000 2
500 840 3 8192 2.000000000 2
500 840 3 8192 2.000000000 2
500 840 3 8192 2.000000000 2
500 840 3 8192 2.000000000 2
500 840 3 8192 2.000000000 2
500 1000 3 8192 2.000000000 2
500 1000 3 8192 2.000000000 2
500 1000 3 8192 2.000000000 2
500 1000 3 8192 2.000000000 2
500 1000 3 8192 2.000000000 2
500 1000 3 8192 2.000000000 2
500 1000 3 8192 2.000000000 2
500 1000 3 8192 2.000000000 2
500 1228 3 8192 2.000000000 2
500 1228 3 8192 2.000000000 2
500 1228 3 8192 2.000000000 2
500 1228 3 8192 2.000000000 2
500 1228 3 8192 2.000000000 2
500 1228 3 8192 2.000000000 2
500 1228 3 8192 2.000000000 2
500 1228 3 8192 2.000000000 2
504 4 3 8192 2.000000000 2
504 4 3 8192 2.000000000 2
504 4 3 8192 2.000000000 2
504 4 3 8192 2.000000000 2
504 4 3 8192 2.000000000 2
504 4 3 8192 2.000000000 2
504 4 3 8192 2.000000000 2
504 4 3 8192 2.000000000 2
504 192 3 8192 2.000000000 2
504 192 3 8192 2.000000000 2
504 192 3 8192 2.000000000 2
504 192 3 8192 2.000000000 2
504 192 3 8192 2.000000000 2
504 192 3 8192 2.000000000 2
504 192 3 8192 2.000000000 2
504 192 3 8192 2.000000000 2
504 268 3 8192 2.000000000 2
504 268 3 8192 2.000000000 2
504 268 3 8192 2.000000000 2
504 268 3 8192 2.000000000 2
504 268 3 8192 2.000000000 2
504 268 3 8192 2.000000000 2
504 268 3 8192 2.000000000 2
504 268 3 8192 2.000000000 2
504 460 3 8192 2.000000000 2
504 460 3 8192 2.000000000 2
504 460 3 8192 2.000000000 2
504 460 3 8192 2.000000000 2
504 460 3 8192 2.000000000 2
504 460 3 8192 2.000000000 2
504 460 3 8192 2.000000000 2
504 460 3 8192 2.000000000 2
504 724 3 8192 2.000000000 2
504 724 3 8192 2.000000000 2
504 724 3 8192 2.000000000 2
504 724 3 8192 2.000000000 2
504 724 3 8192 2.000000000 2
504 724 3 8192 2.000000000 2
504 724 3 8192 2.000000000 2
504 724 3 8192 2.000000000 2
504 864 3 8192 2.000000000 2
504 864 3 8192 2.000000000 2
504 864 3 8192 2.000000000 2
504 864 3 8192 2.000000000 2
504 864 3 8192 2.000000000 2
504 864 3 8192 2.000000000 2
504 864 3 8192 2.000000000 2
504 864 3 8192 2.000000000 2
504 1136 3 8192 2.000000000 2
504 1136 3 8192 2.000000000 2
504 1136 3 8192 2.000000000 2
504 1136 3 8192 2.000000000 2
504 1136 3 8192 2.000000000 2
504 1136 3 8192 2.000000000 2
504 1136 3 8192 2.000000000 2
504 1136 3 8192 2.000000000 2
504 1172 3 8192 2.000000000 2
504 1172 3 8192 2.000000000 2
504 1172 3 8192 2.000000000 2
504 1172 3 8192 2.000000000 2
504 1172 3 8192 2.000000000 2
504 1172 3 8192 2.000000000 2
504 1172 3 8192 2.000000000 2
504 1172 3 8192 2.000000000 2
508 0 3 8192 2.000000000 2
508 0 3 8192 2.000000000 2
508 0 3 8192 2.000000000 2
508 0 3 8192 2.000000000 2
508 0 3 8192 2.000000000 2
508 0 3 8192 2.000000000 2
508 0 3 8192 2.000000000 2
508 0 3 8192 2.000000000 2
508 12 3 8192 2.000000000 2
508 12 3 8192 2.000000000 2
508 12 3 8192 2.000000000 2
508 12 3 8192 2.000000000 2
508 12 3 8192 2.000000000 2
508 12 3 8192 2.000000000 2
508 12 3 8192 2.000000000 2
508 12 3 8192 2.000000000 2
508 36 3 8192 2.000000000 2
508 36 3 8192 2.000000000 2
508 36 3 8192 2.000000000 2
508 36 3 8192 2.000000000 2
508 36 3 8192 2.000000000 2
508 36 3 8192 2.000000000 2
508 36 3 8192 2.000000000 2
508 36 3 8192 2.000000000 2
508 168 3 8192 2.000000000 2
508 168 3 8192 2.000000000 2
508 168 3 8192 2.000000000 2
508 168 3 8192 2.000000000 2
508 168 3 8192 2.000000000 2
508 168 3 8192 2.000000000 2
508 168 3 8192 2.000000000 2
508 168 3 8192 2.000000000 2
508 524 3 8192 2.000000000 2
508 524 3 8192 2.000000000 2
508 524 3 8192 2.000000000 2
508 524 3 8192 2.000000000 2
508 524 3 8192 2.000000000 2
508 524 3 8192 2.000000000 2
508 524 3 8192 2.000000000 2
508 524 3 8192 2.000000000 2
508 624 3 8192 2.000000000 2
508 624 3 8192 2.000000000 2
508 624 3 8192 2.000000000 2
508 624 3 8192 2.000000000 2
508 624 3 8192 2.000000000 2
508 624 3 8192 2.000000000 2
508 624 3 8192 2.000000000 2
508 624 3 8192 2.000000000 2
508 808 3 8192 2.000000000 2
508 808 3 8192 2.000000000 2
508 808 3 8192 2.000000000 2
508 808 3 8192 2.000000000 2
508 808 3 8192 2.000000000 2
508 808 3 8192 2.000000000 2
508 808 3 8192 2.000000000 2
508 808 3 8192 2.000000000 2
508 1180 3 8192 2.000000000 2
508 1180 3 8192 2.000000000 2
508 1180 3 8192 2.000000000 2
508 1180 3 8192 2.000000000 2
508 1180 3 8192 2.000000000 2
508 1180 3 8192 2.000000000 2
508 1180 3 8192 2.000000000 2
508 1180 3 8192 2.000000000 2
512 164 3 8192 2.000000000 2
512 164 3 8192 2.000000000 2
512 164 3 8192 2.000000000 2
512 164 3 8192 2.000000000 2
512 164 3 8192 2.000000000 2
512 164 3 8192 2.000000000 2
512 164 3 8192 2.000000000 2
512 164 3 8192 2.000000000 2
512 312 3 8192 2.000000000 2
512 312 3 8192 2.000000000 2
512 312 3 8192 2.000000000 2
512 312 3 8192 2.000000000 2
512 312 3 8192 2.000000000 2
512 312 3 8192 2.000000000 2
512 312 3 8192 2.000000000 2
512 312 3 8192 2.000000000 2
512 400 3 8192 2.000000000 2
512 400 3 8192 2.000000000 2
512 400 3 8192 2.000000000 2
512 400 3 8192 2.000000000 2
512 400 3 8192 2.000000000 2
512 400 3 8192 2.000000000 2
512 400 3 8192 2.000000000 2
512 400 3 8192 2.000000000 2
512 428 3 8192 2.000000000 2
512 428 3 8192 2.000000000 2
512 428 3 8192 2.000000000 2
512 428 3 8192 2.000000000 2
512 428 3 8192 2.000000000 2
512 428 3 8192 2.000000000 2
512 428 3 8192 2.000000000 2
512 428 3 8192 2.000000000 2
512 448 3 8192 2.000000000 2
512 448 3 8192 2.000000000 2
512 448 3 8192 2.000000000 2
512 448 3 8192 2.000000000 2
512 448 3 8192 2.000000000 2
512 448 3 8192 2.000000000 2
512 448 3 8192 2.000000000 2
512 448 3 8192 2.000000000 2
512 500 3 8192 2.000000000 2
512 500 3 8192 2.000000000 2
512 500 3 8192 2.000000000 2
512 500 3 8192 2.000000000 2
512 500 3 8192 2.000000000 2
512 500 3 8192 2.000000000 2
512 500 3 8192 2.000000000 2
512 500 3 8192 2.000000000 2
512 664 3 8192 2.000000000 2
512 664 3 8192 2.000000000 2
512 664 3 8192 2.000000000 2
512 664 3 8192 2.000000000 2
512 664 3 8192 2.000000000 2
512 664 3 8192 2.000000000 2
512 664 3 8192 2.000000000 2
512 664 3 8192 2.000000000 2
512 728 3 8192 2.000000000 2
512 728 3 8192 2.000000000 2
512 728 3 8192 2.000000000 2
512 728 3 8192 2.000000000 2
512 728 3 8192 2.000000000 2
512 728 3 8192 2.000000000 2
512 728 3 8192 2.000000000 2
512 728 3 8192 2.000000000 2
516 260 3 8192 2.000000000 2
516 260 3 8192 2.000000000 2
516 260 3 8192 2.000000000 2
516 260 3 8192 2.000000000 2
516 260 3 8192 2.000000000 2
516 260 3 8192 2.000000000 2
516 260 3 8192 2.000000000 2
516 260 3 8192 2.000000000 2
516 280 3 8192 2.000000000 2
516 280 3 8192 2.000000000 2
516 280 3 8192 2.000000000 2
516 280 3 8192 2.000000000 2
516 280 3 8192 2.000000000 2
516 280 3 8192 2.000000000 2
516 280 3 8192 2.000000000 2
516 280 3 8192 2.000000000 2
516 628 3 8192 2.000000000 2
516 628 3 8192 2.000000000 2
516 628 3 8192 2.000000000 2
516 628 3 8192 2.000000000 2
516 628 3 8192 2.000000000 2
516 628 3 8192 2.000000000 2
516 628 3 8192 2.000000000 2
516 628 3 8192 2.000000000 2
516 748 3 8192 2.000000000 2
516 748 3 8192 2.000000000 2
516 748 3 8192 2.000000000 2
516 748 3 8192 2.000000000 2
516 748 3 8192 2.000000000 2
516 748 3 8192 2.000000000 2
516 748 3 8192 2.000000000 2
516 748 3 8192 2.000000000 2
516 824 3 8192 2.000000000 2
516 824 3 8192 2.000000000 2
516 824 3 8192 2.000000000 2
516 824 3 8192 2.000000000 2
516 824 3 8192 2.000000000 2
516 824 3 8192 2.000000000 2
516 824 3 8192 2.000000000 2
516 824 3 8192 2.000000000 2
516 836 3 8192 2.000000000 2
516 836 3 8192 2.000000000 2
516 836 3 8192 2.000000000 2
516 836 3 8192 2.000000000 2
516 836 3 8192 2.000000000 2
516 836 3 8192 2.000000000 2
516 836 3 8192 2.000000000 2
516 836 3 8192 2.000000000 2
516 992 3 8192 2.000000000 2
516 992 3 8192 2.000000000 2
516 992 3 8192 2.000000000 2
516 992 3 8192 2.000000000 2
516 992 3 8192 2.000000000 2
516 992 3 8192 2.000000000 2
516 992 3 8192 2.000000000 2
516 992 3 8192 2.000000000 2
516 1140 3 8192 2.000000000 2
516 1140 3 8192 2.000000000 2
516 1140 3 8192 2.000000000 2
516 1140 3 8192 2.000000000 2
516 1140 3 8192 2.000000000 2
516 1140 3 8192 2.000000000 2
516 1140 3 8192 2.000000000 2
516 1140 3 8192 2.000000000 2
524 36 3 8192 2.000000000 2
524 36 3 8192 2.000000000 2
524 36 3 8192 2.000000000 2
524 36 3 8192 2.000000000 2
524 36 3 8192 2.000000000 2
524 36 3 8192 2.000000000 2
524 36 3 8192 2.000000000 2
524 36 3 8192 2.000000000 2
524 484 3 8192 2.000000000 2
524 484 3 8192 2.000000000 2
524 484 3 8192 2.000000000 2
524 484 3 8192 2.000000000 2
524 484 3 8192 2.000000000 2
524 484 3 8192 2.000000000 2
524 484 3 8192 2.000000000 2
524 484 3 8192 2.000000000 2
524 632 3 8192 2.000000000 2
524 632 3 8192 2.000000000 2
524 632 3 8192 2.000000000 2
524 632 3 8192 2.000000000 2
524 632 3 8192 2.000000000 2
524 632 3 8192 2.000000000 2
524 632 3 8192 2.000000000 2
524 632 3 8192 2.000000000 2
524 812 3 8192 2.000000000 2
524 812 3 8192 2.000000000 2
524 812 3 8192 2.000000000 2
524 812 3 8192 2.000000000 2
524 812 3 8192 2.000000000 2
524 812 3 8192 2.000000000 2
524 812 3 8192 2.000000000 2
524 812 3 8192 2.000000000 2
524 1072 3 8192 2.000000000 2
524 1072 3 8192 2.000000000 2
524 1072 3 8192 2.000000000 2
524 1072 3 8192 2.000000000 2
524 1072 3 8192 2.000000000 2
524 1072 3 8192 2.000000000 2
524 1072 3 8192 2.000000000 2
524 1072 3 8192 2.000000000 2
524 1112 3 8192 2.000000000 2
524 1112 3 8192 2.000000000 2
524 1112 3 8192 2.000000000 2
524 1112 3 8192 2.000000000 2
524 1112 3 8192 2.000000000 2
524 1112 3 8192 2.000000000 2
524 1112 3 8192 2.000000000 2
524 1112 3 8192 2.000000000 2
524 1140 3 8192 2.000000000 2
524 1140 3 8192 2.000000000 2
524 1140 3 8192 2.000000000 2
524 1140 3 8192 2.000000000 2
524 1140 3 8192 2.000000000 2
524 1140 3 8192 2.000000000 2
524 1140 3 8192 2.000000000 2
524 1140 3 8192 2.000000000 2
524 1264 3 8192 2.000000000 2
524 1264 3 8192 2.000000000 2
524 1264 3 8192 2.000000000 2
524 1264 3 8192 2.000000000 2
524 1264 3 8192 2.000000000 2
524 1264 3 8192 2.000000000 2
524 1264 3 8192 2.000000000 2
524 1264 3 8192 2.000000000 2
528 128 3 8192 2.000000000 2
528 128 3 8192 2.000000000 2
528 128 3 8192 2.000000000 2
528 128 3 8192 2.000000000 2
528 128 3 8192 2.000000000 2
528 128 3 8192 2.000000000 2
528 128 3 8192 2.000000000 2
528 128 3 8192 2.000000000 2
528 204 3 8192 2.000000000 2
528 204 3 8192 2.000000000 2
528 204 3 8192 2.000000000 2
528 204 3 8192 2.000000000 2
528 204 3 8192 2.000000000 2
528 204 3 8192 2.000000000 2
528 204 3 8192 2.000000000 2
528 204 3 8192 2.000000000 2
528 212 3 8192 2.000000000 2
528 212 3 8192 2.000000000 2
528 212 3 8192 2.000000000 2
528 212 3 8192 2.000000000 2
528 212 3 8192 2.000000000 2
528 212 3 8192 2.000000000 2
528 212 3 8192 2.000000000 2
528 212 3 8192 2.000000000 2
528 232 3 8192 2.000000000 2
528 232 3 8192 2.000000000 2
528 232 3 8192 2.000000000 2
528 232 3 8192 2.000000000 2
528 232 3 8192 2.000000000 2
528 232 3 8192 2.000000000 2
528 232 3 8192 2.000000000 2
528 232 3 8192 2.000000000 2
528 688 3 8192 2.000000000 2
528 688 3 8192 2.000000000 2
528 688 3 8192 2.000000000 2
528 688 3 8192 2.000000000 2
528 688 3 8192 2.000000000 2
528 688 3 8192 2.000000000 2
528 688 3 8192 2.000000000 2
528 688 3 8192 2.000000000 2
528 704 3 8192 2.000000000 2
528 704 3 8192 2.000000000 2
528 704 3 8192 2.000000000 2
528 704 3 8192 2.000000000 2
528 704 3 8192 2.000000000 2
528 704 3 8192 2.000000000 2
528 704 3 8192 2.000000000 2
528 704 3 8192 2.000000000 2
528 800 3 8192 2.000000000 2
528 800 3 8192 2.000000000 2
528 800 3 8192 2.000000000 2
528 800 3 8192 2.000000000 2
528 800 3 8192 2.000000000 2
528 800 3 8192 2.000000000 2
528 800 3 8192 2.000000000 2
528 800 3 8192 2.000000000 2
528 1132 3 8192 2.000000000 2
528 1132 3 8192 2.000000000 2
528 1132 3 8192 2.000000000 2
528 1132 3 8192 2.000000000 2
528 1132 3 8192 2.000000000 2
528 1132 3 8192 2.000000000 2
528 1132 3 8192 2.000000000 2
528 1132 3 8192 2.000000000 2
532 100 3 8192 2.000000000 2
532 100 3 8192 2.000000000 2
532 100 3 8192 2.000000000 2
532 100 3 8192 2.000000000 2
532 100 3 8192 2.000000000 2
532 100 3 8192 2.000000000 2
532 100 3 8192 2.000000000 2
532 100 3 8192 2.000000000 2
532 476 3 8192 2.000000000 2
532 476 3 8192 2.000000000 2
532 476 3 8192 2.000000000 2
532 476 3 8192 2.000000000 2
532 476 3 8192 2.000000000 2
532 476 3 8192 2.000000000 2
532 476 3 8192 2.000000000 2
532 476 3 8192 2.000000000 2
532 860 3 8192 2.000000000 2
532 860 3 8192 2.000000000 2
532 860 3 8192 2.000000000 2
532 860 3 8192 2.000000000 2
532 860 3 8192 2.000000000 2
532 860 3 8192 2.000000000 2
532 860 3 8192 2.000000000 2
532 860 3 8192 2.000000000 2
532 944 3 8192 2.000000000 2
532 944 3 8192 2.000000000 2
532 944 3 8192 2.000000000 2
532 944 3 8192 2.000000000 2
532 944 3 8192 2.000000000 2
532 944 3 8192 2.000000000 2
532 944 3 8192 2.000000000 2
532 944 3 8192 2.000000000 2
532 1132 3 8192 2.000000000 2
532 1132 3 8192 2.000000000 2
532 1132 3 8192 2.000000000 2
532 1132 3 8192 2.000000000 2
532 1132 3 8192 2.000000000 2
532 1132 3 8192 2.000000000 2
532 1132 3 8192 2.000000000 2
532 1132 3 8192 2.000000000 2
532 1152 3 8192 2.000000000 2
532 1152 3 8192 2.000000000 2
532 1152 3 8192 2.000000000 2
532 1152 3 8192 2.000000000 2
532 1152 3 8192 2.000000000 2
532 1152 3 8192 2.000000000 2
532 1152 3 8192 2.000000000 2
532 1152 3 8192 2.000000000 2
532 1164 3 8192 2.000000000 2
532 1164 3 8192 2.000000000 2
532 1164 3 8192 2.000000000 2
532 1164 3 8192 2.000000000 2
532 1164 3 8192 2.000000000 2
532 1164 3 8192 2.000000000 2
532 1164 3 8192 2.000000000 2
532 1164 3 8192 2.000000000 2
532 1232 3 8192 2.000000000 2
532 1232 3 8192 2.000000000 2
532 1232 3 8192 2.000000000 2
532 1232 3 8192 2.000000000 2
532 1232 3 8192 2.000000000 2
532 1232 3 8192 2.000000000 2
532 1232 3 8192 2.000000000 2
532 1232 3 8192 2.000000000 2
536 24 3 8192 2.000000000 2
536 24 3 8192 2.000000000 2
536 24 3 8192 2.000000000 2
536 24 3 8192 2.000000000 2
536 24 3 8192 2.000000000 2
536 24 3 8192 2.000000000 2
536 24 3 8192 2.000000000 2
536 24 3 8192 2.000000000 2
536 192 3 8192 2.000000000 2
536 192 3 8192 2.000000000 2
536 192 3 8192 2.000000000 2
536 192 3 8192 2.000000000 2
536 192 3 8192 2.000000000 2
536 192 3 8192 2.000000000 2
536 192 3 8192 2.000000000 2
536 192 3 8192 2.000000000 2
536 492 3 8192 2.000000000 2
536 492 3 8192 2.000000000 2
536 492 3 8192 2.000000000 2
536 492 3 8192 2.000000000 2
536 492 3 8192 2.000000000 2
536 492 3 8192 2.000000000 2
536 492 3 8192 2.000000000 2
536 492 3 8192 2.000000000 2
536 564 3 8192 2.000000000 2
536 564 3 8192 2.000000000 2
536 564 3 8192 2.000000000 2
536 564 3 8192 2.000000000 2
536 564 3 8192 2.000000000 2
536 564 3 8192 2.000000000 2
536 564 3 8192 2.000000000 2
536 564 3 8192 2.000000000 2
536 628 3 8192 2.000000000 2
536 628 3 8192 2.000000000 2
536 628 3 8192 2.000000000 2
536 628 3 8192 2.000000000 2
536 628 3 8192 2.000000000 2
536 628 3 8192 2.000000000 2
536 628 3 8192 2.000000000 2
536 628 3 8192 2.000000000 2
536 644 3 8192 2.000000000 2
536 644 3 8192 2.000000000 2
536 644 3 8192 2.000000000 2
536 644 3 8192 2.000000000 2
536 644 3 8192 2.000000000 2
536 644 3 8192 2.000000000 2
536 644 3 8192 2.000000000 2
536 644 3 8192 2.000000000 2
536 816 3 8192 2.000000000 2
536 816 3 8192 2.000000000 2
536 816 3 8192 2.000000000 2
536 816 3 8192 2.000000000 2
536 816 3 8192 2.000000000 2
536 816 3 8192 2.000000000 2
536 816 3 8192 2.000000000 2
536 816 3 8192 2.000000000 2
536 1076 3 8192 2.000000000 2
536 1076 3 8192 2.000000000 2
536 1076 3 8192 2.000000000 2
536 1076 3 8192 2.000000000 2
536 1076 3 8192 2.000000000 2
536 1076 3 8192 2.000000000 2
536 1076 3 8192 2.000000000 2
536 1076 3 8192 2.000000000 2
540 48 3 8192 2.000000000 2
540 48 3 8192 2.000000000 2
540 48 3 8192 2.000000000 2
540 48 3 8192 2.000000000 2
540 48 3 8192 2.000000000 2
540 48 3 8192 2.000000000 2
540 48 3 8192 2.000000000 2
540 48 3 8192 2.000000000 2
540 192 3 8192 2.000000000 2
540 192 3 8192 2.000000000 2
540 192 3 8192 2.000000000 2
540 192 3 8192 2.000000000 2
540 192 3 8192 2.000000000 2
540 192 3 8192 2.000000000 2
540 192 3 8192 2.000000000 2
540 192 3 8192 2.000000000 2
540 420 3 8192 2.000000000 2
540 420 3 8192 2.000000000 2
540 420 3 8192 2.000000000 2
540 420 3 8192 2.000000000 2
540 420 3 8192 2.000000000 2
540 420 3 8192 2.000000000 2
540 420 3 8192 2.000000000 2
540 420 3 8192 2.000000000 2
540 848 3 8192 2.000000000 2
540 848 3 8192 2.000000000 2
540 848 3 8192 2.000000000 2
540 848 3 8192 2.000000000 2
540 848 3 8192 2.000000000 2
540 848 3 8192 2.000000000 2
540 848 3 8192 2.000000000 2
540 848 3 8192 2.000000000 2
540 896 3 8192 2.000000000 2
540 896 3 8192 2.000000000 2
540 896 3 8192 2.000000000 2
540 896 3 8192 2.000000000 2
540 896 3 8192 2.000000000 2
540 896 3 8192 2.000000000 2
540 896 3 8192 2.000000000 2
540 896 3 8192 2.000000000 2
540 1052 3 8192 2.000000000 2
540 1052 3 8192 2.000000000 2
540 1052 3 8192 2.000000000 2
540 1052 3 8192 2.000000000 2
540 1052 3 8192 2.000000000 2
540 1052 3 8192 2.000000000 2
540 1052 3 8192 2.000000000 2
540 1052 3 8192 2.000000000 2
540 1196 3 8192 2.000000000 2
540 1196 3 8192 2.000000000 2
540 1196 3 8192 2.000000000 2
540 1196 3 8192 2.000000000 2
540 1196 3 8192 2.000000000 2
540 1196 3 8192 2.000000000 2
540 1196 3 8192 2.000000000 2
540 1196 3 8192 2.000000000 2
540 1268 3 8192 2.000000000 2
540 1268 3 8192 2.000000000 2
540 1268 3 8192 2.000000000 2
540 1268 3 8192 2.000000000 2
540 1268 3 8192 2.000000000 2
540 1268 3 8192 2.000000000 2
540 1268 3 8192 2.000000000 2
540 1268 3 8192 2.000000000 2
556 64 3 8192 2.000000000 2
556 64 3 8192 2.000000000 2
556 64 3 8192 2.000000000 2
556 64 3 8192 2.000000000 2
556 64 3 8192 2.000000000 2
556 64 3 8192 2.000000000 2
556 64 3 8192 2.000000000 2
556 64 3 8192 2.000000000 2
556 316 3 8192 2.000000000 2
556 316 3 8192 2.000000000 2
556 316 3 8192 2.000000000 2
556 316 3 8192 2.000000000 2
556 316 3 8192 2.000000000 2
556 316 3 8192 2.000000000 2
556 316 3 8192 2.000000000 2
556 316 3 8192 2.000000000 2
556 416 3 8192 2.000000000 2
556 416 3 8192 2.000000000 2
556 416 3 8192 2.000000000 2
556 416 3 8192 2.000000000 2
556 416 3 8192 2.000000000 2
556 416 3 8192 2.000000000 2
556 416 3 8192 2.000000000 2
556 416 3 8192 2.000000000 2
556 452 3 8192 2.000000000 2
556 452 3 8192 2.000000000 2
556 452 3 8192 2.000000000 2
556 452 3 8192 2.000000000 2
556 452 3 8192 2.000000000 2
556 452 3 8192 2.000000000 2
556 452 3 8192 2.000000000 2
556 452 3 8192 2.000000000 2
556 512 3 8192 2.000000000 2
556 512 3 8192 2.000000000 2
556 512 3 8192 2.000000000 2
556 512 3 8192 2.000000000 2
556 512 3 8192 2.000000000 2
556 512 3 8192 2.000000000 2
556 512 3 8192 2.000000000 2
556 512 3 8192 2.000000000 2
556 660 3 8192 2.000000000 2
556 660 3 8192 2.000000000 2
556 660 3 8192 2.000000000 2
556 660 3 8192 2.000000000 2
556 660 3 8192 2.000000000 2
556 660 3 8192 2.000000000 2
556 660 3 8192 2.000000000 2
556 660 3 8192 2.000000000 2
556 1132 3 8192 2.000000000 2
556 1132 3 8192 2.000000000 2
556 1132 3 8192 2.000000000 2
556 1132 3 8192 2.000000000 2
556 1132 3 8192 2.000000000 2
556 1132 3 8192 2.000000000 2
556 1132 3 8192 2.000000000 2
556 1132 3 8192 2.000000000 2
556 1184 3 8192 2.000000000 2
556 1184 3 8192 2.000000000 2
556 1184 3 8192 2.000000000 2
556 1184 3 8192 2.000000000 2
556 1184 3 8192 2.000000000 2
556 1184 3 8192 2.000000000 2
556 1184 3 8192 2.000000000 2
556 1184 3 8192 2.000000000 2
564 124 3 8192 2.000000000 2
564 124 3 8192 2.000000000 2
564 124 3 8192 2.000000000 2
564 124 3 8192 2.000000000 2
564 124 3 8192 2.000000000 2
564 124 3 8192 2.000000000 2
564 124 3 8192 2.000000000 2
564 124 3 8192 2.000000000 2
564 444 3 8192 2.000000000 2
564 444 3 8192 2.000000000 2
564 444 3 8192 2.000000000 2
564 444 3 8192 2.000000000 2
564 444 3 8192 2.000000000 2
564 444 3 8192 2.000000000 2
564 444 3 8192 2.000000000 2
564 444 3 8192 2.000000000 2
564 916 3 8192 2.000000000 2
564 916 3 8192 2.000000000 2
564 916 3 8192 2.000000000 2
564 916 3 8192 2.000000000 2
564 916 3 8192 2.000000000 2
564 916 3 8192 2.000000000 2
564 916 3 8192 2.000000000 2
564 916 3 8192 2.000000000 2
564 956 3 8192 2.000000000 2
564 956 3 8192 2.000000000 2
564 956 3 8192 2.000000000 2
564 956 3 8192 2.000000000 2
564 956 3 8192 2.000000000 2
564 956 3 8192 2.000000000 2
564 956 3 8192 2.000000000 2
564 956 3 8192 2.000000000 2
564 1000 3 8192 2.000000000 2
564 1000 3 8192 2.000000000 2
564 1000 3 8192 2.000000000 2
564 1000 3 8192 2.000000000 2
564 1000 3 8192 2.000000000 2
564 1000 3 8192 2.000000000 2
564 1000 3 8192 2.000000000 2
564 1000 3 8192 2.000000000 2
564 1064 3 8192 2.000000000 2
564 1064 3 8192 2.000000000 2
564 1064 3 8192 2.000000000 2
564 1064 3 8192 2.000000000 2
564 1064 3 8192 2.000000000 2
564 1064 3 8192 2.000000000 2
564 1064 3 8192 2.000000000 2
564 1064 3 8192 2.000000000 2
564 1084 3 8192 2.000000000 2
564 1084 3 8192 2.000000000 2
564 1084 3 8192 2.000000000 2
564 1084 3 8192 2.000000000 2
564 1084 3 8192 2.000000000 2
564 1084 3 8192 2.000000000 2
564 1084 3 8192 2.000000000 2
564 1084 3 8192 2.000000000 2
564 1136 3 8192 2.000000000 2
564 1136 3 8192 2.000000000 2
564 1136 3 8192 2.000000000 2
564 1136 3 8192 2.000000000 2
564 1136 3 8192 2.000000000 2
564 1136 3 8192 2.000000000 2
564 1136 3 8192 2.000000000 2
564 1136 3 8192 2.000000000 2
572 324 3 8192 2.000000000 2
572 324 3 8192 2.000000000 2
572 324 3 8192 2.000000000 2
572 324 3 8192 2.000000000 2
572 324 3 8192 2.000000000 2
572 324 3 8192 2.000000000 2
572 324 3 8192 2.000000000 2
572 324 3 8192 2.000000000 2
572 504 3 8192 2.000000000 2
572 504 3 8192 2.000000000 2
572 504 3 8192 2.000000000 2
572 504 3 8192 2.000000000 2
572 504 3 8192 2.000000000 2
572 504 3 8192 2.000000000 2
572 504 3 8192 2.000000000 2
572 504 3 8192 2.000000000 2
572 592 3 8192 2.000000000 2
572 592 3 8192 2.000000000 2
572 592 3 8192 2.000000000 2
572 592 3 8192 2.000000000 2
572 592 3 8192 2.000000000 2
572 592 3 8192 2.000000000 2
572 592 3 8192 2.000000000 2
572 592 3 8192 2.000000000 2
572 636 3 8192 2.000000000 2
572 636 3 8192 2.000000000 2
572 636 3 8192 2.000000000 2
572 636 3 8192 2.000000000 2
572 636 3 8192 2.000000000 2
572 636 3 8192 2.000000000 2
572 636 3 8192 2.000000000 2
572 636 3 8192 2.000000000 2
572 688 3 8192 2.000000000 2
572 688 3 8192 2.000000000 2
572 688 3 8192 2.000000000 2
572 688 3 8192 2.000000000 2
572 688 3 8192 2.000000000 2
572 688 3 8192 2.000000000 2
572 688 3 8192 2.000000000 2
572 688 3 8192 2.000000000 2
572 912 3 8192 2.000000000 2
572 912 3 8192 2.000000000 2
572 912 3 8192 2.000000000 2
572 912 3 8192 2.000000000 2
572 912 3 8192 2.000000000 2
572 912 3 8192 2.000000000 2
572 912 3 8192 2.000000000 2
572 912 3 8192 2.000000000 2
572 1088 3 8192 2.000000000 2
572 1088 3 8192 2.000000000 2
572 1088 3 8192 2.000000000 2
572 1088 3 8192 2.000000000 2
572 1088 3 8192 2.000000000 2
572 1088 3 8192 2.000000000 2
572 1088 3 8192 2.000000000 2
572 1088 3 8192 2.000000000 2
572 1264 3 8192 2.000000000 2
572 1264 3 8192 2.000000000 2
572 1264 3 8192 2.000000000 2
572 1264 3 8192 2.000000000 2
572 1264 3 8192 2.000000000 2
572 1264 3 8192 2.000000000 2
572 1264 3 8192 2.000000000 2
572 1264 3 8192 2.000000000 2
576 56 3 8192 2.000000000 2
576 56 3 8192 2.000000000 2
576 56 3 8192 2.000000000 2
576 56 3 8192 2.000000000 2
576 56 3 8192 2.000000000 2
576 56 3 8192 2.000000000 2
576 56 3 8192 2.000000000 2
576 56 3 8192 2.000000000 2
576 188 3 8192 2.000000000 2
576 188 3 8192 2.000000000 2
576 188 3 8192 2.000000000 2
576 188 3 8192 2.000000000 2
576 188 3 8192 2.000000000 2
576 188 3 8192 2.000000000 2
576 188 3 8192 2.000000000 2
576 188 3 8192 2.000000000 2
576 256 3 8192 2.000000000 2
576 256 3 8192 2.000000000 2
576 256 3 8192 2.000000000 2
576 256 3 8192 2.000000000 2
576 256 3 8192 2.000000000 2
576 256 3 8192 2.000000000 2
576 256 3 8192 2.000000000 2
576 256 3 8192 2.000000000 2
576 372 3 8192 2.000000000 2
576 372 3 8192 2.000000000 2
576 372 3 8192 2.000000000 2
576 372 3 8192 2.000000000 2
576 372 3 8192 2.000000000 2
576 372 3 8192 2.000000000 2
576 372 3 8192 2.000000000 2
576 372 3 8192 2.000000000 2
576 700 3 8192 2.000000000 2
576 700 3 8192 2.000000000 2
576 700 3 8192 2.000000000 2
576 700 3 8192 2.000000000 2
576 700 3 8192 2.000000000 2
576 700 3 8192 2.000000000 2
576 700 3 8192 2.000000000 2
576 700 3 8192 2.000000000 2
576 740 3 8192 2.000000000 2
576 740 3 8192 2.000000000 2
576 740 3 8192 2.000000000 2
576 740 3 8192 2.000000000 2
576 740 3 8192 2.000000000 2
576 740 3 8192 2.000000000 2
576 740 3 8192 2.000000000 2
576 740 3 8192 2.000000000 2
576 848 3 8192 2.000000000 2
576 848 3 8192 2.000000000 2
576 848 3 8192 2.000000000 2
576 848 3 8192 2.000000000 2
576 848 3 8192 2.000000000 2
576 848 3 8192 2.000000000 2
576 848 3 8192 2.000000000 2
576 848 3 8192 2.000000000 2
576 920 3 8192 2.000000000 2
576 920 3 8192 2.000000000 2
576 920 3 8192 2.000000000 2
576 920 3 8192 2.000000000 2
576 920 3 8192 2.000000000 2
576 920 3 8192 2.000000000 2
576 920 3 8192 2.000000000 2
576 920 3 8192 2.000000000 2
584 356 3 8192 2.000000000 2
584 356 3 8192 2.000000000 2
584 356 3 8192 2.000000000 2
584 356 3 8192 2.000000000 2
584 356 3 8192 2.000000000 2
584 356 3 8192 2.000000000 2
584 356 3 8192 2.000000000 2
584 356 3 8192 2.000000000 2
584 716 3 8192 2.000000000 2
584 716 3 8192 2.000000000 2
584 716 3 8192 2.000000000 2
584 716 3 8192 2.000000000 2
584 716 3 8192 2.000000000 2
584 716 3 8192 2.000000000 2
584 716 3 8192 2.000000000 2
584 716 3 8192 2.000000000 2
584 808 3 8192 2.000000000 2
584 808 3 8192 2.000000000 2
584 808 3 8192 2.000000000 2
584 808 3 8192 2.000000000 2
584 808 3 8192 2.000000000 2
584 808 3 8192 2.000000000 2
584 808 3 8192 2.000000000 2
584 808 3 8192 2.000000000 2
584 824 3 8192 2.000000000 2
584 824 3 8192 2.000000000 2
584 824 3 8192 2.000000000 2
584 824 3 8192 2.000000000 2
584 824 3 8192 2.000000000 2
584 824 3 8192 2.000000000 2
584 824 3 8192 2.000000000 2
584 824 3 8192 2.000000000 2
584 896 3 8192 2.000000000 2
584 896 3 8192 2.000000000 2
584 896 3 8192 2.000000000 2
584 896 3 8192 2.000000000 2
584 896 3 8192 2.000000000 2
584 896 3 8192 2.000000000 2
584 896 3 8192 2.000000000 2
584 896 3 8192 2.000000000 2
584 928 3 8192 2.000000000 2
584 928 3 8192 2.000000000 2
584 928 3 8192 2.000000000 2
584 928 3 8192 2.000000000 2
584 928 3 8192 2.000000000 2
584 928 3 8192 2.000000000 2
584 928 3 8192 2.000000000 2
584 928 3 8192 2.000000000 2
584 1020 3 8192 2.000000000 2
584 1020 3 8192 2.000000000 2
584 1020 3 8192 2.000000000 2
584 1020 3 8192 2.000000000 2
584 1020 3 8192 2.000000000 2
584 1020 3 8192 2.000000000 2
584 1020 3 8192 2.000000000 2
584 1020 3 8192 2.000000000 2
584 1064 3 8192 2.000000000 2
584 1064 3 8192 2.000000000 2
584 1064 3 8192 2.000000000 2
584 1064 3 8192 2.000000000 2
584 1064 3 8192 2.000000000 2
584 1064 3 8192 2.000000000 2
584 1064 3 8192 2.000000000 2
584 1064 3 8192 2.000000000 2
588 12 3 8192 2.000000000 2
588 12 3 8192 2.000000000 2
588 12 3 8192 2.000000000 2
588 12 3 8192 2.000000000 2
588 12 3 8192 2.000000000 2
588 12 3 8192 2.000000000 2
588 12 3 8192 2.000000000 2
588 12 3 8192 2.000000000 2
588 72 3 8192 2.000000000 2
588 72 3 8192 2.000000000 2
588 72 3 8192 2.000000000 2
588 72 3 8192 2.000000000 2
588 72 3 8192 2.000000000 2
588 72 3 8192 2.000000000 2
588 72 3 8192 2.000000000 2
588 72 3 8192 2.000000000 2
588 256 3 8192 2.000000000 2
588 256 3 8192 2.000000000 2
588 256 3 8192 2.000000000 2
588 256 3 8192 2.000000000 2
588 256 3 8192 2.000000000 2
588 256 3 8192 2.000000000 2
588 256 3 8192 2.000000000 2
588 256 3 8192 2.000000000 2
588 512 3 8192 2.000000000 2
588 512 3 8192 2.000000000 2
588 512 3 8192 2.000000000 2
588 512 3 8192 2.000000000 2
588 512 3 8192 2.000000000 2
588 512 3 8192 2.000000000 2
588 512 3 8192 2.000000000 2
588 512 3 8192 2.000000000 2
588 516 3 8192 2.000000000 2
588 516 3 8192 2.000000000 2
588 516 3 8192 2.000000000 2
588 516 3 8192 2.000000000 2
588 516 3 8192 2.000000000 2
588 516 3 8192 2.000000000 2
588 516 3 8192 2.000000000 2
588 516 3 8192 2.000000000 2
588 696 3 8192 2.000000000 2
588 696 3 8192 2.000000000 2
588 696 3 8192 2.000000000 2
588 696 3 8192 2.000000000 2
588 696 3 8192 2.000000000 2
588 696 3 8192 2.000000000 2
588 696 3 8192 2.000000000 2
588 696 3 8192 2.000000000 2
588 708 3 8192 2.000000000 2
588 708 3 8192 2.000000000 2
588 708 3 8192 2.000000000 2
588 708 3 8192 2.000000000 2
588 708 3 8192 2.000000000 2
588 708 3 8192 2.000000000 2
588 708 3 8192 2.000000000 2
588 708 3 8192 2.000000000 2
588 948 3 8192 2.000000000 2
588 948 3 8192 2.000000000 2
588 948 3 8192 2.000000000 2
588 948 3 8192 2.000000000 2
588 948 3 8192 2.000000000 2
588 948 3 8192 2.000000000 2
588 948 3 8192 2.000000000 2
588 948 3 8192 2.000000000 2
592 72 3 8192 2.000000000 2
592 72 3 8192 2.000000000 2
592 72 3 8192 2.000000000 2
592 72 3 8192 2.000000000 2
592 72 3 8192 2.000000000 2
592 72 3 8192 2.000000000 2
592 72 3 8192 2.000000000 2
592 72 3 8192 2.000000000 2
592 340 3 8192 2.000000000 2
592 340 3 8192 2.000000000 2
592 340 3 8192 2.000000000 2
592 340 3 8192 2.000000000 2
592 340 3 8192 2.000000000 2
592 340 3 8192 2.000000000 2
592 340 3 8192 2.000000000 2
592 340 3 8192 2.000000000 2
592 368 3 8192 2.000000000 2
592 368 3 8192 2.000000000 2
592 368 3 8192 2.000000000 2
592 368 3 8192 2.000000000 2
592 368 3 8192 2.000000000 2
592 368 3 8192 2.000000000 2
592 368 3 8192 2.000000000 2
592 368 3 8192 2.000000000 2
592 688 3 8192 2.000000000 2
592 688 3 8192 2.000000000 2
592 688 3 8192 2.000000000 2
592 688 3 8192 2.000000000 2
592 688 3 8192 2.000000000 2
592 688 3 8192 2.000000000 2
592 688 3 8192 2.000000000 2
592 688 3 8192 2.000000000 2
592 904 3 8192 2.000000000 2
592 904 3 8192 2.000000000 2
592 904 3 8192 2.000000000 2
592 904 3 8192 2.000000000 2
592 904 3 8192 2.000000000 2
592 904 3 8192 2.000000000 2
592 904 3 8192 2.000000000 2
592 904 3 8192 2.000000000 2
592 1032 3 8192 2.000000000 2
592 1032 3 8192 2.000000000 2
592 1032 3 8192 2.000000000 2
592 1032 3 8192 2.000000000 2
592 1032 3 8192 2.000000000 2
592 1032 3 8192 2.000000000 2
592 1032 3 8192 2.000000000 2
592 1032 3 8192 2.000000000 2
592 1080 3 8192 2.000000000 2
592 1080 3 8192 2.000000000 2
592 1080 3 8192 2.000000000 2
592 1080 3 8192 2.000000000 2
592 1080 3 8192 2.000000000 2
592 1080 3 8192 2.000000000 2
592 1080 3 8192 2.000000000 2
592 1080 3 8192 2.000000000 2
592 1172 3 8192 2.000000000 2
592 1172 3 8192 2.000000000 2
592 1172 3 8192 2.000000000 2
592 1172 3 8192 2.000000000 2
592 1172 3 8192 2.000000000 2
592 1172 3 8192 2.000000000 2
592 1172 3 8192 2.000000000 2
592 1172 3 8192 2.000000000 2
596 176 3 8192 2.000000000 2
596 176 3 8192 2.000000000 2
596 176 3 8192 2.000000000 2
596 176 3 8192 2.000000000 2
596 176 3 8192 2.000000000 2
596 176 3 8192 2.000000000 2
596 176 3 8192 2.000000000 2
596 176 3 8192 2.000000000 2
596 508 3 8192 2.000000000 2
596 508 3 8192 2.000000000 2
596 508 3 8192 2.000000000 2
596 508 3 8192 2.000000000 2
596 508 3 8192 2.000000000 2
596 508 3 8192 2.000000000 2
596 508 3 8192 2.000000000 2
596 508 3 8192 2.000000000 2
596 636 3 8192 2.000000000 2
596 636 3 8192 2.000000000 2
596 636 3 8192 2.000000000 2
596 636 3 8192 2.000000000 2
596 636 3 8192 2.000000000 2
596 636 3 8192 2.000000000 2
596 636 3 8192 2.000000000 2
596 636 3 8192 2.000000000 2
596 708 3 8192 2.000000000 2
596 708 3 8192 2.000000000 2
596 708 3 8192 2.000000000 2
596 708 3 8192 2.000000000 2
596 708 3 8192 2.000000000 2
596 708 3 8192 2.000000000 2
596 708 3 8192 2.000000000 2
596 708 3 8192 2.000000000 2
596 880 3 8192 2.000000000 2
596 880 3 8192 2.000000000 2
596 880 3 8192 2.000000000 2
596 880 3 8192 2.000000000 2
596 880 3 8192 2.000000000 2
596 880 3 8192 2.000000000 2
596 880 3 8192 2.000000000 2
596 880 3 8192 2.000000000 2
596 900 3 8192 2.000000000 2
596 900 3 8192 2.000000000 2
596 900 3 8192 2.000000000 2
596 900 3 8192 2.000000000 2
596 900 3 8192 2.000000000 2
596 900 3 8192 2.000000000 2
596 900 3 8192 2.000000000 2
596 900 3 8192 2.000000000 2
596 952 3 8192 2.000000000 2
596 952 3 8192 2.000000000 2
596 952 3 8192 2.000000000 2
596 952 3 8192 2.000000000 2
596 952 3 8192 2.000000000 2
596 952 3 8192 2.000000000 2
596 952 3 8192 2.000000000 2
596 952 3 8192 2.000000000 2
596 1248 3 8192 2.000000000 2
596 1248 3 8192 2.000000000 2
596 1248 3 8192 2.000000000 2
596 1248 3 8192 2.000000000 2
596 1248 3 8192 2.000000000 2
596 1248 3 8192 2.000000000 2
596 1248 3 8192 2.000000000 2
596 1248 3 8192 2.000000000 2
604 60 3 8192 2.000000000 2
604 60 3 8192 2.000000000 2
604 60 3 8192 2.000000000 2
604 60 3 8192 2.000000000 2
604 60 3 8192 2.000000000 2
604 60 3 8192 2.000000000 2
604 60 3 8192 2.000000000 2
604 60 3 8192 2.000000000 2
604 452 3 8192 2.000000000 2
604 452 3 8192 2.000000000 2
604 452 3 8192 2.000000000 2
604 452 3 8192 2.000000000 2
604 452 3 8192 2.000000000 2
604 452 3 8192 2.000000000 2
604 452 3 8192 2.000000000 2
604 452 3 8192 2.000000000 2
604 528 3 8192 2.000000000 2
604 528 3 8192 2.000000000 2
604 528 3 8192 2.000000000 2
604 528 3 8192 2.000000000 2
604 528 3 8192 2.000000000 2
604 528 3 8192 2.000000000 2
604 528 3 8192 2.000000000 2
604 528 3 8192 2.000000000 2
604 716 3 8192 2.000000000 2
604 716 3 8192 2.000000000 2
604 716 3 8192 2.000000000 2
604 716 3 8192 2.000000000 2
604 716 3 8192 2.000000000 2
604 716 3 8192 2.000000000 2
604 716 3 8192 2.000000000 2
604 716 3 8192 2.000000000 2
604 732 3 8192 2.000000000 2
604 732 3 8192 2.000000000 2
604 732 3 8192 2.000000000 2
604 732 3 8192 2.000000000 2
604 732 3 8192 2.000000000 2
604 732 3 8192 2.000000000 2
604 732 3 8192 2.000000000 2
604 732 3 8192 2.000000000 2
604 824 3 8192 2.000000000 2
604 824 3 8192 2.000000000 2
604 824 3 8192 2.000000000 2
604 824 3 8192 2.000000000 2
604 824 3 8192 2.000000000 2
604 824 3 8192 2.000000000 2
604 824 3 8192 2.000000000 2
604 824 3 8192 2.000000000 2
604 968 3 8192 2.000000000 2
604 968 3 8192 2.000000000 2
604 968 3 8192 2.000000000 2
604 968 3 8192 2.000000000 2
604 968 3 8192 2.000000000 2
604 968 3 8192 2.000000000 2
604 968 3 8192 2.000000000 2
604 968 3 8192 2.000000000 2
604 1140 3 8192 2.000000000 2
604 1140 3 8192 2.000000000 2
604 1140 3 8192 2.000000000 2
604 1140 3 8192 2.000000000 2
604 1140 3 8192 2.000000000 2
604 1140 3 8192 2.000000000 2
604 1140 3 8192 2.000000000 2
604 1140 3 8192 2.000000000 2
608 72 3 8192 2.000000000 2
608 72 3 8192 2.000000000 2
608 72 3 8192 2.000000000 2
608 72 3 8192 2.000000000 2
608 72 3 8192 2.000000000 2
608 72 3 8192 2.000000000 2
608 72 3 8192 2.000000000 2
608 72 3 8192 2.000000000 2
608 88 3 8192 2.000000000 2
608 88 3 8192 2.000000000 2
608 88 3 8192 2.000000000 2
608 88 3 8192 2.000000000 2
608 88 3 8192 2.000000000 2
608 88 3 8192 2.000000000 2
608 88 3 8192 2.000000000 2
608 88 3 8192 2.000000000 2
608 164 3 8192 2.000000000 2
608 164 3 8192 2.000000000 2
608 164 3 8192 2.000000000 2
608 164 3 8192 2.000000000 2
608 164 3 8192 2.000000000 2
608 164 3 8192 2.000000000 2
608 164 3 8192 2.000000000 2
608 164 3 8192 2.000000000 2
608 400 3 8192 2.000000000 2
608 400 3 8192 2.000000000 2
608 400 3 8192 2.000000000 2
608 400 3 8192 2.000000000 2
608 400 3 8192 2.000000000 2
608 400 3 8192 2.000000000 2
608 400 3 8192 2.000000000 2
608 400 3 8192 2.000000000 2
608 676 3 8192 2.000000000 2
608 676 3 8192 2.000000000 2
608 676 3 8192 2.000000000 2
608 676 3 8192 2.000000000 2
608 676 3 8192 2.000000000 2
608 676 3 8192 2.000000000 2
608 676 3 8192 2.000000000 2
608 676 3 8192 2.000000000 2
608 692 3 8192 2.000000000 2
608 692 3 8192 2.000000000 2
608 692 3 8192 2.000000000 2
608 692 3 8192 2.000000000 2
608 692 3 8192 2.000000000 2
608 692 3 8192 2.000000000 2
608 692 3 8192 2.000000000 2
608 692 3 8192 2.000000000 2
608 728 3 8192 2.000000000 2
608 728 3 8192 2.000000000 2
608 728 3 8192 2.000000000 2
608 728 3 8192 2.000000000 2
608 728 3 8192 2.000000000 2
608 728 3 8192 2.000000000 2
608 728 3 8192 2.000000000 2
608 728 3 8192 2.000000000 2
608 748 3 8192 2.000000000 2
608 748 3 8192 2.000000000 2
608 748 3 8192 2.000000000 2
608 748 3 8192 2.000000000 2
608 748 3 8192 2.000000000 2
608 748 3 8192 2.000000000 2
608 748 3 8192 2.000000000 2
608 748 3 8192 2.000000000 2
616 80 3 8192 2.000000000 2
616 80 3 8192 2.000000000 2
616 80 3 8192 2.000000000 2
616 80 3 8192 2.000000000 2
616 80 3 8192 2.000000000 2
616 80 3 8192 2.000000000 2
616 80 3 8192 2.000000000 2
616 80 3 8192 2.000000000 2
616 100 3 8192 2.000000000 2
616 100 3 8192 2.000000000 2
616 100 3 8192 2.000000000 2
616 100 3 8192 2.000000000 2
616 100 3 8192 2.000000000 2
616 100 3 8192 2.000000000 2
616 100 3 8192 2.000000000 2
616 100 3 8192 2.000000000 2
616 312 3 8192 2.000000000 2
616 312 3 8192 2.000000000 2
616 312 3 8192 2.000000000 2
616 312 3 8192 2.000000000 2
616 312 3 8192 2.000000000 2
616 312 3 8192 2.000000000 2
616 312 3 8192 2.000000000 2
616 312 3 8192 2.000000000 2
616 444 3 8192 2.000000000 2
616 444 3 8192 2.000000000 2
616 444 3 8192 2.000000000 2
616 444 3 8192 2.000000000 2
616 444 3 8192 2.000000000 2
616 444 3 8192 2.000000000 2
616 444 3 8192 2.000000000 2
616 444 3 8192 2.000000000 2
616 796 3 8192 2.000000000 2
616 796 3 8192 2.000000000 2
616 796 3 8192 2.000000000 2
616 796 3 8192 2.000000000 2
616 796 3 8192 2.000000000 2
616 796 3 8192 2.000000000 2
616 796 3 8192 2.000000000 2
616 796 3 8192 2.000000000 2
616 804 3 8192 2.000000000 2
616 804 3 8192 2.000000000 2
616 804 3 8192 2.000000000 2
616 804 3 8192 2.000000000 2
616 804 3 8192 2.000000000 2
616 804 3 8192 2.000000000 2
616 804 3 8192 2.000000000 2
616 804 3 8192 2.000000000 2
616 892 3 8192 2.000000000 2
616 892 3 8192 2.000000000 2
616 892 3 8192 2.000000000 2
616 892 3 8192 2.000000000 2
616 892 3 8192 2.000000000 2
616 892 3 8192 2.000000000 2
616 892 3 8192 2.000000000 2
616 892 3 8192 2.000000000 2
616 976 3 8192 2.000000000 2
616 976 3 8192 2.000000000 2
616 976 3 8192 2.000000000 2
616 976 3 8192 2.000000000 2
616 976 3 8192 2.000000000 2
616 976 3 8192 2.000000000 2
616 976 3 8192 2.000000000 2
616 976 3 8192 2.000000000 2
620 4 3 8192 2.000000000 2
620 4 3 8192 2.000000000 2
620 4 3 8192 2.000000000 2
620 4 3 8192 2.000000000 2
620 4 3 8192 2.000000000 2
620 4 3 8192 2.000000000 2
620 4 3 8192 2.000000000 2
620 4 3 8192 2.000000000 2
620 124 3 8192 2.000000000 2
620 124 3 8192 2.000000000 2
620 124 3 8192 2.000000000 2
620 124 3 8192 2.000000000 2
620 124 3 8192 2.000000000 2
620 124 3 8192 2.000000000 2
620 124 3 8192 2.000000000 2
620 124 3 8192 2.000000000 2
620 324 3 8192 2.000000000 2
620 324 3 8192 2.000000000 2
620 324 3 8192 2.000000000 2
620 324 3 8192 2.000000000 2
620 324 3 8192 2.000000000 2
620 324 3 8192 2.000000000 2
620 324 3 8192 2.000000000 2
620 324 3 8192 2.000000000 2
620 496 3 8192 2.000000000 2
620 496 3 8192 2.000000000 2
620 496 3 8192 2.000000000 2
620 496 3 8192 2.000000000 2
620 496 3 8192 2.000000000 2
620 496 3 8192 2.000000000 2
620 496 3 8192 2.000000000 2
620 496 3 8192 2.000000000 2
620 536 3 8192 2.000000000 2
620 536 3 8192 2.000000000 2
620 536 3 8192 2.000000000 2
620 536 3 8192 2.000000000 2
620 536 3 8192 2.000000000 2
620 536 3 8192 2.000000000 2
620 536 3 8192 2.000000000 2
620 536 3 8192 2.000000000 2
620 592 3 8192 2.000000000 2
620 592 3 8192 2.000000000 2
620 592 3 8192 2.000000000 2
620 592 3 8192 2.000000000 2
620 592 3 8192 2.000000000 2
620 592 3 8192 2.000000000 2
620 592 3 8192 2.000000000 2
620 592 3 8192 2.000000000 2
620 720 3 8192 2.000000000 2
620 720 3 8192 2.000000000 2
620 720 3 8192 2.000000000 2
620 720 3 8192 2.000000000 2
620 720 3 8192 2.000000000 2
620 720 3 8192 2.000000000 2
620 720 3 8192 2.000000000 2
620 720 3 8192 2.000000000 2
620 848 3 8192 2.000000000 2
620 848 3 8192 2.000000000 2
620 848 3 8192 2.000000000 2
620 848 3 8192 2.000000000 2
620 848 3 8192 2.000000000 2
620 848 3 8192 2.000000000 2
620 848 3 8192 2.000000000 2
620 848 3 8192 2.000000000 2
624 92 3 8192 2.000000000 2
624 92 3 8192 2.000000000 2
624 92 3 8192 2.000000000 2
624 92 3 8192 2.000000000 2
624 92 3 8192 2.000000000 2
624 92 3 8192 2.000000000 2
624 92 3 8192 2.000000000 2
624 92 3 8192 2.000000000 2
624 184 3 8192 2.000000000 2
624 184 3 8192 2.000000000 2
624 184 3 8192 2.000000000 2
624 184 3 8192 2.000000000 2
624 184 3 8192 2.000000000 2
624 184 3 8192 2.000000000 2
624 184 3 8192 2.000000000 2
624 184 3 8192 2.000000000 2
624 316 3 8192 2.000000000 2
624 316 3 8192 2.000000000 2
624 316 3 8192 2.000000000 2
624 316 3 8192 2.000000000 2
624 316 3 8192 2.000000000 2
624 316 3 8192 2.000000000 2
624 316 3 8192 2.000000000 2
624 316 3 8192 2.000000000 2
624 608 3 8192 2.000000000 2
624 608 3 8192 2.000000000 2
624 608 3 8192 2.000000000 2
624 608 3 8192 2.000000000 2
624 608 3 8192 2.000000000 2
624 608 3 8192 2.000000000 2
624 608 3 8192 2.000000000 2
624 608 3 8192 2.000000000 2
624 692 3 8192 2.000000000 2
624 692 3 8192 2.000000000 2
624 692 3 8192 2.000000000 2
624 692 3 8192 2.000000000 2
624 692 3 8192 2.000000000 2
624 692 3 8192 2.000000000 2
624 692 3 8192 2.000000000 2
624 692 3 8192 2.000000000 2
624 880 3 8192 2.000000000 2
624 880 3 8192 2.000000000 2
624 880 3 8192 2.000000000 2
624 880 3 8192 2.000000000 2
624 880 3 8192 2.000000000 2
624 880 3 8192 2.000000000 2
624 880 3 8192 2.000000000 2
624 880 3 8192 2.000000000 2
624 948 3 8192 2.000000000 2
624 948 3 8192 2.000000000 2
624 948 3 8192 2.000000000 2
624 948 3 8192 2.000000000 2
624 948 3 8192 2.000000000 2
624 948 3 8192 2.000000000 2
624 948 3 8192 2.000000000 2
624 948 3 8192 2.000000000 2
624 1000 3 8192 2.000000000 2
624 1000 3 8192 2.000000000 2
624 1000 3 8192 2.000000000 2
624 1000 3 8192 2.000000000 2
624 1000 3 8192 2.000000000 2
624 1000 3 8192 2.000000000 2
624 1000 3 8192 2.000000000 2
624 1000 3 8192 2.000000000 2
628 416 3 8192 2.000000000 2
628 416 3 8192 2.000000000 2
628 416 3 8192 2.000000000 2
628 416 3 8192 2.000000000 2
628 416 3 8192 2.000000000 2
628 416 3 8192 2.000000000 2
628 416 3 8192 2.000000000 2
628 416 3 8192 2.000000000 2
628 540 3 8192 2.000000000 2
628 540 3 8192 2.000000000 2
628 540 3 8192 2.000000000 2
628 540 3 8192 2.000000000 2
628 540 3 8192 2.000000000 2
628 540 3 8192 2.000000000 2
628 540 3 8192 2.000000000 2
628 540 3 8192 2.000000000 2
628 692 3 8192 2.000000000 2
628 692 3 8192 2.000000000 2
628 692 3 8192 2.000000000 2
628 692 3 8192 2.000000000 2
628 692 3 8192 2.000000000 2
628 692 3 8192 2.000000000 2
628 692 3 8192 2.000000000 2
628 692 3 8192 2.000000000 2
628 824 3 8192 2.000000000 2
628 824 3 8192 2.000000000 2
628 824 3 8192 2.000000000 2
628 824 3 8192 2.000000000 2
628 824 3 8192 2.000000000 2
628 824 3 8192 2.000000000 2
628 824 3 8192 2.000000000 2
628 824 3 8192 2.000000000 2
628 960 3 8192 2.000000000 2
628 960 3 8192 2.000000000 2
628 960 3 8192 2.000000000 2
628 960 3 8192 2.000000000 2
628 960 3 8192 2.000000000 2
628 960 3 8192 2.000000000 2
628 960 3 8192 2.000000000 2
628 960 3 8192 2.000000000 2
628 1008 3 8192 2.000000000 2
628 1008 3 8192 2.000000000 2
628 1008 3 8192 2.000000000 2
628 1008 3 8192 2.000000000 2
628 1008 3 8192 2.000000000 2
628 1008 3 8192 2.000000000 2
628 1008 3 8192 2.000000000 2
628 1008 3 8192 2.000000000 2
628 1060 3 8192 2.000000000 2
628 1060 3 8192 2.000000000 2
628 1060 3 8192 2.000000000 2
628 1060 3 8192 2.000000000 2
628 1060 3 8192 2.000000000 2
628 1060 3 8192 2.000000000 2
628 1060 3 8192 2.000000000 2
628 1060 3 8192 2.000000000 2
628 1184 3 8192 2.000000000 2
628 1184 3 8192 2.000000000 2
628 1184 3 8192 2.000000000 2
628 1184 3 8192 2.000000000 2
628 1184 3 8192 2.000000000 2
628 1184 3 8192 2.000000000 2
628 1184 3 8192 2.000000000 2
628 1184 3 8192 2.000000000 2
632 104 3 8192 2.000000000 2
632 104 3 8192 2.000000000 2
632 104 3 8192 2.000000000 2
632 104 3 8192 2.000000000 2
632 104 3 8192 2.000000000 2
632 104 3 8192 2.000000000 2
632 104 3 8192 2.000000000 2
632 104 3 8192 2.000000000 2
632 164 3 8192 2.000000000 2
632 164 3 8192 2.000000000 2
632 164 3 8192 2.000000000 2
632 164 3 8192 2.000000000 2
632 164 3 8192 2.000000000 2
632 164 3 8192 2.000000000 2
632 164 3 8192 2.000000000 2
632 164 3 8192 2.000000000 2
632 336 3 8192 2.000000000 2
632 336 3 8192 2.000000000 2
632 336 3 8192 2.000000000 2
632 336 3 8192 2.000000000 2
632 336 3 8192 2.000000000 2
632 336 3 8192 2.000000000 2
632 336 3 8192 2.000000000 2
632 336 3 8192 2.000000000 2
632 476 3 8192 2.000000000 2
632 476 3 8192 2.000000000 2
632 476 3 8192 2.000000000 2
632 476 3 8192 2.000000000 2
632 476 3 8192 2.000000000 2
632 476 3 8192 2.000000000 2
632 476 3 8192 2.000000000 2
632 476 3 8192 2.000000000 2
632 592 3 8192 2.000000000 2
632 592 3 8192 2.000000000 2
632 592 3 8192 2.000000000 2
632 592 3 8192 2.000000000 2
632 592 3 8192 2.000000000 2
632 592 3 8192 2.000000000 2
632 592 3 8192 2.000000000 2
632 592 3 8192 2.000000000 2
632 876 3 8192 2.000000000 2
632 876 3 8192 2.000000000 2
632 876 3 8192 2.000000000 2
632 876 3 8192 2.000000000 2
632 876 3 8192 2.000000000 2
632 876 3 8192 2.000000000 2
632 876 3 8192 2.000000000 2
632 876 3 8192 2.000000000 2
632 996 3 8192 2.000000000 2
632 996 3 8192 2.000000000 2
632 996 3 8192 2.000000000 2
632 996 3 8192 2.000000000 2
632 996 3 8192 2.000000000 2
632 996 3 8192 2.000000000 2
632 996 3 8192 2.000000000 2
632 996 3 8192 2.000000000 2
632 1260 3 8192 2.000000000 2
632 1260 3 8192 2.000000000 2
632 1260 3 8192 2.000000000 2
632 1260 3 8192 2.000000000 2
632 1260 3 8192 2.000000000 2
632 1260 3 8192 2.000000000 2
632 1260 3 8192 2.000000000 2
632 1260 3 8192 2.000000000 2
636 108 3 8192 2.000000000 2
636 108 3 8192 2.000000000 2
636 108 3 8192 2.000000000 2
636 108 3 8192 2.000000000 2
636 108 3 8192 2.000000000 2
636 108 3 8192 2.000000000 2
636 108 3 8192 2.000000000 2
636 108 3 8192 2.000000000 2
636 236 3 8192 2.000000000 2
636 236 3 8192 2.000000000 2
636 236 3 8192 2.000000000 2
636 236 3 8192 2.000000000 2
636 236 3 8192 2.000000000 2
636 236 3 8192 2.000000000 2
636 236 3 8192 2.000000000 2
636 236 3 8192 2.000000000 2
636 420 3 8192 2.000000000 2
636 420 3 8192 2.000000000 2
636 420 3 8192 2.000000000 2
636 420 3 8192 2.000000000 2
636 420 3 8192 2.000000000 2
636 420 3 8192 2.000000000 2
636 420 3 8192 2.000000000 2
636 420 3 8192 2.000000000 2
636 588 3 8192 2.000000000 2
636 588 3 8192 2.000000000 2
636 588 3 8192 2.000000000 2
636 588 3 8192 2.000000000 2
636 588 3 8192 2.000000000 2
636 588 3 8192 2.000000000 2
636 588 3 8192 2.000000000 2
636 588 3 8192 2.000000000 2
636 596 3 8192 2.000000000 2
636 596 3 8192 2.000000000 2
636 596 3 8192 2.000000000 2
636 596 3 8192 2.000000000 2
636 596 3 8192 2.000000000 2
636 596 3 8192 2.000000000 2
636 596 3 8192 2.000000000 2
636 596 3 8192 2.000000000 2
636 656 3 8192 2.000000000 2
636 656 3 8192 2.000000000 2
636 656 3 8192 2.000000000 2
636 656 3 8192 2.000000000 2
636 656 3 8192 2.000000000 2
636 656 3 8192 2.000000000 2
636 656 3 8192 2.000000000 2
636 656 3 8192 2.000000000 2
636 1124 3 8192 2.000000000 2
636 1124 3 8192 2.000000000 2
636 1124 3 8192 2.000000000 2
636 1124 3 8192 2.000000000 2
636 1124 3 8192 2.000000000 2
636 1124 3 8192 2.000000000 2
636 1124 3 8192 2.000000000 2
636 1124 3 8192 2.000000000 2
636 1144 3 8192 2.000000000 2
636 1144 3 8192 2.000000000 2
636 1144 3 8192 2.000000000 2
636 1144 3 8192 2.000000000 2
636 1144 3 8192 2.000000000 2
636 1144 3 8192 2.000000000 2
636 1144 3 8192 2.000000000 2
636 1144 3 8192 2.000000000 2
640 92 3 8192 2.000000000 2
640 92 3 8192 2.000000000 2
640 92 3 8192 2.000000000 2
640 92 3 8192 2.000000000 2
640 92 3 8192 2.000000000 2
640 92 3 8192 2.000000000 2
640 92 3 8192 2.000000000 2
640 92 3 8192 2.000000000 2
640 152 3 8192 2.000000000 2
640 152 3 8192 2.000000000 2
640 152 3 8192 2.000000000 2
640 152 3 8192 2.000000000 2
640 152 3 8192 2.000000000 2
640 152 3 8192 2.000000000 2
640 152 3 8192 2.000000000 2
640 152 3 8192 2.000000000 2
640 232 3 8192 2.000000000 2
640 232 3 8192 2.000000000 2
640 232 3 8192 2.000000000 2
640 232 3 8192 2.000000000 2
640 232 3 8192 2.000000000 2
640 232 3 8192 2.000000000 2
640 232 3 8192 2.000000000 2
640 232 3 8192 2.000000000 2
640 396 3 8192 2.000000000 2
640 396 3 8192 2.000000000 2
640 396 3 8192 2.000000000 2
640 396 3 8192 2.000000000 2
640 396 3 8192 2.000000000 2
640 396 3 8192 2.000000000 2
640 396 3 8192 2.000000000 2
640 396 3 8192 2.000000000 2
640 500 3 8192 2.000000000 2
640 500 3 8192 2.000000000 2
640 500 3 8192 2.000000000 2
640 500 3 8192 2.000000000 2
640 500 3 8192 2.000000000 2
640 500 3 8192 2.000000000 2
640 500 3 8192 2.000000000 2
640 500 3 8192 2.000000000 2
640 744 3 8192 2.000000000 2
640 744 3 8192 2.000000000 2
640 744 3 8192 2.000000000 2
640 744 3 8192 2.000000000 2
640 744 3 8192 2.000000000 2
640 744 3 8192 2.000000000 2
640 744 3 8192 2.000000000 2
640 744 3 8192 2.000000000 2
640 752 3 8192 2.000000000 2
640 752 3 8192 2.000000000 2
640 752 3 8192 2.000000000 2
640 752 3 8192 2.000000000 2
640 752 3 8192 2.000000000 2
640 752 3 8192 2.000000000 2
640 752 3 8192 2.000000000 2
640 752 3 8192 2.000000000 2
640 1256 3 8192 2.000000000 2
640 1256 3 8192 2.000000000 2
640 1256 3 8192 2.000000000 2
640 1256 3 8192 2.000000000 2
640 1256 3 8192 2.000000000 2
640 1256 3 8192 2.000000000 2
640 1256 3 8192 2.000000000 2
640 1256 3 8192 2.000000000 2
644 208 3 8192 2.000000000 2
644 208 3 8192 2.000000000 2
644 208 3 8192 2.000000000 2
644 208 3 8192 2.000000000 2
644 208 3 8192 2.000000000 2
644 208 3 8192 2.000000000 2
644 208 3 8192 2.000000000 2
644 208 3 8192 2.000000000 2
644 352 3 8192 2.000000000 2
644 352 3 8192 2.000000000 2
644 352 3 8192 2.000000000 2
644 352 3 8192 2.000000000 2
644 352 3 8192 2.000000000 2
644 352 3 8192 2.000000000 2
644 352 3 8192 2.000000000 2
644 352 3 8192 2.000000000 2
644 728 3 8192 2.000000000 2
644 728 3 8192 2.000000000 2
644 728 3 8192 2.000000000 2
644 728 3 8192 2.000000000 2
644 728 3 8192 2.000000000 2
644 728 3 8192 2.000000000 2
644 728 3 8192 2.000000000 2
644 728 3 8192 2.000000000 2
644 840 3 8192 2.000000000 2
644 840 3 8192 2.000000000 2
644 840 3 8192 2.000000000 2
644 840 3 8192 2.000000000 2
644 840 3 8192 2.000000000 2
644 840 3 8192 2.000000000 2
644 840 3 8192 2.000000000 2
644 840 3 8192 2.000000000 2
644 912 3 8192 2.000000000 2
644 912 3 8192 2.000000000 2
644 912 3 8192 2.000000000 2
644 912 3 8192 2.000000000 2
644 912 3 8192 2.000000000 2
644 912 3 8192 2.000000000 2
644 912 3 8192 2.000000000 2
644 912 3 8192 2.000000000 2
644 940 3 8192 2.000000000 2
644 940 3 8192 2.000000000 2
644 940 3 8192 2.000000000 2
644 940 3 8192 2.000000000 2
644 940 3 8192 2.000000000 2
644 940 3 8192 2.000000000 2
644 940 3 8192 2.000000000 2
644 940 3 8192 2.000000000 2
644 1024 3 8192 2.000000000 2
644 1024 3 8192 2.000000000 2
644 1024 3 8192 2.000000000 2
644 1024 3 8192 2.000000000 2
644 1024 3 8192 2.000000000 2
644 1024 3 8192 2.000000000 2
644 1024 3 8192 2.000000000 2
644 1024 3 8192 2.000000000 2
644 1164 3 8192 2.000000000 2
644 1164 3 8192 2.000000000 2
644 1164 3 8192 2.000000000 2
644 1164 3 8192 2.000000000 2
644 1164 3 8192 2.000000000 2
644 1164 3 8192 2.000000000 2
644 1164 3 8192 2.000000000 2
644 1164 3 8192 2.000000000 2
648 52 3 8192 2.000000000 2
648 52 3 8192 2.000000000 2
648 52 3 8192 2.000000000 2
648 52 3 8192 2.000000000 2
648 52 3 8192 2.000000000 2
648 52 3 8192 2.000000000 2
648 52 3 8192 2.000000000 2
648 52 3 8192 2.000000000 2
648 124 3 8192 2.000000000 2
648 124 3 8192 2.000000000 2
648 124 3 8192 2.000000000 2
648 124 3 8192 2.000000000 2
648 124 3 8192 2.000000000 2
648 124 3 8192 2.000000000 2
648 124 3 8192 2.000000000 2
648 124 3 8192 2.000000000 2
648 200 3 8192 2.000000000 2
648 200 3 8192 2.000000000 2
648 200 3 8192 2.000000000 2
648 200 3 8192 2.000000000 2
648 200 3 8192 2.000000000 2
648 200 3 8192 2.000000000 2
648 200 3 8192 2.000000000 2
648 200 3 8192 2.000000000 2
648 308 3 8192 2.000000000 2
648 308 3 8192 2.000000000 2
648 308 3 8192 2.000000000 2
648 308 3 8192 2.000000000 2
648 308 3 8192 2.000000000 2
648 308 3 8192 2.000000000 2
648 308 3 8192 2.000000000 2
648 308 3 8192 2.000000000 2
648 496 3 8192 2.000000000 2
648 496 3 8192 2.000000000 2
648 496 3 8192 2.000000000 2
648 496 3 8192 2.000000000 2
648 496 3 8192 2.000000000 2
648 496 3 8192 2.000000000 2
648 496 3 8192 2.000000000 2
648 496 3 8192 2.000000000 2
648 592 3 8192 2.000000000 2
648 592 3 8192 2.000000000 2
648 592 3 8192 2.000000000 2
648 592 3 8192 2.000000000 2
648 592 3 8192 2.000000000 2
648 592 3 8192 2.000000000 2
648 592 3 8192 2.000000000 2
648 592 3 8192 2.000000000 2
648 832 3 8192 2.000000000 2
648 832 3 8192 2.000000000 2
648 832 3 8192 2.000000000 2
648 832 3 8192 2.000000000 2
648 832 3 8192 2.000000000 2
648 832 3 8192 2.000000000 2
648 832 3 8192 2.000000000 2
648 832 3 8192 2.000000000 2
648 856 3 8192 2.000000000 2
648 856 3 8192 2.000000000 2
648 856 3 8192 2.000000000 2
648 856 3 8192 2.000000000 2
648 856 3 8192 2.000000000 2
648 856 3 8192 2.000000000 2
648 856 3 8192 2.000000000 2
648 856 3 8192 2.000000000 2
652 516 3 8192 2.000000000 2
652 516 3 8192 2.000000000 2
652 516 3 8192 2.000000000 2
652 516 3 8192 2.000000000 2
652 516 3 8192 2.000000000 2
652 516 3 8192 2.000000000 2
652 516 3 8192 2.000000000 2
652 516 3 8192 2.000000000 2
652 676 3 8192 2.000000000 2
652 676 3 8192 2.000000000 2
652 676 3 8192 2.000000000 2
652 676 3 8192 2.000000000 2
652 676 3 8192 2.000000000 2
652 676 3 8192 2.000000000 2
652 676 3 8192 2.000000000 2
652 676 3 8192 2.000000000 2
652 700 3 8192 2.000000000 2
652 700 3 8192 2.000000000 2
652 700 3 8192 2.000000000 2
652 700 3 8192 2.000000000 2
652 700 3 8192 2.000000000 2
652 700 3 8192 2.000000000 2
652 700 3 8192 2.000000000 2
652 700 3 8192 2.000000000 2
652 808 3 8192 2.000000000 2
652 808 3 8192 2.000000000 2
652 808 3 8192 2.000000000 2
652 808 3 8192 2.000000000 2
652 808 3 8192 2.000000000 2
652 808 3 8192 2.000000000 2
652 808 3 8192 2.000000000 2
652 808 3 8192 2.000000000 2
652 828 3 8192 2.000000000 2
652 828 3 8192 2.000000000 2
652 828 3 8192 2.000000000 2
652 828 3 8192 2.000000000 2
652 828 3 8192 2.000000000 2
652 828 3 8192 2.000000000 2
652 828 3 8192 2.000000000 2
652 828 3 8192 2.000000000 2
652 876 3 8192 2.000000000 2
652 876 3 8192 2.000000000 2
652 876 3 8192 2.000000000 2
652 876 3 8192 2.000000000 2
652 876 3 8192 2.000000000 2
652 876 3 8192 2.000000000 2
652 876 3 8192 2.000000000 2
652 876 3 8192 2.000000000 2
652 988 3 8192 2.000000000 2
652 988 3 8192 2.000000000 2
652 988 3 8192 2.000000000 2
652 988 3 8192 2.000000000 2
652 988 3 8192 2.000000000 2
652 988 3 8192 2.000000000 2
652 988 3 8192 2.000000000 2
652 988 3 8192 2.000000000 2
652 1128 3 8192 2.000000000 2
652 1128 3 8192 2.000000000 2
652 1128 3 8192 2.000000000 2
652 1128 3 8192 2.000000000 2
652 1128 3 8192 2.000000000 2
652 1128 3 8192 2.000000000 2
652 1128 3 8192 2.000000000 2
652 1128 3 8192 2.000000000 2
656 344 3 8192 2.000000000 2
656 344 3 8192 2.000000000 2
656 344 3 8192 2.000000000 2
656 344 3 8192 2.000000000 2
656 344 3 8192 2.000000000 2
656 344 3 8192 2.000000000 2
656 344 3 8192 2.000000000 2
656 344 3 8192 2.000000000 2
656 360 3 8192 2.000000000 2
656 360 3 8192 2.000000000 2
656 360 3 8192 2.000000000 2
656 360 3 8192 2.000000000 2
656 360 3 8192 2.000000000 2
656 360 3 8192 2.000000000 2
656 360 3 8192 2.000000000 2
656 360 3 8192 2.000000000 2
656 408 3 8192 2.000000000 2
656 408 3 8192 2.000000000 2
656 408 3 8192 2.000000000 2
656 408 3 8192 2.000000000 2
656 408 3 8192 2.000000000 2
656 408 3 8192 2.000000000 2
656 408 3 8192 2.000000000 2
656 408 3 8192 2.000000000 2
656 808 3 8192 2.000000000 2
656 808 3 8192 2.000000000 2
656 808 3 8192 2.000000000 2
656 808 3 8192 2.000000000 2
656 808 3 8192 2.000000000 2
656 808 3 8192 2.000000000 2
656 808 3 8192 2.000000000 2
656 808 3 8192 2.000000000 2
656 892 3 8192 2.000000000 2
656 892 3 8192 2.000000000 2
656 892 3 8192 2.000000000 2
656 892 3 8192 2.000000000 2
656 892 3 8192 2.000000000 2
656 892 3 8192 2.000000000 2
656 892 3 8192 2.000000000 2
656 892 3 8192 2.000000000 2
656 896 3 8192 2.000000000 2
656 896 3 8192 2.000000000 2
656 896 3 8192 2.000000000 2
656 896 3 8192 2.000000000 2
656 896 3 8192 2.000000000 2
656 896 3 8192 2.000000000 2
656 896 3 8192 2.000000000 2
656 896 3 8192 2.000000000 2
656 1200 3 8192 2.000000000 2
656 1200 3 8192 2.000000000 2
656 1200 3 8192 2.000000000 2
656 1200 3 8192 2.000000000 2
656 1200 3 8192 2.000000000 2
656 1200 3 8192 2.000000000 2
656 1200 3 8192 2.000000000 2
656 1200 3 8192 2.000000000 2
656 1276 3 8192 2.000000000 2
656 1276 3 8192 2.000000000 2
656 1276 3 8192 2.000000000 2
656 1276 3 8192 2.000000000 2
656 1276 3 8192 2.000000000 2
656 1276 3 8192 2.000000000 2
656 1276 3 8192 2.000000000 2
656 1276 3 8192 2.000000000 2
660 32 3 8192 2.000000000 2
660 32 3 8192 2.000000000 2
660 32 3 8192 2.000000000 2
660 32 3 8192 2.000000000 2
660 32 3 8192 2.000000000 2
660 32 3 8192 2.000000000 2
660 32 3 8192 2.000000000 2
660 32 3 8192 2.000000000 2
660 100 3 8192 2.000000000 2
660 100 3 8192 2.000000000 2
660 100 3 8192 2.000000000 2
660 100 3 8192 2.000000000 2
660 100 3 8192 2.000000000 2
660 100 3 8192 2.000000000 2
660 100 3 8192 2.000000000 2
660 100 3 8192 2.000000000 2
660 136 3 8192 2.000000000 2
660 136 3 8192 2.000000000 2
660 136 3 8192 2.000000000 2
660 136 3 8192 2.000000000 2
660 136 3 8192 2.000000000 2
660 136 3 8192 2.000000000 2
660 136 3 8192 2.000000000 2
660 136 3 8192 2.000000000 2
660 256 3 8192 2.000000000 2
660 256 3 8192 2.000000000 2
660 256 3 8192 2.000000000 2
660 256 3 8192 2.000000000 2
660 256 3 8192 2.000000000 2
660 256 3 8192 2.000000000 2
660 256 3 8192 2.000000000 2
660 256 3 8192 2.000000000 2
660 604 3 8192 2.000000000 2
660 604 3 8192 2.000000000 2
660 604 3 8192 2.000000000 2
660 604 3 8192 2.000000000 2
660 604 3 8192 2.000000000 2
660 604 3 8192 2.000000000 2
660 604 3 8192 2.000000000 2
660 604 3 8192 2.000000000 2
660 696 3 8192 2.000000000 2
660 696 3 8192 2.000000000 2
660 696 3 8192 2.000000000 2
660 696 3 8192 2.000000000 2
660 696 3 8192 2.000000000 2
660 696 3 8192 2.000000000 2
660 696 3 8192 2.000000000 2
660 696 3 8192 2.000000000 2
660 916 3 8192 2.000000000 2
660 916 3 8192 2.000000000 2
660 916 3 8192 2.000000000 2
660 916 3 8192 2.000000000 2
660 916 3 8192 2.000000000 2
660 916 3 8192 2.000000000 2
660 916 3 8192 2.000000000 2
660 916 3 8192 2.000000000 2
660 1224 3 8192 2.000000000 2
660 1224 3 8192 2.000000000 2
660 1224 3 8192 2.000000000 2
660 1224 3 8192 2.000000000 2
660 1224 3 8192 2.000000000 2
660 1224 3 8192 2.000000000 2
660 1224 3 8192 2.000000000 2
660 1224 3 8192 2.000000000 2
664 132 3 8192 2.000000000 2
664 132 3 8192 2.000000000 2
664 132 3 8192 2.000000000 2
664 132 3 8192 2.000000000 2
664 132 3 8192 2.000000000 2
664 132 3 8192 2.000000000 2
664 132 3 8192 2.000000000 2
664 132 3 8192 2.000000000 2
664 344 3 8192 2.000000000 2
664 344 3 8192 2.000000000 2
664 344 3 8192 2.000000000 2
664 344 3 8192 2.000000000 2
664 344 3 8192 2.000000000 2
664 344 3 8192 2.000000000 2
664 344 3 8192 2.000000000 2
664 344 3 8192 2.000000000 2
664 480 3 8192 2.000000000 2
664 480 3 8192 2.000000000 2
664 480 3 8192 2.000000000 2
664 480 3 8192 2.000000000 2
664 480 3 8192 2.000000000 2
664 480 3 8192 2.000000000 2
664 480 3 8192 2.000000000 2
664 480 3 8192 2.000000000 2
664 572 3 8192 2.000000000 2
664 572 3 8192 2.000000000 2
664 572 3 8192 2.000000000 2
664 572 3 8192 2.000000000 2
664 572 3 8192 2.000000000 2
664 572 3 8192 2.000000000 2
664 572 3 8192 2.000000000 2
664 572 3 8192 2.000000000 2
664 1028 3 8192 2.000000000 2
664 1028 3 8192 2.000000000 2
664 1028 3 8192 2.000000000 2
664 1028 3 8192 2.000000000 2
664 1028 3 8192 2.000000000 2
664 1028 3 8192 2.000000000 2
664 1028 3 8192 2.000000000 2
664 1028 3 8192 2.000000000 2
664 1052 3 8192 2.000000000 2
664 1052 3 8192 2.000000000 2
664 1052 3 8192 2.000000000 2
664 1052 3 8192 2.000000000 2
664 1052 3 8192 2.000000000 2
664 1052 3 8192 2.000000000 2
664 1052 3 8192 2.000000000 2
664 1052 3 8192 2.000000000 2
664 1088 3 8192 2.000000000 2
664 1088 3 8192 2.000000000 2
664 1088 3 8192 2.000000000 2
664 1088 3 8192 2.000000000 2
664 1088 3 8192 2.000000000 2
664 1088 3 8192 2.000000000 2
664 1088 3 8192 2.000000000 2
664 1088 3 8192 2.000000000 2
664 1108 3 8192 2.000000000 2
664 1108 3 8192 2.000000000 2
664 1108 3 8192 2.000000000 2
664 1108 3 8192 2.000000000 2
664 1108 3 8192 2.000000000 2
664 1108 3 8192 2.000000000 2
664 1108 3 8192 2.000000000 2
664 1108 3 8192 2.000000000 2
668 436 3 8192 2.000000000 2
668 436 3 8192 2.000000000 2
668 436 3 8192 2.000000000 2
668 436 3 8192 2.000000000 2
668 436 3 8192 2.000000000 2
668 436 3 8192 2.000000000 2
668 436 3 8192 2.000000000 2
668 436 3 8192 2.000000000 2
668 536 3 8192 2.000000000 2
668 536 3 8192 2.000000000 2
668 536 3 8192 2.000000000 2
668 536 3 8192 2.000000000 2
668 536 3 8192 2.000000000 2
668 536 3 8192 2.000000000 2
668 536 3 8192 2.000000000 2
668 536 3 8192 2.000000000 2
668 596 3 8192 2.000000000 2
668 596 3 8192 2.000000000 2
668 596 3 8192 2.000000000 2
668 596 3 8192 2.000000000 2
668 596 3 8192 2.000000000 2
668 596 3 8192 2.000000000 2
668 596 3 8192 2.000000000 2
668 596 3 8192 2.000000000 2
668 780 3 8192 2.000000000 2
668 780 3 8192 2.000000000 2
668 780 3 8192 2.000000000 2
668 780 3 8192 2.000000000 2
668 780 3 8192 2.000000000 2
668 780 3 8192 2.000000000 2
668 780 3 8192 2.000000000 2
668 780 3 8192 2.000000000 2
668 1016 3 8192 2.000000000 2
668 1016 3 8192 2.000000000 2
668 1016 3 8192 2.000000000 2
668 1016 3 8192 2.000000000 2
668 1016 3 8192 2.000000000 2
668 1016 3 8192 2.000000000 2
668 1016 3 8192 2.000000000 2
668 1016 3 8192 2.000000000 2
668 1020 3 8192 2.000000000 2
668 1020 3 8192 2.000000000 2
668 1020 3 8192 2.000000000 2
668 1020 3 8192 2.000000000 2
668 1020 3 8192 2.000000000 2
668 1020 3 8192 2.000000000 2
668 1020 3 8192 2.000000000 2
668 1020 3 8192 2.000000000 2
668 1032 3 8192 2.000000000 2
668 1032 3 8192 2.000000000 2
668 1032 3 8192 2.000000000 2
668 1032 3 8192 2.000000000 2
668 1032 3 8192 2.000000000 2
668 1032 3 8192 2.000000000 2
668 1032 3 8192 2.000000000 2
668 1032 3 8192 2.000000000 2
668 1248 3 8192 2.000000000 2
668 1248 3 8192 2.000000000 2
668 1248 3 8192 2.000000000 2
668 1248 3 8192 2.000000000 2
668 1248 3 8192 2.000000000 2
668 1248 3 8192 2.000000000 2
668 1248 3 8192 2.000000000 2
668 1248 3 8192 2.000000000 2
672 12 3 8192 2.000000000 2
672 12 3 8192 2.000000000 2
672 12 3 8192 2.000000000 2
672 12 3 8192 2.000000000 2
672 12 3 8192 2.000000000 2
672 12 3 8192 2.000000000 2
672 12 3 8192 2.000000000 2
672 12 3 8192 2.000000000 2
672 192 3 8192 2.000000000 2
672 192 3 8192 2.000000000 2
672 192 3 8192 2.000000000 2
672 192 3 8192 2.000000000 2
672 192 3 8192 2.000000000 2
672 192 3 8192 2.000000000 2
672 192 3 8192 2.000000000 2
672 192 3 8192 2.000000000 2
672 372 3 8192 2.000000000 2
672 372 3 8192 2.000000000 2
672 372 3 8192 2.000000000 2
672 372 3 8192 2.000000000 2
672 372 3 8192 2.000000000 2
672 372 3 8192 2.000000000 2
672 372 3 8192 2.000000000 2
672 372 3 8192 2.000000000 2
672 576 3 8192 2.000000000 2
672 576 3 8192 2.000000000 2
672 576 3 8192 2.000000000 2
672 576 3 8192 2.000000000 2
672 576 3 8192 2.000000000 2
672 576 3 8192 2.000000000 2
672 576 3 8192 2.000000000 2
672 576 3 8192 2.000000000 2
672 716 3 8192 2.000000000 2
672 716 3 8192 2.000000000 2
672 716 3 8192 2.000000000 2
672 716 3 8192 2.000000000 2
672 716 3 8192 2.000000000 2
672 716 3 8192 2.000000000 2
672 716 3 8192 2.000000000 2
672 716 3 8192 2.000000000 2
672 784 3 8192 2.000000000 2
672 784 3 8192 2.000000000 2
672 784 3 8192 2.000000000 2
672 784 3 8192 2.000000000 2
672 784 3 8192 2.000000000 2
672 784 3 8192 2.000000000 2
672 784 3 8192 2.000000000 2
672 784 3 8192 2.000000000 2
672 1220 3 8192 2.000000000 2
672 1220 3 8192 2.000000000 2
672 1220 3 8192 2.000000000 2
672 1220 3 8192 2.000000000 2
672 1220 3 8192 2.000000000 2
672 1220 3 8192 2.000000000 2
672 1220 3 8192 2.000000000 2
672 1220 3 8192 2.000000000 2
672 1276 3 8192 2.000000000 2
672 1276 3 8192 2.000000000 2
672 1276 3 8192 2.000000000 2
672 1276 3 8192 2.000000000 2
672 1276 3 8192 2.000000000 2
672 1276 3 8192 2.000000000 2
672 1276 3 8192 2.000000000 2
672 1276 3 8192 2.000000000 2
676 232 3 8192 2.000000000 2
676 232 3 8192 2.000000000 2
676 232 3 8192 2.000000000 2
676 232 3 8192 2.000000000 2
676 232 3 8192 2.000000000 2
676 232 3 8192 2.000000000 2
676 232 3 8192 2.000000000 2
676 232 3 8192 2.000000000 2
676 256 3 8192 2.000000000 2
676 256 3 8192 2.000000000 2
676 256 3 8192 2.000000000 2
676 256 3 8192 2.000000000 2
676 256 3 8192 2.000000000 2
676 256 3 8192 2.000000000 2
676 256 3 8192 2.000000000 2
676 256 3 8192 2.000000000 2
676 504 3 8192 2.000000000 2
676 504 3 8192 2.000000000 2
676 504 3 8192 2.000000000 2
676 504 3 8192 2.000000000 2
676 504 3 8192 2.000000000 2
676 504 3 8192 2.000000000 2
676 504 3 8192 2.000000000 2
676 504 3 8192 2.000000000 2
676 720 3 8192 2.000000000 2
676 720 3 8192 2.000000000 2
676 720 3 8192 2.000000000 2
676 720 3 8192 2.000000000 2
676 720 3 8192 2.000000000 2
676 720 3 8192 2.000000000 2
676 720 3 8192 2.000000000 2
676 720 3 8192 2.000000000 2
676 740 3 8192 2.000000000 2
676 740 3 8192 2.000000000 2
676 740 3 8192 2.000000000 2
676 740 3 8192 2.000000000 2
676 740 3 8192 2.000000000 2
676 740 3 8192 2.000000000 2
676 740 3 8192 2.000000000 2
676 740 3 8192 2.000000000 2
676 1000 3 8192 2.000000000 2
676 1000 3 8192 2.000000000 2
676 1000 3 8192 2.000000000 2
676 1000 3 8192 2.000000000 2
676 1000 3 8192 2.000000000 2
676 1000 3 8192 2.000000000 2
676 1000 3 8192 2.000000000 2
676 1000 3 8192 2.000000000 2
676 1136 3 8192 2.000000000 2
676 1136 3 8192 2.000000000 2
676 1136 3 8192 2.000000000 2
676 1136 3 8192 2.000000000 2
676 1136 3 8192 2.000000000 2
676 1136 3 8192 2.000000000 2
676 1136 3 8192 2.000000000 2
676 1136 3 8192 2.000000000 2
676 1172 3 8192 2.000000000 2
676 1172 3 8192 2.000000000 2
676 1172 3 8192 2.000000000 2
676 1172 3 8192 2.000000000 2
676 1172 3 8192 2.000000000 2
676 1172 3 8192 2.000000000 2
676 1172 3 8192 2.000000000 2
676 1172 3 8192 2.000000000 2
688 280 3 8192 2.000000000 2
688 280 3 8192 2.000000000 2
688 280 3 8192 2.000000000 2
688 280 3 8192 2.000000000 2
688 280 3 8192 2.000000000 2
688 280 3 8192 2.000000000 2
688 280 3 8192 2.000000000 2
688 280 3 8192 2.000000000 2
688 312 3 8192 2.000000000 2
688 312 3 8192 2.000000000 2
688 312 3 8192 2.000000000 2
688 312 3 8192 2.000000000 2
688 312 3 8192 2.000000000 2
688 312 3 8192 2.000000000 2
688 312 3 8192 2.000000000 2
688 312 3 8192 2.000000000 2
688 636 3 8192 2.000000000 2
688 636 3 8192 2.000000000 2
688 636 3 8192 2.000000000 2
688 636 3 8192 2.000000000 2
688 636 3 8192 2.000000000 2
688 636 3 8192 2.000000000 2
688 636 3 8192 2.000000000 2
688 636 3 8192 2.000000000 2
688 736 3 8192 2.000000000 2
688 736 3 8192 2.000000000 2
688 736 3 8192 2.000000000 2
688 736 3 8192 2.000000000 2
688 736 3 8192 2.000000000 2
688 736 3 8192 2.000000000 2
688 736 3 8192 2.000000000 2
688 736 3 8192 2.000000000 2
688 740 3 8192 2.000000000 2
688 740 3 8192 2.000000000 2
688 740 3 8192 2.000000000 2
688 740 3 8192 2.000000000 2
688 740 3 8192 2.000000000 2
688 740 3 8192 2.000000000 2
688 740 3 8192 2.000000000 2
688 740 3 8192 2.000000000 2
688 800 3 8192 2.000000000 2
688 800 3 8192 2.000000000 2
688 800 3 8192 2.000000000 2
688 800 3 8192 2.000000000 2
688 800 3 8192 2.000000000 2
688 800 3 8192 2.000000000 2
688 800 3 8192 2.000000000 2
688 800 3 8192 2.000000000 2
688 1108 3 8192 2.000000000 2
688 1108 3 8192 2.000000000 2
688 1108 3 8192 2.000000000 2
688 1108 3 8192 2.000000000 2
688 1108 3 8192 2.000000000 2
688 1108 3 8192 2.000000000 2
688 1108 3 8192 2.000000000 2
688 1108 3 8192 2.000000000 2
688 1256 3 8192 2.000000000 2
688 1256 3 8192 2.000000000 2
688 1256 3 8192 2.000000000 2
688 1256 3 8192 2.000000000 2
688 1256 3 8192 2.000000000 2
688 1256 3 8192 2.000000000 2
688 1256 3 8192 2.000000000 2
688 1256 3 8192 2.000000000 2
692 28 3 8192 2.000000000 2
692 28 3 8192 2.000000000 2
692 28 3 8192 2.000000000 2
692 28 3 8192 2.000000000 2
692 28 3 8192 2.000000000 2
692 28 3 8192 2.000000000 2
692 28 3 8192 2.000000000 2
692 28 3 8192 2.000000000 2
692 104 3 8192 2.000000000 2
692 104 3 8192 2.000000000 2
692 104 3 8192 2.000000000 2
692 104 3 8192 2.000000000 2
692 104 3 8192 2.000000000 2
692 104 3 8192 2.000000000 2
692 104 3 8192 2.000000000 2
692 104 3 8192 2.000000000 2
692 624 3 8192 2.000000000 2
692 624 3 8192 2.000000000 2
692 624 3 8192 2.000000000 2
692 624 3 8192 2.000000000 2
692 624 3 8192 2.000000000 2
692 624 3 8192 2.000000000 2
692 624 3 8192 2.000000000 2
692 624 3 8192 2.000000000 2
692 664 3 8192 2.000000000 2
692 664 3 8192 2.000000000 2
692 664 3 8192 2.000000000 2
692 664 3 8192 2.000000000 2
692 664 3 8192 2.000000000 2
692 664 3 8192 2.000000000 2
692 664 3 8192 2.000000000 2
692 664 3 8192 2.000000000 2
692 940 3 8192 2.000000000 2
692 940 3 8192 2.000000000 2
692 940 3 8192 2.000000000 2
692 940 3 8192 2.000000000 2
692 940 3 8192 2.000000000 2
692 940 3 8192 2.000000000 2
692 940 3 8192 2.000000000 2
692 940 3 8192 2.000000000 2
692 944 3 8192 2.000000000 2
692 944 3 8192 2.000000000 2
692 944 3 8192 2.000000000 2
692 944 3 8192 2.000000000 2
692 944 3 8192 2.000000000 2
692 944 3 8192 2.000000000 2
692 944 3 8192 2.000000000 2
692 944 3 8192 2.000000000 2
692 960 3 8192 2.000000000 2
692 960 3 8192 2.000000000 2
692 960 3 8192 2.000000000 2
692 960 3 8192 2.000000000 2
692 960 3 8192 2.000000000 2
692 960 3 8192 2.000000000 2
692 960 3 8192 2.000000000 2
692 960 3 8192 2.000000000 2
692 1048 3 8192 2.000000000 2
692 1048 3 8192 2.000000000 2
692 1048 3 8192 2.000000000 2
692 1048 3 8192 2.000000000 2
692 1048 3 8192 2.000000000 2
692 1048 3 8192 2.000000000 2
692 1048 3 8192 2.000000000 2
692 1048 3 8192 2.000000000 2
696 64 3 8192 2.000000000 2
696 64 3 8192 2.000000000 2
696 64 3 8192 2.000000000 2
696 64 3 8192 2.000000000 2
696 64 3 8192 2.000000000 2
696 64 3 8192 2.000000000 2
696 64 3 8192 2.000000000 2
696 64 3 8192 2.000000000 2
696 508 3 8192 2.000000000 2
696 508 3 8192 2.000000000 2
696 508 3 8192 2.000000000 2
696 508 3 8192 2.000000000 2
696 508 3 8192 2.000000000 2
696 508 3 8192 2.000000000 2
696 508 3 8192 2.000000000 2
696 508 3 8192 2.000000000 2
696 840 3 8192 2.000000000 2
696 840 3 8192 2.000000000 2
696 840 3 8192 2.000000000 2
696 840 3 8192 2.000000000 2
696 840 3 8192 2.000000000 2
696 840 3 8192 2.000000000 2
696 840 3 8192 2.000000000 2
696 840 3 8192 2.000000000 2
696 892 3 8192 2.000000000 2
696 892 3 8192 2.000000000 2
696 892 3 8192 2.000000000 2
696 892 3 8192 2.000000000 2
696 892 3 8192 2.000000000 2
696 892 3 8192 2.000000000 2
696 892 3 8192 2.000000000 2
696 892 3 8192 2.000000000 2
696 1032 3 8192 2.000000000 2
696 1032 3 8192 2.000000000 2
696 1032 3 8192 2.000000000 2
696 1032 3 8192 2.000000000 2
696 1032 3 8192 2.000000000 2
696 1032 3 8192 2.000000000 2
696 1032 3 8192 2.000000000 2
696 1032 3 8192 2.000000000 2
696 1172 3 8192 2.000000000 2
696 1172 3 8192 2.000000000 2
696 1172 3 8192 2.000000000 2
696 1172 3 8192 2.000000000 2
696 1172 3 8192 2.000000000 2
696 1172 3 8192 2.000000000 2
696 1172 3 8192 2.000000000 2
696 1172 3 8192 2.000000000 2
696 1264 3 8192 2.000000000 2
696 1264 3 8192 2.000000000 2
696 1264 3 8192 2.000000000 2
696 1264 3 8192 2.000000000 2
696 1264 3 8192 2.000000000 2
696 1264 3 8192 2.000000000 2
696 1264 3 8192 2.000000000 2
696 1264 3 8192 2.000000000 2
696 1276 3 8192 2.000000000 2
696 1276 3 8192 2.000000000 2
696 1276 3 8192 2.000000000 2
696 1276 3 8192 2.000000000 2
696 1276 3 8192 2.000000000 2
696 1276 3 8192 2.000000000 2
696 1276 3 8192 2.000000000 2
696 1276 3 8192 2.000000000 2
700 540 3 8192 2.000000000 2
700 540 3 8192 2.000000000 2
700 540 3 8192 2.000000000 2
700 540 3 8192 2.000000000 2
700 540 3 8192 2.000000000 2
700 540 3 8192 2.000000000 2
700 540 3 8192 2.000000000 2
700 540 3 8192 2.000000000 2
700 564 3 8192 2.000000000 2
700 564 3 8192 2.000000000 2
700 564 3 8192 2.000000000 2
700 564 3 8192 2.000000000 2
700 564 3 8192 2.000000000 2
700 564 3 8192 2.000000000 2
700 564 3 8192 2.000000000 2
700 564 3 8192 2.000000000 2
700 728 3 8192 2.000000000 2
700 728 3 8192 2.000000000 2
700 728 3 8192 2.000000000 2
700 728 3 8192 2.000000000 2
700 728 3 8192 2.000000000 2
700 728 3 8192 2.000000000 2
700 728 3 8192 2.000000000 2
700 728 3 8192 2.000000000 2
700 796 3 8192 2.000000000 2
700 796 3 8192 2.000000000 2
700 796 3 8192 2.000000000 2
700 796 3 8192 2.000000000 2
700 796 3 8192 2.000000000 2
700 796 3 8192 2.000000000 2
700 796 3 8192 2.000000000 2
700 796 3 8192 2.000000000 2
700 1016 3 8192 2.000000000 2
700 1016 3 8192 2.000000000 2
700 1016 3 8192 2.000000000 2
700 1016 3 8192 2.000000000 2
700 1016 3 8192 2.000000000 2
700 1016 3 8192 2.000000000 2
700 1016 3 8192 2.000000000 2
700 1016 3 8192 2.000000000 2
700 1140 3 8192 2.000000000 2
700 1140 3 8192 2.000000000 2
700 1140 3 8192 2.000000000 2
700 1140 3 8192 2.000000000 2
700 1140 3 8192 2.000000000 2
700 1140 3 8192 2.000000000 2
700 1140 3 8192 2.000000000 2
700 1140 3 8192 2.000000000 2
700 1144 3 8192 2.000000000 2
700 1144 3 8192 2.000000000 2
700 1144 3 8192 2.000000000 2
700 1144 3 8192 2.000000000 2
700 1144 3 8192 2.000000000 2
700 1144 3 8192 2.000000000 2
700 1144 3 8192 2.000000000 2
700 1144 3 8192 2.000000000 2
700 1228 3 8192 2.000000000 2
700 1228 3 8192 2.000000000 2
700 1228 3 8192 2.000000000 2
700 1228 3 8192 2.000000000 2
700 1228 3 8192 2.000000000 2
700 1228 3 8192 2.000000000 2
700 1228 3 8192 2.000000000 2
700 1228 3 8192 2.000000000 2
704 284 3 8192 2.000000000 2
704 284 3 8192 2.000000000 2
704 284 3 8192 2.000000000 2
704 284 3 8192 2.000000000 2
704 284 3 8192 2.000000000 2
704 284 3 8192 2.000000000 2
704 284 3 8192 2.000000000 2
704 284 3 8192 2.000000000 2
704 564 3 8192 2.000000000 2
704 564 3 8192 2.000000000 2
704 564 3 8192 2.000000000 2
704 564 3 8192 2.000000000 2
704 564 3 8192 2.000000000 2
704 564 3 8192 2.000000000 2
704 564 3 8192 2.000000000 2
704 564 3 8192 2.000000000 2
704 872 3 8192 2.000000000 2
704 872 3 8192 2.000000000 2
704 872 3 8192 2.000000000 2
704 872 3 8192 2.000000000 2
704 872 3 8192 2.000000000 2
704 872 3 8192 2.000000000 2
704 872 3 8192 2.000000000 2
704 872 3 8192 2.000000000 2
704 928 3 8192 2.000000000 2
704 928 3 8192 2.000000000 2
704 928 3 8192 2.000000000 2
704 928 3 8192 2.000000000 2
704 928 3 8192 2.000000000 2
704 928 3 8192 2.000000000 2
704 928 3 8192 2.000000000 2
704 928 3 8192 2.000000000 2
704 1060 3 8192 2.000000000 2
704 1060 3 8192 2.000000000 2
704 1060 3 8192 2.000000000 2
704 1060 3 8192 2.000000000 2
704 1060 3 8192 2.000000000 2
704 1060 3 8192 2.000000000 2
704 1060 3 8192 2.000000000 2
704 1060 3 8192 2.000000000 2
704 1076 3 8192 2.000000000 2
704 1076 3 8192 2.000000000 2
704 1076 3 8192 2.000000000 2
704 1076 3 8192 2.000000000 2
704 1076 3 8192 2.000000000 2
704 1076 3 8192 2.000000000 2
704 1076 3 8192 2.000000000 2
704 1076 3 8192 2.000000000 2
704 1124 3 8192 2.000000000 2
704 1124 3 8192 2.000000000 2
704 1124 3 8192 2.000000000 2
704 1124 3 8192 2.000000000 2
704 1124 3 8192 2.000000000 2
704 1124 3 8192 2.000000000 2
704 1124 3 8192 2.000000000 2
704 1124 3 8192 2.000000000 2
704 1232 3 8192 2.000000000 2
704 1232 3 8192 2.000000000 2
704 1232 3 8192 2.000000000 2
704 1232 3 8192 2.000000000 2
704 1232 3 8192 2.000000000 2
704 1232 3 8192 2.000000000 2
704 1232 3 8192 2.000000000 2
704 1232 3 8192 2.000000000 2
708 100 3 8192 2.000000000 2
708 100 3 8192 2.000000000 2
708 100 3 8192 2.000000000 2
708 100 3 8192 2.000000000 2
708 100 3 8192 2.000000000 2
708 100 3 8192 2.000000000 2
708 100 3 8192 2.000000000 2
708 100 3 8192 2.000000000 2
708 420 3 8192 2.000000000 2
708 420 3 8192 2.000000000 2
708 420 3 8192 2.000000000 2
708 420 3 8192 2.000000000 2
708 420 3 8192 2.000000000 2
708 420 3 8192 2.000000000 2
708 420 3 8192 2.000000000 2
708 420 3 8192 2.000000000 2
708 672 3 8192 2.000000000 2
708 672 3 8192 2.000000000 2
708 672 3 8192 2.000000000 2
708 672 3 8192 2.000000000 2
708 672 3 8192 2.000000000 2
708 672 3 8192 2.000000000 2
708 672 3 8192 2.000000000 2
708 672 3 8192 2.000000000 2
708 676 3 8192 2.000000000 2
708 676 3 8192 2.000000000 2
708 676 3 8192 2.000000000 2
708 676 3 8192 2.000000000 2
708 676 3 8192 2.000000000 2
708 676 3 8192 2.000000000 2
708 676 3 8192 2.000000000 2
708 676 3 8192 2.000000000 2
708 828 3 8192 2.000000000 2
708 828 3 8192 2.000000000 2
708 828 3 8192 2.000000000 2
708 828 3 8192 2.000000000 2
708 828 3 8192 2.000000000 2
708 828 3 8192 2.000000000 2
708 828 3 8192 2.000000000 2
708 828 3 8192 2.000000000 2
708 1016 3 8192 2.000000000 2
708 1016 3 8192 2.000000000 2
708 1016 3 8192 2.000000000 2
708 1016 3 8192 2.000000000 2
708 1016 3 8192 2.000000000 2
708 1016 3 8192 2.000000000 2
708 1016 3 8192 2.000000000 2
708 1016 3 8192 2.000000000 2
708 1072 3 8192 2.000000000 2
708 1072 3 8192 2.000000000 2
708 1072 3 8192 2.000000000 2
708 1072 3 8192 2.000000000 2
708 1072 3 8192 2.000000000 2
708 1072 3 8192 2.000000000 2
708 1072 3 8192 2.000000000 2
708 1072 3 8192 2.000000000 2
708 1108 3 8192 2.000000000 2
708 1108 3 8192 2.000000000 2
708 1108 3 8192 2.000000000 2
708 1108 3 8192 2.000000000 2
708 1108 3 8192 2.000000000 2
708 1108 3 8192 2.000000000 2
708 1108 3 8192 2.000000000 2
708 1108 3 8192 2.000000000 2
712 88 3 8192 2.000000000 2
712 88 3 8192 2.000000000 2
712 88 3 8192 2.000000000 2
712 88 3 8192 2.000000000 2
712 88 3 8192 2.000000000 2
712 88 3 8192 2.000000000 2
712 88 3 8192 2.000000000 2
712 88 3 8192 2.000000000 2
712 120 3 8192 2.000000000 2
712 120 3 8192 2.000000000 2
712 120 3 8192 2.000000000 2
712 120 3 8192 2.000000000 2
712 120 3 8192 2.000000000 2
712 120 3 8192 2.000000000 2
712 120 3 8192 2.000000000 2
712 120 3 8192 2.000000000 2
712 212 3 8192 2.000000000 2
712 212 3 8192 2.000000000 2
712 212 3 8192 2.000000000 2
712 212 3 8192 2.000000000 2
712 212 3 8192 2.000000000 2
712 212 3 8192 2.000000000 2
712 212 3 8192 2.000000000 2
712 212 3 8192 2.000000000 2
712 368 3 8192 2.000000000 2
712 368 3 8192 2.000000000 2
712 368 3 8192 2.000000000 2
712 368 3 8192 2.000000000 2
712 368 3 8192 2.000000000 2
712 368 3 8192 2.000000000 2
712 368 3 8192 2.000000000 2
712 368 3 8192 2.000000000 2
712 572 3 8192 2.000000000 2
712 572 3 8192 2.000000000 2
712 572 3 8192 2.000000000 2
712 572 3 8192 2.000000000 2
712 572 3 8192 2.000000000 2
712 572 3 8192 2.000000000 2
712 572 3 8192 2.000000000 2
712 572 3 8192 2.000000000 2
712 676 3 8192 2.000000000 2
712 676 3 8192 2.000000000 2
712 676 3 8192 2.000000000 2
712 676 3 8192 2.000000000 2
712 676 3 8192 2.000000000 2
712 676 3 8192 2.000000000 2
712 676 3 8192 2.000000000 2
712 676 3 8192 2.000000000 2
712 1108 3 8192 2.000000000 2
712 1108 3 8192 2.000000000 2
712 1108 3 8192 2.000000000 2
712 1108 3 8192 2.000000000 2
712 1108 3 8192 2.000000000 2
712 1108 3 8192 2.000000000 2
712 1108 3 8192 2.000000000 2
712 1108 3 8192 2.000000000 2
712 1264 3 8192 2.000000000 2
712 1264 3 8192 2.000000000 2
712 1264 3 8192 2.000000000 2
712 1264 3 8192 2.000000000 2
712 1264 3 8192 2.000000000 2
712 1264 3 8192 2.000000000 2
712 1264 3 8192 2.000000000 2
712 1264 3 8192 2.000000000 2
716 312 3 8192 2.000000000 2
716 312 3 8192 2.000000000 2
716 312 3 8192 2.000000000 2
716 312 3 8192 2.000000000 2
716 312 3 8192 2.000000000 2
716 312 3 8192 2.000000000 2
716 312 3 8192 2.000000000 2
716 312 3 8192 2.000000000 2
716 412 3 8192 2.000000000 2
716 412 3 8192 2.000000000 2
716 412 3 8192 2.000000000 2
716 412 3 8192 2.000000000 2
716 412 3 8192 2.000000000 2
716 412 3 8192 2.000000000 2
716 412 3 8192 2.000000000 2
716 412 3 8192 2.000000000 2
716 496 3 8192 2.000000000 2
716 496 3 8192 2.000000000 2
716 496 3 8192 2.000000000 2
716 496 3 8192 2.000000000 2
716 496 3 8192 2.000000000 2
716 496 3 8192 2.000000000 2
716 496 3 8192 2.000000000 2
716 496 3 8192 2.000000000 2
716 780 3 8192 2.000000000 2
716 780 3 8192 2.000000000 2
716 780 3 8192 2.000000000 2
716 780 3 8192 2.000000000 2
716 780 3 8192 2.000000000 2
716 780 3 8192 2.000000000 2
716 780 3 8192 2.000000000 2
716 780 3 8192 2.000000000 2
716 1008 3 8192 2.000000000 2
716 1008 3 8192 2.000000000 2
716 1008 3 8192 2.000000000 2
716 1008 3 8192 2.000000000 2
716 1008 3 8192 2.000000000 2
716 1008 3 8192 2.000000000 2
716 1008 3 8192 2.000000000 2
716 1008 3 8192 2.000000000 2
716 1072 3 8192 2.000000000 2
716 1072 3 8192 2.000000000 2
716 1072 3 8192 2.000000000 2
716 1072 3 8192 2.000000000 2
716 1072 3 8192 2.000000000 2
716 1072 3 8192 2.000000000 2
716 1072 3 8192 2.000000000 2
716 1072 3 8192 2.000000000 2
716 1124 3 8192 2.000000000 2
716 1124 3 8192 2.000000000 2
716 1124 3 8192 2.000000000 2
716 1124 3 8192 2.000000000 2
716 1124 3 8192 2.000000000 2
716 1124 3 8192 2.000000000 2
716 1124 3 8192 2.000000000 2
716 1124 3 8192 2.000000000 2
716 1224 3 8192 2.000000000 2
716 1224 3 8192 2.000000000 2
716 1224 3 8192 2.000000000 2
716 1224 3 8192 2.000000000 2
716 1224 3 8192 2.000000000 2
716 1224 3 8192 2.000000000 2
716 1224 3 8192 2.000000000 2
716 1224 3 8192 2.000000000 2
720 92 3 8192 2.000000000 2
720 92 3 8192 2.000000000 2
720 92 3 8192 2.000000000 2
720 92 3 8192 2.000000000 2
720 92 3 8192 2.000000000 2
720 92 3 8192 2.000000000 2
720 92 3 8192 2.000000000 2
720 92 3 8192 2.000000000 2
720 100 3 8192 2.000000000 2
720 100 3 8192 2.000000000 2
720 100 3 8192 2.000000000 2
720 100 3 8192 2.000000000 2
720 100 3 8192 2.000000000 2
720 100 3 8192 2.000000000 2
720 100 3 8192 2.000000000 2
720 100 3 8192 2.000000000 2
720 164 3 8192 2.000000000 2
720 164 3 8192 2.000000000 2
720 164 3 8192 2.000000000 2
720 164 3 8192 2.000000000 2
720 164 3 8192 2.000000000 2
720 164 3 8192 2.000000000 2
720 164 3 8192 2.000000000 2
720 164 3 8192 2.000000000 2
720 452 3 8192 2.000000000 2
720 452 3 8192 2.000000000 2
720 452 3 8192 2.000000000 2
720 452 3 8192 2.000000000 2
720 452 3 8192 2.000000000 2
720 452 3 8192 2.000000000 2
720 452 3 8192 2.000000000 2
720 452 3 8192 2.000000000 2
720 620 3 8192 2.000000000 2
720 620 3 8192 2.000000000 2
720 620 3 8192 2.000000000 2
720 620 3 8192 2.000000000 2
720 620 3 8192 2.000000000 2
720 620 3 8192 2.000000000 2
720 620 3 8192 2.000000000 2
720 620 3 8192 2.000000000 2
720 936 3 8192 2.000000000 2
720 936 3 8192 2.000000000 2
720 936 3 8192 2.000000000 2
720 936 3 8192 2.000000000 2
720 936 3 8192 2.000000000 2
720 936 3 8192 2.000000000 2
720 936 3 8192 2.000000000 2
720 936 3 8192 2.000000000 2
720 1140 3 8192 2.000000000 2
720 1140 3 8192 2.000000000 2
720 1140 3 8192 2.000000000 2
720 1140 3 8192 2.000000000 2
720 1140 3 8192 2.000000000 2
720 1140 3 8192 2.000000000 2
720 1140 3 8192 2.000000000 2
720 1140 3 8192 2.000000000 2
720 1188 3 8192 2.000000000 2
720 1188 3 8192 2.000000000 2
720 1188 3 8192 2.000000000 2
720 1188 3 8192 2.000000000 2
720 1188 3 8192 2.000000000 2
720 1188 3 8192 2.000000000 2
720 1188 3 8192 2.000000000 2
720 1188 3 8192 2.000000000 2
724 24 3 8192 2.000000000 2
724 24 3 8192 2.000000000 2
724 24 3 8192 2.000000000 2
724 24 3 8192 2.000000000 2
724 24 3 8192 2.000000000 2
724 24 3 8192 2.000000000 2
724 24 3 8192 2.000000000 2
724 24 3 8192 2.000000000 2
724 256 3 8192 2.000000000 2
724 256 3 8192 2.000000000 2
724 256 3 8192 2.000000000 2
724 256 3 8192 2.000000000 2
724 256 3 8192 2.000000000 2
724 256 3 8192 2.000000000 2
724 256 3 8192 2.000000000 2
724 256 3 8192 2.000000000 2
724 476 3 8192 2.000000000 2
724 476 3 8192 2.000000000 2
724 476 3 8192 2.000000000 2
724 476 3 8192 2.000000000 2
724 476 3 8192 2.000000000 2
724 476 3 8192 2.000000000 2
724 476 3 8192 2.000000000 2
724 476 3 8192 2.000000000 2
724 500 3 8192 2.000000000 2
724 500 3 8192 2.000000000 2
724 500 3 8192 2.000000000 2
724 500 3 8192 2.000000000 2
724 500 3 8192 2.000000000 2
724 500 3 8192 2.000000000 2
724 500 3 8192 2.000000000 2
724 500 3 8192 2.000000000 2
724 508 3 8192 2.000000000 2
724 508 3 8192 2.000000000 2
724 508 3 8192 2.000000000 2
724 508 3 8192 2.000000000 2
724 508 3 8192 2.000000000 2
724 508 3 8192 2.000000000 2
724 508 3 8192 2.000000000 2
724 508 3 8192 2.000000000 2
724 624 3 8192 2.000000000 2
724 624 3 8192 2.000000000 2
724 624 3 8192 2.000000000 2
724 624 3 8192 2.000000000 2
724 624 3 8192 2.000000000 2
724 624 3 8192 2.000000000 2
724 624 3 8192 2.000000000 2
724 624 3 8192 2.000000000 2
724 1224 3 8192 2.000000000 2
724 1224 3 8192 2.000000000 2
724 1224 3 8192 2.000000000 2
724 1224 3 8192 2.000000000 2
724 1224 3 8192 2.000000000 2
724 1224 3 8192 2.000000000 2
724 1224 3 8192 2.000000000 2
724 1224 3 8192 2.000000000 2
724 1256 3 8192 2.000000000 2
724 1256 3 8192 2.000000000 2
724 1256 3 8192 2.000000000 2
724 1256 3 8192 2.000000000 2
724 1256 3 8192 2.000000000 2
724 1256 3 8192 2.000000000 2
724 1256 3 8192 2.000000000 2
724 1256 3 8192 2.000000000 2
728 152 3 8192 2.000000000 2
728 152 3 8192 2.000000000 2
728 152 3 8192 2.000000000 2
728 152 3 8192 2.000000000 2
728 152 3 8192 2.000000000 2
728 152 3 8192 2.000000000 2
728 152 3 8192 2.000000000 2
728 152 3 8192 2.000000000 2
728 432 3 8192 2.000000000 2
728 432 3 8192 2.000000000 2
728 432 3 8192 2.000000000 2
728 432 3 8192 2.000000000 2
728 432 3 8192 2.000000000 2
728 432 3 8192 2.000000000 2
728 432 3 8192 2.000000000 2
728 432 3 8192 2.000000000 2
728 496 3 8192 2.000000000 2
728 496 3 8192 2.000000000 2
728 496 3 8192 2.000000000 2
728 496 3 8192 2.000000000 2
728 496 3 8192 2.000000000 2
728 496 3 8192 2.000000000 2
728 496 3 8192 2.000000000 2
728 496 3 8192 2.000000000 2
728 588 3 8192 2.000000000 2
728 588 3 8192 2.000000000 2
728 588 3 8192 2.000000000 2
728 588 3 8192 2.000000000 2
728 588 3 8192 2.000000000 2
728 588 3 8192 2.000000000 2
728 588 3 8192 2.000000000 2
728 588 3 8192 2.000000000 2
728 712 3 8192 2.000000000 2
728 712 3 8192 2.000000000 2
728 712 3 8192 2.000000000 2
728 712 3 8192 2.000000000 2
728 712 3 8192 2.000000000 2
728 712 3 8192 2.000000000 2
728 712 3 8192 2.000000000 2
728 712 3 8192 2.000000000 2
728 1184 3 8192 2.000000000 2
728 1184 3 8192 2.000000000 2
728 1184 3 8192 2.000000000 2
728 1184 3 8192 2.000000000 2
728 1184 3 8192 2.000000000 2
728 1184 3 8192 2.000000000 2
728 1184 3 8192 2.000000000 2
728 1184 3 8192 2.000000000 2
728 1264 3 8192 2.000000000 2
728 1264 3 8192 2.000000000 2
728 1264 3 8192 2.000000000 2
728 1264 3 8192 2.000000000 2
728 1264 3 8192 2.000000000 2
728 1264 3 8192 2.000000000 2
728 1264 3 8192 2.000000000 2
728 1264 3 8192 2.000000000 2
728 1268 3 8192 2.000000000 2
728 1268 3 8192 2.000000000 2
728 1268 3 8192 2.000000000 2
728 1268 3 8192 2.000000000 2
728 1268 3 8192 2.000000000 2
728 1268 3 8192 2.000000000 2
728 1268 3 8192 2.000000000 2
728 1268 3 8192 2.000000000 2
732 180 3 8192 2.000000000 2
732 180 3 8192 2.000000000 2
732 180 3 8192 2.000000000 2
732 180 3 8192 2.000000000 2
732 180 3 8192 2.000000000 2
732 180 3 8192 2.000000000 2
732 180 3 8192 2.000000000 2
732 180 3 8192 2.000000000 2
732 228 3 8192 2.000000000 2
732 228 3 8192 2.000000000 2
732 228 3 8192 2.000000000 2
732 228 3 8192 2.000000000 2
732 228 3 8192 2.000000000 2
732 228 3 8192 2.000000000 2
732 228 3 8192 2.000000000 2
732 228 3 8192 2.000000000 2
732 480 3 8192 2.000000000 2
732 480 3 8192 2.000000000 2
732 480 3 8192 2.000000000 2
732 480 3 8192 2.000000000 2
732 480 3 8192 2.000000000 2
732 480 3 8192 2.000000000 2
732 480 3 8192 2.000000000 2
732 480 3 8192 2.000000000 2
732 508 3 8192 2.000000000 2
732 508 3 8192 2.000000000 2
732 508 3 8192 2.000000000 2
732 508 3 8192 2.000000000 2
732 508 3 8192 2.000000000 2
732 508 3 8192 2.000000000 2
732 508 3 8192 2.000000000 2
732 508 3 8192 2.000000000 2
732 644 3 8192 2.000000000 2
732 644 3 8192 2.000000000 2
732 644 3 8192 2.000000000 2
732 644 3 8192 2.000000000 2
732 644 3 8192 2.000000000 2
732 644 3 8192 2.000000000 2
732 644 3 8192 2.000000000 2
732 644 3 8192 2.000000000 2
732 724 3 8192 2.000000000 2
732 724 3 8192 2.000000000 2
732 724 3 8192 2.000000000 2
732 724 3 8192 2.000000000 2
732 724 3 8192 2.000000000 2
732 724 3 8192 2.000000000 2
732 724 3 8192 2.000000000 2
732 724 3 8192 2.000000000 2
732 812 3 8192 2.000000000 2
732 812 3 8192 2.000000000 2
732 812 3 8192 2.000000000 2
732 812 3 8192 2.000000000 2
732 812 3 8192 2.000000000 2
732 812 3 8192 2.000000000 2
732 812 3 8192 2.000000000 2
732 812 3 8192 2.000000000 2
732 1068 3 8192 2.000000000 2
732 1068 3 8192 2.000000000 2
732 1068 3 8192 2.000000000 2
732 1068 3 8192 2.000000000 2
732 1068 3 8192 2.000000000 2
732 1068 3 8192 2.000000000 2
732 1068 3 8192 2.000000000 2
732 1068 3 8192 2.000000000 2
736 24 3 8192 2.000000000 2
736 24 3 8192 2.000000000 2
736 24 3 8192 2.000000000 2
736 24 3 8192 2.000000000 2
736 24 3 8192 2.000000000 2
736 24 3 8192 2.000000000 2
736 24 3 8192 2.000000000 2
736 24 3 8192 2.000000000 2
736 152 3 8192 2.000000000 2
736 152 3 8192 2.000000000 2
736 152 3 8192 2.000000000 2
736 152 3 8192 2.000000000 2
736 152 3 8192 2.000000000 2
736 152 3 8192 2.000000000 2
736 152 3 8192 2.000000000 2
736 152 3 8192 2.000000000 2
736 448 3 8192 2.000000000 2
736 448 3 8192 2.000000000 2
736 448 3 8192 2.000000000 2
736 448 3 8192 2.000000000 2
736 448 3 8192 2.000000000 2
736 448 3 8192 2.000000000 2
736 448 3 8192 2.000000000 2
736 448 3 8192 2.000000000 2
736 484 3 8192 2.000000000 2
736 484 3 8192 2.000000000 2
736 484 3 8192 2.000000000 2
736 484 3 8192 2.000000000 2
736 484 3 8192 2.000000000 2
736 484 3 8192 2.000000000 2
736 484 3 8192 2.000000000 2
736 484 3 8192 2.000000000 2
736 780 3 8192 2.000000000 2
736 780 3 8192 2.000000000 2
736 780 3 8192 2.000000000 2
736 780 3 8192 2.000000000 2
736 780 3 8192 2.000000000 2
736 780 3 8192 2.000000000 2
736 780 3 8192 2.000000000 2
736 780 3 8192 2.000000000 2
736 892 3 8192 2.000000000 2
736 892 3 8192 2.000000000 2
736 892 3 8192 2.000000000 2
736 892 3 8192 2.000000000 2
736 892 3 8192 2.000000000 2
736 892 3 8192 2.000000000 2
736 892 3 8192 2.000000000 2
736 892 3 8192 2.000000000 2
736 1064 3 8192 2.000000000 2
736 1064 3 8192 2.000000000 2
736 1064 3 8192 2.000000000 2
736 1064 3 8192 2.000000000 2
736 1064 3 8192 2.000000000 2
736 1064 3 8192 2.000000000 2
736 1064 3 8192 2.000000000 2
736 1064 3 8192 2.000000000 2
736 1168 3 8192 2.000000000 2
736 1168 3 8192 2.000000000 2
736 1168 3 8192 2.000000000 2
736 1168 3 8192 2.000000000 2
736 1168 3 8192 2.000000000 2
736 1168 3 8192 2.000000000 2
736 1168 3 8192 2.000000000 2
736 1168 3 8192 2.000000000 2
740 188 3 8192 2.000000000 2
740 188 3 8192 2.000000000 2
740 188 3 8192 2.000000000 2
740 188 3 8192 2.000000000 2
740 188 3 8192 2.000000000 2
740 188 3 8192 2.000000000 2
740 188 3 8192 2.000000000 2
740 188 3 8192 2.000000000 2
740 212 3 8192 2.000000000 2
740 212 3 8192 2.000000000 2
740 212 3 8192 2.000000000 2
740 212 3 8192 2.000000000 2
740 212 3 8192 2.000000000 2
740 212 3 8192 2.000000000 2
740 212 3 8192 2.000000000 2
740 212 3 8192 2.000000000 2
740 252 3 8192 2.000000000 2
740 252 3 8192 2.000000000 2
740 252 3 8192 2.000000000 2
740 252 3 8192 2.000000000 2
740 252 3 8192 2.000000000 2
740 252 3 8192 2.000000000 2
740 252 3 8192 2.000000000 2
740 252 3 8192 2.000000000 2
740 472 3 8192 2.000000000 2
740 472 3 8192 2.000000000 2
740 472 3 8192 2.000000000 2
740 472 3 8192 2.000000000 2
740 472 3 8192 2.000000000 2
740 472 3 8192 2.000000000 2
740 472 3 8192 2.000000000 2
740 472 3 8192 2.000000000 2
740 572 3 8192 2.000000000 2
740 572 3 8192 2.000000000 2
740 572 3 8192 2.000000000 2
740 572 3 8192 2.000000000 2
740 572 3 8192 2.000000000 2
740 572 3 8192 2.000000000 2
740 572 3 8192 2.000000000 2
740 572 3 8192 2.000000000 2
740 652 3 8192 2.000000000 2
740 652 3 8192 2.000000000 2
740 652 3 8192 2.000000000 2
740 652 3 8192 2.000000000 2
740 652 3 8192 2.000000000 2
740 652 3 8192 2.000000000 2
740 652 3 8192 2.000000000 2
740 652 3 8192 2.000000000 2
740 968 3 8192 2.000000000 2
740 968 3 8192 2.000000000 2
740 968 3 8192 2.000000000 2
740 968 3 8192 2.000000000 2
740 968 3 8192 2.000000000 2
740 968 3 8192 2.000000000 2
740 968 3 8192 2.000000000 2
740 968 3 8192 2.000000000 2
740 1076 3 8192 2.000000000 2
740 1076 3 8192 2.000000000 2
740 1076 3 8192 2.000000000 2
740 1076 3 8192 2.000000000 2
740 1076 3 8192 2.000000000 2
740 1076 3 8192 2.000000000 2
740 1076 3 8192 2.000000000 2
740 1076 3 8192 2.000000000 2
744 4 3 8192 2.000000000 2
744 4 3 8192 2.000000000 2
744 4 3 8192 2.000000000 2
744 4 3 8192 2.000000000 2
744 4 3 8192 2.000000000 2
744 4 3 8192 2.000000000 2
744 4 3 8192 2.000000000 2
744 4 3 8192 2.000000000 2
744 64 3 8192 2.000000000 2
744 64 3 8192 2.000000000 2
744 64 3 8192 2.000000000 2
744 64 3 8192 2.000000000 2
744 64 3 8192 2.000000000 2
744 64 3 8192 2.000000000 2
744 64 3 8192 2.000000000 2
744 64 3 8192 2.000000000 2
744 180 3 8192 2.000000000 2
744 180 3 8192 2.000000000 2
744 180 3 8192 2.000000000 2
744 180 3 8192 2.000000000 2
744 180 3 8192 2.000000000 2
744 180 3 8192 2.000000000 2
744 180 3 8192 2.000000000 2
744 180 3 8192 2.000000000 2
744 420 3 8192 2.000000000 2
744 420 3 8192 2.000000000 2
744 420 3 8192 2.000000000 2
744 420 3 8192 2.000000000 2
744 420 3 8192 2.000000000 2
744 420 3 8192 2.000000000 2
744 420 3 8192 2.000000000 2
744 420 3 8192 2.000000000 2
744 588 3 8192 2.000000000 2
744 588 3 8192 2.000000000 2
744 588 3 8192 2.000000000 2
744 588 3 8192 2.000000000 2
744 588 3 8192 2.000000000 2
744 588 3 8192 2.000000000 2
744 588 3 8192 2.000000000 2
744 588 3 8192 2.000000000 2
744 780 3 8192 2.000000000 2
744 780 3 8192 2.000000000 2
744 780 3 8192 2.000000000 2
744 780 3 8192 2.000000000 2
744 780 3 8192 2.000000000 2
744 780 3 8192 2.000000000 2
744 780 3 8192 2.000000000 2
744 780 3 8192 2.000000000 2
744 796 3 8192 2.000000000 2
744 796 3 8192 2.000000000 2
744 796 3 8192 2.000000000 2
744 796 3 8192 2.000000000 2
744 796 3 8192 2.000000000 2
744 796 3 8192 2.000000000 2
744 796 3 8192 2.000000000 2
744 796 3 8192 2.000000000 2
744 1236 3 8192 2.000000000 2
744 1236 3 8192 2.000000000 2
744 1236 3 8192 2.000000000 2
744 1236 3 8192 2.000000000 2
744 1236 3 8192 2.000000000 2
744 1236 3 8192 2.000000000 2
744 1236 3 8192 2.000000000 2
744 1236 3 8192 2.000000000 2
748 64 3 8192 2.000000000 2
748 64 3 8192 2.000000000 2
748 64 3 8192 2.000000000 2
748 64 3 8192 2.000000000 2
748 64 3 8192 2.000000000 2
748 64 3 8192 2.000000000 2
748 64 3 8192 2.000000000 2
748 64 3 8192 2.000000000 2
748 356 3 8192 2.000000000 2
748 356 3 8192 2.000000000 2
748 356 3 8192 2.000000000 2
748 356 3 8192 2.000000000 2
748 356 3 8192 2.000000000 2
748 356 3 8192 2.000000000 2
748 356 3 8192 2.000000000 2
748 356 3 8192 2.000000000 2
748 408 3 8192 2.000000000 2
748 408 3 8192 2.000000000 2
748 408 3 8192 2.000000000 2
748 408 3 8192 2.000000000 2
748 408 3 8192 2.000000000 2
748 408 3 8192 2.000000000 2
748 408 3 8192 2.000000000 2
748 408 3 8192 2.000000000 2
748 596 3 8192 2.000000000 2
748 596 3 8192 2.000000000 2
748 596 3 8192 2.000000000 2
748 596 3 8192 2.000000000 2
748 596 3 8192 2.000000000 2
748 596 3 8192 2.000000000 2
748 596 3 8192 2.000000000 2
748 596 3 8192 2.000000000 2
748 628 3 8192 2.000000000 2
748 628 3 8192 2.000000000 2
748 628 3 8192 2.000000000 2
748 628 3 8192 2.000000000 2
748 628 3 8192 2.000000000 2
748 628 3 8192 2.000000000 2
748 628 3 8192 2.000000000 2
748 628 3 8192 2.000000000 2
748 788 3 8192 2.000000000 2
748 788 3 8192 2.000000000 2
748 788 3 8192 2.000000000 2
748 788 3 8192 2.000000000 2
748 788 3 8192 2.000000000 2
748 788 3 8192 2.000000000 2
748 788 3 8192 2.000000000 2
748 788 3 8192 2.000000000 2
748 1016 3 8192 2.000000000 2
748 1016 3 8192 2.000000000 2
748 1016 3 8192 2.000000000 2
748 1016 3 8192 2.000000000 2
748 1016 3 8192 2.000000000 2
748 1016 3 8192 2.000000000 2
748 1016 3 8192 2.000000000 2
748 1016 3 8192 2.000000000 2
748 1252 3 8192 2.000000000 2
748 1252 3 8192 2.000000000 2
748 1252 3 8192 2.000000000 2
748 1252 3 8192 2.000000000 2
748 1252 3 8192 2.000000000 2
748 1252 3 8192 2.000000000 2
748 1252 3 8192 2.000000000 2
748 1252 3 8192 2.000000000 2
752 476 3 8192 2.000000000 2
752 476 3 8192 2.000000000 2
752 476 3 8192 2.000000000 2
752 476 3 8192 2.000000000 2
752 476 3 8192 2.000000000 2
752 476 3 8192 2.000000000 2
752 476 3 8192 2.000000000 2
752 476 3 8192 2.000000000 2
752 496 3 8192 2.000000000 2
752 496 3 8192 2.000000000 2
752 496 3 8192 2.000000000 2
752 496 3 8192 2.000000000 2
752 496 3 8192 2.000000000 2
752 496 3 8192 2.000000000 2
752 496 3 8192 2.000000000 2
752 496 3 8192 2.000000000 2
752 716 3 8192 2.000000000 2
752 716 3 8192 2.000000000 2
752 716 3 8192 2.000000000 2
752 716 3 8192 2.000000000 2
752 716 3 8192 2.000000000 2
752 716 3 8192 2.000000000 2
752 716 3 8192 2.000000000 2
752 716 3 8192 2.000000000 2
752 744 3 8192 2.000000000 2
752 744 3 8192 2.000000000 2
752 744 3 8192 2.000000000 2
752 744 3 8192 2.000000000 2
752 744 3 8192 2.000000000 2
752 744 3 8192 2.000000000 2
752 744 3 8192 2.000000000 2
752 744 3 8192 2.000000000 2
752 796 3 8192 2.000000000 2
752 796 3 8192 2.000000000 2
752 796 3 8192 2.000000000 2
752 796 3 8192 2.000000000 2
752 796 3 8192 2.000000000 2
752 796 3 8192 2.000000000 2
752 796 3 8192 2.000000000 2
752 796 3 8192 2.000000000 2
752 1172 3 8192 2.000000000 2
752 1172 3 8192 2.000000000 2
752 1172 3 8192 2.000000000 2
752 1172 3 8192 2.000000000 2
752 1172 3 8192 2.000000000 2
752 1172 3 8192 2.000000000 2
752 1172 3 8192 2.000000000 2
752 1172 3 8192 2.000000000 2
752 1180 3 8192 2.000000000 2
752 1180 3 8192 2.000000000 2
752 1180 3 8192 2.000000000 2
752 1180 3 8192 2.000000000 2
752 1180 3 8192 2.000000000 2
752 1180 3 8192 2.000000000 2
752 1180 3 8192 2.000000000 2
752 1180 3 8192 2.000000000 2
752 1188 3 8192 2.000000000 2
752 1188 3 8192 2.000000000 2
752 1188 3 8192 2.000000000 2
752 1188 3 8192 2.000000000 2
752 1188 3 8192 2.000000000 2
752 1188 3 8192 2.000000000 2
752 1188 3 8192 2.000000000 2
752 1188 3 8192 2.000000000 2
780 216 3 8192 2.000000000 2
780 216 3 8192 2.000000000 2
780 216 3 8192 2.000000000 2
780 216 3 8192 2.000000000 2
780 216 3 8192 2.000000000 2
780 216 3 8192 2.000000000 2
780 216 3 8192 2.000000000 2
780 216 3 8192 2.000000000 2
780 248 3 8192 2.000000000 2
780 248 3 8192 2.000000000 2
780 248 3 8192 2.000000000 2
780 248 3 8192 2.000000000 2
780 248 3 8192 2.000000000 2
780 248 3 8192 2.000000000 2
780 248 3 8192 2.000000000 2
780 248 3 8192 2.000000000 2
780 300 3 8192 2.000000000 2
780 300 3 8192 2.000000000 2
780 300 3 8192 2.000000000 2
780 300 3 8192 2.000000000 2
780 300 3 8192 2.000000000 2
780 300 3 8192 2.000000000 2
780 300 3 8192 2.000000000 2
780 300 3 8192 2.000000000 2
780 336 3 8192 2.000000000 2
780 336 3 8192 2.000000000 2
780 336 3 8192 2.000000000 2
780 336 3 8192 2.000000000 2
780 336 3 8192 2.000000000 2
780 336 3 8192 2.000000000 2
780 336 3 8192 2.000000000 2
780 336 3 8192 2.000000000 2
780 688 3 8192 2.000000000 2
780 688 3 8192 2.000000000 2
780 688 3 8192 2.000000000 2
780 688 3 8192 2.000000000 2
780 688 3 8192 2.000000000 2
780 688 3 8192 2.000000000 2
780 688 3 8192 2.000000000 2
780 688 3 8192 2.000000000 2
780 728 3 8192 2.000000000 2
780 728 3 8192 2.000000000 2
780 728 3 8192 2.000000000 2
780 728 3 8192 2.000000000 2
780 728 3 8192 2.000000000 2
780 728 3 8192 2.000000000 2
780 728 3 8192 2.000000000 2
780 728 3 8192 2.000000000 2
780 840 3 8192 2.000000000 2
780 840 3 8192 2.000000000 2
780 840 3 8192 2.000000000 2
780 840 3 8192 2.000000000 2
780 840 3 8192 2.000000000 2
780 840 3 8192 2.000000000 2
780 840 3 8192 2.000000000 2
780 840 3 8192 2.000000000 2
780 944 3 8192 2.000000000 2
780 944 3 8192 2.000000000 2
780 944 3 8192 2.000000000 2
780 944 3 8192 2.000000000 2
780 944 3 8192 2.000000000 2
780 944 3 8192 2.000000000 2
780 944 3 8192 2.000000000 2
780 944 3 8192 2.000000000 2
784 204 3 8192 2.000000000 2
784 204 3 8192 2.000000000 2
784 204 3 8192 2.000000000 2
784 204 3 8192 2.000000000 2
784 204 3 8192 2.000000000 2
784 204 3 8192 2.000000000 2
784 204 3 8192 2.000000000 2
784 204 3 8192 2.000000000 2
784 604 3 8192 2.000000000 2
784 604 3 8192 2.000000000 2
784 604 3 8192 2.000000000 2
784 604 3 8192 2.000000000 2
784 604 3 8192 2.000000000 2
784 604 3 8192 2.000000000 2
784 604 3 8192 2.000000000 2
784 604 3 8192 2.000000000 2
784 672 3 8192 2.000000000 2
784 672 3 8192 2.000000000 2
784 672 3 8192 2.000000000 2
784 672 3 8192 2.000000000 2
784 672 3 8192 2.000000000 2
784 672 3 8192 2.000000000 2
784 672 3 8192 2.000000000 2
784 672 3 8192 2.000000000 2
784 748 3 8192 2.000000000 2
784 748 3 8192 2.000000000 2
784 748 3 8192 2.000000000 2
784 748 3 8192 2.000000000 2
784 748 3 8192 2.000000000 2
784 748 3 8192 2.000000000 2
784 748 3 8192 2.000000000 2
784 748 3 8192 2.000000000 2
784 860 3 8192 2.000000000 2
784 860 3 8192 2.000000000 2
784 860 3 8192 2.000000000 2
784 860 3 8192 2.000000000 2
784 860 3 8192 2.000000000 2
784 860 3 8192 2.000000000 2
784 860 3 8192 2.000000000 2
784 860 3 8192 2.000000000 2
784 904 3 8192 2.000000000 2
784 904 3 8192 2.000000000 2
784 904 3 8192 2.000000000 2
784 904 3 8192 2.000000000 2
784 904 3 8192 2.000000000 2
784 904 3 8192 2.000000000 2
784 904 3 8192 2.000000000 2
784 904 3 8192 2.000000000 2
784 1156 3 8192 2.000000000 2
784 1156 3 8192 2.000000000 2
784 1156 3 8192 2.000000000 2
784 1156 3 8192 2.000000000 2
784 1156 3 8192 2.000000000 2
784 1156 3 8192 2.000000000 2
784 1156 3 8192 2.000000000 2
784 1156 3 8192 2.000000000 2
784 1188 3 8192 2.000000000 2
784 1188 3 8192 2.000000000 2
784 1188 3 8192 2.000000000 2
784 1188 3 8192 2.000000000 2
784 1188 3 8192 2.000000000 2
784 1188 3 8192 2.000000000 2
784 1188 3 8192 2.000000000 2
784 1188 3 8192 2.000000000 2
788 80 3 8192 2.000000000 2
788 80 3 8192 2.000000000 2
788 80 3 8192 2.000000000 2
788 80 3 8192 2.000000000 2
788 80 3 8192 2.000000000 2
788 80 3 8192 2.000000000 2
788 80 3 8192 2.000000000 2
788 80 3 8192 2.000000000 2
788 300 3 8192 2.000000000 2
788 300 3 8192 2.000000000 2
788 300 3 8192 2.000000000 2
788 300 3 8192 2.000000000 2
788 300 3 8192 2.000000000 2
788 300 3 8192 2.000000000 2
788 300 3 8192 2.000000000 2
788 300 3 8192 2.000000000 2
788 360 3 8192 2.000000000 2
788 360 3 8192 2.000000000 2
788 360 3 8192 2.000000000 2
788 360 3 8192 2.000000000 2
788 360 3 8192 2.000000000 2
788 360 3 8192 2.000000000 2
788 360 3 8192 2.000000000 2
788 360 3 8192 2.000000000 2
788 608 3 8192 2.000000000 2
788 608 3 8192 2.000000000 2
788 608 3 8192 2.000000000 2
788 608 3 8192 2.000000000 2
788 608 3 8192 2.000000000 2
788 608 3 8192 2.000000000 2
788 608 3 8192 2.000000000 2
788 608 3 8192 2.000000000 2
788 864 3 8192 2.000000000 2
788 864 3 8192 2.000000000 2
788 864 3 8192 2.000000000 2
788 864 3 8192 2.000000000 2
788 864 3 8192 2.000000000 2
788 864 3 8192 2.000000000 2
788 864 3 8192 2.000000000 2
788 864 3 8192 2.000000000 2
788 1120 3 8192 2.000000000 2
788 1120 3 8192 2.000000000 2
788 1120 3 8192 2.000000000 2
788 1120 3 8192 2.000000000 2
788 1120 3 8192 2.000000000 2
788 1120 3 8192 2.000000000 2
788 1120 3 8192 2.000000000 2
788 1120 3 8192 2.000000000 2
788 1132 3 8192 2.000000000 2
788 1132 3 8192 2.000000000 2
788 1132 3 8192 2.000000000 2
788 1132 3 8192 2.000000000 2
788 1132 3 8192 2.000000000 2
788 1132 3 8192 2.000000000 2
788 1132 3 8192 2.000000000 2
788 1132 3 8192 2.000000000 2
788 1268 3 8192 2.000000000 2
788 1268 3 8192 2.000000000 2
788 1268 3 8192 2.000000000 2
788 1268 3 8192 2.000000000 2
788 1268 3 8192 2.000000000 2
788 1268 3 8192 2.000000000 2
788 1268 3 8192 2.000000000 2
788 1268 3 8192 2.000000000 2
792 156 3 8192 2.000000000 2
792 156 3 8192 2.000000000 2
792 156 3 8192 2.000000000 2
792 156 3 8192 2.000000000 2
792 156 3 8192 2.000000000 2
792 156 3 8192 2.000000000 2
792 156 3 8192 2.000000000 2
792 156 3 8192 2.000000000 2
792 188 3 8192 2.000000000 2
792 188 3 8192 2.000000000 2
792 188 3 8192 2.000000000 2
792 188 3 8192 2.000000000 2
792 188 3 8192 2.000000000 2
792 188 3 8192 2.000000000 2
792 188 3 8192 2.000000000 2
792 188 3 8192 2.000000000 2
792 248 3 8192 2.000000000 2
792 248 3 8192 2.000000000 2
792 248 3 8192 2.000000000 2
792 248 3 8192 2.000000000 2
792 248 3 8192 2.000000000 2
792 248 3 8192 2.000000000 2
792 248 3 8192 2.000000000 2
792 248 3 8192 2.000000000 2
792 524 3 8192 2.000000000 2
792 524 3 8192 2.000000000 2
792 524 3 8192 2.000000000 2
792 524 3 8192 2.000000000 2
792 524 3 8192 2.000000000 2
792 524 3 8192 2.000000000 2
792 524 3 8192 2.000000000 2
792 524 3 8192 2.000000000 2
792 700 3 8192 2.000000000 2
792 700 3 8192 2.000000000 2
792 700 3 8192 2.000000000 2
792 700 3 8192 2.000000000 2
792 700 3 8192 2.000000000 2
792 700 3 8192 2.000000000 2
792 700 3 8192 2.000000000 2
792 700 3 8192 2.000000000 2
792 832 3 8192 2.000000000 2
792 832 3 8192 2.000000000 2
792 832 3 8192 2.000000000 2
792 832 3 8192 2.000000000 2
792 832 3 8192 2.000000000 2
792 832 3 8192 2.000000000 2
792 832 3 8192 2.000000000 2
792 832 3 8192 2.000000000 2
792 860 3 8192 2.000000000 2
792 860 3 8192 2.000000000 2
792 860 3 8192 2.000000000 2
792 860 3 8192 2.000000000 2
792 860 3 8192 2.000000000 2
792 860 3 8192 2.000000000 2
792 860 3 8192 2.000000000 2
792 860 3 8192 2.000000000 2
792 912 3 8192 2.000000000 2
792 912 3 8192 2.000000000 2
792 912 3 8192 2.000000000 2
792 912 3 8192 2.000000000 2
792 912 3 8192 2.000000000 2
792 912 3 8192 2.000000000 2
792 912 3 8192 2.000000000 2
792 912 3 8192 2.000000000 2
796 32 3 8192 2.000000000 2
796 32 3 8192 2.000000000 2
796 32 3 8192 2.000000000 2
796 32 3 8192 2.000000000 2
796 32 3 8192 2.000000000 2
796 32 3 8192 2.000000000 2
796 32 3 8192 2.000000000 2
796 32 3 8192 2.000000000 2
796 72 3 8192 2.000000000 2
796 72 3 8192 2.000000000 2
796 72 3 8192 2.000000000 2
796 72 3 8192 2.000000000 2
796 72 3 8192 2.000000000 2
796 72 3 8192 2.000000000 2
796 72 3 8192 2.000000000 2
796 72 3 8192 2.000000000 2
796 128 3 8192 2.000000000 2
796 128 3 8192 2.000000000 2
796 128 3 8192 2.000000000 2
796 128 3 8192 2.000000000 2
796 128 3 8192 2.000000000 2
796 128 3 8192 2.000000000 2
796 128 3 8192 2.000000000 2
796 128 3 8192 2.000000000 2
796 184 3 8192 2.000000000 2
796 184 3 8192 2.000000000 2
796 184 3 8192 2.000000000 2
796 184 3 8192 2.000000000 2
796 184 3 8192 2.000000000 2
796 184 3 8192 2.000000000 2
796 184 3 8192 2.000000000 2
796 184 3 8192 2.000000000 2
796 376 3 8192 2.000000000 2
796 376 3 8192 2.000000000 2
796 376 3 8192 2.000000000 2
796 376 3 8192 2.000000000 2
796 376 3 8192 2.000000000 2
796 376 3 8192 2.000000000 2
796 376 3 8192 2.000000000 2
796 376 3 8192 2.000000000 2
796 400 3 8192 2.000000000 2
796 400 3 8192 2.000000000 2
796 400 3 8192 2.000000000 2
796 400 3 8192 2.000000000 2
796 400 3 8192 2.000000000 2
796 400 3 8192 2.000000000 2
796 400 3 8192 2.000000000 2
796 400 3 8192 2.000000000 2
796 468 3 8192 2.000000000 2
796 468 3 8192 2.000000000 2
796 468 3 8192 2.000000000 2
796 468 3 8192 2.000000000 2
796 468 3 8192 2.000000000 2
796 468 3 8192 2.000000000 2
796 468 3 8192 2.000000000 2
796 468 3 8192 2.000000000 2
796 608 3 8192 2.000000000 2
796 608 3 8192 2.000000000 2
796 608 3 8192 2.000000000 2
796 608 3 8192 2.000000000 2
796 608 3 8192 2.000000000 2
796 608 3 8192 2.000000000 2
796 608 3 8192 2.000000000 2
796 608 3 8192 2.000000000 2
800 128 3 8192 2.000000000 2
800 128 3 8192 2.000000000 2
800 128 3 8192 2.000000000 2
800 128 3 8192 2.000000000 2
800 128 3 8192 2.000000000 2
800 128 3 8192 2.000000000 2
800 128 3 8192 2.000000000 2
800 128 3 8192 2.000000000 2
800 444 3 8192 2.000000000 2
800 444 3 8192 2.000000000 2
800 444 3 8192 2.000000000 2
800 444 3 8192 2.000000000 2
800 444 3 8192 2.000000000 2
800 444 3 8192 2.000000000 2
800 444 3 8192 2.000000000 2
800 444 3 8192 2.000000000 2
800 540 3 8192 2.000000000 2
800 540 3 8192 2.000000000 2
800 540 3 8192 2.000000000 2
800 540 3 8192 2.000000000 2
800 540 3 8192 2.000000000 2
800 540 3 8192 2.000000000 2
800 540 3 8192 2.000000000 2
800 540 3 8192 2.000000000 2
800 928 3 8192 2.000000000 2
800 928 3 8192 2.000000000 2
800 928 3 8192 2.000000000 2
800 928 3 8192 2.000000000 2
800 928 3 8192 2.000000000 2
800 928 3 8192 2.000000000 2
800 928 3 8192 2.000000000 2
800 928 3 8192 2.000000000 2
800 1000 3 8192 2.000000000 2
800 1000 3 8192 2.000000000 2
800 1000 3 8192 2.000000000 2
800 1000 3 8192 2.000000000 2
800 1000 3 8192 2.000000000 2
800 1000 3 8192 2.000000000 2
800 1000 3 8192 2.000000000 2
800 1000 3 8192 2.000000000 2
800 1068 3 8192 2.000000000 2
800 1068 3 8192 2.000000000 2
800 1068 3 8192 2.000000000 2
800 1068 3 8192 2.000000000 2
800 1068 3 8192 2.000000000 2
800 1068 3 8192 2.000000000 2
800 1068 3 8192 2.000000000 2
800 1068 3 8192 2.000000000 2
800 1160 3 8192 2.000000000 2
800 1160 3 8192 2.000000000 2
800 1160 3 8192 2.000000000 2
800 1160 3 8192 2.000000000 2
800 1160 3 8192 2.000000000 2
800 1160 3 8192 2.000000000 2
800 1160 3 8192 2.000000000 2
800 1160 3 8192 2.000000000 2
800 1268 3 8192 2.000000000 2
800 1268 3 8192 2.000000000 2
800 1268 3 8192 2.000000000 2
800 1268 3 8192 2.000000000 2
800 1268 3 8192 2.000000000 2
800 1268 3 8192 2.000000000 2
800 1268 3 8192 2.000000000 2
800 1268 3 8192 2.000000000 2
804 212 3 8192 2.000000000 2
804 212 3 8192 2.000000000 2
804 212 3 8192 2.000000000 2
804 212 3 8192 2.000000000 2
804 212 3 8192 2.000000000 2
804 212 3 8192 2.000000000 2
804 212 3 8192 2.000000000 2
804 212 3 8192 2.000000000 2
804 276 3 8192 2.000000000 2
804 276 3 8192 2.000000000 2
804 276 3 8192 2.000000000 2
804 276 3 8192 2.000000000 2
804 276 3 8192 2.000000000 2
804 276 3 8192 2.000000000 2
804 276 3 8192 2.000000000 2
804 276 3 8192 2.000000000 2
804 280 3 8192 2.000000000 2
804 280 3 8192 2.000000000 2
804 280 3 8192 2.000000000 2
804 280 3 8192 2.000000000 2
804 280 3 8192 2.000000000 2
804 280 3 8192 2.000000000 2
804 280 3 8192 2.000000000 2
804 280 3 8192 2.000000000 2
804 336 3 8192 2.000000000 2
804 336 3 8192 2.000000000 2
804 336 3 8192 2.000000000 2
804 336 3 8192 2.000000000 2
804 336 3 8192 2.000000000 2
804 336 3 8192 2.000000000 2
804 336 3 8192 2.000000000 2
804 336 3 8192 2.000000000 2
804 356 3 8192 2.000000000 2
804 356 3 8192 2.000000000 2
804 356 3 8192 2.000000000 2
804 356 3 8192 2.000000000 2
804 356 3 8192 2.000000000 2
804 356 3 8192 2.000000000 2
804 356 3 8192 2.000000000 2
804 356 3 8192 2.000000000 2
804 664 3 8192 2.000000000 2
804 664 3 8192 2.000000000 2
804 664 3 8192 2.000000000 2
804 664 3 8192 2.000000000 2
804 664 3 8192 2.000000000 2
804 664 3 8192 2.000000000 2
804 664 3 8192 2.000000000 2
804 664 3 8192 2.000000000 2
804 940 3 8192 2.000000000 2
804 940 3 8192 2.000000000 2
804 940 3 8192 2.000000000 2
804 940 3 8192 2.000000000 2
804 940 3 8192 2.000000000 2
804 940 3 8192 2.000000000 2
804 940 3 8192 2.000000000 2
804 940 3 8192 2.000000000 2
804 996 3 8192 2.000000000 2
804 996 3 8192 2.000000000 2
804 996 3 8192 2.000000000 2
804 996 3 8192 2.000000000 2
804 996 3 8192 2.000000000 2
804 996 3 8192 2.000000000 2
804 996 3 8192 2.000000000 2
804 996 3 8192 2.000000000 2
808 124 3 8192 2.000000000 2
808 124 3 8192 2.000000000 2
808 124 3 8192 2.000000000 2
808 124 3 8192 2.000000000 2
808 124 3 8192 2.000000000 2
808 124 3 8192 2.000000000 2
808 124 3 8192 2.000000000 2
808 124 3 8192 2.000000000 2
808 188 3 8192 2.000000000 2
808 188 3 8192 2.000000000 2
808 188 3 8192 2.000000000 2
808 188 3 8192 2.000000000 2
808 188 3 8192 2.000000000 2
808 188 3 8192 2.000000000 2
808 188 3 8192 2.000000000 2
808 188 3 8192 2.000000000 2
808 528 3 8192 2.000000000 2
808 528 3 8192 2.000000000 2
808 528 3 8192 2.000000000 2
808 528 3 8192 2.000000000 2
808 528 3 8192 2.000000000 2
808 528 3 8192 2.000000000 2
808 528 3 8192 2.000000000 2
808 528 3 8192 2.000000000 2
808 624 3 8192 2.000000000 2
808 624 3 8192 2.000000000 2
808 624 3 8192 2.000000000 2
808 624 3 8192 2.000000000 2
808 624 3 8192 2.000000000 2
808 624 3 8192 2.000000000 2
808 624 3 8192 2.000000000 2
808 624 3 8192 2.000000000 2
808 740 3 8192 2.000000000 2
808 740 3 8192 2.000000000 2
808 740 3 8192 2.000000000 2
808 740 3 8192 2.000000000 2
808 740 3 8192 2.000000000 2
808 740 3 8192 2.000000000 2
808 740 3 8192 2.000000000 2
808 740 3 8192 2.000000000 2
808 784 3 8192 2.000000000 2
808 784 3 8192 2.000000000 2
808 784 3 8192 2.000000000 2
808 784 3 8192 2.000000000 2
808 784 3 8192 2.000000000 2
808 784 3 8192 2.000000000 2
808 784 3 8192 2.000000000 2
808 784 3 8192 2.000000000 2
808 840 3 8192 2.000000000 2
808 840 3 8192 2.000000000 2
808 840 3 8192 2.000000000 2
808 840 3 8192 2.000000000 2
808 840 3 8192 2.000000000 2
808 840 3 8192 2.000000000 2
808 840 3 8192 2.000000000 2
808 840 3 8192 2.000000000 2
808 1072 3 8192 2.000000000 2
808 1072 3 8192 2.000000000 2
808 1072 3 8192 2.000000000 2
808 1072 3 8192 2.000000000 2
808 1072 3 8192 2.000000000 2
808 1072 3 8192 2.000000000 2
808 1072 3 8192 2.000000000 2
808 1072 3 8192 2.000000000 2
812 56 3 8192 2.000000000 2
812 56 3 8192 2.000000000 2
812 56 3 8192 2.000000000 2
812 56 3 8192 2.000000000 2
812 56 3 8192 2.000000000 2
812 56 3 8192 2.000000000 2
812 56 3 8192 2.000000000 2
812 56 3 8192 2.000000000 2
812 116 3 8192 2.000000000 2
812 116 3 8192 2.000000000 2
812 116 3 8192 2.000000000 2
812 116 3 8192 2.000000000 2
812 116 3 8192 2.000000000 2
812 116 3 8192 2.000000000 2
812 116 3 8192 2.000000000 2
812 116 3 8192 2.000000000 2
812 320 3 8192 2.000000000 2
812 320 3 8192 2.000000000 2
812 320 3 8192 2.000000000 2
812 320 3 8192 2.000000000 2
812 320 3 8192 2.000000000 2
812 320 3 8192 2.000000000 2
812 320 3 8192 2.000000000 2
812 320 3 8192 2.000000000 2
812 372 3 8192 2.000000000 2
812 372 3 8192 2.000000000 2
812 372 3 8192 2.000000000 2
812 372 3 8192 2.000000000 2
812 372 3 8192 2.000000000 2
812 372 3 8192 2.000000000 2
812 372 3 8192 2.000000000 2
812 372 3 8192 2.000000000 2
812 456 3 8192 2.000000000 2
812 456 3 8192 2.000000000 2
812 456 3 8192 2.000000000 2
812 456 3 8192 2.000000000 2
812 456 3 8192 2.000000000 2
812 456 3 8192 2.000000000 2
812 456 3 8192 2.000000000 2
812 456 3 8192 2.000000000 2
812 692 3 8192 2.000000000 2
812 692 3 8192 2.000000000 2
812 692 3 8192 2.000000000 2
812 692 3 8192 2.000000000 2
812 692 3 8192 2.000000000 2
812 692 3 8192 2.000000000 2
812 692 3 8192 2.000000000 2
812 692 3 8192 2.000000000 2
812 748 3 8192 2.000000000 2
812 748 3 8192 2.000000000 2
812 748 3 8192 2.000000000 2
812 748 3 8192 2.000000000 2
812 748 3 8192 2.000000000 2
812 748 3 8192 2.000000000 2
812 748 3 8192 2.000000000 2
812 748 3 8192 2.000000000 2
812 800 3 8192 2.000000000 2
812 800 3 8192 2.000000000 2
812 800 3 8192 2.000000000 2
812 800 3 8192 2.000000000 2
812 800 3 8192 2.000000000 2
812 800 3 8192 2.000000000 2
812 800 3 8192 2.000000000 2
812 800 3 8192 2.000000000 2
816 216 3 8192 2.000000000 2
816 216 3 8192 2.000000000 2
816 216 3 8192 2.000000000 2
816 216 3 8192 2.000000000 2
816 216 3 8192 2.000000000 2
816 216 3 8192 2.000000000 2
816 216 3 8192 2.000000000 2
816 216 3 8192 2.000000000 2
816 348 3 8192 2.000000000 2
816 348 3 8192 2.000000000 2
816 348 3 8192 2.000000000 2
816 348 3 8192 2.000000000 2
816 348 3 8192 2.000000000 2
816 348 3 8192 2.000000000 2
816 348 3 8192 2.000000000 2
816 348 3 8192 2.000000000 2
816 604 3 8192 2.000000000 2
816 604 3 8192 2.000000000 2
816 604 3 8192 2.000000000 2
816 604 3 8192 2.000000000 2
816 604 3 8192 2.000000000 2
816 604 3 8192 2.000000000 2
816 604 3 8192 2.000000000 2
816 604 3 8192 2.000000000 2
816 636 3 8192 2.000000000 2
816 636 3 8192 2.000000000 2
816 636 3 8192 2.000000000 2
816 636 3 8192 2.000000000 2
816 636 3 8192 2.000000000 2
816 636 3 8192 2.000000000 2
816 636 3 8192 2.000000000 2
816 636 3 8192 2.000000000 2
816 752 3 8192 2.000000000 2
816 752 3 8192 2.000000000 2
816 752 3 8192 2.000000000 2
816 752 3 8192 2.000000000 2
816 752 3 8192 2.000000000 2
816 752 3 8192 2.000000000 2
816 752 3 8192 2.000000000 2
816 752 3 8192 2.000000000 2
816 940 3 8192 2.000000000 2
816 940 3 8192 2.000000000 2
816 940 3 8192 2.000000000 2
816 940 3 8192 2.000000000 2
816 940 3 8192 2.000000000 2
816 940 3 8192 2.000000000 2
816 940 3 8192 2.000000000 2
816 940 3 8192 2.000000000 2
816 1136 3 8192 2.000000000 2
816 1136 3 8192 2.000000000 2
816 1136 3 8192 2.000000000 2
816 1136 3 8192 2.000000000 2
816 1136 3 8192 2.000000000 2
816 1136 3 8192 2.000000000 2
816 1136 3 8192 2.000000000 2
816 1136 3 8192 2.000000000 2
816 1204 3 8192 2.000000000 2
816 1204 3 8192 2.000000000 2
816 1204 3 8192 2.000000000 2
816 1204 3 8192 2.000000000 2
816 1204 3 8192 2.000000000 2
816 1204 3 8192 2.000000000 2
816 1204 3 8192 2.000000000 2
816 1204 3 8192 2.000000000 2
820 92 3 8192 2.000000000 2
820 92 3 8192 2.000000000 2
820 92 3 8192 2.000000000 2
820 92 3 8192 2.000000000 2
820 92 3 8192 2.000000000 2
820 92 3 8192 2.000000000 2
820 92 3 8192 2.000000000 2
820 92 3 8192 2.000000000 2
820 424 3 8192 2.000000000 2
820 424 3 8192 2.000000000 2
820 424 3 8192 2.000000000 2
820 424 3 8192 2.000000000 2
820 424 3 8192 2.000000000 2
820 424 3 8192 2.000000000 2
820 424 3 8192 2.000000000 2
820 424 3 8192 2.000000000 2
820 448 3 8192 2.000000000 2
820 448 3 8192 2.000000000 2
820 448 3 8192 2.000000000 2
820 448 3 8192 2.000000000 2
820 448 3 8192 2.000000000 2
820 448 3 8192 2.000000000 2
820 448 3 8192 2.000000000 2
820 448 3 8192 2.000000000 2
820 640 3 8192 2.000000000 2
820 640 3 8192 2.000000000 2
820 640 3 8192 2.000000000 2
820 640 3 8192 2.000000000 2
820 640 3 8192 2.000000000 2
820 640 3 8192 2.000000000 2
820 640 3 8192 2.000000000 2
820 640 3 8192 2.000000000 2
820 784 3 8192 2.000000000 2
820 784 3 8192 2.000000000 2
820 784 3 8192 2.000000000 2
820 784 3 8192 2.000000000 2
820 784 3 8192 2.000000000 2
820 784 3 8192 2.000000000 2
820 784 3 8192 2.000000000 2
820 784 3 8192 2.000000000 2
820 800 3 8192 2.000000000 2
820 800 3 8192 2.000000000 2
820 800 3 8192 2.000000000 2
820 800 3 8192 2.000000000 2
820 800 3 8192 2.000000000 2
820 800 3 8192 2.000000000 2
820 800 3 8192 2.000000000 2
820 800 3 8192 2.000000000 2
820 1140 3 8192 2.000000000 2
820 1140 3 8192 2.000000000 2
820 1140 3 8192 2.000000000 2
820 1140 3 8192 2.000000000 2
820 1140 3 8192 2.000000000 2
820 1140 3 8192 2.000000000 2
820 1140 3 8192 2.000000000 2
820 1140 3 8192 2.000000000 2
820 1248 3 8192 2.000000000 2
820 1248 3 8192 2.000000000 2
820 1248 3 8192 2.000000000 2
820 1248 3 8192 2.000000000 2
820 1248 3 8192 2.000000000 2
820 1248 3 8192 2.000000000 2
820 1248 3 8192 2.000000000 2
820 1248 3 8192 2.000000000 2
824 56 3 8192 2.000000000 2
824 56 3 8192 2.000000000 2
824 56 3 8192 2.000000000 2
824 56 3 8192 2.000000000 2
824 56 3 8192 2.000000000 2
824 56 3 8192 2.000000000 2
824 56 3 8192 2.000000000 2
824 56 3 8192 2.000000000 2
824 132 3 8192 2.000000000 2
824 132 3 8192 2.000000000 2
824 132 3 8192 2.000000000 2
824 132 3 8192 2.000000000 2
824 132 3 8192 2.000000000 2
824 132 3 8192 2.000000000 2
824 132 3 8192 2.000000000 2
824 132 3 8192 2.000000000 2
824 280 3 8192 2.000000000 2
824 280 3 8192 2.000000000 2
824 280 3 8192 2.000000000 2
824 280 3 8192 2.000000000 2
824 280 3 8192 2.000000000 2
824 280 3 8192 2.000000000 2
824 280 3 8192 2.000000000 2
824 280 3 8192 2.000000000 2
824 312 3 8192 2.000000000 2
824 312 3 8192 2.000000000 2
824 312 3 8192 2.000000000 2
824 312 3 8192 2.000000000 2
824 312 3 8192 2.000000000 2
824 312 3 8192 2.000000000 2
824 312 3 8192 2.000000000 2
824 312 3 8192 2.000000000 2
824 356 3 8192 2.000000000 2
824 356 3 8192 2.000000000 2
824 356 3 8192 2.000000000 2
824 356 3 8192 2.000000000 2
824 356 3 8192 2.000000000 2
824 356 3 8192 2.000000000 2
824 356 3 8192 2.000000000 2
824 356 3 8192 2.000000000 2
824 484 3 8192 2.000000000 2
824 484 3 8192 2.000000000 2
824 484 3 8192 2.000000000 2
824 484 3 8192 2.000000000 2
824 484 3 8192 2.000000000 2
824 484 3 8192 2.000000000 2
824 484 3 8192 2.000000000 2
824 484 3 8192 2.000000000 2
824 820 3 8192 2.000000000 2
824 820 3 8192 2.000000000 2
824 820 3 8192 2.000000000 2
824 820 3 8192 2.000000000 2
824 820 3 8192 2.000000000 2
824 820 3 8192 2.000000000 2
824 820 3 8192 2.000000000 2
824 820 3 8192 2.000000000 2
824 1140 3 8192 2.000000000 2
824 1140 3 8192 2.000000000 2
824 1140 3 8192 2.000000000 2
824 1140 3 8192 2.000000000 2
824 1140 3 8192 2.000000000 2
824 1140 3 8192 2.000000000 2
824 1140 3 8192 2.000000000 2
824 1140 3 8192 2.000000000 2
828 336 3 8192 2.000000000 2
828 336 3 8192 2.000000000 2
828 336 3 8192 2.000000000 2
828 336 3 8192 2.000000000 2
828 336 3 8192 2.000000000 2
828 336 3 8192 2.000000000 2
828 336 3 8192 2.000000000 2
828 336 3 8192 2.000000000 2
828 672 3 8192 2.000000000 2
828 672 3 8192 2.000000000 2
828 672 3 8192 2.000000000 2
828 672 3 8192 2.000000000 2
828 672 3 8192 2.000000000 2
828 672 3 8192 2.000000000 2
828 672 3 8192 2.000000000 2
828 672 3 8192 2.000000000 2
828 956 3 8192 2.000000000 2
828 956 3 8192 2.000000000 2
828 956 3 8192 2.000000000 2
828 956 3 8192 2.000000000 2
828 956 3 8192 2.000000000 2
828 956 3 8192 2.000000000 2
828 956 3 8192 2.000000000 2
828 956 3 8192 2.000000000 2
828 976 3 8192 2.000000000 2
828 976 3 8192 2.000000000 2
828 976 3 8192 2.000000000 2
828 976 3 8192 2.000000000 2
828 976 3 8192 2.000000000 2
828 976 3 8192 2.000000000 2
828 976 3 8192 2.000000000 2
828 976 3 8192 2.000000000 2
828 1072 3 8192 2.000000000 2
828 1072 3 8192 2.000000000 2
828 1072 3 8192 2.000000000 2
828 1072 3 8192 2.000000000 2
828 1072 3 8192 2.000000000 2
828 1072 3 8192 2.000000000 2
828 1072 3 8192 2.000000000 2
828 1072 3 8192 2.000000000 2
828 1168 3 8192 2.000000000 2
828 1168 3 8192 2.000000000 2
828 1168 3 8192 2.000000000 2
828 1168 3 8192 2.000000000 2
828 1168 3 8192 2.000000000 2
828 1168 3 8192 2.000000000 2
828 1168 3 8192 2.000000000 2
828 1168 3 8192 2.000000000 2
828 1188 3 8192 2.000000000 2
828 1188 3 8192 2.000000000 2
828 1188 3 8192 2.000000000 2
828 1188 3 8192 2.000000000 2
828 1188 3 8192 2.000000000 2
828 1188 3 8192 2.000000000 2
828 1188 3 8192 2.000000000 2
828 1188 3 8192 2.000000000 2
828 1204 3 8192 2.000000000 2
828 1204 3 8192 2.000000000 2
828 1204 3 8192 2.000000000 2
828 1204 3 8192 2.000000000 2
828 1204 3 8192 2.000000000 2
828 1204 3 8192 2.000000000 2
828 1204 3 8192 2.000000000 2
828 1204 3 8192 2.000000000 2
832 252 3 8192 2.000000000 2
832 252 3 8192 2.000000000 2
832 252 3 8192 2.000000000 2
832 252 3 8192 2.000000000 2
832 252 3 8192 2.000000000 2
832 252 3 8192 2.000000000 2
832 252 3 8192 2.000000000 2
832 252 3 8192 2.000000000 2
832 468 3 8192 2.000000000 2
832 468 3 8192 2.000000000 2
832 468 3 8192 2.000000000 2
832 468 3 8192 2.000000000 2
832 468 3 8192 2.000000000 2
832 468 3 8192 2.000000000 2
832 468 3 8192 2.000000000 2
832 468 3 8192 2.000000000 2
832 532 3 8192 2.000000000 2
832 532 3 8192 2.000000000 2
832 532 3 8192 2.000000000 2
832 532 3 8192 2.000000000 2
832 532 3 8192 2.000000000 2
832 532 3 8192 2.000000000 2
832 532 3 8192 2.000000000 2
832 532 3 8192 2.000000000 2
832 648 3 8192 2.000000000 2
832 648 3 8192 2.000000000 2
832 648 3 8192 2.000000000 2
832 648 3 8192 2.000000000 2
832 648 3 8192 2.000000000 2
832 648 3 8192 2.000000000 2
832 648 3 8192 2.000000000 2
832 648 3 8192 2.000000000 2
832 880 3 8192 2.000000000 2
832 880 3 8192 2.000000000 2
832 880 3 8192 2.000000000 2
832 880 3 8192 2.000000000 2
832 880 3 8192 2.000000000 2
832 880 3 8192 2.000000000 2
832 880 3 8192 2.000000000 2
832 880 3 8192 2.000000000 2
832 1052 3 8192 2.000000000 2
832 1052 3 8192 2.000000000 2
832 1052 3 8192 2.000000000 2
832 1052 3 8192 2.000000000 2
832 1052 3 8192 2.000000000 2
832 1052 3 8192 2.000000000 2
832 1052 3 8192 2.000000000 2
832 1052 3 8192 2.000000000 2
832 1236 3 8192 2.000000000 2
832 1236 3 8192 2.000000000 2
832 1236 3 8192 2.000000000 2
832 1236 3 8192 2.000000000 2
832 1236 3 8192 2.000000000 2
832 1236 3 8192 2.000000000 2
832 1236 3 8192 2.000000000 2
832 1236 3 8192 2.000000000 2
832 1264 3 8192 2.000000000 2
832 1264 3 8192 2.000000000 2
832 1264 3 8192 2.000000000 2
832 1264 3 8192 2.000000000 2
832 1264 3 8192 2.000000000 2
832 1264 3 8192 2.000000000 2
832 1264 3 8192 2.000000000 2
832 1264 3 8192 2.000000000 2
836 384 3 8192 2.000000000 2
836 384 3 8192 2.000000000 2
836 384 3 8192 2.000000000 2
836 384 3 8192 2.000000000 2
836 384 3 8192 2.000000000 2
836 384 3 8192 2.000000000 2
836 384 3 8192 2.000000000 2
836 384 3 8192 2.000000000 2
836 716 3 8192 2.000000000 2
836 716 3 8192 2.000000000 2
836 716 3 8192 2.000000000 2
836 716 3 8192 2.000000000 2
836 716 3 8192 2.000000000 2
836 716 3 8192 2.000000000 2
836 716 3 8192 2.000000000 2
836 716 3 8192 2.000000000 2
836 724 3 8192 2.000000000 2
836 724 3 8192 2.000000000 2
836 724 3 8192 2.000000000 2
836 724 3 8192 2.000000000 2
836 724 3 8192 2.000000000 2
836 724 3 8192 2.000000000 2
836 724 3 8192 2.000000000 2
836 724 3 8192 2.000000000 2
836 732 3 8192 2.000000000 2
836 732 3 8192 2.000000000 2
836 732 3 8192 2.000000000 2
836 732 3 8192 2.000000000 2
836 732 3 8192 2.000000000 2
836 732 3 8192 2.000000000 2
836 732 3 8192 2.000000000 2
836 732 3 8192 2.000000000 2
836 788 3 8192 2.000000000 2
836 788 3 8192 2.000000000 2
836 788 3 8192 2.000000000 2
836 788 3 8192 2.000000000 2
836 788 3 8192 2.000000000 2
836 788 3 8192 2.000000000 2
836 788 3 8192 2.000000000 2
836 788 3 8192 2.000000000 2
836 816 3 8192 2.000000000 2
836 816 3 8192 2.000000000 2
836 816 3 8192 2.000000000 2
836 816 3 8192 2.000000000 2
836 816 3 8192 2.000000000 2
836 816 3 8192 2.000000000 2
836 816 3 8192 2.000000000 2
836 816 3 8192 2.000000000 2
836 920 3 8192 2.000000000 2
836 920 3 8192 2.000000000 2
836 920 3 8192 2.000000000 2
836 920 3 8192 2.000000000 2
836 920 3 8192 2.000000000 2
836 920 3 8192 2.000000000 2
836 920 3 8192 2.000000000 2
836 920 3 8192 2.000000000 2
836 1144 3 8192 2.000000000 2
836 1144 3 8192 2.000000000 2
836 1144 3 8192 2.000000000 2
836 1144 3 8192 2.000000000 2
836 1144 3 8192 2.000000000 2
836 1144 3 8192 2.000000000 2
836 1144 3 8192 2.000000000 2
836 1144 3 8192 2.000000000 2
840 100 3 8192 2.000000000 2
840 100 3 8192 2.000000000 2
840 100 3 8192 2.000000000 2
840 100 3 8192 2.000000000 2
840 100 3 8192 2.000000000 2
840 100 3 8192 2.000000000 2
840 100 3 8192 2.000000000 2
840 100 3 8192 2.000000000 2
840 208 3 8192 2.000000000 2
840 208 3 8192 2.000000000 2
840 208 3 8192 2.000000000 2
840 208 3 8192 2.000000000 2
840 208 3 8192 2.000000000 2
840 208 3 8192 2.000000000 2
840 208 3 8192 2.000000000 2
840 208 3 8192 2.000000000 2
840 232 3 8192 2.000000000 2
840 232 3 8192 2.000000000 2
840 232 3 8192 2.000000000 2
840 232 3 8192 2.000000000 2
840 232 3 8192 2.000000000 2
840 232 3 8192 2.000000000 2
840 232 3 8192 2.000000000 2
840 232 3 8192 2.000000000 2
840 596 3 8192 2.000000000 2
840 596 3 8192 2.000000000 2
840 596 3 8192 2.000000000 2
840 596 3 8192 2.000000000 2
840 596 3 8192 2.000000000 2
840 596 3 8192 2.000000000 2
840 596 3 8192 2.000000000 2
840 596 3 8192 2.000000000 2
840 616 3 8192 2.000000000 2
840 616 3 8192 2.000000000 2
840 616 3 8192 2.000000000 2
840 616 3 8192 2.000000000 2
840 616 3 8192 2.000000000 2
840 616 3 8192 2.000000000 2
840 616 3 8192 2.000000000 2
840 616 3 8192 2.000000000 2
840 752 3 8192 2.000000000 2
840 752 3 8192 2.000000000 2
840 752 3 8192 2.000000000 2
840 752 3 8192 2.000000000 2
840 752 3 8192 2.000000000 2
840 752 3 8192 2.000000000 2
840 752 3 8192 2.000000000 2
840 752 3 8192 2.000000000 2
840 1168 3 8192 2.000000000 2
840 1168 3 8192 2.000000000 2
840 1168 3 8192 2.000000000 2
840 1168 3 8192 2.000000000 2
840 1168 3 8192 2.000000000 2
840 1168 3 8192 2.000000000 2
840 1168 3 8192 2.000000000 2
840 1168 3 8192 2.000000000 2
840 1224 3 8192 2.000000000 2
840 1224 3 8192 2.000000000 2
840 1224 3 8192 2.000000000 2
840 1224 3 8192 2.000000000 2
840 1224 3 8192 2.000000000 2
840 1224 3 8192 2.000000000 2
840 1224 3 8192 2.000000000 2
840 1224 3 8192 2.000000000 2
848 592 3 8192 2.000000000 2
848 592 3 8192 2.000000000 2
848 592 3 8192 2.000000000 2
848 592 3 8192 2.000000000 2
848 592 3 8192 2.000000000 2
848 592 3 8192 2.000000000 2
848 592 3 8192 2.000000000 2
848 592 3 8192 2.000000000 2
848 664 3 8192 2.000000000 2
848 664 3 8192 2.000000000 2
848 664 3 8192 2.000000000 2
848 664 3 8192 2.000000000 2
848 664 3 8192 2.000000000 2
848 664 3 8192 2.000000000 2
848 664 3 8192 2.000000000 2
848 664 3 8192 2.000000000 2
848 784 3 8192 2.000000000 2
848 784 3 8192 2.000000000 2
848 784 3 8192 2.000000000 2
848 784 3 8192 2.000000000 2
848 784 3 8192 2.000000000 2
848 784 3 8192 2.000000000 2
848 784 3 8192 2.000000000 2
848 784 3 8192 2.000000000 2
848 812 3 8192 2.000000000 2
848 812 3 8192 2.000000000 2
848 812 3 8192 2.000000000 2
848 812 3 8192 2.000000000 2
848 812 3 8192 2.000000000 2
848 812 3 8192 2.000000000 2
848 812 3 8192 2.000000000 2
848 812 3 8192 2.000000000 2
848 912 3 8192 2.000000000 2
848 912 3 8192 2.000000000 2
848 912 3 8192 2.000000000 2
848 912 3 8192 2.000000000 2
848 912 3 8192 2.000000000 2
848 912 3 8192 2.000000000 2
848 912 3 8192 2.000000000 2
848 912 3 8192 2.000000000 2
848 1020 3 8192 2.000000000 2
848 1020 3 8192 2.000000000 2
848 1020 3 8192 2.000000000 2
848 1020 3 8192 2.000000000 2
848 1020 3 8192 2.000000000 2
848 1020 3 8192 2.000000000 2
848 1020 3 8192 2.000000000 2
848 1020 3 8192 2.000000000 2
848 1072 3 8192 2.000000000 2
848 1072 3 8192 2.000000000 2
848 1072 3 8192 2.000000000 2
848 1072 3 8192 2.000000000 2
848 1072 3 8192 2.000000000 2
848 1072 3 8192 2.000000000 2
848 1072 3 8192 2.000000000 2
848 1072 3 8192 2.000000000 2
848 1144 3 8192 2.000000000 2
848 1144 3 8192 2.000000000 2
848 1144 3 8192 2.000000000 2
848 1144 3 8192 2.000000000 2
848 1144 3 8192 2.000000000 2
848 1144 3 8192 2.000000000 2
848 1144 3 8192 2.000000000 2
848 1144 3 8192 2.000000000 2
852 4 3 8192 2.000000000 2
852 4 3 8192 2.000000000 2
852 4 3 8192 2.000000000 2
852 4 3 8192 2.000000000 2
852 4 3 8192 2.000000000 2
852 4 3 8192 2.000000000 2
852 4 3 8192 2.000000000 2
852 4 3 8192 2.000000000 2
852 48 3 8192 2.000000000 2
852 48 3 8192 2.000000000 2
852 48 3 8192 2.000000000 2
852 48 3 8192 2.000000000 2
852 48 3 8192 2.000000000 2
852 48 3 8192 2.000000000 2
852 48 3 8192 2.000000000 2
852 48 3 8192 2.000000000 2
852 92 3 8192 2.000000000 2
852 92 3 8192 2.000000000 2
852 92 3 8192 2.000000000 2
852 92 3 8192 2.000000000 2
852 92 3 8192 2.000000000 2
852 92 3 8192 2.000000000 2
852 92 3 8192 2.000000000 2
852 92 3 8192 2.000000000 2
852 260 3 8192 2.000000000 2
852 260 3 8192 2.000000000 2
852 260 3 8192 2.000000000 2
852 260 3 8192 2.000000000 2
852 260 3 8192 2.000000000 2
852 260 3 8192 2.000000000 2
852 260 3 8192 2.000000000 2
852 260 3 8192 2.000000000 2
852 344 3 8192 2.000000000 2
852 344 3 8192 2.000000000 2
852 344 3 8192 2.000000000 2
852 344 3 8192 2.000000000 2
852 344 3 8192 2.000000000 2
852 344 3 8192 2.000000000 2
852 344 3 8192 2.000000000 2
852 344 3 8192 2.000000000 2
852 496 3 8192 2.000000000 2
852 496 3 8192 2.000000000 2
852 496 3 8192 2.000000000 2
852 496 3 8192 2.000000000 2
852 496 3 8192 2.000000000 2
852 496 3 8192 2.000000000 2
852 496 3 8192 2.000000000 2
852 496 3 8192 2.000000000 2
852 740 3 8192 2.000000000 2
852 740 3 8192 2.000000000 2
852 740 3 8192 2.000000000 2
852 740 3 8192 2.000000000 2
852 740 3 8192 2.000000000 2
852 740 3 8192 2.000000000 2
852 740 3 8192 2.000000000 2
852 740 3 8192 2.000000000 2
852 832 3 8192 2.000000000 2
852 832 3 8192 2.000000000 2
852 832 3 8192 2.000000000 2
852 832 3 8192 2.000000000 2
852 832 3 8192 2.000000000 2
852 832 3 8192 2.000000000 2
852 832 3 8192 2.000000000 2
852 832 3 8192 2.000000000 2
856 308 3 8192 2.000000000 2
856 308 3 8192 2.000000000 2
856 308 3 8192 2.000000000 2
856 308 3 8192 2.000000000 2
856 308 3 8192 2.000000000 2
856 308 3 8192 2.000000000 2
856 308 3 8192 2.000000000 2
856 308 3 8192 2.000000000 2
856 504 3 8192 2.000000000 2
856 504 3 8192 2.000000000 2
856 504 3 8192 2.000000000 2
856 504 3 8192 2.000000000 2
856 504 3 8192 2.000000000 2
856 504 3 8192 2.000000000 2
856 504 3 8192 2.000000000 2
856 504 3 8192 2.000000000 2
856 668 3 8192 2.000000000 2
856 668 3 8192 2.000000000 2
856 668 3 8192 2.000000000 2
856 668 3 8192 2.000000000 2
856 668 3 8192 2.000000000 2
856 668 3 8192 2.000000000 2
856 668 3 8192 2.000000000 2
856 668 3 8192 2.000000000 2
856 712 3 8192 2.000000000 2
856 712 3 8192 2.000000000 2
856 712 3 8192 2.000000000 2
856 712 3 8192 2.000000000 2
856 712 3 8192 2.000000000 2
856 712 3 8192 2.000000000 2
856 712 3 8192 2.000000000 2
856 712 3 8192 2.000000000 2
856 876 3 8192 2.000000000 2
856 876 3 8192 2.000000000 2
856 876 3 8192 2.000000000 2
856 876 3 8192 2.000000000 2
856 876 3 8192 2.000000000 2
856 876 3 8192 2.000000000 2
856 876 3 8192 2.000000000 2
856 876 3 8192 2.000000000 2
856 1084 3 8192 2.000000000 2
856 1084 3 8192 2.000000000 2
856 1084 3 8192 2.000000000 2
856 1084 3 8192 2.000000000 2
856 1084 3 8192 2.000000000 2
856 1084 3 8192 2.000000000 2
856 1084 3 8192 2.000000000 2
856 1084 3 8192 2.000000000 2
856 1140 3 8192 2.000000000 2
856 1140 3 8192 2.000000000 2
856 1140 3 8192 2.000000000 2
856 1140 3 8192 2.000000000 2
856 1140 3 8192 2.000000000 2
856 1140 3 8192 2.000000000 2
856 1140 3 8192 2.000000000 2
856 1140 3 8192 2.000000000 2
856 1160 3 8192 2.000000000 2
856 1160 3 8192 2.000000000 2
856 1160 3 8192 2.000000000 2
856 1160 3 8192 2.000000000 2
856 1160 3 8192 2.000000000 2
856 1160 3 8192 2.000000000 2
856 1160 3 8192 2.000000000 2
856 1160 3 8192 2.000000000 2
860 36 3 8192 2.000000000 2
860 36 3 8192 2.000000000 2
860 36 3 8192 2.000000000 2
860 36 3 8192 2.000000000 2
860 36 3 8192 2.000000000 2
860 36 3 8192 2.000000000 2
860 36 3 8192 2.000000000 2
860 36 3 8192 2.000000000 2
860 52 3 8192 2.000000000 2
860 52 3 8192 2.000000000 2
860 52 3 8192 2.000000000 2
860 52 3 8192 2.000000000 2
860 52 3 8192 2.000000000 2
860 52 3 8192 2.000000000 2
860 52 3 8192 2.000000000 2
860 52 3 8192 2.000000000 2
860 100 3 8192 2.000000000 2
860 100 3 8192 2.000000000 2
860 100 3 8192 2.000000000 2
860 100 3 8192 2.000000000 2
860 100 3 8192 2.000000000 2
860 100 3 8192 2.000000000 2
860 100 3 8192 2.000000000 2
860 100 3 8192 2.000000000 2
860 192 3 8192 2.000000000 2
860 192 3 8192 2.000000000 2
860 192 3 8192 2.000000000 2
860 192 3 8192 2.000000000 2
860 192 3 8192 2.000000000 2
860 192 3 8192 2.000000000 2
860 192 3 8192 2.000000000 2
860 192 3 8192 2.000000000 2
860 360 3 8192 2.000000000 2
860 360 3 8192 2.000000000 2
860 360 3 8192 2.000000000 2
860 360 3 8192 2.000000000 2
860 360 3 8192 2.000000000 2
860 360 3 8192 2.000000000 2
860 360 3 8192 2.000000000 2
860 360 3 8192 2.000000000 2
860 432 3 8192 2.000000000 2
860 432 3 8192 2.000000000 2
860 432 3 8192 2.000000000 2
860 432 3 8192 2.000000000 2
860 432 3 8192 2.000000000 2
860 432 3 8192 2.000000000 2
860 432 3 8192 2.000000000 2
860 432 3 8192 2.000000000 2
860 468 3 8192 2.000000000 2
860 468 3 8192 2.000000000 2
860 468 3 8192 2.000000000 2
860 468 3 8192 2.000000000 2
860 468 3 8192 2.000000000 2
860 468 3 8192 2.000000000 2
860 468 3 8192 2.000000000 2
860 468 3 8192 2.000000000 2
860 1228 3 8192 2.000000000 2
860 1228 3 8192 2.000000000 2
860 1228 3 8192 2.000000000 2
860 1228 3 8192 2.000000000 2
860 1228 3 8192 2.000000000 2
860 1228 3 8192 2.000000000 2
860 1228 3 8192 2.000000000 2
860 1228 3 8192 2.000000000 2
864 192 3 8192 2.000000000 2
864 192 3 8192 2.000000000 2
864 192 3 8192 2.000000000 2
864 192 3 8192 2.000000000 2
864 192 3 8192 2.000000000 2
864 192 3 8192 2.000000000 2
864 192 3 8192 2.000000000 2
864 192 3 8192 2.000000000 2
864 260 3 8192 2.000000000 2
864 260 3 8192 2.000000000 2
864 260 3 8192 2.000000000 2
864 260 3 8192 2.000000000 2
864 260 3 8192 2.000000000 2
864 260 3 8192 2.000000000 2
864 260 3 8192 2.000000000 2
864 260 3 8192 2.000000000 2
864 428 3 8192 2.000000000 2
864 428 3 8192 2.000000000 2
864 428 3 8192 2.000000000 2
864 428 3 8192 2.000000000 2
864 428 3 8192 2.000000000 2
864 428 3 8192 2.000000000 2
864 428 3 8192 2.000000000 2
864 428 3 8192 2.000000000 2
864 796 3 8192 2.000000000 2
864 796 3 8192 2.000000000 2
864 796 3 8192 2.000000000 2
864 796 3 8192 2.000000000 2
864 796 3 8192 2.000000000 2
864 796 3 8192 2.000000000 2
864 796 3 8192 2.000000000 2
864 796 3 8192 2.000000000 2
864 828 3 8192 2.000000000 2
864 828 3 8192 2.000000000 2
864 828 3 8192 2.000000000 2
864 828 3 8192 2.000000000 2
864 828 3 8192 2.000000000 2
864 828 3 8192 2.000000000 2
864 828 3 8192 2.000000000 2
864 828 3 8192 2.000000000 2
864 1136 3 8192 2.000000000 2
864 1136 3 8192 2.000000000 2
864 1136 3 8192 2.000000000 2
864 1136 3 8192 2.000000000 2
864 1136 3 8192 2.000000000 2
864 1136 3 8192 2.000000000 2
864 1136 3 8192 2.000000000 2
864 1136 3 8192 2.000000000 2
864 1184 3 8192 2.000000000 2
864 1184 3 8192 2.000000000 2
864 1184 3 8192 2.000000000 2
864 1184 3 8192 2.000000000 2
864 1184 3 8192 2.000000000 2
864 1184 3 8192 2.000000000 2
864 1184 3 8192 2.000000000 2
864 1184 3 8192 2.000000000 2
864 1216 3 8192 2.000000000 2
864 1216 3 8192 2.000000000 2
864 1216 3 8192 2.000000000 2
864 1216 3 8192 2.000000000 2
864 1216 3 8192 2.000000000 2
864 1216 3 8192 2.000000000 2
864 1216 3 8192 2.000000000 2
864 1216 3 8192 2.000000000 2
872 184 3 8192 2.000000000 2
872 184 3 8192 2.000000000 2
872 184 3 8192 2.000000000 2
872 184 3 8192 2.000000000 2
872 184 3 8192 2.000000000 2
872 184 3 8192 2.000000000 2
872 184 3 8192 2.000000000 2
872 184 3 8192 2.000000000 2
872 268 3 8192 2.000000000 2
872 268 3 8192 2.000000000 2
872 268 3 8192 2.000000000 2
872 268 3 8192 2.000000000 2
872 268 3 8192 2.000000000 2
872 268 3 8192 2.000000000 2
872 268 3 8192 2.000000000 2
872 268 3 8192 2.000000000 2
872 372 3 8192 2.000000000 2
872 372 3 8192 2.000000000 2
872 372 3 8192 2.000000000 2
872 372 3 8192 2.000000000 2
872 372 3 8192 2.000000000 2
872 372 3 8192 2.000000000 2
872 372 3 8192 2.000000000 2
872 372 3 8192 2.000000000 2
872 432 3 8192 2.000000000 2
872 432 3 8192 2.000000000 2
872 432 3 8192 2.000000000 2
872 432 3 8192 2.000000000 2
872 432 3 8192 2.000000000 2
872 432 3 8192 2.000000000 2
872 432 3 8192 2.000000000 2
872 432 3 8192 2.000000000 2
872 572 3 8192 2.000000000 2
872 572 3 8192 2.000000000 2
872 572 3 8192 2.000000000 2
872 572 3 8192 2.000000000 2
872 572 3 8192 2.000000000 2
872 572 3 8192 2.000000000 2
872 572 3 8192 2.000000000 2
872 572 3 8192 2.000000000 2
872 1000 3 8192 2.000000000 2
872 1000 3 8192 2.000000000 2
872 1000 3 8192 2.000000000 2
872 1000 3 8192 2.000000000 2
872 1000 3 8192 2.000000000 2
872 1000 3 8192 2.000000000 2
872 1000 3 8192 2.000000000 2
872 1000 3 8192 2.000000000 2
872 1060 3 8192 2.000000000 2
872 1060 3 8192 2.000000000 2
872 1060 3 8192 2.000000000 2
872 1060 3 8192 2.000000000 2
872 1060 3 8192 2.000000000 2
872 1060 3 8192 2.000000000 2
872 1060 3 8192 2.000000000 2
872 1060 3 8192 2.000000000 2
872 1080 3 8192 2.000000000 2
872 1080 3 8192 2.000000000 2
872 1080 3 8192 2.000000000 2
872 1080 3 8192 2.000000000 2
872 1080 3 8192 2.000000000 2
872 1080 3 8192 2.000000000 2
872 1080 3 8192 2.000000000 2
872 1080 3 8192 2.000000000 2
876 56 3 8192 2.000000000 2
876 56 3 8192 2.000000000 2
876 56 3 8192 2.000000000 2
876 56 3 8192 2.000000000 2
876 56 3 8192 2.000000000 2
876 56 3 8192 2.000000000 2
876 56 3 8192 2.000000000 2
876 56 3 8192 2.000000000 2
876 312 3 8192 2.000000000 2
876 312 3 8192 2.000000000 2
876 312 3 8192 2.000000000 2
876 312 3 8192 2.000000000 2
876 312 3 8192 2.000000000 2
876 312 3 8192 2.000000000 2
876 312 3 8192 2.000000000 2
876 312 3 8192 2.000000000 2
876 412 3 8192 2.000000000 2
876 412 3 8192 2.000000000 2
876 412 3 8192 2.000000000 2
876 412 3 8192 2.000000000 2
876 412 3 8192 2.000000000 2
876 412 3 8192 2.000000000 2
876 412 3 8192 2.000000000 2
876 412 3 8192 2.000000000 2
876 528 3 8192 2.000000000 2
876 528 3 8192 2.000000000 2
876 528 3 8192 2.000000000 2
876 528 3 8192 2.000000000 2
876 528 3 8192 2.000000000 2
876 528 3 8192 2.000000000 2
876 528 3 8192 2.000000000 2
876 528 3 8192 2.000000000 2
876 588 3 8192 2.000000000 2
876 588 3 8192 2.000000000 2
876 588 3 8192 2.000000000 2
876 588 3 8192 2.000000000 2
876 588 3 8192 2.000000000 2
876 588 3 8192 2.000000000 2
876 588 3 8192 2.000000000 2
876 588 3 8192 2.000000000 2
876 948 3 8192 2.000000000 2
876 948 3 8192 2.000000000 2
876 948 3 8192 2.000000000 2
876 948 3 8192 2.000000000 2
876 948 3 8192 2.000000000 2
876 948 3 8192 2.000000000 2
876 948 3 8192 2.000000000 2
876 948 3 8192 2.000000000 2
876 960 3 8192 2.000000000 2
876 960 3 8192 2.000000000 2
876 960 3 8192 2.000000000 2
876 960 3 8192 2.000000000 2
876 960 3 8192 2.000000000 2
876 960 3 8192 2.000000000 2
876 960 3 8192 2.000000000 2
876 960 3 8192 2.000000000 2
876 976 3 8192 2.000000000 2
876 976 3 8192 2.000000000 2
876 976 3 8192 2.000000000 2
876 976 3 8192 2.000000000 2
876 976 3 8192 2.000000000 2
876 976 3 8192 2.000000000 2
876 976 3 8192 2.000000000 2
876 976 3 8192 2.000000000 2
880 48 3 8192 2.000000000 2
880 48 3 8192 2.000000000 2
880 48 3 8192 2.000000000 2
880 48 3 8192 2.000000000 2
880 48 3 8192 2.000000000 2
880 48 3 8192 2.000000000 2
880 48 3 8192 2.000000000 2
880 48 3 8192 2.000000000 2
880 192 3 8192 2.000000000 2
880 192 3 8192 2.000000000 2
880 192 3 8192 2.000000000 2
880 192 3 8192 2.000000000 2
880 192 3 8192 2.000000000 2
880 192 3 8192 2.000000000 2
880 192 3 8192 2.000000000 2
880 192 3 8192 2.000000000 2
880 312 3 8192 2.000000000 2
880 312 3 8192 2.000000000 2
880 312 3 8192 2.000000000 2
880 312 3 8192 2.000000000 2
880 312 3 8192 2.000000000 2
880 312 3 8192 2.000000000 2
880 312 3 8192 2.000000000 2
880 312 3 8192 2.000000000 2
880 432 3 8192 2.000000000 2
880 432 3 8192 2.000000000 2
880 432 3 8192 2.000000000 2
880 432 3 8192 2.000000000 2
880 432 3 8192 2.000000000 2
880 432 3 8192 2.000000000 2
880 432 3 8192 2.000000000 2
880 432 3 8192 2.000000000 2
880 456 3 8192 2.000000000 2
880 456 3 8192 2.000000000 2
880 456 3 8192 2.000000000 2
880 456 3 8192 2.000000000 2
880 456 3 8192 2.000000000 2
880 456 3 8192 2.000000000 2
880 456 3 8192 2.000000000 2
880 456 3 8192 2.000000000 2
880 1032 3 8192 2.000000000 2
880 1032 3 8192 2.000000000 2
880 1032 3 8192 2.000000000 2
880 1032 3 8192 2.000000000 2
880 1032 3 8192 2.000000000 2
880 1032 3 8192 2.000000000 2
880 1032 3 8192 2.000000000 2
880 1032 3 8192 2.000000000 2
880 1136 3 8192 2.000000000 2
880 1136 3 8192 2.000000000 2
880 1136 3 8192 2.000000000 2
880 1136 3 8192 2.000000000 2
880 1136 3 8192 2.000000000 2
880 1136 3 8192 2.000000000 2
880 1136 3 8192 2.000000000 2
880 1136 3 8192 2.000000000 2
880 1168 3 8192 2.000000000 2
880 1168 3 8192 2.000000000 2
880 1168 3 8192 2.000000000 2
880 1168 3 8192 2.000000000 2
880 1168 3 8192 2.000000000 2
880 1168 3 8192 2.000000000 2
880 1168 3 8192 2.000000000 2
880 1168 3 8192 2.000000000 2
892 424 3 8192 2.000000000 2
892 424 3 8192 2.000000000 2
892 424 3 8192 2.000000000 2
892 424 3 8192 2.000000000 2
892 424 3 8192 2.000000000 2
892 424 3 8192 2.000000000 2
892 424 3 8192 2.000000000 2
892 424 3 8192 2.000000000 2
892 504 3 8192 2.000000000 2
892 504 3 8192 2.000000000 2
892 504 3 8192 2.000000000 2
892 504 3 8192 2.000000000 2
892 504 3 8192 2.000000000 2
892 504 3 8192 2.000000000 2
892 504 3 8192 2.000000000 2
892 504 3 8192 2.000000000 2
892 604 3 8192 2.000000000 2
892 604 3 8192 2.000000000 2
892 604 3 8192 2.000000000 2
892 604 3 8192 2.000000000 2
892 604 3 8192 2.000000000 2
892 604 3 8192 2.000000000 2
892 604 3 8192 2.000000000 2
892 604 3 8192 2.000000000 2
892 632 3 8192 2.000000000 2
892 632 3 8192 2.000000000 2
892 632 3 8192 2.000000000 2
892 632 3 8192 2.000000000 2
892 632 3 8192 2.000000000 2
892 632 3 8192 2.000000000 2
892 632 3 8192 2.000000000 2
892 632 3 8192 2.000000000 2
892 960 3 8192 2.000000000 2
892 960 3 8192 2.000000000 2
892 960 3 8192 2.000000000 2
892 960 3 8192 2.000000000 2
892 960 3 8192 2.000000000 2
892 960 3 8192 2.000000000 2
892 960 3 8192 2.000000000 2
892 960 3 8192 2.000000000 2
892 1084 3 8192 2.000000000 2
892 1084 3 8192 2.000000000 2
892 1084 3 8192 2.000000000 2
892 1084 3 8192 2.000000000 2
892 1084 3 8192 2.000000000 2
892 1084 3 8192 2.000000000 2
892 1084 3 8192 2.000000000 2
892 1084 3 8192 2.000000000 2
892 1212 3 8192 2.000000000 2
892 1212 3 8192 2.000000000 2
892 1212 3 8192 2.000000000 2
892 1212 3 8192 2.000000000 2
892 1212 3 8192 2.000000000 2
892 1212 3 8192 2.000000000 2
892 1212 3 8192 2.000000000 2
892 1212 3 8192 2.000000000 2
892 1224 3 8192 2.000000000 2
892 1224 3 8192 2.000000000 2
892 1224 3 8192 2.000000000 2
892 1224 3 8192 2.000000000 2
892 1224 3 8192 2.000000000 2
892 1224 3 8192 2.000000000 2
892 1224 3 8192 2.000000000 2
892 1224 3 8192 2.000000000 2
896 112 3 8192 2.000000000 2
896 112 3 8192 2.000000000 2
896 112 3 8192 2.000000000 2
896 112 3 8192 2.000000000 2
896 112 3 8192 2.000000000 2
896 112 3 8192 2.000000000 2
896 112 3 8192 2.000000000 2
896 112 3 8192 2.000000000 2
896 228 3 8192 2.000000000 2
896 228 3 8192 2.000000000 2
896 228 3 8192 2.000000000 2
896 228 3 8192 2.000000000 2
896 228 3 8192 2.000000000 2
896 228 3 8192 2.000000000 2
896 228 3 8192 2.000000000 2
896 228 3 8192 2.000000000 2
896 584 3 8192 2.000000000 2
896 584 3 8192 2.000000000 2
896 584 3 8192 2.000000000 2
896 584 3 8192 2.000000000 2
896 584 3 8192 2.000000000 2
896 584 3 8192 2.000000000 2
896 584 3 8192 2.000000000 2
896 584 3 8192 2.000000000 2
896 672 3 8192 2.000000000 2
896 672 3 8192 2.000000000 2
896 672 3 8192 2.000000000 2
896 672 3 8192 2.000000000 2
896 672 3 8192 2.000000000 2
896 672 3 8192 2.000000000 2
896 672 3 8192 2.000000000 2
896 672 3 8192 2.000000000 2
896 900 3 8192 2.000000000 2
896 900 3 8192 2.000000000 2
896 900 3 8192 2.000000000 2
896 900 3 8192 2.000000000 2
896 900 3 8192 2.000000000 2
896 900 3 8192 2.000000000 2
896 900 3 8192 2.000000000 2
896 900 3 8192 2.000000000 2
896 1000 3 8192 2.000000000 2
896 1000 3 8192 2.000000000 2
896 1000 3 8192 2.000000000 2
896 1000 3 8192 2.000000000 2
896 1000 3 8192 2.000000000 2
896 1000 3 8192 2.000000000 2
896 1000 3 8192 2.000000000 2
896 1000 3 8192 2.000000000 2
896 1128 3 8192 2.000000000 2
896 1128 3 8192 2.000000000 2
896 1128 3 8192 2.000000000 2
896 1128 3 8192 2.000000000 2
896 1128 3 8192 2.000000000 2
896 1128 3 8192 2.000000000 2
896 1128 3 8192 2.000000000 2
896 1128 3 8192 2.000000000 2
896 1184 3 8192 2.000000000 2
896 1184 3 8192 2.000000000 2
896 1184 3 8192 2.000000000 2
896 1184 3 8192 2.000000000 2
896 1184 3 8192 2.000000000 2
896 1184 3 8192 2.000000000 2
896 1184 3 8192 2.000000000 2
896 1184 3 8192 2.000000000 2
900 268 3 8192 2.000000000 2
900 268 3 8192 2.000000000 2
900 268 3 8192 2.000000000 2
900 268 3 8192 2.000000000 2
900 268 3 8192 2.000000000 2
900 268 3 8192 2.000000000 2
900 268 3 8192 2.000000000 2
900 268 3 8192 2.000000000 2
900 288 3 8192 2.000000000 2
900 288 3 8192 2.000000000 2
900 288 3 8192 2.000000000 2
900 288 3 8192 2.000000000 2
900 288 3 8192 2.000000000 2
900 288 3 8192 2.000000000 2
900 288 3 8192 2.000000000 2
900 288 3 8192 2.000000000 2
900 312 3 8192 2.000000000 2
900 312 3 8192 2.000000000 2
900 312 3 8192 2.000000000 2
900 312 3 8192 2.000000000 2
900 312 3 8192 2.000000000 2
900 312 3 8192 2.000000000 2
900 312 3 8192 2.000000000 2
900 312 3 8192 2.000000000 2
900 316 3 8192 2.000000000 2
900 316 3 8192 2.000000000 2
900 316 3 8192 2.000000000 2
900 316 3 8192 2.000000000 2
900 316 3 8192 2.000000000 2
900 316 3 8192 2.000000000 2
900 316 3 8192 2.000000000 2
900 316 3 8192 2.000000000 2
900 444 3 8192 2.000000000 2
900 444 3 8192 2.000000000 2
900 444 3 8192 2.000000000 2
900 444 3 8192 2.000000000 2
900 444 3 8192 2.000000000 2
900 444 3 8192 2.000000000 2
900 444 3 8192 2.000000000 2
900 444 3 8192 2.000000000 2
900 632 3 8192 2.000000000 2
900 632 3 8192 2.000000000 2
900 632 3 8192 2.000000000 2
900 632 3 8192 2.000000000 2
900 632 3 8192 2.000000000 2
900 632 3 8192 2.000000000 2
900 632 3 8192 2.000000000 2
900 632 3 8192 2.000000000 2
900 920 3 8192 2.000000000 2
900 920 3 8192 2.000000000 2
900 920 3 8192 2.000000000 2
900 920 3 8192 2.000000000 2
900 920 3 8192 2.000000000 2
900 920 3 8192 2.000000000 2
900 920 3 8192 2.000000000 2
900 920 3 8192 2.000000000 2
900 1080 3 8192 2.000000000 2
900 1080 3 8192 2.000000000 2
900 1080 3 8192 2.000000000 2
900 1080 3 8192 2.000000000 2
900 1080 3 8192 2.000000000 2
900 1080 3 8192 2.000000000 2
900 1080 3 8192 2.000000000 2
900 1080 3 8192 2.000000000 2
904 256 3 8192 2.000000000 2
904 256 3 8192 2.000000000 2
904 256 3 8192 2.000000000 2
904 256 3 8192 2.000000000 2
904 256 3 8192 2.000000000 2
904 256 3 8192 2.000000000 2
904 256 3 8192 2.000000000 2
904 256 3 8192 2.000000000 2
904 260 3 8192 2.000000000 2
904 260 3 8192 2.000000000 2
904 260 3 8192 2.000000000 2
904 260 3 8192 2.000000000 2
904 260 3 8192 2.000000000 2
904 260 3 8192 2.000000000 2
904 260 3 8192 2.000000000 2
904 260 3 8192 2.000000000 2
904 316 3 8192 2.000000000 2
904 316 3 8192 2.000000000 2
904 316 3 8192 2.000000000 2
904 316 3 8192 2.000000000 2
904 316 3 8192 2.000000000 2
904 316 3 8192 2.000000000 2
904 316 3 8192 2.000000000 2
904 316 3 8192 2.000000000 2
904 452 3 8192 2.000000000 2
904 452 3 8192 2.000000000 2
904 452 3 8192 2.000000000 2
904 452 3 8192 2.000000000 2
904 452 3 8192 2.000000000 2
904 452 3 8192 2.000000000 2
904 452 3 8192 2.000000000 2
904 452 3 8192 2.000000000 2
904 596 3 8192 2.000000000 2
904 596 3 8192 2.000000000 2
904 596 3 8192 2.000000000 2
904 596 3 8192 2.000000000 2
904 596 3 8192 2.000000000 2
904 596 3 8192 2.000000000 2
904 596 3 8192 2.000000000 2
904 596 3 8192 2.000000000 2
904 976 3 8192 2.000000000 2
904 976 3 8192 2.000000000 2
904 976 3 8192 2.000000000 2
904 976 3 8192 2.000000000 2
904 976 3 8192 2.000000000 2
904 976 3 8192 2.000000000 2
904 976 3 8192 2.000000000 2
904 976 3 8192 2.000000000 2
904 1120 3 8192 2.000000000 2
904 1120 3 8192 2.000000000 2
904 1120 3 8192 2.000000000 2
904 1120 3 8192 2.000000000 2
904 1120 3 8192 2.000000000 2
904 1120 3 8192 2.000000000 2
904 1120 3 8192 2.000000000 2
904 1120 3 8192 2.000000000 2
904 1140 3 8192 2.000000000 2
904 1140 3 8192 2.000000000 2
904 1140 3 8192 2.000000000 2
904 1140 3 8192 2.000000000 2
904 1140 3 8192 2.000000000 2
904 1140 3 8192 2.000000000 2
904 1140 3 8192 2.000000000 2
904 1140 3 8192 2.000000000 2
912 100 3 8192 2.000000000 2
912 100 3 8192 2.000000000 2
912 100 3 8192 2.000000000 2
912 100 3 8192 2.000000000 2
912 100 3 8192 2.000000000 2
912 100 3 8192 2.000000000 2
912 100 3 8192 2.000000000 2
912 100 3 8192 2.000000000 2
912 200 3 8192 2.000000000 2
912 200 3 8192 2.000000000 2
912 200 3 8192 2.000000000 2
912 200 3 8192 2.000000000 2
912 200 3 8192 2.000000000 2
912 200 3 8192 2.000000000 2
912 200 3 8192 2.000000000 2
912 200 3 8192 2.000000000 2
912 252 3 8192 2.000000000 2
912 252 3 8192 2.000000000 2
912 252 3 8192 2.000000000 2
912 252 3 8192 2.000000000 2
912 252 3 8192 2.000000000 2
912 252 3 8192 2.000000000 2
912 252 3 8192 2.000000000 2
912 252 3 8192 2.000000000 2
912 528 3 8192 2.000000000 2
912 528 3 8192 2.000000000 2
912 528 3 8192 2.000000000 2
912 528 3 8192 2.000000000 2
912 528 3 8192 2.000000000 2
912 528 3 8192 2.000000000 2
912 528 3 8192 2.000000000 2
912 528 3 8192 2.000000000 2
912 588 3 8192 2.000000000 2
912 588 3 8192 2.000000000 2
912 588 3 8192 2.000000000 2
912 588 3 8192 2.000000000 2
912 588 3 8192 2.000000000 2
912 588 3 8192 2.000000000 2
912 588 3 8192 2.000000000 2
912 588 3 8192 2.000000000 2
912 848 3 8192 2.000000000 2
912 848 3 8192 2.000000000 2
912 848 3 8192 2.000000000 2
912 848 3 8192 2.000000000 2
912 848 3 8192 2.000000000 2
912 848 3 8192 2.000000000 2
912 848 3 8192 2.000000000 2
912 848 3 8192 2.000000000 2
912 936 3 8192 2.000000000 2
912 936 3 8192 2.000000000 2
912 936 3 8192 2.000000000 2
912 936 3 8192 2.000000000 2
912 936 3 8192 2.000000000 2
912 936 3 8192 2.000000000 2
912 936 3 8192 2.000000000 2
912 936 3 8192 2.000000000 2
912 1080 3 8192 2.000000000 2
912 1080 3 8192 2.000000000 2
912 1080 3 8192 2.000000000 2
912 1080 3 8192 2.000000000 2
912 1080 3 8192 2.000000000 2
912 1080 3 8192 2.000000000 2
912 1080 3 8192 2.000000000 2
912 1080 3 8192 2.000000000 2
916 104 3 8192 2.000000000 2
916 104 3 8192 2.000000000 2
916 104 3 8192 2.000000000 2
916 104 3 8192 2.000000000 2
916 104 3 8192 2.000000000 2
916 104 3 8192 2.000000000 2
916 104 3 8192 2.000000000 2
916 104 3 8192 2.000000000 2
916 192 3 8192 2.000000000 2
916 192 3 8192 2.000000000 2
916 192 3 8192 2.000000000 2
916 192 3 8192 2.000000000 2
916 192 3 8192 2.000000000 2
916 192 3 8192 2.000000000 2
916 192 3 8192 2.000000000 2
916 192 3 8192 2.000000000 2
916 448 3 8192 2.000000000 2
916 448 3 8192 2.000000000 2
916 448 3 8192 2.000000000 2
916 448 3 8192 2.000000000 2
916 448 3 8192 2.000000000 2
916 448 3 8192 2.000000000 2
916 448 3 8192 2.000000000 2
916 448 3 8192 2.000000000 2
916 572 3 8192 2.000000000 2
916 572 3 8192 2.000000000 2
916 572 3 8192 2.000000000 2
916 572 3 8192 2.000000000 2
916 572 3 8192 2.000000000 2
916 572 3 8192 2.000000000 2
916 572 3 8192 2.000000000 2
916 572 3 8192 2.000000000 2
916 736 3 8192 2.000000000 2
916 736 3 8192 2.000000000 2
916 736 3 8192 2.000000000 2
916 736 3 8192 2.000000000 2
916 736 3 8192 2.000000000 2
916 736 3 8192 2.000000000 2
916 736 3 8192 2.000000000 2
916 736 3 8192 2.000000000 2
916 836 3 8192 2.000000000 2
916 836 3 8192 2.000000000 2
916 836 3 8192 2.000000000 2
916 836 3 8192 2.000000000 2
916 836 3 8192 2.000000000 2
916 836 3 8192 2.000000000 2
916 836 3 8192 2.000000000 2
916 836 3 8192 2.000000000 2
916 848 3 8192 2.000000000 2
916 848 3 8192 2.000000000 2
916 848 3 8192 2.000000000 2
916 848 3 8192 2.000000000 2
916 848 3 8192 2.000000000 2
916 848 3 8192 2.000000000 2
916 848 3 8192 2.000000000 2
916 848 3 8192 2.000000000 2
916 988 3 8192 2.000000000 2
916 988 3 8192 2.000000000 2
916 988 3 8192 2.000000000 2
916 988 3 8192 2.000000000 2
916 988 3 8192 2.000000000 2
916 988 3 8192 2.000000000 2
916 988 3 8192 2.000000000 2
916 988 3 8192 2.000000000 2
920 60 3 8192 2.000000000 2
920 60 3 8192 2.000000000 2
920 60 3 8192 2.000000000 2
920 60 3 8192 2.000000000 2
920 60 3 8192 2.000000000 2
920 60 3 8192 2.000000000 2
920 60 3 8192 2.000000000 2
920 60 3 8192 2.000000000 2
920 340 3 8192 2.000000000 2
920 340 3 8192 2.000000000 2
920 340 3 8192 2.000000000 2
920 340 3 8192 2.000000000 2
920 340 3 8192 2.000000000 2
920 340 3 8192 2.000000000 2
920 340 3 8192 2.000000000 2
920 340 3 8192 2.000000000 2
920 504 3 8192 2.000000000 2
920 504 3 8192 2.000000000 2
920 504 3 8192 2.000000000 2
920 504 3 8192 2.000000000 2
920 504 3 8192 2.000000000 2
920 504 3 8192 2.000000000 2
920 504 3 8192 2.000000000 2
920 504 3 8192 2.000000000 2
920 660 3 8192 2.000000000 2
920 660 3 8192 2.000000000 2
920 660 3 8192 2.000000000 2
920 660 3 8192 2.000000000 2
920 660 3 8192 2.000000000 2
920 660 3 8192 2.000000000 2
920 660 3 8192 2.000000000 2
920 660 3 8192 2.000000000 2
920 816 3 8192 2.000000000 2
920 816 3 8192 2.000000000 2
920 816 3 8192 2.000000000 2
920 816 3 8192 2.000000000 2
920 816 3 8192 2.000000000 2
920 816 3 8192 2.000000000 2
920 816 3 8192 2.000000000 2
920 816 3 8192 2.000000000 2
920 828 3 8192 2.000000000 2
920 828 3 8192 2.000000000 2
920 828 3 8192 2.000000000 2
920 828 3 8192 2.000000000 2
920 828 3 8192 2.000000000 2
920 828 3 8192 2.000000000 2
920 828 3 8192 2.000000000 2
920 828 3 8192 2.000000000 2
920 1060 3 8192 2.000000000 2
920 1060 3 8192 2.000000000 2
920 1060 3 8192 2.000000000 2
920 1060 3 8192 2.000000000 2
920 1060 3 8192 2.000000000 2
920 1060 3 8192 2.000000000 2
920 1060 3 8192 2.000000000 2
920 1060 3 8192 2.000000000 2
920 1132 3 8192 2.000000000 2
920 1132 3 8192 2.000000000 2
920 1132 3 8192 2.000000000 2
920 1132 3 8192 2.000000000 2
920 1132 3 8192 2.000000000 2
920 1132 3 8192 2.000000000 2
920 1132 3 8192 2.000000000 2
920 1132 3 8192 2.000000000 2
928 232 3 8192 2.000000000 2
928 232 3 8192 2.000000000 2
928 232 3 8192 2.000000000 2
928 232 3 8192 2.000000000 2
928 232 3 8192 2.000000000 2
928 232 3 8192 2.000000000 2
928 232 3 8192 2.000000000 2
928 232 3 8192 2.000000000 2
928 396 3 8192 2.000000000 2
928 396 3 8192 2.000000000 2
928 396 3 8192 2.000000000 2
928 396 3 8192 2.000000000 2
928 396 3 8192 2.000000000 2
928 396 3 8192 2.000000000 2
928 396 3 8192 2.000000000 2
928 396 3 8192 2.000000000 2
928 496 3 8192 2.000000000 2
928 496 3 8192 2.000000000 2
928 496 3 8192 2.000000000 2
928 496 3 8192 2.000000000 2
928 496 3 8192 2.000000000 2
928 496 3 8192 2.000000000 2
928 496 3 8192 2.000000000 2
928 496 3 8192 2.000000000 2
928 516 3 8192 2.000000000 2
928 516 3 8192 2.000000000 2
928 516 3 8192 2.000000000 2
928 516 3 8192 2.000000000 2
928 516 3 8192 2.000000000 2
928 516 3 8192 2.000000000 2
928 516 3 8192 2.000000000 2
928 516 3 8192 2.000000000 2
928 1052 3 8192 2.000000000 2
928 1052 3 8192 2.000000000 2
928 1052 3 8192 2.000000000 2
928 1052 3 8192 2.000000000 2
928 1052 3 8192 2.000000000 2
928 1052 3 8192 2.000000000 2
928 1052 3 8192 2.000000000 2
928 1052 3 8192 2.000000000 2
928 1100 3 8192 2.000000000 2
928 1100 3 8192 2.000000000 2
928 1100 3 8192 2.000000000 2
928 1100 3 8192 2.000000000 2
928 1100 3 8192 2.000000000 2
928 1100 3 8192 2.000000000 2
928 1100 3 8192 2.000000000 2
928 1100 3 8192 2.000000000 2
928 1136 3 8192 2.000000000 2
928 1136 3 8192 2.000000000 2
928 1136 3 8192 2.000000000 2
928 1136 3 8192 2.000000000 2
928 1136 3 8192 2.000000000 2
928 1136 3 8192 2.000000000 2
928 1136 3 8192 2.000000000 2
928 1136 3 8192 2.000000000 2
928 1156 3 8192 2.000000000 2
928 1156 3 8192 2.000000000 2
928 1156 3 8192 2.000000000 2
928 1156 3 8192 2.000000000 2
928 1156 3 8192 2.000000000 2
928 1156 3 8192 2.000000000 2
928 1156 3 8192 2.000000000 2
928 1156 3 8192 2.000000000 2
932 236 3 8192 2.000000000 2
932 236 3 8192 2.000000000 2
932 236 3 8192 2.000000000 2
932 236 3 8192 2.000000000 2
932 236 3 8192 2.000000000 2
932 236 3 8192 2.000000000 2
932 236 3 8192 2.000000000 2
932 236 3 8192 2.000000000 2
932 412 3 8192 2.000000000 2
932 412 3 8192 2.000000000 2
932 412 3 8192 2.000000000 2
932 412 3 8192 2.000000000 2
932 412 3 8192 2.000000000 2
932 412 3 8192 2.000000000 2
932 412 3 8192 2.000000000 2
932 412 3 8192 2.000000000 2
932 420 3 8192 2.000000000 2
932 420 3 8192 2.000000000 2
932 420 3 8192 2.000000000 2
932 420 3 8192 2.000000000 2
932 420 3 8192 2.000000000 2
932 420 3 8192 2.000000000 2
932 420 3 8192 2.000000000 2
932 420 3 8192 2.000000000 2
932 496 3 8192 2.000000000 2
932 496 3 8192 2.000000000 2
932 496 3 8192 2.000000000 2
932 496 3 8192 2.000000000 2
932 496 3 8192 2.000000000 2
932 496 3 8192 2.000000000 2
932 496 3 8192 2.000000000 2
932 496 3 8192 2.000000000 2
932 1128 3 8192 2.000000000 2
932 1128 3 8192 2.000000000 2
932 1128 3 8192 2.000000000 2
932 1128 3 8192 2.000000000 2
932 1128 3 8192 2.000000000 2
932 1128 3 8192 2.000000000 2
932 1128 3 8192 2.000000000 2
932 1128 3 8192 2.000000000 2
932 1164 3 8192 2.000000000 2
932 1164 3 8192 2.000000000 2
932 1164 3 8192 2.000000000 2
932 1164 3 8192 2.000000000 2
932 1164 3 8192 2.000000000 2
932 1164 3 8192 2.000000000 2
932 1164 3 8192 2.000000000 2
932 1164 3 8192 2.000000000 2
932 1188 3 8192 2.000000000 2
932 1188 3 8192 2.000000000 2
932 1188 3 8192 2.000000000 2
932 1188 3 8192 2.000000000 2
932 1188 3 8192 2.000000000 2
932 1188 3 8192 2.000000000 2
932 1188 3 8192 2.000000000 2
932 1188 3 8192 2.000000000 2
932 1276 3 8192 2.000000000 2
932 1276 3 8192 2.000000000 2
932 1276 3 8192 2.000000000 2
932 1276 3 8192 2.000000000 2
932 1276 3 8192 2.000000000 2
932 1276 3 8192 2.000000000 2
932 1276 3 8192 2.000000000 2
932 1276 3 8192 2.000000000 2
936 468 3 8192 2.000000000 2
936 468 3 8192 2.000000000 2
936 468 3 8192 2.000000000 2
936 468 3 8192 2.000000000 2
936 468 3 8192 2.000000000 2
936 468 3 8192 2.000000000 2
936 468 3 8192 2.000000000 2
936 468 3 8192 2.000000000 2
936 496 3 8192 2.000000000 2
936 496 3 8192 2.000000000 2
936 496 3 8192 2.000000000 2
936 496 3 8192 2.000000000 2
936 496 3 8192 2.000000000 2
936 496 3 8192 2.000000000 2
936 496 3 8192 2.000000000 2
936 496 3 8192 2.000000000 2
936 744 3 8192 2.000000000 2
936 744 3 8192 2.000000000 2
936 744 3 8192 2.000000000 2
936 744 3 8192 2.000000000 2
936 744 3 8192 2.000000000 2
936 744 3 8192 2.000000000 2
936 744 3 8192 2.000000000 2
936 744 3 8192 2.000000000 2
936 796 3 8192 2.000000000 2
936 796 3 8192 2.000000000 2
936 796 3 8192 2.000000000 2
936 796 3 8192 2.000000000 2
936 796 3 8192 2.000000000 2
936 796 3 8192 2.000000000 2
936 796 3 8192 2.000000000 2
936 796 3 8192 2.000000000 2
936 940 3 8192 2.000000000 2
936 940 3 8192 2.000000000 2
936 940 3 8192 2.000000000 2
936 940 3 8192 2.000000000 2
936 940 3 8192 2.000000000 2
936 940 3 8192 2.000000000 2
936 940 3 8192 2.000000000 2
936 940 3 8192 2.000000000 2
936 1024 3 8192 2.000000000 2
936 1024 3 8192 2.000000000 2
936 1024 3 8192 2.000000000 2
936 1024 3 8192 2.000000000 2
936 1024 3 8192 2.000000000 2
936 1024 3 8192 2.000000000 2
936 1024 3 8192 2.000000000 2
936 1024 3 8192 2.000000000 2
936 1172 3 8192 2.000000000 2
936 1172 3 8192 2.000000000 2
936 1172 3 8192 2.000000000 2
936 1172 3 8192 2.000000000 2
936 1172 3 8192 2.000000000 2
936 1172 3 8192 2.000000000 2
936 1172 3 8192 2.000000000 2
936 1172 3 8192 2.000000000 2
936 1220 3 8192 2.000000000 2
936 1220 3 8192 2.000000000 2
936 1220 3 8192 2.000000000 2
936 1220 3 8192 2.000000000 2
936 1220 3 8192 2.000000000 2
936 1220 3 8192 2.000000000 2
936 1220 3 8192 2.000000000 2
936 1220 3 8192 2.000000000 2
940 232 3 8192 2.000000000 2
940 232 3 8192 2.000000000 2
940 232 3 8192 2.000000000 2
940 232 3 8192 2.000000000 2
940 232 3 8192 2.000000000 2
940 232 3 8192 2.000000000 2
940 232 3 8192 2.000000000 2
940 232 3 8192 2.000000000 2
940 248 3 8192 2.000000000 2
940 248 3 8192 2.000000000 2
940 248 3 8192 2.000000000 2
940 248 3 8192 2.000000000 2
940 248 3 8192 2.000000000 2
940 248 3 8192 2.000000000 2
940 248 3 8192 2.000000000 2
940 248 3 8192 2.000000000 2
940 616 3 8192 2.000000000 2
940 616 3 8192 2.000000000 2
940 616 3 8192 2.000000000 2
940 616 3 8192 2.000000000 2
940 616 3 8192 2.000000000 2
940 616 3 8192 2.000000000 2
940 616 3 8192 2.000000000 2
940 616 3 8192 2.000000000 2
940 628 3 8192 2.000000000 2
940 628 3 8192 2.000000000 2
940 628 3 8192 2.000000000 2
940 628 3 8192 2.000000000 2
940 628 3 8192 2.000000000 2
940 628 3 8192 2.000000000 2
940 628 3 8192 2.000000000 2
940 628 3 8192 2.000000000 2
940 668 3 8192 2.000000000 2
940 668 3 8192 2.000000000 2
940 668 3 8192 2.000000000 2
940 668 3 8192 2.000000000 2
940 668 3 8192 2.000000000 2
940 668 3 8192 2.000000000 2
940 668 3 8192 2.000000000 2
940 668 3 8192 2.000000000 2
940 860 3 8192 2.000000000 2
940 860 3 8192 2.000000000 2
940 860 3 8192 2.000000000 2
940 860 3 8192 2.000000000 2
940 860 3 8192 2.000000000 2
940 860 3 8192 2.000000000 2
940 860 3 8192 2.000000000 2
940 860 3 8192 2.000000000 2
940 1064 3 8192 2.000000000 2
940 1064 3 8192 2.000000000 2
940 1064 3 8192 2.000000000 2
940 1064 3 8192 2.000000000 2
940 1064 3 8192 2.000000000 2
940 1064 3 8192 2.000000000 2
940 1064 3 8192 2.000000000 2
940 1064 3 8192 2.000000000 2
940 1240 3 8192 2.000000000 2
940 1240 3 8192 2.000000000 2
940 1240 3 8192 2.000000000 2
940 1240 3 8192 2.000000000 2
940 1240 3 8192 2.000000000 2
940 1240 3 8192 2.000000000 2
940 1240 3 8192 2.000000000 2
940 1240 3 8192 2.000000000 2
944 4 3 8192 2.000000000 2
944 4 3 8192 2.000000000 2
944 4 3 8192 2.000000000 2
944 4 3 8192 2.000000000 2
944 4 3 8192 2.000000000 2
944 4 3 8192 2.000000000 2
944 4 3 8192 2.000000000 2
944 4 3 8192 2.000000000 2
944 44 3 8192 2.000000000 2
944 44 3 8192 2.000000000 2
944 44 3 8192 2.000000000 2
944 44 3 8192 2.000000000 2
944 44 3 8192 2.000000000 2
944 44 3 8192 2.000000000 2
944 44 3 8192 2.000000000 2
944 44 3 8192 2.000000000 2
944 104 3 8192 2.000000000 2
944 104 3 8192 2.000000000 2
944 104 3 8192 2.000000000 2
944 104 3 8192 2.000000000 2
944 104 3 8192 2.000000000 2
944 104 3 8192 2.000000000 2
944 104 3 8192 2.000000000 2
944 104 3 8192 2.000000000 2
944 168 3 8192 2.000000000 2
944 168 3 8192 2.000000000 2
944 168 3 8192 2.000000000 2
944 168 3 8192 2.000000000 2
944 168 3 8192 2.000000000 2
944 168 3 8192 2.000000000 2
944 168 3 8192 2.000000000 2
944 168 3 8192 2.000000000 2
944 256 3 8192 2.000000000 2
944 256 3 8192 2.000000000 2
944 256 3 8192 2.000000000 2
944 256 3 8192 2.000000000 2
944 256 3 8192 2.000000000 2
944 256 3 8192 2.000000000 2
944 256 3 8192 2.000000000 2
944 256 3 8192 2.000000000 2
944 464 3 8192 2.000000000 2
944 464 3 8192 2.000000000 2
944 464 3 8192 2.000000000 2
944 464 3 8192 2.000000000 2
944 464 3 8192 2.000000000 2
944 464 3 8192 2.000000000 2
944 464 3 8192 2.000000000 2
944 464 3 8192 2.000000000 2
944 660 3 8192 2.000000000 2
944 660 3 8192 2.000000000 2
944 660 3 8192 2.000000000 2
944 660 3 8192 2.000000000 2
944 660 3 8192 2.000000000 2
944 660 3 8192 2.000000000 2
944 660 3 8192 2.000000000 2
944 660 3 8192 2.000000000 2
944 1064 3 8192 2.000000000 2
944 1064 3 8192 2.000000000 2
944 1064 3 8192 2.000000000 2
944 1064 3 8192 2.000000000 2
944 1064 3 8192 2.000000000 2
944 1064 3 8192 2.000000000 2
944 1064 3 8192 2.000000000 2
944 1064 3 8192 2.000000000 2
948 28 3 8192 2.000000000 2
948 28 3 8192 2.000000000 2
948 28 3 8192 2.000000000 2
948 28 3 8192 2.000000000 2
948 28 3 8192 2.000000000 2
948 28 3 8192 2.000000000 2
948 28 3 8192 2.000000000 2
948 28 3 8192 2.000000000 2
948 208 3 8192 2.000000000 2
948 208 3 8192 2.000000000 2
948 208 3 8192 2.000000000 2
948 208 3 8192 2.000000000 2
948 208 3 8192 2.000000000 2
948 208 3 8192 2.000000000 2
948 208 3 8192 2.000000000 2
948 208 3 8192 2.000000000 2
948 340 3 8192 2.000000000 2
948 340 3 8192 2.000000000 2
948 340 3 8192 2.000000000 2
948 340 3 8192 2.000000000 2
948 340 3 8192 2.000000000 2
948 340 3 8192 2.000000000 2
948 340 3 8192 2.000000000 2
948 340 3 8192 2.000000000 2
948 464 3 8192 2.000000000 2
948 464 3 8192 2.000000000 2
948 464 3 8192 2.000000000 2
948 464 3 8192 2.000000000 2
948 464 3 8192 2.000000000 2
948 464 3 8192 2.000000000 2
948 464 3 8192 2.000000000 2
948 464 3 8192 2.000000000 2
948 652 3 8192 2.000000000 2
948 652 3 8192 2.000000000 2
948 652 3 8192 2.000000000 2
948 652 3 8192 2.000000000 2
948 652 3 8192 2.000000000 2
948 652 3 8192 2.000000000 2
948 652 3 8192 2.000000000 2
948 652 3 8192 2.000000000 2
948 780 3 8192 2.000000000 2
948 780 3 8192 2.000000000 2
948 780 3 8192 2.000000000 2
948 780 3 8192 2.000000000 2
948 780 3 8192 2.000000000 2
948 780 3 8192 2.000000000 2
948 780 3 8192 2.000000000 2
948 780 3 8192 2.000000000 2
948 944 3 8192 2.000000000 2
948 944 3 8192 2.000000000 2
948 944 3 8192 2.000000000 2
948 944 3 8192 2.000000000 2
948 944 3 8192 2.000000000 2
948 944 3 8192 2.000000000 2
948 944 3 8192 2.000000000 2
948 944 3 8192 2.000000000 2
948 1064 3 8192 2.000000000 2
948 1064 3 8192 2.000000000 2
948 1064 3 8192 2.000000000 2
948 1064 3 8192 2.000000000 2
948 1064 3 8192 2.000000000 2
948 1064 3 8192 2.000000000 2
948 1064 3 8192 2.000000000 2
948 1064 3 8192 2.000000000 2
952 132 3 8192 2.000000000 2
952 132 3 8192 2.000000000 2
952 132 3 8192 2.000000000 2
952 132 3 8192 2.000000000 2
952 132 3 8192 2.000000000 2
952 132 3 8192 2.000000000 2
952 132 3 8192 2.000000000 2
952 132 3 8192 2.000000000 2
952 276 3 8192 2.000000000 2
952 276 3 8192 2.000000000 2
952 276 3 8192 2.000000000 2
952 276 3 8192 2.000000000 2
952 276 3 8192 2.000000000 2
952 276 3 8192 2.000000000 2
952 276 3 8192 2.000000000 2
952 276 3 8192 2.000000000 2
952 408 3 8192 2.000000000 2
952 408 3 8192 2.000000000 2
952 408 3 8192 2.000000000 2
952 408 3 8192 2.000000000 2
952 408 3 8192 2.000000000 2
952 408 3 8192 2.000000000 2
952 408 3 8192 2.000000000 2
952 408 3 8192 2.000000000 2
952 784 3 8192 2.000000000 2
952 784 3 8192 2.000000000 2
952 784 3 8192 2.000000000 2
952 784 3 8192 2.000000000 2
952 784 3 8192 2.000000000 2
952 784 3 8192 2.000000000 2
952 784 3 8192 2.000000000 2
952 784 3 8192 2.000000000 2
952 840 3 8192 2.000000000 2
952 840 3 8192 2.000000000 2
952 840 3 8192 2.000000000 2
952 840 3 8192 2.000000000 2
952 840 3 8192 2.000000000 2
952 840 3 8192 2.000000000 2
952 840 3 8192 2.000000000 2
952 840 3 8192 2.000000000 2
952 976 3 8192 2.000000000 2
952 976 3 8192 2.000000000 2
952 976 3 8192 2.000000000 2
952 976 3 8192 2.000000000 2
952 976 3 8192 2.000000000 2
952 976 3 8192 2.000000000 2
952 976 3 8192 2.000000000 2
952 976 3 8192 2.000000000 2
952 988 3 8192 2.000000000 2
952 988 3 8192 2.000000000 2
952 988 3 8192 2.000000000 2
952 988 3 8192 2.000000000 2
952 988 3 8192 2.000000000 2
952 988 3 8192 2.000000000 2
952 988 3 8192 2.000000000 2
952 988 3 8192 2.000000000 2
952 1200 3 8192 2.000000000 2
952 1200 3 8192 2.000000000 2
952 1200 3 8192 2.000000000 2
952 1200 3 8192 2.000000000 2
952 1200 3 8192 2.000000000 2
952 1200 3 8192 2.000000000 2
952 1200 3 8192 2.000000000 2
952 1200 3 8192 2.000000000 2
956 104 3 8192 2.000000000 2
956 104 3 8192 2.000000000 2
956 104 3 8192 2.000000000 2
956 104 3 8192 2.000000000 2
956 104 3 8192 2.000000000 2
956 104 3 8192 2.000000000 2
956 104 3 8192 2.000000000 2
956 104 3 8192 2.000000000 2
956 128 3 8192 2.000000000 2
956 128 3 8192 2.000000000 2
956 128 3 8192 2.000000000 2
956 128 3 8192 2.000000000 2
956 128 3 8192 2.000000000 2
956 128 3 8192 2.000000000 2
956 128 3 8192 2.000000000 2
956 128 3 8192 2.000000000 2
956 280 3 8192 2.000000000 2
956 280 3 8192 2.000000000 2
956 280 3 8192 2.000000000 2
956 280 3 8192 2.000000000 2
956 280 3 8192 2.000000000 2
956 280 3 8192 2.000000000 2
956 280 3 8192 2.000000000 2
956 280 3 8192 2.000000000 2
956 284 3 8192 2.000000000 2
956 284 3 8192 2.000000000 2
956 284 3 8192 2.000000000 2
956 284 3 8192 2.000000000 2
956 284 3 8192 2.000000000 2
956 284 3 8192 2.000000000 2
956 284 3 8192 2.000000000 2
956 284 3 8192 2.000000000 2
956 312 3 8192 2.000000000 2
956 312 3 8192 2.000000000 2
956 312 3 8192 2.000000000 2
956 312 3 8192 2.000000000 2
956 312 3 8192 2.000000000 2
956 312 3 8192 2.000000000 2
956 312 3 8192 2.000000000 2
956 312 3 8192 2.000000000 2
956 524 3 8192 2.000000000 2
956 524 3 8192 2.000000000 2
956 524 3 8192 2.000000000 2
956 524 3 8192 2.000000000 2
956 524 3 8192 2.000000000 2
956 524 3 8192 2.000000000 2
956 524 3 8192 2.000000000 2
956 524 3 8192 2.000000000 2
956 540 3 8192 2.000000000 2
956 540 3 8192 2.000000000 2
956 540 3 8192 2.000000000 2
956 540 3 8192 2.000000000 2
956 540 3 8192 2.000000000 2
956 540 3 8192 2.000000000 2
956 540 3 8192 2.000000000 2
956 540 3 8192 2.000000000 2
956 1052 3 8192 2.000000000 2
956 1052 3 8192 2.000000000 2
956 1052 3 8192 2.000000000 2
956 1052 3 8192 2.000000000 2
956 1052 3 8192 2.000000000 2
956 1052 3 8192 2.000000000 2
956 1052 3 8192 2.000000000 2
956 1052 3 8192 2.000000000 2
960 112 3 8192 2.000000000 2
960 112 3 8192 2.000000000 2
960 112 3 8192 2.000000000 2
960 112 3 8192 2.000000000 2
960 112 3 8192 2.000000000 2
960 112 3 8192 2.000000000 2
960 112 3 8192 2.000000000 2
960 112 3 8192 2.000000000 2
960 608 3 8192 2.000000000 2
960 608 3 8192 2.000000000 2
960 608 3 8192 2.000000000 2
960 608 3 8192 2.000000000 2
960 608 3 8192 2.000000000 2
960 608 3 8192 2.000000000 2
960 608 3 8192 2.000000000 2
960 608 3 8192 2.000000000 2
960 636 3 8192 2.000000000 2
960 636 3 8192 2.000000000 2
960 636 3 8192 2.000000000 2
960 636 3 8192 2.000000000 2
960 636 3 8192 2.000000000 2
960 636 3 8192 2.000000000 2
960 636 3 8192 2.000000000 2
960 636 3 8192 2.000000000 2
960 748 3 8192 2.000000000 2
960 748 3 8192 2.000000000 2
960 748 3 8192 2.000000000 2
960 748 3 8192 2.000000000 2
960 748 3 8192 2.000000000 2
960 748 3 8192 2.000000000 2
960 748 3 8192 2.000000000 2
960 748 3 8192 2.000000000 2
960 940 3 8192 2.000000000 2
960 940 3 8192 2.000000000 2
960 940 3 8192 2.000000000 2
960 940 3 8192 2.000000000 2
960 940 3 8192 2.000000000 2
960 940 3 8192 2.000000000 2
960 940 3 8192 2.000000000 2
960 940 3 8192 2.000000000 2
960 1080 3 8192 2.000000000 2
960 1080 3 8192 2.000000000 2
960 1080 3 8192 2.000000000 2
960 1080 3 8192 2.000000000 2
960 1080 3 8192 2.000000000 2
960 1080 3 8192 2.000000000 2
960 1080 3 8192 2.000000000 2
960 1080 3 8192 2.000000000 2
960 1184 3 8192 2.000000000 2
960 1184 3 8192 2.000000000 2
960 1184 3 8192 2.000000000 2
960 1184 3 8192 2.000000000 2
960 1184 3 8192 2.000000000 2
960 1184 3 8192 2.000000000 2
960 1184 3 8192 2.000000000 2
960 1184 3 8192 2.000000000 2
960 1232 3 8192 2.000000000 2
960 1232 3 8192 2.000000000 2
960 1232 3 8192 2.000000000 2
960 1232 3 8192 2.000000000 2
960 1232 3 8192 2.000000000 2
960 1232 3 8192 2.000000000 2
960 1232 3 8192 2.000000000 2
960 1232 3 8192 2.000000000 2
964 172 3 8192 2.000000000 2
964 172 3 8192 2.000000000 2
964 172 3 8192 2.000000000 2
964 172 3 8192 2.000000000 2
964 172 3 8192 2.000000000 2
964 172 3 8192 2.000000000 2
964 172 3 8192 2.000000000 2
964 172 3 8192 2.000000000 2
964 232 3 8192 2.000000000 2
964 232 3 8192 2.000000000 2
964 232 3 8192 2.000000000 2
964 232 3 8192 2.000000000 2
964 232 3 8192 2.000000000 2
964 232 3 8192 2.000000000 2
964 232 3 8192 2.000000000 2
964 232 3 8192 2.000000000 2
964 312 3 8192 2.000000000 2
964 312 3 8192 2.000000000 2
964 312 3 8192 2.000000000 2
964 312 3 8192 2.000000000 2
964 312 3 8192 2.000000000 2
964 312 3 8192 2.000000000 2
964 312 3 8192 2.000000000 2
964 312 3 8192 2.000000000 2
964 336 3 8192 2.000000000 2
964 336 3 8192 2.000000000 2
964 336 3 8192 2.000000000 2
964 336 3 8192 2.000000000 2
964 336 3 8192 2.000000000 2
964 336 3 8192 2.000000000 2
964 336 3 8192 2.000000000 2
964 336 3 8192 2.000000000 2
964 692 3 8192 2.000000000 2
964 692 3 8192 2.000000000 2
964 692 3 8192 2.000000000 2
964 692 3 8192 2.000000000 2
964 692 3 8192 2.000000000 2
964 692 3 8192 2.000000000 2
964 692 3 8192 2.000000000 2
964 692 3 8192 2.000000000 2
964 996 3 8192 2.000000000 2
964 996 3 8192 2.000000000 2
964 996 3 8192 2.000000000 2
964 996 3 8192 2.000000000 2
964 996 3 8192 2.000000000 2
964 996 3 8192 2.000000000 2
964 996 3 8192 2.000000000 2
964 996 3 8192 2.000000000 2
964 1204 3 8192 2.000000000 2
964 1204 3 8192 2.000000000 2
964 1204 3 8192 2.000000000 2
964 1204 3 8192 2.000000000 2
964 1204 3 8192 2.000000000 2
964 1204 3 8192 2.000000000 2
964 1204 3 8192 2.000000000 2
964 1204 3 8192 2.000000000 2
964 1212 3 8192 2.000000000 2
964 1212 3 8192 2.000000000 2
964 1212 3 8192 2.000000000 2
964 1212 3 8192 2.000000000 2
964 1212 3 8192 2.000000000 2
964 1212 3 8192 2.000000000 2
964 1212 3 8192 2.000000000 2
964 1212 3 8192 2.000000000 2
968 228 3 8192 2.000000000 2
968 228 3 8192 2.000000000 2
968 228 3 8192 2.000000000 2
968 228 3 8192 2.000000000 2
968 228 3 8192 2.000000000 2
968 228 3 8192 2.000000000 2
968 228 3 8192 2.000000000 2
968 228 3 8192 2.000000000 2
968 232 3 8192 2.000000000 2
968 232 3 8192 2.000000000 2
968 232 3 8192 2.000000000 2
968 232 3 8192 2.000000000 2
968 232 3 8192 2.000000000 2
968 232 3 8192 2.000000000 2
968 232 3 8192 2.000000000 2
968 232 3 8192 2.000000000 2
968 492 3 8192 2.000000000 2
968 492 3 8192 2.000000000 2
968 492 3 8192 2.000000000 2
968 492 3 8192 2.000000000 2
968 492 3 8192 2.000000000 2
968 492 3 8192 2.000000000 2
968 492 3 8192 2.000000000 2
968 492 3 8192 2.000000000 2
968 796 3 8192 2.000000000 2
968 796 3 8192 2.000000000 2
968 796 3 8192 2.000000000 2
968 796 3 8192 2.000000000 2
968 796 3 8192 2.000000000 2
968 796 3 8192 2.000000000 2
968 796 3 8192 2.000000000 2
968 796 3 8192 2.000000000 2
968 860 3 8192 2.000000000 2
968 860 3 8192 2.000000000 2
968 860 3 8192 2.000000000 2
968 860 3 8192 2.000000000 2
968 860 3 8192 2.000000000 2
968 860 3 8192 2.000000000 2
968 860 3 8192 2.000000000 2
968 860 3 8192 2.000000000 2
968 976 3 8192 2.000000000 2
968 976 3 8192 2.000000000 2
968 976 3 8192 2.000000000 2
968 976 3 8192 2.000000000 2
968 976 3 8192 2.000000000 2
968 976 3 8192 2.000000000 2
968 976 3 8192 2.000000000 2
968 976 3 8192 2.000000000 2
968 1108 3 8192 2.000000000 2
968 1108 3 8192 2.000000000 2
968 1108 3 8192 2.000000000 2
968 1108 3 8192 2.000000000 2
968 1108 3 8192 2.000000000 2
968 1108 3 8192 2.000000000 2
968 1108 3 8192 2.000000000 2
968 1108 3 8192 2.000000000 2
968 1236 3 8192 2.000000000 2
968 1236 3 8192 2.000000000 2
968 1236 3 8192 2.000000000 2
968 1236 3 8192 2.000000000 2
968 1236 3 8192 2.000000000 2
968 1236 3 8192 2.000000000 2
968 1236 3 8192 2.000000000 2
968 1236 3 8192 2.000000000 2
976 128 3 8192 2.000000000 2
976 128 3 8192 2.000000000 2
976 128 3 8192 2.000000000 2
976 128 3 8192 2.000000000 2
976 128 3 8192 2.000000000 2
976 128 3 8192 2.000000000 2
976 128 3 8192 2.000000000 2
976 128 3 8192 2.000000000 2
976 132 3 8192 2.000000000 2
976 132 3 8192 2.000000000 2
976 132 3 8192 2.000000000 2
976 132 3 8192 2.000000000 2
976 132 3 8192 2.000000000 2
976 132 3 8192 2.000000000 2
976 132 3 8192 2.000000000 2
976 132 3 8192 2.000000000 2
976 352 3 8192 2.000000000 2
976 352 3 8192 2.000000000 2
976 352 3 8192 2.000000000 2
976 352 3 8192 2.000000000 2
976 352 3 8192 2.000000000 2
976 352 3 8192 2.000000000 2
976 352 3 8192 2.000000000 2
976 352 3 8192 2.000000000 2
976 368 3 8192 2.000000000 2
976 368 3 8192 2.000000000 2
976 368 3 8192 2.000000000 2
976 368 3 8192 2.000000000 2
976 368 3 8192 2.000000000 2
976 368 3 8192 2.000000000 2
976 368 3 8192 2.000000000 2
976 368 3 8192 2.000000000 2
976 900 3 8192 2.000000000 2
976 900 3 8192 2.000000000 2
976 900 3 8192 2.000000000 2
976 900 3 8192 2.000000000 2
976 900 3 8192 2.000000000 2
976 900 3 8192 2.000000000 2
976 900 3 8192 2.000000000 2
976 900 3 8192 2.000000000 2
976 932 3 8192 2.000000000 2
976 932 3 8192 2.000000000 2
976 932 3 8192 2.000000000 2
976 932 3 8192 2.000000000 2
976 932 3 8192 2.000000000 2
976 932 3 8192 2.000000000 2
976 932 3 8192 2.000000000 2
976 932 3 8192 2.000000000 2
976 1080 3 8192 2.000000000 2
976 1080 3 8192 2.000000000 2
976 1080 3 8192 2.000000000 2
976 1080 3 8192 2.000000000 2
976 1080 3 8192 2.000000000 2
976 1080 3 8192 2.000000000 2
976 1080 3 8192 2.000000000 2
976 1080 3 8192 2.000000000 2
976 1216 3 8192 2.000000000 2
976 1216 3 8192 2.000000000 2
976 1216 3 8192 2.000000000 2
976 1216 3 8192 2.000000000 2
976 1216 3 8192 2.000000000 2
976 1216 3 8192 2.000000000 2
976 1216 3 8192 2.000000000 2
976 1216 3 8192 2.000000000 2
988 12 3 8192 2.000000000 2
988 12 3 8192 2.000000000 2
988 12 3 8192 2.000000000 2
988 12 3 8192 2.000000000 2
988 12 3 8192 2.000000000 2
988 12 3 8192 2.000000000 2
988 12 3 8192 2.000000000 2
988 12 3 8192 2.000000000 2
988 36 3 8192 2.000000000 2
988 36 3 8192 2.000000000 2
988 36 3 8192 2.000000000 2
988 36 3 8192 2.000000000 2
988 36 3 8192 2.000000000 2
988 36 3 8192 2.000000000 2
988 36 3 8192 2.000000000 2
988 36 3 8192 2.000000000 2
988 204 3 8192 2.000000000 2
988 204 3 8192 2.000000000 2
988 204 3 8192 2.000000000 2
988 204 3 8192 2.000000000 2
988 204 3 8192 2.000000000 2
988 204 3 8192 2.000000000 2
988 204 3 8192 2.000000000 2
988 204 3 8192 2.000000000 2
988 312 3 8192 2.000000000 2
988 312 3 8192 2.000000000 2
988 312 3 8192 2.000000000 2
988 312 3 8192 2.000000000 2
988 312 3 8192 2.000000000 2
988 312 3 8192 2.000000000 2
988 312 3 8192 2.000000000 2
988 312 3 8192 2.000000000 2
988 636 3 8192 2.000000000 2
988 636 3 8192 2.000000000 2
988 636 3 8192 2.000000000 2
988 636 3 8192 2.000000000 2
988 636 3 8192 2.000000000 2
988 636 3 8192 2.000000000 2
988 636 3 8192 2.000000000 2
988 636 3 8192 2.000000000 2
988 916 3 8192 2.000000000 2
988 916 3 8192 2.000000000 2
988 916 3 8192 2.000000000 2
988 916 3 8192 2.000000000 2
988 916 3 8192 2.000000000 2
988 916 3 8192 2.000000000 2
988 916 3 8192 2.000000000 2
988 916 3 8192 2.000000000 2
988 968 3 8192 2.000000000 2
988 968 3 8192 2.000000000 2
988 968 3 8192 2.000000000 2
988 968 3 8192 2.000000000 2
988 968 3 8192 2.000000000 2
988 968 3 8192 2.000000000 2
988 968 3 8192 2.000000000 2
988 968 3 8192 2.000000000 2
988 1088 3 8192 2.000000000 2
988 1088 3 8192 2.000000000 2
988 1088 3 8192 2.000000000 2
988 1088 3 8192 2.000000000 2
988 1088 3 8192 2.000000000 2
988 1088 3 8192 2.000000000 2
988 1088 3 8192 2.000000000 2
988 1088 3 8192 2.000000000 2
992 16 3 8192 2.000000000 2
992 16 3 8192 2.000000000 2
992 16 3 8192 2.000000000 2
992 16 3 8192 2.000000000 2
992 16 3 8192 2.000000000 2
992 16 3 8192 2.000000000 2
992 16 3 8192 2.000000000 2
992 16 3 8192 2.000000000 2
992 60 3 8192 2.000000000 2
992 60 3 8192 2.000000000 2
992 60 3 8192 2.000000000 2
992 60 3 8192 2.000000000 2
992 60 3 8192 2.000000000 2
992 60 3 8192 2.000000000 2
992 60 3 8192 2.000000000 2
992 60 3 8192 2.000000000 2
992 256 3 8192 2.000000000 2
992 256 3 8192 2.000000000 2
992 256 3 8192 2.000000000 2
992 256 3 8192 2.000000000 2
992 256 3 8192 2.000000000 2
992 256 3 8192 2.000000000 2
992 256 3 8192 2.000000000 2
992 256 3 8192 2.000000000 2
992 260 3 8192 2.000000000 2
992 260 3 8192 2.000000000 2
992 260 3 8192 2.000000000 2
992 260 3 8192 2.000000000 2
992 260 3 8192 2.000000000 2
992 260 3 8192 2.000000000 2
992 260 3 8192 2.000000000 2
992 260 3 8192 2.000000000 2
992 288 3 8192 2.000000000 2
992 288 3 8192 2.000000000 2
992 288 3 8192 2.000000000 2
992 288 3 8192 2.000000000 2
992 288 3 8192 2.000000000 2
992 288 3 8192 2.000000000 2
992 288 3 8192 2.000000000 2
992 288 3 8192 2.000000000 2
992 308 3 8192 2.000000000 2
992 308 3 8192 2.000000000 2
992 308 3 8192 2.000000000 2
992 308 3 8192 2.000000000 2
992 308 3 8192 2.000000000 2
992 308 3 8192 2.000000000 2
992 308 3 8192 2.000000000 2
992 308 3 8192 2.000000000 2
992 748 3 8192 2.000000000 2
992 748 3 8192 2.000000000 2
992 748 3 8192 2.000000000 2
992 748 3 8192 2.000000000 2
992 748 3 8192 2.000000000 2
992 748 3 8192 2.000000000 2
992 748 3 8192 2.000000000 2
992 748 3 8192 2.000000000 2
992 1080 3 8192 2.000000000 2
992 1080 3 8192 2.000000000 2
992 1080 3 8192 2.000000000 2
992 1080 3 8192 2.000000000 2
992 1080 3 8192 2.000000000 2
992 1080 3 8192 2.000000000 2
992 1080 3 8192 2.000000000 2
992 1080 3 8192 2.000000000 2
996 24 3 8192 2.000000000 2
996 24 3 8192 2.000000000 2
996 24 3 8192 2.000000000 2
996 24 3 8192 2.000000000 2
996 24 3 8192 2.000000000 2
996 24 3 8192 2.000000000 2
996 24 3 8192 2.000000000 2
996 24 3 8192 2.000000000 2
996 56 3 8192 2.000000000 2
996 56 3 8192 2.000000000 2
996 56 3 8192 2.000000000 2
996 56 3 8192 2.000000000 2
996 56 3 8192 2.000000000 2
996 56 3 8192 2.000000000 2
996 56 3 8192 2.000000000 2
996 56 3 8192 2.000000000 2
996 176 3 8192 2.000000000 2
996 176 3 8192 2.000000000 2
996 176 3 8192 2.000000000 2
996 176 3 8192 2.000000000 2
996 176 3 8192 2.000000000 2
996 176 3 8192 2.000000000 2
996 176 3 8192 2.000000000 2
996 176 3 8192 2.000000000 2
996 236 3 8192 2.000000000 2
996 236 3 8192 2.000000000 2
996 236 3 8192 2.000000000 2
996 236 3 8192 2.000000000 2
996 236 3 8192 2.000000000 2
996 236 3 8192 2.000000000 2
996 236 3 8192 2.000000000 2
996 236 3 8192 2.000000000 2
996 244 3 8192 2.000000000 2
996 244 3 8192 2.000000000 2
996 244 3 8192 2.000000000 2
996 244 3 8192 2.000000000 2
996 244 3 8192 2.000000000 2
996 244 3 8192 2.000000000 2
996 244 3 8192 2.000000000 2
996 244 3 8192 2.000000000 2
996 664 3 8192 2.000000000 2
996 664 3 8192 2.000000000 2
996 664 3 8192 2.000000000 2
996 664 3 8192 2.000000000 2
996 664 3 8192 2.000000000 2
996 664 3 8192 2.000000000 2
996 664 3 8192 2.000000000 2
996 664 3 8192 2.000000000 2
996 872 3 8192 2.000000000 2
996 872 3 8192 2.000000000 2
996 872 3 8192 2.000000000 2
996 872 3 8192 2.000000000 2
996 872 3 8192 2.000000000 2
996 872 3 8192 2.000000000 2
996 872 3 8192 2.000000000 2
996 872 3 8192 2.000000000 2
996 1232 3 8192 2.000000000 2
996 1232 3 8192 2.000000000 2
996 1232 3 8192 2.000000000 2
996 1232 3 8192 2.000000000 2
996 1232 3 8192 2.000000000 2
996 1232 3 8192 2.000000000 2
996 1232 3 8192 2.000000000 2
996 1232 3 8192 2.000000000 2
1000 120 3 8192 2.000000000 2
1000 120 3 8192 2.000000000 2
1000 120 3 8192 2.000000000 2
1000 120 3 8192 2.000000000 2
1000 120 3 8192 2.000000000 2
1000 120 3 8192 2.000000000 2
1000 120 3 8192 2.000000000 2
1000 120 3 8192 2.000000000 2
1000 252 3 8192 2.000000000 2
1000 252 3 8192 2.000000000 2
1000 252 3 8192 2.000000000 2
1000 252 3 8192 2.000000000 2
1000 252 3 8192 2.000000000 2
1000 252 3 8192 2.000000000 2
1000 252 3 8192 2.000000000 2
1000 252 3 8192 2.000000000 2
1000 308 3 8192 2.000000000 2
1000 308 3 8192 2.000000000 2
1000 308 3 8192 2.000000000 2
1000 308 3 8192 2.000000000 2
1000 308 3 8192 2.000000000 2
1000 308 3 8192 2.000000000 2
1000 308 3 8192 2.000000000 2
1000 308 3 8192 2.000000000 2
1000 436 3 8192 2.000000000 2
1000 436 3 8192 2.000000000 2
1000 436 3 8192 2.000000000 2
1000 436 3 8192 2.000000000 2
1000 436 3 8192 2.000000000 2
1000 436 3 8192 2.000000000 2
1000 436 3 8192 2.000000000 2
1000 436 3 8192 2.000000000 2
1000 472 3 8192 2.000000000 2
1000 472 3 8192 2.000000000 2
1000 472 3 8192 2.000000000 2
1000 472 3 8192 2.000000000 2
1000 472 3 8192 2.000000000 2
1000 472 3 8192 2.000000000 2
1000 472 3 8192 2.000000000 2
1000 472 3 8192 2.000000000 2
1000 720 3 8192 2.000000000 2
1000 720 3 8192 2.000000000 2
1000 720 3 8192 2.000000000 2
1000 720 3 8192 2.000000000 2
1000 720 3 8192 2.000000000 2
1000 720 3 8192 2.000000000 2
1000 720 3 8192 2.000000000 2
1000 720 3 8192 2.000000000 2
1000 1020 3 8192 2.000000000 2
1000 1020 3 8192 2.000000000 2
1000 1020 3 8192 2.000000000 2
1000 1020 3 8192 2.000000000 2
1000 1020 3 8192 2.000000000 2
1000 1020 3 8192 2.000000000 2
1000 1020 3 8192 2.000000000 2
1000 1020 3 8192 2.000000000 2
1000 1128 3 8192 2.000000000 2
1000 1128 3 8192 2.000000000 2
1000 1128 3 8192 2.000000000 2
1000 1128 3 8192 2.000000000 2
1000 1128 3 8192 2.000000000 2
1000 1128 3 8192 2.000000000 2
1000 1128 3 8192 2.000000000 2
1000 1128 3 8192 2.000000000 2
1008 268 3 8192 2.000000000 2
1008 268 3 8192 2.000000000 2
1008 268 3 8192 2.000000000 2
1008 268 3 8192 2.000000000 2
1008 268 3 8192 2.000000000 2
1008 268 3 8192 2.000000000 2
1008 268 3 8192 2.000000000 2
1008 268 3 8192 2.000000000 2
1008 368 3 8192 2.000000000 2
1008 368 3 8192 2.000000000 2
1008 368 3 8192 2.000000000 2
1008 368 3 8192 2.000000000 2
1008 368 3 8192 2.000000000 2
1008 368 3 8192 2.000000000 2
1008 368 3 8192 2.000000000 2
1008 368 3 8192 2.000000000 2
1008 688 3 8192 2.000000000 2
1008 688 3 8192 2.000000000 2
1008 688 3 8192 2.000000000 2
1008 688 3 8192 2.000000000 2
1008 688 3 8192 2.000000000 2
1008 688 3 8192 2.000000000 2
1008 688 3 8192 2.000000000 2
1008 688 3 8192 2.000000000 2
1008 848 3 8192 2.000000000 2
1008 848 3 8192 2.000000000 2
1008 848 3 8192 2.000000000 2
1008 848 3 8192 2.000000000 2
1008 848 3 8192 2.000000000 2
1008 848 3 8192 2.000000000 2
1008 848 3 8192 2.000000000 2
1008 848 3 8192 2.000000000 2
1008 900 3 8192 2.000000000 2
1008 900 3 8192 2.000000000 2
1008 900 3 8192 2.000000000 2
1008 900 3 8192 2.000000000 2
1008 900 3 8192 2.000000000 2
1008 900 3 8192 2.000000000 2
1008 900 3 8192 2.000000000 2
1008 900 3 8192 2.000000000 2
1008 1136 3 8192 2.000000000 2
1008 1136 3 8192 2.000000000 2
1008 1136 3 8192 2.000000000 2
1008 1136 3 8192 2.000000000 2
1008 1136 3 8192 2.000000000 2
1008 1136 3 8192 2.000000000 2
1008 1136 3 8192 2.000000000 2
1008 1136 3 8192 2.000000000 2
1008 1200 3 8192 2.000000000 2
1008 1200 3 8192 2.000000000 2
1008 1200 3 8192 2.000000000 2
1008 1200 3 8192 2.000000000 2
1008 1200 3 8192 2.000000000 2
1008 1200 3 8192 2.000000000 2
1008 1200 3 8192 2.000000000 2
1008 1200 3 8192 2.000000000 2
1008 1252 3 8192 2.000000000 2
1008 1252 3 8192 2.000000000 2
1008 1252 3 8192 2.000000000 2
1008 1252 3 8192 2.000000000 2
1008 1252 3 8192 2.000000000 2
1008 1252 3 8192 2.000000000 2
1008 1252 3 8192 2.000000000 2
1008 1252 3 8192 2.000000000 2
1016 412 3 8192 2.000000000 2
1016 412 3 8192 2.000000000 2
1016 412 3 8192 2.000000000 2
1016 412 3 8192 2.000000000 2
1016 412 3 8192 2.000000000 2
1016 412 3 8192 2.000000000 2
1016 412 3 8192 2.000000000 2
1016 412 3 8192 2.000000000 2
1016 480 3 8192 2.000000000 2
1016 480 3 8192 2.000000000 2
1016 480 3 8192 2.000000000 2
1016 480 3 8192 2.000000000 2
1016 480 3 8192 2.000000000 2
1016 480 3 8192 2.000000000 2
1016 480 3 8192 2.000000000 2
1016 480 3 8192 2.000000000 2
1016 536 3 8192 2.000000000 2
1016 536 3 8192 2.000000000 2
1016 536 3 8192 2.000000000 2
1016 536 3 8192 2.000000000 2
1016 536 3 8192 2.000000000 2
1016 536 3 8192 2.000000000 2
1016 536 3 8192 2.000000000 2
1016 536 3 8192 2.000000000 2
1016 708 3 8192 2.000000000 2
1016 708 3 8192 2.000000000 2
1016 708 3 8192 2.000000000 2
1016 708 3 8192 2.000000000 2
1016 708 3 8192 2.000000000 2
1016 708 3 8192 2.000000000 2
1016 708 3 8192 2.000000000 2
1016 708 3 8192 2.000000000 2
1016 1048 3 8192 2.000000000 2
1016 1048 3 8192 2.000000000 2
1016 1048 3 8192 2.000000000 2
1016 1048 3 8192 2.000000000 2
1016 1048 3 8192 2.000000000 2
1016 1048 3 8192 2.000000000 2
1016 1048 3 8192 2.000000000 2
1016 1048 3 8192 2.000000000 2
1016 1168 3 8192 2.000000000 2
1016 1168 3 8192 2.000000000 2
1016 1168 3 8192 2.000000000 2
1016 1168 3 8192 2.000000000 2
1016 1168 3 8192 2.000000000 2
1016 1168 3 8192 2.000000000 2
1016 1168 3 8192 2.000000000 2
1016 1168 3 8192 2.000000000 2
1016 1172 3 8192 2.000000000 2
1016 1172 3 8192 2.000000000 2
1016 1172 3 8192 2.000000000 2
1016 1172 3 8192 2.000000000 2
1016 1172 3 8192 2.000000000 2
1016 1172 3 8192 2.000000000 2
1016 1172 3 8192 2.000000000 2
1016 1172 3 8192 2.000000000 2
1016 1268 3 8192 2.000000000 2
1016 1268 3 8192 2.000000000 2
1016 1268 3 8192 2.000000000 2
1016 1268 3 8192 2.000000000 2
1016 1268 3 8192 2.000000000 2
1016 1268 3 8192 2.000000000 2
1016 1268 3 8192 2.000000000 2
1016 1268 3 8192 2.000000000 2
1020 108 3 8192 2.000000000 2
1020 108 3 8192 2.000000000 2
1020 108 3 8192 2.000000000 2
1020 108 3 8192 2.000000000 2
1020 108 3 8192 2.000000000 2
1020 108 3 8192 2.000000000 2
1020 108 3 8192 2.000000000 2
1020 108 3 8192 2.000000000 2
1020 508 3 8192 2.000000000 2
1020 508 3 8192 2.000000000 2
1020 508 3 8192 2.000000000 2
1020 508 3 8192 2.000000000 2
1020 508 3 8192 2.000000000 2
1020 508 3 8192 2.000000000 2
1020 508 3 8192 2.000000000 2
1020 508 3 8192 2.000000000 2
1020 532 3 8192 2.000000000 2
1020 532 3 8192 2.000000000 2
1020 532 3 8192 2.000000000 2
1020 532 3 8192 2.000000000 2
1020 532 3 8192 2.000000000 2
1020 532 3 8192 2.000000000 2
1020 532 3 8192 2.000000000 2
1020 532 3 8192 2.000000000 2
1020 556 3 8192 2.000000000 2
1020 556 3 8192 2.000000000 2
1020 556 3 8192 2.000000000 2
1020 556 3 8192 2.000000000 2
1020 556 3 8192 2.000000000 2
1020 556 3 8192 2.000000000 2
1020 556 3 8192 2.000000000 2
1020 556 3 8192 2.000000000 2
1020 828 3 8192 2.000000000 2
1020 828 3 8192 2.000000000 2
1020 828 3 8192 2.000000000 2
1020 828 3 8192 2.000000000 2
1020 828 3 8192 2.000000000 2
1020 828 3 8192 2.000000000 2
1020 828 3 8192 2.000000000 2
1020 828 3 8192 2.000000000 2
1020 1052 3 8192 2.000000000 2
1020 1052 3 8192 2.000000000 2
1020 1052 3 8192 2.000000000 2
1020 1052 3 8192 2.000000000 2
1020 1052 3 8192 2.000000000 2
1020 1052 3 8192 2.000000000 2
1020 1052 3 8192 2.000000000 2
1020 1052 3 8192 2.000000000 2
1020 1248 3 8192 2.000000000 2
1020 1248 3 8192 2.000000000 2
1020 1248 3 8192 2.000000000 2
1020 1248 3 8192 2.000000000 2
1020 1248 3 8192 2.000000000 2
1020 1248 3 8192 2.000000000 2
1020 1248 3 8192 2.000000000 2
1020 1248 3 8192 2.000000000 2
1020 1256 3 8192 2.000000000 2
1020 1256 3 8192 2.000000000 2
1020 1256 3 8192 2.000000000 2
1020 1256 3 8192 2.000000000 2
1020 1256 3 8192 2.000000000 2
1020 1256 3 8192 2.000000000 2
1020 1256 3 8192 2.000000000 2
1020 1256 3 8192 2.000000000 2
1024 44 3 8192 2.000000000 2
1024 44 3 8192 2.000000000 2
1024 44 3 8192 2.000000000 2
1024 44 3 8192 2.000000000 2
1024 44 3 8192 2.000000000 2
1024 44 3 8192 2.000000000 2
1024 44 3 8192 2.000000000 2
1024 44 3 8192 2.000000000 2
1024 120 3 8192 2.000000000 2
1024 120 3 8192 2.000000000 2
1024 120 3 8192 2.000000000 2
1024 120 3 8192 2.000000000 2
1024 120 3 8192 2.000000000 2
1024 120 3 8192 2.000000000 2
1024 120 3 8192 2.000000000 2
1024 120 3 8192 2.000000000 2
1024 472 3 8192 2.000000000 2
1024 472 3 8192 2.000000000 2
1024 472 3 8192 2.000000000 2
1024 472 3 8192 2.000000000 2
1024 472 3 8192 2.000000000 2
1024 472 3 8192 2.000000000 2
1024 472 3 8192 2.000000000 2
1024 472 3 8192 2.000000000 2
1024 576 3 8192 2.000000000 2
1024 576 3 8192 2.000000000 2
1024 576 3 8192 2.000000000 2
1024 576 3 8192 2.000000000 2
1024 576 3 8192 2.000000000 2
1024 576 3 8192 2.000000000 2
1024 576 3 8192 2.000000000 2
1024 576 3 8192 2.000000000 2
1024 648 3 8192 2.000000000 2
1024 648 3 8192 2.000000000 2
1024 648 3 8192 2.000000000 2
1024 648 3 8192 2.000000000 2
1024 648 3 8192 2.000000000 2
1024 648 3 8192 2.000000000 2
1024 648 3 8192 2.000000000 2
1024 648 3 8192 2.000000000 2
1024 796 3 8192 2.000000000 2
1024 796 3 8192 2.000000000 2
1024 796 3 8192 2.000000000 2
1024 796 3 8192 2.000000000 2
1024 796 3 8192 2.000000000 2
1024 796 3 8192 2.000000000 2
1024 796 3 8192 2.000000000 2
1024 796 3 8192 2.000000000 2
1024 1108 3 8192 2.000000000 2
1024 1108 3 8192 2.000000000 2
1024 1108 3 8192 2.000000000 2
1024 1108 3 8192 2.000000000 2
1024 1108 3 8192 2.000000000 2
1024 1108 3 8192 2.000000000 2
1024 1108 3 8192 2.000000000 2
1024 1108 3 8192 2.000000000 2
1024 1136 3 8192 2.000000000 2
1024 1136 3 8192 2.000000000 2
1024 1136 3 8192 2.000000000 2
1024 1136 3 8192 2.000000000 2
1024 1136 3 8192 2.000000000 2
1024 1136 3 8192 2.000000000 2
1024 1136 3 8192 2.000000000 2
1024 1136 3 8192 2.000000000 2
1028 624 3 8192 2.000000000 2
1028 624 3 8192 2.000000000 2
1028 624 3 8192 2.000000000 2
1028 624 3 8192 2.000000000 2
1028 624 3 8192 2.000000000 2
1028 624 3 8192 2.000000000 2
1028 624 3 8192 2.000000000 2
1028 624 3 8192 2.000000000 2
1028 648 3 8192 2.000000000 2
1028 648 3 8192 2.000000000 2
1028 648 3 8192 2.000000000 2
1028 648 3 8192 2.000000000 2
1028 648 3 8192 2.000000000 2
1028 648 3 8192 2.000000000 2
1028 648 3 8192 2.000000000 2
1028 648 3 8192 2.000000000 2
1028 872 3 8192 2.000000000 2
1028 872 3 8192 2.000000000 2
1028 872 3 8192 2.000000000 2
1028 872 3 8192 2.000000000 2
1028 872 3 8192 2.000000000 2
1028 872 3 8192 2.000000000 2
1028 872 3 8192 2.000000000 2
1028 872 3 8192 2.000000000 2
1028 936 3 8192 2.000000000 2
1028 936 3 8192 2.000000000 2
1028 936 3 8192 2.000000000 2
1028 936 3 8192 2.000000000 2
1028 936 3 8192 2.000000000 2
1028 936 3 8192 2.000000000 2
1028 936 3 8192 2.000000000 2
1028 936 3 8192 2.000000000 2
1028 968 3 8192 2.000000000 2
1028 968 3 8192 2.000000000 2
1028 968 3 8192 2.000000000 2
1028 968 3 8192 2.000000000 2
1028 968 3 8192 2.000000000 2
1028 968 3 8192 2.000000000 2
1028 968 3 8192 2.000000000 2
1028 968 3 8192 2.000000000 2
1028 1064 3 8192 2.000000000 2
1028 1064 3 8192 2.000000000 2
1028 1064 3 8192 2.000000000 2
1028 1064 3 8192 2.000000000 2
1028 1064 3 8192 2.000000000 2
1028 1064 3 8192 2.000000000 2
1028 1064 3 8192 2.000000000 2
1028 1064 3 8192 2.000000000 2
1028 1108 3 8192 2.000000000 2
1028 1108 3 8192 2.000000000 2
1028 1108 3 8192 2.000000000 2
1028 1108 3 8192 2.000000000 2
1028 1108 3 8192 2.000000000 2
1028 1108 3 8192 2.000000000 2
1028 1108 3 8192 2.000000000 2
1028 1108 3 8192 2.000000000 2
1028 1144 3 8192 2.000000000 2
1028 1144 3 8192 2.000000000 2
1028 1144 3 8192 2.000000000 2
1028 1144 3 8192 2.000000000 2
1028 1144 3 8192 2.000000000 2
1028 1144 3 8192 2.000000000 2
1028 1144 3 8192 2.000000000 2
1028 1144 3 8192 2.000000000 2
1032 64 3 8192 2.000000000 2
1032 64 3 8192 2.000000000 2
1032 64 3 8192 2.000000000 2
1032 64 3 8192 2.000000000 2
1032 64 3 8192 2.000000000 2
1032 64 3 8192 2.000000000 2
1032 64 3 8192 2.000000000 2
1032 64 3 8192 2.000000000 2
1032 168 3 8192 2.000000000 2
1032 168 3 8192 2.000000000 2
1032 168 3 8192 2.000000000 2
1032 168 3 8192 2.000000000 2
1032 168 3 8192 2.000000000 2
1032 168 3 8192 2.000000000 2
1032 168 3 8192 2.000000000 2
1032 168 3 8192 2.000000000 2
1032 240 3 8192 2.000000000 2
1032 240 3 8192 2.000000000 2
1032 240 3 8192 2.000000000 2
1032 240 3 8192 2.000000000 2
1032 240 3 8192 2.000000000 2
1032 240 3 8192 2.000000000 2
1032 240 3 8192 2.000000000 2
1032 240 3 8192 2.000000000 2
1032 276 3 8192 2.000000000 2
1032 276 3 8192 2.000000000 2
1032 276 3 8192 2.000000000 2
1032 276 3 8192 2.000000000 2
1032 276 3 8192 2.000000000 2
1032 276 3 8192 2.000000000 2
1032 276 3 8192 2.000000000 2
1032 276 3 8192 2.000000000 2
1032 948 3 8192 2.000000000 2
1032 948 3 8192 2.000000000 2
1032 948 3 8192 2.000000000 2
1032 948 3 8192 2.000000000 2
1032 948 3 8192 2.000000000 2
1032 948 3 8192 2.000000000 2
1032 948 3 8192 2.000000000 2
1032 948 3 8192 2.000000000 2
1032 1140 3 8192 2.000000000 2
1032 1140 3 8192 2.000000000 2
1032 1140 3 8192 2.000000000 2
1032 1140 3 8192 2.000000000 2
1032 1140 3 8192 2.000000000 2
1032 1140 3 8192 2.000000000 2
1032 1140 3 8192 2.000000000 2
1032 1140 3 8192 2.000000000 2
1032 1252 3 8192 2.000000000 2
1032 1252 3 8192 2.000000000 2
1032 1252 3 8192 2.000000000 2
1032 1252 3 8192 2.000000000 2
1032 1252 3 8192 2.000000000 2
1032 1252 3 8192 2.000000000 2
1032 1252 3 8192 2.000000000 2
1032 1252 3 8192 2.000000000 2
1032 1256 3 8192 2.000000000 2
1032 1256 3 8192 2.000000000 2
1032 1256 3 8192 2.000000000 2
1032 1256 3 8192 2.000000000 2
1032 1256 3 8192 2.000000000 2
1032 1256 3 8192 2.000000000 2
1032 1256 3 8192 2.000000000 2
1032 1256 3 8192 2.000000000 2
1044 56 3 8192 2.000000000 2
1044 56 3 8192 2.000000000 2
1044 56 3 8192 2.000000000 2
1044 56 3 8192 2.000000000 2
1044 56 3 8192 2.000000000 2
1044 56 3 8192 2.000000000 2
1044 56 3 8192 2.000000000 2
1044 56 3 8192 2.000000000 2
1044 228 3 8192 2.000000000 2
1044 228 3 8192 2.000000000 2
1044 228 3 8192 2.000000000 2
1044 228 3 8192 2.000000000 2
1044 228 3 8192 2.000000000 2
1044 228 3 8192 2.000000000 2
1044 228 3 8192 2.000000000 2
1044 228 3 8192 2.000000000 2
1044 240 3 8192 2.000000000 2
1044 240 3 8192 2.000000000 2
1044 240 3 8192 2.000000000 2
1044 240 3 8192 2.000000000 2
1044 240 3 8192 2.000000000 2
1044 240 3 8192 2.000000000 2
1044 240 3 8192 2.000000000 2
1044 240 3 8192 2.000000000 2
1044 452 3 8192 2.000000000 2
1044 452 3 8192 2.000000000 2
1044 452 3 8192 2.000000000 2
1044 452 3 8192 2.000000000 2
1044 452 3 8192 2.000000000 2
1044 452 3 8192 2.000000000 2
1044 452 3 8192 2.000000000 2
1044 452 3 8192 2.000000000 2
1044 692 3 8192 2.000000000 2
1044 692 3 8192 2.000000000 2
1044 692 3 8192 2.000000000 2
1044 692 3 8192 2.000000000 2
1044 692 3 8192 2.000000000 2
1044 692 3 8192 2.000000000 2
1044 692 3 8192 2.000000000 2
1044 692 3 8192 2.000000000 2
1044 788 3 8192 2.000000000 2
1044 788 3 8192 2.000000000 2
1044 788 3 8192 2.000000000 2
1044 788 3 8192 2.000000000 2
1044 788 3 8192 2.000000000 2
1044 788 3 8192 2.000000000 2
1044 788 3 8192 2.000000000 2
1044 788 3 8192 2.000000000 2
1044 864 3 8192 2.000000000 2
1044 864 3 8192 2.000000000 2
1044 864 3 8192 2.000000000 2
1044 864 3 8192 2.000000000 2
1044 864 3 8192 2.000000000 2
1044 864 3 8192 2.000000000 2
1044 864 3 8192 2.000000000 2
1044 864 3 8192 2.000000000 2
1044 1224 3 8192 2.000000000 2
1044 1224 3 8192 2.000000000 2
1044 1224 3 8192 2.000000000 2
1044 1224 3 8192 2.000000000 2
1044 1224 3 8192 2.000000000 2
1044 1224 3 8192 2.000000000 2
1044 1224 3 8192 2.000000000 2
1044 1224 3 8192 2.000000000 2
1048 152 3 8192 2.000000000 2
1048 152 3 8192 2.000000000 2
1048 152 3 8192 2.000000000 2
1048 152 3 8192 2.000000000 2
1048 152 3 8192 2.000000000 2
1048 152 3 8192 2.000000000 2
1048 152 3 8192 2.000000000 2
1048 152 3 8192 2.000000000 2
1048 232 3 8192 2.000000000 2
1048 232 3 8192 2.000000000 2
1048 232 3 8192 2.000000000 2
1048 232 3 8192 2.000000000 2
1048 232 3 8192 2.000000000 2
1048 232 3 8192 2.000000000 2
1048 232 3 8192 2.000000000 2
1048 232 3 8192 2.000000000 2
1048 368 3 8192 2.000000000 2
1048 368 3 8192 2.000000000 2
1048 368 3 8192 2.000000000 2
1048 368 3 8192 2.000000000 2
1048 368 3 8192 2.000000000 2
1048 368 3 8192 2.000000000 2
1048 368 3 8192 2.000000000 2
1048 368 3 8192 2.000000000 2
1048 420 3 8192 2.000000000 2
1048 420 3 8192 2.000000000 2
1048 420 3 8192 2.000000000 2
1048 420 3 8192 2.000000000 2
1048 420 3 8192 2.000000000 2
1048 420 3 8192 2.000000000 2
1048 420 3 8192 2.000000000 2
1048 420 3 8192 2.000000000 2
1048 464 3 8192 2.000000000 2
1048 464 3 8192 2.000000000 2
1048 464 3 8192 2.000000000 2
1048 464 3 8192 2.000000000 2
1048 464 3 8192 2.000000000 2
1048 464 3 8192 2.000000000 2
1048 464 3 8192 2.000000000 2
1048 464 3 8192 2.000000000 2
1048 596 3 8192 2.000000000 2
1048 596 3 8192 2.000000000 2
1048 596 3 8192 2.000000000 2
1048 596 3 8192 2.000000000 2
1048 596 3 8192 2.000000000 2
1048 596 3 8192 2.000000000 2
1048 596 3 8192 2.000000000 2
1048 596 3 8192 2.000000000 2
1048 952 3 8192 2.000000000 2
1048 952 3 8192 2.000000000 2
1048 952 3 8192 2.000000000 2
1048 952 3 8192 2.000000000 2
1048 952 3 8192 2.000000000 2
1048 952 3 8192 2.000000000 2
1048 952 3 8192 2.000000000 2
1048 952 3 8192 2.000000000 2
1048 1124 3 8192 2.000000000 2
1048 1124 3 8192 2.000000000 2
1048 1124 3 8192 2.000000000 2
1048 1124 3 8192 2.000000000 2
1048 1124 3 8192 2.000000000 2
1048 1124 3 8192 2.000000000 2
1048 1124 3 8192 2.000000000 2
1048 1124 3 8192 2.000000000 2
1052 240 3 8192 2.000000000 2
1052 240 3 8192 2.000000000 2
1052 240 3 8192 2.000000000 2
1052 240 3 8192 2.000000000 2
1052 240 3 8192 2.000000000 2
1052 240 3 8192 2.000000000 2
1052 240 3 8192 2.000000000 2
1052 240 3 8192 2.000000000 2
1052 276 3 8192 2.000000000 2
1052 276 3 8192 2.000000000 2
1052 276 3 8192 2.000000000 2
1052 276 3 8192 2.000000000 2
1052 276 3 8192 2.000000000 2
1052 276 3 8192 2.000000000 2
1052 276 3 8192 2.000000000 2
1052 276 3 8192 2.000000000 2
1052 692 3 8192 2.000000000 2
1052 692 3 8192 2.000000000 2
1052 692 3 8192 2.000000000 2
1052 692 3 8192 2.000000000 2
1052 692 3 8192 2.000000000 2
1052 692 3 8192 2.000000000 2
1052 692 3 8192 2.000000000 2
1052 692 3 8192 2.000000000 2
1052 744 3 8192 2.000000000 2
1052 744 3 8192 2.000000000 2
1052 744 3 8192 2.000000000 2
1052 744 3 8192 2.000000000 2
1052 744 3 8192 2.000000000 2
1052 744 3 8192 2.000000000 2
1052 744 3 8192 2.000000000 2
1052 744 3 8192 2.000000000 2
1052 792 3 8192 2.000000000 2
1052 792 3 8192 2.000000000 2
1052 792 3 8192 2.000000000 2
1052 792 3 8192 2.000000000 2
1052 792 3 8192 2.000000000 2
1052 792 3 8192 2.000000000 2
1052 792 3 8192 2.000000000 2
1052 792 3 8192 2.000000000 2
1052 824 3 8192 2.000000000 2
1052 824 3 8192 2.000000000 2
1052 824 3 8192 2.000000000 2
1052 824 3 8192 2.000000000 2
1052 824 3 8192 2.000000000 2
1052 824 3 8192 2.000000000 2
1052 824 3 8192 2.000000000 2
1052 824 3 8192 2.000000000 2
1052 904 3 8192 2.000000000 2
1052 904 3 8192 2.000000000 2
1052 904 3 8192 2.000000000 2
1052 904 3 8192 2.000000000 2
1052 904 3 8192 2.000000000 2
1052 904 3 8192 2.000000000 2
1052 904 3 8192 2.000000000 2
1052 904 3 8192 2.000000000 2
1052 1088 3 8192 2.000000000 2
1052 1088 3 8192 2.000000000 2
1052 1088 3 8192 2.000000000 2
1052 1088 3 8192 2.000000000 2
1052 1088 3 8192 2.000000000 2
1052 1088 3 8192 2.000000000 2
1052 1088 3 8192 2.000000000 2
1052 1088 3 8192 2.000000000 2
1060 60 3 8192 2.000000000 2
1060 60 3 8192 2.000000000 2
1060 60 3 8192 2.000000000 2
1060 60 3 8192 2.000000000 2
1060 60 3 8192 2.000000000 2
1060 60 3 8192 2.000000000 2
1060 60 3 8192 2.000000000 2
1060 60 3 8192 2.000000000 2
1060 152 3 8192 2.000000000 2
1060 152 3 8192 2.000000000 2
1060 152 3 8192 2.000000000 2
1060 152 3 8192 2.000000000 2
1060 152 3 8192 2.000000000 2
1060 152 3 8192 2.000000000 2
1060 152 3 8192 2.000000000 2
1060 152 3 8192 2.000000000 2
1060 220 3 8192 2.000000000 2
1060 220 3 8192 2.000000000 2
1060 220 3 8192 2.000000000 2
1060 220 3 8192 2.000000000 2
1060 220 3 8192 2.000000000 2
1060 220 3 8192 2.000000000 2
1060 220 3 8192 2.000000000 2
1060 220 3 8192 2.000000000 2
1060 456 3 8192 2.000000000 2
1060 456 3 8192 2.000000000 2
1060 456 3 8192 2.000000000 2
1060 456 3 8192 2.000000000 2
1060 456 3 8192 2.000000000 2
1060 456 3 8192 2.000000000 2
1060 456 3 8192 2.000000000 2
1060 456 3 8192 2.000000000 2
1060 472 3 8192 2.000000000 2
1060 472 3 8192 2.000000000 2
1060 472 3 8192 2.000000000 2
1060 472 3 8192 2.000000000 2
1060 472 3 8192 2.000000000 2
1060 472 3 8192 2.000000000 2
1060 472 3 8192 2.000000000 2
1060 472 3 8192 2.000000000 2
1060 648 3 8192 2.000000000 2
1060 648 3 8192 2.000000000 2
1060 648 3 8192 2.000000000 2
1060 648 3 8192 2.000000000 2
1060 648 3 8192 2.000000000 2
1060 648 3 8192 2.000000000 2
1060 648 3 8192 2.000000000 2
1060 648 3 8192 2.000000000 2
1060 700 3 8192 2.000000000 2
1060 700 3 8192 2.000000000 2
1060 700 3 8192 2.000000000 2
1060 700 3 8192 2.000000000 2
1060 700 3 8192 2.000000000 2
1060 700 3 8192 2.000000000 2
1060 700 3 8192 2.000000000 2
1060 700 3 8192 2.000000000 2
1060 1276 3 8192 2.000000000 2
1060 1276 3 8192 2.000000000 2
1060 1276 3 8192 2.000000000 2
1060 1276 3 8192 2.000000000 2
1060 1276 3 8192 2.000000000 2
1060 1276 3 8192 2.000000000 2
1060 1276 3 8192 2.000000000 2
1060 1276 3 8192 2.000000000 2
1064 24 3 8192 2.000000000 2
1064 24 3 8192 2.000000000 2
1064 24 3 8192 2.000000000 2
1064 24 3 8192 2.000000000 2
1064 24 3 8192 2.000000000 2
1064 24 3 8192 2.000000000 2
1064 24 3 8192 2.000000000 2
1064 24 3 8192 2.000000000 2
1064 456 3 8192 2.000000000 2
1064 456 3 8192 2.000000000 2
1064 456 3 8192 2.000000000 2
1064 456 3 8192 2.000000000 2
1064 456 3 8192 2.000000000 2
1064 456 3 8192 2.000000000 2
1064 456 3 8192 2.000000000 2
1064 456 3 8192 2.000000000 2
1064 468 3 8192 2.000000000 2
1064 468 3 8192 2.000000000 2
1064 468 3 8192 2.000000000 2
1064 468 3 8192 2.000000000 2
1064 468 3 8192 2.000000000 2
1064 468 3 8192 2.000000000 2
1064 468 3 8192 2.000000000 2
1064 468 3 8192 2.000000000 2
1064 824 3 8192 2.000000000 2
1064 824 3 8192 2.000000000 2
1064 824 3 8192 2.000000000 2
1064 824 3 8192 2.000000000 2
1064 824 3 8192 2.000000000 2
1064 824 3 8192 2.000000000 2
1064 824 3 8192 2.000000000 2
1064 824 3 8192 2.000000000 2
1064 880 3 8192 2.000000000 2
1064 880 3 8192 2.000000000 2
1064 880 3 8192 2.000000000 2
1064 880 3 8192 2.000000000 2
1064 880 3 8192 2.000000000 2
1064 880 3 8192 2.000000000 2
1064 880 3 8192 2.000000000 2
1064 880 3 8192 2.000000000 2
1064 1000 3 8192 2.000000000 2
1064 1000 3 8192 2.000000000 2
1064 1000 3 8192 2.000000000 2
1064 1000 3 8192 2.000000000 2
1064 1000 3 8192 2.000000000 2
1064 1000 3 8192 2.000000000 2
1064 1000 3 8192 2.000000000 2
1064 1000 3 8192 2.000000000 2
1064 1132 3 8192 2.000000000 2
1064 1132 3 8192 2.000000000 2
1064 1132 3 8192 2.000000000 2
1064 1132 3 8192 2.000000000 2
1064 1132 3 8192 2.000000000 2
1064 1132 3 8192 2.000000000 2
1064 1132 3 8192 2.000000000 2
1064 1132 3 8192 2.000000000 2
1064 1168 3 8192 2.000000000 2
1064 1168 3 8192 2.000000000 2
1064 1168 3 8192 2.000000000 2
1064 1168 3 8192 2.000000000 2
1064 1168 3 8192 2.000000000 2
1064 1168 3 8192 2.000000000 2
1064 1168 3 8192 2.000000000 2
1064 1168 3 8192 2.000000000 2
1068 28 3 8192 2.000000000 2
1068 28 3 8192 2.000000000 2
1068 28 3 8192 2.000000000 2
1068 28 3 8192 2.000000000 2
1068 28 3 8192 2.000000000 2
1068 28 3 8192 2.000000000 2
1068 28 3 8192 2.000000000 2
1068 28 3 8192 2.000000000 2
1068 156 3 8192 2.000000000 2
1068 156 3 8192 2.000000000 2
1068 156 3 8192 2.000000000 2
1068 156 3 8192 2.000000000 2
1068 156 3 8192 2.000000000 2
1068 156 3 8192 2.000000000 2
1068 156 3 8192 2.000000000 2
1068 156 3 8192 2.000000000 2
1068 688 3 8192 2.000000000 2
1068 688 3 8192 2.000000000 2
1068 688 3 8192 2.000000000 2
1068 688 3 8192 2.000000000 2
1068 688 3 8192 2.000000000 2
1068 688 3 8192 2.000000000 2
1068 688 3 8192 2.000000000 2
1068 688 3 8192 2.000000000 2
1068 820 3 8192 2.000000000 2
1068 820 3 8192 2.000000000 2
1068 820 3 8192 2.000000000 2
1068 820 3 8192 2.000000000 2
1068 820 3 8192 2.000000000 2
1068 820 3 8192 2.000000000 2
1068 820 3 8192 2.000000000 2
1068 820 3 8192 2.000000000 2
1068 880 3 8192 2.000000000 2
1068 880 3 8192 2.000000000 2
1068 880 3 8192 2.000000000 2
1068 880 3 8192 2.000000000 2
1068 880 3 8192 2.000000000 2
1068 880 3 8192 2.000000000 2
1068 880 3 8192 2.000000000 2
1068 880 3 8192 2.000000000 2
1068 976 3 8192 2.000000000 2
1068 976 3 8192 2.000000000 2
1068 976 3 8192 2.000000000 2
1068 976 3 8192 2.000000000 2
1068 976 3 8192 2.000000000 2
1068 976 3 8192 2.000000000 2
1068 976 3 8192 2.000000000 2
1068 976 3 8192 2.000000000 2
1068 1028 3 8192 2.000000000 2
1068 1028 3 8192 2.000000000 2
1068 1028 3 8192 2.000000000 2
1068 1028 3 8192 2.000000000 2
1068 1028 3 8192 2.000000000 2
1068 1028 3 8192 2.000000000 2
1068 1028 3 8192 2.000000000 2
1068 1028 3 8192 2.000000000 2
1068 1072 3 8192 2.000000000 2
1068 1072 3 8192 2.000000000 2
1068 1072 3 8192 2.000000000 2
1068 1072 3 8192 2.000000000 2
1068 1072 3 8192 2.000000000 2
1068 1072 3 8192 2.000000000 2
1068 1072 3 8192 2.000000000 2
1068 1072 3 8192 2.000000000 2
1072 88 3 8192 2.000000000 2
1072 88 3 8192 2.000000000 2
1072 88 3 8192 2.000000000 2
1072 88 3 8192 2.000000000 2
1072 88 3 8192 2.000000000 2
1072 88 3 8192 2.000000000 2
1072 88 3 8192 2.000000000 2
1072 88 3 8192 2.000000000 2
1072 348 3 8192 2.000000000 2
1072 348 3 8192 2.000000000 2
1072 348 3 8192 2.000000000 2
1072 348 3 8192 2.000000000 2
1072 348 3 8192 2.000000000 2
1072 348 3 8192 2.000000000 2
1072 348 3 8192 2.000000000 2
1072 348 3 8192 2.000000000 2
1072 412 3 8192 2.000000000 2
1072 412 3 8192 2.000000000 2
1072 412 3 8192 2.000000000 2
1072 412 3 8192 2.000000000 2
1072 412 3 8192 2.000000000 2
1072 412 3 8192 2.000000000 2
1072 412 3 8192 2.000000000 2
1072 412 3 8192 2.000000000 2
1072 496 3 8192 2.000000000 2
1072 496 3 8192 2.000000000 2
1072 496 3 8192 2.000000000 2
1072 496 3 8192 2.000000000 2
1072 496 3 8192 2.000000000 2
1072 496 3 8192 2.000000000 2
1072 496 3 8192 2.000000000 2
1072 496 3 8192 2.000000000 2
1072 536 3 8192 2.000000000 2
1072 536 3 8192 2.000000000 2
1072 536 3 8192 2.000000000 2
1072 536 3 8192 2.000000000 2
1072 536 3 8192 2.000000000 2
1072 536 3 8192 2.000000000 2
1072 536 3 8192 2.000000000 2
1072 536 3 8192 2.000000000 2
1072 1024 3 8192 2.000000000 2
1072 1024 3 8192 2.000000000 2
1072 1024 3 8192 2.000000000 2
1072 1024 3 8192 2.000000000 2
1072 1024 3 8192 2.000000000 2
1072 1024 3 8192 2.000000000 2
1072 1024 3 8192 2.000000000 2
1072 1024 3 8192 2.000000000 2
1072 1076 3 8192 2.000000000 2
1072 1076 3 8192 2.000000000 2
1072 1076 3 8192 2.000000000 2
1072 1076 3 8192 2.000000000 2
1072 1076 3 8192 2.000000000 2
1072 1076 3 8192 2.000000000 2
1072 1076 3 8192 2.000000000 2
1072 1076 3 8192 2.000000000 2
1072 1144 3 8192 2.000000000 2
1072 1144 3 8192 2.000000000 2
1072 1144 3 8192 2.000000000 2
1072 1144 3 8192 2.000000000 2
1072 1144 3 8192 2.000000000 2
1072 1144 3 8192 2.000000000 2
1072 1144 3 8192 2.000000000 2
1072 1144 3 8192 2.000000000 2
1076 156 3 8192 2.000000000 2
1076 156 3 8192 2.000000000 2
1076 156 3 8192 2.000000000 2
1076 156 3 8192 2.000000000 2
1076 156 3 8192 2.000000000 2
1076 156 3 8192 2.000000000 2
1076 156 3 8192 2.000000000 2
1076 156 3 8192 2.000000000 2
1076 188 3 8192 2.000000000 2
1076 188 3 8192 2.000000000 2
1076 188 3 8192 2.000000000 2
1076 188 3 8192 2.000000000 2
1076 188 3 8192 2.000000000 2
1076 188 3 8192 2.000000000 2
1076 188 3 8192 2.000000000 2
1076 188 3 8192 2.000000000 2
1076 312 3 8192 2.000000000 2
1076 312 3 8192 2.000000000 2
1076 312 3 8192 2.000000000 2
1076 312 3 8192 2.000000000 2
1076 312 3 8192 2.000000000 2
1076 312 3 8192 2.000000000 2
1076 312 3 8192 2.000000000 2
1076 312 3 8192 2.000000000 2
1076 432 3 8192 2.000000000 2
1076 432 3 8192 2.000000000 2
1076 432 3 8192 2.000000000 2
1076 432 3 8192 2.000000000 2
1076 432 3 8192 2.000000000 2
1076 432 3 8192 2.000000000 2
1076 432 3 8192 2.000000000 2
1076 432 3 8192 2.000000000 2
1076 876 3 8192 2.000000000 2
1076 876 3 8192 2.000000000 2
1076 876 3 8192 2.000000000 2
1076 876 3 8192 2.000000000 2
1076 876 3 8192 2.000000000 2
1076 876 3 8192 2.000000000 2
1076 876 3 8192 2.000000000 2
1076 876 3 8192 2.000000000 2
1076 900 3 8192 2.000000000 2
1076 900 3 8192 2.000000000 2
1076 900 3 8192 2.000000000 2
1076 900 3 8192 2.000000000 2
1076 900 3 8192 2.000000000 2
1076 900 3 8192 2.000000000 2
1076 900 3 8192 2.000000000 2
1076 900 3 8192 2.000000000 2
1076 968 3 8192 2.000000000 2
1076 968 3 8192 2.000000000 2
1076 968 3 8192 2.000000000 2
1076 968 3 8192 2.000000000 2
1076 968 3 8192 2.000000000 2
1076 968 3 8192 2.000000000 2
1076 968 3 8192 2.000000000 2
1076 968 3 8192 2.000000000 2
1076 1112 3 8192 2.000000000 2
1076 1112 3 8192 2.000000000 2
1076 1112 3 8192 2.000000000 2
1076 1112 3 8192 2.000000000 2
1076 1112 3 8192 2.000000000 2
1076 1112 3 8192 2.000000000 2
1076 1112 3 8192 2.000000000 2
1076 1112 3 8192 2.000000000 2
1080 120 3 8192 2.000000000 2
1080 120 3 8192 2.000000000 2
1080 120 3 8192 2.000000000 2
1080 120 3 8192 2.000000000 2
1080 120 3 8192 2.000000000 2
1080 120 3 8192 2.000000000 2
1080 120 3 8192 2.000000000 2
1080 120 3 8192 2.000000000 2
1080 240 3 8192 2.000000000 2
1080 240 3 8192 2.000000000 2
1080 240 3 8192 2.000000000 2
1080 240 3 8192 2.000000000 2
1080 240 3 8192 2.000000000 2
1080 240 3 8192 2.000000000 2
1080 240 3 8192 2.000000000 2
1080 240 3 8192 2.000000000 2
1080 448 3 8192 2.000000000 2
1080 448 3 8192 2.000000000 2
1080 448 3 8192 2.000000000 2
1080 448 3 8192 2.000000000 2
1080 448 3 8192 2.000000000 2
1080 448 3 8192 2.000000000 2
1080 448 3 8192 2.000000000 2
1080 448 3 8192 2.000000000 2
1080 880 3 8192 2.000000000 2
1080 880 3 8192 2.000000000 2
1080 880 3 8192 2.000000000 2
1080 880 3 8192 2.000000000 2
1080 880 3 8192 2.000000000 2
1080 880 3 8192 2.000000000 2
1080 880 3 8192 2.000000000 2
1080 880 3 8192 2.000000000 2
1080 916 3 8192 2.000000000 2
1080 916 3 8192 2.000000000 2
1080 916 3 8192 2.000000000 2
1080 916 3 8192 2.000000000 2
1080 916 3 8192 2.000000000 2
1080 916 3 8192 2.000000000 2
1080 916 3 8192 2.000000000 2
1080 916 3 8192 2.000000000 2
1080 1076 3 8192 2.000000000 2
1080 1076 3 8192 2.000000000 2
1080 1076 3 8192 2.000000000 2
1080 1076 3 8192 2.000000000 2
1080 1076 3 8192 2.000000000 2
1080 1076 3 8192 2.000000000 2
1080 1076 3 8192 2.000000000 2
1080 1076 3 8192 2.000000000 2
1080 1140 3 8192 2.000000000 2
1080 1140 3 8192 2.000000000 2
1080 1140 3 8192 2.000000000 2
1080 1140 3 8192 2.000000000 2
1080 1140 3 8192 2.000000000 2
1080 1140 3 8192 2.000000000 2
1080 1140 3 8192 2.000000000 2
1080 1140 3 8192 2.000000000 2
1080 1240 3 8192 2.000000000 2
1080 1240 3 8192 2.000000000 2
1080 1240 3 8192 2.000000000 2
1080 1240 3 8192 2.000000000 2
1080 1240 3 8192 2.000000000 2
1080 1240 3 8192 2.000000000 2
1080 1240 3 8192 2.000000000 2
1080 1240 3 8192 2.000000000 2
1084 184 3 8192 2.000000000 2
1084 184 3 8192 2.000000000 2
1084 184 3 8192 2.000000000 2
1084 184 3 8192 2.000000000 2
1084 184 3 8192 2.000000000 2
1084 184 3 8192 2.000000000 2
1084 184 3 8192 2.000000000 2
1084 184 3 8192 2.000000000 2
1084 212 3 8192 2.000000000 2
1084 212 3 8192 2.000000000 2
1084 212 3 8192 2.000000000 2
1084 212 3 8192 2.000000000 2
1084 212 3 8192 2.000000000 2
1084 212 3 8192 2.000000000 2
1084 212 3 8192 2.000000000 2
1084 212 3 8192 2.000000000 2
1084 540 3 8192 2.000000000 2
1084 540 3 8192 2.000000000 2
1084 540 3 8192 2.000000000 2
1084 540 3 8192 2.000000000 2
1084 540 3 8192 2.000000000 2
1084 540 3 8192 2.000000000 2
1084 540 3 8192 2.000000000 2
1084 540 3 8192 2.000000000 2
1084 556 3 8192 2.000000000 2
1084 556 3 8192 2.000000000 2
1084 556 3 8192 2.000000000 2
1084 556 3 8192 2.000000000 2
1084 556 3 8192 2.000000000 2
1084 556 3 8192 2.000000000 2
1084 556 3 8192 2.000000000 2
1084 556 3 8192 2.000000000 2
1084 656 3 8192 2.000000000 2
1084 656 3 8192 2.000000000 2
1084 656 3 8192 2.000000000 2
1084 656 3 8192 2.000000000 2
1084 656 3 8192 2.000000000 2
1084 656 3 8192 2.000000000 2
1084 656 3 8192 2.000000000 2
1084 656 3 8192 2.000000000 2
1084 696 3 8192 2.000000000 2
1084 696 3 8192 2.000000000 2
1084 696 3 8192 2.000000000 2
1084 696 3 8192 2.000000000 2
1084 696 3 8192 2.000000000 2
1084 696 3 8192 2.000000000 2
1084 696 3 8192 2.000000000 2
1084 696 3 8192 2.000000000 2
1084 804 3 8192 2.000000000 2
1084 804 3 8192 2.000000000 2
1084 804 3 8192 2.000000000 2
1084 804 3 8192 2.000000000 2
1084 804 3 8192 2.000000000 2
1084 804 3 8192 2.000000000 2
1084 804 3 8192 2.000000000 2
1084 804 3 8192 2.000000000 2
1084 852 3 8192 2.000000000 2
1084 852 3 8192 2.000000000 2
1084 852 3 8192 2.000000000 2
1084 852 3 8192 2.000000000 2
1084 852 3 8192 2.000000000 2
1084 852 3 8192 2.000000000 2
1084 852 3 8192 2.000000000 2
1084 852 3 8192 2.000000000 2
1088 124 3 8192 2.000000000 2
1088 124 3 8192 2.000000000 2
1088 124 3 8192 2.000000000 2
1088 124 3 8192 2.000000000 2
1088 124 3 8192 2.000000000 2
1088 124 3 8192 2.000000000 2
1088 124 3 8192 2.000000000 2
1088 124 3 8192 2.000000000 2
1088 156 3 8192 2.000000000 2
1088 156 3 8192 2.000000000 2
1088 156 3 8192 2.000000000 2
1088 156 3 8192 2.000000000 2
1088 156 3 8192 2.000000000 2
1088 156 3 8192 2.000000000 2
1088 156 3 8192 2.000000000 2
1088 156 3 8192 2.000000000 2
1088 216 3 8192 2.000000000 2
1088 216 3 8192 2.000000000 2
1088 216 3 8192 2.000000000 2
1088 216 3 8192 2.000000000 2
1088 216 3 8192 2.000000000 2
1088 216 3 8192 2.000000000 2
1088 216 3 8192 2.000000000 2
1088 216 3 8192 2.000000000 2
1088 340 3 8192 2.000000000 2
1088 340 3 8192 2.000000000 2
1088 340 3 8192 2.000000000 2
1088 340 3 8192 2.000000000 2
1088 340 3 8192 2.000000000 2
1088 340 3 8192 2.000000000 2
1088 340 3 8192 2.000000000 2
1088 340 3 8192 2.000000000 2
1088 376 3 8192 2.000000000 2
1088 376 3 8192 2.000000000 2
1088 376 3 8192 2.000000000 2
1088 376 3 8192 2.000000000 2
1088 376 3 8192 2.000000000 2
1088 376 3 8192 2.000000000 2
1088 376 3 8192 2.000000000 2
1088 376 3 8192 2.000000000 2
1088 872 3 8192 2.000000000 2
1088 872 3 8192 2.000000000 2
1088 872 3 8192 2.000000000 2
1088 872 3 8192 2.000000000 2
1088 872 3 8192 2.000000000 2
1088 872 3 8192 2.000000000 2
1088 872 3 8192 2.000000000 2
1088 872 3 8192 2.000000000 2
1088 876 3 8192 2.000000000 2
1088 876 3 8192 2.000000000 2
1088 876 3 8192 2.000000000 2
1088 876 3 8192 2.000000000 2
1088 876 3 8192 2.000000000 2
1088 876 3 8192 2.000000000 2
1088 876 3 8192 2.000000000 2
1088 876 3 8192 2.000000000 2
1088 1052 3 8192 2.000000000 2
1088 1052 3 8192 2.000000000 2
1088 1052 3 8192 2.000000000 2
1088 1052 3 8192 2.000000000 2
1088 1052 3 8192 2.000000000 2
1088 1052 3 8192 2.000000000 2
1088 1052 3 8192 2.000000000 2
1088 1052 3 8192 2.000000000 2
1100 184 3 8192 2.000000000 2
1100 184 3 8192 2.000000000 2
1100 184 3 8192 2.000000000 2
1100 184 3 8192 2.000000000 2
1100 184 3 8192 2.000000000 2
1100 184 3 8192 2.000000000 2
1100 184 3 8192 2.000000000 2
1100 184 3 8192 2.000000000 2
1100 316 3 8192 2.000000000 2
1100 316 3 8192 2.000000000 2
1100 316 3 8192 2.000000000 2
1100 316 3 8192 2.000000000 2
1100 316 3 8192 2.000000000 2
1100 316 3 8192 2.000000000 2
1100 316 3 8192 2.000000000 2
1100 316 3 8192 2.000000000 2
1100 396 3 8192 2.000000000 2
1100 396 3 8192 2.000000000 2
1100 396 3 8192 2.000000000 2
1100 396 3 8192 2.000000000 2
1100 396 3 8192 2.000000000 2
1100 396 3 8192 2.000000000 2
1100 396 3 8192 2.000000000 2
1100 396 3 8192 2.000000000 2
1100 676 3 8192 2.000000000 2
1100 676 3 8192 2.000000000 2
1100 676 3 8192 2.000000000 2
1100 676 3 8192 2.000000000 2
1100 676 3 8192 2.000000000 2
1100 676 3 8192 2.000000000 2
1100 676 3 8192 2.000000000 2
1100 676 3 8192 2.000000000 2
1100 688 3 8192 2.000000000 2
1100 688 3 8192 2.000000000 2
1100 688 3 8192 2.000000000 2
1100 688 3 8192 2.000000000 2
1100 688 3 8192 2.000000000 2
1100 688 3 8192 2.000000000 2
1100 688 3 8192 2.000000000 2
1100 688 3 8192 2.000000000 2
1100 720 3 8192 2.000000000 2
1100 720 3 8192 2.000000000 2
1100 720 3 8192 2.000000000 2
1100 720 3 8192 2.000000000 2
1100 720 3 8192 2.000000000 2
1100 720 3 8192 2.000000000 2
1100 720 3 8192 2.000000000 2
1100 720 3 8192 2.000000000 2
1100 856 3 8192 2.000000000 2
1100 856 3 8192 2.000000000 2
1100 856 3 8192 2.000000000 2
1100 856 3 8192 2.000000000 2
1100 856 3 8192 2.000000000 2
1100 856 3 8192 2.000000000 2
1100 856 3 8192 2.000000000 2
1100 856 3 8192 2.000000000 2
1100 1180 3 8192 2.000000000 2
1100 1180 3 8192 2.000000000 2
1100 1180 3 8192 2.000000000 2
1100 1180 3 8192 2.000000000 2
1100 1180 3 8192 2.000000000 2
1100 1180 3 8192 2.000000000 2
1100 1180 3 8192 2.000000000 2
1100 1180 3 8192 2.000000000 2
1104 56 3 8192 2.000000000 2
1104 56 3 8192 2.000000000 2
1104 56 3 8192 2.000000000 2
1104 56 3 8192 2.000000000 2
1104 56 3 8192 2.000000000 2
1104 56 3 8192 2.000000000 2
1104 56 3 8192 2.000000000 2
1104 56 3 8192 2.000000000 2
1104 596 3 8192 2.000000000 2
1104 596 3 8192 2.000000000 2
1104 596 3 8192 2.000000000 2
1104 596 3 8192 2.000000000 2
1104 596 3 8192 2.000000000 2
1104 596 3 8192 2.000000000 2
1104 596 3 8192 2.000000000 2
1104 596 3 8192 2.000000000 2
1104 604 3 8192 2.000000000 2
1104 604 3 8192 2.000000000 2
1104 604 3 8192 2.000000000 2
1104 604 3 8192 2.000000000 2
1104 604 3 8192 2.000000000 2
1104 604 3 8192 2.000000000 2
1104 604 3 8192 2.000000000 2
1104 604 3 8192 2.000000000 2
1104 696 3 8192 2.000000000 2
1104 696 3 8192 2.000000000 2
1104 696 3 8192 2.000000000 2
1104 696 3 8192 2.000000000 2
1104 696 3 8192 2.000000000 2
1104 696 3 8192 2.000000000 2
1104 696 3 8192 2.000000000 2
1104 696 3 8192 2.000000000 2
1104 700 3 8192 2.000000000 2
1104 700 3 8192 2.000000000 2
1104 700 3 8192 2.000000000 2
1104 700 3 8192 2.000000000 2
1104 700 3 8192 2.000000000 2
1104 700 3 8192 2.000000000 2
1104 700 3 8192 2.000000000 2
1104 700 3 8192 2.000000000 2
1104 808 3 8192 2.000000000 2
1104 808 3 8192 2.000000000 2
1104 808 3 8192 2.000000000 2
1104 808 3 8192 2.000000000 2
1104 808 3 8192 2.000000000 2
1104 808 3 8192 2.000000000 2
1104 808 3 8192 2.000000000 2
1104 808 3 8192 2.000000000 2
1104 952 3 8192 2.000000000 2
1104 952 3 8192 2.000000000 2
1104 952 3 8192 2.000000000 2
1104 952 3 8192 2.000000000 2
1104 952 3 8192 2.000000000 2
1104 952 3 8192 2.000000000 2
1104 952 3 8192 2.000000000 2
1104 952 3 8192 2.000000000 2
1104 992 3 8192 2.000000000 2
1104 992 3 8192 2.000000000 2
1104 992 3 8192 2.000000000 2
1104 992 3 8192 2.000000000 2
1104 992 3 8192 2.000000000 2
1104 992 3 8192 2.000000000 2
1104 992 3 8192 2.000000000 2
1104 992 3 8192 2.000000000 2
1108 452 3 8192 2.000000000 2
1108 452 3 8192 2.000000000 2
1108 452 3 8192 2.000000000 2
1108 452 3 8192 2.000000000 2
1108 452 3 8192 2.000000000 2
1108 452 3 8192 2.000000000 2
1108 452 3 8192 2.000000000 2
1108 452 3 8192 2.000000000 2
1108 536 3 8192 2.000000000 2
1108 536 3 8192 2.000000000 2
1108 536 3 8192 2.000000000 2
1108 536 3 8192 2.000000000 2
1108 536 3 8192 2.000000000 2
1108 536 3 8192 2.000000000 2
1108 536 3 8192 2.000000000 2
1108 536 3 8192 2.000000000 2
1108 736 3 8192 2.000000000 2
1108 736 3 8192 2.000000000 2
1108 736 3 8192 2.000000000 2
1108 736 3 8192 2.000000000 2
1108 736 3 8192 2.000000000 2
1108 736 3 8192 2.000000000 2
1108 736 3 8192 2.000000000 2
1108 736 3 8192 2.000000000 2
1108 1088 3 8192 2.000000000 2
1108 1088 3 8192 2.000000000 2
1108 1088 3 8192 2.000000000 2
1108 1088 3 8192 2.000000000 2
1108 1088 3 8192 2.000000000 2
1108 1088 3 8192 2.000000000 2
1108 1088 3 8192 2.000000000 2
1108 1088 3 8192 2.000000000 2
1108 1104 3 8192 2.000000000 2
1108 1104 3 8192 2.000000000 2
1108 1104 3 8192 2.000000000 2
1108 1104 3 8192 2.000000000 2
1108 1104 3 8192 2.000000000 2
1108 1104 3 8192 2.000000000 2
1108 1104 3 8192 2.000000000 2
1108 1104 3 8192 2.000000000 2
1108 1180 3 8192 2.000000000 2
1108 1180 3 8192 2.000000000 2
1108 1180 3 8192 2.000000000 2
1108 1180 3 8192 2.000000000 2
1108 1180 3 8192 2.000000000 2
1108 1180 3 8192 2.000000000 2
1108 1180 3 8192 2.000000000 2
1108 1180 3 8192 2.000000000 2
1108 1228 3 8192 2.000000000 2
1108 1228 3 8192 2.000000000 2
1108 1228 3 8192 2.000000000 2
1108 1228 3 8192 2.000000000 2
1108 1228 3 8192 2.000000000 2
1108 1228 3 8192 2.000000000 2
1108 1228 3 8192 2.000000000 2
1108 1228 3 8192 2.000000000 2
1108 1240 3 8192 2.000000000 2
1108 1240 3 8192 2.000000000 2
1108 1240 3 8192 2.000000000 2
1108 1240 3 8192 2.000000000 2
1108 1240 3 8192 2.000000000 2
1108 1240 3 8192 2.000000000 2
1108 1240 3 8192 2.000000000 2
1108 1240 3 8192 2.000000000 2
1112 116 3 8192 2.000000000 2
1112 116 3 8192 2.000000000 2
1112 116 3 8192 2.000000000 2
1112 116 3 8192 2.000000000 2
1112 116 3 8192 2.000000000 2
1112 116 3 8192 2.000000000 2
1112 116 3 8192 2.000000000 2
1112 116 3 8192 2.000000000 2
1112 176 3 8192 2.000000000 2
1112 176 3 8192 2.000000000 2
1112 176 3 8192 2.000000000 2
1112 176 3 8192 2.000000000 2
1112 176 3 8192 2.000000000 2
1112 176 3 8192 2.000000000 2
1112 176 3 8192 2.000000000 2
1112 176 3 8192 2.000000000 2
1112 496 3 8192 2.000000000 2
1112 496 3 8192 2.000000000 2
1112 496 3 8192 2.000000000 2
1112 496 3 8192 2.000000000 2
1112 496 3 8192 2.000000000 2
1112 496 3 8192 2.000000000 2
1112 496 3 8192 2.000000000 2
1112 496 3 8192 2.000000000 2
1112 780 3 8192 2.000000000 2
1112 780 3 8192 2.000000000 2
1112 780 3 8192 2.000000000 2
1112 780 3 8192 2.000000000 2
1112 780 3 8192 2.000000000 2
1112 780 3 8192 2.000000000 2
1112 780 3 8192 2.000000000 2
1112 780 3 8192 2.000000000 2
1112 792 3 8192 2.000000000 2
1112 792 3 8192 2.000000000 2
1112 792 3 8192 2.000000000 2
1112 792 3 8192 2.000000000 2
1112 792 3 8192 2.000000000 2
1112 792 3 8192 2.000000000 2
1112 792 3 8192 2.000000000 2
1112 792 3 8192 2.000000000 2
1112 824 3 8192 2.000000000 2
1112 824 3 8192 2.000000000 2
1112 824 3 8192 2.000000000 2
1112 824 3 8192 2.000000000 2
1112 824 3 8192 2.000000000 2
1112 824 3 8192 2.000000000 2
1112 824 3 8192 2.000000000 2
1112 824 3 8192 2.000000000 2
1112 976 3 8192 2.000000000 2
1112 976 3 8192 2.000000000 2
1112 976 3 8192 2.000000000 2
1112 976 3 8192 2.000000000 2
1112 976 3 8192 2.000000000 2
1112 976 3 8192 2.000000000 2
1112 976 3 8192 2.000000000 2
1112 976 3 8192 2.000000000 2
1112 1072 3 8192 2.000000000 2
1112 1072 3 8192 2.000000000 2
1112 1072 3 8192 2.000000000 2
1112 1072 3 8192 2.000000000 2
1112 1072 3 8192 2.000000000 2
1112 1072 3 8192 2.000000000 2
1112 1072 3 8192 2.000000000 2
1112 1072 3 8192 2.000000000 2
1120 60 3 8192 2.000000000 2
1120 60 3 8192 2.000000000 2
1120 60 3 8192 2.000000000 2
1120 60 3 8192 2.000000000 2
1120 60 3 8192 2.000000000 2
1120 60 3 8192 2.000000000 2
1120 60 3 8192 2.000000000 2
1120 60 3 8192 2.000000000 2
1120 324 3 8192 2.000000000 2
1120 324 3 8192 2.000000000 2
1120 324 3 8192 2.000000000 2
1120 324 3 8192 2.000000000 2
1120 324 3 8192 2.000000000 2
1120 324 3 8192 2.000000000 2
1120 324 3 8192 2.000000000 2
1120 324 3 8192 2.000000000 2
1120 564 3 8192 2.000000000 2
1120 564 3 8192 2.000000000 2
1120 564 3 8192 2.000000000 2
1120 564 3 8192 2.000000000 2
1120 564 3 8192 2.000000000 2
1120 564 3 8192 2.000000000 2
1120 564 3 8192 2.000000000 2
1120 564 3 8192 2.000000000 2
1120 584 3 8192 2.000000000 2
1120 584 3 8192 2.000000000 2
1120 584 3 8192 2.000000000 2
1120 584 3 8192 2.000000000 2
1120 584 3 8192 2.000000000 2
1120 584 3 8192 2.000000000 2
1120 584 3 8192 2.000000000 2
1120 584 3 8192 2.000000000 2
1120 1028 3 8192 2.000000000 2
1120 1028 3 8192 2.000000000 2
1120 1028 3 8192 2.000000000 2
1120 1028 3 8192 2.000000000 2
1120 1028 3 8192 2.000000000 2
1120 1028 3 8192 2.000000000 2
1120 1028 3 8192 2.000000000 2
1120 1028 3 8192 2.000000000 2
1120 1128 3 8192 2.000000000 2
1120 1128 3 8192 2.000000000 2
1120 1128 3 8192 2.000000000 2
1120 1128 3 8192 2.000000000 2
1120 1128 3 8192 2.000000000 2
1120 1128 3 8192 2.000000000 2
1120 1128 3 8192 2.000000000 2
1120 1128 3 8192 2.000000000 2
1120 1184 3 8192 2.000000000 2
1120 1184 3 8192 2.000000000 2
1120 1184 3 8192 2.000000000 2
1120 1184 3 8192 2.000000000 2
1120 1184 3 8192 2.000000000 2
1120 1184 3 8192 2.000000000 2
1120 1184 3 8192 2.000000000 2
1120 1184 3 8192 2.000000000 2
1120 1212 3 8192 2.000000000 2
1120 1212 3 8192 2.000000000 2
1120 1212 3 8192 2.000000000 2
1120 1212 3 8192 2.000000000 2
1120 1212 3 8192 2.000000000 2
1120 1212 3 8192 2.000000000 2
1120 1212 3 8192 2.000000000 2
1120 1212 3 8192 2.000000000 2
1124 220 3 8192 2.000000000 2
1124 220 3 8192 2.000000000 2
1124 220 3 8192 2.000000000 2
1124 220 3 8192 2.000000000 2
1124 220 3 8192 2.000000000 2
1124 220 3 8192 2.000000000 2
1124 220 3 8192 2.000000000 2
1124 220 3 8192 2.000000000 2
1124 448 3 8192 2.000000000 2
1124 448 3 8192 2.000000000 2
1124 448 3 8192 2.000000000 2
1124 448 3 8192 2.000000000 2
1124 448 3 8192 2.000000000 2
1124 448 3 8192 2.000000000 2
1124 448 3 8192 2.000000000 2
1124 448 3 8192 2.000000000 2
1124 688 3 8192 2.000000000 2
1124 688 3 8192 2.000000000 2
1124 688 3 8192 2.000000000 2
1124 688 3 8192 2.000000000 2
1124 688 3 8192 2.000000000 2
1124 688 3 8192 2.000000000 2
1124 688 3 8192 2.000000000 2
1124 688 3 8192 2.000000000 2
1124 832 3 8192 2.000000000 2
1124 832 3 8192 2.000000000 2
1124 832 3 8192 2.000000000 2
1124 832 3 8192 2.000000000 2
1124 832 3 8192 2.000000000 2
1124 832 3 8192 2.000000000 2
1124 832 3 8192 2.000000000 2
1124 832 3 8192 2.000000000 2
1124 836 3 8192 2.000000000 2
1124 836 3 8192 2.000000000 2
1124 836 3 8192 2.000000000 2
1124 836 3 8192 2.000000000 2
1124 836 3 8192 2.000000000 2
1124 836 3 8192 2.000000000 2
1124 836 3 8192 2.000000000 2
1124 836 3 8192 2.000000000 2
1124 880 3 8192 2.000000000 2
1124 880 3 8192 2.000000000 2
1124 880 3 8192 2.000000000 2
1124 880 3 8192 2.000000000 2
1124 880 3 8192 2.000000000 2
1124 880 3 8192 2.000000000 2
1124 880 3 8192 2.000000000 2
1124 880 3 8192 2.000000000 2
1124 1216 3 8192 2.000000000 2
1124 1216 3 8192 2.000000000 2
1124 1216 3 8192 2.000000000 2
1124 1216 3 8192 2.000000000 2
1124 1216 3 8192 2.000000000 2
1124 1216 3 8192 2.000000000 2
1124 1216 3 8192 2.000000000 2
1124 1216 3 8192 2.000000000 2
1124 1248 3 8192 2.000000000 2
1124 1248 3 8192 2.000000000 2
1124 1248 3 8192 2.000000000 2
1124 1248 3 8192 2.000000000 2
1124 1248 3 8192 2.000000000 2
1124 1248 3 8192 2.000000000 2
1124 1248 3 8192 2.000000000 2
1124 1248 3 8192 2.000000000 2
1128 48 3 8192 2.000000000 2
1128 48 3 8192 2.000000000 2
1128 48 3 8192 2.000000000 2
1128 48 3 8192 2.000000000 2
1128 48 3 8192 2.000000000 2
1128 48 3 8192 2.000000000 2
1128 48 3 8192 2.000000000 2
1128 48 3 8192 2.000000000 2
1128 92 3 8192 2.000000000 2
1128 92 3 8192 2.000000000 2
1128 92 3 8192 2.000000000 2
1128 92 3 8192 2.000000000 2
1128 92 3 8192 2.000000000 2
1128 92 3 8192 2.000000000 2
1128 92 3 8192 2.000000000 2
1128 92 3 8192 2.000000000 2
1128 116 3 8192 2.000000000 2
1128 116 3 8192 2.000000000 2
1128 116 3 8192 2.000000000 2
1128 116 3 8192 2.000000000 2
1128 116 3 8192 2.000000000 2
1128 116 3 8192 2.000000000 2
1128 116 3 8192 2.000000000 2
1128 116 3 8192 2.000000000 2
1128 188 3 8192 2.000000000 2
1128 188 3 8192 2.000000000 2
1128 188 3 8192 2.000000000 2
1128 188 3 8192 2.000000000 2
1128 188 3 8192 2.000000000 2
1128 188 3 8192 2.000000000 2
1128 188 3 8192 2.000000000 2
1128 188 3 8192 2.000000000 2
1128 300 3 8192 2.000000000 2
1128 300 3 8192 2.000000000 2
1128 300 3 8192 2.000000000 2
1128 300 3 8192 2.000000000 2
1128 300 3 8192 2.000000000 2
1128 300 3 8192 2.000000000 2
1128 300 3 8192 2.000000000 2
1128 300 3 8192 2.000000000 2
1128 312 3 8192 2.000000000 2
1128 312 3 8192 2.000000000 2
1128 312 3 8192 2.000000000 2
1128 312 3 8192 2.000000000 2
1128 312 3 8192 2.000000000 2
1128 312 3 8192 2.000000000 2
1128 312 3 8192 2.000000000 2
1128 312 3 8192 2.000000000 2
1128 904 3 8192 2.000000000 2
1128 904 3 8192 2.000000000 2
1128 904 3 8192 2.000000000 2
1128 904 3 8192 2.000000000 2
1128 904 3 8192 2.000000000 2
1128 904 3 8192 2.000000000 2
1128 904 3 8192 2.000000000 2
1128 904 3 8192 2.000000000 2
1128 1240 3 8192 2.000000000 2
1128 1240 3 8192 2.000000000 2
1128 1240 3 8192 2.000000000 2
1128 1240 3 8192 2.000000000 2
1128 1240 3 8192 2.000000000 2
1128 1240 3 8192 2.000000000 2
1128 1240 3 8192 2.000000000 2
1128 1240 3 8192 2.000000000 2
1132 312 3 8192 2.000000000 2
1132 312 3 8192 2.000000000 2
1132 312 3 8192 2.000000000 2
1132 312 3 8192 2.000000000 2
1132 312 3 8192 2.000000000 2
1132 312 3 8192 2.000000000 2
1132 312 3 8192 2.000000000 2
1132 312 3 8192 2.000000000 2
1132 460 3 8192 2.000000000 2
1132 460 3 8192 2.000000000 2
1132 460 3 8192 2.000000000 2
1132 460 3 8192 2.000000000 2
1132 460 3 8192 2.000000000 2
1132 460 3 8192 2.000000000 2
1132 460 3 8192 2.000000000 2
1132 460 3 8192 2.000000000 2
1132 528 3 8192 2.000000000 2
1132 528 3 8192 2.000000000 2
1132 528 3 8192 2.000000000 2
1132 528 3 8192 2.000000000 2
1132 528 3 8192 2.000000000 2
1132 528 3 8192 2.000000000 2
1132 528 3 8192 2.000000000 2
1132 528 3 8192 2.000000000 2
1132 700 3 8192 2.000000000 2
1132 700 3 8192 2.000000000 2
1132 700 3 8192 2.000000000 2
1132 700 3 8192 2.000000000 2
1132 700 3 8192 2.000000000 2
1132 700 3 8192 2.000000000 2
1132 700 3 8192 2.000000000 2
1132 700 3 8192 2.000000000 2
1132 796 3 8192 2.000000000 2
1132 796 3 8192 2.000000000 2
1132 796 3 8192 2.000000000 2
1132 796 3 8192 2.000000000 2
1132 796 3 8192 2.000000000 2
1132 796 3 8192 2.000000000 2
1132 796 3 8192 2.000000000 2
1132 796 3 8192 2.000000000 2
1132 860 3 8192 2.000000000 2
1132 860 3 8192 2.000000000 2
1132 860 3 8192 2.000000000 2
1132 860 3 8192 2.000000000 2
1132 860 3 8192 2.000000000 2
1132 860 3 8192 2.000000000 2
1132 860 3 8192 2.000000000 2
1132 860 3 8192 2.000000000 2
1132 900 3 8192 2.000000000 2
1132 900 3 8192 2.000000000 2
1132 900 3 8192 2.000000000 2
1132 900 3 8192 2.000000000 2
1132 900 3 8192 2.000000000 2
1132 900 3 8192 2.000000000 2
1132 900 3 8192 2.000000000 2
1132 900 3 8192 2.000000000 2
1132 976 3 8192 2.000000000 2
1132 976 3 8192 2.000000000 2
1132 976 3 8192 2.000000000 2
1132 976 3 8192 2.000000000 2
1132 976 3 8192 2.000000000 2
1132 976 3 8192 2.000000000 2
1132 976 3 8192 2.000000000 2
1132 976 3 8192 2.000000000 2
1136 12 3 8192 2.000000000 2
1136 12 3 8192 2.000000000 2
1136 12 3 8192 2.000000000 2
1136 12 3 8192 2.000000000 2
1136 12 3 8192 2.000000000 2
1136 12 3 8192 2.000000000 2
1136 12 3 8192 2.000000000 2
1136 12 3 8192 2.000000000 2
1136 288 3 8192 2.000000000 2
1136 288 3 8192 2.000000000 2
1136 288 3 8192 2.000000000 2
1136 288 3 8192 2.000000000 2
1136 288 3 8192 2.000000000 2
1136 288 3 8192 2.000000000 2
1136 288 3 8192 2.000000000 2
1136 288 3 8192 2.000000000 2
1136 436 3 8192 2.000000000 2
1136 436 3 8192 2.000000000 2
1136 436 3 8192 2.000000000 2
1136 436 3 8192 2.000000000 2
1136 436 3 8192 2.000000000 2
1136 436 3 8192 2.000000000 2
1136 436 3 8192 2.000000000 2
1136 436 3 8192 2.000000000 2
1136 676 3 8192 2.000000000 2
1136 676 3 8192 2.000000000 2
1136 676 3 8192 2.000000000 2
1136 676 3 8192 2.000000000 2
1136 676 3 8192 2.000000000 2
1136 676 3 8192 2.000000000 2
1136 676 3 8192 2.000000000 2
1136 676 3 8192 2.000000000 2
1136 832 3 8192 2.000000000 2
1136 832 3 8192 2.000000000 2
1136 832 3 8192 2.000000000 2
1136 832 3 8192 2.000000000 2
1136 832 3 8192 2.000000000 2
1136 832 3 8192 2.000000000 2
1136 832 3 8192 2.000000000 2
1136 832 3 8192 2.000000000 2
1136 956 3 8192 2.000000000 2
1136 956 3 8192 2.000000000 2
1136 956 3 8192 2.000000000 2
1136 956 3 8192 2.000000000 2
1136 956 3 8192 2.000000000 2
1136 956 3 8192 2.000000000 2
1136 956 3 8192 2.000000000 2
1136 956 3 8192 2.000000000 2
1136 992 3 8192 2.000000000 2
1136 992 3 8192 2.000000000 2
1136 992 3 8192 2.000000000 2
1136 992 3 8192 2.000000000 2
1136 992 3 8192 2.000000000 2
1136 992 3 8192 2.000000000 2
1136 992 3 8192 2.000000000 2
1136 992 3 8192 2.000000000 2
1136 1112 3 8192 2.000000000 2
1136 1112 3 8192 2.000000000 2
1136 1112 3 8192 2.000000000 2
1136 1112 3 8192 2.000000000 2
1136 1112 3 8192 2.000000000 2
1136 1112 3 8192 2.000000000 2
1136 1112 3 8192 2.000000000 2
1136 1112 3 8192 2.000000000 2
1140 48 3 8192 2.000000000 2
1140 48 3 8192 2.000000000 2
1140 48 3 8192 2.000000000 2
1140 48 3 8192 2.000000000 2
1140 48 3 8192 2.000000000 2
1140 48 3 8192 2.000000000 2
1140 48 3 8192 2.000000000 2
1140 48 3 8192 2.000000000 2
1140 124 3 8192 2.000000000 2
1140 124 3 8192 2.000000000 2
1140 124 3 8192 2.000000000 2
1140 124 3 8192 2.000000000 2
1140 124 3 8192 2.000000000 2
1140 124 3 8192 2.000000000 2
1140 124 3 8192 2.000000000 2
1140 124 3 8192 2.000000000 2
1140 308 3 8192 2.000000000 2
1140 308 3 8192 2.000000000 2
1140 308 3 8192 2.000000000 2
1140 308 3 8192 2.000000000 2
1140 308 3 8192 2.000000000 2
1140 308 3 8192 2.000000000 2
1140 308 3 8192 2.000000000 2
1140 308 3 8192 2.000000000 2
1140 404 3 8192 2.000000000 2
1140 404 3 8192 2.000000000 2
1140 404 3 8192 2.000000000 2
1140 404 3 8192 2.000000000 2
1140 404 3 8192 2.000000000 2
1140 404 3 8192 2.000000000 2
1140 404 3 8192 2.000000000 2
1140 404 3 8192 2.000000000 2
1140 424 3 8192 2.000000000 2
1140 424 3 8192 2.000000000 2
1140 424 3 8192 2.000000000 2
1140 424 3 8192 2.000000000 2
1140 424 3 8192 2.000000000 2
1140 424 3 8192 2.000000000 2
1140 424 3 8192 2.000000000 2
1140 424 3 8192 2.000000000 2
1140 636 3 8192 2.000000000 2
1140 636 3 8192 2.000000000 2
1140 636 3 8192 2.000000000 2
1140 636 3 8192 2.000000000 2
1140 636 3 8192 2.000000000 2
1140 636 3 8192 2.000000000 2
1140 636 3 8192 2.000000000 2
1140 636 3 8192 2.000000000 2
1140 708 3 8192 2.000000000 2
1140 708 3 8192 2.000000000 2
1140 708 3 8192 2.000000000 2
1140 708 3 8192 2.000000000 2
1140 708 3 8192 2.000000000 2
1140 708 3 8192 2.000000000 2
1140 708 3 8192 2.000000000 2
1140 708 3 8192 2.000000000 2
1140 1220 3 8192 2.000000000 2
1140 1220 3 8192 2.000000000 2
1140 1220 3 8192 2.000000000 2
1140 1220 3 8192 2.000000000 2
1140 1220 3 8192 2.000000000 2
1140 1220 3 8192 2.000000000 2
1140 1220 3 8192 2.000000000 2
1140 1220 3 8192 2.000000000 2
1144 48 3 8192 2.000000000 2
1144 48 3 8192 2.000000000 2
1144 48 3 8192 2.000000000 2
1144 48 3 8192 2.000000000 2
1144 48 3 8192 2.000000000 2
1144 48 3 8192 2.000000000 2
1144 48 3 8192 2.000000000 2
1144 48 3 8192 2.000000000 2
1144 120 3 8192 2.000000000 2
1144 120 3 8192 2.000000000 2
1144 120 3 8192 2.000000000 2
1144 120 3 8192 2.000000000 2
1144 120 3 8192 2.000000000 2
1144 120 3 8192 2.000000000 2
1144 120 3 8192 2.000000000 2
1144 120 3 8192 2.000000000 2
1144 180 3 8192 2.000000000 2
1144 180 3 8192 2.000000000 2
1144 180 3 8192 2.000000000 2
1144 180 3 8192 2.000000000 2
1144 180 3 8192 2.000000000 2
1144 180 3 8192 2.000000000 2
1144 180 3 8192 2.000000000 2
1144 180 3 8192 2.000000000 2
1144 188 3 8192 2.000000000 2
1144 188 3 8192 2.000000000 2
1144 188 3 8192 2.000000000 2
1144 188 3 8192 2.000000000 2
1144 188 3 8192 2.000000000 2
1144 188 3 8192 2.000000000 2
1144 188 3 8192 2.000000000 2
1144 188 3 8192 2.000000000 2
1144 288 3 8192 2.000000000 2
1144 288 3 8192 2.000000000 2
1144 288 3 8192 2.000000000 2
1144 288 3 8192 2.000000000 2
1144 288 3 8192 2.000000000 2
1144 288 3 8192 2.000000000 2
1144 288 3 8192 2.000000000 2
1144 288 3 8192 2.000000000 2
1144 528 3 8192 2.000000000 2
1144 528 3 8192 2.000000000 2
1144 528 3 8192 2.000000000 2
1144 528 3 8192 2.000000000 2
1144 528 3 8192 2.000000000 2
1144 528 3 8192 2.000000000 2
1144 528 3 8192 2.000000000 2
1144 528 3 8192 2.000000000 2
1144 740 3 8192 2.000000000 2
1144 740 3 8192 2.000000000 2
1144 740 3 8192 2.000000000 2
1144 740 3 8192 2.000000000 2
1144 740 3 8192 2.000000000 2
1144 740 3 8192 2.000000000 2
1144 740 3 8192 2.000000000 2
1144 740 3 8192 2.000000000 2
1144 992 3 8192 2.000000000 2
1144 992 3 8192 2.000000000 2
1144 992 3 8192 2.000000000 2
1144 992 3 8192 2.000000000 2
1144 992 3 8192 2.000000000 2
1144 992 3 8192 2.000000000 2
1144 992 3 8192 2.000000000 2
1144 992 3 8192 2.000000000 2
1152 100 3 8192 2.000000000 2
1152 100 3 8192 2.000000000 2
1152 100 3 8192 2.000000000 2
1152 100 3 8192 2.000000000 2
1152 100 3 8192 2.000000000 2
1152 100 3 8192 2.000000000 2
1152 100 3 8192 2.000000000 2
1152 100 3 8192 2.000000000 2
1152 128 3 8192 2.000000000 2
1152 128 3 8192 2.000000000 2
1152 128 3 8192 2.000000000 2
1152 128 3 8192 2.000000000 2
1152 128 3 8192 2.000000000 2
1152 128 3 8192 2.000000000 2
1152 128 3 8192 2.000000000 2
1152 128 3 8192 2.000000000 2
1152 384 3 8192 2.000000000 2
1152 384 3 8192 2.000000000 2
1152 384 3 8192 2.000000000 2
1152 384 3 8192 2.000000000 2
1152 384 3 8192 2.000000000 2
1152 384 3 8192 2.000000000 2
1152 384 3 8192 2.000000000 2
1152 384 3 8192 2.000000000 2
1152 840 3 8192 2.000000000 2
1152 840 3 8192 2.000000000 2
1152 840 3 8192 2.000000000 2
1152 840 3 8192 2.000000000 2
1152 840 3 8192 2.000000000 2
1152 840 3 8192 2.000000000 2
1152 840 3 8192 2.000000000 2
1152 840 3 8192 2.000000000 2
1152 1020 3 8192 2.000000000 2
1152 1020 3 8192 2.000000000 2
1152 1020 3 8192 2.000000000 2
1152 1020 3 8192 2.000000000 2
1152 1020 3 8192 2.000000000 2
1152 1020 3 8192 2.000000000 2
1152 1020 3 8192 2.000000000 2
1152 1020 3 8192 2.000000000 2
1152 1084 3 8192 2.000000000 2
1152 1084 3 8192 2.000000000 2
1152 1084 3 8192 2.000000000 2
1152 1084 3 8192 2.000000000 2
1152 1084 3 8192 2.000000000 2
1152 1084 3 8192 2.000000000 2
1152 1084 3 8192 2.000000000 2
1152 1084 3 8192 2.000000000 2
1152 1128 3 8192 2.000000000 2
1152 1128 3 8192 2.000000000 2
1152 1128 3 8192 2.000000000 2
1152 1128 3 8192 2.000000000 2
1152 1128 3 8192 2.000000000 2
1152 1128 3 8192 2.000000000 2
1152 1128 3 8192 2.000000000 2
1152 1128 3 8192 2.000000000 2
1152 1248 3 8192 2.000000000 2
1152 1248 3 8192 2.000000000 2
1152 1248 3 8192 2.000000000 2
1152 1248 3 8192 2.000000000 2
1152 1248 3 8192 2.000000000 2
1152 1248 3 8192 2.000000000 2
1152 1248 3 8192 2.000000000 2
1152 1248 3 8192 2.000000000 2
1156 168 3 8192 2.000000000 2
1156 168 3 8192 2.000000000 2
1156 168 3 8192 2.000000000 2
1156 168 3 8192 2.000000000 2
1156 168 3 8192 2.000000000 2
1156 168 3 8192 2.000000000 2
1156 168 3 8192 2.000000000 2
1156 168 3 8192 2.000000000 2
1156 536 3 8192 2.000000000 2
1156 536 3 8192 2.000000000 2
1156 536 3 8192 2.000000000 2
1156 536 3 8192 2.000000000 2
1156 536 3 8192 2.000000000 2
1156 536 3 8192 2.000000000 2
1156 536 3 8192 2.000000000 2
1156 536 3 8192 2.000000000 2
1156 1072 3 8192 2.000000000 2
1156 1072 3 8192 2.000000000 2
1156 1072 3 8192 2.000000000 2
1156 1072 3 8192 2.000000000 2
1156 1072 3 8192 2.000000000 2
1156 1072 3 8192 2.000000000 2
1156 1072 3 8192 2.000000000 2
1156 1072 3 8192 2.000000000 2
1156 1084 3 8192 2.000000000 2
1156 1084 3 8192 2.000000000 2
1156 1084 3 8192 2.000000000 2
1156 1084 3 8192 2.000000000 2
1156 1084 3 8192 2.000000000 2
1156 1084 3 8192 2.000000000 2
1156 1084 3 8192 2.000000000 2
1156 1084 3 8192 2.000000000 2
1156 1132 3 8192 2.000000000 2
1156 1132 3 8192 2.000000000 2
1156 1132 3 8192 2.000000000 2
1156 1132 3 8192 2.000000000 2
1156 1132 3 8192 2.000000000 2
1156 1132 3 8192 2.000000000 2
1156 1132 3 8192 2.000000000 2
1156 1132 3 8192 2.000000000 2
1156 1164 3 8192 2.000000000 2
1156 1164 3 8192 2.000000000 2
1156 1164 3 8192 2.000000000 2
1156 1164 3 8192 2.000000000 2
1156 1164 3 8192 2.000000000 2
1156 1164 3 8192 2.000000000 2
1156 1164 3 8192 2.000000000 2
1156 1164 3 8192 2.000000000 2
1156 1228 3 8192 2.000000000 2
1156 1228 3 8192 2.000000000 2
1156 1228 3 8192 2.000000000 2
1156 1228 3 8192 2.000000000 2
1156 1228 3 8192 2.000000000 2
1156 1228 3 8192 2.000000000 2
1156 1228 3 8192 2.000000000 2
1156 1228 3 8192 2.000000000 2
1156 1232 3 8192 2.000000000 2
1156 1232 3 8192 2.000000000 2
1156 1232 3 8192 2.000000000 2
1156 1232 3 8192 2.000000000 2
1156 1232 3 8192 2.000000000 2
1156 1232 3 8192 2.000000000 2
1156 1232 3 8192 2.000000000 2
1156 1232 3 8192 2.000000000 2
1160 124 3 8192 2.000000000 2
1160 124 3 8192 2.000000000 2
1160 124 3 8192 2.000000000 2
1160 124 3 8192 2.000000000 2
1160 124 3 8192 2.000000000 2
1160 124 3 8192 2.000000000 2
1160 124 3 8192 2.000000000 2
1160 124 3 8192 2.000000000 2
1160 460 3 8192 2.000000000 2
1160 460 3 8192 2.000000000 2
1160 460 3 8192 2.000000000 2
1160 460 3 8192 2.000000000 2
1160 460 3 8192 2.000000000 2
1160 460 3 8192 2.000000000 2
1160 460 3 8192 2.000000000 2
1160 460 3 8192 2.000000000 2
1160 512 3 8192 2.000000000 2
1160 512 3 8192 2.000000000 2
1160 512 3 8192 2.000000000 2
1160 512 3 8192 2.000000000 2
1160 512 3 8192 2.000000000 2
1160 512 3 8192 2.000000000 2
1160 512 3 8192 2.000000000 2
1160 512 3 8192 2.000000000 2
1160 668 3 8192 2.000000000 2
1160 668 3 8192 2.000000000 2
1160 668 3 8192 2.000000000 2
1160 668 3 8192 2.000000000 2
1160 668 3 8192 2.000000000 2
1160 668 3 8192 2.000000000 2
1160 668 3 8192 2.000000000 2
1160 668 3 8192 2.000000000 2
1160 916 3 8192 2.000000000 2
1160 916 3 8192 2.000000000 2
1160 916 3 8192 2.000000000 2
1160 916 3 8192 2.000000000 2
1160 916 3 8192 2.000000000 2
1160 916 3 8192 2.000000000 2
1160 916 3 8192 2.000000000 2
1160 916 3 8192 2.000000000 2
1160 1028 3 8192 2.000000000 2
1160 1028 3 8192 2.000000000 2
1160 1028 3 8192 2.000000000 2
1160 1028 3 8192 2.000000000 2
1160 1028 3 8192 2.000000000 2
1160 1028 3 8192 2.000000000 2
1160 1028 3 8192 2.000000000 2
1160 1028 3 8192 2.000000000 2
1160 1144 3 8192 2.000000000 2
1160 1144 3 8192 2.000000000 2
1160 1144 3 8192 2.000000000 2
1160 1144 3 8192 2.000000000 2
1160 1144 3 8192 2.000000000 2
1160 1144 3 8192 2.000000000 2
1160 1144 3 8192 2.000000000 2
1160 1144 3 8192 2.000000000 2
1160 1268 3 8192 2.000000000 2
1160 1268 3 8192 2.000000000 2
1160 1268 3 8192 2.000000000 2
1160 1268 3 8192 2.000000000 2
1160 1268 3 8192 2.000000000 2
1160 1268 3 8192 2.000000000 2
1160 1268 3 8192 2.000000000 2
1160 1268 3 8192 2.000000000 2
1164 16 3 8192 2.000000000 2
1164 16 3 8192 2.000000000 2
1164 16 3 8192 2.000000000 2
1164 16 3 8192 2.000000000 2
1164 16 3 8192 2.000000000 2
1164 16 3 8192 2.000000000 2
1164 16 3 8192 2.000000000 2
1164 16 3 8192 2.000000000 2
1164 68 3 8192 2.000000000 2
1164 68 3 8192 2.000000000 2
1164 68 3 8192 2.000000000 2
1164 68 3 8192 2.000000000 2
1164 68 3 8192 2.000000000 2
1164 68 3 8192 2.000000000 2
1164 68 3 8192 2.000000000 2
1164 68 3 8192 2.000000000 2
1164 116 3 8192 2.000000000 2
1164 116 3 8192 2.000000000 2
1164 116 3 8192 2.000000000 2
1164 116 3 8192 2.000000000 2
1164 116 3 8192 2.000000000 2
1164 116 3 8192 2.000000000 2
1164 116 3 8192 2.000000000 2
1164 116 3 8192 2.000000000 2
1164 444 3 8192 2.000000000 2
1164 444 3 8192 2.000000000 2
1164 444 3 8192 2.000000000 2
1164 444 3 8192 2.000000000 2
1164 444 3 8192 2.000000000 2
1164 444 3 8192 2.000000000 2
1164 444 3 8192 2.000000000 2
1164 444 3 8192 2.000000000 2
1164 664 3 8192 2.000000000 2
1164 664 3 8192 2.000000000 2
1164 664 3 8192 2.000000000 2
1164 664 3 8192 2.000000000 2
1164 664 3 8192 2.000000000 2
1164 664 3 8192 2.000000000 2
1164 664 3 8192 2.000000000 2
1164 664 3 8192 2.000000000 2
1164 812 3 8192 2.000000000 2
1164 812 3 8192 2.000000000 2
1164 812 3 8192 2.000000000 2
1164 812 3 8192 2.000000000 2
1164 812 3 8192 2.000000000 2
1164 812 3 8192 2.000000000 2
1164 812 3 8192 2.000000000 2
1164 812 3 8192 2.000000000 2
1164 1052 3 8192 2.000000000 2
1164 1052 3 8192 2.000000000 2
1164 1052 3 8192 2.000000000 2
1164 1052 3 8192 2.000000000 2
1164 1052 3 8192 2.000000000 2
1164 1052 3 8192 2.000000000 2
1164 1052 3 8192 2.000000000 2
1164 1052 3 8192 2.000000000 2
1164 1180 3 8192 2.000000000 2
1164 1180 3 8192 2.000000000 2
1164 1180 3 8192 2.000000000 2
1164 1180 3 8192 2.000000000 2
1164 1180 3 8192 2.000000000 2
1164 1180 3 8192 2.000000000 2
1164 1180 3 8192 2.000000000 2
1164 1180 3 8192 2.000000000 2
1168 92 3 8192 2.000000000 2
1168 92 3 8192 2.000000000 2
1168 92 3 8192 2.000000000 2
1168 92 3 8192 2.000000000 2
1168 92 3 8192 2.000000000 2
1168 92 3 8192 2.000000000 2
1168 92 3 8192 2.000000000 2
1168 92 3 8192 2.000000000 2
1168 124 3 8192 2.000000000 2
1168 124 3 8192 2.000000000 2
1168 124 3 8192 2.000000000 2
1168 124 3 8192 2.000000000 2
1168 124 3 8192 2.000000000 2
1168 124 3 8192 2.000000000 2
1168 124 3 8192 2.000000000 2
1168 124 3 8192 2.000000000 2
1168 180 3 8192 2.000000000 2
1168 180 3 8192 2.000000000 2
1168 180 3 8192 2.000000000 2
1168 180 3 8192 2.000000000 2
1168 180 3 8192 2.000000000 2
1168 180 3 8192 2.000000000 2
1168 180 3 8192 2.000000000 2
1168 180 3 8192 2.000000000 2
1168 344 3 8192 2.000000000 2
1168 344 3 8192 2.000000000 2
1168 344 3 8192 2.000000000 2
1168 344 3 8192 2.000000000 2
1168 344 3 8192 2.000000000 2
1168 344 3 8192 2.000000000 2
1168 344 3 8192 2.000000000 2
1168 344 3 8192 2.000000000 2
1168 848 3 8192 2.000000000 2
1168 848 3 8192 2.000000000 2
1168 848 3 8192 2.000000000 2
1168 848 3 8192 2.000000000 2
1168 848 3 8192 2.000000000 2
1168 848 3 8192 2.000000000 2
1168 848 3 8192 2.000000000 2
1168 848 3 8192 2.000000000 2
1168 864 3 8192 2.000000000 2
1168 864 3 8192 2.000000000 2
1168 864 3 8192 2.000000000 2
1168 864 3 8192 2.000000000 2
1168 864 3 8192 2.000000000 2
1168 864 3 8192 2.000000000 2
1168 864 3 8192 2.000000000 2
1168 864 3 8192 2.000000000 2
1168 1000 3 8192 2.000000000 2
1168 1000 3 8192 2.000000000 2
1168 1000 3 8192 2.000000000 2
1168 1000 3 8192 2.000000000 2
1168 1000 3 8192 2.000000000 2
1168 1000 3 8192 2.000000000 2
1168 1000 3 8192 2.000000000 2
1168 1000 3 8192 2.000000000 2
1168 1216 3 8192 2.000000000 2
1168 1216 3 8192 2.000000000 2
1168 1216 3 8192 2.000000000 2
1168 1216 3 8192 2.000000000 2
1168 1216 3 8192 2.000000000 2
1168 1216 3 8192 2.000000000 2
1168 1216 3 8192 2.000000000 2
1168 1216 3 8192 2.000000000 2
1172 336 3 8192 2.000000000 2
1172 336 3 8192 2.000000000 2
1172 336 3 8192 2.000000000 2
1172 336 3 8192 2.000000000 2
1172 336 3 8192 2.000000000 2
1172 336 3 8192 2.000000000 2
1172 336 3 8192 2.000000000 2
1172 336 3 8192 2.000000000 2
1172 360 3 8192 2.000000000 2
1172 360 3 8192 2.000000000 2
1172 360 3 8192 2.000000000 2
1172 360 3 8192 2.000000000 2
1172 360 3 8192 2.000000000 2
1172 360 3 8192 2.000000000 2
1172 360 3 8192 2.000000000 2
1172 360 3 8192 2.000000000 2
1172 532 3 8192 2.000000000 2
1172 532 3 8192 2.000000000 2
1172 532 3 8192 2.000000000 2
1172 532 3 8192 2.000000000 2
1172 532 3 8192 2.000000000 2
1172 532 3 8192 2.000000000 2
1172 532 3 8192 2.000000000 2
1172 532 3 8192 2.000000000 2
1172 672 3 8192 2.000000000 2
1172 672 3 8192 2.000000000 2
1172 672 3 8192 2.000000000 2
1172 672 3 8192 2.000000000 2
1172 672 3 8192 2.000000000 2
1172 672 3 8192 2.000000000 2
1172 672 3 8192 2.000000000 2
1172 672 3 8192 2.000000000 2
1172 1052 3 8192 2.000000000 2
1172 1052 3 8192 2.000000000 2
1172 1052 3 8192 2.000000000 2
1172 1052 3 8192 2.000000000 2
1172 1052 3 8192 2.000000000 2
1172 1052 3 8192 2.000000000 2
1172 1052 3 8192 2.000000000 2
1172 1052 3 8192 2.000000000 2
1172 1104 3 8192 2.000000000 2
1172 1104 3 8192 2.000000000 2
1172 1104 3 8192 2.000000000 2
1172 1104 3 8192 2.000000000 2
1172 1104 3 8192 2.000000000 2
1172 1104 3 8192 2.000000000 2
1172 1104 3 8192 2.000000000 2
1172 1104 3 8192 2.000000000 2
1172 1196 3 8192 2.000000000 2
1172 1196 3 8192 2.000000000 2
1172 1196 3 8192 2.000000000 2
1172 1196 3 8192 2.000000000 2
1172 1196 3 8192 2.000000000 2
1172 1196 3 8192 2.000000000 2
1172 1196 3 8192 2.000000000 2
1172 1196 3 8192 2.000000000 2
1172 1216 3 8192 2.000000000 2
1172 1216 3 8192 2.000000000 2
1172 1216 3 8192 2.000000000 2
1172 1216 3 8192 2.000000000 2
1172 1216 3 8192 2.000000000 2
1172 1216 3 8192 2.000000000 2
1172 1216 3 8192 2.000000000 2
1172 1216 3 8192 2.000000000 2
1180 152 3 8192 2.000000000 2
1180 152 3 8192 2.000000000 2
1180 152 3 8192 2.000000000 2
1180 152 3 8192 2.000000000 2
1180 152 3 8192 2.000000000 2
1180 152 3 8192 2.000000000 2
1180 152 3 8192 2.000000000 2
1180 152 3 8192 2.000000000 2
1180 176 3 8192 2.000000000 2
1180 176 3 8192 2.000000000 2
1180 176 3 8192 2.000000000 2
1180 176 3 8192 2.000000000 2
1180 176 3 8192 2.000000000 2
1180 176 3 8192 2.000000000 2
1180 176 3 8192 2.000000000 2
1180 176 3 8192 2.000000000 2
1180 348 3 8192 2.000000000 2
1180 348 3 8192 2.000000000 2
1180 348 3 8192 2.000000000 2
1180 348 3 8192 2.000000000 2
1180 348 3 8192 2.000000000 2
1180 348 3 8192 2.000000000 2
1180 348 3 8192 2.000000000 2
1180 348 3 8192 2.000000000 2
1180 452 3 8192 2.000000000 2
1180 452 3 8192 2.000000000 2
1180 452 3 8192 2.000000000 2
1180 452 3 8192 2.000000000 2
1180 452 3 8192 2.000000000 2
1180 452 3 8192 2.000000000 2
1180 452 3 8192 2.000000000 2
1180 452 3 8192 2.000000000 2
1180 668 3 8192 2.000000000 2
1180 668 3 8192 2.000000000 2
1180 668 3 8192 2.000000000 2
1180 668 3 8192 2.000000000 2
1180 668 3 8192 2.000000000 2
1180 668 3 8192 2.000000000 2
1180 668 3 8192 2.000000000 2
1180 668 3 8192 2.000000000 2
1180 816 3 8192 2.000000000 2
1180 816 3 8192 2.000000000 2
1180 816 3 8192 2.000000000 2
1180 816 3 8192 2.000000000 2
1180 816 3 8192 2.000000000 2
1180 816 3 8192 2.000000000 2
1180 816 3 8192 2.000000000 2
1180 816 3 8192 2.000000000 2
1180 1028 3 8192 2.000000000 2
1180 1028 3 8192 2.000000000 2
1180 1028 3 8192 2.000000000 2
1180 1028 3 8192 2.000000000 2
1180 1028 3 8192 2.000000000 2
1180 1028 3 8192 2.000000000 2
1180 1028 3 8192 2.000000000 2
1180 1028 3 8192 2.000000000 2
1180 1124 3 8192 2.000000000 2
1180 1124 3 8192 2.000000000 2
1180 1124 3 8192 2.000000000 2
1180 1124 3 8192 2.000000000 2
1180 1124 3 8192 2.000000000 2
1180 1124 3 8192 2.000000000 2
1180 1124 3 8192 2.000000000 2
1180 1124 3 8192 2.000000000 2
1184 404 3 8192 2.000000000 2
1184 404 3 8192 2.000000000 2
1184 404 3 8192 2.000000000 2
1184 404 3 8192 2.000000000 2
1184 404 3 8192 2.000000000 2
1184 404 3 8192 2.000000000 2
1184 404 3 8192 2.000000000 2
1184 404 3 8192 2.000000000 2
1184 416 3 8192 2.000000000 2
1184 416 3 8192 2.000000000 2
1184 416 3 8192 2.000000000 2
1184 416 3 8192 2.000000000 2
1184 416 3 8192 2.000000000 2
1184 416 3 8192 2.000000000 2
1184 416 3 8192 2.000000000 2
1184 416 3 8192 2.000000000 2
1184 540 3 8192 2.000000000 2
1184 540 3 8192 2.000000000 2
1184 540 3 8192 2.000000000 2
1184 540 3 8192 2.000000000 2
1184 540 3 8192 2.000000000 2
1184 540 3 8192 2.000000000 2
1184 540 3 8192 2.000000000 2
1184 540 3 8192 2.000000000 2
1184 688 3 8192 2.000000000 2
1184 688 3 8192 2.000000000 2
1184 688 3 8192 2.000000000 2
1184 688 3 8192 2.000000000 2
1184 688 3 8192 2.000000000 2
1184 688 3 8192 2.000000000 2
1184 688 3 8192 2.000000000 2
1184 688 3 8192 2.000000000 2
1184 904 3 8192 2.000000000 2
1184 904 3 8192 2.000000000 2
1184 904 3 8192 2.000000000 2
1184 904 3 8192 2.000000000 2
1184 904 3 8192 2.000000000 2
1184 904 3 8192 2.000000000 2
1184 904 3 8192 2.000000000 2
1184 904 3 8192 2.000000000 2
1184 940 3 8192 2.000000000 2
1184 940 3 8192 2.000000000 2
1184 940 3 8192 2.000000000 2
1184 940 3 8192 2.000000000 2
1184 940 3 8192 2.000000000 2
1184 940 3 8192 2.000000000 2
1184 940 3 8192 2.000000000 2
1184 940 3 8192 2.000000000 2
1184 1052 3 8192 2.000000000 2
1184 1052 3 8192 2.000000000 2
1184 1052 3 8192 2.000000000 2
1184 1052 3 8192 2.000000000 2
1184 1052 3 8192 2.000000000 2
1184 1052 3 8192 2.000000000 2
1184 1052 3 8192 2.000000000 2
1184 1052 3 8192 2.000000000 2
1184 1196 3 8192 2.000000000 2
1184 1196 3 8192 2.000000000 2
1184 1196 3 8192 2.000000000 2
1184 1196 3 8192 2.000000000 2
1184 1196 3 8192 2.000000000 2
1184 1196 3 8192 2.000000000 2
1184 1196 3 8192 2.000000000 2
1184 1196 3 8192 2.000000000 2
1188 88 3 8192 2.000000000 2
1188 88 3 8192 2.000000000 2
1188 88 3 8192 2.000000000 2
1188 88 3 8192 2.000000000 2
1188 88 3 8192 2.000000000 2
1188 88 3 8192 2.000000000 2
1188 88 3 8192 2.000000000 2
1188 88 3 8192 2.000000000 2
1188 268 3 8192 2.000000000 2
1188 268 3 8192 2.000000000 2
1188 268 3 8192 2.000000000 2
1188 268 3 8192 2.000000000 2
1188 268 3 8192 2.000000000 2
1188 268 3 8192 2.000000000 2
1188 268 3 8192 2.000000000 2
1188 268 3 8192 2.000000000 2
1188 280 3 8192 2.000000000 2
1188 280 3 8192 2.000000000 2
1188 280 3 8192 2.000000000 2
1188 280 3 8192 2.000000000 2
1188 280 3 8192 2.000000000 2
1188 280 3 8192 2.000000000 2
1188 280 3 8192 2.000000000 2
1188 280 3 8192 2.000000000 2
1188 384 3 8192 2.000000000 2
1188 384 3 8192 2.000000000 2
1188 384 3 8192 2.000000000 2
1188 384 3 8192 2.000000000 2
1188 384 3 8192 2.000000000 2
1188 384 3 8192 2.000000000 2
1188 384 3 8192 2.000000000 2
1188 384 3 8192 2.000000000 2
1188 644 3 8192 2.000000000 2
1188 644 3 8192 2.000000000 2
1188 644 3 8192 2.000000000 2
1188 644 3 8192 2.000000000 2
1188 644 3 8192 2.000000000 2
1188 644 3 8192 2.000000000 2
1188 644 3 8192 2.000000000 2
1188 644 3 8192 2.000000000 2
1188 796 3 8192 2.000000000 2
1188 796 3 8192 2.000000000 2
1188 796 3 8192 2.000000000 2
1188 796 3 8192 2.000000000 2
1188 796 3 8192 2.000000000 2
1188 796 3 8192 2.000000000 2
1188 796 3 8192 2.000000000 2
1188 796 3 8192 2.000000000 2
1188 1108 3 8192 2.000000000 2
1188 1108 3 8192 2.000000000 2
1188 1108 3 8192 2.000000000 2
1188 1108 3 8192 2.000000000 2
1188 1108 3 8192 2.000000000 2
1188 1108 3 8192 2.000000000 2
1188 1108 3 8192 2.000000000 2
1188 1108 3 8192 2.000000000 2
1188 1240 3 8192 2.000000000 2
1188 1240 3 8192 2.000000000 2
1188 1240 3 8192 2.000000000 2
1188 1240 3 8192 2.000000000 2
1188 1240 3 8192 2.000000000 2
1188 1240 3 8192 2.000000000 2
1188 1240 3 8192 2.000000000 2
1188 1240 3 8192 2.000000000 2
1196 300 3 8192 2.000000000 2
1196 300 3 8192 2.000000000 2
1196 300 3 8192 2.000000000 2
1196 300 3 8192 2.000000000 2
1196 300 3 8192 2.000000000 2
1196 300 3 8192 2.000000000 2
1196 300 3 8192 2.000000000 2
1196 300 3 8192 2.000000000 2
1196 384 3 8192 2.000000000 2
1196 384 3 8192 2.000000000 2
1196 384 3 8192 2.000000000 2
1196 384 3 8192 2.000000000 2
1196 384 3 8192 2.000000000 2
1196 384 3 8192 2.000000000 2
1196 384 3 8192 2.000000000 2
1196 384 3 8192 2.000000000 2
1196 404 3 8192 2.000000000 2
1196 404 3 8192 2.000000000 2
1196 404 3 8192 2.000000000 2
1196 404 3 8192 2.000000000 2
1196 404 3 8192 2.000000000 2
1196 404 3 8192 2.000000000 2
1196 404 3 8192 2.000000000 2
1196 404 3 8192 2.000000000 2
1196 588 3 8192 2.000000000 2
1196 588 3 8192 2.000000000 2
1196 588 3 8192 2.000000000 2
1196 588 3 8192 2.000000000 2
1196 588 3 8192 2.000000000 2
1196 588 3 8192 2.000000000 2
1196 588 3 8192 2.000000000 2
1196 588 3 8192 2.000000000 2
1196 652 3 8192 2.000000000 2
1196 652 3 8192 2.000000000 2
1196 652 3 8192 2.000000000 2
1196 652 3 8192 2.000000000 2
1196 652 3 8192 2.000000000 2
1196 652 3 8192 2.000000000 2
1196 652 3 8192 2.000000000 2
1196 652 3 8192 2.000000000 2
1196 1132 3 8192 2.000000000 2
1196 1132 3 8192 2.000000000 2
1196 1132 3 8192 2.000000000 2
1196 1132 3 8192 2.000000000 2
1196 1132 3 8192 2.000000000 2
1196 1132 3 8192 2.000000000 2
1196 1132 3 8192 2.000000000 2
1196 1132 3 8192 2.000000000 2
1196 1152 3 8192 2.000000000 2
1196 1152 3 8192 2.000000000 2
1196 1152 3 8192 2.000000000 2
1196 1152 3 8192 2.000000000 2
1196 1152 3 8192 2.000000000 2
1196 1152 3 8192 2.000000000 2
1196 1152 3 8192 2.000000000 2
1196 1152 3 8192 2.000000000 2
1196 1184 3 8192 2.000000000 2
1196 1184 3 8192 2.000000000 2
1196 1184 3 8192 2.000000000 2
1196 1184 3 8192 2.000000000 2
1196 1184 3 8192 2.000000000 2
1196 1184 3 8192 2.000000000 2
1196 1184 3 8192 2.000000000 2
1196 1184 3 8192 2.000000000 2
1200 128 3 8192 2.000000000 2
1200 128 3 8192 2.000000000 2
1200 128 3 8192 2.000000000 2
1200 128 3 8192 2.000000000 2
1200 128 3 8192 2.000000000 2
1200 128 3 8192 2.000000000 2
1200 128 3 8192 2.000000000 2
1200 128 3 8192 2.000000000 2
1200 180 3 8192 2.000000000 2
1200 180 3 8192 2.000000000 2
1200 180 3 8192 2.000000000 2
1200 180 3 8192 2.000000000 2
1200 180 3 8192 2.000000000 2
1200 180 3 8192 2.000000000 2
1200 180 3 8192 2.000000000 2
1200 180 3 8192 2.000000000 2
1200 244 3 8192 2.000000000 2
1200 244 3 8192 2.000000000 2
1200 244 3 8192 2.000000000 2
1200 244 3 8192 2.000000000 2
1200 244 3 8192 2.000000000 2
1200 244 3 8192 2.000000000 2
1200 244 3 8192 2.000000000 2
1200 244 3 8192 2.000000000 2
1200 280 3 8192 2.000000000 2
1200 280 3 8192 2.000000000 2
1200 280 3 8192 2.000000000 2
1200 280 3 8192 2.000000000 2
1200 280 3 8192 2.000000000 2
1200 280 3 8192 2.000000000 2
1200 280 3 8192 2.000000000 2
1200 280 3 8192 2.000000000 2
1200 808 3 8192 2.000000000 2
1200 808 3 8192 2.000000000 2
1200 808 3 8192 2.000000000 2
1200 808 3 8192 2.000000000 2
1200 808 3 8192 2.000000000 2
1200 808 3 8192 2.000000000 2
1200 808 3 8192 2.000000000 2
1200 808 3 8192 2.000000000 2
1200 880 3 8192 2.000000000 2
1200 880 3 8192 2.000000000 2
1200 880 3 8192 2.000000000 2
1200 880 3 8192 2.000000000 2
1200 880 3 8192 2.000000000 2
1200 880 3 8192 2.000000000 2
1200 880 3 8192 2.000000000 2
1200 880 3 8192 2.000000000 2
1200 968 3 8192 2.000000000 2
1200 968 3 8192 2.000000000 2
1200 968 3 8192 2.000000000 2
1200 968 3 8192 2.000000000 2
1200 968 3 8192 2.000000000 2
1200 968 3 8192 2.000000000 2
1200 968 3 8192 2.000000000 2
1200 968 3 8192 2.000000000 2
1200 1172 3 8192 2.000000000 2
1200 1172 3 8192 2.000000000 2
1200 1172 3 8192 2.000000000 2
1200 1172 3 8192 2.000000000 2
1200 1172 3 8192 2.000000000 2
1200 1172 3 8192 2.000000000 2
1200 1172 3 8192 2.000000000 2
1200 1172 3 8192 2.000000000 2
1204 52 3 8192 2.000000000 2
1204 52 3 8192 2.000000000 2
1204 52 3 8192 2.000000000 2
1204 52 3 8192 2.000000000 2
1204 52 3 8192 2.000000000 2
1204 52 3 8192 2.000000000 2
1204 52 3 8192 2.000000000 2
1204 52 3 8192 2.000000000 2
1204 176 3 8192 2.000000000 2
1204 176 3 8192 2.000000000 2
1204 176 3 8192 2.000000000 2
1204 176 3 8192 2.000000000 2
1204 176 3 8192 2.000000000 2
1204 176 3 8192 2.000000000 2
1204 176 3 8192 2.000000000 2
1204 176 3 8192 2.000000000 2
1204 288 3 8192 2.000000000 2
1204 288 3 8192 2.000000000 2
1204 288 3 8192 2.000000000 2
1204 288 3 8192 2.000000000 2
1204 288 3 8192 2.000000000 2
1204 288 3 8192 2.000000000 2
1204 288 3 8192 2.000000000 2
1204 288 3 8192 2.000000000 2
1204 316 3 8192 2.000000000 2
1204 316 3 8192 2.000000000 2
1204 316 3 8192 2.000000000 2
1204 316 3 8192 2.000000000 2
1204 316 3 8192 2.000000000 2
1204 316 3 8192 2.000000000 2
1204 316 3 8192 2.000000000 2
1204 316 3 8192 2.000000000 2
1204 812 3 8192 2.000000000 2
1204 812 3 8192 2.000000000 2
1204 812 3 8192 2.000000000 2
1204 812 3 8192 2.000000000 2
1204 812 3 8192 2.000000000 2
1204 812 3 8192 2.000000000 2
1204 812 3 8192 2.000000000 2
1204 812 3 8192 2.000000000 2
1204 1144 3 8192 2.000000000 2
1204 1144 3 8192 2.000000000 2
1204 1144 3 8192 2.000000000 2
1204 1144 3 8192 2.000000000 2
1204 1144 3 8192 2.000000000 2
1204 1144 3 8192 2.000000000 2
1204 1144 3 8192 2.000000000 2
1204 1144 3 8192 2.000000000 2
1204 1216 3 8192 2.000000000 2
1204 1216 3 8192 2.000000000 2
1204 1216 3 8192 2.000000000 2
1204 1216 3 8192 2.000000000 2
1204 1216 3 8192 2.000000000 2
1204 1216 3 8192 2.000000000 2
1204 1216 3 8192 2.000000000 2
1204 1216 3 8192 2.000000000 2
1204 1224 3 8192 2.000000000 2
1204 1224 3 8192 2.000000000 2
1204 1224 3 8192 2.000000000 2
1204 1224 3 8192 2.000000000 2
1204 1224 3 8192 2.000000000 2
1204 1224 3 8192 2.000000000 2
1204 1224 3 8192 2.000000000 2
1204 1224 3 8192 2.000000000 2
1212 164 3 8192 2.000000000 2
1212 164 3 8192 2.000000000 2
1212 164 3 8192 2.000000000 2
1212 164 3 8192 2.000000000 2
1212 164 3 8192 2.000000000 2
1212 164 3 8192 2.000000000 2
1212 164 3 8192 2.000000000 2
1212 164 3 8192 2.000000000 2
1212 180 3 8192 2.000000000 2
1212 180 3 8192 2.000000000 2
1212 180 3 8192 2.000000000 2
1212 180 3 8192 2.000000000 2
1212 180 3 8192 2.000000000 2
1212 180 3 8192 2.000000000 2
1212 180 3 8192 2.000000000 2
1212 180 3 8192 2.000000000 2
1212 188 3 8192 2.000000000 2
1212 188 3 8192 2.000000000 2
1212 188 3 8192 2.000000000 2
1212 188 3 8192 2.000000000 2
1212 188 3 8192 2.000000000 2
1212 188 3 8192 2.000000000 2
1212 188 3 8192 2.000000000 2
1212 188 3 8192 2.000000000 2
1212 300 3 8192 2.000000000 2
1212 300 3 8192 2.000000000 2
1212 300 3 8192 2.000000000 2
1212 300 3 8192 2.000000000 2
1212 300 3 8192 2.000000000 2
1212 300 3 8192 2.000000000 2
1212 300 3 8192 2.000000000 2
1212 300 3 8192 2.000000000 2
1212 472 3 8192 2.000000000 2
1212 472 3 8192 2.000000000 2
1212 472 3 8192 2.000000000 2
1212 472 3 8192 2.000000000 2
1212 472 3 8192 2.000000000 2
1212 472 3 8192 2.000000000 2
1212 472 3 8192 2.000000000 2
1212 472 3 8192 2.000000000 2
1212 1136 3 8192 2.000000000 2
1212 1136 3 8192 2.000000000 2
1212 1136 3 8192 2.000000000 2
1212 1136 3 8192 2.000000000 2
1212 1136 3 8192 2.000000000 2
1212 1136 3 8192 2.000000000 2
1212 1136 3 8192 2.000000000 2
1212 1136 3 8192 2.000000000 2
1212 1156 3 8192 2.000000000 2
1212 1156 3 8192 2.000000000 2
1212 1156 3 8192 2.000000000 2
1212 1156 3 8192 2.000000000 2
1212 1156 3 8192 2.000000000 2
1212 1156 3 8192 2.000000000 2
1212 1156 3 8192 2.000000000 2
1212 1156 3 8192 2.000000000 2
1212 1216 3 8192 2.000000000 2
1212 1216 3 8192 2.000000000 2
1212 1216 3 8192 2.000000000 2
1212 1216 3 8192 2.000000000 2
1212 1216 3 8192 2.000000000 2
1212 1216 3 8192 2.000000000 2
1212 1216 3 8192 2.000000000 2
1212 1216 3 8192 2.000000000 2
1216 60 3 8192 2.000000000 2
1216 60 3 8192 2.000000000 2
1216 60 3 8192 2.000000000 2
1216 60 3 8192 2.000000000 2
1216 60 3 8192 2.000000000 2
1216 60 3 8192 2.000000000 2
1216 60 3 8192 2.000000000 2
1216 60 3 8192 2.000000000 2
1216 284 3 8192 2.000000000 2
1216 284 3 8192 2.000000000 2
1216 284 3 8192 2.000000000 2
1216 284 3 8192 2.000000000 2
1216 284 3 8192 2.000000000 2
1216 284 3 8192 2.000000000 2
1216 284 3 8192 2.000000000 2
1216 284 3 8192 2.000000000 2
1216 384 3 8192 2.000000000 2
1216 384 3 8192 2.000000000 2
1216 384 3 8192 2.000000000 2
1216 384 3 8192 2.000000000 2
1216 384 3 8192 2.000000000 2
1216 384 3 8192 2.000000000 2
1216 384 3 8192 2.000000000 2
1216 384 3 8192 2.000000000 2
1216 540 3 8192 2.000000000 2
1216 540 3 8192 2.000000000 2
1216 540 3 8192 2.000000000 2
1216 540 3 8192 2.000000000 2
1216 540 3 8192 2.000000000 2
1216 540 3 8192 2.000000000 2
1216 540 3 8192 2.000000000 2
1216 540 3 8192 2.000000000 2
1216 732 3 8192 2.000000000 2
1216 732 3 8192 2.000000000 2
1216 732 3 8192 2.000000000 2
1216 732 3 8192 2.000000000 2
1216 732 3 8192 2.000000000 2
1216 732 3 8192 2.000000000 2
1216 732 3 8192 2.000000000 2
1216 732 3 8192 2.000000000 2
1216 932 3 8192 2.000000000 2
1216 932 3 8192 2.000000000 2
1216 932 3 8192 2.000000000 2
1216 932 3 8192 2.000000000 2
1216 932 3 8192 2.000000000 2
1216 932 3 8192 2.000000000 2
1216 932 3 8192 2.000000000 2
1216 932 3 8192 2.000000000 2
1216 1124 3 8192 2.000000000 2
1216 1124 3 8192 2.000000000 2
1216 1124 3 8192 2.000000000 2
1216 1124 3 8192 2.000000000 2
1216 1124 3 8192 2.000000000 2
1216 1124 3 8192 2.000000000 2
1216 1124 3 8192 2.000000000 2
1216 1124 3 8192 2.000000000 2
1216 1268 3 8192 2.000000000 2
1216 1268 3 8192 2.000000000 2
1216 1268 3 8192 2.000000000 2
1216 1268 3 8192 2.000000000 2
1216 1268 3 8192 2.000000000 2
1216 1268 3 8192 2.000000000 2
1216 1268 3 8192 2.000000000 2
1216 1268 3 8192 2.000000000 2
1220 172 3 8192 2.000000000 2
1220 172 3 8192 2.000000000 2
1220 172 3 8192 2.000000000 2
1220 172 3 8192 2.000000000 2
1220 172 3 8192 2.000000000 2
1220 172 3 8192 2.000000000 2
1220 172 3 8192 2.000000000 2
1220 172 3 8192 2.000000000 2
1220 400 3 8192 2.000000000 2
1220 400 3 8192 2.000000000 2
1220 400 3 8192 2.000000000 2
1220 400 3 8192 2.000000000 2
1220 400 3 8192 2.000000000 2
1220 400 3 8192 2.000000000 2
1220 400 3 8192 2.000000000 2
1220 400 3 8192 2.000000000 2
1220 460 3 8192 2.000000000 2
1220 460 3 8192 2.000000000 2
1220 460 3 8192 2.000000000 2
1220 460 3 8192 2.000000000 2
1220 460 3 8192 2.000000000 2
1220 460 3 8192 2.000000000 2
1220 460 3 8192 2.000000000 2
1220 460 3 8192 2.000000000 2
1220 476 3 8192 2.000000000 2
1220 476 3 8192 2.000000000 2
1220 476 3 8192 2.000000000 2
1220 476 3 8192 2.000000000 2
1220 476 3 8192 2.000000000 2
1220 476 3 8192 2.000000000 2
1220 476 3 8192 2.000000000 2
1220 476 3 8192 2.000000000 2
1220 512 3 8192 2.000000000 2
1220 512 3 8192 2.000000000 2
1220 512 3 8192 2.000000000 2
1220 512 3 8192 2.000000000 2
1220 512 3 8192 2.000000000 2
1220 512 3 8192 2.000000000 2
1220 512 3 8192 2.000000000 2
1220 512 3 8192 2.000000000 2
1220 628 3 8192 2.000000000 2
1220 628 3 8192 2.000000000 2
1220 628 3 8192 2.000000000 2
1220 628 3 8192 2.000000000 2
1220 628 3 8192 2.000000000 2
1220 628 3 8192 2.000000000 2
1220 628 3 8192 2.000000000 2
1220 628 3 8192 2.000000000 2
1220 664 3 8192 2.000000000 2
1220 664 3 8192 2.000000000 2
1220 664 3 8192 2.000000000 2
1220 664 3 8192 2.000000000 2
1220 664 3 8192 2.000000000 2
1220 664 3 8192 2.000000000 2
1220 664 3 8192 2.000000000 2
1220 664 3 8192 2.000000000 2
1220 1052 3 8192 2.000000000 2
1220 1052 3 8192 2.000000000 2
1220 1052 3 8192 2.000000000 2
1220 1052 3 8192 2.000000000 2
1220 1052 3 8192 2.000000000 2
1220 1052 3 8192 2.000000000 2
1220 1052 3 8192 2.000000000 2
1220 1052 3 8192 2.000000000 2
1224 28 3 8192 2.000000000 2
1224 28 3 8192 2.000000000 2
1224 28 3 8192 2.000000000 2
1224 28 3 8192 2.000000000 2
1224 28 3 8192 2.000000000 2
1224 28 3 8192 2.000000000 2
1224 28 3 8192 2.000000000 2
1224 28 3 8192 2.000000000 2
1224 228 3 8192 2.000000000 2
1224 228 3 8192 2.000000000 2
1224 228 3 8192 2.000000000 2
1224 228 3 8192 2.000000000 2
1224 228 3 8192 2.000000000 2
1224 228 3 8192 2.000000000 2
1224 228 3 8192 2.000000000 2
1224 228 3 8192 2.000000000 2
1224 276 3 8192 2.000000000 2
1224 276 3 8192 2.000000000 2
1224 276 3 8192 2.000000000 2
1224 276 3 8192 2.000000000 2
1224 276 3 8192 2.000000000 2
1224 276 3 8192 2.000000000 2
1224 276 3 8192 2.000000000 2
1224 276 3 8192 2.000000000 2
1224 336 3 8192 2.000000000 2
1224 336 3 8192 2.000000000 2
1224 336 3 8192 2.000000000 2
1224 336 3 8192 2.000000000 2
1224 336 3 8192 2.000000000 2
1224 336 3 8192 2.000000000 2
1224 336 3 8192 2.000000000 2
1224 336 3 8192 2.000000000 2
1224 400 3 8192 2.000000000 2
1224 400 3 8192 2.000000000 2
1224 400 3 8192 2.000000000 2
1224 400 3 8192 2.000000000 2
1224 400 3 8192 2.000000000 2
1224 400 3 8192 2.000000000 2
1224 400 3 8192 2.000000000 2
1224 400 3 8192 2.000000000 2
1224 452 3 8192 2.000000000 2
1224 452 3 8192 2.000000000 2
1224 452 3 8192 2.000000000 2
1224 452 3 8192 2.000000000 2
1224 452 3 8192 2.000000000 2
1224 452 3 8192 2.000000000 2
1224 452 3 8192 2.000000000 2
1224 452 3 8192 2.000000000 2
1224 484 3 8192 2.000000000 2
1224 484 3 8192 2.000000000 2
1224 484 3 8192 2.000000000 2
1224 484 3 8192 2.000000000 2
1224 484 3 8192 2.000000000 2
1224 484 3 8192 2.000000000 2
1224 484 3 8192 2.000000000 2
1224 484 3 8192 2.000000000 2
1224 960 3 8192 2.000000000 2
1224 960 3 8192 2.000000000 2
1224 960 3 8192 2.000000000 2
1224 960 3 8192 2.000000000 2
1224 960 3 8192 2.000000000 2
1224 960 3 8192 2.000000000 2
1224 960 3 8192 2.000000000 2
1224 960 3 8192 2.000000000 2
1228 64 3 8192 2.000000000 2
1228 64 3 8192 2.000000000 2
1228 64 3 8192 2.000000000 2
1228 64 3 8192 2.000000000 2
1228 64 3 8192 2.000000000 2
1228 64 3 8192 2.000000000 2
1228 64 3 8192 2.000000000 2
1228 64 3 8192 2.000000000 2
1228 104 3 8192 2.000000000 2
1228 104 3 8192 2.000000000 2
1228 104 3 8192 2.000000000 2
1228 104 3 8192 2.000000000 2
1228 104 3 8192 2.000000000 2
1228 104 3 8192 2.000000000 2
1228 104 3 8192 2.000000000 2
1228 104 3 8192 2.000000000 2
1228 480 3 8192 2.000000000 2
1228 480 3 8192 2.000000000 2
1228 480 3 8192 2.000000000 2
1228 480 3 8192 2.000000000 2
1228 480 3 8192 2.000000000 2
1228 480 3 8192 2.000000000 2
1228 480 3 8192 2.000000000 2
1228 480 3 8192 2.000000000 2
1228 688 3 8192 2.000000000 2
1228 688 3 8192 2.000000000 2
1228 688 3 8192 2.000000000 2
1228 688 3 8192 2.000000000 2
1228 688 3 8192 2.000000000 2
1228 688 3 8192 2.000000000 2
1228 688 3 8192 2.000000000 2
1228 688 3 8192 2.000000000 2
1228 816 3 8192 2.000000000 2
1228 816 3 8192 2.000000000 2
1228 816 3 8192 2.000000000 2
1228 816 3 8192 2.000000000 2
1228 816 3 8192 2.000000000 2
1228 816 3 8192 2.000000000 2
1228 816 3 8192 2.000000000 2
1228 816 3 8192 2.000000000 2
1228 880 3 8192 2.000000000 2
1228 880 3 8192 2.000000000 2
1228 880 3 8192 2.000000000 2
1228 880 3 8192 2.000000000 2
1228 880 3 8192 2.000000000 2
1228 880 3 8192 2.000000000 2
1228 880 3 8192 2.000000000 2
1228 880 3 8192 2.000000000 2
1228 912 3 8192 2.000000000 2
1228 912 3 8192 2.000000000 2
1228 912 3 8192 2.000000000 2
1228 912 3 8192 2.000000000 2
1228 912 3 8192 2.000000000 2
1228 912 3 8192 2.000000000 2
1228 912 3 8192 2.000000000 2
1228 912 3 8192 2.000000000 2
1228 976 3 8192 2.000000000 2
1228 976 3 8192 2.000000000 2
1228 976 3 8192 2.000000000 2
1228 976 3 8192 2.000000000 2
1228 976 3 8192 2.000000000 2
1228 976 3 8192 2.000000000 2
1228 976 3 8192 2.000000000 2
1228 976 3 8192 2.000000000 2
1232 52 3 8192 2.000000000 2
1232 52 3 8192 2.000000000 2
1232 52 3 8192 2.000000000 2
1232 52 3 8192 2.000000000 2
1232 52 3 8192 2.000000000 2
1232 52 3 8192 2.000000000 2
1232 52 3 8192 2.000000000 2
1232 52 3 8192 2.000000000 2
1232 260 3 8192 2.000000000 2
1232 260 3 8192 2.000000000 2
1232 260 3 8192 2.000000000 2
1232 260 3 8192 2.000000000 2
1232 260 3 8192 2.000000000 2
1232 260 3 8192 2.000000000 2
1232 260 3 8192 2.000000000 2
1232 260 3 8192 2.000000000 2
1232 436 3 8192 2.000000000 2
1232 436 3 8192 2.000000000 2
1232 436 3 8192 2.000000000 2
1232 436 3 8192 2.000000000 2
1232 436 3 8192 2.000000000 2
1232 436 3 8192 2.000000000 2
1232 436 3 8192 2.000000000 2
1232 436 3 8192 2.000000000 2
1232 644 3 8192 2.000000000 2
1232 644 3 8192 2.000000000 2
1232 644 3 8192 2.000000000 2
1232 644 3 8192 2.000000000 2
1232 644 3 8192 2.000000000 2
1232 644 3 8192 2.000000000 2
1232 644 3 8192 2.000000000 2
1232 644 3 8192 2.000000000 2
1232 660 3 8192 2.000000000 2
1232 660 3 8192 2.000000000 2
1232 660 3 8192 2.000000000 2
1232 660 3 8192 2.000000000 2
1232 660 3 8192 2.000000000 2
1232 660 3 8192 2.000000000 2
1232 660 3 8192 2.000000000 2
1232 660 3 8192 2.000000000 2
1232 740 3 8192 2.000000000 2
1232 740 3 8192 2.000000000 2
1232 740 3 8192 2.000000000 2
1232 740 3 8192 2.000000000 2
1232 740 3 8192 2.000000000 2
1232 740 3 8192 2.000000000 2
1232 740 3 8192 2.000000000 2
1232 740 3 8192 2.000000000 2
1232 784 3 8192 2.000000000 2
1232 784 3 8192 2.000000000 2
1232 784 3 8192 2.000000000 2
1232 784 3 8192 2.000000000 2
1232 784 3 8192 2.000000000 2
1232 784 3 8192 2.000000000 2
1232 784 3 8192 2.000000000 2
1232 784 3 8192 2.000000000 2
1232 1076 3 8192 2.000000000 2
1232 1076 3 8192 2.000000000 2
1232 1076 3 8192 2.000000000 2
1232 1076 3 8192 2.000000000 2
1232 1076 3 8192 2.000000000 2
1232 1076 3 8192 2.000000000 2
1232 1076 3 8192 2.000000000 2
1232 1076 3 8192 2.000000000 2
1236 112 3 8192 2.000000000 2
1236 112 3 8192 2.000000000 2
1236 112 3 8192 2.000000000 2
1236 112 3 8192 2.000000000 2
1236 112 3 8192 2.000000000 2
1236 112 3 8192 2.000000000 2
1236 112 3 8192 2.000000000 2
1236 112 3 8192 2.000000000 2
1236 392 3 8192 2.000000000 2
1236 392 3 8192 2.000000000 2
1236 392 3 8192 2.000000000 2
1236 392 3 8192 2.000000000 2
1236 392 3 8192 2.000000000 2
1236 392 3 8192 2.000000000 2
1236 392 3 8192 2.000000000 2
1236 392 3 8192 2.000000000 2
1236 420 3 8192 2.000000000 2
1236 420 3 8192 2.000000000 2
1236 420 3 8192 2.000000000 2
1236 420 3 8192 2.000000000 2
1236 420 3 8192 2.000000000 2
1236 420 3 8192 2.000000000 2
1236 420 3 8192 2.000000000 2
1236 420 3 8192 2.000000000 2
1236 652 3 8192 2.000000000 2
1236 652 3 8192 2.000000000 2
1236 652 3 8192 2.000000000 2
1236 652 3 8192 2.000000000 2
1236 652 3 8192 2.000000000 2
1236 652 3 8192 2.000000000 2
1236 652 3 8192 2.000000000 2
1236 652 3 8192 2.000000000 2
1236 892 3 8192 2.000000000 2
1236 892 3 8192 2.000000000 2
1236 892 3 8192 2.000000000 2
1236 892 3 8192 2.000000000 2
1236 892 3 8192 2.000000000 2
1236 892 3 8192 2.000000000 2
1236 892 3 8192 2.000000000 2
1236 892 3 8192 2.000000000 2
1236 920 3 8192 2.000000000 2
1236 920 3 8192 2.000000000 2
1236 920 3 8192 2.000000000 2
1236 920 3 8192 2.000000000 2
1236 920 3 8192 2.000000000 2
1236 920 3 8192 2.000000000 2
1236 920 3 8192 2.000000000 2
1236 920 3 8192 2.000000000 2
1236 1024 3 8192 2.000000000 2
1236 1024 3 8192 2.000000000 2
1236 1024 3 8192 2.000000000 2
1236 1024 3 8192 2.000000000 2
1236 1024 3 8192 2.000000000 2
1236 1024 3 8192 2.000000000 2
1236 1024 3 8192 2.000000000 2
1236 1024 3 8192 2.000000000 2
1236 1156 3 8192 2.000000000 2
1236 1156 3 8192 2.000000000 2
1236 1156 3 8192 2.000000000 2
1236 1156 3 8192 2.000000000 2
1236 1156 3 8192 2.000000000 2
1236 1156 3 8192 2.000000000 2
1236 1156 3 8192 2.000000000 2
1236 1156 3 8192 2.000000000 2
1240 168 3 8192 2.000000000 2
1240 168 3 8192 2.000000000 2
1240 168 3 8192 2.000000000 2
1240 168 3 8192 2.000000000 2
1240 168 3 8192 2.000000000 2
1240 168 3 8192 2.000000000 2
1240 168 3 8192 2.000000000 2
1240 168 3 8192 2.000000000 2
1240 200 3 8192 2.000000000 2
1240 200 3 8192 2.000000000 2
1240 200 3 8192 2.000000000 2
1240 200 3 8192 2.000000000 2
1240 200 3 8192 2.000000000 2
1240 200 3 8192 2.000000000 2
1240 200 3 8192 2.000000000 2
1240 200 3 8192 2.000000000 2
1240 416 3 8192 2.000000000 2
1240 416 3 8192 2.000000000 2
1240 416 3 8192 2.000000000 2
1240 416 3 8192 2.000000000 2
1240 416 3 8192 2.000000000 2
1240 416 3 8192 2.000000000 2
1240 416 3 8192 2.000000000 2
1240 416 3 8192 2.000000000 2
1240 624 3 8192 2.000000000 2
1240 624 3 8192 2.000000000 2
1240 624 3 8192 2.000000000 2
1240 624 3 8192 2.000000000 2
1240 624 3 8192 2.000000000 2
1240 624 3 8192 2.000000000 2
1240 624 3 8192 2.000000000 2
1240 624 3 8192 2.000000000 2
1240 644 3 8192 2.000000000 2
1240 644 3 8192 2.000000000 2
1240 644 3 8192 2.000000000 2
1240 644 3 8192 2.000000000 2
1240 644 3 8192 2.000000000 2
1240 644 3 8192 2.000000000 2
1240 644 3 8192 2.000000000 2
1240 644 3 8192 2.000000000 2
1240 700 3 8192 2.000000000 2
1240 700 3 8192 2.000000000 2
1240 700 3 8192 2.000000000 2
1240 700 3 8192 2.000000000 2
1240 700 3 8192 2.000000000 2
1240 700 3 8192 2.000000000 2
1240 700 3 8192 2.000000000 2
1240 700 3 8192 2.000000000 2
1240 840 3 8192 2.000000000 2
1240 840 3 8192 2.000000000 2
1240 840 3 8192 2.000000000 2
1240 840 3 8192 2.000000000 2
1240 840 3 8192 2.000000000 2
1240 840 3 8192 2.000000000 2
1240 840 3 8192 2.000000000 2
1240 840 3 8192 2.000000000 2
1240 948 3 8192 2.000000000 2
1240 948 3 8192 2.000000000 2
1240 948 3 8192 2.000000000 2
1240 948 3 8192 2.000000000 2
1240 948 3 8192 2.000000000 2
1240 948 3 8192 2.000000000 2
1240 948 3 8192 2.000000000 2
1240 948 3 8192 2.000000000 2
1248 56 3 8192 2.000000000 2
1248 56 3 8192 2.000000000 2
1248 56 3 8192 2.000000000 2
1248 56 3 8192 2.000000000 2
1248 56 3 8192 2.000000000 2
1248 56 3 8192 2.000000000 2
1248 56 3 8192 2.000000000 2
1248 56 3 8192 2.000000000 2
1248 180 3 8192 2.000000000 2
1248 180 3 8192 2.000000000 2
1248 180 3 8192 2.000000000 2
1248 180 3 8192 2.000000000 2
1248 180 3 8192 2.000000000 2
1248 180 3 8192 2.000000000 2
1248 180 3 8192 2.000000000 2
1248 180 3 8192 2.000000000 2
1248 204 3 8192 2.000000000 2
1248 204 3 8192 2.000000000 2
1248 204 3 8192 2.000000000 2
1248 204 3 8192 2.000000000 2
1248 204 3 8192 2.000000000 2
1248 204 3 8192 2.000000000 2
1248 204 3 8192 2.000000000 2
1248 204 3 8192 2.000000000 2
1248 432 3 8192 2.000000000 2
1248 432 3 8192 2.000000000 2
1248 432 3 8192 2.000000000 2
1248 432 3 8192 2.000000000 2
1248 432 3 8192 2.000000000 2
1248 432 3 8192 2.000000000 2
1248 432 3 8192 2.000000000 2
1248 432 3 8192 2.000000000 2
1248 712 3 8192 2.000000000 2
1248 712 3 8192 2.000000000 2
1248 712 3 8192 2.000000000 2
1248 712 3 8192 2.000000000 2
1248 712 3 8192 2.000000000 2
1248 712 3 8192 2.000000000 2
1248 712 3 8192 2.000000000 2
1248 712 3 8192 2.000000000 2
1248 824 3 8192 2.000000000 2
1248 824 3 8192 2.000000000 2
1248 824 3 8192 2.000000000 2
1248 824 3 8192 2.000000000 2
1248 824 3 8192 2.000000000 2
1248 824 3 8192 2.000000000 2
1248 824 3 8192 2.000000000 2
1248 824 3 8192 2.000000000 2
1248 900 3 8192 2.000000000 2
1248 900 3 8192 2.000000000 2
1248 900 3 8192 2.000000000 2
1248 900 3 8192 2.000000000 2
1248 900 3 8192 2.000000000 2
1248 900 3 8192 2.000000000 2
1248 900 3 8192 2.000000000 2
1248 900 3 8192 2.000000000 2
1248 1276 3 8192 2.000000000 2
1248 1276 3 8192 2.000000000 2
1248 1276 3 8192 2.000000000 2
1248 1276 3 8192 2.000000000 2
1248 1276 3 8192 2.000000000 2
1248 1276 3 8192 2.000000000 2
1248 1276 3 8192 2.000000000 2
1248 1276 3 8192 2.000000000 2
1252 300 3 8192 2.000000000 2
1252 300 3 8192 2.000000000 2
1252 300 3 8192 2.000000000 2
1252 300 3 8192 2.000000000 2
1252 300 3 8192 2.000000000 2
1252 300 3 8192 2.000000000 2
1252 300 3 8192 2.000000000 2
1252 300 3 8192 2.000000000 2
1252 340 3 8192 2.000000000 2
1252 340 3 8192 2.000000000 2
1252 340 3 8192 2.000000000 2
1252 340 3 8192 2.000000000 2
1252 340 3 8192 2.000000000 2
1252 340 3 8192 2.000000000 2
1252 340 3 8192 2.000000000 2
1252 340 3 8192 2.000000000 2
1252 368 3 8192 2.000000000 2
1252 368 3 8192 2.000000000 2
1252 368 3 8192 2.000000000 2
1252 368 3 8192 2.000000000 2
1252 368 3 8192 2.000000000 2
1252 368 3 8192 2.000000000 2
1252 368 3 8192 2.000000000 2
1252 368 3 8192 2.000000000 2
1252 404 3 8192 2.000000000 2
1252 404 3 8192 2.000000000 2
1252 404 3 8192 2.000000000 2
1252 404 3 8192 2.000000000 2
1252 404 3 8192 2.000000000 2
1252 404 3 8192 2.000000000 2
1252 404 3 8192 2.000000000 2
1252 404 3 8192 2.000000000 2
1252 452 3 8192 2.000000000 2
1252 452 3 8192 2.000000000 2
1252 452 3 8192 2.000000000 2
1252 452 3 8192 2.000000000 2
1252 452 3 8192 2.000000000 2
1252 452 3 8192 2.000000000 2
1252 452 3 8192 2.000000000 2
1252 452 3 8192 2.000000000 2
1252 744 3 8192 2.000000000 2
1252 744 3 8192 2.000000000 2
1252 744 3 8192 2.000000000 2
1252 744 3 8192 2.000000000 2
1252 744 3 8192 2.000000000 2
1252 744 3 8192 2.000000000 2
1252 744 3 8192 2.000000000 2
1252 744 3 8192 2.000000000 2
1252 1076 3 8192 2.000000000 2
1252 1076 3 8192 2.000000000 2
1252 1076 3 8192 2.000000000 2
1252 1076 3 8192 2.000000000 2
1252 1076 3 8192 2.000000000 2
1252 1076 3 8192 2.000000000 2
1252 1076 3 8192 2.000000000 2
1252 1076 3 8192 2.000000000 2
1252 1140 3 8192 2.000000000 2
1252 1140 3 8192 2.000000000 2
1252 1140 3 8192 2.000000000 2
1252 1140 3 8192 2.000000000 2
1252 1140 3 8192 2.000000000 2
1252 1140 3 8192 2.000000000 2
1252 1140 3 8192 2.000000000 2
1252 1140 3 8192 2.000000000 2
1256 72 3 8192 2.000000000 2
1256 72 3 8192 2.000000000 2
1256 72 3 8192 2.000000000 2
1256 72 3 8192 2.000000000 2
1256 72 3 8192 2.000000000 2
1256 72 3 8192 2.000000000 2
1256 72 3 8192 2.000000000 2
1256 72 3 8192 2.000000000 2
1256 248 3 8192 2.000000000 2
1256 248 3 8192 2.000000000 2
1256 248 3 8192 2.000000000 2
1256 248 3 8192 2.000000000 2
1256 248 3 8192 2.000000000 2
1256 248 3 8192 2.000000000 2
1256 248 3 8192 2.000000000 2
1256 248 3 8192 2.000000000 2
1256 400 3 8192 2.000000000 2
1256 400 3 8192 2.000000000 2
1256 400 3 8192 2.000000000 2
1256 400 3 8192 2.000000000 2
1256 400 3 8192 2.000000000 2
1256 400 3 8192 2.000000000 2
1256 400 3 8192 2.000000000 2
1256 400 3 8192 2.000000000 2
1256 636 3 8192 2.000000000 2
1256 636 3 8192 2.000000000 2
1256 636 3 8192 2.000000000 2
1256 636 3 8192 2.000000000 2
1256 636 3 8192 2.000000000 2
1256 636 3 8192 2.000000000 2
1256 636 3 8192 2.000000000 2
1256 636 3 8192 2.000000000 2
1256 708 3 8192 2.000000000 2
1256 708 3 8192 2.000000000 2
1256 708 3 8192 2.000000000 2
1256 708 3 8192 2.000000000 2
1256 708 3 8192 2.000000000 2
1256 708 3 8192 2.000000000 2
1256 708 3 8192 2.000000000 2
1256 708 3 8192 2.000000000 2
1256 788 3 8192 2.000000000 2
1256 788 3 8192 2.000000000 2
1256 788 3 8192 2.000000000 2
1256 788 3 8192 2.000000000 2
1256 788 3 8192 2.000000000 2
1256 788 3 8192 2.000000000 2
1256 788 3 8192 2.000000000 2
1256 788 3 8192 2.000000000 2
1256 1064 3 8192 2.000000000 2
1256 1064 3 8192 2.000000000 2
1256 1064 3 8192 2.000000000 2
1256 1064 3 8192 2.000000000 2
1256 1064 3 8192 2.000000000 2
1256 1064 3 8192 2.000000000 2
1256 1064 3 8192 2.000000000 2
1256 1064 3 8192 2.000000000 2
1256 1100 3 8192 2.000000000 2
1256 1100 3 8192 2.000000000 2
1256 1100 3 8192 2.000000000 2
1256 1100 3 8192 2.000000000 2
1256 1100 3 8192 2.000000000 2
1256 1100 3 8192 2.000000000 2
1256 1100 3 8192 2.000000000 2
1256 1100 3 8192 2.000000000 2
1260 36 3 8192 2.000000000 2
1260 36 3 8192 2.000000000 2
1260 36 3 8192 2.000000000 2
1260 36 3 8192 2.000000000 2
1260 36 3 8192 2.000000000 2
1260 36 3 8192 2.000000000 2
1260 36 3 8192 2.000000000 2
1260 36 3 8192 2.000000000 2
1260 56 3 8192 2.000000000 2
1260 56 3 8192 2.000000000 2
1260 56 3 8192 2.000000000 2
1260 56 3 8192 2.000000000 2
1260 56 3 8192 2.000000000 2
1260 56 3 8192 2.000000000 2
1260 56 3 8192 2.000000000 2
1260 56 3 8192 2.000000000 2
1260 192 3 8192 2.000000000 2
1260 192 3 8192 2.000000000 2
1260 192 3 8192 2.000000000 2
1260 192 3 8192 2.000000000 2
1260 192 3 8192 2.000000000 2
1260 192 3 8192 2.000000000 2
1260 192 3 8192 2.000000000 2
1260 192 3 8192 2.000000000 2
1260 420 3 8192 2.000000000 2
1260 420 3 8192 2.000000000 2
1260 420 3 8192 2.000000000 2
1260 420 3 8192 2.000000000 2
1260 420 3 8192 2.000000000 2
1260 420 3 8192 2.000000000 2
1260 420 3 8192 2.000000000 2
1260 420 3 8192 2.000000000 2
1260 436 3 8192 2.000000000 2
1260 436 3 8192 2.000000000 2
1260 436 3 8192 2.000000000 2
1260 436 3 8192 2.000000000 2
1260 436 3 8192 2.000000000 2
1260 436 3 8192 2.000000000 2
1260 436 3 8192 2.000000000 2
1260 436 3 8192 2.000000000 2
1260 456 3 8192 2.000000000 2
1260 456 3 8192 2.000000000 2
1260 456 3 8192 2.000000000 2
1260 456 3 8192 2.000000000 2
1260 456 3 8192 2.000000000 2
1260 456 3 8192 2.000000000 2
1260 456 3 8192 2.000000000 2
1260 456 3 8192 2.000000000 2
1260 596 3 8192 2.000000000 2
1260 596 3 8192 2.000000000 2
1260 596 3 8192 2.000000000 2
1260 596 3 8192 2.000000000 2
1260 596 3 8192 2.000000000 2
1260 596 3 8192 2.000000000 2
1260 596 3 8192 2.000000000 2
1260 596 3 8192 2.000000000 2
1260 820 3 8192 2.000000000 2
1260 820 3 8192 2.000000000 2
1260 820 3 8192 2.000000000 2
1260 820 3 8192 2.000000000 2
1260 820 3 8192 2.000000000 2
1260 820 3 8192 2.000000000 2
1260 820 3 8192 2.000000000 2
1260 820 3 8192 2.000000000 2
1264 216 3 8192 2.000000000 2
1264 216 3 8192 2.000000000 2
1264 216 3 8192 2.000000000 2
1264 216 3 8192 2.000000000 2
1264 216 3 8192 2.000000000 2
1264 216 3 8192 2.000000000 2
1264 216 3 8192 2.000000000 2
1264 216 3 8192 2.000000000 2
1264 280 3 8192 2.000000000 2
1264 280 3 8192 2.000000000 2
1264 280 3 8192 2.000000000 2
1264 280 3 8192 2.000000000 2
1264 280 3 8192 2.000000000 2
1264 280 3 8192 2.000000000 2
1264 280 3 8192 2.000000000 2
1264 280 3 8192 2.000000000 2
1264 312 3 8192 2.000000000 2
1264 312 3 8192 2.000000000 2
1264 312 3 8192 2.000000000 2
1264 312 3 8192 2.000000000 2
1264 312 3 8192 2.000000000 2
1264 312 3 8192 2.000000000 2
1264 312 3 8192 2.000000000 2
1264 312 3 8192 2.000000000 2
1264 676 3 8192 2.000000000 2
1264 676 3 8192 2.000000000 2
1264 676 3 8192 2.000000000 2
1264 676 3 8192 2.000000000 2
1264 676 3 8192 2.000000000 2
1264 676 3 8192 2.000000000 2
1264 676 3 8192 2.000000000 2
1264 676 3 8192 2.000000000 2
1264 1104 3 8192 2.000000000 2
1264 1104 3 8192 2.000000000 2
1264 1104 3 8192 2.000000000 2
1264 1104 3 8192 2.000000000 2
1264 1104 3 8192 2.000000000 2
1264 1104 3 8192 2.000000000 2
1264 1104 3 8192 2.000000000 2
1264 1104 3 8192 2.000000000 2
1264 1108 3 8192 2.000000000 2
1264 1108 3 8192 2.000000000 2
1264 1108 3 8192 2.000000000 2
1264 1108 3 8192 2.000000000 2
1264 1108 3 8192 2.000000000 2
1264 1108 3 8192 2.000000000 2
1264 1108 3 8192 2.000000000 2
1264 1108 3 8192 2.000000000 2
1264 1212 3 8192 2.000000000 2
1264 1212 3 8192 2.000000000 2
1264 1212 3 8192 2.000000000 2
1264 1212 3 8192 2.000000000 2
1264 1212 3 8192 2.000000000 2
1264 1212 3 8192 2.000000000 2
1264 1212 3 8192 2.000000000 2
1264 1212 3 8192 2.000000000 2
1264 1276 3 8192 2.000000000 2
1264 1276 3 8192 2.000000000 2
1264 1276 3 8192 2.000000000 2
1264 1276 3 8192 2.000000000 2
1264 1276 3 8192 2.000000000 2
1264 1276 3 8192 2.000000000 2
1264 1276 3 8192 2.000000000 2
1264 1276 3 8192 2.000000000 2
1268 68 3 8192 2.000000000 2
1268 68 3 8192 2.000000000 2
1268 68 3 8192 2.000000000 2
1268 68 3 8192 2.000000000 2
1268 68 3 8192 2.000000000 2
1268 68 3 8192 2.000000000 2
1268 68 3 8192 2.000000000 2
1268 68 3 8192 2.000000000 2
1268 508 3 8192 2.000000000 2
1268 508 3 8192 2.000000000 2
1268 508 3 8192 2.000000000 2
1268 508 3 8192 2.000000000 2
1268 508 3 8192 2.000000000 2
1268 508 3 8192 2.000000000 2
1268 508 3 8192 2.000000000 2
1268 508 3 8192 2.000000000 2
1268 572 3 8192 2.000000000 2
1268 572 3 8192 2.000000000 2
1268 572 3 8192 2.000000000 2
1268 572 3 8192 2.000000000 2
1268 572 3 8192 2.000000000 2
1268 572 3 8192 2.000000000 2
1268 572 3 8192 2.000000000 2
1268 572 3 8192 2.000000000 2
1268 592 3 8192 2.000000000 2
1268 592 3 8192 2.000000000 2
1268 592 3 8192 2.000000000 2
1268 592 3 8192 2.000000000 2
1268 592 3 8192 2.000000000 2
1268 592 3 8192 2.000000000 2
1268 592 3 8192 2.000000000 2
1268 592 3 8192 2.000000000 2
1268 628 3 8192 2.000000000 2
1268 628 3 8192 2.000000000 2
1268 628 3 8192 2.000000000 2
1268 628 3 8192 2.000000000 2
1268 628 3 8192 2.000000000 2
1268 628 3 8192 2.000000000 2
1268 628 3 8192 2.000000000 2
1268 628 3 8192 2.000000000 2
1268 876 3 8192 2.000000000 2
1268 876 3 8192 2.000000000 2
1268 876 3 8192 2.000000000 2
1268 876 3 8192 2.000000000 2
1268 876 3 8192 2.000000000 2
1268 876 3 8192 2.000000000 2
1268 876 3 8192 2.000000000 2
1268 876 3 8192 2.000000000 2
1268 896 3 8192 2.000000000 2
1268 896 3 8192 2.000000000 2
1268 896 3 8192 2.000000000 2
1268 896 3 8192 2.000000000 2
1268 896 3 8192 2.000000000 2
1268 896 3 8192 2.000000000 2
1268 896 3 8192 2.000000000 2
1268 896 3 8192 2.000000000 2
1268 1016 3 8192 2.000000000 2
1268 1016 3 8192 2.000000000 2
1268 1016 3 8192 2.000000000 2
1268 1016 3 8192 2.000000000 2
1268 1016 3 8192 2.000000000 2
1268 1016 3 8192 2.000000000 2
1268 1016 3 8192 2.000000000 2
1268 1016 3 8192 2.000000000 2
1276 88 3 8192 2.000000000 2
1276 88 3 8192 2.000000000 2
1276 88 3 8192 2.000000000 2
1276 88 3 8192 2.000000000 2
1276 88 3 8192 2.000000000 2
1276 88 3 8192 2.000000000 2
1276 88 3 8192 2.000000000 2
1276 88 3 8192 2.000000000 2
1276 308 3 8192 2.000000000 2
1276 308 3 8192 2.000000000 2
1276 308 3 8192 2.000000000 2
1276 308 3 8192 2.000000000 2
1276 308 3 8192 2.000000000 2
1276 308 3 8192 2.000000000 2
1276 308 3 8192 2.000000000 2
1276 308 3 8192 2.000000000 2
1276 372 3 8192 2.000000000 2
1276 372 3 8192 2.000000000 2
1276 372 3 8192 2.000000000 2
1276 372 3 8192 2.000000000 2
1276 372 3 8192 2.000000000 2
1276 372 3 8192 2.000000000 2
1276 372 3 8192 2.000000000 2
1276 372 3 8192 2.000000000 2
1276 640 3 8192 2.000000000 2
1276 640 3 8192 2.000000000 2
1276 640 3 8192 2.000000000 2
1276 640 3 8192 2.000000000 2
1276 640 3 8192 2.000000000 2
1276 640 3 8192 2.000000000 2
1276 640 3 8192 2.000000000 2
1276 640 3 8192 2.000000000 2
1276 664 3 8192 2.000000000 2
1276 664 3 8192 2.000000000 2
1276 664 3 8192 2.000000000 2
1276 664 3 8192 2.000000000 2
1276 664 3 8192 2.000000000 2
1276 664 3 8192 2.000000000 2
1276 664 3 8192 2.000000000 2
1276 664 3 8192 2.000000000 2
1276 828 3 8192 2.000000000 2
1276 828 3 8192 2.000000000 2
1276 828 3 8192 2.000000000 2
1276 828 3 8192 2.000000000 2
1276 828 3 8192 2.000000000 2
1276 828 3 8192 2.000000000 2
1276 828 3 8192 2.000000000 2
1276 828 3 8192 2.000000000 2
1276 948 3 8192 2.000000000 2
1276 948 3 8192 2.000000000 2
1276 948 3 8192 2.000000000 2
1276 948 3 8192 2.000000000 2
1276 948 3 8192 2.000000000 2
1276 948 3 8192 2.000000000 2
1276 948 3 8192 2.000000000 2
1276 948 3 8192 2.000000000 2
1276 1180 3 8192 2.000000000 2
1276 1180 3 8192 2.000000000 2
1276 1180 3 8192 2.000000000 2
1276 1180 3 8192 2.000000000 2
1276 1180 3 8192 2.000000000 2
1276 1180 3 8192 2.000000000 2
1276 1180 3 8192 2.000000000 2
1276 1180 3 8192 2.000000000 2
