16448
4 20 3 8388608 2.000000000 1
5 21 3 8388608 2.000000000 1
6 22 3 8388608 2.000000000 1
7 23 3 8388608 2.000000000 1
4 40 3 8388608 2.000000000 1
5 41 3 8388608 2.000000000 1
6 42 3 8388608 2.000000000 1
7 43 3 8388608 2.000000000 1
4 44 3 8388608 2.000000000 1
5 45 3 8388608 2.000000000 1
6 46 3 8388608 2.000000000 1
7 47 3 8388608 2.000000000 1
4 76 3 8388608 2.000000000 1
5 77 3 8388608 2.000000000 1
6 78 3 8388608 2.000000000 1
7 79 3 8388608 2.000000000 1
4 100 3 8388608 2.000000000 1
5 101 3 8388608 2.000000000 1
6 102 3 8388608 2.000000000 1
7 103 3 8388608 2.000000000 1
4 104 3 8388608 2.000000000 1
5 105 3 8388608 2.000000000 1
6 106 3 8388608 2.000000000 1
7 107 3 8388608 2.000000000 1
4 132 3 8388608 2.000000000 1
5 133 3 8388608 2.000000000 1
6 134 3 8388608 2.000000000 1
7 135 3 8388608 2.000000000 1
4 136 3 8388608 2.000000000 1
5 137 3 8388608 2.000000000 1
6 138 3 8388608 2.000000000 1
7 139 3 8388608 2.000000000 1
4 148 3 8388608 2.000000000 1
5 149 3 8388608 2.000000000 1
6 150 3 8388608 2.000000000 1
7 151 3 8388608 2.000000000 1
4 152 3 8388608 2.000000000 1
5 153 3 8388608 2.000000000 1
6 154 3 8388608 2.000000000 1
7 155 3 8388608 2.000000000 1
4 184 3 8388608 2.000000000 1
5 185 3 8388608 2.000000000 1
6 186 3 8388608 2.000000000 1
7 187 3 8388608 2.000000000 1
4 192 3 8388608 2.000000000 1
5 193 3 8388608 2.000000000 1
6 194 3 8388608 2.000000000 1
7 195 3 8388608 2.000000000 1
4 212 3 8388608 2.000000000 1
5 213 3 8388608 2.000000000 1
6 214 3 8388608 2.000000000 1
7 215 3 8388608 2.000000000 1
4 288 3 8388608 2.000000000 1
5 289 3 8388608 2.000000000 1
6 290 3 8388608 2.000000000 1
7 291 3 8388608 2.000000000 1
4 296 3 8388608 2.000000000 1
5 297 3 8388608 2.000000000 1
6 298 3 8388608 2.000000000 1
7 299 3 8388608 2.000000000 1
4 308 3 8388608 2.000000000 1
5 309 3 8388608 2.000000000 1
6 310 3 8388608 2.000000000 1
7 311 3 8388608 2.000000000 1
4 344 3 8388608 2.000000000 1
5 345 3 8388608 2.000000000 1
6 346 3 8388608 2.000000000 1
7 347 3 8388608 2.000000000 1
4 352 3 8388608 2.000000000 1
5 353 3 8388608 2.000000000 1
6 354 3 8388608 2.000000000 1
7 355 3 8388608 2.000000000 1
4 356 3 8388608 2.000000000 1
5 357 3 8388608 2.000000000 1
6 358 3 8388608 2.000000000 1
7 359 3 8388608 2.000000000 1
4 372 3 8388608 2.000000000 1
5 373 3 8388608 2.000000000 1
6 374 3 8388608 2.000000000 1
7 375 3 8388608 2.000000000 1
4 376 3 8388608 2.000000000 1
5 377 3 8388608 2.000000000 1
6 378 3 8388608 2.000000000 1
7 379 3 8388608 2.000000000 1
4 384 3 8388608 2.000000000 1
5 385 3 8388608 2.000000000 1
6 386 3 8388608 2.000000000 1
7 387 3 8388608 2.000000000 1
4 396 3 8388608 2.000000000 1
5 397 3 8388608 2.000000000 1
6 398 3 8388608 2.000000000 1
7 399 3 8388608 2.000000000 1
4 400 3 8388608 2.000000000 1
5 401 3 8388608 2.000000000 1
6 402 3 8388608 2.000000000 1
7 403 3 8388608 2.000000000 1
4 412 3 8388608 2.000000000 1
5 413 3 8388608 2.000000000 1
6 414 3 8388608 2.000000000 1
7 415 3 8388608 2.000000000 1
4 420 3 8388608 2.000000000 1
5 421 3 8388608 2.000000000 1
6 422 3 8388608 2.000000000 1
7 423 3 8388608 2.000000000 1
4 424 3 8388608 2.000000000 1
5 425 3 8388608 2.000000000 1
6 426 3 8388608 2.000000000 1
7 427 3 8388608 2.000000000 1
4 480 3 8388608 2.000000000 1
5 481 3 8388608 2.000000000 1
6 482 3 8388608 2.000000000 1
7 483 3 8388608 2.000000000 1
4 488 3 8388608 2.000000000 1
5 489 3 8388608 2.000000000 1
6 490 3 8388608 2.000000000 1
7 491 3 8388608 2.000000000 1
4 528 3 8388608 2.000000000 1
5 529 3 8388608 2.000000000 1
6 530 3 8388608 2.000000000 1
7 531 3 8388608 2.000000000 1
4 532 3 8388608 2.000000000 1
5 533 3 8388608 2.000000000 1
6 534 3 8388608 2.000000000 1
7 535 3 8388608 2.000000000 1
4 556 3 8388608 2.000000000 1
5 557 3 8388608 2.000000000 1
6 558 3 8388608 2.000000000 1
7 559 3 8388608 2.000000000 1
0 204 3 8192 2.000000000 2
0 364 3 8192 2.000000000 2
0 492 3 8192 2.000000000 2
0 656 3 8192 2.000000000 2
0 740 3 8192 2.000000000 2
0 1084 3 8192 2.000000000 2
0 1136 3 8192 2.000000000 2
0 1180 3 8192 2.000000000 2
8 204 3 8192 2.000000000 2
8 364 3 8192 2.000000000 2
8 492 3 8192 2.000000000 2
8 656 3 8192 2.000000000 2
8 740 3 8192 2.000000000 2
8 1084 3 8192 2.000000000 2
8 1136 3 8192 2.000000000 2
8 1180 3 8192 2.000000000 2
12 204 3 8192 2.000000000 2
12 364 3 8192 2.000000000 2
12 492 3 8192 2.000000000 2
12 656 3 8192 2.000000000 2
12 740 3 8192 2.000000000 2
12 1084 3 8192 2.000000000 2
12 1136 3 8192 2.000000000 2
12 1180 3 8192 2.000000000 2
16 204 3 8192 2.000000000 2
16 364 3 8192 2.000000000 2
16 492 3 8192 2.000000000 2
16 656 3 8192 2.000000000 2
16 740 3 8192 2.000000000 2
16 1084 3 8192 2.000000000 2
16 1136 3 8192 2.000000000 2
16 1180 3 8192 2.000000000 2
24 204 3 8192 2.000000000 2
24 364 3 8192 2.000000000 2
24 492 3 8192 2.000000000 2
24 656 3 8192 2.000000000 2
24 740 3 8192 2.000000000 2
24 1084 3 8192 2.000000000 2
24 1136 3 8192 2.000000000 2
24 1180 3 8192 2.000000000 2
28 204 3 8192 2.000000000 2
28 364 3 8192 2.000000000 2
28 492 3 8192 2.000000000 2
28 656 3 8192 2.000000000 2
28 740 3 8192 2.000000000 2
28 1084 3 8192 2.000000000 2
28 1136 3 8192 2.000000000 2
28 1180 3 8192 2.000000000 2
32 204 3 8192 2.000000000 2
32 364 3 8192 2.000000000 2
32 492 3 8192 2.000000000 2
32 656 3 8192 2.000000000 2
32 740 3 8192 2.000000000 2
32 1084 3 8192 2.000000000 2
32 1136 3 8192 2.000000000 2
32 1180 3 8192 2.000000000 2
36 204 3 8192 2.000000000 2
36 364 3 8192 2.000000000 2
36 492 3 8192 2.000000000 2
36 656 3 8192 2.000000000 2
36 740 3 8192 2.000000000 2
36 1084 3 8192 2.000000000 2
36 1136 3 8192 2.000000000 2
36 1180 3 8192 2.000000000 2
48 204 3 8192 2.000000000 2
48 364 3 8192 2.000000000 2
48 492 3 8192 2.000000000 2
48 656 3 8192 2.000000000 2
48 740 3 8192 2.000000000 2
48 1084 3 8192 2.000000000 2
48 1136 3 8192 2.000000000 2
48 1180 3 8192 2.000000000 2
52 204 3 8192 2.000000000 2
52 364 3 8192 2.000000000 2
52 492 3 8192 2.000000000 2
52 656 3 8192 2.000000000 2
52 740 3 8192 2.000000000 2
52 1084 3 8192 2.000000000 2
52 1136 3 8192 2.000000000 2
52 1180 3 8192 2.000000000 2
56 204 3 8192 2.000000000 2
56 364 3 8192 2.000000000 2
56 492 3 8192 2.000000000 2
56 656 3 8192 2.000000000 2
56 740 3 8192 2.000000000 2
56 1084 3 8192 2.000000000 2
56 1136 3 8192 2.000000000 2
56 1180 3 8192 2.000000000 2
60 204 3 8192 2.000000000 2
60 364 3 8192 2.000000000 2
60 492 3 8192 2.000000000 2
60 656 3 8192 2.000000000 2
60 740 3 8192 2.000000000 2
60 1084 3 8192 2.000000000 2
60 1136 3 8192 2.000000000 2
60 1180 3 8192 2.000000000 2
64 204 3 8192 2.000000000 2
64 364 3 8192 2.000000000 2
64 492 3 8192 2.000000000 2
64 656 3 8192 2.000000000 2
64 740 3 8192 2.000000000 2
64 1084 3 8192 2.000000000 2
64 1136 3 8192 2.000000000 2
64 1180 3 8192 2.000000000 2
68 204 3 8192 2.000000000 2
68 364 3 8192 2.000000000 2
68 492 3 8192 2.000000000 2
68 656 3 8192 2.000000000 2
68 740 3 8192 2.000000000 2
68 1084 3 8192 2.000000000 2
68 1136 3 8192 2.000000000 2
68 1180 3 8192 2.000000000 2
72 204 3 8192 2.000000000 2
72 364 3 8192 2.000000000 2
72 492 3 8192 2.000000000 2
72 656 3 8192 2.000000000 2
72 740 3 8192 2.000000000 2
72 1084 3 8192 2.000000000 2
72 1136 3 8192 2.000000000 2
72 1180 3 8192 2.000000000 2
80 204 3 8192 2.000000000 2
80 364 3 8192 2.000000000 2
80 492 3 8192 2.000000000 2
80 656 3 8192 2.000000000 2
80 740 3 8192 2.000000000 2
80 1084 3 8192 2.000000000 2
80 1136 3 8192 2.000000000 2
80 1180 3 8192 2.000000000 2
84 204 3 8192 2.000000000 2
84 364 3 8192 2.000000000 2
84 492 3 8192 2.000000000 2
84 656 3 8192 2.000000000 2
84 740 3 8192 2.000000000 2
84 1084 3 8192 2.000000000 2
84 1136 3 8192 2.000000000 2
84 1180 3 8192 2.000000000 2
88 204 3 8192 2.000000000 2
88 364 3 8192 2.000000000 2
88 492 3 8192 2.000000000 2
88 656 3 8192 2.000000000 2
88 740 3 8192 2.000000000 2
88 1084 3 8192 2.000000000 2
88 1136 3 8192 2.000000000 2
88 1180 3 8192 2.000000000 2
92 204 3 8192 2.000000000 2
92 364 3 8192 2.000000000 2
92 492 3 8192 2.000000000 2
92 656 3 8192 2.000000000 2
92 740 3 8192 2.000000000 2
92 1084 3 8192 2.000000000 2
92 1136 3 8192 2.000000000 2
92 1180 3 8192 2.000000000 2
96 204 3 8192 2.000000000 2
96 364 3 8192 2.000000000 2
96 492 3 8192 2.000000000 2
96 656 3 8192 2.000000000 2
96 740 3 8192 2.000000000 2
96 1084 3 8192 2.000000000 2
96 1136 3 8192 2.000000000 2
96 1180 3 8192 2.000000000 2
108 204 3 8192 2.000000000 2
108 364 3 8192 2.000000000 2
108 492 3 8192 2.000000000 2
108 656 3 8192 2.000000000 2
108 740 3 8192 2.000000000 2
108 1084 3 8192 2.000000000 2
108 1136 3 8192 2.000000000 2
108 1180 3 8192 2.000000000 2
112 204 3 8192 2.000000000 2
112 364 3 8192 2.000000000 2
112 492 3 8192 2.000000000 2
112 656 3 8192 2.000000000 2
112 740 3 8192 2.000000000 2
112 1084 3 8192 2.000000000 2
112 1136 3 8192 2.000000000 2
112 1180 3 8192 2.000000000 2
116 204 3 8192 2.000000000 2
116 364 3 8192 2.000000000 2
116 492 3 8192 2.000000000 2
116 656 3 8192 2.000000000 2
116 740 3 8192 2.000000000 2
116 1084 3 8192 2.000000000 2
116 1136 3 8192 2.000000000 2
116 1180 3 8192 2.000000000 2
120 204 3 8192 2.000000000 2
120 364 3 8192 2.000000000 2
120 492 3 8192 2.000000000 2
120 656 3 8192 2.000000000 2
120 740 3 8192 2.000000000 2
120 1084 3 8192 2.000000000 2
120 1136 3 8192 2.000000000 2
120 1180 3 8192 2.000000000 2
124 204 3 8192 2.000000000 2
124 364 3 8192 2.000000000 2
124 492 3 8192 2.000000000 2
124 656 3 8192 2.000000000 2
124 740 3 8192 2.000000000 2
124 1084 3 8192 2.000000000 2
124 1136 3 8192 2.000000000 2
124 1180 3 8192 2.000000000 2
128 204 3 8192 2.000000000 2
128 364 3 8192 2.000000000 2
128 492 3 8192 2.000000000 2
128 656 3 8192 2.000000000 2
128 740 3 8192 2.000000000 2
128 1084 3 8192 2.000000000 2
128 1136 3 8192 2.000000000 2
128 1180 3 8192 2.000000000 2
140 204 3 8192 2.000000000 2
140 364 3 8192 2.000000000 2
140 492 3 8192 2.000000000 2
140 656 3 8192 2.000000000 2
140 740 3 8192 2.000000000 2
140 1084 3 8192 2.000000000 2
140 1136 3 8192 2.000000000 2
140 1180 3 8192 2.000000000 2
144 204 3 8192 2.000000000 2
144 364 3 8192 2.000000000 2
144 492 3 8192 2.000000000 2
144 656 3 8192 2.000000000 2
144 740 3 8192 2.000000000 2
144 1084 3 8192 2.000000000 2
144 1136 3 8192 2.000000000 2
144 1180 3 8192 2.000000000 2
156 204 3 8192 2.000000000 2
156 364 3 8192 2.000000000 2
156 492 3 8192 2.000000000 2
156 656 3 8192 2.000000000 2
156 740 3 8192 2.000000000 2
156 1084 3 8192 2.000000000 2
156 1136 3 8192 2.000000000 2
156 1180 3 8192 2.000000000 2
160 204 3 8192 2.000000000 2
160 364 3 8192 2.000000000 2
160 492 3 8192 2.000000000 2
160 656 3 8192 2.000000000 2
160 740 3 8192 2.000000000 2
160 1084 3 8192 2.000000000 2
160 1136 3 8192 2.000000000 2
160 1180 3 8192 2.000000000 2
164 204 3 8192 2.000000000 2
164 364 3 8192 2.000000000 2
164 492 3 8192 2.000000000 2
164 656 3 8192 2.000000000 2
164 740 3 8192 2.000000000 2
164 1084 3 8192 2.000000000 2
164 1136 3 8192 2.000000000 2
164 1180 3 8192 2.000000000 2
168 204 3 8192 2.000000000 2
168 364 3 8192 2.000000000 2
168 492 3 8192 2.000000000 2
168 656 3 8192 2.000000000 2
168 740 3 8192 2.000000000 2
168 1084 3 8192 2.000000000 2
168 1136 3 8192 2.000000000 2
168 1180 3 8192 2.000000000 2
172 204 3 8192 2.000000000 2
172 364 3 8192 2.000000000 2
172 492 3 8192 2.000000000 2
172 656 3 8192 2.000000000 2
172 740 3 8192 2.000000000 2
172 1084 3 8192 2.000000000 2
172 1136 3 8192 2.000000000 2
172 1180 3 8192 2.000000000 2
176 204 3 8192 2.000000000 2
176 364 3 8192 2.000000000 2
176 492 3 8192 2.000000000 2
176 656 3 8192 2.000000000 2
176 740 3 8192 2.000000000 2
176 1084 3 8192 2.000000000 2
176 1136 3 8192 2.000000000 2
176 1180 3 8192 2.000000000 2
180 204 3 8192 2.000000000 2
180 364 3 8192 2.000000000 2
180 492 3 8192 2.000000000 2
180 656 3 8192 2.000000000 2
180 740 3 8192 2.000000000 2
180 1084 3 8192 2.000000000 2
180 1136 3 8192 2.000000000 2
180 1180 3 8192 2.000000000 2
188 204 3 8192 2.000000000 2
188 364 3 8192 2.000000000 2
188 492 3 8192 2.000000000 2
188 656 3 8192 2.000000000 2
188 740 3 8192 2.000000000 2
188 1084 3 8192 2.000000000 2
188 1136 3 8192 2.000000000 2
188 1180 3 8192 2.000000000 2
196 204 3 8192 2.000000000 2
196 364 3 8192 2.000000000 2
196 492 3 8192 2.000000000 2
196 656 3 8192 2.000000000 2
196 740 3 8192 2.000000000 2
196 1084 3 8192 2.000000000 2
196 1136 3 8192 2.000000000 2
196 1180 3 8192 2.000000000 2
200 204 3 8192 2.000000000 2
200 364 3 8192 2.000000000 2
200 492 3 8192 2.000000000 2
200 656 3 8192 2.000000000 2
200 740 3 8192 2.000000000 2
200 1084 3 8192 2.000000000 2
200 1136 3 8192 2.000000000 2
200 1180 3 8192 2.000000000 2
204 364 3 8192 2.000000000 2
204 492 3 8192 2.000000000 2
204 656 3 8192 2.000000000 2
204 740 3 8192 2.000000000 2
204 1084 3 8192 2.000000000 2
204 1136 3 8192 2.000000000 2
204 1180 3 8192 2.000000000 2
208 204 3 8192 2.000000000 2
208 364 3 8192 2.000000000 2
208 492 3 8192 2.000000000 2
208 656 3 8192 2.000000000 2
208 740 3 8192 2.000000000 2
208 1084 3 8192 2.000000000 2
208 1136 3 8192 2.000000000 2
208 1180 3 8192 2.000000000 2
216 204 3 8192 2.000000000 2
216 364 3 8192 2.000000000 2
216 492 3 8192 2.000000000 2
216 656 3 8192 2.000000000 2
216 740 3 8192 2.000000000 2
216 1084 3 8192 2.000000000 2
216 1136 3 8192 2.000000000 2
216 1180 3 8192 2.000000000 2
220 204 3 8192 2.000000000 2
220 364 3 8192 2.000000000 2
220 492 3 8192 2.000000000 2
220 656 3 8192 2.000000000 2
220 740 3 8192 2.000000000 2
220 1084 3 8192 2.000000000 2
220 1136 3 8192 2.000000000 2
220 1180 3 8192 2.000000000 2
224 204 3 8192 2.000000000 2
224 364 3 8192 2.000000000 2
224 492 3 8192 2.000000000 2
224 656 3 8192 2.000000000 2
224 740 3 8192 2.000000000 2
224 1084 3 8192 2.000000000 2
224 1136 3 8192 2.000000000 2
224 1180 3 8192 2.000000000 2
228 204 3 8192 2.000000000 2
228 364 3 8192 2.000000000 2
228 492 3 8192 2.000000000 2
228 656 3 8192 2.000000000 2
228 740 3 8192 2.000000000 2
228 1084 3 8192 2.000000000 2
228 1136 3 8192 2.000000000 2
228 1180 3 8192 2.000000000 2
232 204 3 8192 2.000000000 2
232 364 3 8192 2.000000000 2
232 492 3 8192 2.000000000 2
232 656 3 8192 2.000000000 2
232 740 3 8192 2.000000000 2
232 1084 3 8192 2.000000000 2
232 1136 3 8192 2.000000000 2
232 1180 3 8192 2.000000000 2
236 204 3 8192 2.000000000 2
236 364 3 8192 2.000000000 2
236 492 3 8192 2.000000000 2
236 656 3 8192 2.000000000 2
236 740 3 8192 2.000000000 2
236 1084 3 8192 2.000000000 2
236 1136 3 8192 2.000000000 2
236 1180 3 8192 2.000000000 2
240 204 3 8192 2.000000000 2
240 364 3 8192 2.000000000 2
240 492 3 8192 2.000000000 2
240 656 3 8192 2.000000000 2
240 740 3 8192 2.000000000 2
240 1084 3 8192 2.000000000 2
240 1136 3 8192 2.000000000 2
240 1180 3 8192 2.000000000 2
244 204 3 8192 2.000000000 2
244 364 3 8192 2.000000000 2
244 492 3 8192 2.000000000 2
244 656 3 8192 2.000000000 2
244 740 3 8192 2.000000000 2
244 1084 3 8192 2.000000000 2
244 1136 3 8192 2.000000000 2
244 1180 3 8192 2.000000000 2
248 204 3 8192 2.000000000 2
248 364 3 8192 2.000000000 2
248 492 3 8192 2.000000000 2
248 656 3 8192 2.000000000 2
248 740 3 8192 2.000000000 2
248 1084 3 8192 2.000000000 2
248 1136 3 8192 2.000000000 2
248 1180 3 8192 2.000000000 2
252 204 3 8192 2.000000000 2
252 364 3 8192 2.000000000 2
252 492 3 8192 2.000000000 2
252 656 3 8192 2.000000000 2
252 740 3 8192 2.000000000 2
252 1084 3 8192 2.000000000 2
252 1136 3 8192 2.000000000 2
252 1180 3 8192 2.000000000 2
256 204 3 8192 2.000000000 2
256 364 3 8192 2.000000000 2
256 492 3 8192 2.000000000 2
256 656 3 8192 2.000000000 2
256 740 3 8192 2.000000000 2
256 1084 3 8192 2.000000000 2
256 1136 3 8192 2.000000000 2
256 1180 3 8192 2.000000000 2
260 204 3 8192 2.000000000 2
260 364 3 8192 2.000000000 2
260 492 3 8192 2.000000000 2
260 656 3 8192 2.000000000 2
260 740 3 8192 2.000000000 2
260 1084 3 8192 2.000000000 2
260 1136 3 8192 2.000000000 2
260 1180 3 8192 2.000000000 2
264 204 3 8192 2.000000000 2
264 364 3 8192 2.000000000 2
264 492 3 8192 2.000000000 2
264 656 3 8192 2.000000000 2
264 740 3 8192 2.000000000 2
264 1084 3 8192 2.000000000 2
264 1136 3 8192 2.000000000 2
264 1180 3 8192 2.000000000 2
268 204 3 8192 2.000000000 2
268 364 3 8192 2.000000000 2
268 492 3 8192 2.000000000 2
268 656 3 8192 2.000000000 2
268 740 3 8192 2.000000000 2
268 1084 3 8192 2.000000000 2
268 1136 3 8192 2.000000000 2
268 1180 3 8192 2.000000000 2
272 204 3 8192 2.000000000 2
272 364 3 8192 2.000000000 2
272 492 3 8192 2.000000000 2
272 656 3 8192 2.000000000 2
272 740 3 8192 2.000000000 2
272 1084 3 8192 2.000000000 2
272 1136 3 8192 2.000000000 2
272 1180 3 8192 2.000000000 2
276 204 3 8192 2.000000000 2
276 364 3 8192 2.000000000 2
276 492 3 8192 2.000000000 2
276 656 3 8192 2.000000000 2
276 740 3 8192 2.000000000 2
276 1084 3 8192 2.000000000 2
276 1136 3 8192 2.000000000 2
276 1180 3 8192 2.000000000 2
280 204 3 8192 2.000000000 2
280 364 3 8192 2.000000000 2
280 492 3 8192 2.000000000 2
280 656 3 8192 2.000000000 2
280 740 3 8192 2.000000000 2
280 1084 3 8192 2.000000000 2
280 1136 3 8192 2.000000000 2
280 1180 3 8192 2.000000000 2
284 204 3 8192 2.000000000 2
284 364 3 8192 2.000000000 2
284 492 3 8192 2.000000000 2
284 656 3 8192 2.000000000 2
284 740 3 8192 2.000000000 2
284 1084 3 8192 2.000000000 2
284 1136 3 8192 2.000000000 2
284 1180 3 8192 2.000000000 2
292 204 3 8192 2.000000000 2
292 364 3 8192 2.000000000 2
292 492 3 8192 2.000000000 2
292 656 3 8192 2.000000000 2
292 740 3 8192 2.000000000 2
292 1084 3 8192 2.000000000 2
292 1136 3 8192 2.000000000 2
292 1180 3 8192 2.000000000 2
300 204 3 8192 2.000000000 2
300 364 3 8192 2.000000000 2
300 492 3 8192 2.000000000 2
300 656 3 8192 2.000000000 2
300 740 3 8192 2.000000000 2
300 1084 3 8192 2.000000000 2
300 1136 3 8192 2.000000000 2
300 1180 3 8192 2.000000000 2
304 204 3 8192 2.000000000 2
304 364 3 8192 2.000000000 2
304 492 3 8192 2.000000000 2
304 656 3 8192 2.000000000 2
304 740 3 8192 2.000000000 2
304 1084 3 8192 2.000000000 2
304 1136 3 8192 2.000000000 2
304 1180 3 8192 2.000000000 2
312 204 3 8192 2.000000000 2
312 364 3 8192 2.000000000 2
312 492 3 8192 2.000000000 2
312 656 3 8192 2.000000000 2
312 740 3 8192 2.000000000 2
312 1084 3 8192 2.000000000 2
312 1136 3 8192 2.000000000 2
312 1180 3 8192 2.000000000 2
316 204 3 8192 2.000000000 2
316 364 3 8192 2.000000000 2
316 492 3 8192 2.000000000 2
316 656 3 8192 2.000000000 2
316 740 3 8192 2.000000000 2
316 1084 3 8192 2.000000000 2
316 1136 3 8192 2.000000000 2
316 1180 3 8192 2.000000000 2
320 204 3 8192 2.000000000 2
320 364 3 8192 2.000000000 2
320 492 3 8192 2.000000000 2
320 656 3 8192 2.000000000 2
320 740 3 8192 2.000000000 2
320 1084 3 8192 2.000000000 2
320 1136 3 8192 2.000000000 2
320 1180 3 8192 2.000000000 2
324 204 3 8192 2.000000000 2
324 364 3 8192 2.000000000 2
324 492 3 8192 2.000000000 2
324 656 3 8192 2.000000000 2
324 740 3 8192 2.000000000 2
324 1084 3 8192 2.000000000 2
324 1136 3 8192 2.000000000 2
324 1180 3 8192 2.000000000 2
328 204 3 8192 2.000000000 2
328 364 3 8192 2.000000000 2
328 492 3 8192 2.000000000 2
328 656 3 8192 2.000000000 2
328 740 3 8192 2.000000000 2
328 1084 3 8192 2.000000000 2
328 1136 3 8192 2.000000000 2
328 1180 3 8192 2.000000000 2
332 204 3 8192 2.000000000 2
332 364 3 8192 2.000000000 2
332 492 3 8192 2.000000000 2
332 656 3 8192 2.000000000 2
332 740 3 8192 2.000000000 2
332 1084 3 8192 2.000000000 2
332 1136 3 8192 2.000000000 2
332 1180 3 8192 2.000000000 2
336 204 3 8192 2.000000000 2
336 364 3 8192 2.000000000 2
336 492 3 8192 2.000000000 2
336 656 3 8192 2.000000000 2
336 740 3 8192 2.000000000 2
336 1084 3 8192 2.000000000 2
336 1136 3 8192 2.000000000 2
336 1180 3 8192 2.000000000 2
340 204 3 8192 2.000000000 2
340 364 3 8192 2.000000000 2
340 492 3 8192 2.000000000 2
340 656 3 8192 2.000000000 2
340 740 3 8192 2.000000000 2
340 1084 3 8192 2.000000000 2
340 1136 3 8192 2.000000000 2
340 1180 3 8192 2.000000000 2
348 204 3 8192 2.000000000 2
348 364 3 8192 2.000000000 2
348 492 3 8192 2.000000000 2
348 656 3 8192 2.000000000 2
348 740 3 8192 2.000000000 2
348 1084 3 8192 2.000000000 2
348 1136 3 8192 2.000000000 2
348 1180 3 8192 2.000000000 2
360 204 3 8192 2.000000000 2
360 364 3 8192 2.000000000 2
360 492 3 8192 2.000000000 2
360 656 3 8192 2.000000000 2
360 740 3 8192 2.000000000 2
360 1084 3 8192 2.000000000 2
360 1136 3 8192 2.000000000 2
360 1180 3 8192 2.000000000 2
364 204 3 8192 2.000000000 2
364 492 3 8192 2.000000000 2
364 656 3 8192 2.000000000 2
364 740 3 8192 2.000000000 2
364 1084 3 8192 2.000000000 2
364 1136 3 8192 2.000000000 2
364 1180 3 8192 2.000000000 2
368 204 3 8192 2.000000000 2
368 364 3 8192 2.000000000 2
368 492 3 8192 2.000000000 2
368 656 3 8192 2.000000000 2
368 740 3 8192 2.000000000 2
368 1084 3 8192 2.000000000 2
368 1136 3 8192 2.000000000 2
368 1180 3 8192 2.000000000 2
380 204 3 8192 2.000000000 2
380 364 3 8192 2.000000000 2
380 492 3 8192 2.000000000 2
380 656 3 8192 2.000000000 2
380 740 3 8192 2.000000000 2
380 1084 3 8192 2.000000000 2
380 1136 3 8192 2.000000000 2
380 1180 3 8192 2.000000000 2
388 204 3 8192 2.000000000 2
388 364 3 8192 2.000000000 2
388 492 3 8192 2.000000000 2
388 656 3 8192 2.000000000 2
388 740 3 8192 2.000000000 2
388 1084 3 8192 2.000000000 2
388 1136 3 8192 2.000000000 2
388 1180 3 8192 2.000000000 2
392 204 3 8192 2.000000000 2
392 364 3 8192 2.000000000 2
392 492 3 8192 2.000000000 2
392 656 3 8192 2.000000000 2
392 740 3 8192 2.000000000 2
392 1084 3 8192 2.000000000 2
392 1136 3 8192 2.000000000 2
392 1180 3 8192 2.000000000 2
404 204 3 8192 2.000000000 2
404 364 3 8192 2.000000000 2
404 492 3 8192 2.000000000 2
404 656 3 8192 2.000000000 2
404 740 3 8192 2.000000000 2
404 1084 3 8192 2.000000000 2
404 1136 3 8192 2.000000000 2
404 1180 3 8192 2.000000000 2
408 204 3 8192 2.000000000 2
408 364 3 8192 2.000000000 2
408 492 3 8192 2.000000000 2
408 656 3 8192 2.000000000 2
408 740 3 8192 2.000000000 2
408 1084 3 8192 2.000000000 2
408 1136 3 8192 2.000000000 2
408 1180 3 8192 2.000000000 2
416 204 3 8192 2.000000000 2
416 364 3 8192 2.000000000 2
416 492 3 8192 2.000000000 2
416 656 3 8192 2.000000000 2
416 740 3 8192 2.000000000 2
416 1084 3 8192 2.000000000 2
416 1136 3 8192 2.000000000 2
416 1180 3 8192 2.000000000 2
428 204 3 8192 2.000000000 2
428 364 3 8192 2.000000000 2
428 492 3 8192 2.000000000 2
428 656 3 8192 2.000000000 2
428 740 3 8192 2.000000000 2
428 1084 3 8192 2.000000000 2
428 1136 3 8192 2.000000000 2
428 1180 3 8192 2.000000000 2
432 204 3 8192 2.000000000 2
432 364 3 8192 2.000000000 2
432 492 3 8192 2.000000000 2
432 656 3 8192 2.000000000 2
432 740 3 8192 2.000000000 2
432 1084 3 8192 2.000000000 2
432 1136 3 8192 2.000000000 2
432 1180 3 8192 2.000000000 2
436 204 3 8192 2.000000000 2
436 364 3 8192 2.000000000 2
436 492 3 8192 2.000000000 2
436 656 3 8192 2.000000000 2
436 740 3 8192 2.000000000 2
436 1084 3 8192 2.000000000 2
436 1136 3 8192 2.000000000 2
436 1180 3 8192 2.000000000 2
440 204 3 8192 2.000000000 2
440 364 3 8192 2.000000000 2
440 492 3 8192 2.000000000 2
440 656 3 8192 2.000000000 2
440 740 3 8192 2.000000000 2
440 1084 3 8192 2.000000000 2
440 1136 3 8192 2.000000000 2
440 1180 3 8192 2.000000000 2
444 204 3 8192 2.000000000 2
444 364 3 8192 2.000000000 2
444 492 3 8192 2.000000000 2
444 656 3 8192 2.000000000 2
444 740 3 8192 2.000000000 2
444 1084 3 8192 2.000000000 2
444 1136 3 8192 2.000000000 2
444 1180 3 8192 2.000000000 2
448 204 3 8192 2.000000000 2
448 364 3 8192 2.000000000 2
448 492 3 8192 2.000000000 2
448 656 3 8192 2.000000000 2
448 740 3 8192 2.000000000 2
448 1084 3 8192 2.000000000 2
448 1136 3 8192 2.000000000 2
448 1180 3 8192 2.000000000 2
452 204 3 8192 2.000000000 2
452 364 3 8192 2.000000000 2
452 492 3 8192 2.000000000 2
452 656 3 8192 2.000000000 2
452 740 3 8192 2.000000000 2
452 1084 3 8192 2.000000000 2
452 1136 3 8192 2.000000000 2
452 1180 3 8192 2.000000000 2
456 204 3 8192 2.000000000 2
456 364 3 8192 2.000000000 2
456 492 3 8192 2.000000000 2
456 656 3 8192 2.000000000 2
456 740 3 8192 2.000000000 2
456 1084 3 8192 2.000000000 2
456 1136 3 8192 2.000000000 2
456 1180 3 8192 2.000000000 2
460 204 3 8192 2.000000000 2
460 364 3 8192 2.000000000 2
460 492 3 8192 2.000000000 2
460 656 3 8192 2.000000000 2
460 740 3 8192 2.000000000 2
460 1084 3 8192 2.000000000 2
460 1136 3 8192 2.000000000 2
460 1180 3 8192 2.000000000 2
464 204 3 8192 2.000000000 2
464 364 3 8192 2.000000000 2
464 492 3 8192 2.000000000 2
464 656 3 8192 2.000000000 2
464 740 3 8192 2.000000000 2
464 1084 3 8192 2.000000000 2
464 1136 3 8192 2.000000000 2
464 1180 3 8192 2.000000000 2
468 204 3 8192 2.000000000 2
468 364 3 8192 2.000000000 2
468 492 3 8192 2.000000000 2
468 656 3 8192 2.000000000 2
468 740 3 8192 2.000000000 2
468 1084 3 8192 2.000000000 2
468 1136 3 8192 2.000000000 2
468 1180 3 8192 2.000000000 2
472 204 3 8192 2.000000000 2
472 364 3 8192 2.000000000 2
472 492 3 8192 2.000000000 2
472 656 3 8192 2.000000000 2
472 740 3 8192 2.000000000 2
472 1084 3 8192 2.000000000 2
472 1136 3 8192 2.000000000 2
472 1180 3 8192 2.000000000 2
476 204 3 8192 2.000000000 2
476 364 3 8192 2.000000000 2
476 492 3 8192 2.000000000 2
476 656 3 8192 2.000000000 2
476 740 3 8192 2.000000000 2
476 1084 3 8192 2.000000000 2
476 1136 3 8192 2.000000000 2
476 1180 3 8192 2.000000000 2
484 204 3 8192 2.000000000 2
484 364 3 8192 2.000000000 2
484 492 3 8192 2.000000000 2
484 656 3 8192 2.000000000 2
484 740 3 8192 2.000000000 2
484 1084 3 8192 2.000000000 2
484 1136 3 8192 2.000000000 2
484 1180 3 8192 2.000000000 2
492 204 3 8192 2.000000000 2
492 364 3 8192 2.000000000 2
492 656 3 8192 2.000000000 2
492 740 3 8192 2.000000000 2
492 1084 3 8192 2.000000000 2
492 1136 3 8192 2.000000000 2
492 1180 3 8192 2.000000000 2
496 204 3 8192 2.000000000 2
496 364 3 8192 2.000000000 2
496 492 3 8192 2.000000000 2
496 656 3 8192 2.000000000 2
496 740 3 8192 2.000000000 2
496 1084 3 8192 2.000000000 2
496 1136 3 8192 2.000000000 2
496 1180 3 8192 2.000000000 2
500 204 3 8192 2.000000000 2
500 364 3 8192 2.000000000 2
500 492 3 8192 2.000000000 2
500 656 3 8192 2.000000000 2
500 740 3 8192 2.000000000 2
500 1084 3 8192 2.000000000 2
500 1136 3 8192 2.000000000 2
500 1180 3 8192 2.000000000 2
504 204 3 8192 2.000000000 2
504 364 3 8192 2.000000000 2
504 492 3 8192 2.000000000 2
504 656 3 8192 2.000000000 2
504 740 3 8192 2.000000000 2
504 1084 3 8192 2.000000000 2
504 1136 3 8192 2.000000000 2
504 1180 3 8192 2.000000000 2
508 204 3 8192 2.000000000 2
508 364 3 8192 2.000000000 2
508 492 3 8192 2.000000000 2
508 656 3 8192 2.000000000 2
508 740 3 8192 2.000000000 2
508 1084 3 8192 2.000000000 2
508 1136 3 8192 2.000000000 2
508 1180 3 8192 2.000000000 2
512 204 3 8192 2.000000000 2
512 364 3 8192 2.000000000 2
512 492 3 8192 2.000000000 2
512 656 3 8192 2.000000000 2
512 740 3 8192 2.000000000 2
512 1084 3 8192 2.000000000 2
512 1136 3 8192 2.000000000 2
512 1180 3 8192 2.000000000 2
516 204 3 8192 2.000000000 2
516 364 3 8192 2.000000000 2
516 492 3 8192 2.000000000 2
516 656 3 8192 2.000000000 2
516 740 3 8192 2.000000000 2
516 1084 3 8192 2.000000000 2
516 1136 3 8192 2.000000000 2
516 1180 3 8192 2.000000000 2
520 204 3 8192 2.000000000 2
520 364 3 8192 2.000000000 2
520 492 3 8192 2.000000000 2
520 656 3 8192 2.000000000 2
520 740 3 8192 2.000000000 2
520 1084 3 8192 2.000000000 2
520 1136 3 8192 2.000000000 2
520 1180 3 8192 2.000000000 2
524 204 3 8192 2.000000000 2
524 364 3 8192 2.000000000 2
524 492 3 8192 2.000000000 2
524 656 3 8192 2.000000000 2
524 740 3 8192 2.000000000 2
524 1084 3 8192 2.000000000 2
524 1136 3 8192 2.000000000 2
524 1180 3 8192 2.000000000 2
536 204 3 8192 2.000000000 2
536 364 3 8192 2.000000000 2
536 492 3 8192 2.000000000 2
536 656 3 8192 2.000000000 2
536 740 3 8192 2.000000000 2
536 1084 3 8192 2.000000000 2
536 1136 3 8192 2.000000000 2
536 1180 3 8192 2.000000000 2
540 204 3 8192 2.000000000 2
540 364 3 8192 2.000000000 2
540 492 3 8192 2.000000000 2
540 656 3 8192 2.000000000 2
540 740 3 8192 2.000000000 2
540 1084 3 8192 2.000000000 2
540 1136 3 8192 2.000000000 2
540 1180 3 8192 2.000000000 2
544 204 3 8192 2.000000000 2
544 364 3 8192 2.000000000 2
544 492 3 8192 2.000000000 2
544 656 3 8192 2.000000000 2
544 740 3 8192 2.000000000 2
544 1084 3 8192 2.000000000 2
544 1136 3 8192 2.000000000 2
544 1180 3 8192 2.000000000 2
548 204 3 8192 2.000000000 2
548 364 3 8192 2.000000000 2
548 492 3 8192 2.000000000 2
548 656 3 8192 2.000000000 2
548 740 3 8192 2.000000000 2
548 1084 3 8192 2.000000000 2
548 1136 3 8192 2.000000000 2
548 1180 3 8192 2.000000000 2
552 204 3 8192 2.000000000 2
552 364 3 8192 2.000000000 2
552 492 3 8192 2.000000000 2
552 656 3 8192 2.000000000 2
552 740 3 8192 2.000000000 2
552 1084 3 8192 2.000000000 2
552 1136 3 8192 2.000000000 2
552 1180 3 8192 2.000000000 2
560 204 3 8192 2.000000000 2
560 364 3 8192 2.000000000 2
560 492 3 8192 2.000000000 2
560 656 3 8192 2.000000000 2
560 740 3 8192 2.000000000 2
560 1084 3 8192 2.000000000 2
560 1136 3 8192 2.000000000 2
560 1180 3 8192 2.000000000 2
564 204 3 8192 2.000000000 2
564 364 3 8192 2.000000000 2
564 492 3 8192 2.000000000 2
564 656 3 8192 2.000000000 2
564 740 3 8192 2.000000000 2
564 1084 3 8192 2.000000000 2
564 1136 3 8192 2.000000000 2
564 1180 3 8192 2.000000000 2
568 204 3 8192 2.000000000 2
568 364 3 8192 2.000000000 2
568 492 3 8192 2.000000000 2
568 656 3 8192 2.000000000 2
568 740 3 8192 2.000000000 2
568 1084 3 8192 2.000000000 2
568 1136 3 8192 2.000000000 2
568 1180 3 8192 2.000000000 2
572 204 3 8192 2.000000000 2
572 364 3 8192 2.000000000 2
572 492 3 8192 2.000000000 2
572 656 3 8192 2.000000000 2
572 740 3 8192 2.000000000 2
572 1084 3 8192 2.000000000 2
572 1136 3 8192 2.000000000 2
572 1180 3 8192 2.000000000 2
576 204 3 8192 2.000000000 2
576 364 3 8192 2.000000000 2
576 492 3 8192 2.000000000 2
576 656 3 8192 2.000000000 2
576 740 3 8192 2.000000000 2
576 1084 3 8192 2.000000000 2
576 1136 3 8192 2.000000000 2
576 1180 3 8192 2.000000000 2
580 204 3 8192 2.000000000 2
580 364 3 8192 2.000000000 2
580 492 3 8192 2.000000000 2
580 656 3 8192 2.000000000 2
580 740 3 8192 2.000000000 2
580 1084 3 8192 2.000000000 2
580 1136 3 8192 2.000000000 2
580 1180 3 8192 2.000000000 2
588 204 3 8192 2.000000000 2
588 364 3 8192 2.000000000 2
588 492 3 8192 2.000000000 2
588 656 3 8192 2.000000000 2
588 740 3 8192 2.000000000 2
588 1084 3 8192 2.000000000 2
588 1136 3 8192 2.000000000 2
588 1180 3 8192 2.000000000 2
592 204 3 8192 2.000000000 2
592 364 3 8192 2.000000000 2
592 492 3 8192 2.000000000 2
592 656 3 8192 2.000000000 2
592 740 3 8192 2.000000000 2
592 1084 3 8192 2.000000000 2
592 1136 3 8192 2.000000000 2
592 1180 3 8192 2.000000000 2
596 204 3 8192 2.000000000 2
596 364 3 8192 2.000000000 2
596 492 3 8192 2.000000000 2
596 656 3 8192 2.000000000 2
596 740 3 8192 2.000000000 2
596 1084 3 8192 2.000000000 2
596 1136 3 8192 2.000000000 2
596 1180 3 8192 2.000000000 2
600 204 3 8192 2.000000000 2
600 364 3 8192 2.000000000 2
600 492 3 8192 2.000000000 2
600 656 3 8192 2.000000000 2
600 740 3 8192 2.000000000 2
600 1084 3 8192 2.000000000 2
600 1136 3 8192 2.000000000 2
600 1180 3 8192 2.000000000 2
608 204 3 8192 2.000000000 2
608 364 3 8192 2.000000000 2
608 492 3 8192 2.000000000 2
608 656 3 8192 2.000000000 2
608 740 3 8192 2.000000000 2
608 1084 3 8192 2.000000000 2
608 1136 3 8192 2.000000000 2
608 1180 3 8192 2.000000000 2
612 204 3 8192 2.000000000 2
612 364 3 8192 2.000000000 2
612 492 3 8192 2.000000000 2
612 656 3 8192 2.000000000 2
612 740 3 8192 2.000000000 2
612 1084 3 8192 2.000000000 2
612 1136 3 8192 2.000000000 2
612 1180 3 8192 2.000000000 2
620 204 3 8192 2.000000000 2
620 364 3 8192 2.000000000 2
620 492 3 8192 2.000000000 2
620 656 3 8192 2.000000000 2
620 740 3 8192 2.000000000 2
620 1084 3 8192 2.000000000 2
620 1136 3 8192 2.000000000 2
620 1180 3 8192 2.000000000 2
624 204 3 8192 2.000000000 2
624 364 3 8192 2.000000000 2
624 492 3 8192 2.000000000 2
624 656 3 8192 2.000000000 2
624 740 3 8192 2.000000000 2
624 1084 3 8192 2.000000000 2
624 1136 3 8192 2.000000000 2
624 1180 3 8192 2.000000000 2
632 204 3 8192 2.000000000 2
632 364 3 8192 2.000000000 2
632 492 3 8192 2.000000000 2
632 656 3 8192 2.000000000 2
632 740 3 8192 2.000000000 2
632 1084 3 8192 2.000000000 2
632 1136 3 8192 2.000000000 2
632 1180 3 8192 2.000000000 2
636 204 3 8192 2.000000000 2
636 364 3 8192 2.000000000 2
636 492 3 8192 2.000000000 2
636 656 3 8192 2.000000000 2
636 740 3 8192 2.000000000 2
636 1084 3 8192 2.000000000 2
636 1136 3 8192 2.000000000 2
636 1180 3 8192 2.000000000 2
640 204 3 8192 2.000000000 2
640 364 3 8192 2.000000000 2
640 492 3 8192 2.000000000 2
640 656 3 8192 2.000000000 2
640 740 3 8192 2.000000000 2
640 1084 3 8192 2.000000000 2
640 1136 3 8192 2.000000000 2
640 1180 3 8192 2.000000000 2
644 204 3 8192 2.000000000 2
644 364 3 8192 2.000000000 2
644 492 3 8192 2.000000000 2
644 656 3 8192 2.000000000 2
644 740 3 8192 2.000000000 2
644 1084 3 8192 2.000000000 2
644 1136 3 8192 2.000000000 2
644 1180 3 8192 2.000000000 2
648 204 3 8192 2.000000000 2
648 364 3 8192 2.000000000 2
648 492 3 8192 2.000000000 2
648 656 3 8192 2.000000000 2
648 740 3 8192 2.000000000 2
648 1084 3 8192 2.000000000 2
648 1136 3 8192 2.000000000 2
648 1180 3 8192 2.000000000 2
652 204 3 8192 2.000000000 2
652 364 3 8192 2.000000000 2
652 492 3 8192 2.000000000 2
652 656 3 8192 2.000000000 2
652 740 3 8192 2.000000000 2
652 1084 3 8192 2.000000000 2
652 1136 3 8192 2.000000000 2
652 1180 3 8192 2.000000000 2
656 204 3 8192 2.000000000 2
656 364 3 8192 2.000000000 2
656 492 3 8192 2.000000000 2
656 740 3 8192 2.000000000 2
656 1084 3 8192 2.000000000 2
656 1136 3 8192 2.000000000 2
656 1180 3 8192 2.000000000 2
660 204 3 8192 2.000000000 2
660 364 3 8192 2.000000000 2
660 492 3 8192 2.000000000 2
660 656 3 8192 2.000000000 2
660 740 3 8192 2.000000000 2
660 1084 3 8192 2.000000000 2
660 1136 3 8192 2.000000000 2
660 1180 3 8192 2.000000000 2
668 204 3 8192 2.000000000 2
668 364 3 8192 2.000000000 2
668 492 3 8192 2.000000000 2
668 656 3 8192 2.000000000 2
668 740 3 8192 2.000000000 2
668 1084 3 8192 2.000000000 2
668 1136 3 8192 2.000000000 2
668 1180 3 8192 2.000000000 2
672 204 3 8192 2.000000000 2
672 364 3 8192 2.000000000 2
672 492 3 8192 2.000000000 2
672 656 3 8192 2.000000000 2
672 740 3 8192 2.000000000 2
672 1084 3 8192 2.000000000 2
672 1136 3 8192 2.000000000 2
672 1180 3 8192 2.000000000 2
676 204 3 8192 2.000000000 2
676 364 3 8192 2.000000000 2
676 492 3 8192 2.000000000 2
676 656 3 8192 2.000000000 2
676 740 3 8192 2.000000000 2
676 1084 3 8192 2.000000000 2
676 1136 3 8192 2.000000000 2
676 1180 3 8192 2.000000000 2
688 204 3 8192 2.000000000 2
688 364 3 8192 2.000000000 2
688 492 3 8192 2.000000000 2
688 656 3 8192 2.000000000 2
688 740 3 8192 2.000000000 2
688 1084 3 8192 2.000000000 2
688 1136 3 8192 2.000000000 2
688 1180 3 8192 2.000000000 2
692 204 3 8192 2.000000000 2
692 364 3 8192 2.000000000 2
692 492 3 8192 2.000000000 2
692 656 3 8192 2.000000000 2
692 740 3 8192 2.000000000 2
692 1084 3 8192 2.000000000 2
692 1136 3 8192 2.000000000 2
692 1180 3 8192 2.000000000 2
696 204 3 8192 2.000000000 2
696 364 3 8192 2.000000000 2
696 492 3 8192 2.000000000 2
696 656 3 8192 2.000000000 2
696 740 3 8192 2.000000000 2
696 1084 3 8192 2.000000000 2
696 1136 3 8192 2.000000000 2
696 1180 3 8192 2.000000000 2
700 204 3 8192 2.000000000 2
700 364 3 8192 2.000000000 2
700 492 3 8192 2.000000000 2
700 656 3 8192 2.000000000 2
700 740 3 8192 2.000000000 2
700 1084 3 8192 2.000000000 2
700 1136 3 8192 2.000000000 2
700 1180 3 8192 2.000000000 2
704 204 3 8192 2.000000000 2
704 364 3 8192 2.000000000 2
704 492 3 8192 2.000000000 2
704 656 3 8192 2.000000000 2
704 740 3 8192 2.000000000 2
704 1084 3 8192 2.000000000 2
704 1136 3 8192 2.000000000 2
704 1180 3 8192 2.000000000 2
712 204 3 8192 2.000000000 2
712 364 3 8192 2.000000000 2
712 492 3 8192 2.000000000 2
712 656 3 8192 2.000000000 2
712 740 3 8192 2.000000000 2
712 1084 3 8192 2.000000000 2
712 1136 3 8192 2.000000000 2
712 1180 3 8192 2.000000000 2
716 204 3 8192 2.000000000 2
716 364 3 8192 2.000000000 2
716 492 3 8192 2.000000000 2
716 656 3 8192 2.000000000 2
716 740 3 8192 2.000000000 2
716 1084 3 8192 2.000000000 2
716 1136 3 8192 2.000000000 2
716 1180 3 8192 2.000000000 2
724 204 3 8192 2.000000000 2
724 364 3 8192 2.000000000 2
724 492 3 8192 2.000000000 2
724 656 3 8192 2.000000000 2
724 740 3 8192 2.000000000 2
724 1084 3 8192 2.000000000 2
724 1136 3 8192 2.000000000 2
724 1180 3 8192 2.000000000 2
732 204 3 8192 2.000000000 2
732 364 3 8192 2.000000000 2
732 492 3 8192 2.000000000 2
732 656 3 8192 2.000000000 2
732 740 3 8192 2.000000000 2
732 1084 3 8192 2.000000000 2
732 1136 3 8192 2.000000000 2
732 1180 3 8192 2.000000000 2
736 204 3 8192 2.000000000 2
736 364 3 8192 2.000000000 2
736 492 3 8192 2.000000000 2
736 656 3 8192 2.000000000 2
736 740 3 8192 2.000000000 2
736 1084 3 8192 2.000000000 2
736 1136 3 8192 2.000000000 2
736 1180 3 8192 2.000000000 2
740 204 3 8192 2.000000000 2
740 364 3 8192 2.000000000 2
740 492 3 8192 2.000000000 2
740 656 3 8192 2.000000000 2
740 1084 3 8192 2.000000000 2
740 1136 3 8192 2.000000000 2
740 1180 3 8192 2.000000000 2
744 204 3 8192 2.000000000 2
744 364 3 8192 2.000000000 2
744 492 3 8192 2.000000000 2
744 656 3 8192 2.000000000 2
744 740 3 8192 2.000000000 2
744 1084 3 8192 2.000000000 2
744 1136 3 8192 2.000000000 2
744 1180 3 8192 2.000000000 2
748 204 3 8192 2.000000000 2
748 364 3 8192 2.000000000 2
748 492 3 8192 2.000000000 2
748 656 3 8192 2.000000000 2
748 740 3 8192 2.000000000 2
748 1084 3 8192 2.000000000 2
748 1136 3 8192 2.000000000 2
748 1180 3 8192 2.000000000 2
752 204 3 8192 2.000000000 2
752 364 3 8192 2.000000000 2
752 492 3 8192 2.000000000 2
752 656 3 8192 2.000000000 2
752 740 3 8192 2.000000000 2
752 1084 3 8192 2.000000000 2
752 1136 3 8192 2.000000000 2
752 1180 3 8192 2.000000000 2
756 204 3 8192 2.000000000 2
756 364 3 8192 2.000000000 2
756 492 3 8192 2.000000000 2
756 656 3 8192 2.000000000 2
756 740 3 8192 2.000000000 2
756 1084 3 8192 2.000000000 2
756 1136 3 8192 2.000000000 2
756 1180 3 8192 2.000000000 2
760 204 3 8192 2.000000000 2
760 364 3 8192 2.000000000 2
760 492 3 8192 2.000000000 2
760 656 3 8192 2.000000000 2
760 740 3 8192 2.000000000 2
760 1084 3 8192 2.000000000 2
760 1136 3 8192 2.000000000 2
760 1180 3 8192 2.000000000 2
764 204 3 8192 2.000000000 2
764 364 3 8192 2.000000000 2
764 492 3 8192 2.000000000 2
764 656 3 8192 2.000000000 2
764 740 3 8192 2.000000000 2
764 1084 3 8192 2.000000000 2
764 1136 3 8192 2.000000000 2
764 1180 3 8192 2.000000000 2
772 204 3 8192 2.000000000 2
772 364 3 8192 2.000000000 2
772 492 3 8192 2.000000000 2
772 656 3 8192 2.000000000 2
772 740 3 8192 2.000000000 2
772 1084 3 8192 2.000000000 2
772 1136 3 8192 2.000000000 2
772 1180 3 8192 2.000000000 2
776 204 3 8192 2.000000000 2
776 364 3 8192 2.000000000 2
776 492 3 8192 2.000000000 2
776 656 3 8192 2.000000000 2
776 740 3 8192 2.000000000 2
776 1084 3 8192 2.000000000 2
776 1136 3 8192 2.000000000 2
776 1180 3 8192 2.000000000 2
780 204 3 8192 2.000000000 2
780 364 3 8192 2.000000000 2
780 492 3 8192 2.000000000 2
780 656 3 8192 2.000000000 2
780 740 3 8192 2.000000000 2
780 1084 3 8192 2.000000000 2
780 1136 3 8192 2.000000000 2
780 1180 3 8192 2.000000000 2
784 204 3 8192 2.000000000 2
784 364 3 8192 2.000000000 2
784 492 3 8192 2.000000000 2
784 656 3 8192 2.000000000 2
784 740 3 8192 2.000000000 2
784 1084 3 8192 2.000000000 2
784 1136 3 8192 2.000000000 2
784 1180 3 8192 2.000000000 2
788 204 3 8192 2.000000000 2
788 364 3 8192 2.000000000 2
788 492 3 8192 2.000000000 2
788 656 3 8192 2.000000000 2
788 740 3 8192 2.000000000 2
788 1084 3 8192 2.000000000 2
788 1136 3 8192 2.000000000 2
788 1180 3 8192 2.000000000 2
792 204 3 8192 2.000000000 2
792 364 3 8192 2.000000000 2
792 492 3 8192 2.000000000 2
792 656 3 8192 2.000000000 2
792 740 3 8192 2.000000000 2
792 1084 3 8192 2.000000000 2
792 1136 3 8192 2.000000000 2
792 1180 3 8192 2.000000000 2
804 204 3 8192 2.000000000 2
804 364 3 8192 2.000000000 2
804 492 3 8192 2.000000000 2
804 656 3 8192 2.000000000 2
804 740 3 8192 2.000000000 2
804 1084 3 8192 2.000000000 2
804 1136 3 8192 2.000000000 2
804 1180 3 8192 2.000000000 2
808 204 3 8192 2.000000000 2
808 364 3 8192 2.000000000 2
808 492 3 8192 2.000000000 2
808 656 3 8192 2.000000000 2
808 740 3 8192 2.000000000 2
808 1084 3 8192 2.000000000 2
808 1136 3 8192 2.000000000 2
808 1180 3 8192 2.000000000 2
812 204 3 8192 2.000000000 2
812 364 3 8192 2.000000000 2
812 492 3 8192 2.000000000 2
812 656 3 8192 2.000000000 2
812 740 3 8192 2.000000000 2
812 1084 3 8192 2.000000000 2
812 1136 3 8192 2.000000000 2
812 1180 3 8192 2.000000000 2
816 204 3 8192 2.000000000 2
816 364 3 8192 2.000000000 2
816 492 3 8192 2.000000000 2
816 656 3 8192 2.000000000 2
816 740 3 8192 2.000000000 2
816 1084 3 8192 2.000000000 2
816 1136 3 8192 2.000000000 2
816 1180 3 8192 2.000000000 2
820 204 3 8192 2.000000000 2
820 364 3 8192 2.000000000 2
820 492 3 8192 2.000000000 2
820 656 3 8192 2.000000000 2
820 740 3 8192 2.000000000 2
820 1084 3 8192 2.000000000 2
820 1136 3 8192 2.000000000 2
820 1180 3 8192 2.000000000 2
824 204 3 8192 2.000000000 2
824 364 3 8192 2.000000000 2
824 492 3 8192 2.000000000 2
824 656 3 8192 2.000000000 2
824 740 3 8192 2.000000000 2
824 1084 3 8192 2.000000000 2
824 1136 3 8192 2.000000000 2
824 1180 3 8192 2.000000000 2
832 204 3 8192 2.000000000 2
832 364 3 8192 2.000000000 2
832 492 3 8192 2.000000000 2
832 656 3 8192 2.000000000 2
832 740 3 8192 2.000000000 2
832 1084 3 8192 2.000000000 2
832 1136 3 8192 2.000000000 2
832 1180 3 8192 2.000000000 2
836 204 3 8192 2.000000000 2
836 364 3 8192 2.000000000 2
836 492 3 8192 2.000000000 2
836 656 3 8192 2.000000000 2
836 740 3 8192 2.000000000 2
836 1084 3 8192 2.000000000 2
836 1136 3 8192 2.000000000 2
836 1180 3 8192 2.000000000 2
840 204 3 8192 2.000000000 2
840 364 3 8192 2.000000000 2
840 492 3 8192 2.000000000 2
840 656 3 8192 2.000000000 2
840 740 3 8192 2.000000000 2
840 1084 3 8192 2.000000000 2
840 1136 3 8192 2.000000000 2
840 1180 3 8192 2.000000000 2
844 204 3 8192 2.000000000 2
844 364 3 8192 2.000000000 2
844 492 3 8192 2.000000000 2
844 656 3 8192 2.000000000 2
844 740 3 8192 2.000000000 2
844 1084 3 8192 2.000000000 2
844 1136 3 8192 2.000000000 2
844 1180 3 8192 2.000000000 2
848 204 3 8192 2.000000000 2
848 364 3 8192 2.000000000 2
848 492 3 8192 2.000000000 2
848 656 3 8192 2.000000000 2
848 740 3 8192 2.000000000 2
848 1084 3 8192 2.000000000 2
848 1136 3 8192 2.000000000 2
848 1180 3 8192 2.000000000 2
852 204 3 8192 2.000000000 2
852 364 3 8192 2.000000000 2
852 492 3 8192 2.000000000 2
852 656 3 8192 2.000000000 2
852 740 3 8192 2.000000000 2
852 1084 3 8192 2.000000000 2
852 1136 3 8192 2.000000000 2
852 1180 3 8192 2.000000000 2
856 204 3 8192 2.000000000 2
856 364 3 8192 2.000000000 2
856 492 3 8192 2.000000000 2
856 656 3 8192 2.000000000 2
856 740 3 8192 2.000000000 2
856 1084 3 8192 2.000000000 2
856 1136 3 8192 2.000000000 2
856 1180 3 8192 2.000000000 2
860 204 3 8192 2.000000000 2
860 364 3 8192 2.000000000 2
860 492 3 8192 2.000000000 2
860 656 3 8192 2.000000000 2
860 740 3 8192 2.000000000 2
860 1084 3 8192 2.000000000 2
860 1136 3 8192 2.000000000 2
860 1180 3 8192 2.000000000 2
864 204 3 8192 2.000000000 2
864 364 3 8192 2.000000000 2
864 492 3 8192 2.000000000 2
864 656 3 8192 2.000000000 2
864 740 3 8192 2.000000000 2
864 1084 3 8192 2.000000000 2
864 1136 3 8192 2.000000000 2
864 1180 3 8192 2.000000000 2
868 204 3 8192 2.000000000 2
868 364 3 8192 2.000000000 2
868 492 3 8192 2.000000000 2
868 656 3 8192 2.000000000 2
868 740 3 8192 2.000000000 2
868 1084 3 8192 2.000000000 2
868 1136 3 8192 2.000000000 2
868 1180 3 8192 2.000000000 2
872 204 3 8192 2.000000000 2
872 364 3 8192 2.000000000 2
872 492 3 8192 2.000000000 2
872 656 3 8192 2.000000000 2
872 740 3 8192 2.000000000 2
872 1084 3 8192 2.000000000 2
872 1136 3 8192 2.000000000 2
872 1180 3 8192 2.000000000 2
876 204 3 8192 2.000000000 2
876 364 3 8192 2.000000000 2
876 492 3 8192 2.000000000 2
876 656 3 8192 2.000000000 2
876 740 3 8192 2.000000000 2
876 1084 3 8192 2.000000000 2
876 1136 3 8192 2.000000000 2
876 1180 3 8192 2.000000000 2
880 204 3 8192 2.000000000 2
880 364 3 8192 2.000000000 2
880 492 3 8192 2.000000000 2
880 656 3 8192 2.000000000 2
880 740 3 8192 2.000000000 2
880 1084 3 8192 2.000000000 2
880 1136 3 8192 2.000000000 2
880 1180 3 8192 2.000000000 2
884 204 3 8192 2.000000000 2
884 364 3 8192 2.000000000 2
884 492 3 8192 2.000000000 2
884 656 3 8192 2.000000000 2
884 740 3 8192 2.000000000 2
884 1084 3 8192 2.000000000 2
884 1136 3 8192 2.000000000 2
884 1180 3 8192 2.000000000 2
888 204 3 8192 2.000000000 2
888 364 3 8192 2.000000000 2
888 492 3 8192 2.000000000 2
888 656 3 8192 2.000000000 2
888 740 3 8192 2.000000000 2
888 1084 3 8192 2.000000000 2
888 1136 3 8192 2.000000000 2
888 1180 3 8192 2.000000000 2
892 204 3 8192 2.000000000 2
892 364 3 8192 2.000000000 2
892 492 3 8192 2.000000000 2
892 656 3 8192 2.000000000 2
892 740 3 8192 2.000000000 2
892 1084 3 8192 2.000000000 2
892 1136 3 8192 2.000000000 2
892 1180 3 8192 2.000000000 2
896 204 3 8192 2.000000000 2
896 364 3 8192 2.000000000 2
896 492 3 8192 2.000000000 2
896 656 3 8192 2.000000000 2
896 740 3 8192 2.000000000 2
896 1084 3 8192 2.000000000 2
896 1136 3 8192 2.000000000 2
896 1180 3 8192 2.000000000 2
900 204 3 8192 2.000000000 2
900 364 3 8192 2.000000000 2
900 492 3 8192 2.000000000 2
900 656 3 8192 2.000000000 2
900 740 3 8192 2.000000000 2
900 1084 3 8192 2.000000000 2
900 1136 3 8192 2.000000000 2
900 1180 3 8192 2.000000000 2
904 204 3 8192 2.000000000 2
904 364 3 8192 2.000000000 2
904 492 3 8192 2.000000000 2
904 656 3 8192 2.000000000 2
904 740 3 8192 2.000000000 2
904 1084 3 8192 2.000000000 2
904 1136 3 8192 2.000000000 2
904 1180 3 8192 2.000000000 2
916 204 3 8192 2.000000000 2
916 364 3 8192 2.000000000 2
916 492 3 8192 2.000000000 2
916 656 3 8192 2.000000000 2
916 740 3 8192 2.000000000 2
916 1084 3 8192 2.000000000 2
916 1136 3 8192 2.000000000 2
916 1180 3 8192 2.000000000 2
920 204 3 8192 2.000000000 2
920 364 3 8192 2.000000000 2
920 492 3 8192 2.000000000 2
920 656 3 8192 2.000000000 2
920 740 3 8192 2.000000000 2
920 1084 3 8192 2.000000000 2
920 1136 3 8192 2.000000000 2
920 1180 3 8192 2.000000000 2
924 204 3 8192 2.000000000 2
924 364 3 8192 2.000000000 2
924 492 3 8192 2.000000000 2
924 656 3 8192 2.000000000 2
924 740 3 8192 2.000000000 2
924 1084 3 8192 2.000000000 2
924 1136 3 8192 2.000000000 2
924 1180 3 8192 2.000000000 2
928 204 3 8192 2.000000000 2
928 364 3 8192 2.000000000 2
928 492 3 8192 2.000000000 2
928 656 3 8192 2.000000000 2
928 740 3 8192 2.000000000 2
928 1084 3 8192 2.000000000 2
928 1136 3 8192 2.000000000 2
928 1180 3 8192 2.000000000 2
932 204 3 8192 2.000000000 2
932 364 3 8192 2.000000000 2
932 492 3 8192 2.000000000 2
932 656 3 8192 2.000000000 2
932 740 3 8192 2.000000000 2
932 1084 3 8192 2.000000000 2
932 1136 3 8192 2.000000000 2
932 1180 3 8192 2.000000000 2
936 204 3 8192 2.000000000 2
936 364 3 8192 2.000000000 2
936 492 3 8192 2.000000000 2
936 656 3 8192 2.000000000 2
936 740 3 8192 2.000000000 2
936 1084 3 8192 2.000000000 2
936 1136 3 8192 2.000000000 2
936 1180 3 8192 2.000000000 2
940 204 3 8192 2.000000000 2
940 364 3 8192 2.000000000 2
940 492 3 8192 2.000000000 2
940 656 3 8192 2.000000000 2
940 740 3 8192 2.000000000 2
940 1084 3 8192 2.000000000 2
940 1136 3 8192 2.000000000 2
940 1180 3 8192 2.000000000 2
944 204 3 8192 2.000000000 2
944 364 3 8192 2.000000000 2
944 492 3 8192 2.000000000 2
944 656 3 8192 2.000000000 2
944 740 3 8192 2.000000000 2
944 1084 3 8192 2.000000000 2
944 1136 3 8192 2.000000000 2
944 1180 3 8192 2.000000000 2
948 204 3 8192 2.000000000 2
948 364 3 8192 2.000000000 2
948 492 3 8192 2.000000000 2
948 656 3 8192 2.000000000 2
948 740 3 8192 2.000000000 2
948 1084 3 8192 2.000000000 2
948 1136 3 8192 2.000000000 2
948 1180 3 8192 2.000000000 2
952 204 3 8192 2.000000000 2
952 364 3 8192 2.000000000 2
952 492 3 8192 2.000000000 2
952 656 3 8192 2.000000000 2
952 740 3 8192 2.000000000 2
952 1084 3 8192 2.000000000 2
952 1136 3 8192 2.000000000 2
952 1180 3 8192 2.000000000 2
956 204 3 8192 2.000000000 2
956 364 3 8192 2.000000000 2
956 492 3 8192 2.000000000 2
956 656 3 8192 2.000000000 2
956 740 3 8192 2.000000000 2
956 1084 3 8192 2.000000000 2
956 1136 3 8192 2.000000000 2
956 1180 3 8192 2.000000000 2
960 204 3 8192 2.000000000 2
960 364 3 8192 2.000000000 2
960 492 3 8192 2.000000000 2
960 656 3 8192 2.000000000 2
960 740 3 8192 2.000000000 2
960 1084 3 8192 2.000000000 2
960 1136 3 8192 2.000000000 2
960 1180 3 8192 2.000000000 2
964 204 3 8192 2.000000000 2
964 364 3 8192 2.000000000 2
964 492 3 8192 2.000000000 2
964 656 3 8192 2.000000000 2
964 740 3 8192 2.000000000 2
964 1084 3 8192 2.000000000 2
964 1136 3 8192 2.000000000 2
964 1180 3 8192 2.000000000 2
968 204 3 8192 2.000000000 2
968 364 3 8192 2.000000000 2
968 492 3 8192 2.000000000 2
968 656 3 8192 2.000000000 2
968 740 3 8192 2.000000000 2
968 1084 3 8192 2.000000000 2
968 1136 3 8192 2.000000000 2
968 1180 3 8192 2.000000000 2
972 204 3 8192 2.000000000 2
972 364 3 8192 2.000000000 2
972 492 3 8192 2.000000000 2
972 656 3 8192 2.000000000 2
972 740 3 8192 2.000000000 2
972 1084 3 8192 2.000000000 2
972 1136 3 8192 2.000000000 2
972 1180 3 8192 2.000000000 2
976 204 3 8192 2.000000000 2
976 364 3 8192 2.000000000 2
976 492 3 8192 2.000000000 2
976 656 3 8192 2.000000000 2
976 740 3 8192 2.000000000 2
976 1084 3 8192 2.000000000 2
976 1136 3 8192 2.000000000 2
976 1180 3 8192 2.000000000 2
980 204 3 8192 2.000000000 2
980 364 3 8192 2.000000000 2
980 492 3 8192 2.000000000 2
980 656 3 8192 2.000000000 2
980 740 3 8192 2.000000000 2
980 1084 3 8192 2.000000000 2
980 1136 3 8192 2.000000000 2
980 1180 3 8192 2.000000000 2
984 204 3 8192 2.000000000 2
984 364 3 8192 2.000000000 2
984 492 3 8192 2.000000000 2
984 656 3 8192 2.000000000 2
984 740 3 8192 2.000000000 2
984 1084 3 8192 2.000000000 2
984 1136 3 8192 2.000000000 2
984 1180 3 8192 2.000000000 2
988 204 3 8192 2.000000000 2
988 364 3 8192 2.000000000 2
988 492 3 8192 2.000000000 2
988 656 3 8192 2.000000000 2
988 740 3 8192 2.000000000 2
988 1084 3 8192 2.000000000 2
988 1136 3 8192 2.000000000 2
988 1180 3 8192 2.000000000 2
992 204 3 8192 2.000000000 2
992 364 3 8192 2.000000000 2
992 492 3 8192 2.000000000 2
992 656 3 8192 2.000000000 2
992 740 3 8192 2.000000000 2
992 1084 3 8192 2.000000000 2
992 1136 3 8192 2.000000000 2
992 1180 3 8192 2.000000000 2
996 204 3 8192 2.000000000 2
996 364 3 8192 2.000000000 2
996 492 3 8192 2.000000000 2
996 656 3 8192 2.000000000 2
996 740 3 8192 2.000000000 2
996 1084 3 8192 2.000000000 2
996 1136 3 8192 2.000000000 2
996 1180 3 8192 2.000000000 2
1008 204 3 8192 2.000000000 2
1008 364 3 8192 2.000000000 2
1008 492 3 8192 2.000000000 2
1008 656 3 8192 2.000000000 2
1008 740 3 8192 2.000000000 2
1008 1084 3 8192 2.000000000 2
1008 1136 3 8192 2.000000000 2
1008 1180 3 8192 2.000000000 2
1016 204 3 8192 2.000000000 2
1016 364 3 8192 2.000000000 2
1016 492 3 8192 2.000000000 2
1016 656 3 8192 2.000000000 2
1016 740 3 8192 2.000000000 2
1016 1084 3 8192 2.000000000 2
1016 1136 3 8192 2.000000000 2
1016 1180 3 8192 2.000000000 2
1020 204 3 8192 2.000000000 2
1020 364 3 8192 2.000000000 2
1020 492 3 8192 2.000000000 2
1020 656 3 8192 2.000000000 2
1020 740 3 8192 2.000000000 2
1020 1084 3 8192 2.000000000 2
1020 1136 3 8192 2.000000000 2
1020 1180 3 8192 2.000000000 2
1032 204 3 8192 2.000000000 2
1032 364 3 8192 2.000000000 2
1032 492 3 8192 2.000000000 2
1032 656 3 8192 2.000000000 2
1032 740 3 8192 2.000000000 2
1032 1084 3 8192 2.000000000 2
1032 1136 3 8192 2.000000000 2
1032 1180 3 8192 2.000000000 2
1036 204 3 8192 2.000000000 2
1036 364 3 8192 2.000000000 2
1036 492 3 8192 2.000000000 2
1036 656 3 8192 2.000000000 2
1036 740 3 8192 2.000000000 2
1036 1084 3 8192 2.000000000 2
1036 1136 3 8192 2.000000000 2
1036 1180 3 8192 2.000000000 2
1040 204 3 8192 2.000000000 2
1040 364 3 8192 2.000000000 2
1040 492 3 8192 2.000000000 2
1040 656 3 8192 2.000000000 2
1040 740 3 8192 2.000000000 2
1040 1084 3 8192 2.000000000 2
1040 1136 3 8192 2.000000000 2
1040 1180 3 8192 2.000000000 2
1044 204 3 8192 2.000000000 2
1044 364 3 8192 2.000000000 2
1044 492 3 8192 2.000000000 2
1044 656 3 8192 2.000000000 2
1044 740 3 8192 2.000000000 2
1044 1084 3 8192 2.000000000 2
1044 1136 3 8192 2.000000000 2
1044 1180 3 8192 2.000000000 2
1048 204 3 8192 2.000000000 2
1048 364 3 8192 2.000000000 2
1048 492 3 8192 2.000000000 2
1048 656 3 8192 2.000000000 2
1048 740 3 8192 2.000000000 2
1048 1084 3 8192 2.000000000 2
1048 1136 3 8192 2.000000000 2
1048 1180 3 8192 2.000000000 2
1056 204 3 8192 2.000000000 2
1056 364 3 8192 2.000000000 2
1056 492 3 8192 2.000000000 2
1056 656 3 8192 2.000000000 2
1056 740 3 8192 2.000000000 2
1056 1084 3 8192 2.000000000 2
1056 1136 3 8192 2.000000000 2
1056 1180 3 8192 2.000000000 2
1060 204 3 8192 2.000000000 2
1060 364 3 8192 2.000000000 2
1060 492 3 8192 2.000000000 2
1060 656 3 8192 2.000000000 2
1060 740 3 8192 2.000000000 2
1060 1084 3 8192 2.000000000 2
1060 1136 3 8192 2.000000000 2
1060 1180 3 8192 2.000000000 2
1064 204 3 8192 2.000000000 2
1064 364 3 8192 2.000000000 2
1064 492 3 8192 2.000000000 2
1064 656 3 8192 2.000000000 2
1064 740 3 8192 2.000000000 2
1064 1084 3 8192 2.000000000 2
1064 1136 3 8192 2.000000000 2
1064 1180 3 8192 2.000000000 2
1068 204 3 8192 2.000000000 2
1068 364 3 8192 2.000000000 2
1068 492 3 8192 2.000000000 2
1068 656 3 8192 2.000000000 2
1068 740 3 8192 2.000000000 2
1068 1084 3 8192 2.000000000 2
1068 1136 3 8192 2.000000000 2
1068 1180 3 8192 2.000000000 2
1072 204 3 8192 2.000000000 2
1072 364 3 8192 2.000000000 2
1072 492 3 8192 2.000000000 2
1072 656 3 8192 2.000000000 2
1072 740 3 8192 2.000000000 2
1072 1084 3 8192 2.000000000 2
1072 1136 3 8192 2.000000000 2
1072 1180 3 8192 2.000000000 2
1076 204 3 8192 2.000000000 2
1076 364 3 8192 2.000000000 2
1076 492 3 8192 2.000000000 2
1076 656 3 8192 2.000000000 2
1076 740 3 8192 2.000000000 2
1076 1084 3 8192 2.000000000 2
1076 1136 3 8192 2.000000000 2
1076 1180 3 8192 2.000000000 2
1080 204 3 8192 2.000000000 2
1080 364 3 8192 2.000000000 2
1080 492 3 8192 2.000000000 2
1080 656 3 8192 2.000000000 2
1080 740 3 8192 2.000000000 2
1080 1084 3 8192 2.000000000 2
1080 1136 3 8192 2.000000000 2
1080 1180 3 8192 2.000000000 2
1084 204 3 8192 2.000000000 2
1084 364 3 8192 2.000000000 2
1084 492 3 8192 2.000000000 2
1084 656 3 8192 2.000000000 2
1084 740 3 8192 2.000000000 2
1084 1136 3 8192 2.000000000 2
1084 1180 3 8192 2.000000000 2
1088 204 3 8192 2.000000000 2
1088 364 3 8192 2.000000000 2
1088 492 3 8192 2.000000000 2
1088 656 3 8192 2.000000000 2
1088 740 3 8192 2.000000000 2
1088 1084 3 8192 2.000000000 2
1088 1136 3 8192 2.000000000 2
1088 1180 3 8192 2.000000000 2
1096 204 3 8192 2.000000000 2
1096 364 3 8192 2.000000000 2
1096 492 3 8192 2.000000000 2
1096 656 3 8192 2.000000000 2
1096 740 3 8192 2.000000000 2
1096 1084 3 8192 2.000000000 2
1096 1136 3 8192 2.000000000 2
1096 1180 3 8192 2.000000000 2
1104 204 3 8192 2.000000000 2
1104 364 3 8192 2.000000000 2
1104 492 3 8192 2.000000000 2
1104 656 3 8192 2.000000000 2
1104 740 3 8192 2.000000000 2
1104 1084 3 8192 2.000000000 2
1104 1136 3 8192 2.000000000 2
1104 1180 3 8192 2.000000000 2
1108 204 3 8192 2.000000000 2
1108 364 3 8192 2.000000000 2
1108 492 3 8192 2.000000000 2
1108 656 3 8192 2.000000000 2
1108 740 3 8192 2.000000000 2
1108 1084 3 8192 2.000000000 2
1108 1136 3 8192 2.000000000 2
1108 1180 3 8192 2.000000000 2
1112 204 3 8192 2.000000000 2
1112 364 3 8192 2.000000000 2
1112 492 3 8192 2.000000000 2
1112 656 3 8192 2.000000000 2
1112 740 3 8192 2.000000000 2
1112 1084 3 8192 2.000000000 2
1112 1136 3 8192 2.000000000 2
1112 1180 3 8192 2.000000000 2
1116 204 3 8192 2.000000000 2
1116 364 3 8192 2.000000000 2
1116 492 3 8192 2.000000000 2
1116 656 3 8192 2.000000000 2
1116 740 3 8192 2.000000000 2
1116 1084 3 8192 2.000000000 2
1116 1136 3 8192 2.000000000 2
1116 1180 3 8192 2.000000000 2
1120 204 3 8192 2.000000000 2
1120 364 3 8192 2.000000000 2
1120 492 3 8192 2.000000000 2
1120 656 3 8192 2.000000000 2
1120 740 3 8192 2.000000000 2
1120 1084 3 8192 2.000000000 2
1120 1136 3 8192 2.000000000 2
1120 1180 3 8192 2.000000000 2
1124 204 3 8192 2.000000000 2
1124 364 3 8192 2.000000000 2
1124 492 3 8192 2.000000000 2
1124 656 3 8192 2.000000000 2
1124 740 3 8192 2.000000000 2
1124 1084 3 8192 2.000000000 2
1124 1136 3 8192 2.000000000 2
1124 1180 3 8192 2.000000000 2
1128 204 3 8192 2.000000000 2
1128 364 3 8192 2.000000000 2
1128 492 3 8192 2.000000000 2
1128 656 3 8192 2.000000000 2
1128 740 3 8192 2.000000000 2
1128 1084 3 8192 2.000000000 2
1128 1136 3 8192 2.000000000 2
1128 1180 3 8192 2.000000000 2
1136 204 3 8192 2.000000000 2
1136 364 3 8192 2.000000000 2
1136 492 3 8192 2.000000000 2
1136 656 3 8192 2.000000000 2
1136 740 3 8192 2.000000000 2
1136 1084 3 8192 2.000000000 2
1136 1180 3 8192 2.000000000 2
1140 204 3 8192 2.000000000 2
1140 364 3 8192 2.000000000 2
1140 492 3 8192 2.000000000 2
1140 656 3 8192 2.000000000 2
1140 740 3 8192 2.000000000 2
1140 1084 3 8192 2.000000000 2
1140 1136 3 8192 2.000000000 2
1140 1180 3 8192 2.000000000 2
1144 204 3 8192 2.000000000 2
1144 364 3 8192 2.000000000 2
1144 492 3 8192 2.000000000 2
1144 656 3 8192 2.000000000 2
1144 740 3 8192 2.000000000 2
1144 1084 3 8192 2.000000000 2
1144 1136 3 8192 2.000000000 2
1144 1180 3 8192 2.000000000 2
1148 204 3 8192 2.000000000 2
1148 364 3 8192 2.000000000 2
1148 492 3 8192 2.000000000 2
1148 656 3 8192 2.000000000 2
1148 740 3 8192 2.000000000 2
1148 1084 3 8192 2.000000000 2
1148 1136 3 8192 2.000000000 2
1148 1180 3 8192 2.000000000 2
1152 204 3 8192 2.000000000 2
1152 364 3 8192 2.000000000 2
1152 492 3 8192 2.000000000 2
1152 656 3 8192 2.000000000 2
1152 740 3 8192 2.000000000 2
1152 1084 3 8192 2.000000000 2
1152 1136 3 8192 2.000000000 2
1152 1180 3 8192 2.000000000 2
1156 204 3 8192 2.000000000 2
1156 364 3 8192 2.000000000 2
1156 492 3 8192 2.000000000 2
1156 656 3 8192 2.000000000 2
1156 740 3 8192 2.000000000 2
1156 1084 3 8192 2.000000000 2
1156 1136 3 8192 2.000000000 2
1156 1180 3 8192 2.000000000 2
1160 204 3 8192 2.000000000 2
1160 364 3 8192 2.000000000 2
1160 492 3 8192 2.000000000 2
1160 656 3 8192 2.000000000 2
1160 740 3 8192 2.000000000 2
1160 1084 3 8192 2.000000000 2
1160 1136 3 8192 2.000000000 2
1160 1180 3 8192 2.000000000 2
1164 204 3 8192 2.000000000 2
1164 364 3 8192 2.000000000 2
1164 492 3 8192 2.000000000 2
1164 656 3 8192 2.000000000 2
1164 740 3 8192 2.000000000 2
1164 1084 3 8192 2.000000000 2
1164 1136 3 8192 2.000000000 2
1164 1180 3 8192 2.000000000 2
1168 204 3 8192 2.000000000 2
1168 364 3 8192 2.000000000 2
1168 492 3 8192 2.000000000 2
1168 656 3 8192 2.000000000 2
1168 740 3 8192 2.000000000 2
1168 1084 3 8192 2.000000000 2
1168 1136 3 8192 2.000000000 2
1168 1180 3 8192 2.000000000 2
1172 204 3 8192 2.000000000 2
1172 364 3 8192 2.000000000 2
1172 492 3 8192 2.000000000 2
1172 656 3 8192 2.000000000 2
1172 740 3 8192 2.000000000 2
1172 1084 3 8192 2.000000000 2
1172 1136 3 8192 2.000000000 2
1172 1180 3 8192 2.000000000 2
1180 204 3 8192 2.000000000 2
1180 364 3 8192 2.000000000 2
1180 492 3 8192 2.000000000 2
1180 656 3 8192 2.000000000 2
1180 740 3 8192 2.000000000 2
1180 1084 3 8192 2.000000000 2
1180 1136 3 8192 2.000000000 2
1184 204 3 8192 2.000000000 2
1184 364 3 8192 2.000000000 2
1184 492 3 8192 2.000000000 2
1184 656 3 8192 2.000000000 2
1184 740 3 8192 2.000000000 2
1184 1084 3 8192 2.000000000 2
1184 1136 3 8192 2.000000000 2
1184 1180 3 8192 2.000000000 2
1188 204 3 8192 2.000000000 2
1188 364 3 8192 2.000000000 2
1188 492 3 8192 2.000000000 2
1188 656 3 8192 2.000000000 2
1188 740 3 8192 2.000000000 2
1188 1084 3 8192 2.000000000 2
1188 1136 3 8192 2.000000000 2
1188 1180 3 8192 2.000000000 2
1192 204 3 8192 2.000000000 2
1192 364 3 8192 2.000000000 2
1192 492 3 8192 2.000000000 2
1192 656 3 8192 2.000000000 2
1192 740 3 8192 2.000000000 2
1192 1084 3 8192 2.000000000 2
1192 1136 3 8192 2.000000000 2
1192 1180 3 8192 2.000000000 2
1200 204 3 8192 2.000000000 2
1200 364 3 8192 2.000000000 2
1200 492 3 8192 2.000000000 2
1200 656 3 8192 2.000000000 2
1200 740 3 8192 2.000000000 2
1200 1084 3 8192 2.000000000 2
1200 1136 3 8192 2.000000000 2
1200 1180 3 8192 2.000000000 2
1208 204 3 8192 2.000000000 2
1208 364 3 8192 2.000000000 2
1208 492 3 8192 2.000000000 2
1208 656 3 8192 2.000000000 2
1208 740 3 8192 2.000000000 2
1208 1084 3 8192 2.000000000 2
1208 1136 3 8192 2.000000000 2
1208 1180 3 8192 2.000000000 2
1212 204 3 8192 2.000000000 2
1212 364 3 8192 2.000000000 2
1212 492 3 8192 2.000000000 2
1212 656 3 8192 2.000000000 2
1212 740 3 8192 2.000000000 2
1212 1084 3 8192 2.000000000 2
1212 1136 3 8192 2.000000000 2
1212 1180 3 8192 2.000000000 2
1216 204 3 8192 2.000000000 2
1216 364 3 8192 2.000000000 2
1216 492 3 8192 2.000000000 2
1216 656 3 8192 2.000000000 2
1216 740 3 8192 2.000000000 2
1216 1084 3 8192 2.000000000 2
1216 1136 3 8192 2.000000000 2
1216 1180 3 8192 2.000000000 2
1220 204 3 8192 2.000000000 2
1220 364 3 8192 2.000000000 2
1220 492 3 8192 2.000000000 2
1220 656 3 8192 2.000000000 2
1220 740 3 8192 2.000000000 2
1220 1084 3 8192 2.000000000 2
1220 1136 3 8192 2.000000000 2
1220 1180 3 8192 2.000000000 2
1224 204 3 8192 2.000000000 2
1224 364 3 8192 2.000000000 2
1224 492 3 8192 2.000000000 2
1224 656 3 8192 2.000000000 2
1224 740 3 8192 2.000000000 2
1224 1084 3 8192 2.000000000 2
1224 1136 3 8192 2.000000000 2
1224 1180 3 8192 2.000000000 2
1228 204 3 8192 2.000000000 2
1228 364 3 8192 2.000000000 2
1228 492 3 8192 2.000000000 2
1228 656 3 8192 2.000000000 2
1228 740 3 8192 2.000000000 2
1228 1084 3 8192 2.000000000 2
1228 1136 3 8192 2.000000000 2
1228 1180 3 8192 2.000000000 2
1232 204 3 8192 2.000000000 2
1232 364 3 8192 2.000000000 2
1232 492 3 8192 2.000000000 2
1232 656 3 8192 2.000000000 2
1232 740 3 8192 2.000000000 2
1232 1084 3 8192 2.000000000 2
1232 1136 3 8192 2.000000000 2
1232 1180 3 8192 2.000000000 2
1236 204 3 8192 2.000000000 2
1236 364 3 8192 2.000000000 2
1236 492 3 8192 2.000000000 2
1236 656 3 8192 2.000000000 2
1236 740 3 8192 2.000000000 2
1236 1084 3 8192 2.000000000 2
1236 1136 3 8192 2.000000000 2
1236 1180 3 8192 2.000000000 2
1240 204 3 8192 2.000000000 2
1240 364 3 8192 2.000000000 2
1240 492 3 8192 2.000000000 2
1240 656 3 8192 2.000000000 2
1240 740 3 8192 2.000000000 2
1240 1084 3 8192 2.000000000 2
1240 1136 3 8192 2.000000000 2
1240 1180 3 8192 2.000000000 2
1248 204 3 8192 2.000000000 2
1248 364 3 8192 2.000000000 2
1248 492 3 8192 2.000000000 2
1248 656 3 8192 2.000000000 2
1248 740 3 8192 2.000000000 2
1248 1084 3 8192 2.000000000 2
1248 1136 3 8192 2.000000000 2
1248 1180 3 8192 2.000000000 2
1252 204 3 8192 2.000000000 2
1252 364 3 8192 2.000000000 2
1252 492 3 8192 2.000000000 2
1252 656 3 8192 2.000000000 2
1252 740 3 8192 2.000000000 2
1252 1084 3 8192 2.000000000 2
1252 1136 3 8192 2.000000000 2
1252 1180 3 8192 2.000000000 2
1260 204 3 8192 2.000000000 2
1260 364 3 8192 2.000000000 2
1260 492 3 8192 2.000000000 2
1260 656 3 8192 2.000000000 2
1260 740 3 8192 2.000000000 2
1260 1084 3 8192 2.000000000 2
1260 1136 3 8192 2.000000000 2
1260 1180 3 8192 2.000000000 2
1264 204 3 8192 2.000000000 2
1264 364 3 8192 2.000000000 2
1264 492 3 8192 2.000000000 2
1264 656 3 8192 2.000000000 2
1264 740 3 8192 2.000000000 2
1264 1084 3 8192 2.000000000 2
1264 1136 3 8192 2.000000000 2
1264 1180 3 8192 2.000000000 2
1272 204 3 8192 2.000000000 2
1272 364 3 8192 2.000000000 2
1272 492 3 8192 2.000000000 2
1272 656 3 8192 2.000000000 2
1272 740 3 8192 2.000000000 2
1272 1084 3 8192 2.000000000 2
1272 1136 3 8192 2.000000000 2
1272 1180 3 8192 2.000000000 2
1276 204 3 8192 2.000000000 2
1276 364 3 8192 2.000000000 2
1276 492 3 8192 2.000000000 2
1276 656 3 8192 2.000000000 2
1276 740 3 8192 2.000000000 2
1276 1084 3 8192 2.000000000 2
1276 1136 3 8192 2.000000000 2
1276 1180 3 8192 2.000000000 2
1 37 3 8192 2.000000000 2
1 129 3 8192 2.000000000 2
1 245 3 8192 2.000000000 2
1 257 3 8192 2.000000000 2
1 453 3 8192 2.000000000 2
1 633 3 8192 2.000000000 2
1 1049 3 8192 2.000000000 2
1 1237 3 8192 2.000000000 2
9 37 3 8192 2.000000000 2
9 129 3 8192 2.000000000 2
9 245 3 8192 2.000000000 2
9 257 3 8192 2.000000000 2
9 453 3 8192 2.000000000 2
9 633 3 8192 2.000000000 2
9 1049 3 8192 2.000000000 2
9 1237 3 8192 2.000000000 2
13 37 3 8192 2.000000000 2
13 129 3 8192 2.000000000 2
13 245 3 8192 2.000000000 2
13 257 3 8192 2.000000000 2
13 453 3 8192 2.000000000 2
13 633 3 8192 2.000000000 2
13 1049 3 8192 2.000000000 2
13 1237 3 8192 2.000000000 2
17 37 3 8192 2.000000000 2
17 129 3 8192 2.000000000 2
17 245 3 8192 2.000000000 2
17 257 3 8192 2.000000000 2
17 453 3 8192 2.000000000 2
17 633 3 8192 2.000000000 2
17 1049 3 8192 2.000000000 2
17 1237 3 8192 2.000000000 2
25 37 3 8192 2.000000000 2
25 129 3 8192 2.000000000 2
25 245 3 8192 2.000000000 2
25 257 3 8192 2.000000000 2
25 453 3 8192 2.000000000 2
25 633 3 8192 2.000000000 2
25 1049 3 8192 2.000000000 2
25 1237 3 8192 2.000000000 2
29 37 3 8192 2.000000000 2
29 129 3 8192 2.000000000 2
29 245 3 8192 2.000000000 2
29 257 3 8192 2.000000000 2
29 453 3 8192 2.000000000 2
29 633 3 8192 2.000000000 2
29 1049 3 8192 2.000000000 2
29 1237 3 8192 2.000000000 2
33 37 3 8192 2.000000000 2
33 129 3 8192 2.000000000 2
33 245 3 8192 2.000000000 2
33 257 3 8192 2.000000000 2
33 453 3 8192 2.000000000 2
33 633 3 8192 2.000000000 2
33 1049 3 8192 2.000000000 2
33 1237 3 8192 2.000000000 2
37 129 3 8192 2.000000000 2
37 245 3 8192 2.000000000 2
37 257 3 8192 2.000000000 2
37 453 3 8192 2.000000000 2
37 633 3 8192 2.000000000 2
37 1049 3 8192 2.000000000 2
37 1237 3 8192 2.000000000 2
49 37 3 8192 2.000000000 2
49 129 3 8192 2.000000000 2
49 245 3 8192 2.000000000 2
49 257 3 8192 2.000000000 2
49 453 3 8192 2.000000000 2
49 633 3 8192 2.000000000 2
49 1049 3 8192 2.000000000 2
49 1237 3 8192 2.000000000 2
53 37 3 8192 2.000000000 2
53 129 3 8192 2.000000000 2
53 245 3 8192 2.000000000 2
53 257 3 8192 2.000000000 2
53 453 3 8192 2.000000000 2
53 633 3 8192 2.000000000 2
53 1049 3 8192 2.000000000 2
53 1237 3 8192 2.000000000 2
57 37 3 8192 2.000000000 2
57 129 3 8192 2.000000000 2
57 245 3 8192 2.000000000 2
57 257 3 8192 2.000000000 2
57 453 3 8192 2.000000000 2
57 633 3 8192 2.000000000 2
57 1049 3 8192 2.000000000 2
57 1237 3 8192 2.000000000 2
61 37 3 8192 2.000000000 2
61 129 3 8192 2.000000000 2
61 245 3 8192 2.000000000 2
61 257 3 8192 2.000000000 2
61 453 3 8192 2.000000000 2
61 633 3 8192 2.000000000 2
61 1049 3 8192 2.000000000 2
61 1237 3 8192 2.000000000 2
65 37 3 8192 2.000000000 2
65 129 3 8192 2.000000000 2
65 245 3 8192 2.000000000 2
65 257 3 8192 2.000000000 2
65 453 3 8192 2.000000000 2
65 633 3 8192 2.000000000 2
65 1049 3 8192 2.000000000 2
65 1237 3 8192 2.000000000 2
69 37 3 8192 2.000000000 2
69 129 3 8192 2.000000000 2
69 245 3 8192 2.000000000 2
69 257 3 8192 2.000000000 2
69 453 3 8192 2.000000000 2
69 633 3 8192 2.000000000 2
69 1049 3 8192 2.000000000 2
69 1237 3 8192 2.000000000 2
73 37 3 8192 2.000000000 2
73 129 3 8192 2.000000000 2
73 245 3 8192 2.000000000 2
73 257 3 8192 2.000000000 2
73 453 3 8192 2.000000000 2
73 633 3 8192 2.000000000 2
73 1049 3 8192 2.000000000 2
73 1237 3 8192 2.000000000 2
81 37 3 8192 2.000000000 2
81 129 3 8192 2.000000000 2
81 245 3 8192 2.000000000 2
81 257 3 8192 2.000000000 2
81 453 3 8192 2.000000000 2
81 633 3 8192 2.000000000 2
81 1049 3 8192 2.000000000 2
81 1237 3 8192 2.000000000 2
85 37 3 8192 2.000000000 2
85 129 3 8192 2.000000000 2
85 245 3 8192 2.000000000 2
85 257 3 8192 2.000000000 2
85 453 3 8192 2.000000000 2
85 633 3 8192 2.000000000 2
85 1049 3 8192 2.000000000 2
85 1237 3 8192 2.000000000 2
89 37 3 8192 2.000000000 2
89 129 3 8192 2.000000000 2
89 245 3 8192 2.000000000 2
89 257 3 8192 2.000000000 2
89 453 3 8192 2.000000000 2
89 633 3 8192 2.000000000 2
89 1049 3 8192 2.000000000 2
89 1237 3 8192 2.000000000 2
93 37 3 8192 2.000000000 2
93 129 3 8192 2.000000000 2
93 245 3 8192 2.000000000 2
93 257 3 8192 2.000000000 2
93 453 3 8192 2.000000000 2
93 633 3 8192 2.000000000 2
93 1049 3 8192 2.000000000 2
93 1237 3 8192 2.000000000 2
97 37 3 8192 2.000000000 2
97 129 3 8192 2.000000000 2
97 245 3 8192 2.000000000 2
97 257 3 8192 2.000000000 2
97 453 3 8192 2.000000000 2
97 633 3 8192 2.000000000 2
97 1049 3 8192 2.000000000 2
97 1237 3 8192 2.000000000 2
109 37 3 8192 2.000000000 2
109 129 3 8192 2.000000000 2
109 245 3 8192 2.000000000 2
109 257 3 8192 2.000000000 2
109 453 3 8192 2.000000000 2
109 633 3 8192 2.000000000 2
109 1049 3 8192 2.000000000 2
109 1237 3 8192 2.000000000 2
113 37 3 8192 2.000000000 2
113 129 3 8192 2.000000000 2
113 245 3 8192 2.000000000 2
113 257 3 8192 2.000000000 2
113 453 3 8192 2.000000000 2
113 633 3 8192 2.000000000 2
113 1049 3 8192 2.000000000 2
113 1237 3 8192 2.000000000 2
117 37 3 8192 2.000000000 2
117 129 3 8192 2.000000000 2
117 245 3 8192 2.000000000 2
117 257 3 8192 2.000000000 2
117 453 3 8192 2.000000000 2
117 633 3 8192 2.000000000 2
117 1049 3 8192 2.000000000 2
117 1237 3 8192 2.000000000 2
121 37 3 8192 2.000000000 2
121 129 3 8192 2.000000000 2
121 245 3 8192 2.000000000 2
121 257 3 8192 2.000000000 2
121 453 3 8192 2.000000000 2
121 633 3 8192 2.000000000 2
121 1049 3 8192 2.000000000 2
121 1237 3 8192 2.000000000 2
125 37 3 8192 2.000000000 2
125 129 3 8192 2.000000000 2
125 245 3 8192 2.000000000 2
125 257 3 8192 2.000000000 2
125 453 3 8192 2.000000000 2
125 633 3 8192 2.000000000 2
125 1049 3 8192 2.000000000 2
125 1237 3 8192 2.000000000 2
129 37 3 8192 2.000000000 2
129 245 3 8192 2.000000000 2
129 257 3 8192 2.000000000 2
129 453 3 8192 2.000000000 2
129 633 3 8192 2.000000000 2
129 1049 3 8192 2.000000000 2
129 1237 3 8192 2.000000000 2
141 37 3 8192 2.000000000 2
141 129 3 8192 2.000000000 2
141 245 3 8192 2.000000000 2
141 257 3 8192 2.000000000 2
141 453 3 8192 2.000000000 2
141 633 3 8192 2.000000000 2
141 1049 3 8192 2.000000000 2
141 1237 3 8192 2.000000000 2
145 37 3 8192 2.000000000 2
145 129 3 8192 2.000000000 2
145 245 3 8192 2.000000000 2
145 257 3 8192 2.000000000 2
145 453 3 8192 2.000000000 2
145 633 3 8192 2.000000000 2
145 1049 3 8192 2.000000000 2
145 1237 3 8192 2.000000000 2
157 37 3 8192 2.000000000 2
157 129 3 8192 2.000000000 2
157 245 3 8192 2.000000000 2
157 257 3 8192 2.000000000 2
157 453 3 8192 2.000000000 2
157 633 3 8192 2.000000000 2
157 1049 3 8192 2.000000000 2
157 1237 3 8192 2.000000000 2
161 37 3 8192 2.000000000 2
161 129 3 8192 2.000000000 2
161 245 3 8192 2.000000000 2
161 257 3 8192 2.000000000 2
161 453 3 8192 2.000000000 2
161 633 3 8192 2.000000000 2
161 1049 3 8192 2.000000000 2
161 1237 3 8192 2.000000000 2
165 37 3 8192 2.000000000 2
165 129 3 8192 2.000000000 2
165 245 3 8192 2.000000000 2
165 257 3 8192 2.000000000 2
165 453 3 8192 2.000000000 2
165 633 3 8192 2.000000000 2
165 1049 3 8192 2.000000000 2
165 1237 3 8192 2.000000000 2
169 37 3 8192 2.000000000 2
169 129 3 8192 2.000000000 2
169 245 3 8192 2.000000000 2
169 257 3 8192 2.000000000 2
169 453 3 8192 2.000000000 2
169 633 3 8192 2.000000000 2
169 1049 3 8192 2.000000000 2
169 1237 3 8192 2.000000000 2
173 37 3 8192 2.000000000 2
173 129 3 8192 2.000000000 2
173 245 3 8192 2.000000000 2
173 257 3 8192 2.000000000 2
173 453 3 8192 2.000000000 2
173 633 3 8192 2.000000000 2
173 1049 3 8192 2.000000000 2
173 1237 3 8192 2.000000000 2
177 37 3 8192 2.000000000 2
177 129 3 8192 2.000000000 2
177 245 3 8192 2.000000000 2
177 257 3 8192 2.000000000 2
177 453 3 8192 2.000000000 2
177 633 3 8192 2.000000000 2
177 1049 3 8192 2.000000000 2
177 1237 3 8192 2.000000000 2
181 37 3 8192 2.000000000 2
181 129 3 8192 2.000000000 2
181 245 3 8192 2.000000000 2
181 257 3 8192 2.000000000 2
181 453 3 8192 2.000000000 2
181 633 3 8192 2.000000000 2
181 1049 3 8192 2.000000000 2
181 1237 3 8192 2.000000000 2
189 37 3 8192 2.000000000 2
189 129 3 8192 2.000000000 2
189 245 3 8192 2.000000000 2
189 257 3 8192 2.000000000 2
189 453 3 8192 2.000000000 2
189 633 3 8192 2.000000000 2
189 1049 3 8192 2.000000000 2
189 1237 3 8192 2.000000000 2
197 37 3 8192 2.000000000 2
197 129 3 8192 2.000000000 2
197 245 3 8192 2.000000000 2
197 257 3 8192 2.000000000 2
197 453 3 8192 2.000000000 2
197 633 3 8192 2.000000000 2
197 1049 3 8192 2.000000000 2
197 1237 3 8192 2.000000000 2
201 37 3 8192 2.000000000 2
201 129 3 8192 2.000000000 2
201 245 3 8192 2.000000000 2
201 257 3 8192 2.000000000 2
201 453 3 8192 2.000000000 2
201 633 3 8192 2.000000000 2
201 1049 3 8192 2.000000000 2
201 1237 3 8192 2.000000000 2
205 37 3 8192 2.000000000 2
205 129 3 8192 2.000000000 2
205 245 3 8192 2.000000000 2
205 257 3 8192 2.000000000 2
205 453 3 8192 2.000000000 2
205 633 3 8192 2.000000000 2
205 1049 3 8192 2.000000000 2
205 1237 3 8192 2.000000000 2
209 37 3 8192 2.000000000 2
209 129 3 8192 2.000000000 2
209 245 3 8192 2.000000000 2
209 257 3 8192 2.000000000 2
209 453 3 8192 2.000000000 2
209 633 3 8192 2.000000000 2
209 1049 3 8192 2.000000000 2
209 1237 3 8192 2.000000000 2
217 37 3 8192 2.000000000 2
217 129 3 8192 2.000000000 2
217 245 3 8192 2.000000000 2
217 257 3 8192 2.000000000 2
217 453 3 8192 2.000000000 2
217 633 3 8192 2.000000000 2
217 1049 3 8192 2.000000000 2
217 1237 3 8192 2.000000000 2
221 37 3 8192 2.000000000 2
221 129 3 8192 2.000000000 2
221 245 3 8192 2.000000000 2
221 257 3 8192 2.000000000 2
221 453 3 8192 2.000000000 2
221 633 3 8192 2.000000000 2
221 1049 3 8192 2.000000000 2
221 1237 3 8192 2.000000000 2
225 37 3 8192 2.000000000 2
225 129 3 8192 2.000000000 2
225 245 3 8192 2.000000000 2
225 257 3 8192 2.000000000 2
225 453 3 8192 2.000000000 2
225 633 3 8192 2.000000000 2
225 1049 3 8192 2.000000000 2
225 1237 3 8192 2.000000000 2
229 37 3 8192 2.000000000 2
229 129 3 8192 2.000000000 2
229 245 3 8192 2.000000000 2
229 257 3 8192 2.000000000 2
229 453 3 8192 2.000000000 2
229 633 3 8192 2.000000000 2
229 1049 3 8192 2.000000000 2
229 1237 3 8192 2.000000000 2
233 37 3 8192 2.000000000 2
233 129 3 8192 2.000000000 2
233 245 3 8192 2.000000000 2
233 257 3 8192 2.000000000 2
233 453 3 8192 2.000000000 2
233 633 3 8192 2.000000000 2
233 1049 3 8192 2.000000000 2
233 1237 3 8192 2.000000000 2
237 37 3 8192 2.000000000 2
237 129 3 8192 2.000000000 2
237 245 3 8192 2.000000000 2
237 257 3 8192 2.000000000 2
237 453 3 8192 2.000000000 2
237 633 3 8192 2.000000000 2
237 1049 3 8192 2.000000000 2
237 1237 3 8192 2.000000000 2
241 37 3 8192 2.000000000 2
241 129 3 8192 2.000000000 2
241 245 3 8192 2.000000000 2
241 257 3 8192 2.000000000 2
241 453 3 8192 2.000000000 2
241 633 3 8192 2.000000000 2
241 1049 3 8192 2.000000000 2
241 1237 3 8192 2.000000000 2
245 37 3 8192 2.000000000 2
245 129 3 8192 2.000000000 2
245 257 3 8192 2.000000000 2
245 453 3 8192 2.000000000 2
245 633 3 8192 2.000000000 2
245 1049 3 8192 2.000000000 2
245 1237 3 8192 2.000000000 2
249 37 3 8192 2.000000000 2
249 129 3 8192 2.000000000 2
249 245 3 8192 2.000000000 2
249 257 3 8192 2.000000000 2
249 453 3 8192 2.000000000 2
249 633 3 8192 2.000000000 2
249 1049 3 8192 2.000000000 2
249 1237 3 8192 2.000000000 2
253 37 3 8192 2.000000000 2
253 129 3 8192 2.000000000 2
253 245 3 8192 2.000000000 2
253 257 3 8192 2.000000000 2
253 453 3 8192 2.000000000 2
253 633 3 8192 2.000000000 2
253 1049 3 8192 2.000000000 2
253 1237 3 8192 2.000000000 2
257 37 3 8192 2.000000000 2
257 129 3 8192 2.000000000 2
257 245 3 8192 2.000000000 2
257 453 3 8192 2.000000000 2
257 633 3 8192 2.000000000 2
257 1049 3 8192 2.000000000 2
257 1237 3 8192 2.000000000 2
261 37 3 8192 2.000000000 2
261 129 3 8192 2.000000000 2
261 245 3 8192 2.000000000 2
261 257 3 8192 2.000000000 2
261 453 3 8192 2.000000000 2
261 633 3 8192 2.000000000 2
261 1049 3 8192 2.000000000 2
261 1237 3 8192 2.000000000 2
265 37 3 8192 2.000000000 2
265 129 3 8192 2.000000000 2
265 245 3 8192 2.000000000 2
265 257 3 8192 2.000000000 2
265 453 3 8192 2.000000000 2
265 633 3 8192 2.000000000 2
265 1049 3 8192 2.000000000 2
265 1237 3 8192 2.000000000 2
269 37 3 8192 2.000000000 2
269 129 3 8192 2.000000000 2
269 245 3 8192 2.000000000 2
269 257 3 8192 2.000000000 2
269 453 3 8192 2.000000000 2
269 633 3 8192 2.000000000 2
269 1049 3 8192 2.000000000 2
269 1237 3 8192 2.000000000 2
273 37 3 8192 2.000000000 2
273 129 3 8192 2.000000000 2
273 245 3 8192 2.000000000 2
273 257 3 8192 2.000000000 2
273 453 3 8192 2.000000000 2
273 633 3 8192 2.000000000 2
273 1049 3 8192 2.000000000 2
273 1237 3 8192 2.000000000 2
277 37 3 8192 2.000000000 2
277 129 3 8192 2.000000000 2
277 245 3 8192 2.000000000 2
277 257 3 8192 2.000000000 2
277 453 3 8192 2.000000000 2
277 633 3 8192 2.000000000 2
277 1049 3 8192 2.000000000 2
277 1237 3 8192 2.000000000 2
281 37 3 8192 2.000000000 2
281 129 3 8192 2.000000000 2
281 245 3 8192 2.000000000 2
281 257 3 8192 2.000000000 2
281 453 3 8192 2.000000000 2
281 633 3 8192 2.000000000 2
281 1049 3 8192 2.000000000 2
281 1237 3 8192 2.000000000 2
285 37 3 8192 2.000000000 2
285 129 3 8192 2.000000000 2
285 245 3 8192 2.000000000 2
285 257 3 8192 2.000000000 2
285 453 3 8192 2.000000000 2
285 633 3 8192 2.000000000 2
285 1049 3 8192 2.000000000 2
285 1237 3 8192 2.000000000 2
293 37 3 8192 2.000000000 2
293 129 3 8192 2.000000000 2
293 245 3 8192 2.000000000 2
293 257 3 8192 2.000000000 2
293 453 3 8192 2.000000000 2
293 633 3 8192 2.000000000 2
293 1049 3 8192 2.000000000 2
293 1237 3 8192 2.000000000 2
301 37 3 8192 2.000000000 2
301 129 3 8192 2.000000000 2
301 245 3 8192 2.000000000 2
301 257 3 8192 2.000000000 2
301 453 3 8192 2.000000000 2
301 633 3 8192 2.000000000 2
301 1049 3 8192 2.000000000 2
301 1237 3 8192 2.000000000 2
305 37 3 8192 2.000000000 2
305 129 3 8192 2.000000000 2
305 245 3 8192 2.000000000 2
305 257 3 8192 2.000000000 2
305 453 3 8192 2.000000000 2
305 633 3 8192 2.000000000 2
305 1049 3 8192 2.000000000 2
305 1237 3 8192 2.000000000 2
313 37 3 8192 2.000000000 2
313 129 3 8192 2.000000000 2
313 245 3 8192 2.000000000 2
313 257 3 8192 2.000000000 2
313 453 3 8192 2.000000000 2
313 633 3 8192 2.000000000 2
313 1049 3 8192 2.000000000 2
313 1237 3 8192 2.000000000 2
317 37 3 8192 2.000000000 2
317 129 3 8192 2.000000000 2
317 245 3 8192 2.000000000 2
317 257 3 8192 2.000000000 2
317 453 3 8192 2.000000000 2
317 633 3 8192 2.000000000 2
317 1049 3 8192 2.000000000 2
317 1237 3 8192 2.000000000 2
321 37 3 8192 2.000000000 2
321 129 3 8192 2.000000000 2
321 245 3 8192 2.000000000 2
321 257 3 8192 2.000000000 2
321 453 3 8192 2.000000000 2
321 633 3 8192 2.000000000 2
321 1049 3 8192 2.000000000 2
321 1237 3 8192 2.000000000 2
325 37 3 8192 2.000000000 2
325 129 3 8192 2.000000000 2
325 245 3 8192 2.000000000 2
325 257 3 8192 2.000000000 2
325 453 3 8192 2.000000000 2
325 633 3 8192 2.000000000 2
325 1049 3 8192 2.000000000 2
325 1237 3 8192 2.000000000 2
329 37 3 8192 2.000000000 2
329 129 3 8192 2.000000000 2
329 245 3 8192 2.000000000 2
329 257 3 8192 2.000000000 2
329 453 3 8192 2.000000000 2
329 633 3 8192 2.000000000 2
329 1049 3 8192 2.000000000 2
329 1237 3 8192 2.000000000 2
333 37 3 8192 2.000000000 2
333 129 3 8192 2.000000000 2
333 245 3 8192 2.000000000 2
333 257 3 8192 2.000000000 2
333 453 3 8192 2.000000000 2
333 633 3 8192 2.000000000 2
333 1049 3 8192 2.000000000 2
333 1237 3 8192 2.000000000 2
337 37 3 8192 2.000000000 2
337 129 3 8192 2.000000000 2
337 245 3 8192 2.000000000 2
337 257 3 8192 2.000000000 2
337 453 3 8192 2.000000000 2
337 633 3 8192 2.000000000 2
337 1049 3 8192 2.000000000 2
337 1237 3 8192 2.000000000 2
341 37 3 8192 2.000000000 2
341 129 3 8192 2.000000000 2
341 245 3 8192 2.000000000 2
341 257 3 8192 2.000000000 2
341 453 3 8192 2.000000000 2
341 633 3 8192 2.000000000 2
341 1049 3 8192 2.000000000 2
341 1237 3 8192 2.000000000 2
349 37 3 8192 2.000000000 2
349 129 3 8192 2.000000000 2
349 245 3 8192 2.000000000 2
349 257 3 8192 2.000000000 2
349 453 3 8192 2.000000000 2
349 633 3 8192 2.000000000 2
349 1049 3 8192 2.000000000 2
349 1237 3 8192 2.000000000 2
361 37 3 8192 2.000000000 2
361 129 3 8192 2.000000000 2
361 245 3 8192 2.000000000 2
361 257 3 8192 2.000000000 2
361 453 3 8192 2.000000000 2
361 633 3 8192 2.000000000 2
361 1049 3 8192 2.000000000 2
361 1237 3 8192 2.000000000 2
365 37 3 8192 2.000000000 2
365 129 3 8192 2.000000000 2
365 245 3 8192 2.000000000 2
365 257 3 8192 2.000000000 2
365 453 3 8192 2.000000000 2
365 633 3 8192 2.000000000 2
365 1049 3 8192 2.000000000 2
365 1237 3 8192 2.000000000 2
369 37 3 8192 2.000000000 2
369 129 3 8192 2.000000000 2
369 245 3 8192 2.000000000 2
369 257 3 8192 2.000000000 2
369 453 3 8192 2.000000000 2
369 633 3 8192 2.000000000 2
369 1049 3 8192 2.000000000 2
369 1237 3 8192 2.000000000 2
381 37 3 8192 2.000000000 2
381 129 3 8192 2.000000000 2
381 245 3 8192 2.000000000 2
381 257 3 8192 2.000000000 2
381 453 3 8192 2.000000000 2
381 633 3 8192 2.000000000 2
381 1049 3 8192 2.000000000 2
381 1237 3 8192 2.000000000 2
389 37 3 8192 2.000000000 2
389 129 3 8192 2.000000000 2
389 245 3 8192 2.000000000 2
389 257 3 8192 2.000000000 2
389 453 3 8192 2.000000000 2
389 633 3 8192 2.000000000 2
389 1049 3 8192 2.000000000 2
389 1237 3 8192 2.000000000 2
393 37 3 8192 2.000000000 2
393 129 3 8192 2.000000000 2
393 245 3 8192 2.000000000 2
393 257 3 8192 2.000000000 2
393 453 3 8192 2.000000000 2
393 633 3 8192 2.000000000 2
393 1049 3 8192 2.000000000 2
393 1237 3 8192 2.000000000 2
405 37 3 8192 2.000000000 2
405 129 3 8192 2.000000000 2
405 245 3 8192 2.000000000 2
405 257 3 8192 2.000000000 2
405 453 3 8192 2.000000000 2
405 633 3 8192 2.000000000 2
405 1049 3 8192 2.000000000 2
405 1237 3 8192 2.000000000 2
409 37 3 8192 2.000000000 2
409 129 3 8192 2.000000000 2
409 245 3 8192 2.000000000 2
409 257 3 8192 2.000000000 2
409 453 3 8192 2.000000000 2
409 633 3 8192 2.000000000 2
409 1049 3 8192 2.000000000 2
409 1237 3 8192 2.000000000 2
417 37 3 8192 2.000000000 2
417 129 3 8192 2.000000000 2
417 245 3 8192 2.000000000 2
417 257 3 8192 2.000000000 2
417 453 3 8192 2.000000000 2
417 633 3 8192 2.000000000 2
417 1049 3 8192 2.000000000 2
417 1237 3 8192 2.000000000 2
429 37 3 8192 2.000000000 2
429 129 3 8192 2.000000000 2
429 245 3 8192 2.000000000 2
429 257 3 8192 2.000000000 2
429 453 3 8192 2.000000000 2
429 633 3 8192 2.000000000 2
429 1049 3 8192 2.000000000 2
429 1237 3 8192 2.000000000 2
433 37 3 8192 2.000000000 2
433 129 3 8192 2.000000000 2
433 245 3 8192 2.000000000 2
433 257 3 8192 2.000000000 2
433 453 3 8192 2.000000000 2
433 633 3 8192 2.000000000 2
433 1049 3 8192 2.000000000 2
433 1237 3 8192 2.000000000 2
437 37 3 8192 2.000000000 2
437 129 3 8192 2.000000000 2
437 245 3 8192 2.000000000 2
437 257 3 8192 2.000000000 2
437 453 3 8192 2.000000000 2
437 633 3 8192 2.000000000 2
437 1049 3 8192 2.000000000 2
437 1237 3 8192 2.000000000 2
441 37 3 8192 2.000000000 2
441 129 3 8192 2.000000000 2
441 245 3 8192 2.000000000 2
441 257 3 8192 2.000000000 2
441 453 3 8192 2.000000000 2
441 633 3 8192 2.000000000 2
441 1049 3 8192 2.000000000 2
441 1237 3 8192 2.000000000 2
445 37 3 8192 2.000000000 2
445 129 3 8192 2.000000000 2
445 245 3 8192 2.000000000 2
445 257 3 8192 2.000000000 2
445 453 3 8192 2.000000000 2
445 633 3 8192 2.000000000 2
445 1049 3 8192 2.000000000 2
445 1237 3 8192 2.000000000 2
449 37 3 8192 2.000000000 2
449 129 3 8192 2.000000000 2
449 245 3 8192 2.000000000 2
449 257 3 8192 2.000000000 2
449 453 3 8192 2.000000000 2
449 633 3 8192 2.000000000 2
449 1049 3 8192 2.000000000 2
449 1237 3 8192 2.000000000 2
453 37 3 8192 2.000000000 2
453 129 3 8192 2.000000000 2
453 245 3 8192 2.000000000 2
453 257 3 8192 2.000000000 2
453 633 3 8192 2.000000000 2
453 1049 3 8192 2.000000000 2
453 1237 3 8192 2.000000000 2
457 37 3 8192 2.000000000 2
457 129 3 8192 2.000000000 2
457 245 3 8192 2.000000000 2
457 257 3 8192 2.000000000 2
457 453 3 8192 2.000000000 2
457 633 3 8192 2.000000000 2
457 1049 3 8192 2.000000000 2
457 1237 3 8192 2.000000000 2
461 37 3 8192 2.000000000 2
461 129 3 8192 2.000000000 2
461 245 3 8192 2.000000000 2
461 257 3 8192 2.000000000 2
461 453 3 8192 2.000000000 2
461 633 3 8192 2.000000000 2
461 1049 3 8192 2.000000000 2
461 1237 3 8192 2.000000000 2
465 37 3 8192 2.000000000 2
465 129 3 8192 2.000000000 2
465 245 3 8192 2.000000000 2
465 257 3 8192 2.000000000 2
465 453 3 8192 2.000000000 2
465 633 3 8192 2.000000000 2
465 1049 3 8192 2.000000000 2
465 1237 3 8192 2.000000000 2
469 37 3 8192 2.000000000 2
469 129 3 8192 2.000000000 2
469 245 3 8192 2.000000000 2
469 257 3 8192 2.000000000 2
469 453 3 8192 2.000000000 2
469 633 3 8192 2.000000000 2
469 1049 3 8192 2.000000000 2
469 1237 3 8192 2.000000000 2
473 37 3 8192 2.000000000 2
473 129 3 8192 2.000000000 2
473 245 3 8192 2.000000000 2
473 257 3 8192 2.000000000 2
473 453 3 8192 2.000000000 2
473 633 3 8192 2.000000000 2
473 1049 3 8192 2.000000000 2
473 1237 3 8192 2.000000000 2
477 37 3 8192 2.000000000 2
477 129 3 8192 2.000000000 2
477 245 3 8192 2.000000000 2
477 257 3 8192 2.000000000 2
477 453 3 8192 2.000000000 2
477 633 3 8192 2.000000000 2
477 1049 3 8192 2.000000000 2
477 1237 3 8192 2.000000000 2
485 37 3 8192 2.000000000 2
485 129 3 8192 2.000000000 2
485 245 3 8192 2.000000000 2
485 257 3 8192 2.000000000 2
485 453 3 8192 2.000000000 2
485 633 3 8192 2.000000000 2
485 1049 3 8192 2.000000000 2
485 1237 3 8192 2.000000000 2
493 37 3 8192 2.000000000 2
493 129 3 8192 2.000000000 2
493 245 3 8192 2.000000000 2
493 257 3 8192 2.000000000 2
493 453 3 8192 2.000000000 2
493 633 3 8192 2.000000000 2
493 1049 3 8192 2.000000000 2
493 1237 3 8192 2.000000000 2
497 37 3 8192 2.000000000 2
497 129 3 8192 2.000000000 2
497 245 3 8192 2.000000000 2
497 257 3 8192 2.000000000 2
497 453 3 8192 2.000000000 2
497 633 3 8192 2.000000000 2
497 1049 3 8192 2.000000000 2
497 1237 3 8192 2.000000000 2
501 37 3 8192 2.000000000 2
501 129 3 8192 2.000000000 2
501 245 3 8192 2.000000000 2
501 257 3 8192 2.000000000 2
501 453 3 8192 2.000000000 2
501 633 3 8192 2.000000000 2
501 1049 3 8192 2.000000000 2
501 1237 3 8192 2.000000000 2
505 37 3 8192 2.000000000 2
505 129 3 8192 2.000000000 2
505 245 3 8192 2.000000000 2
505 257 3 8192 2.000000000 2
505 453 3 8192 2.000000000 2
505 633 3 8192 2.000000000 2
505 1049 3 8192 2.000000000 2
505 1237 3 8192 2.000000000 2
509 37 3 8192 2.000000000 2
509 129 3 8192 2.000000000 2
509 245 3 8192 2.000000000 2
509 257 3 8192 2.000000000 2
509 453 3 8192 2.000000000 2
509 633 3 8192 2.000000000 2
509 1049 3 8192 2.000000000 2
509 1237 3 8192 2.000000000 2
513 37 3 8192 2.000000000 2
513 129 3 8192 2.000000000 2
513 245 3 8192 2.000000000 2
513 257 3 8192 2.000000000 2
513 453 3 8192 2.000000000 2
513 633 3 8192 2.000000000 2
513 1049 3 8192 2.000000000 2
513 1237 3 8192 2.000000000 2
517 37 3 8192 2.000000000 2
517 129 3 8192 2.000000000 2
517 245 3 8192 2.000000000 2
517 257 3 8192 2.000000000 2
517 453 3 8192 2.000000000 2
517 633 3 8192 2.000000000 2
517 1049 3 8192 2.000000000 2
517 1237 3 8192 2.000000000 2
521 37 3 8192 2.000000000 2
521 129 3 8192 2.000000000 2
521 245 3 8192 2.000000000 2
521 257 3 8192 2.000000000 2
521 453 3 8192 2.000000000 2
521 633 3 8192 2.000000000 2
521 1049 3 8192 2.000000000 2
521 1237 3 8192 2.000000000 2
525 37 3 8192 2.000000000 2
525 129 3 8192 2.000000000 2
525 245 3 8192 2.000000000 2
525 257 3 8192 2.000000000 2
525 453 3 8192 2.000000000 2
525 633 3 8192 2.000000000 2
525 1049 3 8192 2.000000000 2
525 1237 3 8192 2.000000000 2
537 37 3 8192 2.000000000 2
537 129 3 8192 2.000000000 2
537 245 3 8192 2.000000000 2
537 257 3 8192 2.000000000 2
537 453 3 8192 2.000000000 2
537 633 3 8192 2.000000000 2
537 1049 3 8192 2.000000000 2
537 1237 3 8192 2.000000000 2
541 37 3 8192 2.000000000 2
541 129 3 8192 2.000000000 2
541 245 3 8192 2.000000000 2
541 257 3 8192 2.000000000 2
541 453 3 8192 2.000000000 2
541 633 3 8192 2.000000000 2
541 1049 3 8192 2.000000000 2
541 1237 3 8192 2.000000000 2
545 37 3 8192 2.000000000 2
545 129 3 8192 2.000000000 2
545 245 3 8192 2.000000000 2
545 257 3 8192 2.000000000 2
545 453 3 8192 2.000000000 2
545 633 3 8192 2.000000000 2
545 1049 3 8192 2.000000000 2
545 1237 3 8192 2.000000000 2
549 37 3 8192 2.000000000 2
549 129 3 8192 2.000000000 2
549 245 3 8192 2.000000000 2
549 257 3 8192 2.000000000 2
549 453 3 8192 2.000000000 2
549 633 3 8192 2.000000000 2
549 1049 3 8192 2.000000000 2
549 1237 3 8192 2.000000000 2
553 37 3 8192 2.000000000 2
553 129 3 8192 2.000000000 2
553 245 3 8192 2.000000000 2
553 257 3 8192 2.000000000 2
553 453 3 8192 2.000000000 2
553 633 3 8192 2.000000000 2
553 1049 3 8192 2.000000000 2
553 1237 3 8192 2.000000000 2
561 37 3 8192 2.000000000 2
561 129 3 8192 2.000000000 2
561 245 3 8192 2.000000000 2
561 257 3 8192 2.000000000 2
561 453 3 8192 2.000000000 2
561 633 3 8192 2.000000000 2
561 1049 3 8192 2.000000000 2
561 1237 3 8192 2.000000000 2
565 37 3 8192 2.000000000 2
565 129 3 8192 2.000000000 2
565 245 3 8192 2.000000000 2
565 257 3 8192 2.000000000 2
565 453 3 8192 2.000000000 2
565 633 3 8192 2.000000000 2
565 1049 3 8192 2.000000000 2
565 1237 3 8192 2.000000000 2
569 37 3 8192 2.000000000 2
569 129 3 8192 2.000000000 2
569 245 3 8192 2.000000000 2
569 257 3 8192 2.000000000 2
569 453 3 8192 2.000000000 2
569 633 3 8192 2.000000000 2
569 1049 3 8192 2.000000000 2
569 1237 3 8192 2.000000000 2
573 37 3 8192 2.000000000 2
573 129 3 8192 2.000000000 2
573 245 3 8192 2.000000000 2
573 257 3 8192 2.000000000 2
573 453 3 8192 2.000000000 2
573 633 3 8192 2.000000000 2
573 1049 3 8192 2.000000000 2
573 1237 3 8192 2.000000000 2
577 37 3 8192 2.000000000 2
577 129 3 8192 2.000000000 2
577 245 3 8192 2.000000000 2
577 257 3 8192 2.000000000 2
577 453 3 8192 2.000000000 2
577 633 3 8192 2.000000000 2
577 1049 3 8192 2.000000000 2
577 1237 3 8192 2.000000000 2
581 37 3 8192 2.000000000 2
581 129 3 8192 2.000000000 2
581 245 3 8192 2.000000000 2
581 257 3 8192 2.000000000 2
581 453 3 8192 2.000000000 2
581 633 3 8192 2.000000000 2
581 1049 3 8192 2.000000000 2
581 1237 3 8192 2.000000000 2
589 37 3 8192 2.000000000 2
589 129 3 8192 2.000000000 2
589 245 3 8192 2.000000000 2
589 257 3 8192 2.000000000 2
589 453 3 8192 2.000000000 2
589 633 3 8192 2.000000000 2
589 1049 3 8192 2.000000000 2
589 1237 3 8192 2.000000000 2
593 37 3 8192 2.000000000 2
593 129 3 8192 2.000000000 2
593 245 3 8192 2.000000000 2
593 257 3 8192 2.000000000 2
593 453 3 8192 2.000000000 2
593 633 3 8192 2.000000000 2
593 1049 3 8192 2.000000000 2
593 1237 3 8192 2.000000000 2
597 37 3 8192 2.000000000 2
597 129 3 8192 2.000000000 2
597 245 3 8192 2.000000000 2
597 257 3 8192 2.000000000 2
597 453 3 8192 2.000000000 2
597 633 3 8192 2.000000000 2
597 1049 3 8192 2.000000000 2
597 1237 3 8192 2.000000000 2
601 37 3 8192 2.000000000 2
601 129 3 8192 2.000000000 2
601 245 3 8192 2.000000000 2
601 257 3 8192 2.000000000 2
601 453 3 8192 2.000000000 2
601 633 3 8192 2.000000000 2
601 1049 3 8192 2.000000000 2
601 1237 3 8192 2.000000000 2
609 37 3 8192 2.000000000 2
609 129 3 8192 2.000000000 2
609 245 3 8192 2.000000000 2
609 257 3 8192 2.000000000 2
609 453 3 8192 2.000000000 2
609 633 3 8192 2.000000000 2
609 1049 3 8192 2.000000000 2
609 1237 3 8192 2.000000000 2
613 37 3 8192 2.000000000 2
613 129 3 8192 2.000000000 2
613 245 3 8192 2.000000000 2
613 257 3 8192 2.000000000 2
613 453 3 8192 2.000000000 2
613 633 3 8192 2.000000000 2
613 1049 3 8192 2.000000000 2
613 1237 3 8192 2.000000000 2
621 37 3 8192 2.000000000 2
621 129 3 8192 2.000000000 2
621 245 3 8192 2.000000000 2
621 257 3 8192 2.000000000 2
621 453 3 8192 2.000000000 2
621 633 3 8192 2.000000000 2
621 1049 3 8192 2.000000000 2
621 1237 3 8192 2.000000000 2
625 37 3 8192 2.000000000 2
625 129 3 8192 2.000000000 2
625 245 3 8192 2.000000000 2
625 257 3 8192 2.000000000 2
625 453 3 8192 2.000000000 2
625 633 3 8192 2.000000000 2
625 1049 3 8192 2.000000000 2
625 1237 3 8192 2.000000000 2
633 37 3 8192 2.000000000 2
633 129 3 8192 2.000000000 2
633 245 3 8192 2.000000000 2
633 257 3 8192 2.000000000 2
633 453 3 8192 2.000000000 2
633 1049 3 8192 2.000000000 2
633 1237 3 8192 2.000000000 2
637 37 3 8192 2.000000000 2
637 129 3 8192 2.000000000 2
637 245 3 8192 2.000000000 2
637 257 3 8192 2.000000000 2
637 453 3 8192 2.000000000 2
637 633 3 8192 2.000000000 2
637 1049 3 8192 2.000000000 2
637 1237 3 8192 2.000000000 2
641 37 3 8192 2.000000000 2
641 129 3 8192 2.000000000 2
641 245 3 8192 2.000000000 2
641 257 3 8192 2.000000000 2
641 453 3 8192 2.000000000 2
641 633 3 8192 2.000000000 2
641 1049 3 8192 2.000000000 2
641 1237 3 8192 2.000000000 2
645 37 3 8192 2.000000000 2
645 129 3 8192 2.000000000 2
645 245 3 8192 2.000000000 2
645 257 3 8192 2.000000000 2
645 453 3 8192 2.000000000 2
645 633 3 8192 2.000000000 2
645 1049 3 8192 2.000000000 2
645 1237 3 8192 2.000000000 2
649 37 3 8192 2.000000000 2
649 129 3 8192 2.000000000 2
649 245 3 8192 2.000000000 2
649 257 3 8192 2.000000000 2
649 453 3 8192 2.000000000 2
649 633 3 8192 2.000000000 2
649 1049 3 8192 2.000000000 2
649 1237 3 8192 2.000000000 2
653 37 3 8192 2.000000000 2
653 129 3 8192 2.000000000 2
653 245 3 8192 2.000000000 2
653 257 3 8192 2.000000000 2
653 453 3 8192 2.000000000 2
653 633 3 8192 2.000000000 2
653 1049 3 8192 2.000000000 2
653 1237 3 8192 2.000000000 2
657 37 3 8192 2.000000000 2
657 129 3 8192 2.000000000 2
657 245 3 8192 2.000000000 2
657 257 3 8192 2.000000000 2
657 453 3 8192 2.000000000 2
657 633 3 8192 2.000000000 2
657 1049 3 8192 2.000000000 2
657 1237 3 8192 2.000000000 2
661 37 3 8192 2.000000000 2
661 129 3 8192 2.000000000 2
661 245 3 8192 2.000000000 2
661 257 3 8192 2.000000000 2
661 453 3 8192 2.000000000 2
661 633 3 8192 2.000000000 2
661 1049 3 8192 2.000000000 2
661 1237 3 8192 2.000000000 2
669 37 3 8192 2.000000000 2
669 129 3 8192 2.000000000 2
669 245 3 8192 2.000000000 2
669 257 3 8192 2.000000000 2
669 453 3 8192 2.000000000 2
669 633 3 8192 2.000000000 2
669 1049 3 8192 2.000000000 2
669 1237 3 8192 2.000000000 2
673 37 3 8192 2.000000000 2
673 129 3 8192 2.000000000 2
673 245 3 8192 2.000000000 2
673 257 3 8192 2.000000000 2
673 453 3 8192 2.000000000 2
673 633 3 8192 2.000000000 2
673 1049 3 8192 2.000000000 2
673 1237 3 8192 2.000000000 2
677 37 3 8192 2.000000000 2
677 129 3 8192 2.000000000 2
677 245 3 8192 2.000000000 2
677 257 3 8192 2.000000000 2
677 453 3 8192 2.000000000 2
677 633 3 8192 2.000000000 2
677 1049 3 8192 2.000000000 2
677 1237 3 8192 2.000000000 2
689 37 3 8192 2.000000000 2
689 129 3 8192 2.000000000 2
689 245 3 8192 2.000000000 2
689 257 3 8192 2.000000000 2
689 453 3 8192 2.000000000 2
689 633 3 8192 2.000000000 2
689 1049 3 8192 2.000000000 2
689 1237 3 8192 2.000000000 2
693 37 3 8192 2.000000000 2
693 129 3 8192 2.000000000 2
693 245 3 8192 2.000000000 2
693 257 3 8192 2.000000000 2
693 453 3 8192 2.000000000 2
693 633 3 8192 2.000000000 2
693 1049 3 8192 2.000000000 2
693 1237 3 8192 2.000000000 2
697 37 3 8192 2.000000000 2
697 129 3 8192 2.000000000 2
697 245 3 8192 2.000000000 2
697 257 3 8192 2.000000000 2
697 453 3 8192 2.000000000 2
697 633 3 8192 2.000000000 2
697 1049 3 8192 2.000000000 2
697 1237 3 8192 2.000000000 2
701 37 3 8192 2.000000000 2
701 129 3 8192 2.000000000 2
701 245 3 8192 2.000000000 2
701 257 3 8192 2.000000000 2
701 453 3 8192 2.000000000 2
701 633 3 8192 2.000000000 2
701 1049 3 8192 2.000000000 2
701 1237 3 8192 2.000000000 2
705 37 3 8192 2.000000000 2
705 129 3 8192 2.000000000 2
705 245 3 8192 2.000000000 2
705 257 3 8192 2.000000000 2
705 453 3 8192 2.000000000 2
705 633 3 8192 2.000000000 2
705 1049 3 8192 2.000000000 2
705 1237 3 8192 2.000000000 2
713 37 3 8192 2.000000000 2
713 129 3 8192 2.000000000 2
713 245 3 8192 2.000000000 2
713 257 3 8192 2.000000000 2
713 453 3 8192 2.000000000 2
713 633 3 8192 2.000000000 2
713 1049 3 8192 2.000000000 2
713 1237 3 8192 2.000000000 2
717 37 3 8192 2.000000000 2
717 129 3 8192 2.000000000 2
717 245 3 8192 2.000000000 2
717 257 3 8192 2.000000000 2
717 453 3 8192 2.000000000 2
717 633 3 8192 2.000000000 2
717 1049 3 8192 2.000000000 2
717 1237 3 8192 2.000000000 2
725 37 3 8192 2.000000000 2
725 129 3 8192 2.000000000 2
725 245 3 8192 2.000000000 2
725 257 3 8192 2.000000000 2
725 453 3 8192 2.000000000 2
725 633 3 8192 2.000000000 2
725 1049 3 8192 2.000000000 2
725 1237 3 8192 2.000000000 2
733 37 3 8192 2.000000000 2
733 129 3 8192 2.000000000 2
733 245 3 8192 2.000000000 2
733 257 3 8192 2.000000000 2
733 453 3 8192 2.000000000 2
733 633 3 8192 2.000000000 2
733 1049 3 8192 2.000000000 2
733 1237 3 8192 2.000000000 2
737 37 3 8192 2.000000000 2
737 129 3 8192 2.000000000 2
737 245 3 8192 2.000000000 2
737 257 3 8192 2.000000000 2
737 453 3 8192 2.000000000 2
737 633 3 8192 2.000000000 2
737 1049 3 8192 2.000000000 2
737 1237 3 8192 2.000000000 2
741 37 3 8192 2.000000000 2
741 129 3 8192 2.000000000 2
741 245 3 8192 2.000000000 2
741 257 3 8192 2.000000000 2
741 453 3 8192 2.000000000 2
741 633 3 8192 2.000000000 2
741 1049 3 8192 2.000000000 2
741 1237 3 8192 2.000000000 2
745 37 3 8192 2.000000000 2
745 129 3 8192 2.000000000 2
745 245 3 8192 2.000000000 2
745 257 3 8192 2.000000000 2
745 453 3 8192 2.000000000 2
745 633 3 8192 2.000000000 2
745 1049 3 8192 2.000000000 2
745 1237 3 8192 2.000000000 2
749 37 3 8192 2.000000000 2
749 129 3 8192 2.000000000 2
749 245 3 8192 2.000000000 2
749 257 3 8192 2.000000000 2
749 453 3 8192 2.000000000 2
749 633 3 8192 2.000000000 2
749 1049 3 8192 2.000000000 2
749 1237 3 8192 2.000000000 2
753 37 3 8192 2.000000000 2
753 129 3 8192 2.000000000 2
753 245 3 8192 2.000000000 2
753 257 3 8192 2.000000000 2
753 453 3 8192 2.000000000 2
753 633 3 8192 2.000000000 2
753 1049 3 8192 2.000000000 2
753 1237 3 8192 2.000000000 2
757 37 3 8192 2.000000000 2
757 129 3 8192 2.000000000 2
757 245 3 8192 2.000000000 2
757 257 3 8192 2.000000000 2
757 453 3 8192 2.000000000 2
757 633 3 8192 2.000000000 2
757 1049 3 8192 2.000000000 2
757 1237 3 8192 2.000000000 2
761 37 3 8192 2.000000000 2
761 129 3 8192 2.000000000 2
761 245 3 8192 2.000000000 2
761 257 3 8192 2.000000000 2
761 453 3 8192 2.000000000 2
761 633 3 8192 2.000000000 2
761 1049 3 8192 2.000000000 2
761 1237 3 8192 2.000000000 2
765 37 3 8192 2.000000000 2
765 129 3 8192 2.000000000 2
765 245 3 8192 2.000000000 2
765 257 3 8192 2.000000000 2
765 453 3 8192 2.000000000 2
765 633 3 8192 2.000000000 2
765 1049 3 8192 2.000000000 2
765 1237 3 8192 2.000000000 2
773 37 3 8192 2.000000000 2
773 129 3 8192 2.000000000 2
773 245 3 8192 2.000000000 2
773 257 3 8192 2.000000000 2
773 453 3 8192 2.000000000 2
773 633 3 8192 2.000000000 2
773 1049 3 8192 2.000000000 2
773 1237 3 8192 2.000000000 2
777 37 3 8192 2.000000000 2
777 129 3 8192 2.000000000 2
777 245 3 8192 2.000000000 2
777 257 3 8192 2.000000000 2
777 453 3 8192 2.000000000 2
777 633 3 8192 2.000000000 2
777 1049 3 8192 2.000000000 2
777 1237 3 8192 2.000000000 2
781 37 3 8192 2.000000000 2
781 129 3 8192 2.000000000 2
781 245 3 8192 2.000000000 2
781 257 3 8192 2.000000000 2
781 453 3 8192 2.000000000 2
781 633 3 8192 2.000000000 2
781 1049 3 8192 2.000000000 2
781 1237 3 8192 2.000000000 2
785 37 3 8192 2.000000000 2
785 129 3 8192 2.000000000 2
785 245 3 8192 2.000000000 2
785 257 3 8192 2.000000000 2
785 453 3 8192 2.000000000 2
785 633 3 8192 2.000000000 2
785 1049 3 8192 2.000000000 2
785 1237 3 8192 2.000000000 2
789 37 3 8192 2.000000000 2
789 129 3 8192 2.000000000 2
789 245 3 8192 2.000000000 2
789 257 3 8192 2.000000000 2
789 453 3 8192 2.000000000 2
789 633 3 8192 2.000000000 2
789 1049 3 8192 2.000000000 2
789 1237 3 8192 2.000000000 2
793 37 3 8192 2.000000000 2
793 129 3 8192 2.000000000 2
793 245 3 8192 2.000000000 2
793 257 3 8192 2.000000000 2
793 453 3 8192 2.000000000 2
793 633 3 8192 2.000000000 2
793 1049 3 8192 2.000000000 2
793 1237 3 8192 2.000000000 2
805 37 3 8192 2.000000000 2
805 129 3 8192 2.000000000 2
805 245 3 8192 2.000000000 2
805 257 3 8192 2.000000000 2
805 453 3 8192 2.000000000 2
805 633 3 8192 2.000000000 2
805 1049 3 8192 2.000000000 2
805 1237 3 8192 2.000000000 2
809 37 3 8192 2.000000000 2
809 129 3 8192 2.000000000 2
809 245 3 8192 2.000000000 2
809 257 3 8192 2.000000000 2
809 453 3 8192 2.000000000 2
809 633 3 8192 2.000000000 2
809 1049 3 8192 2.000000000 2
809 1237 3 8192 2.000000000 2
813 37 3 8192 2.000000000 2
813 129 3 8192 2.000000000 2
813 245 3 8192 2.000000000 2
813 257 3 8192 2.000000000 2
813 453 3 8192 2.000000000 2
813 633 3 8192 2.000000000 2
813 1049 3 8192 2.000000000 2
813 1237 3 8192 2.000000000 2
817 37 3 8192 2.000000000 2
817 129 3 8192 2.000000000 2
817 245 3 8192 2.000000000 2
817 257 3 8192 2.000000000 2
817 453 3 8192 2.000000000 2
817 633 3 8192 2.000000000 2
817 1049 3 8192 2.000000000 2
817 1237 3 8192 2.000000000 2
821 37 3 8192 2.000000000 2
821 129 3 8192 2.000000000 2
821 245 3 8192 2.000000000 2
821 257 3 8192 2.000000000 2
821 453 3 8192 2.000000000 2
821 633 3 8192 2.000000000 2
821 1049 3 8192 2.000000000 2
821 1237 3 8192 2.000000000 2
825 37 3 8192 2.000000000 2
825 129 3 8192 2.000000000 2
825 245 3 8192 2.000000000 2
825 257 3 8192 2.000000000 2
825 453 3 8192 2.000000000 2
825 633 3 8192 2.000000000 2
825 1049 3 8192 2.000000000 2
825 1237 3 8192 2.000000000 2
833 37 3 8192 2.000000000 2
833 129 3 8192 2.000000000 2
833 245 3 8192 2.000000000 2
833 257 3 8192 2.000000000 2
833 453 3 8192 2.000000000 2
833 633 3 8192 2.000000000 2
833 1049 3 8192 2.000000000 2
833 1237 3 8192 2.000000000 2
837 37 3 8192 2.000000000 2
837 129 3 8192 2.000000000 2
837 245 3 8192 2.000000000 2
837 257 3 8192 2.000000000 2
837 453 3 8192 2.000000000 2
837 633 3 8192 2.000000000 2
837 1049 3 8192 2.000000000 2
837 1237 3 8192 2.000000000 2
841 37 3 8192 2.000000000 2
841 129 3 8192 2.000000000 2
841 245 3 8192 2.000000000 2
841 257 3 8192 2.000000000 2
841 453 3 8192 2.000000000 2
841 633 3 8192 2.000000000 2
841 1049 3 8192 2.000000000 2
841 1237 3 8192 2.000000000 2
845 37 3 8192 2.000000000 2
845 129 3 8192 2.000000000 2
845 245 3 8192 2.000000000 2
845 257 3 8192 2.000000000 2
845 453 3 8192 2.000000000 2
845 633 3 8192 2.000000000 2
845 1049 3 8192 2.000000000 2
845 1237 3 8192 2.000000000 2
849 37 3 8192 2.000000000 2
849 129 3 8192 2.000000000 2
849 245 3 8192 2.000000000 2
849 257 3 8192 2.000000000 2
849 453 3 8192 2.000000000 2
849 633 3 8192 2.000000000 2
849 1049 3 8192 2.000000000 2
849 1237 3 8192 2.000000000 2
853 37 3 8192 2.000000000 2
853 129 3 8192 2.000000000 2
853 245 3 8192 2.000000000 2
853 257 3 8192 2.000000000 2
853 453 3 8192 2.000000000 2
853 633 3 8192 2.000000000 2
853 1049 3 8192 2.000000000 2
853 1237 3 8192 2.000000000 2
857 37 3 8192 2.000000000 2
857 129 3 8192 2.000000000 2
857 245 3 8192 2.000000000 2
857 257 3 8192 2.000000000 2
857 453 3 8192 2.000000000 2
857 633 3 8192 2.000000000 2
857 1049 3 8192 2.000000000 2
857 1237 3 8192 2.000000000 2
861 37 3 8192 2.000000000 2
861 129 3 8192 2.000000000 2
861 245 3 8192 2.000000000 2
861 257 3 8192 2.000000000 2
861 453 3 8192 2.000000000 2
861 633 3 8192 2.000000000 2
861 1049 3 8192 2.000000000 2
861 1237 3 8192 2.000000000 2
865 37 3 8192 2.000000000 2
865 129 3 8192 2.000000000 2
865 245 3 8192 2.000000000 2
865 257 3 8192 2.000000000 2
865 453 3 8192 2.000000000 2
865 633 3 8192 2.000000000 2
865 1049 3 8192 2.000000000 2
865 1237 3 8192 2.000000000 2
869 37 3 8192 2.000000000 2
869 129 3 8192 2.000000000 2
869 245 3 8192 2.000000000 2
869 257 3 8192 2.000000000 2
869 453 3 8192 2.000000000 2
869 633 3 8192 2.000000000 2
869 1049 3 8192 2.000000000 2
869 1237 3 8192 2.000000000 2
873 37 3 8192 2.000000000 2
873 129 3 8192 2.000000000 2
873 245 3 8192 2.000000000 2
873 257 3 8192 2.000000000 2
873 453 3 8192 2.000000000 2
873 633 3 8192 2.000000000 2
873 1049 3 8192 2.000000000 2
873 1237 3 8192 2.000000000 2
877 37 3 8192 2.000000000 2
877 129 3 8192 2.000000000 2
877 245 3 8192 2.000000000 2
877 257 3 8192 2.000000000 2
877 453 3 8192 2.000000000 2
877 633 3 8192 2.000000000 2
877 1049 3 8192 2.000000000 2
877 1237 3 8192 2.000000000 2
881 37 3 8192 2.000000000 2
881 129 3 8192 2.000000000 2
881 245 3 8192 2.000000000 2
881 257 3 8192 2.000000000 2
881 453 3 8192 2.000000000 2
881 633 3 8192 2.000000000 2
881 1049 3 8192 2.000000000 2
881 1237 3 8192 2.000000000 2
885 37 3 8192 2.000000000 2
885 129 3 8192 2.000000000 2
885 245 3 8192 2.000000000 2
885 257 3 8192 2.000000000 2
885 453 3 8192 2.000000000 2
885 633 3 8192 2.000000000 2
885 1049 3 8192 2.000000000 2
885 1237 3 8192 2.000000000 2
889 37 3 8192 2.000000000 2
889 129 3 8192 2.000000000 2
889 245 3 8192 2.000000000 2
889 257 3 8192 2.000000000 2
889 453 3 8192 2.000000000 2
889 633 3 8192 2.000000000 2
889 1049 3 8192 2.000000000 2
889 1237 3 8192 2.000000000 2
893 37 3 8192 2.000000000 2
893 129 3 8192 2.000000000 2
893 245 3 8192 2.000000000 2
893 257 3 8192 2.000000000 2
893 453 3 8192 2.000000000 2
893 633 3 8192 2.000000000 2
893 1049 3 8192 2.000000000 2
893 1237 3 8192 2.000000000 2
897 37 3 8192 2.000000000 2
897 129 3 8192 2.000000000 2
897 245 3 8192 2.000000000 2
897 257 3 8192 2.000000000 2
897 453 3 8192 2.000000000 2
897 633 3 8192 2.000000000 2
897 1049 3 8192 2.000000000 2
897 1237 3 8192 2.000000000 2
901 37 3 8192 2.000000000 2
901 129 3 8192 2.000000000 2
901 245 3 8192 2.000000000 2
901 257 3 8192 2.000000000 2
901 453 3 8192 2.000000000 2
901 633 3 8192 2.000000000 2
901 1049 3 8192 2.000000000 2
901 1237 3 8192 2.000000000 2
905 37 3 8192 2.000000000 2
905 129 3 8192 2.000000000 2
905 245 3 8192 2.000000000 2
905 257 3 8192 2.000000000 2
905 453 3 8192 2.000000000 2
905 633 3 8192 2.000000000 2
905 1049 3 8192 2.000000000 2
905 1237 3 8192 2.000000000 2
917 37 3 8192 2.000000000 2
917 129 3 8192 2.000000000 2
917 245 3 8192 2.000000000 2
917 257 3 8192 2.000000000 2
917 453 3 8192 2.000000000 2
917 633 3 8192 2.000000000 2
917 1049 3 8192 2.000000000 2
917 1237 3 8192 2.000000000 2
921 37 3 8192 2.000000000 2
921 129 3 8192 2.000000000 2
921 245 3 8192 2.000000000 2
921 257 3 8192 2.000000000 2
921 453 3 8192 2.000000000 2
921 633 3 8192 2.000000000 2
921 1049 3 8192 2.000000000 2
921 1237 3 8192 2.000000000 2
925 37 3 8192 2.000000000 2
925 129 3 8192 2.000000000 2
925 245 3 8192 2.000000000 2
925 257 3 8192 2.000000000 2
925 453 3 8192 2.000000000 2
925 633 3 8192 2.000000000 2
925 1049 3 8192 2.000000000 2
925 1237 3 8192 2.000000000 2
929 37 3 8192 2.000000000 2
929 129 3 8192 2.000000000 2
929 245 3 8192 2.000000000 2
929 257 3 8192 2.000000000 2
929 453 3 8192 2.000000000 2
929 633 3 8192 2.000000000 2
929 1049 3 8192 2.000000000 2
929 1237 3 8192 2.000000000 2
933 37 3 8192 2.000000000 2
933 129 3 8192 2.000000000 2
933 245 3 8192 2.000000000 2
933 257 3 8192 2.000000000 2
933 453 3 8192 2.000000000 2
933 633 3 8192 2.000000000 2
933 1049 3 8192 2.000000000 2
933 1237 3 8192 2.000000000 2
937 37 3 8192 2.000000000 2
937 129 3 8192 2.000000000 2
937 245 3 8192 2.000000000 2
937 257 3 8192 2.000000000 2
937 453 3 8192 2.000000000 2
937 633 3 8192 2.000000000 2
937 1049 3 8192 2.000000000 2
937 1237 3 8192 2.000000000 2
941 37 3 8192 2.000000000 2
941 129 3 8192 2.000000000 2
941 245 3 8192 2.000000000 2
941 257 3 8192 2.000000000 2
941 453 3 8192 2.000000000 2
941 633 3 8192 2.000000000 2
941 1049 3 8192 2.000000000 2
941 1237 3 8192 2.000000000 2
945 37 3 8192 2.000000000 2
945 129 3 8192 2.000000000 2
945 245 3 8192 2.000000000 2
945 257 3 8192 2.000000000 2
945 453 3 8192 2.000000000 2
945 633 3 8192 2.000000000 2
945 1049 3 8192 2.000000000 2
945 1237 3 8192 2.000000000 2
949 37 3 8192 2.000000000 2
949 129 3 8192 2.000000000 2
949 245 3 8192 2.000000000 2
949 257 3 8192 2.000000000 2
949 453 3 8192 2.000000000 2
949 633 3 8192 2.000000000 2
949 1049 3 8192 2.000000000 2
949 1237 3 8192 2.000000000 2
953 37 3 8192 2.000000000 2
953 129 3 8192 2.000000000 2
953 245 3 8192 2.000000000 2
953 257 3 8192 2.000000000 2
953 453 3 8192 2.000000000 2
953 633 3 8192 2.000000000 2
953 1049 3 8192 2.000000000 2
953 1237 3 8192 2.000000000 2
957 37 3 8192 2.000000000 2
957 129 3 8192 2.000000000 2
957 245 3 8192 2.000000000 2
957 257 3 8192 2.000000000 2
957 453 3 8192 2.000000000 2
957 633 3 8192 2.000000000 2
957 1049 3 8192 2.000000000 2
957 1237 3 8192 2.000000000 2
961 37 3 8192 2.000000000 2
961 129 3 8192 2.000000000 2
961 245 3 8192 2.000000000 2
961 257 3 8192 2.000000000 2
961 453 3 8192 2.000000000 2
961 633 3 8192 2.000000000 2
961 1049 3 8192 2.000000000 2
961 1237 3 8192 2.000000000 2
965 37 3 8192 2.000000000 2
965 129 3 8192 2.000000000 2
965 245 3 8192 2.000000000 2
965 257 3 8192 2.000000000 2
965 453 3 8192 2.000000000 2
965 633 3 8192 2.000000000 2
965 1049 3 8192 2.000000000 2
965 1237 3 8192 2.000000000 2
969 37 3 8192 2.000000000 2
969 129 3 8192 2.000000000 2
969 245 3 8192 2.000000000 2
969 257 3 8192 2.000000000 2
969 453 3 8192 2.000000000 2
969 633 3 8192 2.000000000 2
969 1049 3 8192 2.000000000 2
969 1237 3 8192 2.000000000 2
973 37 3 8192 2.000000000 2
973 129 3 8192 2.000000000 2
973 245 3 8192 2.000000000 2
973 257 3 8192 2.000000000 2
973 453 3 8192 2.000000000 2
973 633 3 8192 2.000000000 2
973 1049 3 8192 2.000000000 2
973 1237 3 8192 2.000000000 2
977 37 3 8192 2.000000000 2
977 129 3 8192 2.000000000 2
977 245 3 8192 2.000000000 2
977 257 3 8192 2.000000000 2
977 453 3 8192 2.000000000 2
977 633 3 8192 2.000000000 2
977 1049 3 8192 2.000000000 2
977 1237 3 8192 2.000000000 2
981 37 3 8192 2.000000000 2
981 129 3 8192 2.000000000 2
981 245 3 8192 2.000000000 2
981 257 3 8192 2.000000000 2
981 453 3 8192 2.000000000 2
981 633 3 8192 2.000000000 2
981 1049 3 8192 2.000000000 2
981 1237 3 8192 2.000000000 2
985 37 3 8192 2.000000000 2
985 129 3 8192 2.000000000 2
985 245 3 8192 2.000000000 2
985 257 3 8192 2.000000000 2
985 453 3 8192 2.000000000 2
985 633 3 8192 2.000000000 2
985 1049 3 8192 2.000000000 2
985 1237 3 8192 2.000000000 2
989 37 3 8192 2.000000000 2
989 129 3 8192 2.000000000 2
989 245 3 8192 2.000000000 2
989 257 3 8192 2.000000000 2
989 453 3 8192 2.000000000 2
989 633 3 8192 2.000000000 2
989 1049 3 8192 2.000000000 2
989 1237 3 8192 2.000000000 2
993 37 3 8192 2.000000000 2
993 129 3 8192 2.000000000 2
993 245 3 8192 2.000000000 2
993 257 3 8192 2.000000000 2
993 453 3 8192 2.000000000 2
993 633 3 8192 2.000000000 2
993 1049 3 8192 2.000000000 2
993 1237 3 8192 2.000000000 2
997 37 3 8192 2.000000000 2
997 129 3 8192 2.000000000 2
997 245 3 8192 2.000000000 2
997 257 3 8192 2.000000000 2
997 453 3 8192 2.000000000 2
997 633 3 8192 2.000000000 2
997 1049 3 8192 2.000000000 2
997 1237 3 8192 2.000000000 2
1009 37 3 8192 2.000000000 2
1009 129 3 8192 2.000000000 2
1009 245 3 8192 2.000000000 2
1009 257 3 8192 2.000000000 2
1009 453 3 8192 2.000000000 2
1009 633 3 8192 2.000000000 2
1009 1049 3 8192 2.000000000 2
1009 1237 3 8192 2.000000000 2
1017 37 3 8192 2.000000000 2
1017 129 3 8192 2.000000000 2
1017 245 3 8192 2.000000000 2
1017 257 3 8192 2.000000000 2
1017 453 3 8192 2.000000000 2
1017 633 3 8192 2.000000000 2
1017 1049 3 8192 2.000000000 2
1017 1237 3 8192 2.000000000 2
1021 37 3 8192 2.000000000 2
1021 129 3 8192 2.000000000 2
1021 245 3 8192 2.000000000 2
1021 257 3 8192 2.000000000 2
1021 453 3 8192 2.000000000 2
1021 633 3 8192 2.000000000 2
1021 1049 3 8192 2.000000000 2
1021 1237 3 8192 2.000000000 2
1033 37 3 8192 2.000000000 2
1033 129 3 8192 2.000000000 2
1033 245 3 8192 2.000000000 2
1033 257 3 8192 2.000000000 2
1033 453 3 8192 2.000000000 2
1033 633 3 8192 2.000000000 2
1033 1049 3 8192 2.000000000 2
1033 1237 3 8192 2.000000000 2
1037 37 3 8192 2.000000000 2
1037 129 3 8192 2.000000000 2
1037 245 3 8192 2.000000000 2
1037 257 3 8192 2.000000000 2
1037 453 3 8192 2.000000000 2
1037 633 3 8192 2.000000000 2
1037 1049 3 8192 2.000000000 2
1037 1237 3 8192 2.000000000 2
1041 37 3 8192 2.000000000 2
1041 129 3 8192 2.000000000 2
1041 245 3 8192 2.000000000 2
1041 257 3 8192 2.000000000 2
1041 453 3 8192 2.000000000 2
1041 633 3 8192 2.000000000 2
1041 1049 3 8192 2.000000000 2
1041 1237 3 8192 2.000000000 2
1045 37 3 8192 2.000000000 2
1045 129 3 8192 2.000000000 2
1045 245 3 8192 2.000000000 2
1045 257 3 8192 2.000000000 2
1045 453 3 8192 2.000000000 2
1045 633 3 8192 2.000000000 2
1045 1049 3 8192 2.000000000 2
1045 1237 3 8192 2.000000000 2
1049 37 3 8192 2.000000000 2
1049 129 3 8192 2.000000000 2
1049 245 3 8192 2.000000000 2
1049 257 3 8192 2.000000000 2
1049 453 3 8192 2.000000000 2
1049 633 3 8192 2.000000000 2
1049 1237 3 8192 2.000000000 2
1057 37 3 8192 2.000000000 2
1057 129 3 8192 2.000000000 2
1057 245 3 8192 2.000000000 2
1057 257 3 8192 2.000000000 2
1057 453 3 8192 2.000000000 2
1057 633 3 8192 2.000000000 2
1057 1049 3 8192 2.000000000 2
1057 1237 3 8192 2.000000000 2
1061 37 3 8192 2.000000000 2
1061 129 3 8192 2.000000000 2
1061 245 3 8192 2.000000000 2
1061 257 3 8192 2.000000000 2
1061 453 3 8192 2.000000000 2
1061 633 3 8192 2.000000000 2
1061 1049 3 8192 2.000000000 2
1061 1237 3 8192 2.000000000 2
1065 37 3 8192 2.000000000 2
1065 129 3 8192 2.000000000 2
1065 245 3 8192 2.000000000 2
1065 257 3 8192 2.000000000 2
1065 453 3 8192 2.000000000 2
1065 633 3 8192 2.000000000 2
1065 1049 3 8192 2.000000000 2
1065 1237 3 8192 2.000000000 2
1069 37 3 8192 2.000000000 2
1069 129 3 8192 2.000000000 2
1069 245 3 8192 2.000000000 2
1069 257 3 8192 2.000000000 2
1069 453 3 8192 2.000000000 2
1069 633 3 8192 2.000000000 2
1069 1049 3 8192 2.000000000 2
1069 1237 3 8192 2.000000000 2
1073 37 3 8192 2.000000000 2
1073 129 3 8192 2.000000000 2
1073 245 3 8192 2.000000000 2
1073 257 3 8192 2.000000000 2
1073 453 3 8192 2.000000000 2
1073 633 3 8192 2.000000000 2
1073 1049 3 8192 2.000000000 2
1073 1237 3 8192 2.000000000 2
1077 37 3 8192 2.000000000 2
1077 129 3 8192 2.000000000 2
1077 245 3 8192 2.000000000 2
1077 257 3 8192 2.000000000 2
1077 453 3 8192 2.000000000 2
1077 633 3 8192 2.000000000 2
1077 1049 3 8192 2.000000000 2
1077 1237 3 8192 2.000000000 2
1081 37 3 8192 2.000000000 2
1081 129 3 8192 2.000000000 2
1081 245 3 8192 2.000000000 2
1081 257 3 8192 2.000000000 2
1081 453 3 8192 2.000000000 2
1081 633 3 8192 2.000000000 2
1081 1049 3 8192 2.000000000 2
1081 1237 3 8192 2.000000000 2
1085 37 3 8192 2.000000000 2
1085 129 3 8192 2.000000000 2
1085 245 3 8192 2.000000000 2
1085 257 3 8192 2.000000000 2
1085 453 3 8192 2.000000000 2
1085 633 3 8192 2.000000000 2
1085 1049 3 8192 2.000000000 2
1085 1237 3 8192 2.000000000 2
1089 37 3 8192 2.000000000 2
1089 129 3 8192 2.000000000 2
1089 245 3 8192 2.000000000 2
1089 257 3 8192 2.000000000 2
1089 453 3 8192 2.000000000 2
1089 633 3 8192 2.000000000 2
1089 1049 3 8192 2.000000000 2
1089 1237 3 8192 2.000000000 2
1097 37 3 8192 2.000000000 2
1097 129 3 8192 2.000000000 2
1097 245 3 8192 2.000000000 2
1097 257 3 8192 2.000000000 2
1097 453 3 8192 2.000000000 2
1097 633 3 8192 2.000000000 2
1097 1049 3 8192 2.000000000 2
1097 1237 3 8192 2.000000000 2
1105 37 3 8192 2.000000000 2
1105 129 3 8192 2.000000000 2
1105 245 3 8192 2.000000000 2
1105 257 3 8192 2.000000000 2
1105 453 3 8192 2.000000000 2
1105 633 3 8192 2.000000000 2
1105 1049 3 8192 2.000000000 2
1105 1237 3 8192 2.000000000 2
1109 37 3 8192 2.000000000 2
1109 129 3 8192 2.000000000 2
1109 245 3 8192 2.000000000 2
1109 257 3 8192 2.000000000 2
1109 453 3 8192 2.000000000 2
1109 633 3 8192 2.000000000 2
1109 1049 3 8192 2.000000000 2
1109 1237 3 8192 2.000000000 2
1113 37 3 8192 2.000000000 2
1113 129 3 8192 2.000000000 2
1113 245 3 8192 2.000000000 2
1113 257 3 8192 2.000000000 2
1113 453 3 8192 2.000000000 2
1113 633 3 8192 2.000000000 2
1113 1049 3 8192 2.000000000 2
1113 1237 3 8192 2.000000000 2
1117 37 3 8192 2.000000000 2
1117 129 3 8192 2.000000000 2
1117 245 3 8192 2.000000000 2
1117 257 3 8192 2.000000000 2
1117 453 3 8192 2.000000000 2
1117 633 3 8192 2.000000000 2
1117 1049 3 8192 2.000000000 2
1117 1237 3 8192 2.000000000 2
1121 37 3 8192 2.000000000 2
1121 129 3 8192 2.000000000 2
1121 245 3 8192 2.000000000 2
1121 257 3 8192 2.000000000 2
1121 453 3 8192 2.000000000 2
1121 633 3 8192 2.000000000 2
1121 1049 3 8192 2.000000000 2
1121 1237 3 8192 2.000000000 2
1125 37 3 8192 2.000000000 2
1125 129 3 8192 2.000000000 2
1125 245 3 8192 2.000000000 2
1125 257 3 8192 2.000000000 2
1125 453 3 8192 2.000000000 2
1125 633 3 8192 2.000000000 2
1125 1049 3 8192 2.000000000 2
1125 1237 3 8192 2.000000000 2
1129 37 3 8192 2.000000000 2
1129 129 3 8192 2.000000000 2
1129 245 3 8192 2.000000000 2
1129 257 3 8192 2.000000000 2
1129 453 3 8192 2.000000000 2
1129 633 3 8192 2.000000000 2
1129 1049 3 8192 2.000000000 2
1129 1237 3 8192 2.000000000 2
1137 37 3 8192 2.000000000 2
1137 129 3 8192 2.000000000 2
1137 245 3 8192 2.000000000 2
1137 257 3 8192 2.000000000 2
1137 453 3 8192 2.000000000 2
1137 633 3 8192 2.000000000 2
1137 1049 3 8192 2.000000000 2
1137 1237 3 8192 2.000000000 2
1141 37 3 8192 2.000000000 2
1141 129 3 8192 2.000000000 2
1141 245 3 8192 2.000000000 2
1141 257 3 8192 2.000000000 2
1141 453 3 8192 2.000000000 2
1141 633 3 8192 2.000000000 2
1141 1049 3 8192 2.000000000 2
1141 1237 3 8192 2.000000000 2
1145 37 3 8192 2.000000000 2
1145 129 3 8192 2.000000000 2
1145 245 3 8192 2.000000000 2
1145 257 3 8192 2.000000000 2
1145 453 3 8192 2.000000000 2
1145 633 3 8192 2.000000000 2
1145 1049 3 8192 2.000000000 2
1145 1237 3 8192 2.000000000 2
1149 37 3 8192 2.000000000 2
1149 129 3 8192 2.000000000 2
1149 245 3 8192 2.000000000 2
1149 257 3 8192 2.000000000 2
1149 453 3 8192 2.000000000 2
1149 633 3 8192 2.000000000 2
1149 1049 3 8192 2.000000000 2
1149 1237 3 8192 2.000000000 2
1153 37 3 8192 2.000000000 2
1153 129 3 8192 2.000000000 2
1153 245 3 8192 2.000000000 2
1153 257 3 8192 2.000000000 2
1153 453 3 8192 2.000000000 2
1153 633 3 8192 2.000000000 2
1153 1049 3 8192 2.000000000 2
1153 1237 3 8192 2.000000000 2
1157 37 3 8192 2.000000000 2
1157 129 3 8192 2.000000000 2
1157 245 3 8192 2.000000000 2
1157 257 3 8192 2.000000000 2
1157 453 3 8192 2.000000000 2
1157 633 3 8192 2.000000000 2
1157 1049 3 8192 2.000000000 2
1157 1237 3 8192 2.000000000 2
1161 37 3 8192 2.000000000 2
1161 129 3 8192 2.000000000 2
1161 245 3 8192 2.000000000 2
1161 257 3 8192 2.000000000 2
1161 453 3 8192 2.000000000 2
1161 633 3 8192 2.000000000 2
1161 1049 3 8192 2.000000000 2
1161 1237 3 8192 2.000000000 2
1165 37 3 8192 2.000000000 2
1165 129 3 8192 2.000000000 2
1165 245 3 8192 2.000000000 2
1165 257 3 8192 2.000000000 2
1165 453 3 8192 2.000000000 2
1165 633 3 8192 2.000000000 2
1165 1049 3 8192 2.000000000 2
1165 1237 3 8192 2.000000000 2
1169 37 3 8192 2.000000000 2
1169 129 3 8192 2.000000000 2
1169 245 3 8192 2.000000000 2
1169 257 3 8192 2.000000000 2
1169 453 3 8192 2.000000000 2
1169 633 3 8192 2.000000000 2
1169 1049 3 8192 2.000000000 2
1169 1237 3 8192 2.000000000 2
1173 37 3 8192 2.000000000 2
1173 129 3 8192 2.000000000 2
1173 245 3 8192 2.000000000 2
1173 257 3 8192 2.000000000 2
1173 453 3 8192 2.000000000 2
1173 633 3 8192 2.000000000 2
1173 1049 3 8192 2.000000000 2
1173 1237 3 8192 2.000000000 2
1181 37 3 8192 2.000000000 2
1181 129 3 8192 2.000000000 2
1181 245 3 8192 2.000000000 2
1181 257 3 8192 2.000000000 2
1181 453 3 8192 2.000000000 2
1181 633 3 8192 2.000000000 2
1181 1049 3 8192 2.000000000 2
1181 1237 3 8192 2.000000000 2
1185 37 3 8192 2.000000000 2
1185 129 3 8192 2.000000000 2
1185 245 3 8192 2.000000000 2
1185 257 3 8192 2.000000000 2
1185 453 3 8192 2.000000000 2
1185 633 3 8192 2.000000000 2
1185 1049 3 8192 2.000000000 2
1185 1237 3 8192 2.000000000 2
1189 37 3 8192 2.000000000 2
1189 129 3 8192 2.000000000 2
1189 245 3 8192 2.000000000 2
1189 257 3 8192 2.000000000 2
1189 453 3 8192 2.000000000 2
1189 633 3 8192 2.000000000 2
1189 1049 3 8192 2.000000000 2
1189 1237 3 8192 2.000000000 2
1193 37 3 8192 2.000000000 2
1193 129 3 8192 2.000000000 2
1193 245 3 8192 2.000000000 2
1193 257 3 8192 2.000000000 2
1193 453 3 8192 2.000000000 2
1193 633 3 8192 2.000000000 2
1193 1049 3 8192 2.000000000 2
1193 1237 3 8192 2.000000000 2
1201 37 3 8192 2.000000000 2
1201 129 3 8192 2.000000000 2
1201 245 3 8192 2.000000000 2
1201 257 3 8192 2.000000000 2
1201 453 3 8192 2.000000000 2
1201 633 3 8192 2.000000000 2
1201 1049 3 8192 2.000000000 2
1201 1237 3 8192 2.000000000 2
1209 37 3 8192 2.000000000 2
1209 129 3 8192 2.000000000 2
1209 245 3 8192 2.000000000 2
1209 257 3 8192 2.000000000 2
1209 453 3 8192 2.000000000 2
1209 633 3 8192 2.000000000 2
1209 1049 3 8192 2.000000000 2
1209 1237 3 8192 2.000000000 2
1213 37 3 8192 2.000000000 2
1213 129 3 8192 2.000000000 2
1213 245 3 8192 2.000000000 2
1213 257 3 8192 2.000000000 2
1213 453 3 8192 2.000000000 2
1213 633 3 8192 2.000000000 2
1213 1049 3 8192 2.000000000 2
1213 1237 3 8192 2.000000000 2
1217 37 3 8192 2.000000000 2
1217 129 3 8192 2.000000000 2
1217 245 3 8192 2.000000000 2
1217 257 3 8192 2.000000000 2
1217 453 3 8192 2.000000000 2
1217 633 3 8192 2.000000000 2
1217 1049 3 8192 2.000000000 2
1217 1237 3 8192 2.000000000 2
1221 37 3 8192 2.000000000 2
1221 129 3 8192 2.000000000 2
1221 245 3 8192 2.000000000 2
1221 257 3 8192 2.000000000 2
1221 453 3 8192 2.000000000 2
1221 633 3 8192 2.000000000 2
1221 1049 3 8192 2.000000000 2
1221 1237 3 8192 2.000000000 2
1225 37 3 8192 2.000000000 2
1225 129 3 8192 2.000000000 2
1225 245 3 8192 2.000000000 2
1225 257 3 8192 2.000000000 2
1225 453 3 8192 2.000000000 2
1225 633 3 8192 2.000000000 2
1225 1049 3 8192 2.000000000 2
1225 1237 3 8192 2.000000000 2
1229 37 3 8192 2.000000000 2
1229 129 3 8192 2.000000000 2
1229 245 3 8192 2.000000000 2
1229 257 3 8192 2.000000000 2
1229 453 3 8192 2.000000000 2
1229 633 3 8192 2.000000000 2
1229 1049 3 8192 2.000000000 2
1229 1237 3 8192 2.000000000 2
1233 37 3 8192 2.000000000 2
1233 129 3 8192 2.000000000 2
1233 245 3 8192 2.000000000 2
1233 257 3 8192 2.000000000 2
1233 453 3 8192 2.000000000 2
1233 633 3 8192 2.000000000 2
1233 1049 3 8192 2.000000000 2
1233 1237 3 8192 2.000000000 2
1237 37 3 8192 2.000000000 2
1237 129 3 8192 2.000000000 2
1237 245 3 8192 2.000000000 2
1237 257 3 8192 2.000000000 2
1237 453 3 8192 2.000000000 2
1237 633 3 8192 2.000000000 2
1237 1049 3 8192 2.000000000 2
1241 37 3 8192 2.000000000 2
1241 129 3 8192 2.000000000 2
1241 245 3 8192 2.000000000 2
1241 257 3 8192 2.000000000 2
1241 453 3 8192 2.000000000 2
1241 633 3 8192 2.000000000 2
1241 1049 3 8192 2.000000000 2
1241 1237 3 8192 2.000000000 2
1249 37 3 8192 2.000000000 2
1249 129 3 8192 2.000000000 2
1249 245 3 8192 2.000000000 2
1249 257 3 8192 2.000000000 2
1249 453 3 8192 2.000000000 2
1249 633 3 8192 2.000000000 2
1249 1049 3 8192 2.000000000 2
1249 1237 3 8192 2.000000000 2
1253 37 3 8192 2.000000000 2
1253 129 3 8192 2.000000000 2
1253 245 3 8192 2.000000000 2
1253 257 3 8192 2.000000000 2
1253 453 3 8192 2.000000000 2
1253 633 3 8192 2.000000000 2
1253 1049 3 8192 2.000000000 2
1253 1237 3 8192 2.000000000 2
1261 37 3 8192 2.000000000 2
1261 129 3 8192 2.000000000 2
1261 245 3 8192 2.000000000 2
1261 257 3 8192 2.000000000 2
1261 453 3 8192 2.000000000 2
1261 633 3 8192 2.000000000 2
1261 1049 3 8192 2.000000000 2
1261 1237 3 8192 2.000000000 2
1265 37 3 8192 2.000000000 2
1265 129 3 8192 2.000000000 2
1265 245 3 8192 2.000000000 2
1265 257 3 8192 2.000000000 2
1265 453 3 8192 2.000000000 2
1265 633 3 8192 2.000000000 2
1265 1049 3 8192 2.000000000 2
1265 1237 3 8192 2.000000000 2
1273 37 3 8192 2.000000000 2
1273 129 3 8192 2.000000000 2
1273 245 3 8192 2.000000000 2
1273 257 3 8192 2.000000000 2
1273 453 3 8192 2.000000000 2
1273 633 3 8192 2.000000000 2
1273 1049 3 8192 2.000000000 2
1273 1237 3 8192 2.000000000 2
1277 37 3 8192 2.000000000 2
1277 129 3 8192 2.000000000 2
1277 245 3 8192 2.000000000 2
1277 257 3 8192 2.000000000 2
1277 453 3 8192 2.000000000 2
1277 633 3 8192 2.000000000 2
1277 1049 3 8192 2.000000000 2
1277 1237 3 8192 2.000000000 2
2 10 3 8192 2.000000000 2
2 166 3 8192 2.000000000 2
2 450 3 8192 2.000000000 2
2 570 3 8192 2.000000000 2
2 974 3 8192 2.000000000 2
2 994 3 8192 2.000000000 2
2 1038 3 8192 2.000000000 2
2 1230 3 8192 2.000000000 2
10 166 3 8192 2.000000000 2
10 450 3 8192 2.000000000 2
10 570 3 8192 2.000000000 2
10 974 3 8192 2.000000000 2
10 994 3 8192 2.000000000 2
10 1038 3 8192 2.000000000 2
10 1230 3 8192 2.000000000 2
14 10 3 8192 2.000000000 2
14 166 3 8192 2.000000000 2
14 450 3 8192 2.000000000 2
14 570 3 8192 2.000000000 2
14 974 3 8192 2.000000000 2
14 994 3 8192 2.000000000 2
14 1038 3 8192 2.000000000 2
14 1230 3 8192 2.000000000 2
18 10 3 8192 2.000000000 2
18 166 3 8192 2.000000000 2
18 450 3 8192 2.000000000 2
18 570 3 8192 2.000000000 2
18 974 3 8192 2.000000000 2
18 994 3 8192 2.000000000 2
18 1038 3 8192 2.000000000 2
18 1230 3 8192 2.000000000 2
26 10 3 8192 2.000000000 2
26 166 3 8192 2.000000000 2
26 450 3 8192 2.000000000 2
26 570 3 8192 2.000000000 2
26 974 3 8192 2.000000000 2
26 994 3 8192 2.000000000 2
26 1038 3 8192 2.000000000 2
26 1230 3 8192 2.000000000 2
30 10 3 8192 2.000000000 2
30 166 3 8192 2.000000000 2
30 450 3 8192 2.000000000 2
30 570 3 8192 2.000000000 2
30 974 3 8192 2.000000000 2
30 994 3 8192 2.000000000 2
30 1038 3 8192 2.000000000 2
30 1230 3 8192 2.000000000 2
34 10 3 8192 2.000000000 2
34 166 3 8192 2.000000000 2
34 450 3 8192 2.000000000 2
34 570 3 8192 2.000000000 2
34 974 3 8192 2.000000000 2
34 994 3 8192 2.000000000 2
34 1038 3 8192 2.000000000 2
34 1230 3 8192 2.000000000 2
38 10 3 8192 2.000000000 2
38 166 3 8192 2.000000000 2
38 450 3 8192 2.000000000 2
38 570 3 8192 2.000000000 2
38 974 3 8192 2.000000000 2
38 994 3 8192 2.000000000 2
38 1038 3 8192 2.000000000 2
38 1230 3 8192 2.000000000 2
50 10 3 8192 2.000000000 2
50 166 3 8192 2.000000000 2
50 450 3 8192 2.000000000 2
50 570 3 8192 2.000000000 2
50 974 3 8192 2.000000000 2
50 994 3 8192 2.000000000 2
50 1038 3 8192 2.000000000 2
50 1230 3 8192 2.000000000 2
54 10 3 8192 2.000000000 2
54 166 3 8192 2.000000000 2
54 450 3 8192 2.000000000 2
54 570 3 8192 2.000000000 2
54 974 3 8192 2.000000000 2
54 994 3 8192 2.000000000 2
54 1038 3 8192 2.000000000 2
54 1230 3 8192 2.000000000 2
58 10 3 8192 2.000000000 2
58 166 3 8192 2.000000000 2
58 450 3 8192 2.000000000 2
58 570 3 8192 2.000000000 2
58 974 3 8192 2.000000000 2
58 994 3 8192 2.000000000 2
58 1038 3 8192 2.000000000 2
58 1230 3 8192 2.000000000 2
62 10 3 8192 2.000000000 2
62 166 3 8192 2.000000000 2
62 450 3 8192 2.000000000 2
62 570 3 8192 2.000000000 2
62 974 3 8192 2.000000000 2
62 994 3 8192 2.000000000 2
62 1038 3 8192 2.000000000 2
62 1230 3 8192 2.000000000 2
66 10 3 8192 2.000000000 2
66 166 3 8192 2.000000000 2
66 450 3 8192 2.000000000 2
66 570 3 8192 2.000000000 2
66 974 3 8192 2.000000000 2
66 994 3 8192 2.000000000 2
66 1038 3 8192 2.000000000 2
66 1230 3 8192 2.000000000 2
70 10 3 8192 2.000000000 2
70 166 3 8192 2.000000000 2
70 450 3 8192 2.000000000 2
70 570 3 8192 2.000000000 2
70 974 3 8192 2.000000000 2
70 994 3 8192 2.000000000 2
70 1038 3 8192 2.000000000 2
70 1230 3 8192 2.000000000 2
74 10 3 8192 2.000000000 2
74 166 3 8192 2.000000000 2
74 450 3 8192 2.000000000 2
74 570 3 8192 2.000000000 2
74 974 3 8192 2.000000000 2
74 994 3 8192 2.000000000 2
74 1038 3 8192 2.000000000 2
74 1230 3 8192 2.000000000 2
82 10 3 8192 2.000000000 2
82 166 3 8192 2.000000000 2
82 450 3 8192 2.000000000 2
82 570 3 8192 2.000000000 2
82 974 3 8192 2.000000000 2
82 994 3 8192 2.000000000 2
82 1038 3 8192 2.000000000 2
82 1230 3 8192 2.000000000 2
86 10 3 8192 2.000000000 2
86 166 3 8192 2.000000000 2
86 450 3 8192 2.000000000 2
86 570 3 8192 2.000000000 2
86 974 3 8192 2.000000000 2
86 994 3 8192 2.000000000 2
86 1038 3 8192 2.000000000 2
86 1230 3 8192 2.000000000 2
90 10 3 8192 2.000000000 2
90 166 3 8192 2.000000000 2
90 450 3 8192 2.000000000 2
90 570 3 8192 2.000000000 2
90 974 3 8192 2.000000000 2
90 994 3 8192 2.000000000 2
90 1038 3 8192 2.000000000 2
90 1230 3 8192 2.000000000 2
94 10 3 8192 2.000000000 2
94 166 3 8192 2.000000000 2
94 450 3 8192 2.000000000 2
94 570 3 8192 2.000000000 2
94 974 3 8192 2.000000000 2
94 994 3 8192 2.000000000 2
94 1038 3 8192 2.000000000 2
94 1230 3 8192 2.000000000 2
98 10 3 8192 2.000000000 2
98 166 3 8192 2.000000000 2
98 450 3 8192 2.000000000 2
98 570 3 8192 2.000000000 2
98 974 3 8192 2.000000000 2
98 994 3 8192 2.000000000 2
98 1038 3 8192 2.000000000 2
98 1230 3 8192 2.000000000 2
110 10 3 8192 2.000000000 2
110 166 3 8192 2.000000000 2
110 450 3 8192 2.000000000 2
110 570 3 8192 2.000000000 2
110 974 3 8192 2.000000000 2
110 994 3 8192 2.000000000 2
110 1038 3 8192 2.000000000 2
110 1230 3 8192 2.000000000 2
114 10 3 8192 2.000000000 2
114 166 3 8192 2.000000000 2
114 450 3 8192 2.000000000 2
114 570 3 8192 2.000000000 2
114 974 3 8192 2.000000000 2
114 994 3 8192 2.000000000 2
114 1038 3 8192 2.000000000 2
114 1230 3 8192 2.000000000 2
118 10 3 8192 2.000000000 2
118 166 3 8192 2.000000000 2
118 450 3 8192 2.000000000 2
118 570 3 8192 2.000000000 2
118 974 3 8192 2.000000000 2
118 994 3 8192 2.000000000 2
118 1038 3 8192 2.000000000 2
118 1230 3 8192 2.000000000 2
122 10 3 8192 2.000000000 2
122 166 3 8192 2.000000000 2
122 450 3 8192 2.000000000 2
122 570 3 8192 2.000000000 2
122 974 3 8192 2.000000000 2
122 994 3 8192 2.000000000 2
122 1038 3 8192 2.000000000 2
122 1230 3 8192 2.000000000 2
126 10 3 8192 2.000000000 2
126 166 3 8192 2.000000000 2
126 450 3 8192 2.000000000 2
126 570 3 8192 2.000000000 2
126 974 3 8192 2.000000000 2
126 994 3 8192 2.000000000 2
126 1038 3 8192 2.000000000 2
126 1230 3 8192 2.000000000 2
130 10 3 8192 2.000000000 2
130 166 3 8192 2.000000000 2
130 450 3 8192 2.000000000 2
130 570 3 8192 2.000000000 2
130 974 3 8192 2.000000000 2
130 994 3 8192 2.000000000 2
130 1038 3 8192 2.000000000 2
130 1230 3 8192 2.000000000 2
142 10 3 8192 2.000000000 2
142 166 3 8192 2.000000000 2
142 450 3 8192 2.000000000 2
142 570 3 8192 2.000000000 2
142 974 3 8192 2.000000000 2
142 994 3 8192 2.000000000 2
142 1038 3 8192 2.000000000 2
142 1230 3 8192 2.000000000 2
146 10 3 8192 2.000000000 2
146 166 3 8192 2.000000000 2
146 450 3 8192 2.000000000 2
146 570 3 8192 2.000000000 2
146 974 3 8192 2.000000000 2
146 994 3 8192 2.000000000 2
146 1038 3 8192 2.000000000 2
146 1230 3 8192 2.000000000 2
158 10 3 8192 2.000000000 2
158 166 3 8192 2.000000000 2
158 450 3 8192 2.000000000 2
158 570 3 8192 2.000000000 2
158 974 3 8192 2.000000000 2
158 994 3 8192 2.000000000 2
158 1038 3 8192 2.000000000 2
158 1230 3 8192 2.000000000 2
162 10 3 8192 2.000000000 2
162 166 3 8192 2.000000000 2
162 450 3 8192 2.000000000 2
162 570 3 8192 2.000000000 2
162 974 3 8192 2.000000000 2
162 994 3 8192 2.000000000 2
162 1038 3 8192 2.000000000 2
162 1230 3 8192 2.000000000 2
166 10 3 8192 2.000000000 2
166 450 3 8192 2.000000000 2
166 570 3 8192 2.000000000 2
166 974 3 8192 2.000000000 2
166 994 3 8192 2.000000000 2
166 1038 3 8192 2.000000000 2
166 1230 3 8192 2.000000000 2
170 10 3 8192 2.000000000 2
170 166 3 8192 2.000000000 2
170 450 3 8192 2.000000000 2
170 570 3 8192 2.000000000 2
170 974 3 8192 2.000000000 2
170 994 3 8192 2.000000000 2
170 1038 3 8192 2.000000000 2
170 1230 3 8192 2.000000000 2
174 10 3 8192 2.000000000 2
174 166 3 8192 2.000000000 2
174 450 3 8192 2.000000000 2
174 570 3 8192 2.000000000 2
174 974 3 8192 2.000000000 2
174 994 3 8192 2.000000000 2
174 1038 3 8192 2.000000000 2
174 1230 3 8192 2.000000000 2
178 10 3 8192 2.000000000 2
178 166 3 8192 2.000000000 2
178 450 3 8192 2.000000000 2
178 570 3 8192 2.000000000 2
178 974 3 8192 2.000000000 2
178 994 3 8192 2.000000000 2
178 1038 3 8192 2.000000000 2
178 1230 3 8192 2.000000000 2
182 10 3 8192 2.000000000 2
182 166 3 8192 2.000000000 2
182 450 3 8192 2.000000000 2
182 570 3 8192 2.000000000 2
182 974 3 8192 2.000000000 2
182 994 3 8192 2.000000000 2
182 1038 3 8192 2.000000000 2
182 1230 3 8192 2.000000000 2
190 10 3 8192 2.000000000 2
190 166 3 8192 2.000000000 2
190 450 3 8192 2.000000000 2
190 570 3 8192 2.000000000 2
190 974 3 8192 2.000000000 2
190 994 3 8192 2.000000000 2
190 1038 3 8192 2.000000000 2
190 1230 3 8192 2.000000000 2
198 10 3 8192 2.000000000 2
198 166 3 8192 2.000000000 2
198 450 3 8192 2.000000000 2
198 570 3 8192 2.000000000 2
198 974 3 8192 2.000000000 2
198 994 3 8192 2.000000000 2
198 1038 3 8192 2.000000000 2
198 1230 3 8192 2.000000000 2
202 10 3 8192 2.000000000 2
202 166 3 8192 2.000000000 2
202 450 3 8192 2.000000000 2
202 570 3 8192 2.000000000 2
202 974 3 8192 2.000000000 2
202 994 3 8192 2.000000000 2
202 1038 3 8192 2.000000000 2
202 1230 3 8192 2.000000000 2
206 10 3 8192 2.000000000 2
206 166 3 8192 2.000000000 2
206 450 3 8192 2.000000000 2
206 570 3 8192 2.000000000 2
206 974 3 8192 2.000000000 2
206 994 3 8192 2.000000000 2
206 1038 3 8192 2.000000000 2
206 1230 3 8192 2.000000000 2
210 10 3 8192 2.000000000 2
210 166 3 8192 2.000000000 2
210 450 3 8192 2.000000000 2
210 570 3 8192 2.000000000 2
210 974 3 8192 2.000000000 2
210 994 3 8192 2.000000000 2
210 1038 3 8192 2.000000000 2
210 1230 3 8192 2.000000000 2
218 10 3 8192 2.000000000 2
218 166 3 8192 2.000000000 2
218 450 3 8192 2.000000000 2
218 570 3 8192 2.000000000 2
218 974 3 8192 2.000000000 2
218 994 3 8192 2.000000000 2
218 1038 3 8192 2.000000000 2
218 1230 3 8192 2.000000000 2
222 10 3 8192 2.000000000 2
222 166 3 8192 2.000000000 2
222 450 3 8192 2.000000000 2
222 570 3 8192 2.000000000 2
222 974 3 8192 2.000000000 2
222 994 3 8192 2.000000000 2
222 1038 3 8192 2.000000000 2
222 1230 3 8192 2.000000000 2
226 10 3 8192 2.000000000 2
226 166 3 8192 2.000000000 2
226 450 3 8192 2.000000000 2
226 570 3 8192 2.000000000 2
226 974 3 8192 2.000000000 2
226 994 3 8192 2.000000000 2
226 1038 3 8192 2.000000000 2
226 1230 3 8192 2.000000000 2
230 10 3 8192 2.000000000 2
230 166 3 8192 2.000000000 2
230 450 3 8192 2.000000000 2
230 570 3 8192 2.000000000 2
230 974 3 8192 2.000000000 2
230 994 3 8192 2.000000000 2
230 1038 3 8192 2.000000000 2
230 1230 3 8192 2.000000000 2
234 10 3 8192 2.000000000 2
234 166 3 8192 2.000000000 2
234 450 3 8192 2.000000000 2
234 570 3 8192 2.000000000 2
234 974 3 8192 2.000000000 2
234 994 3 8192 2.000000000 2
234 1038 3 8192 2.000000000 2
234 1230 3 8192 2.000000000 2
238 10 3 8192 2.000000000 2
238 166 3 8192 2.000000000 2
238 450 3 8192 2.000000000 2
238 570 3 8192 2.000000000 2
238 974 3 8192 2.000000000 2
238 994 3 8192 2.000000000 2
238 1038 3 8192 2.000000000 2
238 1230 3 8192 2.000000000 2
242 10 3 8192 2.000000000 2
242 166 3 8192 2.000000000 2
242 450 3 8192 2.000000000 2
242 570 3 8192 2.000000000 2
242 974 3 8192 2.000000000 2
242 994 3 8192 2.000000000 2
242 1038 3 8192 2.000000000 2
242 1230 3 8192 2.000000000 2
246 10 3 8192 2.000000000 2
246 166 3 8192 2.000000000 2
246 450 3 8192 2.000000000 2
246 570 3 8192 2.000000000 2
246 974 3 8192 2.000000000 2
246 994 3 8192 2.000000000 2
246 1038 3 8192 2.000000000 2
246 1230 3 8192 2.000000000 2
250 10 3 8192 2.000000000 2
250 166 3 8192 2.000000000 2
250 450 3 8192 2.000000000 2
250 570 3 8192 2.000000000 2
250 974 3 8192 2.000000000 2
250 994 3 8192 2.000000000 2
250 1038 3 8192 2.000000000 2
250 1230 3 8192 2.000000000 2
254 10 3 8192 2.000000000 2
254 166 3 8192 2.000000000 2
254 450 3 8192 2.000000000 2
254 570 3 8192 2.000000000 2
254 974 3 8192 2.000000000 2
254 994 3 8192 2.000000000 2
254 1038 3 8192 2.000000000 2
254 1230 3 8192 2.000000000 2
258 10 3 8192 2.000000000 2
258 166 3 8192 2.000000000 2
258 450 3 8192 2.000000000 2
258 570 3 8192 2.000000000 2
258 974 3 8192 2.000000000 2
258 994 3 8192 2.000000000 2
258 1038 3 8192 2.000000000 2
258 1230 3 8192 2.000000000 2
262 10 3 8192 2.000000000 2
262 166 3 8192 2.000000000 2
262 450 3 8192 2.000000000 2
262 570 3 8192 2.000000000 2
262 974 3 8192 2.000000000 2
262 994 3 8192 2.000000000 2
262 1038 3 8192 2.000000000 2
262 1230 3 8192 2.000000000 2
266 10 3 8192 2.000000000 2
266 166 3 8192 2.000000000 2
266 450 3 8192 2.000000000 2
266 570 3 8192 2.000000000 2
266 974 3 8192 2.000000000 2
266 994 3 8192 2.000000000 2
266 1038 3 8192 2.000000000 2
266 1230 3 8192 2.000000000 2
270 10 3 8192 2.000000000 2
270 166 3 8192 2.000000000 2
270 450 3 8192 2.000000000 2
270 570 3 8192 2.000000000 2
270 974 3 8192 2.000000000 2
270 994 3 8192 2.000000000 2
270 1038 3 8192 2.000000000 2
270 1230 3 8192 2.000000000 2
274 10 3 8192 2.000000000 2
274 166 3 8192 2.000000000 2
274 450 3 8192 2.000000000 2
274 570 3 8192 2.000000000 2
274 974 3 8192 2.000000000 2
274 994 3 8192 2.000000000 2
274 1038 3 8192 2.000000000 2
274 1230 3 8192 2.000000000 2
278 10 3 8192 2.000000000 2
278 166 3 8192 2.000000000 2
278 450 3 8192 2.000000000 2
278 570 3 8192 2.000000000 2
278 974 3 8192 2.000000000 2
278 994 3 8192 2.000000000 2
278 1038 3 8192 2.000000000 2
278 1230 3 8192 2.000000000 2
282 10 3 8192 2.000000000 2
282 166 3 8192 2.000000000 2
282 450 3 8192 2.000000000 2
282 570 3 8192 2.000000000 2
282 974 3 8192 2.000000000 2
282 994 3 8192 2.000000000 2
282 1038 3 8192 2.000000000 2
282 1230 3 8192 2.000000000 2
286 10 3 8192 2.000000000 2
286 166 3 8192 2.000000000 2
286 450 3 8192 2.000000000 2
286 570 3 8192 2.000000000 2
286 974 3 8192 2.000000000 2
286 994 3 8192 2.000000000 2
286 1038 3 8192 2.000000000 2
286 1230 3 8192 2.000000000 2
294 10 3 8192 2.000000000 2
294 166 3 8192 2.000000000 2
294 450 3 8192 2.000000000 2
294 570 3 8192 2.000000000 2
294 974 3 8192 2.000000000 2
294 994 3 8192 2.000000000 2
294 1038 3 8192 2.000000000 2
294 1230 3 8192 2.000000000 2
302 10 3 8192 2.000000000 2
302 166 3 8192 2.000000000 2
302 450 3 8192 2.000000000 2
302 570 3 8192 2.000000000 2
302 974 3 8192 2.000000000 2
302 994 3 8192 2.000000000 2
302 1038 3 8192 2.000000000 2
302 1230 3 8192 2.000000000 2
306 10 3 8192 2.000000000 2
306 166 3 8192 2.000000000 2
306 450 3 8192 2.000000000 2
306 570 3 8192 2.000000000 2
306 974 3 8192 2.000000000 2
306 994 3 8192 2.000000000 2
306 1038 3 8192 2.000000000 2
306 1230 3 8192 2.000000000 2
314 10 3 8192 2.000000000 2
314 166 3 8192 2.000000000 2
314 450 3 8192 2.000000000 2
314 570 3 8192 2.000000000 2
314 974 3 8192 2.000000000 2
314 994 3 8192 2.000000000 2
314 1038 3 8192 2.000000000 2
314 1230 3 8192 2.000000000 2
318 10 3 8192 2.000000000 2
318 166 3 8192 2.000000000 2
318 450 3 8192 2.000000000 2
318 570 3 8192 2.000000000 2
318 974 3 8192 2.000000000 2
318 994 3 8192 2.000000000 2
318 1038 3 8192 2.000000000 2
318 1230 3 8192 2.000000000 2
322 10 3 8192 2.000000000 2
322 166 3 8192 2.000000000 2
322 450 3 8192 2.000000000 2
322 570 3 8192 2.000000000 2
322 974 3 8192 2.000000000 2
322 994 3 8192 2.000000000 2
322 1038 3 8192 2.000000000 2
322 1230 3 8192 2.000000000 2
326 10 3 8192 2.000000000 2
326 166 3 8192 2.000000000 2
326 450 3 8192 2.000000000 2
326 570 3 8192 2.000000000 2
326 974 3 8192 2.000000000 2
326 994 3 8192 2.000000000 2
326 1038 3 8192 2.000000000 2
326 1230 3 8192 2.000000000 2
330 10 3 8192 2.000000000 2
330 166 3 8192 2.000000000 2
330 450 3 8192 2.000000000 2
330 570 3 8192 2.000000000 2
330 974 3 8192 2.000000000 2
330 994 3 8192 2.000000000 2
330 1038 3 8192 2.000000000 2
330 1230 3 8192 2.000000000 2
334 10 3 8192 2.000000000 2
334 166 3 8192 2.000000000 2
334 450 3 8192 2.000000000 2
334 570 3 8192 2.000000000 2
334 974 3 8192 2.000000000 2
334 994 3 8192 2.000000000 2
334 1038 3 8192 2.000000000 2
334 1230 3 8192 2.000000000 2
338 10 3 8192 2.000000000 2
338 166 3 8192 2.000000000 2
338 450 3 8192 2.000000000 2
338 570 3 8192 2.000000000 2
338 974 3 8192 2.000000000 2
338 994 3 8192 2.000000000 2
338 1038 3 8192 2.000000000 2
338 1230 3 8192 2.000000000 2
342 10 3 8192 2.000000000 2
342 166 3 8192 2.000000000 2
342 450 3 8192 2.000000000 2
342 570 3 8192 2.000000000 2
342 974 3 8192 2.000000000 2
342 994 3 8192 2.000000000 2
342 1038 3 8192 2.000000000 2
342 1230 3 8192 2.000000000 2
350 10 3 8192 2.000000000 2
350 166 3 8192 2.000000000 2
350 450 3 8192 2.000000000 2
350 570 3 8192 2.000000000 2
350 974 3 8192 2.000000000 2
350 994 3 8192 2.000000000 2
350 1038 3 8192 2.000000000 2
350 1230 3 8192 2.000000000 2
362 10 3 8192 2.000000000 2
362 166 3 8192 2.000000000 2
362 450 3 8192 2.000000000 2
362 570 3 8192 2.000000000 2
362 974 3 8192 2.000000000 2
362 994 3 8192 2.000000000 2
362 1038 3 8192 2.000000000 2
362 1230 3 8192 2.000000000 2
366 10 3 8192 2.000000000 2
366 166 3 8192 2.000000000 2
366 450 3 8192 2.000000000 2
366 570 3 8192 2.000000000 2
366 974 3 8192 2.000000000 2
366 994 3 8192 2.000000000 2
366 1038 3 8192 2.000000000 2
366 1230 3 8192 2.000000000 2
370 10 3 8192 2.000000000 2
370 166 3 8192 2.000000000 2
370 450 3 8192 2.000000000 2
370 570 3 8192 2.000000000 2
370 974 3 8192 2.000000000 2
370 994 3 8192 2.000000000 2
370 1038 3 8192 2.000000000 2
370 1230 3 8192 2.000000000 2
382 10 3 8192 2.000000000 2
382 166 3 8192 2.000000000 2
382 450 3 8192 2.000000000 2
382 570 3 8192 2.000000000 2
382 974 3 8192 2.000000000 2
382 994 3 8192 2.000000000 2
382 1038 3 8192 2.000000000 2
382 1230 3 8192 2.000000000 2
390 10 3 8192 2.000000000 2
390 166 3 8192 2.000000000 2
390 450 3 8192 2.000000000 2
390 570 3 8192 2.000000000 2
390 974 3 8192 2.000000000 2
390 994 3 8192 2.000000000 2
390 1038 3 8192 2.000000000 2
390 1230 3 8192 2.000000000 2
394 10 3 8192 2.000000000 2
394 166 3 8192 2.000000000 2
394 450 3 8192 2.000000000 2
394 570 3 8192 2.000000000 2
394 974 3 8192 2.000000000 2
394 994 3 8192 2.000000000 2
394 1038 3 8192 2.000000000 2
394 1230 3 8192 2.000000000 2
406 10 3 8192 2.000000000 2
406 166 3 8192 2.000000000 2
406 450 3 8192 2.000000000 2
406 570 3 8192 2.000000000 2
406 974 3 8192 2.000000000 2
406 994 3 8192 2.000000000 2
406 1038 3 8192 2.000000000 2
406 1230 3 8192 2.000000000 2
410 10 3 8192 2.000000000 2
410 166 3 8192 2.000000000 2
410 450 3 8192 2.000000000 2
410 570 3 8192 2.000000000 2
410 974 3 8192 2.000000000 2
410 994 3 8192 2.000000000 2
410 1038 3 8192 2.000000000 2
410 1230 3 8192 2.000000000 2
418 10 3 8192 2.000000000 2
418 166 3 8192 2.000000000 2
418 450 3 8192 2.000000000 2
418 570 3 8192 2.000000000 2
418 974 3 8192 2.000000000 2
418 994 3 8192 2.000000000 2
418 1038 3 8192 2.000000000 2
418 1230 3 8192 2.000000000 2
430 10 3 8192 2.000000000 2
430 166 3 8192 2.000000000 2
430 450 3 8192 2.000000000 2
430 570 3 8192 2.000000000 2
430 974 3 8192 2.000000000 2
430 994 3 8192 2.000000000 2
430 1038 3 8192 2.000000000 2
430 1230 3 8192 2.000000000 2
434 10 3 8192 2.000000000 2
434 166 3 8192 2.000000000 2
434 450 3 8192 2.000000000 2
434 570 3 8192 2.000000000 2
434 974 3 8192 2.000000000 2
434 994 3 8192 2.000000000 2
434 1038 3 8192 2.000000000 2
434 1230 3 8192 2.000000000 2
438 10 3 8192 2.000000000 2
438 166 3 8192 2.000000000 2
438 450 3 8192 2.000000000 2
438 570 3 8192 2.000000000 2
438 974 3 8192 2.000000000 2
438 994 3 8192 2.000000000 2
438 1038 3 8192 2.000000000 2
438 1230 3 8192 2.000000000 2
442 10 3 8192 2.000000000 2
442 166 3 8192 2.000000000 2
442 450 3 8192 2.000000000 2
442 570 3 8192 2.000000000 2
442 974 3 8192 2.000000000 2
442 994 3 8192 2.000000000 2
442 1038 3 8192 2.000000000 2
442 1230 3 8192 2.000000000 2
446 10 3 8192 2.000000000 2
446 166 3 8192 2.000000000 2
446 450 3 8192 2.000000000 2
446 570 3 8192 2.000000000 2
446 974 3 8192 2.000000000 2
446 994 3 8192 2.000000000 2
446 1038 3 8192 2.000000000 2
446 1230 3 8192 2.000000000 2
450 10 3 8192 2.000000000 2
450 166 3 8192 2.000000000 2
450 570 3 8192 2.000000000 2
450 974 3 8192 2.000000000 2
450 994 3 8192 2.000000000 2
450 1038 3 8192 2.000000000 2
450 1230 3 8192 2.000000000 2
454 10 3 8192 2.000000000 2
454 166 3 8192 2.000000000 2
454 450 3 8192 2.000000000 2
454 570 3 8192 2.000000000 2
454 974 3 8192 2.000000000 2
454 994 3 8192 2.000000000 2
454 1038 3 8192 2.000000000 2
454 1230 3 8192 2.000000000 2
458 10 3 8192 2.000000000 2
458 166 3 8192 2.000000000 2
458 450 3 8192 2.000000000 2
458 570 3 8192 2.000000000 2
458 974 3 8192 2.000000000 2
458 994 3 8192 2.000000000 2
458 1038 3 8192 2.000000000 2
458 1230 3 8192 2.000000000 2
462 10 3 8192 2.000000000 2
462 166 3 8192 2.000000000 2
462 450 3 8192 2.000000000 2
462 570 3 8192 2.000000000 2
462 974 3 8192 2.000000000 2
462 994 3 8192 2.000000000 2
462 1038 3 8192 2.000000000 2
462 1230 3 8192 2.000000000 2
466 10 3 8192 2.000000000 2
466 166 3 8192 2.000000000 2
466 450 3 8192 2.000000000 2
466 570 3 8192 2.000000000 2
466 974 3 8192 2.000000000 2
466 994 3 8192 2.000000000 2
466 1038 3 8192 2.000000000 2
466 1230 3 8192 2.000000000 2
470 10 3 8192 2.000000000 2
470 166 3 8192 2.000000000 2
470 450 3 8192 2.000000000 2
470 570 3 8192 2.000000000 2
470 974 3 8192 2.000000000 2
470 994 3 8192 2.000000000 2
470 1038 3 8192 2.000000000 2
470 1230 3 8192 2.000000000 2
474 10 3 8192 2.000000000 2
474 166 3 8192 2.000000000 2
474 450 3 8192 2.000000000 2
474 570 3 8192 2.000000000 2
474 974 3 8192 2.000000000 2
474 994 3 8192 2.000000000 2
474 1038 3 8192 2.000000000 2
474 1230 3 8192 2.000000000 2
478 10 3 8192 2.000000000 2
478 166 3 8192 2.000000000 2
478 450 3 8192 2.000000000 2
478 570 3 8192 2.000000000 2
478 974 3 8192 2.000000000 2
478 994 3 8192 2.000000000 2
478 1038 3 8192 2.000000000 2
478 1230 3 8192 2.000000000 2
486 10 3 8192 2.000000000 2
486 166 3 8192 2.000000000 2
486 450 3 8192 2.000000000 2
486 570 3 8192 2.000000000 2
486 974 3 8192 2.000000000 2
486 994 3 8192 2.000000000 2
486 1038 3 8192 2.000000000 2
486 1230 3 8192 2.000000000 2
494 10 3 8192 2.000000000 2
494 166 3 8192 2.000000000 2
494 450 3 8192 2.000000000 2
494 570 3 8192 2.000000000 2
494 974 3 8192 2.000000000 2
494 994 3 8192 2.000000000 2
494 1038 3 8192 2.000000000 2
494 1230 3 8192 2.000000000 2
498 10 3 8192 2.000000000 2
498 166 3 8192 2.000000000 2
498 450 3 8192 2.000000000 2
498 570 3 8192 2.000000000 2
498 974 3 8192 2.000000000 2
498 994 3 8192 2.000000000 2
498 1038 3 8192 2.000000000 2
498 1230 3 8192 2.000000000 2
502 10 3 8192 2.000000000 2
502 166 3 8192 2.000000000 2
502 450 3 8192 2.000000000 2
502 570 3 8192 2.000000000 2
502 974 3 8192 2.000000000 2
502 994 3 8192 2.000000000 2
502 1038 3 8192 2.000000000 2
502 1230 3 8192 2.000000000 2
506 10 3 8192 2.000000000 2
506 166 3 8192 2.000000000 2
506 450 3 8192 2.000000000 2
506 570 3 8192 2.000000000 2
506 974 3 8192 2.000000000 2
506 994 3 8192 2.000000000 2
506 1038 3 8192 2.000000000 2
506 1230 3 8192 2.000000000 2
510 10 3 8192 2.000000000 2
510 166 3 8192 2.000000000 2
510 450 3 8192 2.000000000 2
510 570 3 8192 2.000000000 2
510 974 3 8192 2.000000000 2
510 994 3 8192 2.000000000 2
510 1038 3 8192 2.000000000 2
510 1230 3 8192 2.000000000 2
514 10 3 8192 2.000000000 2
514 166 3 8192 2.000000000 2
514 450 3 8192 2.000000000 2
514 570 3 8192 2.000000000 2
514 974 3 8192 2.000000000 2
514 994 3 8192 2.000000000 2
514 1038 3 8192 2.000000000 2
514 1230 3 8192 2.000000000 2
518 10 3 8192 2.000000000 2
518 166 3 8192 2.000000000 2
518 450 3 8192 2.000000000 2
518 570 3 8192 2.000000000 2
518 974 3 8192 2.000000000 2
518 994 3 8192 2.000000000 2
518 1038 3 8192 2.000000000 2
518 1230 3 8192 2.000000000 2
522 10 3 8192 2.000000000 2
522 166 3 8192 2.000000000 2
522 450 3 8192 2.000000000 2
522 570 3 8192 2.000000000 2
522 974 3 8192 2.000000000 2
522 994 3 8192 2.000000000 2
522 1038 3 8192 2.000000000 2
522 1230 3 8192 2.000000000 2
526 10 3 8192 2.000000000 2
526 166 3 8192 2.000000000 2
526 450 3 8192 2.000000000 2
526 570 3 8192 2.000000000 2
526 974 3 8192 2.000000000 2
526 994 3 8192 2.000000000 2
526 1038 3 8192 2.000000000 2
526 1230 3 8192 2.000000000 2
538 10 3 8192 2.000000000 2
538 166 3 8192 2.000000000 2
538 450 3 8192 2.000000000 2
538 570 3 8192 2.000000000 2
538 974 3 8192 2.000000000 2
538 994 3 8192 2.000000000 2
538 1038 3 8192 2.000000000 2
538 1230 3 8192 2.000000000 2
542 10 3 8192 2.000000000 2
542 166 3 8192 2.000000000 2
542 450 3 8192 2.000000000 2
542 570 3 8192 2.000000000 2
542 974 3 8192 2.000000000 2
542 994 3 8192 2.000000000 2
542 1038 3 8192 2.000000000 2
542 1230 3 8192 2.000000000 2
546 10 3 8192 2.000000000 2
546 166 3 8192 2.000000000 2
546 450 3 8192 2.000000000 2
546 570 3 8192 2.000000000 2
546 974 3 8192 2.000000000 2
546 994 3 8192 2.000000000 2
546 1038 3 8192 2.000000000 2
546 1230 3 8192 2.000000000 2
550 10 3 8192 2.000000000 2
550 166 3 8192 2.000000000 2
550 450 3 8192 2.000000000 2
550 570 3 8192 2.000000000 2
550 974 3 8192 2.000000000 2
550 994 3 8192 2.000000000 2
550 1038 3 8192 2.000000000 2
550 1230 3 8192 2.000000000 2
554 10 3 8192 2.000000000 2
554 166 3 8192 2.000000000 2
554 450 3 8192 2.000000000 2
554 570 3 8192 2.000000000 2
554 974 3 8192 2.000000000 2
554 994 3 8192 2.000000000 2
554 1038 3 8192 2.000000000 2
554 1230 3 8192 2.000000000 2
562 10 3 8192 2.000000000 2
562 166 3 8192 2.000000000 2
562 450 3 8192 2.000000000 2
562 570 3 8192 2.000000000 2
562 974 3 8192 2.000000000 2
562 994 3 8192 2.000000000 2
562 1038 3 8192 2.000000000 2
562 1230 3 8192 2.000000000 2
566 10 3 8192 2.000000000 2
566 166 3 8192 2.000000000 2
566 450 3 8192 2.000000000 2
566 570 3 8192 2.000000000 2
566 974 3 8192 2.000000000 2
566 994 3 8192 2.000000000 2
566 1038 3 8192 2.000000000 2
566 1230 3 8192 2.000000000 2
570 10 3 8192 2.000000000 2
570 166 3 8192 2.000000000 2
570 450 3 8192 2.000000000 2
570 974 3 8192 2.000000000 2
570 994 3 8192 2.000000000 2
570 1038 3 8192 2.000000000 2
570 1230 3 8192 2.000000000 2
574 10 3 8192 2.000000000 2
574 166 3 8192 2.000000000 2
574 450 3 8192 2.000000000 2
574 570 3 8192 2.000000000 2
574 974 3 8192 2.000000000 2
574 994 3 8192 2.000000000 2
574 1038 3 8192 2.000000000 2
574 1230 3 8192 2.000000000 2
578 10 3 8192 2.000000000 2
578 166 3 8192 2.000000000 2
578 450 3 8192 2.000000000 2
578 570 3 8192 2.000000000 2
578 974 3 8192 2.000000000 2
578 994 3 8192 2.000000000 2
578 1038 3 8192 2.000000000 2
578 1230 3 8192 2.000000000 2
582 10 3 8192 2.000000000 2
582 166 3 8192 2.000000000 2
582 450 3 8192 2.000000000 2
582 570 3 8192 2.000000000 2
582 974 3 8192 2.000000000 2
582 994 3 8192 2.000000000 2
582 1038 3 8192 2.000000000 2
582 1230 3 8192 2.000000000 2
590 10 3 8192 2.000000000 2
590 166 3 8192 2.000000000 2
590 450 3 8192 2.000000000 2
590 570 3 8192 2.000000000 2
590 974 3 8192 2.000000000 2
590 994 3 8192 2.000000000 2
590 1038 3 8192 2.000000000 2
590 1230 3 8192 2.000000000 2
594 10 3 8192 2.000000000 2
594 166 3 8192 2.000000000 2
594 450 3 8192 2.000000000 2
594 570 3 8192 2.000000000 2
594 974 3 8192 2.000000000 2
594 994 3 8192 2.000000000 2
594 1038 3 8192 2.000000000 2
594 1230 3 8192 2.000000000 2
598 10 3 8192 2.000000000 2
598 166 3 8192 2.000000000 2
598 450 3 8192 2.000000000 2
598 570 3 8192 2.000000000 2
598 974 3 8192 2.000000000 2
598 994 3 8192 2.000000000 2
598 1038 3 8192 2.000000000 2
598 1230 3 8192 2.000000000 2
602 10 3 8192 2.000000000 2
602 166 3 8192 2.000000000 2
602 450 3 8192 2.000000000 2
602 570 3 8192 2.000000000 2
602 974 3 8192 2.000000000 2
602 994 3 8192 2.000000000 2
602 1038 3 8192 2.000000000 2
602 1230 3 8192 2.000000000 2
610 10 3 8192 2.000000000 2
610 166 3 8192 2.000000000 2
610 450 3 8192 2.000000000 2
610 570 3 8192 2.000000000 2
610 974 3 8192 2.000000000 2
610 994 3 8192 2.000000000 2
610 1038 3 8192 2.000000000 2
610 1230 3 8192 2.000000000 2
614 10 3 8192 2.000000000 2
614 166 3 8192 2.000000000 2
614 450 3 8192 2.000000000 2
614 570 3 8192 2.000000000 2
614 974 3 8192 2.000000000 2
614 994 3 8192 2.000000000 2
614 1038 3 8192 2.000000000 2
614 1230 3 8192 2.000000000 2
622 10 3 8192 2.000000000 2
622 166 3 8192 2.000000000 2
622 450 3 8192 2.000000000 2
622 570 3 8192 2.000000000 2
622 974 3 8192 2.000000000 2
622 994 3 8192 2.000000000 2
622 1038 3 8192 2.000000000 2
622 1230 3 8192 2.000000000 2
626 10 3 8192 2.000000000 2
626 166 3 8192 2.000000000 2
626 450 3 8192 2.000000000 2
626 570 3 8192 2.000000000 2
626 974 3 8192 2.000000000 2
626 994 3 8192 2.000000000 2
626 1038 3 8192 2.000000000 2
626 1230 3 8192 2.000000000 2
634 10 3 8192 2.000000000 2
634 166 3 8192 2.000000000 2
634 450 3 8192 2.000000000 2
634 570 3 8192 2.000000000 2
634 974 3 8192 2.000000000 2
634 994 3 8192 2.000000000 2
634 1038 3 8192 2.000000000 2
634 1230 3 8192 2.000000000 2
638 10 3 8192 2.000000000 2
638 166 3 8192 2.000000000 2
638 450 3 8192 2.000000000 2
638 570 3 8192 2.000000000 2
638 974 3 8192 2.000000000 2
638 994 3 8192 2.000000000 2
638 1038 3 8192 2.000000000 2
638 1230 3 8192 2.000000000 2
642 10 3 8192 2.000000000 2
642 166 3 8192 2.000000000 2
642 450 3 8192 2.000000000 2
642 570 3 8192 2.000000000 2
642 974 3 8192 2.000000000 2
642 994 3 8192 2.000000000 2
642 1038 3 8192 2.000000000 2
642 1230 3 8192 2.000000000 2
646 10 3 8192 2.000000000 2
646 166 3 8192 2.000000000 2
646 450 3 8192 2.000000000 2
646 570 3 8192 2.000000000 2
646 974 3 8192 2.000000000 2
646 994 3 8192 2.000000000 2
646 1038 3 8192 2.000000000 2
646 1230 3 8192 2.000000000 2
650 10 3 8192 2.000000000 2
650 166 3 8192 2.000000000 2
650 450 3 8192 2.000000000 2
650 570 3 8192 2.000000000 2
650 974 3 8192 2.000000000 2
650 994 3 8192 2.000000000 2
650 1038 3 8192 2.000000000 2
650 1230 3 8192 2.000000000 2
654 10 3 8192 2.000000000 2
654 166 3 8192 2.000000000 2
654 450 3 8192 2.000000000 2
654 570 3 8192 2.000000000 2
654 974 3 8192 2.000000000 2
654 994 3 8192 2.000000000 2
654 1038 3 8192 2.000000000 2
654 1230 3 8192 2.000000000 2
658 10 3 8192 2.000000000 2
658 166 3 8192 2.000000000 2
658 450 3 8192 2.000000000 2
658 570 3 8192 2.000000000 2
658 974 3 8192 2.000000000 2
658 994 3 8192 2.000000000 2
658 1038 3 8192 2.000000000 2
658 1230 3 8192 2.000000000 2
662 10 3 8192 2.000000000 2
662 166 3 8192 2.000000000 2
662 450 3 8192 2.000000000 2
662 570 3 8192 2.000000000 2
662 974 3 8192 2.000000000 2
662 994 3 8192 2.000000000 2
662 1038 3 8192 2.000000000 2
662 1230 3 8192 2.000000000 2
670 10 3 8192 2.000000000 2
670 166 3 8192 2.000000000 2
670 450 3 8192 2.000000000 2
670 570 3 8192 2.000000000 2
670 974 3 8192 2.000000000 2
670 994 3 8192 2.000000000 2
670 1038 3 8192 2.000000000 2
670 1230 3 8192 2.000000000 2
674 10 3 8192 2.000000000 2
674 166 3 8192 2.000000000 2
674 450 3 8192 2.000000000 2
674 570 3 8192 2.000000000 2
674 974 3 8192 2.000000000 2
674 994 3 8192 2.000000000 2
674 1038 3 8192 2.000000000 2
674 1230 3 8192 2.000000000 2
678 10 3 8192 2.000000000 2
678 166 3 8192 2.000000000 2
678 450 3 8192 2.000000000 2
678 570 3 8192 2.000000000 2
678 974 3 8192 2.000000000 2
678 994 3 8192 2.000000000 2
678 1038 3 8192 2.000000000 2
678 1230 3 8192 2.000000000 2
690 10 3 8192 2.000000000 2
690 166 3 8192 2.000000000 2
690 450 3 8192 2.000000000 2
690 570 3 8192 2.000000000 2
690 974 3 8192 2.000000000 2
690 994 3 8192 2.000000000 2
690 1038 3 8192 2.000000000 2
690 1230 3 8192 2.000000000 2
694 10 3 8192 2.000000000 2
694 166 3 8192 2.000000000 2
694 450 3 8192 2.000000000 2
694 570 3 8192 2.000000000 2
694 974 3 8192 2.000000000 2
694 994 3 8192 2.000000000 2
694 1038 3 8192 2.000000000 2
694 1230 3 8192 2.000000000 2
698 10 3 8192 2.000000000 2
698 166 3 8192 2.000000000 2
698 450 3 8192 2.000000000 2
698 570 3 8192 2.000000000 2
698 974 3 8192 2.000000000 2
698 994 3 8192 2.000000000 2
698 1038 3 8192 2.000000000 2
698 1230 3 8192 2.000000000 2
702 10 3 8192 2.000000000 2
702 166 3 8192 2.000000000 2
702 450 3 8192 2.000000000 2
702 570 3 8192 2.000000000 2
702 974 3 8192 2.000000000 2
702 994 3 8192 2.000000000 2
702 1038 3 8192 2.000000000 2
702 1230 3 8192 2.000000000 2
706 10 3 8192 2.000000000 2
706 166 3 8192 2.000000000 2
706 450 3 8192 2.000000000 2
706 570 3 8192 2.000000000 2
706 974 3 8192 2.000000000 2
706 994 3 8192 2.000000000 2
706 1038 3 8192 2.000000000 2
706 1230 3 8192 2.000000000 2
714 10 3 8192 2.000000000 2
714 166 3 8192 2.000000000 2
714 450 3 8192 2.000000000 2
714 570 3 8192 2.000000000 2
714 974 3 8192 2.000000000 2
714 994 3 8192 2.000000000 2
714 1038 3 8192 2.000000000 2
714 1230 3 8192 2.000000000 2
718 10 3 8192 2.000000000 2
718 166 3 8192 2.000000000 2
718 450 3 8192 2.000000000 2
718 570 3 8192 2.000000000 2
718 974 3 8192 2.000000000 2
718 994 3 8192 2.000000000 2
718 1038 3 8192 2.000000000 2
718 1230 3 8192 2.000000000 2
726 10 3 8192 2.000000000 2
726 166 3 8192 2.000000000 2
726 450 3 8192 2.000000000 2
726 570 3 8192 2.000000000 2
726 974 3 8192 2.000000000 2
726 994 3 8192 2.000000000 2
726 1038 3 8192 2.000000000 2
726 1230 3 8192 2.000000000 2
734 10 3 8192 2.000000000 2
734 166 3 8192 2.000000000 2
734 450 3 8192 2.000000000 2
734 570 3 8192 2.000000000 2
734 974 3 8192 2.000000000 2
734 994 3 8192 2.000000000 2
734 1038 3 8192 2.000000000 2
734 1230 3 8192 2.000000000 2
738 10 3 8192 2.000000000 2
738 166 3 8192 2.000000000 2
738 450 3 8192 2.000000000 2
738 570 3 8192 2.000000000 2
738 974 3 8192 2.000000000 2
738 994 3 8192 2.000000000 2
738 1038 3 8192 2.000000000 2
738 1230 3 8192 2.000000000 2
742 10 3 8192 2.000000000 2
742 166 3 8192 2.000000000 2
742 450 3 8192 2.000000000 2
742 570 3 8192 2.000000000 2
742 974 3 8192 2.000000000 2
742 994 3 8192 2.000000000 2
742 1038 3 8192 2.000000000 2
742 1230 3 8192 2.000000000 2
746 10 3 8192 2.000000000 2
746 166 3 8192 2.000000000 2
746 450 3 8192 2.000000000 2
746 570 3 8192 2.000000000 2
746 974 3 8192 2.000000000 2
746 994 3 8192 2.000000000 2
746 1038 3 8192 2.000000000 2
746 1230 3 8192 2.000000000 2
750 10 3 8192 2.000000000 2
750 166 3 8192 2.000000000 2
750 450 3 8192 2.000000000 2
750 570 3 8192 2.000000000 2
750 974 3 8192 2.000000000 2
750 994 3 8192 2.000000000 2
750 1038 3 8192 2.000000000 2
750 1230 3 8192 2.000000000 2
754 10 3 8192 2.000000000 2
754 166 3 8192 2.000000000 2
754 450 3 8192 2.000000000 2
754 570 3 8192 2.000000000 2
754 974 3 8192 2.000000000 2
754 994 3 8192 2.000000000 2
754 1038 3 8192 2.000000000 2
754 1230 3 8192 2.000000000 2
758 10 3 8192 2.000000000 2
758 166 3 8192 2.000000000 2
758 450 3 8192 2.000000000 2
758 570 3 8192 2.000000000 2
758 974 3 8192 2.000000000 2
758 994 3 8192 2.000000000 2
758 1038 3 8192 2.000000000 2
758 1230 3 8192 2.000000000 2
762 10 3 8192 2.000000000 2
762 166 3 8192 2.000000000 2
762 450 3 8192 2.000000000 2
762 570 3 8192 2.000000000 2
762 974 3 8192 2.000000000 2
762 994 3 8192 2.000000000 2
762 1038 3 8192 2.000000000 2
762 1230 3 8192 2.000000000 2
766 10 3 8192 2.000000000 2
766 166 3 8192 2.000000000 2
766 450 3 8192 2.000000000 2
766 570 3 8192 2.000000000 2
766 974 3 8192 2.000000000 2
766 994 3 8192 2.000000000 2
766 1038 3 8192 2.000000000 2
766 1230 3 8192 2.000000000 2
774 10 3 8192 2.000000000 2
774 166 3 8192 2.000000000 2
774 450 3 8192 2.000000000 2
774 570 3 8192 2.000000000 2
774 974 3 8192 2.000000000 2
774 994 3 8192 2.000000000 2
774 1038 3 8192 2.000000000 2
774 1230 3 8192 2.000000000 2
778 10 3 8192 2.000000000 2
778 166 3 8192 2.000000000 2
778 450 3 8192 2.000000000 2
778 570 3 8192 2.000000000 2
778 974 3 8192 2.000000000 2
778 994 3 8192 2.000000000 2
778 1038 3 8192 2.000000000 2
778 1230 3 8192 2.000000000 2
782 10 3 8192 2.000000000 2
782 166 3 8192 2.000000000 2
782 450 3 8192 2.000000000 2
782 570 3 8192 2.000000000 2
782 974 3 8192 2.000000000 2
782 994 3 8192 2.000000000 2
782 1038 3 8192 2.000000000 2
782 1230 3 8192 2.000000000 2
786 10 3 8192 2.000000000 2
786 166 3 8192 2.000000000 2
786 450 3 8192 2.000000000 2
786 570 3 8192 2.000000000 2
786 974 3 8192 2.000000000 2
786 994 3 8192 2.000000000 2
786 1038 3 8192 2.000000000 2
786 1230 3 8192 2.000000000 2
790 10 3 8192 2.000000000 2
790 166 3 8192 2.000000000 2
790 450 3 8192 2.000000000 2
790 570 3 8192 2.000000000 2
790 974 3 8192 2.000000000 2
790 994 3 8192 2.000000000 2
790 1038 3 8192 2.000000000 2
790 1230 3 8192 2.000000000 2
794 10 3 8192 2.000000000 2
794 166 3 8192 2.000000000 2
794 450 3 8192 2.000000000 2
794 570 3 8192 2.000000000 2
794 974 3 8192 2.000000000 2
794 994 3 8192 2.000000000 2
794 1038 3 8192 2.000000000 2
794 1230 3 8192 2.000000000 2
806 10 3 8192 2.000000000 2
806 166 3 8192 2.000000000 2
806 450 3 8192 2.000000000 2
806 570 3 8192 2.000000000 2
806 974 3 8192 2.000000000 2
806 994 3 8192 2.000000000 2
806 1038 3 8192 2.000000000 2
806 1230 3 8192 2.000000000 2
810 10 3 8192 2.000000000 2
810 166 3 8192 2.000000000 2
810 450 3 8192 2.000000000 2
810 570 3 8192 2.000000000 2
810 974 3 8192 2.000000000 2
810 994 3 8192 2.000000000 2
810 1038 3 8192 2.000000000 2
810 1230 3 8192 2.000000000 2
814 10 3 8192 2.000000000 2
814 166 3 8192 2.000000000 2
814 450 3 8192 2.000000000 2
814 570 3 8192 2.000000000 2
814 974 3 8192 2.000000000 2
814 994 3 8192 2.000000000 2
814 1038 3 8192 2.000000000 2
814 1230 3 8192 2.000000000 2
818 10 3 8192 2.000000000 2
818 166 3 8192 2.000000000 2
818 450 3 8192 2.000000000 2
818 570 3 8192 2.000000000 2
818 974 3 8192 2.000000000 2
818 994 3 8192 2.000000000 2
818 1038 3 8192 2.000000000 2
818 1230 3 8192 2.000000000 2
822 10 3 8192 2.000000000 2
822 166 3 8192 2.000000000 2
822 450 3 8192 2.000000000 2
822 570 3 8192 2.000000000 2
822 974 3 8192 2.000000000 2
822 994 3 8192 2.000000000 2
822 1038 3 8192 2.000000000 2
822 1230 3 8192 2.000000000 2
826 10 3 8192 2.000000000 2
826 166 3 8192 2.000000000 2
826 450 3 8192 2.000000000 2
826 570 3 8192 2.000000000 2
826 974 3 8192 2.000000000 2
826 994 3 8192 2.000000000 2
826 1038 3 8192 2.000000000 2
826 1230 3 8192 2.000000000 2
834 10 3 8192 2.000000000 2
834 166 3 8192 2.000000000 2
834 450 3 8192 2.000000000 2
834 570 3 8192 2.000000000 2
834 974 3 8192 2.000000000 2
834 994 3 8192 2.000000000 2
834 1038 3 8192 2.000000000 2
834 1230 3 8192 2.000000000 2
838 10 3 8192 2.000000000 2
838 166 3 8192 2.000000000 2
838 450 3 8192 2.000000000 2
838 570 3 8192 2.000000000 2
838 974 3 8192 2.000000000 2
838 994 3 8192 2.000000000 2
838 1038 3 8192 2.000000000 2
838 1230 3 8192 2.000000000 2
842 10 3 8192 2.000000000 2
842 166 3 8192 2.000000000 2
842 450 3 8192 2.000000000 2
842 570 3 8192 2.000000000 2
842 974 3 8192 2.000000000 2
842 994 3 8192 2.000000000 2
842 1038 3 8192 2.000000000 2
842 1230 3 8192 2.000000000 2
846 10 3 8192 2.000000000 2
846 166 3 8192 2.000000000 2
846 450 3 8192 2.000000000 2
846 570 3 8192 2.000000000 2
846 974 3 8192 2.000000000 2
846 994 3 8192 2.000000000 2
846 1038 3 8192 2.000000000 2
846 1230 3 8192 2.000000000 2
850 10 3 8192 2.000000000 2
850 166 3 8192 2.000000000 2
850 450 3 8192 2.000000000 2
850 570 3 8192 2.000000000 2
850 974 3 8192 2.000000000 2
850 994 3 8192 2.000000000 2
850 1038 3 8192 2.000000000 2
850 1230 3 8192 2.000000000 2
854 10 3 8192 2.000000000 2
854 166 3 8192 2.000000000 2
854 450 3 8192 2.000000000 2
854 570 3 8192 2.000000000 2
854 974 3 8192 2.000000000 2
854 994 3 8192 2.000000000 2
854 1038 3 8192 2.000000000 2
854 1230 3 8192 2.000000000 2
858 10 3 8192 2.000000000 2
858 166 3 8192 2.000000000 2
858 450 3 8192 2.000000000 2
858 570 3 8192 2.000000000 2
858 974 3 8192 2.000000000 2
858 994 3 8192 2.000000000 2
858 1038 3 8192 2.000000000 2
858 1230 3 8192 2.000000000 2
862 10 3 8192 2.000000000 2
862 166 3 8192 2.000000000 2
862 450 3 8192 2.000000000 2
862 570 3 8192 2.000000000 2
862 974 3 8192 2.000000000 2
862 994 3 8192 2.000000000 2
862 1038 3 8192 2.000000000 2
862 1230 3 8192 2.000000000 2
866 10 3 8192 2.000000000 2
866 166 3 8192 2.000000000 2
866 450 3 8192 2.000000000 2
866 570 3 8192 2.000000000 2
866 974 3 8192 2.000000000 2
866 994 3 8192 2.000000000 2
866 1038 3 8192 2.000000000 2
866 1230 3 8192 2.000000000 2
870 10 3 8192 2.000000000 2
870 166 3 8192 2.000000000 2
870 450 3 8192 2.000000000 2
870 570 3 8192 2.000000000 2
870 974 3 8192 2.000000000 2
870 994 3 8192 2.000000000 2
870 1038 3 8192 2.000000000 2
870 1230 3 8192 2.000000000 2
874 10 3 8192 2.000000000 2
874 166 3 8192 2.000000000 2
874 450 3 8192 2.000000000 2
874 570 3 8192 2.000000000 2
874 974 3 8192 2.000000000 2
874 994 3 8192 2.000000000 2
874 1038 3 8192 2.000000000 2
874 1230 3 8192 2.000000000 2
878 10 3 8192 2.000000000 2
878 166 3 8192 2.000000000 2
878 450 3 8192 2.000000000 2
878 570 3 8192 2.000000000 2
878 974 3 8192 2.000000000 2
878 994 3 8192 2.000000000 2
878 1038 3 8192 2.000000000 2
878 1230 3 8192 2.000000000 2
882 10 3 8192 2.000000000 2
882 166 3 8192 2.000000000 2
882 450 3 8192 2.000000000 2
882 570 3 8192 2.000000000 2
882 974 3 8192 2.000000000 2
882 994 3 8192 2.000000000 2
882 1038 3 8192 2.000000000 2
882 1230 3 8192 2.000000000 2
886 10 3 8192 2.000000000 2
886 166 3 8192 2.000000000 2
886 450 3 8192 2.000000000 2
886 570 3 8192 2.000000000 2
886 974 3 8192 2.000000000 2
886 994 3 8192 2.000000000 2
886 1038 3 8192 2.000000000 2
886 1230 3 8192 2.000000000 2
890 10 3 8192 2.000000000 2
890 166 3 8192 2.000000000 2
890 450 3 8192 2.000000000 2
890 570 3 8192 2.000000000 2
890 974 3 8192 2.000000000 2
890 994 3 8192 2.000000000 2
890 1038 3 8192 2.000000000 2
890 1230 3 8192 2.000000000 2
894 10 3 8192 2.000000000 2
894 166 3 8192 2.000000000 2
894 450 3 8192 2.000000000 2
894 570 3 8192 2.000000000 2
894 974 3 8192 2.000000000 2
894 994 3 8192 2.000000000 2
894 1038 3 8192 2.000000000 2
894 1230 3 8192 2.000000000 2
898 10 3 8192 2.000000000 2
898 166 3 8192 2.000000000 2
898 450 3 8192 2.000000000 2
898 570 3 8192 2.000000000 2
898 974 3 8192 2.000000000 2
898 994 3 8192 2.000000000 2
898 1038 3 8192 2.000000000 2
898 1230 3 8192 2.000000000 2
902 10 3 8192 2.000000000 2
902 166 3 8192 2.000000000 2
902 450 3 8192 2.000000000 2
902 570 3 8192 2.000000000 2
902 974 3 8192 2.000000000 2
902 994 3 8192 2.000000000 2
902 1038 3 8192 2.000000000 2
902 1230 3 8192 2.000000000 2
906 10 3 8192 2.000000000 2
906 166 3 8192 2.000000000 2
906 450 3 8192 2.000000000 2
906 570 3 8192 2.000000000 2
906 974 3 8192 2.000000000 2
906 994 3 8192 2.000000000 2
906 1038 3 8192 2.000000000 2
906 1230 3 8192 2.000000000 2
918 10 3 8192 2.000000000 2
918 166 3 8192 2.000000000 2
918 450 3 8192 2.000000000 2
918 570 3 8192 2.000000000 2
918 974 3 8192 2.000000000 2
918 994 3 8192 2.000000000 2
918 1038 3 8192 2.000000000 2
918 1230 3 8192 2.000000000 2
922 10 3 8192 2.000000000 2
922 166 3 8192 2.000000000 2
922 450 3 8192 2.000000000 2
922 570 3 8192 2.000000000 2
922 974 3 8192 2.000000000 2
922 994 3 8192 2.000000000 2
922 1038 3 8192 2.000000000 2
922 1230 3 8192 2.000000000 2
926 10 3 8192 2.000000000 2
926 166 3 8192 2.000000000 2
926 450 3 8192 2.000000000 2
926 570 3 8192 2.000000000 2
926 974 3 8192 2.000000000 2
926 994 3 8192 2.000000000 2
926 1038 3 8192 2.000000000 2
926 1230 3 8192 2.000000000 2
930 10 3 8192 2.000000000 2
930 166 3 8192 2.000000000 2
930 450 3 8192 2.000000000 2
930 570 3 8192 2.000000000 2
930 974 3 8192 2.000000000 2
930 994 3 8192 2.000000000 2
930 1038 3 8192 2.000000000 2
930 1230 3 8192 2.000000000 2
934 10 3 8192 2.000000000 2
934 166 3 8192 2.000000000 2
934 450 3 8192 2.000000000 2
934 570 3 8192 2.000000000 2
934 974 3 8192 2.000000000 2
934 994 3 8192 2.000000000 2
934 1038 3 8192 2.000000000 2
934 1230 3 8192 2.000000000 2
938 10 3 8192 2.000000000 2
938 166 3 8192 2.000000000 2
938 450 3 8192 2.000000000 2
938 570 3 8192 2.000000000 2
938 974 3 8192 2.000000000 2
938 994 3 8192 2.000000000 2
938 1038 3 8192 2.000000000 2
938 1230 3 8192 2.000000000 2
942 10 3 8192 2.000000000 2
942 166 3 8192 2.000000000 2
942 450 3 8192 2.000000000 2
942 570 3 8192 2.000000000 2
942 974 3 8192 2.000000000 2
942 994 3 8192 2.000000000 2
942 1038 3 8192 2.000000000 2
942 1230 3 8192 2.000000000 2
946 10 3 8192 2.000000000 2
946 166 3 8192 2.000000000 2
946 450 3 8192 2.000000000 2
946 570 3 8192 2.000000000 2
946 974 3 8192 2.000000000 2
946 994 3 8192 2.000000000 2
946 1038 3 8192 2.000000000 2
946 1230 3 8192 2.000000000 2
950 10 3 8192 2.000000000 2
950 166 3 8192 2.000000000 2
950 450 3 8192 2.000000000 2
950 570 3 8192 2.000000000 2
950 974 3 8192 2.000000000 2
950 994 3 8192 2.000000000 2
950 1038 3 8192 2.000000000 2
950 1230 3 8192 2.000000000 2
954 10 3 8192 2.000000000 2
954 166 3 8192 2.000000000 2
954 450 3 8192 2.000000000 2
954 570 3 8192 2.000000000 2
954 974 3 8192 2.000000000 2
954 994 3 8192 2.000000000 2
954 1038 3 8192 2.000000000 2
954 1230 3 8192 2.000000000 2
958 10 3 8192 2.000000000 2
958 166 3 8192 2.000000000 2
958 450 3 8192 2.000000000 2
958 570 3 8192 2.000000000 2
958 974 3 8192 2.000000000 2
958 994 3 8192 2.000000000 2
958 1038 3 8192 2.000000000 2
958 1230 3 8192 2.000000000 2
962 10 3 8192 2.000000000 2
962 166 3 8192 2.000000000 2
962 450 3 8192 2.000000000 2
962 570 3 8192 2.000000000 2
962 974 3 8192 2.000000000 2
962 994 3 8192 2.000000000 2
962 1038 3 8192 2.000000000 2
962 1230 3 8192 2.000000000 2
966 10 3 8192 2.000000000 2
966 166 3 8192 2.000000000 2
966 450 3 8192 2.000000000 2
966 570 3 8192 2.000000000 2
966 974 3 8192 2.000000000 2
966 994 3 8192 2.000000000 2
966 1038 3 8192 2.000000000 2
966 1230 3 8192 2.000000000 2
970 10 3 8192 2.000000000 2
970 166 3 8192 2.000000000 2
970 450 3 8192 2.000000000 2
970 570 3 8192 2.000000000 2
970 974 3 8192 2.000000000 2
970 994 3 8192 2.000000000 2
970 1038 3 8192 2.000000000 2
970 1230 3 8192 2.000000000 2
974 10 3 8192 2.000000000 2
974 166 3 8192 2.000000000 2
974 450 3 8192 2.000000000 2
974 570 3 8192 2.000000000 2
974 994 3 8192 2.000000000 2
974 1038 3 8192 2.000000000 2
974 1230 3 8192 2.000000000 2
978 10 3 8192 2.000000000 2
978 166 3 8192 2.000000000 2
978 450 3 8192 2.000000000 2
978 570 3 8192 2.000000000 2
978 974 3 8192 2.000000000 2
978 994 3 8192 2.000000000 2
978 1038 3 8192 2.000000000 2
978 1230 3 8192 2.000000000 2
982 10 3 8192 2.000000000 2
982 166 3 8192 2.000000000 2
982 450 3 8192 2.000000000 2
982 570 3 8192 2.000000000 2
982 974 3 8192 2.000000000 2
982 994 3 8192 2.000000000 2
982 1038 3 8192 2.000000000 2
982 1230 3 8192 2.000000000 2
986 10 3 8192 2.000000000 2
986 166 3 8192 2.000000000 2
986 450 3 8192 2.000000000 2
986 570 3 8192 2.000000000 2
986 974 3 8192 2.000000000 2
986 994 3 8192 2.000000000 2
986 1038 3 8192 2.000000000 2
986 1230 3 8192 2.000000000 2
990 10 3 8192 2.000000000 2
990 166 3 8192 2.000000000 2
990 450 3 8192 2.000000000 2
990 570 3 8192 2.000000000 2
990 974 3 8192 2.000000000 2
990 994 3 8192 2.000000000 2
990 1038 3 8192 2.000000000 2
990 1230 3 8192 2.000000000 2
994 10 3 8192 2.000000000 2
994 166 3 8192 2.000000000 2
994 450 3 8192 2.000000000 2
994 570 3 8192 2.000000000 2
994 974 3 8192 2.000000000 2
994 1038 3 8192 2.000000000 2
994 1230 3 8192 2.000000000 2
998 10 3 8192 2.000000000 2
998 166 3 8192 2.000000000 2
998 450 3 8192 2.000000000 2
998 570 3 8192 2.000000000 2
998 974 3 8192 2.000000000 2
998 994 3 8192 2.000000000 2
998 1038 3 8192 2.000000000 2
998 1230 3 8192 2.000000000 2
1010 10 3 8192 2.000000000 2
1010 166 3 8192 2.000000000 2
1010 450 3 8192 2.000000000 2
1010 570 3 8192 2.000000000 2
1010 974 3 8192 2.000000000 2
1010 994 3 8192 2.000000000 2
1010 1038 3 8192 2.000000000 2
1010 1230 3 8192 2.000000000 2
1018 10 3 8192 2.000000000 2
1018 166 3 8192 2.000000000 2
1018 450 3 8192 2.000000000 2
1018 570 3 8192 2.000000000 2
1018 974 3 8192 2.000000000 2
1018 994 3 8192 2.000000000 2
1018 1038 3 8192 2.000000000 2
1018 1230 3 8192 2.000000000 2
1022 10 3 8192 2.000000000 2
1022 166 3 8192 2.000000000 2
1022 450 3 8192 2.000000000 2
1022 570 3 8192 2.000000000 2
1022 974 3 8192 2.000000000 2
1022 994 3 8192 2.000000000 2
1022 1038 3 8192 2.000000000 2
1022 1230 3 8192 2.000000000 2
1034 10 3 8192 2.000000000 2
1034 166 3 8192 2.000000000 2
1034 450 3 8192 2.000000000 2
1034 570 3 8192 2.000000000 2
1034 974 3 8192 2.000000000 2
1034 994 3 8192 2.000000000 2
1034 1038 3 8192 2.000000000 2
1034 1230 3 8192 2.000000000 2
1038 10 3 8192 2.000000000 2
1038 166 3 8192 2.000000000 2
1038 450 3 8192 2.000000000 2
1038 570 3 8192 2.000000000 2
1038 974 3 8192 2.000000000 2
1038 994 3 8192 2.000000000 2
1038 1230 3 8192 2.000000000 2
1042 10 3 8192 2.000000000 2
1042 166 3 8192 2.000000000 2
1042 450 3 8192 2.000000000 2
1042 570 3 8192 2.000000000 2
1042 974 3 8192 2.000000000 2
1042 994 3 8192 2.000000000 2
1042 1038 3 8192 2.000000000 2
1042 1230 3 8192 2.000000000 2
1046 10 3 8192 2.000000000 2
1046 166 3 8192 2.000000000 2
1046 450 3 8192 2.000000000 2
1046 570 3 8192 2.000000000 2
1046 974 3 8192 2.000000000 2
1046 994 3 8192 2.000000000 2
1046 1038 3 8192 2.000000000 2
1046 1230 3 8192 2.000000000 2
1050 10 3 8192 2.000000000 2
1050 166 3 8192 2.000000000 2
1050 450 3 8192 2.000000000 2
1050 570 3 8192 2.000000000 2
1050 974 3 8192 2.000000000 2
1050 994 3 8192 2.000000000 2
1050 1038 3 8192 2.000000000 2
1050 1230 3 8192 2.000000000 2
1058 10 3 8192 2.000000000 2
1058 166 3 8192 2.000000000 2
1058 450 3 8192 2.000000000 2
1058 570 3 8192 2.000000000 2
1058 974 3 8192 2.000000000 2
1058 994 3 8192 2.000000000 2
1058 1038 3 8192 2.000000000 2
1058 1230 3 8192 2.000000000 2
1062 10 3 8192 2.000000000 2
1062 166 3 8192 2.000000000 2
1062 450 3 8192 2.000000000 2
1062 570 3 8192 2.000000000 2
1062 974 3 8192 2.000000000 2
1062 994 3 8192 2.000000000 2
1062 1038 3 8192 2.000000000 2
1062 1230 3 8192 2.000000000 2
1066 10 3 8192 2.000000000 2
1066 166 3 8192 2.000000000 2
1066 450 3 8192 2.000000000 2
1066 570 3 8192 2.000000000 2
1066 974 3 8192 2.000000000 2
1066 994 3 8192 2.000000000 2
1066 1038 3 8192 2.000000000 2
1066 1230 3 8192 2.000000000 2
1070 10 3 8192 2.000000000 2
1070 166 3 8192 2.000000000 2
1070 450 3 8192 2.000000000 2
1070 570 3 8192 2.000000000 2
1070 974 3 8192 2.000000000 2
1070 994 3 8192 2.000000000 2
1070 1038 3 8192 2.000000000 2
1070 1230 3 8192 2.000000000 2
1074 10 3 8192 2.000000000 2
1074 166 3 8192 2.000000000 2
1074 450 3 8192 2.000000000 2
1074 570 3 8192 2.000000000 2
1074 974 3 8192 2.000000000 2
1074 994 3 8192 2.000000000 2
1074 1038 3 8192 2.000000000 2
1074 1230 3 8192 2.000000000 2
1078 10 3 8192 2.000000000 2
1078 166 3 8192 2.000000000 2
1078 450 3 8192 2.000000000 2
1078 570 3 8192 2.000000000 2
1078 974 3 8192 2.000000000 2
1078 994 3 8192 2.000000000 2
1078 1038 3 8192 2.000000000 2
1078 1230 3 8192 2.000000000 2
1082 10 3 8192 2.000000000 2
1082 166 3 8192 2.000000000 2
1082 450 3 8192 2.000000000 2
1082 570 3 8192 2.000000000 2
1082 974 3 8192 2.000000000 2
1082 994 3 8192 2.000000000 2
1082 1038 3 8192 2.000000000 2
1082 1230 3 8192 2.000000000 2
1086 10 3 8192 2.000000000 2
1086 166 3 8192 2.000000000 2
1086 450 3 8192 2.000000000 2
1086 570 3 8192 2.000000000 2
1086 974 3 8192 2.000000000 2
1086 994 3 8192 2.000000000 2
1086 1038 3 8192 2.000000000 2
1086 1230 3 8192 2.000000000 2
1090 10 3 8192 2.000000000 2
1090 166 3 8192 2.000000000 2
1090 450 3 8192 2.000000000 2
1090 570 3 8192 2.000000000 2
1090 974 3 8192 2.000000000 2
1090 994 3 8192 2.000000000 2
1090 1038 3 8192 2.000000000 2
1090 1230 3 8192 2.000000000 2
1098 10 3 8192 2.000000000 2
1098 166 3 8192 2.000000000 2
1098 450 3 8192 2.000000000 2
1098 570 3 8192 2.000000000 2
1098 974 3 8192 2.000000000 2
1098 994 3 8192 2.000000000 2
1098 1038 3 8192 2.000000000 2
1098 1230 3 8192 2.000000000 2
1106 10 3 8192 2.000000000 2
1106 166 3 8192 2.000000000 2
1106 450 3 8192 2.000000000 2
1106 570 3 8192 2.000000000 2
1106 974 3 8192 2.000000000 2
1106 994 3 8192 2.000000000 2
1106 1038 3 8192 2.000000000 2
1106 1230 3 8192 2.000000000 2
1110 10 3 8192 2.000000000 2
1110 166 3 8192 2.000000000 2
1110 450 3 8192 2.000000000 2
1110 570 3 8192 2.000000000 2
1110 974 3 8192 2.000000000 2
1110 994 3 8192 2.000000000 2
1110 1038 3 8192 2.000000000 2
1110 1230 3 8192 2.000000000 2
1114 10 3 8192 2.000000000 2
1114 166 3 8192 2.000000000 2
1114 450 3 8192 2.000000000 2
1114 570 3 8192 2.000000000 2
1114 974 3 8192 2.000000000 2
1114 994 3 8192 2.000000000 2
1114 1038 3 8192 2.000000000 2
1114 1230 3 8192 2.000000000 2
1118 10 3 8192 2.000000000 2
1118 166 3 8192 2.000000000 2
1118 450 3 8192 2.000000000 2
1118 570 3 8192 2.000000000 2
1118 974 3 8192 2.000000000 2
1118 994 3 8192 2.000000000 2
1118 1038 3 8192 2.000000000 2
1118 1230 3 8192 2.000000000 2
1122 10 3 8192 2.000000000 2
1122 166 3 8192 2.000000000 2
1122 450 3 8192 2.000000000 2
1122 570 3 8192 2.000000000 2
1122 974 3 8192 2.000000000 2
1122 994 3 8192 2.000000000 2
1122 1038 3 8192 2.000000000 2
1122 1230 3 8192 2.000000000 2
1126 10 3 8192 2.000000000 2
1126 166 3 8192 2.000000000 2
1126 450 3 8192 2.000000000 2
1126 570 3 8192 2.000000000 2
1126 974 3 8192 2.000000000 2
1126 994 3 8192 2.000000000 2
1126 1038 3 8192 2.000000000 2
1126 1230 3 8192 2.000000000 2
1130 10 3 8192 2.000000000 2
1130 166 3 8192 2.000000000 2
1130 450 3 8192 2.000000000 2
1130 570 3 8192 2.000000000 2
1130 974 3 8192 2.000000000 2
1130 994 3 8192 2.000000000 2
1130 1038 3 8192 2.000000000 2
1130 1230 3 8192 2.000000000 2
1138 10 3 8192 2.000000000 2
1138 166 3 8192 2.000000000 2
1138 450 3 8192 2.000000000 2
1138 570 3 8192 2.000000000 2
1138 974 3 8192 2.000000000 2
1138 994 3 8192 2.000000000 2
1138 1038 3 8192 2.000000000 2
1138 1230 3 8192 2.000000000 2
1142 10 3 8192 2.000000000 2
1142 166 3 8192 2.000000000 2
1142 450 3 8192 2.000000000 2
1142 570 3 8192 2.000000000 2
1142 974 3 8192 2.000000000 2
1142 994 3 8192 2.000000000 2
1142 1038 3 8192 2.000000000 2
1142 1230 3 8192 2.000000000 2
1146 10 3 8192 2.000000000 2
1146 166 3 8192 2.000000000 2
1146 450 3 8192 2.000000000 2
1146 570 3 8192 2.000000000 2
1146 974 3 8192 2.000000000 2
1146 994 3 8192 2.000000000 2
1146 1038 3 8192 2.000000000 2
1146 1230 3 8192 2.000000000 2
1150 10 3 8192 2.000000000 2
1150 166 3 8192 2.000000000 2
1150 450 3 8192 2.000000000 2
1150 570 3 8192 2.000000000 2
1150 974 3 8192 2.000000000 2
1150 994 3 8192 2.000000000 2
1150 1038 3 8192 2.000000000 2
1150 1230 3 8192 2.000000000 2
1154 10 3 8192 2.000000000 2
1154 166 3 8192 2.000000000 2
1154 450 3 8192 2.000000000 2
1154 570 3 8192 2.000000000 2
1154 974 3 8192 2.000000000 2
1154 994 3 8192 2.000000000 2
1154 1038 3 8192 2.000000000 2
1154 1230 3 8192 2.000000000 2
1158 10 3 8192 2.000000000 2
1158 166 3 8192 2.000000000 2
1158 450 3 8192 2.000000000 2
1158 570 3 8192 2.000000000 2
1158 974 3 8192 2.000000000 2
1158 994 3 8192 2.000000000 2
1158 1038 3 8192 2.000000000 2
1158 1230 3 8192 2.000000000 2
1162 10 3 8192 2.000000000 2
1162 166 3 8192 2.000000000 2
1162 450 3 8192 2.000000000 2
1162 570 3 8192 2.000000000 2
1162 974 3 8192 2.000000000 2
1162 994 3 8192 2.000000000 2
1162 1038 3 8192 2.000000000 2
1162 1230 3 8192 2.000000000 2
1166 10 3 8192 2.000000000 2
1166 166 3 8192 2.000000000 2
1166 450 3 8192 2.000000000 2
1166 570 3 8192 2.000000000 2
1166 974 3 8192 2.000000000 2
1166 994 3 8192 2.000000000 2
1166 1038 3 8192 2.000000000 2
1166 1230 3 8192 2.000000000 2
1170 10 3 8192 2.000000000 2
1170 166 3 8192 2.000000000 2
1170 450 3 8192 2.000000000 2
1170 570 3 8192 2.000000000 2
1170 974 3 8192 2.000000000 2
1170 994 3 8192 2.000000000 2
1170 1038 3 8192 2.000000000 2
1170 1230 3 8192 2.000000000 2
1174 10 3 8192 2.000000000 2
1174 166 3 8192 2.000000000 2
1174 450 3 8192 2.000000000 2
1174 570 3 8192 2.000000000 2
1174 974 3 8192 2.000000000 2
1174 994 3 8192 2.000000000 2
1174 1038 3 8192 2.000000000 2
1174 1230 3 8192 2.000000000 2
1182 10 3 8192 2.000000000 2
1182 166 3 8192 2.000000000 2
1182 450 3 8192 2.000000000 2
1182 570 3 8192 2.000000000 2
1182 974 3 8192 2.000000000 2
1182 994 3 8192 2.000000000 2
1182 1038 3 8192 2.000000000 2
1182 1230 3 8192 2.000000000 2
1186 10 3 8192 2.000000000 2
1186 166 3 8192 2.000000000 2
1186 450 3 8192 2.000000000 2
1186 570 3 8192 2.000000000 2
1186 974 3 8192 2.000000000 2
1186 994 3 8192 2.000000000 2
1186 1038 3 8192 2.000000000 2
1186 1230 3 8192 2.000000000 2
1190 10 3 8192 2.000000000 2
1190 166 3 8192 2.000000000 2
1190 450 3 8192 2.000000000 2
1190 570 3 8192 2.000000000 2
1190 974 3 8192 2.000000000 2
1190 994 3 8192 2.000000000 2
1190 1038 3 8192 2.000000000 2
1190 1230 3 8192 2.000000000 2
1194 10 3 8192 2.000000000 2
1194 166 3 8192 2.000000000 2
1194 450 3 8192 2.000000000 2
1194 570 3 8192 2.000000000 2
1194 974 3 8192 2.000000000 2
1194 994 3 8192 2.000000000 2
1194 1038 3 8192 2.000000000 2
1194 1230 3 8192 2.000000000 2
1202 10 3 8192 2.000000000 2
1202 166 3 8192 2.000000000 2
1202 450 3 8192 2.000000000 2
1202 570 3 8192 2.000000000 2
1202 974 3 8192 2.000000000 2
1202 994 3 8192 2.000000000 2
1202 1038 3 8192 2.000000000 2
1202 1230 3 8192 2.000000000 2
1210 10 3 8192 2.000000000 2
1210 166 3 8192 2.000000000 2
1210 450 3 8192 2.000000000 2
1210 570 3 8192 2.000000000 2
1210 974 3 8192 2.000000000 2
1210 994 3 8192 2.000000000 2
1210 1038 3 8192 2.000000000 2
1210 1230 3 8192 2.000000000 2
1214 10 3 8192 2.000000000 2
1214 166 3 8192 2.000000000 2
1214 450 3 8192 2.000000000 2
1214 570 3 8192 2.000000000 2
1214 974 3 8192 2.000000000 2
1214 994 3 8192 2.000000000 2
1214 1038 3 8192 2.000000000 2
1214 1230 3 8192 2.000000000 2
1218 10 3 8192 2.000000000 2
1218 166 3 8192 2.000000000 2
1218 450 3 8192 2.000000000 2
1218 570 3 8192 2.000000000 2
1218 974 3 8192 2.000000000 2
1218 994 3 8192 2.000000000 2
1218 1038 3 8192 2.000000000 2
1218 1230 3 8192 2.000000000 2
1222 10 3 8192 2.000000000 2
1222 166 3 8192 2.000000000 2
1222 450 3 8192 2.000000000 2
1222 570 3 8192 2.000000000 2
1222 974 3 8192 2.000000000 2
1222 994 3 8192 2.000000000 2
1222 1038 3 8192 2.000000000 2
1222 1230 3 8192 2.000000000 2
1226 10 3 8192 2.000000000 2
1226 166 3 8192 2.000000000 2
1226 450 3 8192 2.000000000 2
1226 570 3 8192 2.000000000 2
1226 974 3 8192 2.000000000 2
1226 994 3 8192 2.000000000 2
1226 1038 3 8192 2.000000000 2
1226 1230 3 8192 2.000000000 2
1230 10 3 8192 2.000000000 2
1230 166 3 8192 2.000000000 2
1230 450 3 8192 2.000000000 2
1230 570 3 8192 2.000000000 2
1230 974 3 8192 2.000000000 2
1230 994 3 8192 2.000000000 2
1230 1038 3 8192 2.000000000 2
1234 10 3 8192 2.000000000 2
1234 166 3 8192 2.000000000 2
1234 450 3 8192 2.000000000 2
1234 570 3 8192 2.000000000 2
1234 974 3 8192 2.000000000 2
1234 994 3 8192 2.000000000 2
1234 1038 3 8192 2.000000000 2
1234 1230 3 8192 2.000000000 2
1238 10 3 8192 2.000000000 2
1238 166 3 8192 2.000000000 2
1238 450 3 8192 2.000000000 2
1238 570 3 8192 2.000000000 2
1238 974 3 8192 2.000000000 2
1238 994 3 8192 2.000000000 2
1238 1038 3 8192 2.000000000 2
1238 1230 3 8192 2.000000000 2
1242 10 3 8192 2.000000000 2
1242 166 3 8192 2.000000000 2
1242 450 3 8192 2.000000000 2
1242 570 3 8192 2.000000000 2
1242 974 3 8192 2.000000000 2
1242 994 3 8192 2.000000000 2
1242 1038 3 8192 2.000000000 2
1242 1230 3 8192 2.000000000 2
1250 10 3 8192 2.000000000 2
1250 166 3 8192 2.000000000 2
1250 450 3 8192 2.000000000 2
1250 570 3 8192 2.000000000 2
1250 974 3 8192 2.000000000 2
1250 994 3 8192 2.000000000 2
1250 1038 3 8192 2.000000000 2
1250 1230 3 8192 2.000000000 2
1254 10 3 8192 2.000000000 2
1254 166 3 8192 2.000000000 2
1254 450 3 8192 2.000000000 2
1254 570 3 8192 2.000000000 2
1254 974 3 8192 2.000000000 2
1254 994 3 8192 2.000000000 2
1254 1038 3 8192 2.000000000 2
1254 1230 3 8192 2.000000000 2
1262 10 3 8192 2.000000000 2
1262 166 3 8192 2.000000000 2
1262 450 3 8192 2.000000000 2
1262 570 3 8192 2.000000000 2
1262 974 3 8192 2.000000000 2
1262 994 3 8192 2.000000000 2
1262 1038 3 8192 2.000000000 2
1262 1230 3 8192 2.000000000 2
1266 10 3 8192 2.000000000 2
1266 166 3 8192 2.000000000 2
1266 450 3 8192 2.000000000 2
1266 570 3 8192 2.000000000 2
1266 974 3 8192 2.000000000 2
1266 994 3 8192 2.000000000 2
1266 1038 3 8192 2.000000000 2
1266 1230 3 8192 2.000000000 2
1274 10 3 8192 2.000000000 2
1274 166 3 8192 2.000000000 2
1274 450 3 8192 2.000000000 2
1274 570 3 8192 2.000000000 2
1274 974 3 8192 2.000000000 2
1274 994 3 8192 2.000000000 2
1274 1038 3 8192 2.000000000 2
1274 1230 3 8192 2.000000000 2
1278 10 3 8192 2.000000000 2
1278 166 3 8192 2.000000000 2
1278 450 3 8192 2.000000000 2
1278 570 3 8192 2.000000000 2
1278 974 3 8192 2.000000000 2
1278 994 3 8192 2.000000000 2
1278 1038 3 8192 2.000000000 2
1278 1230 3 8192 2.000000000 2
3 431 3 8192 2.000000000 2
3 511 3 8192 2.000000000 2
3 703 3 8192 2.000000000 2
3 759 3 8192 2.000000000 2
3 783 3 8192 2.000000000 2
3 1087 3 8192 2.000000000 2
3 1163 3 8192 2.000000000 2
3 1243 3 8192 2.000000000 2
11 431 3 8192 2.000000000 2
11 511 3 8192 2.000000000 2
11 703 3 8192 2.000000000 2
11 759 3 8192 2.000000000 2
11 783 3 8192 2.000000000 2
11 1087 3 8192 2.000000000 2
11 1163 3 8192 2.000000000 2
11 1243 3 8192 2.000000000 2
15 431 3 8192 2.000000000 2
15 511 3 8192 2.000000000 2
15 703 3 8192 2.000000000 2
15 759 3 8192 2.000000000 2
15 783 3 8192 2.000000000 2
15 1087 3 8192 2.000000000 2
15 1163 3 8192 2.000000000 2
15 1243 3 8192 2.000000000 2
19 431 3 8192 2.000000000 2
19 511 3 8192 2.000000000 2
19 703 3 8192 2.000000000 2
19 759 3 8192 2.000000000 2
19 783 3 8192 2.000000000 2
19 1087 3 8192 2.000000000 2
19 1163 3 8192 2.000000000 2
19 1243 3 8192 2.000000000 2
27 431 3 8192 2.000000000 2
27 511 3 8192 2.000000000 2
27 703 3 8192 2.000000000 2
27 759 3 8192 2.000000000 2
27 783 3 8192 2.000000000 2
27 1087 3 8192 2.000000000 2
27 1163 3 8192 2.000000000 2
27 1243 3 8192 2.000000000 2
31 431 3 8192 2.000000000 2
31 511 3 8192 2.000000000 2
31 703 3 8192 2.000000000 2
31 759 3 8192 2.000000000 2
31 783 3 8192 2.000000000 2
31 1087 3 8192 2.000000000 2
31 1163 3 8192 2.000000000 2
31 1243 3 8192 2.000000000 2
35 431 3 8192 2.000000000 2
35 511 3 8192 2.000000000 2
35 703 3 8192 2.000000000 2
35 759 3 8192 2.000000000 2
35 783 3 8192 2.000000000 2
35 1087 3 8192 2.000000000 2
35 1163 3 8192 2.000000000 2
35 1243 3 8192 2.000000000 2
39 431 3 8192 2.000000000 2
39 511 3 8192 2.000000000 2
39 703 3 8192 2.000000000 2
39 759 3 8192 2.000000000 2
39 783 3 8192 2.000000000 2
39 1087 3 8192 2.000000000 2
39 1163 3 8192 2.000000000 2
39 1243 3 8192 2.000000000 2
51 431 3 8192 2.000000000 2
51 511 3 8192 2.000000000 2
51 703 3 8192 2.000000000 2
51 759 3 8192 2.000000000 2
51 783 3 8192 2.000000000 2
51 1087 3 8192 2.000000000 2
51 1163 3 8192 2.000000000 2
51 1243 3 8192 2.000000000 2
55 431 3 8192 2.000000000 2
55 511 3 8192 2.000000000 2
55 703 3 8192 2.000000000 2
55 759 3 8192 2.000000000 2
55 783 3 8192 2.000000000 2
55 1087 3 8192 2.000000000 2
55 1163 3 8192 2.000000000 2
55 1243 3 8192 2.000000000 2
59 431 3 8192 2.000000000 2
59 511 3 8192 2.000000000 2
59 703 3 8192 2.000000000 2
59 759 3 8192 2.000000000 2
59 783 3 8192 2.000000000 2
59 1087 3 8192 2.000000000 2
59 1163 3 8192 2.000000000 2
59 1243 3 8192 2.000000000 2
63 431 3 8192 2.000000000 2
63 511 3 8192 2.000000000 2
63 703 3 8192 2.000000000 2
63 759 3 8192 2.000000000 2
63 783 3 8192 2.000000000 2
63 1087 3 8192 2.000000000 2
63 1163 3 8192 2.000000000 2
63 1243 3 8192 2.000000000 2
67 431 3 8192 2.000000000 2
67 511 3 8192 2.000000000 2
67 703 3 8192 2.000000000 2
67 759 3 8192 2.000000000 2
67 783 3 8192 2.000000000 2
67 1087 3 8192 2.000000000 2
67 1163 3 8192 2.000000000 2
67 1243 3 8192 2.000000000 2
71 431 3 8192 2.000000000 2
71 511 3 8192 2.000000000 2
71 703 3 8192 2.000000000 2
71 759 3 8192 2.000000000 2
71 783 3 8192 2.000000000 2
71 1087 3 8192 2.000000000 2
71 1163 3 8192 2.000000000 2
71 1243 3 8192 2.000000000 2
75 431 3 8192 2.000000000 2
75 511 3 8192 2.000000000 2
75 703 3 8192 2.000000000 2
75 759 3 8192 2.000000000 2
75 783 3 8192 2.000000000 2
75 1087 3 8192 2.000000000 2
75 1163 3 8192 2.000000000 2
75 1243 3 8192 2.000000000 2
83 431 3 8192 2.000000000 2
83 511 3 8192 2.000000000 2
83 703 3 8192 2.000000000 2
83 759 3 8192 2.000000000 2
83 783 3 8192 2.000000000 2
83 1087 3 8192 2.000000000 2
83 1163 3 8192 2.000000000 2
83 1243 3 8192 2.000000000 2
87 431 3 8192 2.000000000 2
87 511 3 8192 2.000000000 2
87 703 3 8192 2.000000000 2
87 759 3 8192 2.000000000 2
87 783 3 8192 2.000000000 2
87 1087 3 8192 2.000000000 2
87 1163 3 8192 2.000000000 2
87 1243 3 8192 2.000000000 2
91 431 3 8192 2.000000000 2
91 511 3 8192 2.000000000 2
91 703 3 8192 2.000000000 2
91 759 3 8192 2.000000000 2
91 783 3 8192 2.000000000 2
91 1087 3 8192 2.000000000 2
91 1163 3 8192 2.000000000 2
91 1243 3 8192 2.000000000 2
95 431 3 8192 2.000000000 2
95 511 3 8192 2.000000000 2
95 703 3 8192 2.000000000 2
95 759 3 8192 2.000000000 2
95 783 3 8192 2.000000000 2
95 1087 3 8192 2.000000000 2
95 1163 3 8192 2.000000000 2
95 1243 3 8192 2.000000000 2
99 431 3 8192 2.000000000 2
99 511 3 8192 2.000000000 2
99 703 3 8192 2.000000000 2
99 759 3 8192 2.000000000 2
99 783 3 8192 2.000000000 2
99 1087 3 8192 2.000000000 2
99 1163 3 8192 2.000000000 2
99 1243 3 8192 2.000000000 2
111 431 3 8192 2.000000000 2
111 511 3 8192 2.000000000 2
111 703 3 8192 2.000000000 2
111 759 3 8192 2.000000000 2
111 783 3 8192 2.000000000 2
111 1087 3 8192 2.000000000 2
111 1163 3 8192 2.000000000 2
111 1243 3 8192 2.000000000 2
115 431 3 8192 2.000000000 2
115 511 3 8192 2.000000000 2
115 703 3 8192 2.000000000 2
115 759 3 8192 2.000000000 2
115 783 3 8192 2.000000000 2
115 1087 3 8192 2.000000000 2
115 1163 3 8192 2.000000000 2
115 1243 3 8192 2.000000000 2
119 431 3 8192 2.000000000 2
119 511 3 8192 2.000000000 2
119 703 3 8192 2.000000000 2
119 759 3 8192 2.000000000 2
119 783 3 8192 2.000000000 2
119 1087 3 8192 2.000000000 2
119 1163 3 8192 2.000000000 2
119 1243 3 8192 2.000000000 2
123 431 3 8192 2.000000000 2
123 511 3 8192 2.000000000 2
123 703 3 8192 2.000000000 2
123 759 3 8192 2.000000000 2
123 783 3 8192 2.000000000 2
123 1087 3 8192 2.000000000 2
123 1163 3 8192 2.000000000 2
123 1243 3 8192 2.000000000 2
127 431 3 8192 2.000000000 2
127 511 3 8192 2.000000000 2
127 703 3 8192 2.000000000 2
127 759 3 8192 2.000000000 2
127 783 3 8192 2.000000000 2
127 1087 3 8192 2.000000000 2
127 1163 3 8192 2.000000000 2
127 1243 3 8192 2.000000000 2
131 431 3 8192 2.000000000 2
131 511 3 8192 2.000000000 2
131 703 3 8192 2.000000000 2
131 759 3 8192 2.000000000 2
131 783 3 8192 2.000000000 2
131 1087 3 8192 2.000000000 2
131 1163 3 8192 2.000000000 2
131 1243 3 8192 2.000000000 2
143 431 3 8192 2.000000000 2
143 511 3 8192 2.000000000 2
143 703 3 8192 2.000000000 2
143 759 3 8192 2.000000000 2
143 783 3 8192 2.000000000 2
143 1087 3 8192 2.000000000 2
143 1163 3 8192 2.000000000 2
143 1243 3 8192 2.000000000 2
147 431 3 8192 2.000000000 2
147 511 3 8192 2.000000000 2
147 703 3 8192 2.000000000 2
147 759 3 8192 2.000000000 2
147 783 3 8192 2.000000000 2
147 1087 3 8192 2.000000000 2
147 1163 3 8192 2.000000000 2
147 1243 3 8192 2.000000000 2
159 431 3 8192 2.000000000 2
159 511 3 8192 2.000000000 2
159 703 3 8192 2.000000000 2
159 759 3 8192 2.000000000 2
159 783 3 8192 2.000000000 2
159 1087 3 8192 2.000000000 2
159 1163 3 8192 2.000000000 2
159 1243 3 8192 2.000000000 2
163 431 3 8192 2.000000000 2
163 511 3 8192 2.000000000 2
163 703 3 8192 2.000000000 2
163 759 3 8192 2.000000000 2
163 783 3 8192 2.000000000 2
163 1087 3 8192 2.000000000 2
163 1163 3 8192 2.000000000 2
163 1243 3 8192 2.000000000 2
167 431 3 8192 2.000000000 2
167 511 3 8192 2.000000000 2
167 703 3 8192 2.000000000 2
167 759 3 8192 2.000000000 2
167 783 3 8192 2.000000000 2
167 1087 3 8192 2.000000000 2
167 1163 3 8192 2.000000000 2
167 1243 3 8192 2.000000000 2
171 431 3 8192 2.000000000 2
171 511 3 8192 2.000000000 2
171 703 3 8192 2.000000000 2
171 759 3 8192 2.000000000 2
171 783 3 8192 2.000000000 2
171 1087 3 8192 2.000000000 2
171 1163 3 8192 2.000000000 2
171 1243 3 8192 2.000000000 2
175 431 3 8192 2.000000000 2
175 511 3 8192 2.000000000 2
175 703 3 8192 2.000000000 2
175 759 3 8192 2.000000000 2
175 783 3 8192 2.000000000 2
175 1087 3 8192 2.000000000 2
175 1163 3 8192 2.000000000 2
175 1243 3 8192 2.000000000 2
179 431 3 8192 2.000000000 2
179 511 3 8192 2.000000000 2
179 703 3 8192 2.000000000 2
179 759 3 8192 2.000000000 2
179 783 3 8192 2.000000000 2
179 1087 3 8192 2.000000000 2
179 1163 3 8192 2.000000000 2
179 1243 3 8192 2.000000000 2
183 431 3 8192 2.000000000 2
183 511 3 8192 2.000000000 2
183 703 3 8192 2.000000000 2
183 759 3 8192 2.000000000 2
183 783 3 8192 2.000000000 2
183 1087 3 8192 2.000000000 2
183 1163 3 8192 2.000000000 2
183 1243 3 8192 2.000000000 2
191 431 3 8192 2.000000000 2
191 511 3 8192 2.000000000 2
191 703 3 8192 2.000000000 2
191 759 3 8192 2.000000000 2
191 783 3 8192 2.000000000 2
191 1087 3 8192 2.000000000 2
191 1163 3 8192 2.000000000 2
191 1243 3 8192 2.000000000 2
199 431 3 8192 2.000000000 2
199 511 3 8192 2.000000000 2
199 703 3 8192 2.000000000 2
199 759 3 8192 2.000000000 2
199 783 3 8192 2.000000000 2
199 1087 3 8192 2.000000000 2
199 1163 3 8192 2.000000000 2
199 1243 3 8192 2.000000000 2
203 431 3 8192 2.000000000 2
203 511 3 8192 2.000000000 2
203 703 3 8192 2.000000000 2
203 759 3 8192 2.000000000 2
203 783 3 8192 2.000000000 2
203 1087 3 8192 2.000000000 2
203 1163 3 8192 2.000000000 2
203 1243 3 8192 2.000000000 2
207 431 3 8192 2.000000000 2
207 511 3 8192 2.000000000 2
207 703 3 8192 2.000000000 2
207 759 3 8192 2.000000000 2
207 783 3 8192 2.000000000 2
207 1087 3 8192 2.000000000 2
207 1163 3 8192 2.000000000 2
207 1243 3 8192 2.000000000 2
211 431 3 8192 2.000000000 2
211 511 3 8192 2.000000000 2
211 703 3 8192 2.000000000 2
211 759 3 8192 2.000000000 2
211 783 3 8192 2.000000000 2
211 1087 3 8192 2.000000000 2
211 1163 3 8192 2.000000000 2
211 1243 3 8192 2.000000000 2
219 431 3 8192 2.000000000 2
219 511 3 8192 2.000000000 2
219 703 3 8192 2.000000000 2
219 759 3 8192 2.000000000 2
219 783 3 8192 2.000000000 2
219 1087 3 8192 2.000000000 2
219 1163 3 8192 2.000000000 2
219 1243 3 8192 2.000000000 2
223 431 3 8192 2.000000000 2
223 511 3 8192 2.000000000 2
223 703 3 8192 2.000000000 2
223 759 3 8192 2.000000000 2
223 783 3 8192 2.000000000 2
223 1087 3 8192 2.000000000 2
223 1163 3 8192 2.000000000 2
223 1243 3 8192 2.000000000 2
227 431 3 8192 2.000000000 2
227 511 3 8192 2.000000000 2
227 703 3 8192 2.000000000 2
227 759 3 8192 2.000000000 2
227 783 3 8192 2.000000000 2
227 1087 3 8192 2.000000000 2
227 1163 3 8192 2.000000000 2
227 1243 3 8192 2.000000000 2
231 431 3 8192 2.000000000 2
231 511 3 8192 2.000000000 2
231 703 3 8192 2.000000000 2
231 759 3 8192 2.000000000 2
231 783 3 8192 2.000000000 2
231 1087 3 8192 2.000000000 2
231 1163 3 8192 2.000000000 2
231 1243 3 8192 2.000000000 2
235 431 3 8192 2.000000000 2
235 511 3 8192 2.000000000 2
235 703 3 8192 2.000000000 2
235 759 3 8192 2.000000000 2
235 783 3 8192 2.000000000 2
235 1087 3 8192 2.000000000 2
235 1163 3 8192 2.000000000 2
235 1243 3 8192 2.000000000 2
239 431 3 8192 2.000000000 2
239 511 3 8192 2.000000000 2
239 703 3 8192 2.000000000 2
239 759 3 8192 2.000000000 2
239 783 3 8192 2.000000000 2
239 1087 3 8192 2.000000000 2
239 1163 3 8192 2.000000000 2
239 1243 3 8192 2.000000000 2
243 431 3 8192 2.000000000 2
243 511 3 8192 2.000000000 2
243 703 3 8192 2.000000000 2
243 759 3 8192 2.000000000 2
243 783 3 8192 2.000000000 2
243 1087 3 8192 2.000000000 2
243 1163 3 8192 2.000000000 2
243 1243 3 8192 2.000000000 2
247 431 3 8192 2.000000000 2
247 511 3 8192 2.000000000 2
247 703 3 8192 2.000000000 2
247 759 3 8192 2.000000000 2
247 783 3 8192 2.000000000 2
247 1087 3 8192 2.000000000 2
247 1163 3 8192 2.000000000 2
247 1243 3 8192 2.000000000 2
251 431 3 8192 2.000000000 2
251 511 3 8192 2.000000000 2
251 703 3 8192 2.000000000 2
251 759 3 8192 2.000000000 2
251 783 3 8192 2.000000000 2
251 1087 3 8192 2.000000000 2
251 1163 3 8192 2.000000000 2
251 1243 3 8192 2.000000000 2
255 431 3 8192 2.000000000 2
255 511 3 8192 2.000000000 2
255 703 3 8192 2.000000000 2
255 759 3 8192 2.000000000 2
255 783 3 8192 2.000000000 2
255 1087 3 8192 2.000000000 2
255 1163 3 8192 2.000000000 2
255 1243 3 8192 2.000000000 2
259 431 3 8192 2.000000000 2
259 511 3 8192 2.000000000 2
259 703 3 8192 2.000000000 2
259 759 3 8192 2.000000000 2
259 783 3 8192 2.000000000 2
259 1087 3 8192 2.000000000 2
259 1163 3 8192 2.000000000 2
259 1243 3 8192 2.000000000 2
263 431 3 8192 2.000000000 2
263 511 3 8192 2.000000000 2
263 703 3 8192 2.000000000 2
263 759 3 8192 2.000000000 2
263 783 3 8192 2.000000000 2
263 1087 3 8192 2.000000000 2
263 1163 3 8192 2.000000000 2
263 1243 3 8192 2.000000000 2
267 431 3 8192 2.000000000 2
267 511 3 8192 2.000000000 2
267 703 3 8192 2.000000000 2
267 759 3 8192 2.000000000 2
267 783 3 8192 2.000000000 2
267 1087 3 8192 2.000000000 2
267 1163 3 8192 2.000000000 2
267 1243 3 8192 2.000000000 2
271 431 3 8192 2.000000000 2
271 511 3 8192 2.000000000 2
271 703 3 8192 2.000000000 2
271 759 3 8192 2.000000000 2
271 783 3 8192 2.000000000 2
271 1087 3 8192 2.000000000 2
271 1163 3 8192 2.000000000 2
271 1243 3 8192 2.000000000 2
275 431 3 8192 2.000000000 2
275 511 3 8192 2.000000000 2
275 703 3 8192 2.000000000 2
275 759 3 8192 2.000000000 2
275 783 3 8192 2.000000000 2
275 1087 3 8192 2.000000000 2
275 1163 3 8192 2.000000000 2
275 1243 3 8192 2.000000000 2
279 431 3 8192 2.000000000 2
279 511 3 8192 2.000000000 2
279 703 3 8192 2.000000000 2
279 759 3 8192 2.000000000 2
279 783 3 8192 2.000000000 2
279 1087 3 8192 2.000000000 2
279 1163 3 8192 2.000000000 2
279 1243 3 8192 2.000000000 2
283 431 3 8192 2.000000000 2
283 511 3 8192 2.000000000 2
283 703 3 8192 2.000000000 2
283 759 3 8192 2.000000000 2
283 783 3 8192 2.000000000 2
283 1087 3 8192 2.000000000 2
283 1163 3 8192 2.000000000 2
283 1243 3 8192 2.000000000 2
287 431 3 8192 2.000000000 2
287 511 3 8192 2.000000000 2
287 703 3 8192 2.000000000 2
287 759 3 8192 2.000000000 2
287 783 3 8192 2.000000000 2
287 1087 3 8192 2.000000000 2
287 1163 3 8192 2.000000000 2
287 1243 3 8192 2.000000000 2
295 431 3 8192 2.000000000 2
295 511 3 8192 2.000000000 2
295 703 3 8192 2.000000000 2
295 759 3 8192 2.000000000 2
295 783 3 8192 2.000000000 2
295 1087 3 8192 2.000000000 2
295 1163 3 8192 2.000000000 2
295 1243 3 8192 2.000000000 2
303 431 3 8192 2.000000000 2
303 511 3 8192 2.000000000 2
303 703 3 8192 2.000000000 2
303 759 3 8192 2.000000000 2
303 783 3 8192 2.000000000 2
303 1087 3 8192 2.000000000 2
303 1163 3 8192 2.000000000 2
303 1243 3 8192 2.000000000 2
307 431 3 8192 2.000000000 2
307 511 3 8192 2.000000000 2
307 703 3 8192 2.000000000 2
307 759 3 8192 2.000000000 2
307 783 3 8192 2.000000000 2
307 1087 3 8192 2.000000000 2
307 1163 3 8192 2.000000000 2
307 1243 3 8192 2.000000000 2
315 431 3 8192 2.000000000 2
315 511 3 8192 2.000000000 2
315 703 3 8192 2.000000000 2
315 759 3 8192 2.000000000 2
315 783 3 8192 2.000000000 2
315 1087 3 8192 2.000000000 2
315 1163 3 8192 2.000000000 2
315 1243 3 8192 2.000000000 2
319 431 3 8192 2.000000000 2
319 511 3 8192 2.000000000 2
319 703 3 8192 2.000000000 2
319 759 3 8192 2.000000000 2
319 783 3 8192 2.000000000 2
319 1087 3 8192 2.000000000 2
319 1163 3 8192 2.000000000 2
319 1243 3 8192 2.000000000 2
323 431 3 8192 2.000000000 2
323 511 3 8192 2.000000000 2
323 703 3 8192 2.000000000 2
323 759 3 8192 2.000000000 2
323 783 3 8192 2.000000000 2
323 1087 3 8192 2.000000000 2
323 1163 3 8192 2.000000000 2
323 1243 3 8192 2.000000000 2
327 431 3 8192 2.000000000 2
327 511 3 8192 2.000000000 2
327 703 3 8192 2.000000000 2
327 759 3 8192 2.000000000 2
327 783 3 8192 2.000000000 2
327 1087 3 8192 2.000000000 2
327 1163 3 8192 2.000000000 2
327 1243 3 8192 2.000000000 2
331 431 3 8192 2.000000000 2
331 511 3 8192 2.000000000 2
331 703 3 8192 2.000000000 2
331 759 3 8192 2.000000000 2
331 783 3 8192 2.000000000 2
331 1087 3 8192 2.000000000 2
331 1163 3 8192 2.000000000 2
331 1243 3 8192 2.000000000 2
335 431 3 8192 2.000000000 2
335 511 3 8192 2.000000000 2
335 703 3 8192 2.000000000 2
335 759 3 8192 2.000000000 2
335 783 3 8192 2.000000000 2
335 1087 3 8192 2.000000000 2
335 1163 3 8192 2.000000000 2
335 1243 3 8192 2.000000000 2
339 431 3 8192 2.000000000 2
339 511 3 8192 2.000000000 2
339 703 3 8192 2.000000000 2
339 759 3 8192 2.000000000 2
339 783 3 8192 2.000000000 2
339 1087 3 8192 2.000000000 2
339 1163 3 8192 2.000000000 2
339 1243 3 8192 2.000000000 2
343 431 3 8192 2.000000000 2
343 511 3 8192 2.000000000 2
343 703 3 8192 2.000000000 2
343 759 3 8192 2.000000000 2
343 783 3 8192 2.000000000 2
343 1087 3 8192 2.000000000 2
343 1163 3 8192 2.000000000 2
343 1243 3 8192 2.000000000 2
351 431 3 8192 2.000000000 2
351 511 3 8192 2.000000000 2
351 703 3 8192 2.000000000 2
351 759 3 8192 2.000000000 2
351 783 3 8192 2.000000000 2
351 1087 3 8192 2.000000000 2
351 1163 3 8192 2.000000000 2
351 1243 3 8192 2.000000000 2
363 431 3 8192 2.000000000 2
363 511 3 8192 2.000000000 2
363 703 3 8192 2.000000000 2
363 759 3 8192 2.000000000 2
363 783 3 8192 2.000000000 2
363 1087 3 8192 2.000000000 2
363 1163 3 8192 2.000000000 2
363 1243 3 8192 2.000000000 2
367 431 3 8192 2.000000000 2
367 511 3 8192 2.000000000 2
367 703 3 8192 2.000000000 2
367 759 3 8192 2.000000000 2
367 783 3 8192 2.000000000 2
367 1087 3 8192 2.000000000 2
367 1163 3 8192 2.000000000 2
367 1243 3 8192 2.000000000 2
371 431 3 8192 2.000000000 2
371 511 3 8192 2.000000000 2
371 703 3 8192 2.000000000 2
371 759 3 8192 2.000000000 2
371 783 3 8192 2.000000000 2
371 1087 3 8192 2.000000000 2
371 1163 3 8192 2.000000000 2
371 1243 3 8192 2.000000000 2
383 431 3 8192 2.000000000 2
383 511 3 8192 2.000000000 2
383 703 3 8192 2.000000000 2
383 759 3 8192 2.000000000 2
383 783 3 8192 2.000000000 2
383 1087 3 8192 2.000000000 2
383 1163 3 8192 2.000000000 2
383 1243 3 8192 2.000000000 2
391 431 3 8192 2.000000000 2
391 511 3 8192 2.000000000 2
391 703 3 8192 2.000000000 2
391 759 3 8192 2.000000000 2
391 783 3 8192 2.000000000 2
391 1087 3 8192 2.000000000 2
391 1163 3 8192 2.000000000 2
391 1243 3 8192 2.000000000 2
395 431 3 8192 2.000000000 2
395 511 3 8192 2.000000000 2
395 703 3 8192 2.000000000 2
395 759 3 8192 2.000000000 2
395 783 3 8192 2.000000000 2
395 1087 3 8192 2.000000000 2
395 1163 3 8192 2.000000000 2
395 1243 3 8192 2.000000000 2
407 431 3 8192 2.000000000 2
407 511 3 8192 2.000000000 2
407 703 3 8192 2.000000000 2
407 759 3 8192 2.000000000 2
407 783 3 8192 2.000000000 2
407 1087 3 8192 2.000000000 2
407 1163 3 8192 2.000000000 2
407 1243 3 8192 2.000000000 2
411 431 3 8192 2.000000000 2
411 511 3 8192 2.000000000 2
411 703 3 8192 2.000000000 2
411 759 3 8192 2.000000000 2
411 783 3 8192 2.000000000 2
411 1087 3 8192 2.000000000 2
411 1163 3 8192 2.000000000 2
411 1243 3 8192 2.000000000 2
419 431 3 8192 2.000000000 2
419 511 3 8192 2.000000000 2
419 703 3 8192 2.000000000 2
419 759 3 8192 2.000000000 2
419 783 3 8192 2.000000000 2
419 1087 3 8192 2.000000000 2
419 1163 3 8192 2.000000000 2
419 1243 3 8192 2.000000000 2
431 511 3 8192 2.000000000 2
431 703 3 8192 2.000000000 2
431 759 3 8192 2.000000000 2
431 783 3 8192 2.000000000 2
431 1087 3 8192 2.000000000 2
431 1163 3 8192 2.000000000 2
431 1243 3 8192 2.000000000 2
435 431 3 8192 2.000000000 2
435 511 3 8192 2.000000000 2
435 703 3 8192 2.000000000 2
435 759 3 8192 2.000000000 2
435 783 3 8192 2.000000000 2
435 1087 3 8192 2.000000000 2
435 1163 3 8192 2.000000000 2
435 1243 3 8192 2.000000000 2
439 431 3 8192 2.000000000 2
439 511 3 8192 2.000000000 2
439 703 3 8192 2.000000000 2
439 759 3 8192 2.000000000 2
439 783 3 8192 2.000000000 2
439 1087 3 8192 2.000000000 2
439 1163 3 8192 2.000000000 2
439 1243 3 8192 2.000000000 2
443 431 3 8192 2.000000000 2
443 511 3 8192 2.000000000 2
443 703 3 8192 2.000000000 2
443 759 3 8192 2.000000000 2
443 783 3 8192 2.000000000 2
443 1087 3 8192 2.000000000 2
443 1163 3 8192 2.000000000 2
443 1243 3 8192 2.000000000 2
447 431 3 8192 2.000000000 2
447 511 3 8192 2.000000000 2
447 703 3 8192 2.000000000 2
447 759 3 8192 2.000000000 2
447 783 3 8192 2.000000000 2
447 1087 3 8192 2.000000000 2
447 1163 3 8192 2.000000000 2
447 1243 3 8192 2.000000000 2
451 431 3 8192 2.000000000 2
451 511 3 8192 2.000000000 2
451 703 3 8192 2.000000000 2
451 759 3 8192 2.000000000 2
451 783 3 8192 2.000000000 2
451 1087 3 8192 2.000000000 2
451 1163 3 8192 2.000000000 2
451 1243 3 8192 2.000000000 2
455 431 3 8192 2.000000000 2
455 511 3 8192 2.000000000 2
455 703 3 8192 2.000000000 2
455 759 3 8192 2.000000000 2
455 783 3 8192 2.000000000 2
455 1087 3 8192 2.000000000 2
455 1163 3 8192 2.000000000 2
455 1243 3 8192 2.000000000 2
459 431 3 8192 2.000000000 2
459 511 3 8192 2.000000000 2
459 703 3 8192 2.000000000 2
459 759 3 8192 2.000000000 2
459 783 3 8192 2.000000000 2
459 1087 3 8192 2.000000000 2
459 1163 3 8192 2.000000000 2
459 1243 3 8192 2.000000000 2
463 431 3 8192 2.000000000 2
463 511 3 8192 2.000000000 2
463 703 3 8192 2.000000000 2
463 759 3 8192 2.000000000 2
463 783 3 8192 2.000000000 2
463 1087 3 8192 2.000000000 2
463 1163 3 8192 2.000000000 2
463 1243 3 8192 2.000000000 2
467 431 3 8192 2.000000000 2
467 511 3 8192 2.000000000 2
467 703 3 8192 2.000000000 2
467 759 3 8192 2.000000000 2
467 783 3 8192 2.000000000 2
467 1087 3 8192 2.000000000 2
467 1163 3 8192 2.000000000 2
467 1243 3 8192 2.000000000 2
471 431 3 8192 2.000000000 2
471 511 3 8192 2.000000000 2
471 703 3 8192 2.000000000 2
471 759 3 8192 2.000000000 2
471 783 3 8192 2.000000000 2
471 1087 3 8192 2.000000000 2
471 1163 3 8192 2.000000000 2
471 1243 3 8192 2.000000000 2
475 431 3 8192 2.000000000 2
475 511 3 8192 2.000000000 2
475 703 3 8192 2.000000000 2
475 759 3 8192 2.000000000 2
475 783 3 8192 2.000000000 2
475 1087 3 8192 2.000000000 2
475 1163 3 8192 2.000000000 2
475 1243 3 8192 2.000000000 2
479 431 3 8192 2.000000000 2
479 511 3 8192 2.000000000 2
479 703 3 8192 2.000000000 2
479 759 3 8192 2.000000000 2
479 783 3 8192 2.000000000 2
479 1087 3 8192 2.000000000 2
479 1163 3 8192 2.000000000 2
479 1243 3 8192 2.000000000 2
487 431 3 8192 2.000000000 2
487 511 3 8192 2.000000000 2
487 703 3 8192 2.000000000 2
487 759 3 8192 2.000000000 2
487 783 3 8192 2.000000000 2
487 1087 3 8192 2.000000000 2
487 1163 3 8192 2.000000000 2
487 1243 3 8192 2.000000000 2
495 431 3 8192 2.000000000 2
495 511 3 8192 2.000000000 2
495 703 3 8192 2.000000000 2
495 759 3 8192 2.000000000 2
495 783 3 8192 2.000000000 2
495 1087 3 8192 2.000000000 2
495 1163 3 8192 2.000000000 2
495 1243 3 8192 2.000000000 2
499 431 3 8192 2.000000000 2
499 511 3 8192 2.000000000 2
499 703 3 8192 2.000000000 2
499 759 3 8192 2.000000000 2
499 783 3 8192 2.000000000 2
499 1087 3 8192 2.000000000 2
499 1163 3 8192 2.000000000 2
499 1243 3 8192 2.000000000 2
503 431 3 8192 2.000000000 2
503 511 3 8192 2.000000000 2
503 703 3 8192 2.000000000 2
503 759 3 8192 2.000000000 2
503 783 3 8192 2.000000000 2
503 1087 3 8192 2.000000000 2
503 1163 3 8192 2.000000000 2
503 1243 3 8192 2.000000000 2
507 431 3 8192 2.000000000 2
507 511 3 8192 2.000000000 2
507 703 3 8192 2.000000000 2
507 759 3 8192 2.000000000 2
507 783 3 8192 2.000000000 2
507 1087 3 8192 2.000000000 2
507 1163 3 8192 2.000000000 2
507 1243 3 8192 2.000000000 2
511 431 3 8192 2.000000000 2
511 703 3 8192 2.000000000 2
511 759 3 8192 2.000000000 2
511 783 3 8192 2.000000000 2
511 1087 3 8192 2.000000000 2
511 1163 3 8192 2.000000000 2
511 1243 3 8192 2.000000000 2
515 431 3 8192 2.000000000 2
515 511 3 8192 2.000000000 2
515 703 3 8192 2.000000000 2
515 759 3 8192 2.000000000 2
515 783 3 8192 2.000000000 2
515 1087 3 8192 2.000000000 2
515 1163 3 8192 2.000000000 2
515 1243 3 8192 2.000000000 2
519 431 3 8192 2.000000000 2
519 511 3 8192 2.000000000 2
519 703 3 8192 2.000000000 2
519 759 3 8192 2.000000000 2
519 783 3 8192 2.000000000 2
519 1087 3 8192 2.000000000 2
519 1163 3 8192 2.000000000 2
519 1243 3 8192 2.000000000 2
523 431 3 8192 2.000000000 2
523 511 3 8192 2.000000000 2
523 703 3 8192 2.000000000 2
523 759 3 8192 2.000000000 2
523 783 3 8192 2.000000000 2
523 1087 3 8192 2.000000000 2
523 1163 3 8192 2.000000000 2
523 1243 3 8192 2.000000000 2
527 431 3 8192 2.000000000 2
527 511 3 8192 2.000000000 2
527 703 3 8192 2.000000000 2
527 759 3 8192 2.000000000 2
527 783 3 8192 2.000000000 2
527 1087 3 8192 2.000000000 2
527 1163 3 8192 2.000000000 2
527 1243 3 8192 2.000000000 2
539 431 3 8192 2.000000000 2
539 511 3 8192 2.000000000 2
539 703 3 8192 2.000000000 2
539 759 3 8192 2.000000000 2
539 783 3 8192 2.000000000 2
539 1087 3 8192 2.000000000 2
539 1163 3 8192 2.000000000 2
539 1243 3 8192 2.000000000 2
543 431 3 8192 2.000000000 2
543 511 3 8192 2.000000000 2
543 703 3 8192 2.000000000 2
543 759 3 8192 2.000000000 2
543 783 3 8192 2.000000000 2
543 1087 3 8192 2.000000000 2
543 1163 3 8192 2.000000000 2
543 1243 3 8192 2.000000000 2
547 431 3 8192 2.000000000 2
547 511 3 8192 2.000000000 2
547 703 3 8192 2.000000000 2
547 759 3 8192 2.000000000 2
547 783 3 8192 2.000000000 2
547 1087 3 8192 2.000000000 2
547 1163 3 8192 2.000000000 2
547 1243 3 8192 2.000000000 2
551 431 3 8192 2.000000000 2
551 511 3 8192 2.000000000 2
551 703 3 8192 2.000000000 2
551 759 3 8192 2.000000000 2
551 783 3 8192 2.000000000 2
551 1087 3 8192 2.000000000 2
551 1163 3 8192 2.000000000 2
551 1243 3 8192 2.000000000 2
555 431 3 8192 2.000000000 2
555 511 3 8192 2.000000000 2
555 703 3 8192 2.000000000 2
555 759 3 8192 2.000000000 2
555 783 3 8192 2.000000000 2
555 1087 3 8192 2.000000000 2
555 1163 3 8192 2.000000000 2
555 1243 3 8192 2.000000000 2
563 431 3 8192 2.000000000 2
563 511 3 8192 2.000000000 2
563 703 3 8192 2.000000000 2
563 759 3 8192 2.000000000 2
563 783 3 8192 2.000000000 2
563 1087 3 8192 2.000000000 2
563 1163 3 8192 2.000000000 2
563 1243 3 8192 2.000000000 2
567 431 3 8192 2.000000000 2
567 511 3 8192 2.000000000 2
567 703 3 8192 2.000000000 2
567 759 3 8192 2.000000000 2
567 783 3 8192 2.000000000 2
567 1087 3 8192 2.000000000 2
567 1163 3 8192 2.000000000 2
567 1243 3 8192 2.000000000 2
571 431 3 8192 2.000000000 2
571 511 3 8192 2.000000000 2
571 703 3 8192 2.000000000 2
571 759 3 8192 2.000000000 2
571 783 3 8192 2.000000000 2
571 1087 3 8192 2.000000000 2
571 1163 3 8192 2.000000000 2
571 1243 3 8192 2.000000000 2
575 431 3 8192 2.000000000 2
575 511 3 8192 2.000000000 2
575 703 3 8192 2.000000000 2
575 759 3 8192 2.000000000 2
575 783 3 8192 2.000000000 2
575 1087 3 8192 2.000000000 2
575 1163 3 8192 2.000000000 2
575 1243 3 8192 2.000000000 2
579 431 3 8192 2.000000000 2
579 511 3 8192 2.000000000 2
579 703 3 8192 2.000000000 2
579 759 3 8192 2.000000000 2
579 783 3 8192 2.000000000 2
579 1087 3 8192 2.000000000 2
579 1163 3 8192 2.000000000 2
579 1243 3 8192 2.000000000 2
583 431 3 8192 2.000000000 2
583 511 3 8192 2.000000000 2
583 703 3 8192 2.000000000 2
583 759 3 8192 2.000000000 2
583 783 3 8192 2.000000000 2
583 1087 3 8192 2.000000000 2
583 1163 3 8192 2.000000000 2
583 1243 3 8192 2.000000000 2
591 431 3 8192 2.000000000 2
591 511 3 8192 2.000000000 2
591 703 3 8192 2.000000000 2
591 759 3 8192 2.000000000 2
591 783 3 8192 2.000000000 2
591 1087 3 8192 2.000000000 2
591 1163 3 8192 2.000000000 2
591 1243 3 8192 2.000000000 2
595 431 3 8192 2.000000000 2
595 511 3 8192 2.000000000 2
595 703 3 8192 2.000000000 2
595 759 3 8192 2.000000000 2
595 783 3 8192 2.000000000 2
595 1087 3 8192 2.000000000 2
595 1163 3 8192 2.000000000 2
595 1243 3 8192 2.000000000 2
599 431 3 8192 2.000000000 2
599 511 3 8192 2.000000000 2
599 703 3 8192 2.000000000 2
599 759 3 8192 2.000000000 2
599 783 3 8192 2.000000000 2
599 1087 3 8192 2.000000000 2
599 1163 3 8192 2.000000000 2
599 1243 3 8192 2.000000000 2
603 431 3 8192 2.000000000 2
603 511 3 8192 2.000000000 2
603 703 3 8192 2.000000000 2
603 759 3 8192 2.000000000 2
603 783 3 8192 2.000000000 2
603 1087 3 8192 2.000000000 2
603 1163 3 8192 2.000000000 2
603 1243 3 8192 2.000000000 2
611 431 3 8192 2.000000000 2
611 511 3 8192 2.000000000 2
611 703 3 8192 2.000000000 2
611 759 3 8192 2.000000000 2
611 783 3 8192 2.000000000 2
611 1087 3 8192 2.000000000 2
611 1163 3 8192 2.000000000 2
611 1243 3 8192 2.000000000 2
615 431 3 8192 2.000000000 2
615 511 3 8192 2.000000000 2
615 703 3 8192 2.000000000 2
615 759 3 8192 2.000000000 2
615 783 3 8192 2.000000000 2
615 1087 3 8192 2.000000000 2
615 1163 3 8192 2.000000000 2
615 1243 3 8192 2.000000000 2
623 431 3 8192 2.000000000 2
623 511 3 8192 2.000000000 2
623 703 3 8192 2.000000000 2
623 759 3 8192 2.000000000 2
623 783 3 8192 2.000000000 2
623 1087 3 8192 2.000000000 2
623 1163 3 8192 2.000000000 2
623 1243 3 8192 2.000000000 2
627 431 3 8192 2.000000000 2
627 511 3 8192 2.000000000 2
627 703 3 8192 2.000000000 2
627 759 3 8192 2.000000000 2
627 783 3 8192 2.000000000 2
627 1087 3 8192 2.000000000 2
627 1163 3 8192 2.000000000 2
627 1243 3 8192 2.000000000 2
635 431 3 8192 2.000000000 2
635 511 3 8192 2.000000000 2
635 703 3 8192 2.000000000 2
635 759 3 8192 2.000000000 2
635 783 3 8192 2.000000000 2
635 1087 3 8192 2.000000000 2
635 1163 3 8192 2.000000000 2
635 1243 3 8192 2.000000000 2
639 431 3 8192 2.000000000 2
639 511 3 8192 2.000000000 2
639 703 3 8192 2.000000000 2
639 759 3 8192 2.000000000 2
639 783 3 8192 2.000000000 2
639 1087 3 8192 2.000000000 2
639 1163 3 8192 2.000000000 2
639 1243 3 8192 2.000000000 2
643 431 3 8192 2.000000000 2
643 511 3 8192 2.000000000 2
643 703 3 8192 2.000000000 2
643 759 3 8192 2.000000000 2
643 783 3 8192 2.000000000 2
643 1087 3 8192 2.000000000 2
643 1163 3 8192 2.000000000 2
643 1243 3 8192 2.000000000 2
647 431 3 8192 2.000000000 2
647 511 3 8192 2.000000000 2
647 703 3 8192 2.000000000 2
647 759 3 8192 2.000000000 2
647 783 3 8192 2.000000000 2
647 1087 3 8192 2.000000000 2
647 1163 3 8192 2.000000000 2
647 1243 3 8192 2.000000000 2
651 431 3 8192 2.000000000 2
651 511 3 8192 2.000000000 2
651 703 3 8192 2.000000000 2
651 759 3 8192 2.000000000 2
651 783 3 8192 2.000000000 2
651 1087 3 8192 2.000000000 2
651 1163 3 8192 2.000000000 2
651 1243 3 8192 2.000000000 2
655 431 3 8192 2.000000000 2
655 511 3 8192 2.000000000 2
655 703 3 8192 2.000000000 2
655 759 3 8192 2.000000000 2
655 783 3 8192 2.000000000 2
655 1087 3 8192 2.000000000 2
655 1163 3 8192 2.000000000 2
655 1243 3 8192 2.000000000 2
659 431 3 8192 2.000000000 2
659 511 3 8192 2.000000000 2
659 703 3 8192 2.000000000 2
659 759 3 8192 2.000000000 2
659 783 3 8192 2.000000000 2
659 1087 3 8192 2.000000000 2
659 1163 3 8192 2.000000000 2
659 1243 3 8192 2.000000000 2
663 431 3 8192 2.000000000 2
663 511 3 8192 2.000000000 2
663 703 3 8192 2.000000000 2
663 759 3 8192 2.000000000 2
663 783 3 8192 2.000000000 2
663 1087 3 8192 2.000000000 2
663 1163 3 8192 2.000000000 2
663 1243 3 8192 2.000000000 2
671 431 3 8192 2.000000000 2
671 511 3 8192 2.000000000 2
671 703 3 8192 2.000000000 2
671 759 3 8192 2.000000000 2
671 783 3 8192 2.000000000 2
671 1087 3 8192 2.000000000 2
671 1163 3 8192 2.000000000 2
671 1243 3 8192 2.000000000 2
675 431 3 8192 2.000000000 2
675 511 3 8192 2.000000000 2
675 703 3 8192 2.000000000 2
675 759 3 8192 2.000000000 2
675 783 3 8192 2.000000000 2
675 1087 3 8192 2.000000000 2
675 1163 3 8192 2.000000000 2
675 1243 3 8192 2.000000000 2
679 431 3 8192 2.000000000 2
679 511 3 8192 2.000000000 2
679 703 3 8192 2.000000000 2
679 759 3 8192 2.000000000 2
679 783 3 8192 2.000000000 2
679 1087 3 8192 2.000000000 2
679 1163 3 8192 2.000000000 2
679 1243 3 8192 2.000000000 2
691 431 3 8192 2.000000000 2
691 511 3 8192 2.000000000 2
691 703 3 8192 2.000000000 2
691 759 3 8192 2.000000000 2
691 783 3 8192 2.000000000 2
691 1087 3 8192 2.000000000 2
691 1163 3 8192 2.000000000 2
691 1243 3 8192 2.000000000 2
695 431 3 8192 2.000000000 2
695 511 3 8192 2.000000000 2
695 703 3 8192 2.000000000 2
695 759 3 8192 2.000000000 2
695 783 3 8192 2.000000000 2
695 1087 3 8192 2.000000000 2
695 1163 3 8192 2.000000000 2
695 1243 3 8192 2.000000000 2
699 431 3 8192 2.000000000 2
699 511 3 8192 2.000000000 2
699 703 3 8192 2.000000000 2
699 759 3 8192 2.000000000 2
699 783 3 8192 2.000000000 2
699 1087 3 8192 2.000000000 2
699 1163 3 8192 2.000000000 2
699 1243 3 8192 2.000000000 2
703 431 3 8192 2.000000000 2
703 511 3 8192 2.000000000 2
703 759 3 8192 2.000000000 2
703 783 3 8192 2.000000000 2
703 1087 3 8192 2.000000000 2
703 1163 3 8192 2.000000000 2
703 1243 3 8192 2.000000000 2
707 431 3 8192 2.000000000 2
707 511 3 8192 2.000000000 2
707 703 3 8192 2.000000000 2
707 759 3 8192 2.000000000 2
707 783 3 8192 2.000000000 2
707 1087 3 8192 2.000000000 2
707 1163 3 8192 2.000000000 2
707 1243 3 8192 2.000000000 2
715 431 3 8192 2.000000000 2
715 511 3 8192 2.000000000 2
715 703 3 8192 2.000000000 2
715 759 3 8192 2.000000000 2
715 783 3 8192 2.000000000 2
715 1087 3 8192 2.000000000 2
715 1163 3 8192 2.000000000 2
715 1243 3 8192 2.000000000 2
719 431 3 8192 2.000000000 2
719 511 3 8192 2.000000000 2
719 703 3 8192 2.000000000 2
719 759 3 8192 2.000000000 2
719 783 3 8192 2.000000000 2
719 1087 3 8192 2.000000000 2
719 1163 3 8192 2.000000000 2
719 1243 3 8192 2.000000000 2
727 431 3 8192 2.000000000 2
727 511 3 8192 2.000000000 2
727 703 3 8192 2.000000000 2
727 759 3 8192 2.000000000 2
727 783 3 8192 2.000000000 2
727 1087 3 8192 2.000000000 2
727 1163 3 8192 2.000000000 2
727 1243 3 8192 2.000000000 2
735 431 3 8192 2.000000000 2
735 511 3 8192 2.000000000 2
735 703 3 8192 2.000000000 2
735 759 3 8192 2.000000000 2
735 783 3 8192 2.000000000 2
735 1087 3 8192 2.000000000 2
735 1163 3 8192 2.000000000 2
735 1243 3 8192 2.000000000 2
739 431 3 8192 2.000000000 2
739 511 3 8192 2.000000000 2
739 703 3 8192 2.000000000 2
739 759 3 8192 2.000000000 2
739 783 3 8192 2.000000000 2
739 1087 3 8192 2.000000000 2
739 1163 3 8192 2.000000000 2
739 1243 3 8192 2.000000000 2
743 431 3 8192 2.000000000 2
743 511 3 8192 2.000000000 2
743 703 3 8192 2.000000000 2
743 759 3 8192 2.000000000 2
743 783 3 8192 2.000000000 2
743 1087 3 8192 2.000000000 2
743 1163 3 8192 2.000000000 2
743 1243 3 8192 2.000000000 2
747 431 3 8192 2.000000000 2
747 511 3 8192 2.000000000 2
747 703 3 8192 2.000000000 2
747 759 3 8192 2.000000000 2
747 783 3 8192 2.000000000 2
747 1087 3 8192 2.000000000 2
747 1163 3 8192 2.000000000 2
747 1243 3 8192 2.000000000 2
751 431 3 8192 2.000000000 2
751 511 3 8192 2.000000000 2
751 703 3 8192 2.000000000 2
751 759 3 8192 2.000000000 2
751 783 3 8192 2.000000000 2
751 1087 3 8192 2.000000000 2
751 1163 3 8192 2.000000000 2
751 1243 3 8192 2.000000000 2
755 431 3 8192 2.000000000 2
755 511 3 8192 2.000000000 2
755 703 3 8192 2.000000000 2
755 759 3 8192 2.000000000 2
755 783 3 8192 2.000000000 2
755 1087 3 8192 2.000000000 2
755 1163 3 8192 2.000000000 2
755 1243 3 8192 2.000000000 2
759 431 3 8192 2.000000000 2
759 511 3 8192 2.000000000 2
759 703 3 8192 2.000000000 2
759 783 3 8192 2.000000000 2
759 1087 3 8192 2.000000000 2
759 1163 3 8192 2.000000000 2
759 1243 3 8192 2.000000000 2
763 431 3 8192 2.000000000 2
763 511 3 8192 2.000000000 2
763 703 3 8192 2.000000000 2
763 759 3 8192 2.000000000 2
763 783 3 8192 2.000000000 2
763 1087 3 8192 2.000000000 2
763 1163 3 8192 2.000000000 2
763 1243 3 8192 2.000000000 2
767 431 3 8192 2.000000000 2
767 511 3 8192 2.000000000 2
767 703 3 8192 2.000000000 2
767 759 3 8192 2.000000000 2
767 783 3 8192 2.000000000 2
767 1087 3 8192 2.000000000 2
767 1163 3 8192 2.000000000 2
767 1243 3 8192 2.000000000 2
775 431 3 8192 2.000000000 2
775 511 3 8192 2.000000000 2
775 703 3 8192 2.000000000 2
775 759 3 8192 2.000000000 2
775 783 3 8192 2.000000000 2
775 1087 3 8192 2.000000000 2
775 1163 3 8192 2.000000000 2
775 1243 3 8192 2.000000000 2
779 431 3 8192 2.000000000 2
779 511 3 8192 2.000000000 2
779 703 3 8192 2.000000000 2
779 759 3 8192 2.000000000 2
779 783 3 8192 2.000000000 2
779 1087 3 8192 2.000000000 2
779 1163 3 8192 2.000000000 2
779 1243 3 8192 2.000000000 2
783 431 3 8192 2.000000000 2
783 511 3 8192 2.000000000 2
783 703 3 8192 2.000000000 2
783 759 3 8192 2.000000000 2
783 1087 3 8192 2.000000000 2
783 1163 3 8192 2.000000000 2
783 1243 3 8192 2.000000000 2
787 431 3 8192 2.000000000 2
787 511 3 8192 2.000000000 2
787 703 3 8192 2.000000000 2
787 759 3 8192 2.000000000 2
787 783 3 8192 2.000000000 2
787 1087 3 8192 2.000000000 2
787 1163 3 8192 2.000000000 2
787 1243 3 8192 2.000000000 2
791 431 3 8192 2.000000000 2
791 511 3 8192 2.000000000 2
791 703 3 8192 2.000000000 2
791 759 3 8192 2.000000000 2
791 783 3 8192 2.000000000 2
791 1087 3 8192 2.000000000 2
791 1163 3 8192 2.000000000 2
791 1243 3 8192 2.000000000 2
795 431 3 8192 2.000000000 2
795 511 3 8192 2.000000000 2
795 703 3 8192 2.000000000 2
795 759 3 8192 2.000000000 2
795 783 3 8192 2.000000000 2
795 1087 3 8192 2.000000000 2
795 1163 3 8192 2.000000000 2
795 1243 3 8192 2.000000000 2
807 431 3 8192 2.000000000 2
807 511 3 8192 2.000000000 2
807 703 3 8192 2.000000000 2
807 759 3 8192 2.000000000 2
807 783 3 8192 2.000000000 2
807 1087 3 8192 2.000000000 2
807 1163 3 8192 2.000000000 2
807 1243 3 8192 2.000000000 2
811 431 3 8192 2.000000000 2
811 511 3 8192 2.000000000 2
811 703 3 8192 2.000000000 2
811 759 3 8192 2.000000000 2
811 783 3 8192 2.000000000 2
811 1087 3 8192 2.000000000 2
811 1163 3 8192 2.000000000 2
811 1243 3 8192 2.000000000 2
815 431 3 8192 2.000000000 2
815 511 3 8192 2.000000000 2
815 703 3 8192 2.000000000 2
815 759 3 8192 2.000000000 2
815 783 3 8192 2.000000000 2
815 1087 3 8192 2.000000000 2
815 1163 3 8192 2.000000000 2
815 1243 3 8192 2.000000000 2
819 431 3 8192 2.000000000 2
819 511 3 8192 2.000000000 2
819 703 3 8192 2.000000000 2
819 759 3 8192 2.000000000 2
819 783 3 8192 2.000000000 2
819 1087 3 8192 2.000000000 2
819 1163 3 8192 2.000000000 2
819 1243 3 8192 2.000000000 2
823 431 3 8192 2.000000000 2
823 511 3 8192 2.000000000 2
823 703 3 8192 2.000000000 2
823 759 3 8192 2.000000000 2
823 783 3 8192 2.000000000 2
823 1087 3 8192 2.000000000 2
823 1163 3 8192 2.000000000 2
823 1243 3 8192 2.000000000 2
827 431 3 8192 2.000000000 2
827 511 3 8192 2.000000000 2
827 703 3 8192 2.000000000 2
827 759 3 8192 2.000000000 2
827 783 3 8192 2.000000000 2
827 1087 3 8192 2.000000000 2
827 1163 3 8192 2.000000000 2
827 1243 3 8192 2.000000000 2
835 431 3 8192 2.000000000 2
835 511 3 8192 2.000000000 2
835 703 3 8192 2.000000000 2
835 759 3 8192 2.000000000 2
835 783 3 8192 2.000000000 2
835 1087 3 8192 2.000000000 2
835 1163 3 8192 2.000000000 2
835 1243 3 8192 2.000000000 2
839 431 3 8192 2.000000000 2
839 511 3 8192 2.000000000 2
839 703 3 8192 2.000000000 2
839 759 3 8192 2.000000000 2
839 783 3 8192 2.000000000 2
839 1087 3 8192 2.000000000 2
839 1163 3 8192 2.000000000 2
839 1243 3 8192 2.000000000 2
843 431 3 8192 2.000000000 2
843 511 3 8192 2.000000000 2
843 703 3 8192 2.000000000 2
843 759 3 8192 2.000000000 2
843 783 3 8192 2.000000000 2
843 1087 3 8192 2.000000000 2
843 1163 3 8192 2.000000000 2
843 1243 3 8192 2.000000000 2
847 431 3 8192 2.000000000 2
847 511 3 8192 2.000000000 2
847 703 3 8192 2.000000000 2
847 759 3 8192 2.000000000 2
847 783 3 8192 2.000000000 2
847 1087 3 8192 2.000000000 2
847 1163 3 8192 2.000000000 2
847 1243 3 8192 2.000000000 2
851 431 3 8192 2.000000000 2
851 511 3 8192 2.000000000 2
851 703 3 8192 2.000000000 2
851 759 3 8192 2.000000000 2
851 783 3 8192 2.000000000 2
851 1087 3 8192 2.000000000 2
851 1163 3 8192 2.000000000 2
851 1243 3 8192 2.000000000 2
855 431 3 8192 2.000000000 2
855 511 3 8192 2.000000000 2
855 703 3 8192 2.000000000 2
855 759 3 8192 2.000000000 2
855 783 3 8192 2.000000000 2
855 1087 3 8192 2.000000000 2
855 1163 3 8192 2.000000000 2
855 1243 3 8192 2.000000000 2
859 431 3 8192 2.000000000 2
859 511 3 8192 2.000000000 2
859 703 3 8192 2.000000000 2
859 759 3 8192 2.000000000 2
859 783 3 8192 2.000000000 2
859 1087 3 8192 2.000000000 2
859 1163 3 8192 2.000000000 2
859 1243 3 8192 2.000000000 2
863 431 3 8192 2.000000000 2
863 511 3 8192 2.000000000 2
863 703 3 8192 2.000000000 2
863 759 3 8192 2.000000000 2
863 783 3 8192 2.000000000 2
863 1087 3 8192 2.000000000 2
863 1163 3 8192 2.000000000 2
863 1243 3 8192 2.000000000 2
867 431 3 8192 2.000000000 2
867 511 3 8192 2.000000000 2
867 703 3 8192 2.000000000 2
867 759 3 8192 2.000000000 2
867 783 3 8192 2.000000000 2
867 1087 3 8192 2.000000000 2
867 1163 3 8192 2.000000000 2
867 1243 3 8192 2.000000000 2
871 431 3 8192 2.000000000 2
871 511 3 8192 2.000000000 2
871 703 3 8192 2.000000000 2
871 759 3 8192 2.000000000 2
871 783 3 8192 2.000000000 2
871 1087 3 8192 2.000000000 2
871 1163 3 8192 2.000000000 2
871 1243 3 8192 2.000000000 2
875 431 3 8192 2.000000000 2
875 511 3 8192 2.000000000 2
875 703 3 8192 2.000000000 2
875 759 3 8192 2.000000000 2
875 783 3 8192 2.000000000 2
875 1087 3 8192 2.000000000 2
875 1163 3 8192 2.000000000 2
875 1243 3 8192 2.000000000 2
879 431 3 8192 2.000000000 2
879 511 3 8192 2.000000000 2
879 703 3 8192 2.000000000 2
879 759 3 8192 2.000000000 2
879 783 3 8192 2.000000000 2
879 1087 3 8192 2.000000000 2
879 1163 3 8192 2.000000000 2
879 1243 3 8192 2.000000000 2
883 431 3 8192 2.000000000 2
883 511 3 8192 2.000000000 2
883 703 3 8192 2.000000000 2
883 759 3 8192 2.000000000 2
883 783 3 8192 2.000000000 2
883 1087 3 8192 2.000000000 2
883 1163 3 8192 2.000000000 2
883 1243 3 8192 2.000000000 2
887 431 3 8192 2.000000000 2
887 511 3 8192 2.000000000 2
887 703 3 8192 2.000000000 2
887 759 3 8192 2.000000000 2
887 783 3 8192 2.000000000 2
887 1087 3 8192 2.000000000 2
887 1163 3 8192 2.000000000 2
887 1243 3 8192 2.000000000 2
891 431 3 8192 2.000000000 2
891 511 3 8192 2.000000000 2
891 703 3 8192 2.000000000 2
891 759 3 8192 2.000000000 2
891 783 3 8192 2.000000000 2
891 1087 3 8192 2.000000000 2
891 1163 3 8192 2.000000000 2
891 1243 3 8192 2.000000000 2
895 431 3 8192 2.000000000 2
895 511 3 8192 2.000000000 2
895 703 3 8192 2.000000000 2
895 759 3 8192 2.000000000 2
895 783 3 8192 2.000000000 2
895 1087 3 8192 2.000000000 2
895 1163 3 8192 2.000000000 2
895 1243 3 8192 2.000000000 2
899 431 3 8192 2.000000000 2
899 511 3 8192 2.000000000 2
899 703 3 8192 2.000000000 2
899 759 3 8192 2.000000000 2
899 783 3 8192 2.000000000 2
899 1087 3 8192 2.000000000 2
899 1163 3 8192 2.000000000 2
899 1243 3 8192 2.000000000 2
903 431 3 8192 2.000000000 2
903 511 3 8192 2.000000000 2
903 703 3 8192 2.000000000 2
903 759 3 8192 2.000000000 2
903 783 3 8192 2.000000000 2
903 1087 3 8192 2.000000000 2
903 1163 3 8192 2.000000000 2
903 1243 3 8192 2.000000000 2
907 431 3 8192 2.000000000 2
907 511 3 8192 2.000000000 2
907 703 3 8192 2.000000000 2
907 759 3 8192 2.000000000 2
907 783 3 8192 2.000000000 2
907 1087 3 8192 2.000000000 2
907 1163 3 8192 2.000000000 2
907 1243 3 8192 2.000000000 2
919 431 3 8192 2.000000000 2
919 511 3 8192 2.000000000 2
919 703 3 8192 2.000000000 2
919 759 3 8192 2.000000000 2
919 783 3 8192 2.000000000 2
919 1087 3 8192 2.000000000 2
919 1163 3 8192 2.000000000 2
919 1243 3 8192 2.000000000 2
923 431 3 8192 2.000000000 2
923 511 3 8192 2.000000000 2
923 703 3 8192 2.000000000 2
923 759 3 8192 2.000000000 2
923 783 3 8192 2.000000000 2
923 1087 3 8192 2.000000000 2
923 1163 3 8192 2.000000000 2
923 1243 3 8192 2.000000000 2
927 431 3 8192 2.000000000 2
927 511 3 8192 2.000000000 2
927 703 3 8192 2.000000000 2
927 759 3 8192 2.000000000 2
927 783 3 8192 2.000000000 2
927 1087 3 8192 2.000000000 2
927 1163 3 8192 2.000000000 2
927 1243 3 8192 2.000000000 2
931 431 3 8192 2.000000000 2
931 511 3 8192 2.000000000 2
931 703 3 8192 2.000000000 2
931 759 3 8192 2.000000000 2
931 783 3 8192 2.000000000 2
931 1087 3 8192 2.000000000 2
931 1163 3 8192 2.000000000 2
931 1243 3 8192 2.000000000 2
935 431 3 8192 2.000000000 2
935 511 3 8192 2.000000000 2
935 703 3 8192 2.000000000 2
935 759 3 8192 2.000000000 2
935 783 3 8192 2.000000000 2
935 1087 3 8192 2.000000000 2
935 1163 3 8192 2.000000000 2
935 1243 3 8192 2.000000000 2
939 431 3 8192 2.000000000 2
939 511 3 8192 2.000000000 2
939 703 3 8192 2.000000000 2
939 759 3 8192 2.000000000 2
939 783 3 8192 2.000000000 2
939 1087 3 8192 2.000000000 2
939 1163 3 8192 2.000000000 2
939 1243 3 8192 2.000000000 2
943 431 3 8192 2.000000000 2
943 511 3 8192 2.000000000 2
943 703 3 8192 2.000000000 2
943 759 3 8192 2.000000000 2
943 783 3 8192 2.000000000 2
943 1087 3 8192 2.000000000 2
943 1163 3 8192 2.000000000 2
943 1243 3 8192 2.000000000 2
947 431 3 8192 2.000000000 2
947 511 3 8192 2.000000000 2
947 703 3 8192 2.000000000 2
947 759 3 8192 2.000000000 2
947 783 3 8192 2.000000000 2
947 1087 3 8192 2.000000000 2
947 1163 3 8192 2.000000000 2
947 1243 3 8192 2.000000000 2
951 431 3 8192 2.000000000 2
951 511 3 8192 2.000000000 2
951 703 3 8192 2.000000000 2
951 759 3 8192 2.000000000 2
951 783 3 8192 2.000000000 2
951 1087 3 8192 2.000000000 2
951 1163 3 8192 2.000000000 2
951 1243 3 8192 2.000000000 2
955 431 3 8192 2.000000000 2
955 511 3 8192 2.000000000 2
955 703 3 8192 2.000000000 2
955 759 3 8192 2.000000000 2
955 783 3 8192 2.000000000 2
955 1087 3 8192 2.000000000 2
955 1163 3 8192 2.000000000 2
955 1243 3 8192 2.000000000 2
959 431 3 8192 2.000000000 2
959 511 3 8192 2.000000000 2
959 703 3 8192 2.000000000 2
959 759 3 8192 2.000000000 2
959 783 3 8192 2.000000000 2
959 1087 3 8192 2.000000000 2
959 1163 3 8192 2.000000000 2
959 1243 3 8192 2.000000000 2
963 431 3 8192 2.000000000 2
963 511 3 8192 2.000000000 2
963 703 3 8192 2.000000000 2
963 759 3 8192 2.000000000 2
963 783 3 8192 2.000000000 2
963 1087 3 8192 2.000000000 2
963 1163 3 8192 2.000000000 2
963 1243 3 8192 2.000000000 2
967 431 3 8192 2.000000000 2
967 511 3 8192 2.000000000 2
967 703 3 8192 2.000000000 2
967 759 3 8192 2.000000000 2
967 783 3 8192 2.000000000 2
967 1087 3 8192 2.000000000 2
967 1163 3 8192 2.000000000 2
967 1243 3 8192 2.000000000 2
971 431 3 8192 2.000000000 2
971 511 3 8192 2.000000000 2
971 703 3 8192 2.000000000 2
971 759 3 8192 2.000000000 2
971 783 3 8192 2.000000000 2
971 1087 3 8192 2.000000000 2
971 1163 3 8192 2.000000000 2
971 1243 3 8192 2.000000000 2
975 431 3 8192 2.000000000 2
975 511 3 8192 2.000000000 2
975 703 3 8192 2.000000000 2
975 759 3 8192 2.000000000 2
975 783 3 8192 2.000000000 2
975 1087 3 8192 2.000000000 2
975 1163 3 8192 2.000000000 2
975 1243 3 8192 2.000000000 2
979 431 3 8192 2.000000000 2
979 511 3 8192 2.000000000 2
979 703 3 8192 2.000000000 2
979 759 3 8192 2.000000000 2
979 783 3 8192 2.000000000 2
979 1087 3 8192 2.000000000 2
979 1163 3 8192 2.000000000 2
979 1243 3 8192 2.000000000 2
983 431 3 8192 2.000000000 2
983 511 3 8192 2.000000000 2
983 703 3 8192 2.000000000 2
983 759 3 8192 2.000000000 2
983 783 3 8192 2.000000000 2
983 1087 3 8192 2.000000000 2
983 1163 3 8192 2.000000000 2
983 1243 3 8192 2.000000000 2
987 431 3 8192 2.000000000 2
987 511 3 8192 2.000000000 2
987 703 3 8192 2.000000000 2
987 759 3 8192 2.000000000 2
987 783 3 8192 2.000000000 2
987 1087 3 8192 2.000000000 2
987 1163 3 8192 2.000000000 2
987 1243 3 8192 2.000000000 2
991 431 3 8192 2.000000000 2
991 511 3 8192 2.000000000 2
991 703 3 8192 2.000000000 2
991 759 3 8192 2.000000000 2
991 783 3 8192 2.000000000 2
991 1087 3 8192 2.000000000 2
991 1163 3 8192 2.000000000 2
991 1243 3 8192 2.000000000 2
995 431 3 8192 2.000000000 2
995 511 3 8192 2.000000000 2
995 703 3 8192 2.000000000 2
995 759 3 8192 2.000000000 2
995 783 3 8192 2.000000000 2
995 1087 3 8192 2.000000000 2
995 1163 3 8192 2.000000000 2
995 1243 3 8192 2.000000000 2
999 431 3 8192 2.000000000 2
999 511 3 8192 2.000000000 2
999 703 3 8192 2.000000000 2
999 759 3 8192 2.000000000 2
999 783 3 8192 2.000000000 2
999 1087 3 8192 2.000000000 2
999 1163 3 8192 2.000000000 2
999 1243 3 8192 2.000000000 2
1011 431 3 8192 2.000000000 2
1011 511 3 8192 2.000000000 2
1011 703 3 8192 2.000000000 2
1011 759 3 8192 2.000000000 2
1011 783 3 8192 2.000000000 2
1011 1087 3 8192 2.000000000 2
1011 1163 3 8192 2.000000000 2
1011 1243 3 8192 2.000000000 2
1019 431 3 8192 2.000000000 2
1019 511 3 8192 2.000000000 2
1019 703 3 8192 2.000000000 2
1019 759 3 8192 2.000000000 2
1019 783 3 8192 2.000000000 2
1019 1087 3 8192 2.000000000 2
1019 1163 3 8192 2.000000000 2
1019 1243 3 8192 2.000000000 2
1023 431 3 8192 2.000000000 2
1023 511 3 8192 2.000000000 2
1023 703 3 8192 2.000000000 2
1023 759 3 8192 2.000000000 2
1023 783 3 8192 2.000000000 2
1023 1087 3 8192 2.000000000 2
1023 1163 3 8192 2.000000000 2
1023 1243 3 8192 2.000000000 2
1035 431 3 8192 2.000000000 2
1035 511 3 8192 2.000000000 2
1035 703 3 8192 2.000000000 2
1035 759 3 8192 2.000000000 2
1035 783 3 8192 2.000000000 2
1035 1087 3 8192 2.000000000 2
1035 1163 3 8192 2.000000000 2
1035 1243 3 8192 2.000000000 2
1039 431 3 8192 2.000000000 2
1039 511 3 8192 2.000000000 2
1039 703 3 8192 2.000000000 2
1039 759 3 8192 2.000000000 2
1039 783 3 8192 2.000000000 2
1039 1087 3 8192 2.000000000 2
1039 1163 3 8192 2.000000000 2
1039 1243 3 8192 2.000000000 2
1043 431 3 8192 2.000000000 2
1043 511 3 8192 2.000000000 2
1043 703 3 8192 2.000000000 2
1043 759 3 8192 2.000000000 2
1043 783 3 8192 2.000000000 2
1043 1087 3 8192 2.000000000 2
1043 1163 3 8192 2.000000000 2
1043 1243 3 8192 2.000000000 2
1047 431 3 8192 2.000000000 2
1047 511 3 8192 2.000000000 2
1047 703 3 8192 2.000000000 2
1047 759 3 8192 2.000000000 2
1047 783 3 8192 2.000000000 2
1047 1087 3 8192 2.000000000 2
1047 1163 3 8192 2.000000000 2
1047 1243 3 8192 2.000000000 2
1051 431 3 8192 2.000000000 2
1051 511 3 8192 2.000000000 2
1051 703 3 8192 2.000000000 2
1051 759 3 8192 2.000000000 2
1051 783 3 8192 2.000000000 2
1051 1087 3 8192 2.000000000 2
1051 1163 3 8192 2.000000000 2
1051 1243 3 8192 2.000000000 2
1059 431 3 8192 2.000000000 2
1059 511 3 8192 2.000000000 2
1059 703 3 8192 2.000000000 2
1059 759 3 8192 2.000000000 2
1059 783 3 8192 2.000000000 2
1059 1087 3 8192 2.000000000 2
1059 1163 3 8192 2.000000000 2
1059 1243 3 8192 2.000000000 2
1063 431 3 8192 2.000000000 2
1063 511 3 8192 2.000000000 2
1063 703 3 8192 2.000000000 2
1063 759 3 8192 2.000000000 2
1063 783 3 8192 2.000000000 2
1063 1087 3 8192 2.000000000 2
1063 1163 3 8192 2.000000000 2
1063 1243 3 8192 2.000000000 2
1067 431 3 8192 2.000000000 2
1067 511 3 8192 2.000000000 2
1067 703 3 8192 2.000000000 2
1067 759 3 8192 2.000000000 2
1067 783 3 8192 2.000000000 2
1067 1087 3 8192 2.000000000 2
1067 1163 3 8192 2.000000000 2
1067 1243 3 8192 2.000000000 2
1071 431 3 8192 2.000000000 2
1071 511 3 8192 2.000000000 2
1071 703 3 8192 2.000000000 2
1071 759 3 8192 2.000000000 2
1071 783 3 8192 2.000000000 2
1071 1087 3 8192 2.000000000 2
1071 1163 3 8192 2.000000000 2
1071 1243 3 8192 2.000000000 2
1075 431 3 8192 2.000000000 2
1075 511 3 8192 2.000000000 2
1075 703 3 8192 2.000000000 2
1075 759 3 8192 2.000000000 2
1075 783 3 8192 2.000000000 2
1075 1087 3 8192 2.000000000 2
1075 1163 3 8192 2.000000000 2
1075 1243 3 8192 2.000000000 2
1079 431 3 8192 2.000000000 2
1079 511 3 8192 2.000000000 2
1079 703 3 8192 2.000000000 2
1079 759 3 8192 2.000000000 2
1079 783 3 8192 2.000000000 2
1079 1087 3 8192 2.000000000 2
1079 1163 3 8192 2.000000000 2
1079 1243 3 8192 2.000000000 2
1083 431 3 8192 2.000000000 2
1083 511 3 8192 2.000000000 2
1083 703 3 8192 2.000000000 2
1083 759 3 8192 2.000000000 2
1083 783 3 8192 2.000000000 2
1083 1087 3 8192 2.000000000 2
1083 1163 3 8192 2.000000000 2
1083 1243 3 8192 2.000000000 2
1087 431 3 8192 2.000000000 2
1087 511 3 8192 2.000000000 2
1087 703 3 8192 2.000000000 2
1087 759 3 8192 2.000000000 2
1087 783 3 8192 2.000000000 2
1087 1163 3 8192 2.000000000 2
1087 1243 3 8192 2.000000000 2
1091 431 3 8192 2.000000000 2
1091 511 3 8192 2.000000000 2
1091 703 3 8192 2.000000000 2
1091 759 3 8192 2.000000000 2
1091 783 3 8192 2.000000000 2
1091 1087 3 8192 2.000000000 2
1091 1163 3 8192 2.000000000 2
1091 1243 3 8192 2.000000000 2
1099 431 3 8192 2.000000000 2
1099 511 3 8192 2.000000000 2
1099 703 3 8192 2.000000000 2
1099 759 3 8192 2.000000000 2
1099 783 3 8192 2.000000000 2
1099 1087 3 8192 2.000000000 2
1099 1163 3 8192 2.000000000 2
1099 1243 3 8192 2.000000000 2
1107 431 3 8192 2.000000000 2
1107 511 3 8192 2.000000000 2
1107 703 3 8192 2.000000000 2
1107 759 3 8192 2.000000000 2
1107 783 3 8192 2.000000000 2
1107 1087 3 8192 2.000000000 2
1107 1163 3 8192 2.000000000 2
1107 1243 3 8192 2.000000000 2
1111 431 3 8192 2.000000000 2
1111 511 3 8192 2.000000000 2
1111 703 3 8192 2.000000000 2
1111 759 3 8192 2.000000000 2
1111 783 3 8192 2.000000000 2
1111 1087 3 8192 2.000000000 2
1111 1163 3 8192 2.000000000 2
1111 1243 3 8192 2.000000000 2
1115 431 3 8192 2.000000000 2
1115 511 3 8192 2.000000000 2
1115 703 3 8192 2.000000000 2
1115 759 3 8192 2.000000000 2
1115 783 3 8192 2.000000000 2
1115 1087 3 8192 2.000000000 2
1115 1163 3 8192 2.000000000 2
1115 1243 3 8192 2.000000000 2
1119 431 3 8192 2.000000000 2
1119 511 3 8192 2.000000000 2
1119 703 3 8192 2.000000000 2
1119 759 3 8192 2.000000000 2
1119 783 3 8192 2.000000000 2
1119 1087 3 8192 2.000000000 2
1119 1163 3 8192 2.000000000 2
1119 1243 3 8192 2.000000000 2
1123 431 3 8192 2.000000000 2
1123 511 3 8192 2.000000000 2
1123 703 3 8192 2.000000000 2
1123 759 3 8192 2.000000000 2
1123 783 3 8192 2.000000000 2
1123 1087 3 8192 2.000000000 2
1123 1163 3 8192 2.000000000 2
1123 1243 3 8192 2.000000000 2
1127 431 3 8192 2.000000000 2
1127 511 3 8192 2.000000000 2
1127 703 3 8192 2.000000000 2
1127 759 3 8192 2.000000000 2
1127 783 3 8192 2.000000000 2
1127 1087 3 8192 2.000000000 2
1127 1163 3 8192 2.000000000 2
1127 1243 3 8192 2.000000000 2
1131 431 3 8192 2.000000000 2
1131 511 3 8192 2.000000000 2
1131 703 3 8192 2.000000000 2
1131 759 3 8192 2.000000000 2
1131 783 3 8192 2.000000000 2
1131 1087 3 8192 2.000000000 2
1131 1163 3 8192 2.000000000 2
1131 1243 3 8192 2.000000000 2
1139 431 3 8192 2.000000000 2
1139 511 3 8192 2.000000000 2
1139 703 3 8192 2.000000000 2
1139 759 3 8192 2.000000000 2
1139 783 3 8192 2.000000000 2
1139 1087 3 8192 2.000000000 2
1139 1163 3 8192 2.000000000 2
1139 1243 3 8192 2.000000000 2
1143 431 3 8192 2.000000000 2
1143 511 3 8192 2.000000000 2
1143 703 3 8192 2.000000000 2
1143 759 3 8192 2.000000000 2
1143 783 3 8192 2.000000000 2
1143 1087 3 8192 2.000000000 2
1143 1163 3 8192 2.000000000 2
1143 1243 3 8192 2.000000000 2
1147 431 3 8192 2.000000000 2
1147 511 3 8192 2.000000000 2
1147 703 3 8192 2.000000000 2
1147 759 3 8192 2.000000000 2
1147 783 3 8192 2.000000000 2
1147 1087 3 8192 2.000000000 2
1147 1163 3 8192 2.000000000 2
1147 1243 3 8192 2.000000000 2
1151 431 3 8192 2.000000000 2
1151 511 3 8192 2.000000000 2
1151 703 3 8192 2.000000000 2
1151 759 3 8192 2.000000000 2
1151 783 3 8192 2.000000000 2
1151 1087 3 8192 2.000000000 2
1151 1163 3 8192 2.000000000 2
1151 1243 3 8192 2.000000000 2
1155 431 3 8192 2.000000000 2
1155 511 3 8192 2.000000000 2
1155 703 3 8192 2.000000000 2
1155 759 3 8192 2.000000000 2
1155 783 3 8192 2.000000000 2
1155 1087 3 8192 2.000000000 2
1155 1163 3 8192 2.000000000 2
1155 1243 3 8192 2.000000000 2
1159 431 3 8192 2.000000000 2
1159 511 3 8192 2.000000000 2
1159 703 3 8192 2.000000000 2
1159 759 3 8192 2.000000000 2
1159 783 3 8192 2.000000000 2
1159 1087 3 8192 2.000000000 2
1159 1163 3 8192 2.000000000 2
1159 1243 3 8192 2.000000000 2
1163 431 3 8192 2.000000000 2
1163 511 3 8192 2.000000000 2
1163 703 3 8192 2.000000000 2
1163 759 3 8192 2.000000000 2
1163 783 3 8192 2.000000000 2
1163 1087 3 8192 2.000000000 2
1163 1243 3 8192 2.000000000 2
1167 431 3 8192 2.000000000 2
1167 511 3 8192 2.000000000 2
1167 703 3 8192 2.000000000 2
1167 759 3 8192 2.000000000 2
1167 783 3 8192 2.000000000 2
1167 1087 3 8192 2.000000000 2
1167 1163 3 8192 2.000000000 2
1167 1243 3 8192 2.000000000 2
1171 431 3 8192 2.000000000 2
1171 511 3 8192 2.000000000 2
1171 703 3 8192 2.000000000 2
1171 759 3 8192 2.000000000 2
1171 783 3 8192 2.000000000 2
1171 1087 3 8192 2.000000000 2
1171 1163 3 8192 2.000000000 2
1171 1243 3 8192 2.000000000 2
1175 431 3 8192 2.000000000 2
1175 511 3 8192 2.000000000 2
1175 703 3 8192 2.000000000 2
1175 759 3 8192 2.000000000 2
1175 783 3 8192 2.000000000 2
1175 1087 3 8192 2.000000000 2
1175 1163 3 8192 2.000000000 2
1175 1243 3 8192 2.000000000 2
1183 431 3 8192 2.000000000 2
1183 511 3 8192 2.000000000 2
1183 703 3 8192 2.000000000 2
1183 759 3 8192 2.000000000 2
1183 783 3 8192 2.000000000 2
1183 1087 3 8192 2.000000000 2
1183 1163 3 8192 2.000000000 2
1183 1243 3 8192 2.000000000 2
1187 431 3 8192 2.000000000 2
1187 511 3 8192 2.000000000 2
1187 703 3 8192 2.000000000 2
1187 759 3 8192 2.000000000 2
1187 783 3 8192 2.000000000 2
1187 1087 3 8192 2.000000000 2
1187 1163 3 8192 2.000000000 2
1187 1243 3 8192 2.000000000 2
1191 431 3 8192 2.000000000 2
1191 511 3 8192 2.000000000 2
1191 703 3 8192 2.000000000 2
1191 759 3 8192 2.000000000 2
1191 783 3 8192 2.000000000 2
1191 1087 3 8192 2.000000000 2
1191 1163 3 8192 2.000000000 2
1191 1243 3 8192 2.000000000 2
1195 431 3 8192 2.000000000 2
1195 511 3 8192 2.000000000 2
1195 703 3 8192 2.000000000 2
1195 759 3 8192 2.000000000 2
1195 783 3 8192 2.000000000 2
1195 1087 3 8192 2.000000000 2
1195 1163 3 8192 2.000000000 2
1195 1243 3 8192 2.000000000 2
1203 431 3 8192 2.000000000 2
1203 511 3 8192 2.000000000 2
1203 703 3 8192 2.000000000 2
1203 759 3 8192 2.000000000 2
1203 783 3 8192 2.000000000 2
1203 1087 3 8192 2.000000000 2
1203 1163 3 8192 2.000000000 2
1203 1243 3 8192 2.000000000 2
1211 431 3 8192 2.000000000 2
1211 511 3 8192 2.000000000 2
1211 703 3 8192 2.000000000 2
1211 759 3 8192 2.000000000 2
1211 783 3 8192 2.000000000 2
1211 1087 3 8192 2.000000000 2
1211 1163 3 8192 2.000000000 2
1211 1243 3 8192 2.000000000 2
1215 431 3 8192 2.000000000 2
1215 511 3 8192 2.000000000 2
1215 703 3 8192 2.000000000 2
1215 759 3 8192 2.000000000 2
1215 783 3 8192 2.000000000 2
1215 1087 3 8192 2.000000000 2
1215 1163 3 8192 2.000000000 2
1215 1243 3 8192 2.000000000 2
1219 431 3 8192 2.000000000 2
1219 511 3 8192 2.000000000 2
1219 703 3 8192 2.000000000 2
1219 759 3 8192 2.000000000 2
1219 783 3 8192 2.000000000 2
1219 1087 3 8192 2.000000000 2
1219 1163 3 8192 2.000000000 2
1219 1243 3 8192 2.000000000 2
1223 431 3 8192 2.000000000 2
1223 511 3 8192 2.000000000 2
1223 703 3 8192 2.000000000 2
1223 759 3 8192 2.000000000 2
1223 783 3 8192 2.000000000 2
1223 1087 3 8192 2.000000000 2
1223 1163 3 8192 2.000000000 2
1223 1243 3 8192 2.000000000 2
1227 431 3 8192 2.000000000 2
1227 511 3 8192 2.000000000 2
1227 703 3 8192 2.000000000 2
1227 759 3 8192 2.000000000 2
1227 783 3 8192 2.000000000 2
1227 1087 3 8192 2.000000000 2
1227 1163 3 8192 2.000000000 2
1227 1243 3 8192 2.000000000 2
1231 431 3 8192 2.000000000 2
1231 511 3 8192 2.000000000 2
1231 703 3 8192 2.000000000 2
1231 759 3 8192 2.000000000 2
1231 783 3 8192 2.000000000 2
1231 1087 3 8192 2.000000000 2
1231 1163 3 8192 2.000000000 2
1231 1243 3 8192 2.000000000 2
1235 431 3 8192 2.000000000 2
1235 511 3 8192 2.000000000 2
1235 703 3 8192 2.000000000 2
1235 759 3 8192 2.000000000 2
1235 783 3 8192 2.000000000 2
1235 1087 3 8192 2.000000000 2
1235 1163 3 8192 2.000000000 2
1235 1243 3 8192 2.000000000 2
1239 431 3 8192 2.000000000 2
1239 511 3 8192 2.000000000 2
1239 703 3 8192 2.000000000 2
1239 759 3 8192 2.000000000 2
1239 783 3 8192 2.000000000 2
1239 1087 3 8192 2.000000000 2
1239 1163 3 8192 2.000000000 2
1239 1243 3 8192 2.000000000 2
1243 431 3 8192 2.000000000 2
1243 511 3 8192 2.000000000 2
1243 703 3 8192 2.000000000 2
1243 759 3 8192 2.000000000 2
1243 783 3 8192 2.000000000 2
1243 1087 3 8192 2.000000000 2
1243 1163 3 8192 2.000000000 2
1251 431 3 8192 2.000000000 2
1251 511 3 8192 2.000000000 2
1251 703 3 8192 2.000000000 2
1251 759 3 8192 2.000000000 2
1251 783 3 8192 2.000000000 2
1251 1087 3 8192 2.000000000 2
1251 1163 3 8192 2.000000000 2
1251 1243 3 8192 2.000000000 2
1255 431 3 8192 2.000000000 2
1255 511 3 8192 2.000000000 2
1255 703 3 8192 2.000000000 2
1255 759 3 8192 2.000000000 2
1255 783 3 8192 2.000000000 2
1255 1087 3 8192 2.000000000 2
1255 1163 3 8192 2.000000000 2
1255 1243 3 8192 2.000000000 2
1263 431 3 8192 2.000000000 2
1263 511 3 8192 2.000000000 2
1263 703 3 8192 2.000000000 2
1263 759 3 8192 2.000000000 2
1263 783 3 8192 2.000000000 2
1263 1087 3 8192 2.000000000 2
1263 1163 3 8192 2.000000000 2
1263 1243 3 8192 2.000000000 2
1267 431 3 8192 2.000000000 2
1267 511 3 8192 2.000000000 2
1267 703 3 8192 2.000000000 2
1267 759 3 8192 2.000000000 2
1267 783 3 8192 2.000000000 2
1267 1087 3 8192 2.000000000 2
1267 1163 3 8192 2.000000000 2
1267 1243 3 8192 2.000000000 2
1275 431 3 8192 2.000000000 2
1275 511 3 8192 2.000000000 2
1275 703 3 8192 2.000000000 2
1275 759 3 8192 2.000000000 2
1275 783 3 8192 2.000000000 2
1275 1087 3 8192 2.000000000 2
1275 1163 3 8192 2.000000000 2
1275 1243 3 8192 2.000000000 2
1279 431 3 8192 2.000000000 2
1279 511 3 8192 2.000000000 2
1279 703 3 8192 2.000000000 2
1279 759 3 8192 2.000000000 2
1279 783 3 8192 2.000000000 2
1279 1087 3 8192 2.000000000 2
1279 1163 3 8192 2.000000000 2
1279 1243 3 8192 2.000000000 2
0 128 3 8192 2.000000000 2
0 160 3 8192 2.000000000 2
0 168 3 8192 2.000000000 2
0 220 3 8192 2.000000000 2
0 432 3 8192 2.000000000 2
0 576 3 8192 2.000000000 2
0 824 3 8192 2.000000000 2
0 1220 3 8192 2.000000000 2
8 128 3 8192 2.000000000 2
8 160 3 8192 2.000000000 2
8 168 3 8192 2.000000000 2
8 220 3 8192 2.000000000 2
8 432 3 8192 2.000000000 2
8 576 3 8192 2.000000000 2
8 824 3 8192 2.000000000 2
8 1220 3 8192 2.000000000 2
12 128 3 8192 2.000000000 2
12 160 3 8192 2.000000000 2
12 168 3 8192 2.000000000 2
12 220 3 8192 2.000000000 2
12 432 3 8192 2.000000000 2
12 576 3 8192 2.000000000 2
12 824 3 8192 2.000000000 2
12 1220 3 8192 2.000000000 2
16 128 3 8192 2.000000000 2
16 160 3 8192 2.000000000 2
16 168 3 8192 2.000000000 2
16 220 3 8192 2.000000000 2
16 432 3 8192 2.000000000 2
16 576 3 8192 2.000000000 2
16 824 3 8192 2.000000000 2
16 1220 3 8192 2.000000000 2
24 128 3 8192 2.000000000 2
24 160 3 8192 2.000000000 2
24 168 3 8192 2.000000000 2
24 220 3 8192 2.000000000 2
24 432 3 8192 2.000000000 2
24 576 3 8192 2.000000000 2
24 824 3 8192 2.000000000 2
24 1220 3 8192 2.000000000 2
28 128 3 8192 2.000000000 2
28 160 3 8192 2.000000000 2
28 168 3 8192 2.000000000 2
28 220 3 8192 2.000000000 2
28 432 3 8192 2.000000000 2
28 576 3 8192 2.000000000 2
28 824 3 8192 2.000000000 2
28 1220 3 8192 2.000000000 2
32 128 3 8192 2.000000000 2
32 160 3 8192 2.000000000 2
32 168 3 8192 2.000000000 2
32 220 3 8192 2.000000000 2
32 432 3 8192 2.000000000 2
32 576 3 8192 2.000000000 2
32 824 3 8192 2.000000000 2
32 1220 3 8192 2.000000000 2
36 128 3 8192 2.000000000 2
36 160 3 8192 2.000000000 2
36 168 3 8192 2.000000000 2
36 220 3 8192 2.000000000 2
36 432 3 8192 2.000000000 2
36 576 3 8192 2.000000000 2
36 824 3 8192 2.000000000 2
36 1220 3 8192 2.000000000 2
48 128 3 8192 2.000000000 2
48 160 3 8192 2.000000000 2
48 168 3 8192 2.000000000 2
48 220 3 8192 2.000000000 2
48 432 3 8192 2.000000000 2
48 576 3 8192 2.000000000 2
48 824 3 8192 2.000000000 2
48 1220 3 8192 2.000000000 2
52 128 3 8192 2.000000000 2
52 160 3 8192 2.000000000 2
52 168 3 8192 2.000000000 2
52 220 3 8192 2.000000000 2
52 432 3 8192 2.000000000 2
52 576 3 8192 2.000000000 2
52 824 3 8192 2.000000000 2
52 1220 3 8192 2.000000000 2
56 128 3 8192 2.000000000 2
56 160 3 8192 2.000000000 2
56 168 3 8192 2.000000000 2
56 220 3 8192 2.000000000 2
56 432 3 8192 2.000000000 2
56 576 3 8192 2.000000000 2
56 824 3 8192 2.000000000 2
56 1220 3 8192 2.000000000 2
60 128 3 8192 2.000000000 2
60 160 3 8192 2.000000000 2
60 168 3 8192 2.000000000 2
60 220 3 8192 2.000000000 2
60 432 3 8192 2.000000000 2
60 576 3 8192 2.000000000 2
60 824 3 8192 2.000000000 2
60 1220 3 8192 2.000000000 2
64 128 3 8192 2.000000000 2
64 160 3 8192 2.000000000 2
64 168 3 8192 2.000000000 2
64 220 3 8192 2.000000000 2
64 432 3 8192 2.000000000 2
64 576 3 8192 2.000000000 2
64 824 3 8192 2.000000000 2
64 1220 3 8192 2.000000000 2
68 128 3 8192 2.000000000 2
68 160 3 8192 2.000000000 2
68 168 3 8192 2.000000000 2
68 220 3 8192 2.000000000 2
68 432 3 8192 2.000000000 2
68 576 3 8192 2.000000000 2
68 824 3 8192 2.000000000 2
68 1220 3 8192 2.000000000 2
72 128 3 8192 2.000000000 2
72 160 3 8192 2.000000000 2
72 168 3 8192 2.000000000 2
72 220 3 8192 2.000000000 2
72 432 3 8192 2.000000000 2
72 576 3 8192 2.000000000 2
72 824 3 8192 2.000000000 2
72 1220 3 8192 2.000000000 2
80 128 3 8192 2.000000000 2
80 160 3 8192 2.000000000 2
80 168 3 8192 2.000000000 2
80 220 3 8192 2.000000000 2
80 432 3 8192 2.000000000 2
80 576 3 8192 2.000000000 2
80 824 3 8192 2.000000000 2
80 1220 3 8192 2.000000000 2
84 128 3 8192 2.000000000 2
84 160 3 8192 2.000000000 2
84 168 3 8192 2.000000000 2
84 220 3 8192 2.000000000 2
84 432 3 8192 2.000000000 2
84 576 3 8192 2.000000000 2
84 824 3 8192 2.000000000 2
84 1220 3 8192 2.000000000 2
88 128 3 8192 2.000000000 2
88 160 3 8192 2.000000000 2
88 168 3 8192 2.000000000 2
88 220 3 8192 2.000000000 2
88 432 3 8192 2.000000000 2
88 576 3 8192 2.000000000 2
88 824 3 8192 2.000000000 2
88 1220 3 8192 2.000000000 2
92 128 3 8192 2.000000000 2
92 160 3 8192 2.000000000 2
92 168 3 8192 2.000000000 2
92 220 3 8192 2.000000000 2
92 432 3 8192 2.000000000 2
92 576 3 8192 2.000000000 2
92 824 3 8192 2.000000000 2
92 1220 3 8192 2.000000000 2
96 128 3 8192 2.000000000 2
96 160 3 8192 2.000000000 2
96 168 3 8192 2.000000000 2
96 220 3 8192 2.000000000 2
96 432 3 8192 2.000000000 2
96 576 3 8192 2.000000000 2
96 824 3 8192 2.000000000 2
96 1220 3 8192 2.000000000 2
108 128 3 8192 2.000000000 2
108 160 3 8192 2.000000000 2
108 168 3 8192 2.000000000 2
108 220 3 8192 2.000000000 2
108 432 3 8192 2.000000000 2
108 576 3 8192 2.000000000 2
108 824 3 8192 2.000000000 2
108 1220 3 8192 2.000000000 2
112 128 3 8192 2.000000000 2
112 160 3 8192 2.000000000 2
112 168 3 8192 2.000000000 2
112 220 3 8192 2.000000000 2
112 432 3 8192 2.000000000 2
112 576 3 8192 2.000000000 2
112 824 3 8192 2.000000000 2
112 1220 3 8192 2.000000000 2
116 128 3 8192 2.000000000 2
116 160 3 8192 2.000000000 2
116 168 3 8192 2.000000000 2
116 220 3 8192 2.000000000 2
116 432 3 8192 2.000000000 2
116 576 3 8192 2.000000000 2
116 824 3 8192 2.000000000 2
116 1220 3 8192 2.000000000 2
120 128 3 8192 2.000000000 2
120 160 3 8192 2.000000000 2
120 168 3 8192 2.000000000 2
120 220 3 8192 2.000000000 2
120 432 3 8192 2.000000000 2
120 576 3 8192 2.000000000 2
120 824 3 8192 2.000000000 2
120 1220 3 8192 2.000000000 2
124 128 3 8192 2.000000000 2
124 160 3 8192 2.000000000 2
124 168 3 8192 2.000000000 2
124 220 3 8192 2.000000000 2
124 432 3 8192 2.000000000 2
124 576 3 8192 2.000000000 2
124 824 3 8192 2.000000000 2
124 1220 3 8192 2.000000000 2
128 160 3 8192 2.000000000 2
128 168 3 8192 2.000000000 2
128 220 3 8192 2.000000000 2
128 432 3 8192 2.000000000 2
128 576 3 8192 2.000000000 2
128 824 3 8192 2.000000000 2
128 1220 3 8192 2.000000000 2
140 128 3 8192 2.000000000 2
140 160 3 8192 2.000000000 2
140 168 3 8192 2.000000000 2
140 220 3 8192 2.000000000 2
140 432 3 8192 2.000000000 2
140 576 3 8192 2.000000000 2
140 824 3 8192 2.000000000 2
140 1220 3 8192 2.000000000 2
144 128 3 8192 2.000000000 2
144 160 3 8192 2.000000000 2
144 168 3 8192 2.000000000 2
144 220 3 8192 2.000000000 2
144 432 3 8192 2.000000000 2
144 576 3 8192 2.000000000 2
144 824 3 8192 2.000000000 2
144 1220 3 8192 2.000000000 2
156 128 3 8192 2.000000000 2
156 160 3 8192 2.000000000 2
156 168 3 8192 2.000000000 2
156 220 3 8192 2.000000000 2
156 432 3 8192 2.000000000 2
156 576 3 8192 2.000000000 2
156 824 3 8192 2.000000000 2
156 1220 3 8192 2.000000000 2
160 128 3 8192 2.000000000 2
160 168 3 8192 2.000000000 2
160 220 3 8192 2.000000000 2
160 432 3 8192 2.000000000 2
160 576 3 8192 2.000000000 2
160 824 3 8192 2.000000000 2
160 1220 3 8192 2.000000000 2
164 128 3 8192 2.000000000 2
164 160 3 8192 2.000000000 2
164 168 3 8192 2.000000000 2
164 220 3 8192 2.000000000 2
164 432 3 8192 2.000000000 2
164 576 3 8192 2.000000000 2
164 824 3 8192 2.000000000 2
164 1220 3 8192 2.000000000 2
168 128 3 8192 2.000000000 2
168 160 3 8192 2.000000000 2
168 220 3 8192 2.000000000 2
168 432 3 8192 2.000000000 2
168 576 3 8192 2.000000000 2
168 824 3 8192 2.000000000 2
168 1220 3 8192 2.000000000 2
172 128 3 8192 2.000000000 2
172 160 3 8192 2.000000000 2
172 168 3 8192 2.000000000 2
172 220 3 8192 2.000000000 2
172 432 3 8192 2.000000000 2
172 576 3 8192 2.000000000 2
172 824 3 8192 2.000000000 2
172 1220 3 8192 2.000000000 2
176 128 3 8192 2.000000000 2
176 160 3 8192 2.000000000 2
176 168 3 8192 2.000000000 2
176 220 3 8192 2.000000000 2
176 432 3 8192 2.000000000 2
176 576 3 8192 2.000000000 2
176 824 3 8192 2.000000000 2
176 1220 3 8192 2.000000000 2
180 128 3 8192 2.000000000 2
180 160 3 8192 2.000000000 2
180 168 3 8192 2.000000000 2
180 220 3 8192 2.000000000 2
180 432 3 8192 2.000000000 2
180 576 3 8192 2.000000000 2
180 824 3 8192 2.000000000 2
180 1220 3 8192 2.000000000 2
188 128 3 8192 2.000000000 2
188 160 3 8192 2.000000000 2
188 168 3 8192 2.000000000 2
188 220 3 8192 2.000000000 2
188 432 3 8192 2.000000000 2
188 576 3 8192 2.000000000 2
188 824 3 8192 2.000000000 2
188 1220 3 8192 2.000000000 2
196 128 3 8192 2.000000000 2
196 160 3 8192 2.000000000 2
196 168 3 8192 2.000000000 2
196 220 3 8192 2.000000000 2
196 432 3 8192 2.000000000 2
196 576 3 8192 2.000000000 2
196 824 3 8192 2.000000000 2
196 1220 3 8192 2.000000000 2
200 128 3 8192 2.000000000 2
200 160 3 8192 2.000000000 2
200 168 3 8192 2.000000000 2
200 220 3 8192 2.000000000 2
200 432 3 8192 2.000000000 2
200 576 3 8192 2.000000000 2
200 824 3 8192 2.000000000 2
200 1220 3 8192 2.000000000 2
204 128 3 8192 2.000000000 2
204 160 3 8192 2.000000000 2
204 168 3 8192 2.000000000 2
204 220 3 8192 2.000000000 2
204 432 3 8192 2.000000000 2
204 576 3 8192 2.000000000 2
204 824 3 8192 2.000000000 2
204 1220 3 8192 2.000000000 2
208 128 3 8192 2.000000000 2
208 160 3 8192 2.000000000 2
208 168 3 8192 2.000000000 2
208 220 3 8192 2.000000000 2
208 432 3 8192 2.000000000 2
208 576 3 8192 2.000000000 2
208 824 3 8192 2.000000000 2
208 1220 3 8192 2.000000000 2
216 128 3 8192 2.000000000 2
216 160 3 8192 2.000000000 2
216 168 3 8192 2.000000000 2
216 220 3 8192 2.000000000 2
216 432 3 8192 2.000000000 2
216 576 3 8192 2.000000000 2
216 824 3 8192 2.000000000 2
216 1220 3 8192 2.000000000 2
220 128 3 8192 2.000000000 2
220 160 3 8192 2.000000000 2
220 168 3 8192 2.000000000 2
220 432 3 8192 2.000000000 2
220 576 3 8192 2.000000000 2
220 824 3 8192 2.000000000 2
220 1220 3 8192 2.000000000 2
224 128 3 8192 2.000000000 2
224 160 3 8192 2.000000000 2
224 168 3 8192 2.000000000 2
224 220 3 8192 2.000000000 2
224 432 3 8192 2.000000000 2
224 576 3 8192 2.000000000 2
224 824 3 8192 2.000000000 2
224 1220 3 8192 2.000000000 2
228 128 3 8192 2.000000000 2
228 160 3 8192 2.000000000 2
228 168 3 8192 2.000000000 2
228 220 3 8192 2.000000000 2
228 432 3 8192 2.000000000 2
228 576 3 8192 2.000000000 2
228 824 3 8192 2.000000000 2
228 1220 3 8192 2.000000000 2
232 128 3 8192 2.000000000 2
232 160 3 8192 2.000000000 2
232 168 3 8192 2.000000000 2
232 220 3 8192 2.000000000 2
232 432 3 8192 2.000000000 2
232 576 3 8192 2.000000000 2
232 824 3 8192 2.000000000 2
232 1220 3 8192 2.000000000 2
236 128 3 8192 2.000000000 2
236 160 3 8192 2.000000000 2
236 168 3 8192 2.000000000 2
236 220 3 8192 2.000000000 2
236 432 3 8192 2.000000000 2
236 576 3 8192 2.000000000 2
236 824 3 8192 2.000000000 2
236 1220 3 8192 2.000000000 2
240 128 3 8192 2.000000000 2
240 160 3 8192 2.000000000 2
240 168 3 8192 2.000000000 2
240 220 3 8192 2.000000000 2
240 432 3 8192 2.000000000 2
240 576 3 8192 2.000000000 2
240 824 3 8192 2.000000000 2
240 1220 3 8192 2.000000000 2
244 128 3 8192 2.000000000 2
244 160 3 8192 2.000000000 2
244 168 3 8192 2.000000000 2
244 220 3 8192 2.000000000 2
244 432 3 8192 2.000000000 2
244 576 3 8192 2.000000000 2
244 824 3 8192 2.000000000 2
244 1220 3 8192 2.000000000 2
248 128 3 8192 2.000000000 2
248 160 3 8192 2.000000000 2
248 168 3 8192 2.000000000 2
248 220 3 8192 2.000000000 2
248 432 3 8192 2.000000000 2
248 576 3 8192 2.000000000 2
248 824 3 8192 2.000000000 2
248 1220 3 8192 2.000000000 2
252 128 3 8192 2.000000000 2
252 160 3 8192 2.000000000 2
252 168 3 8192 2.000000000 2
252 220 3 8192 2.000000000 2
252 432 3 8192 2.000000000 2
252 576 3 8192 2.000000000 2
252 824 3 8192 2.000000000 2
252 1220 3 8192 2.000000000 2
256 128 3 8192 2.000000000 2
256 160 3 8192 2.000000000 2
256 168 3 8192 2.000000000 2
256 220 3 8192 2.000000000 2
256 432 3 8192 2.000000000 2
256 576 3 8192 2.000000000 2
256 824 3 8192 2.000000000 2
256 1220 3 8192 2.000000000 2
260 128 3 8192 2.000000000 2
260 160 3 8192 2.000000000 2
260 168 3 8192 2.000000000 2
260 220 3 8192 2.000000000 2
260 432 3 8192 2.000000000 2
260 576 3 8192 2.000000000 2
260 824 3 8192 2.000000000 2
260 1220 3 8192 2.000000000 2
264 128 3 8192 2.000000000 2
264 160 3 8192 2.000000000 2
264 168 3 8192 2.000000000 2
264 220 3 8192 2.000000000 2
264 432 3 8192 2.000000000 2
264 576 3 8192 2.000000000 2
264 824 3 8192 2.000000000 2
264 1220 3 8192 2.000000000 2
268 128 3 8192 2.000000000 2
268 160 3 8192 2.000000000 2
268 168 3 8192 2.000000000 2
268 220 3 8192 2.000000000 2
268 432 3 8192 2.000000000 2
268 576 3 8192 2.000000000 2
268 824 3 8192 2.000000000 2
268 1220 3 8192 2.000000000 2
272 128 3 8192 2.000000000 2
272 160 3 8192 2.000000000 2
272 168 3 8192 2.000000000 2
272 220 3 8192 2.000000000 2
272 432 3 8192 2.000000000 2
272 576 3 8192 2.000000000 2
272 824 3 8192 2.000000000 2
272 1220 3 8192 2.000000000 2
276 128 3 8192 2.000000000 2
276 160 3 8192 2.000000000 2
276 168 3 8192 2.000000000 2
276 220 3 8192 2.000000000 2
276 432 3 8192 2.000000000 2
276 576 3 8192 2.000000000 2
276 824 3 8192 2.000000000 2
276 1220 3 8192 2.000000000 2
280 128 3 8192 2.000000000 2
280 160 3 8192 2.000000000 2
280 168 3 8192 2.000000000 2
280 220 3 8192 2.000000000 2
280 432 3 8192 2.000000000 2
280 576 3 8192 2.000000000 2
280 824 3 8192 2.000000000 2
280 1220 3 8192 2.000000000 2
284 128 3 8192 2.000000000 2
284 160 3 8192 2.000000000 2
284 168 3 8192 2.000000000 2
284 220 3 8192 2.000000000 2
284 432 3 8192 2.000000000 2
284 576 3 8192 2.000000000 2
284 824 3 8192 2.000000000 2
284 1220 3 8192 2.000000000 2
292 128 3 8192 2.000000000 2
292 160 3 8192 2.000000000 2
292 168 3 8192 2.000000000 2
292 220 3 8192 2.000000000 2
292 432 3 8192 2.000000000 2
292 576 3 8192 2.000000000 2
292 824 3 8192 2.000000000 2
292 1220 3 8192 2.000000000 2
300 128 3 8192 2.000000000 2
300 160 3 8192 2.000000000 2
300 168 3 8192 2.000000000 2
300 220 3 8192 2.000000000 2
300 432 3 8192 2.000000000 2
300 576 3 8192 2.000000000 2
300 824 3 8192 2.000000000 2
300 1220 3 8192 2.000000000 2
304 128 3 8192 2.000000000 2
304 160 3 8192 2.000000000 2
304 168 3 8192 2.000000000 2
304 220 3 8192 2.000000000 2
304 432 3 8192 2.000000000 2
304 576 3 8192 2.000000000 2
304 824 3 8192 2.000000000 2
304 1220 3 8192 2.000000000 2
312 128 3 8192 2.000000000 2
312 160 3 8192 2.000000000 2
312 168 3 8192 2.000000000 2
312 220 3 8192 2.000000000 2
312 432 3 8192 2.000000000 2
312 576 3 8192 2.000000000 2
312 824 3 8192 2.000000000 2
312 1220 3 8192 2.000000000 2
316 128 3 8192 2.000000000 2
316 160 3 8192 2.000000000 2
316 168 3 8192 2.000000000 2
316 220 3 8192 2.000000000 2
316 432 3 8192 2.000000000 2
316 576 3 8192 2.000000000 2
316 824 3 8192 2.000000000 2
316 1220 3 8192 2.000000000 2
320 128 3 8192 2.000000000 2
320 160 3 8192 2.000000000 2
320 168 3 8192 2.000000000 2
320 220 3 8192 2.000000000 2
320 432 3 8192 2.000000000 2
320 576 3 8192 2.000000000 2
320 824 3 8192 2.000000000 2
320 1220 3 8192 2.000000000 2
324 128 3 8192 2.000000000 2
324 160 3 8192 2.000000000 2
324 168 3 8192 2.000000000 2
324 220 3 8192 2.000000000 2
324 432 3 8192 2.000000000 2
324 576 3 8192 2.000000000 2
324 824 3 8192 2.000000000 2
324 1220 3 8192 2.000000000 2
328 128 3 8192 2.000000000 2
328 160 3 8192 2.000000000 2
328 168 3 8192 2.000000000 2
328 220 3 8192 2.000000000 2
328 432 3 8192 2.000000000 2
328 576 3 8192 2.000000000 2
328 824 3 8192 2.000000000 2
328 1220 3 8192 2.000000000 2
332 128 3 8192 2.000000000 2
332 160 3 8192 2.000000000 2
332 168 3 8192 2.000000000 2
332 220 3 8192 2.000000000 2
332 432 3 8192 2.000000000 2
332 576 3 8192 2.000000000 2
332 824 3 8192 2.000000000 2
332 1220 3 8192 2.000000000 2
336 128 3 8192 2.000000000 2
336 160 3 8192 2.000000000 2
336 168 3 8192 2.000000000 2
336 220 3 8192 2.000000000 2
336 432 3 8192 2.000000000 2
336 576 3 8192 2.000000000 2
336 824 3 8192 2.000000000 2
336 1220 3 8192 2.000000000 2
340 128 3 8192 2.000000000 2
340 160 3 8192 2.000000000 2
340 168 3 8192 2.000000000 2
340 220 3 8192 2.000000000 2
340 432 3 8192 2.000000000 2
340 576 3 8192 2.000000000 2
340 824 3 8192 2.000000000 2
340 1220 3 8192 2.000000000 2
348 128 3 8192 2.000000000 2
348 160 3 8192 2.000000000 2
348 168 3 8192 2.000000000 2
348 220 3 8192 2.000000000 2
348 432 3 8192 2.000000000 2
348 576 3 8192 2.000000000 2
348 824 3 8192 2.000000000 2
348 1220 3 8192 2.000000000 2
360 128 3 8192 2.000000000 2
360 160 3 8192 2.000000000 2
360 168 3 8192 2.000000000 2
360 220 3 8192 2.000000000 2
360 432 3 8192 2.000000000 2
360 576 3 8192 2.000000000 2
360 824 3 8192 2.000000000 2
360 1220 3 8192 2.000000000 2
364 128 3 8192 2.000000000 2
364 160 3 8192 2.000000000 2
364 168 3 8192 2.000000000 2
364 220 3 8192 2.000000000 2
364 432 3 8192 2.000000000 2
364 576 3 8192 2.000000000 2
364 824 3 8192 2.000000000 2
364 1220 3 8192 2.000000000 2
368 128 3 8192 2.000000000 2
368 160 3 8192 2.000000000 2
368 168 3 8192 2.000000000 2
368 220 3 8192 2.000000000 2
368 432 3 8192 2.000000000 2
368 576 3 8192 2.000000000 2
368 824 3 8192 2.000000000 2
368 1220 3 8192 2.000000000 2
380 128 3 8192 2.000000000 2
380 160 3 8192 2.000000000 2
380 168 3 8192 2.000000000 2
380 220 3 8192 2.000000000 2
380 432 3 8192 2.000000000 2
380 576 3 8192 2.000000000 2
380 824 3 8192 2.000000000 2
380 1220 3 8192 2.000000000 2
388 128 3 8192 2.000000000 2
388 160 3 8192 2.000000000 2
388 168 3 8192 2.000000000 2
388 220 3 8192 2.000000000 2
388 432 3 8192 2.000000000 2
388 576 3 8192 2.000000000 2
388 824 3 8192 2.000000000 2
388 1220 3 8192 2.000000000 2
392 128 3 8192 2.000000000 2
392 160 3 8192 2.000000000 2
392 168 3 8192 2.000000000 2
392 220 3 8192 2.000000000 2
392 432 3 8192 2.000000000 2
392 576 3 8192 2.000000000 2
392 824 3 8192 2.000000000 2
392 1220 3 8192 2.000000000 2
404 128 3 8192 2.000000000 2
404 160 3 8192 2.000000000 2
404 168 3 8192 2.000000000 2
404 220 3 8192 2.000000000 2
404 432 3 8192 2.000000000 2
404 576 3 8192 2.000000000 2
404 824 3 8192 2.000000000 2
404 1220 3 8192 2.000000000 2
408 128 3 8192 2.000000000 2
408 160 3 8192 2.000000000 2
408 168 3 8192 2.000000000 2
408 220 3 8192 2.000000000 2
408 432 3 8192 2.000000000 2
408 576 3 8192 2.000000000 2
408 824 3 8192 2.000000000 2
408 1220 3 8192 2.000000000 2
416 128 3 8192 2.000000000 2
416 160 3 8192 2.000000000 2
416 168 3 8192 2.000000000 2
416 220 3 8192 2.000000000 2
416 432 3 8192 2.000000000 2
416 576 3 8192 2.000000000 2
416 824 3 8192 2.000000000 2
416 1220 3 8192 2.000000000 2
428 128 3 8192 2.000000000 2
428 160 3 8192 2.000000000 2
428 168 3 8192 2.000000000 2
428 220 3 8192 2.000000000 2
428 432 3 8192 2.000000000 2
428 576 3 8192 2.000000000 2
428 824 3 8192 2.000000000 2
428 1220 3 8192 2.000000000 2
432 128 3 8192 2.000000000 2
432 160 3 8192 2.000000000 2
432 168 3 8192 2.000000000 2
432 220 3 8192 2.000000000 2
432 576 3 8192 2.000000000 2
432 824 3 8192 2.000000000 2
432 1220 3 8192 2.000000000 2
436 128 3 8192 2.000000000 2
436 160 3 8192 2.000000000 2
436 168 3 8192 2.000000000 2
436 220 3 8192 2.000000000 2
436 432 3 8192 2.000000000 2
436 576 3 8192 2.000000000 2
436 824 3 8192 2.000000000 2
436 1220 3 8192 2.000000000 2
440 128 3 8192 2.000000000 2
440 160 3 8192 2.000000000 2
440 168 3 8192 2.000000000 2
440 220 3 8192 2.000000000 2
440 432 3 8192 2.000000000 2
440 576 3 8192 2.000000000 2
440 824 3 8192 2.000000000 2
440 1220 3 8192 2.000000000 2
444 128 3 8192 2.000000000 2
444 160 3 8192 2.000000000 2
444 168 3 8192 2.000000000 2
444 220 3 8192 2.000000000 2
444 432 3 8192 2.000000000 2
444 576 3 8192 2.000000000 2
444 824 3 8192 2.000000000 2
444 1220 3 8192 2.000000000 2
448 128 3 8192 2.000000000 2
448 160 3 8192 2.000000000 2
448 168 3 8192 2.000000000 2
448 220 3 8192 2.000000000 2
448 432 3 8192 2.000000000 2
448 576 3 8192 2.000000000 2
448 824 3 8192 2.000000000 2
448 1220 3 8192 2.000000000 2
452 128 3 8192 2.000000000 2
452 160 3 8192 2.000000000 2
452 168 3 8192 2.000000000 2
452 220 3 8192 2.000000000 2
452 432 3 8192 2.000000000 2
452 576 3 8192 2.000000000 2
452 824 3 8192 2.000000000 2
452 1220 3 8192 2.000000000 2
456 128 3 8192 2.000000000 2
456 160 3 8192 2.000000000 2
456 168 3 8192 2.000000000 2
456 220 3 8192 2.000000000 2
456 432 3 8192 2.000000000 2
456 576 3 8192 2.000000000 2
456 824 3 8192 2.000000000 2
456 1220 3 8192 2.000000000 2
460 128 3 8192 2.000000000 2
460 160 3 8192 2.000000000 2
460 168 3 8192 2.000000000 2
460 220 3 8192 2.000000000 2
460 432 3 8192 2.000000000 2
460 576 3 8192 2.000000000 2
460 824 3 8192 2.000000000 2
460 1220 3 8192 2.000000000 2
464 128 3 8192 2.000000000 2
464 160 3 8192 2.000000000 2
464 168 3 8192 2.000000000 2
464 220 3 8192 2.000000000 2
464 432 3 8192 2.000000000 2
464 576 3 8192 2.000000000 2
464 824 3 8192 2.000000000 2
464 1220 3 8192 2.000000000 2
468 128 3 8192 2.000000000 2
468 160 3 8192 2.000000000 2
468 168 3 8192 2.000000000 2
468 220 3 8192 2.000000000 2
468 432 3 8192 2.000000000 2
468 576 3 8192 2.000000000 2
468 824 3 8192 2.000000000 2
468 1220 3 8192 2.000000000 2
472 128 3 8192 2.000000000 2
472 160 3 8192 2.000000000 2
472 168 3 8192 2.000000000 2
472 220 3 8192 2.000000000 2
472 432 3 8192 2.000000000 2
472 576 3 8192 2.000000000 2
472 824 3 8192 2.000000000 2
472 1220 3 8192 2.000000000 2
476 128 3 8192 2.000000000 2
476 160 3 8192 2.000000000 2
476 168 3 8192 2.000000000 2
476 220 3 8192 2.000000000 2
476 432 3 8192 2.000000000 2
476 576 3 8192 2.000000000 2
476 824 3 8192 2.000000000 2
476 1220 3 8192 2.000000000 2
484 128 3 8192 2.000000000 2
484 160 3 8192 2.000000000 2
484 168 3 8192 2.000000000 2
484 220 3 8192 2.000000000 2
484 432 3 8192 2.000000000 2
484 576 3 8192 2.000000000 2
484 824 3 8192 2.000000000 2
484 1220 3 8192 2.000000000 2
492 128 3 8192 2.000000000 2
492 160 3 8192 2.000000000 2
492 168 3 8192 2.000000000 2
492 220 3 8192 2.000000000 2
492 432 3 8192 2.000000000 2
492 576 3 8192 2.000000000 2
492 824 3 8192 2.000000000 2
492 1220 3 8192 2.000000000 2
496 128 3 8192 2.000000000 2
496 160 3 8192 2.000000000 2
496 168 3 8192 2.000000000 2
496 220 3 8192 2.000000000 2
496 432 3 8192 2.000000000 2
496 576 3 8192 2.000000000 2
496 824 3 8192 2.000000000 2
496 1220 3 8192 2.000000000 2
500 128 3 8192 2.000000000 2
500 160 3 8192 2.000000000 2
500 168 3 8192 2.000000000 2
500 220 3 8192 2.000000000 2
500 432 3 8192 2.000000000 2
500 576 3 8192 2.000000000 2
500 824 3 8192 2.000000000 2
500 1220 3 8192 2.000000000 2
504 128 3 8192 2.000000000 2
504 160 3 8192 2.000000000 2
504 168 3 8192 2.000000000 2
504 220 3 8192 2.000000000 2
504 432 3 8192 2.000000000 2
504 576 3 8192 2.000000000 2
504 824 3 8192 2.000000000 2
504 1220 3 8192 2.000000000 2
508 128 3 8192 2.000000000 2
508 160 3 8192 2.000000000 2
508 168 3 8192 2.000000000 2
508 220 3 8192 2.000000000 2
508 432 3 8192 2.000000000 2
508 576 3 8192 2.000000000 2
508 824 3 8192 2.000000000 2
508 1220 3 8192 2.000000000 2
512 128 3 8192 2.000000000 2
512 160 3 8192 2.000000000 2
512 168 3 8192 2.000000000 2
512 220 3 8192 2.000000000 2
512 432 3 8192 2.000000000 2
512 576 3 8192 2.000000000 2
512 824 3 8192 2.000000000 2
512 1220 3 8192 2.000000000 2
516 128 3 8192 2.000000000 2
516 160 3 8192 2.000000000 2
516 168 3 8192 2.000000000 2
516 220 3 8192 2.000000000 2
516 432 3 8192 2.000000000 2
516 576 3 8192 2.000000000 2
516 824 3 8192 2.000000000 2
516 1220 3 8192 2.000000000 2
520 128 3 8192 2.000000000 2
520 160 3 8192 2.000000000 2
520 168 3 8192 2.000000000 2
520 220 3 8192 2.000000000 2
520 432 3 8192 2.000000000 2
520 576 3 8192 2.000000000 2
520 824 3 8192 2.000000000 2
520 1220 3 8192 2.000000000 2
524 128 3 8192 2.000000000 2
524 160 3 8192 2.000000000 2
524 168 3 8192 2.000000000 2
524 220 3 8192 2.000000000 2
524 432 3 8192 2.000000000 2
524 576 3 8192 2.000000000 2
524 824 3 8192 2.000000000 2
524 1220 3 8192 2.000000000 2
536 128 3 8192 2.000000000 2
536 160 3 8192 2.000000000 2
536 168 3 8192 2.000000000 2
536 220 3 8192 2.000000000 2
536 432 3 8192 2.000000000 2
536 576 3 8192 2.000000000 2
536 824 3 8192 2.000000000 2
536 1220 3 8192 2.000000000 2
540 128 3 8192 2.000000000 2
540 160 3 8192 2.000000000 2
540 168 3 8192 2.000000000 2
540 220 3 8192 2.000000000 2
540 432 3 8192 2.000000000 2
540 576 3 8192 2.000000000 2
540 824 3 8192 2.000000000 2
540 1220 3 8192 2.000000000 2
544 128 3 8192 2.000000000 2
544 160 3 8192 2.000000000 2
544 168 3 8192 2.000000000 2
544 220 3 8192 2.000000000 2
544 432 3 8192 2.000000000 2
544 576 3 8192 2.000000000 2
544 824 3 8192 2.000000000 2
544 1220 3 8192 2.000000000 2
548 128 3 8192 2.000000000 2
548 160 3 8192 2.000000000 2
548 168 3 8192 2.000000000 2
548 220 3 8192 2.000000000 2
548 432 3 8192 2.000000000 2
548 576 3 8192 2.000000000 2
548 824 3 8192 2.000000000 2
548 1220 3 8192 2.000000000 2
552 128 3 8192 2.000000000 2
552 160 3 8192 2.000000000 2
552 168 3 8192 2.000000000 2
552 220 3 8192 2.000000000 2
552 432 3 8192 2.000000000 2
552 576 3 8192 2.000000000 2
552 824 3 8192 2.000000000 2
552 1220 3 8192 2.000000000 2
560 128 3 8192 2.000000000 2
560 160 3 8192 2.000000000 2
560 168 3 8192 2.000000000 2
560 220 3 8192 2.000000000 2
560 432 3 8192 2.000000000 2
560 576 3 8192 2.000000000 2
560 824 3 8192 2.000000000 2
560 1220 3 8192 2.000000000 2
564 128 3 8192 2.000000000 2
564 160 3 8192 2.000000000 2
564 168 3 8192 2.000000000 2
564 220 3 8192 2.000000000 2
564 432 3 8192 2.000000000 2
564 576 3 8192 2.000000000 2
564 824 3 8192 2.000000000 2
564 1220 3 8192 2.000000000 2
568 128 3 8192 2.000000000 2
568 160 3 8192 2.000000000 2
568 168 3 8192 2.000000000 2
568 220 3 8192 2.000000000 2
568 432 3 8192 2.000000000 2
568 576 3 8192 2.000000000 2
568 824 3 8192 2.000000000 2
568 1220 3 8192 2.000000000 2
572 128 3 8192 2.000000000 2
572 160 3 8192 2.000000000 2
572 168 3 8192 2.000000000 2
572 220 3 8192 2.000000000 2
572 432 3 8192 2.000000000 2
572 576 3 8192 2.000000000 2
572 824 3 8192 2.000000000 2
572 1220 3 8192 2.000000000 2
576 128 3 8192 2.000000000 2
576 160 3 8192 2.000000000 2
576 168 3 8192 2.000000000 2
576 220 3 8192 2.000000000 2
576 432 3 8192 2.000000000 2
576 824 3 8192 2.000000000 2
576 1220 3 8192 2.000000000 2
580 128 3 8192 2.000000000 2
580 160 3 8192 2.000000000 2
580 168 3 8192 2.000000000 2
580 220 3 8192 2.000000000 2
580 432 3 8192 2.000000000 2
580 576 3 8192 2.000000000 2
580 824 3 8192 2.000000000 2
580 1220 3 8192 2.000000000 2
588 128 3 8192 2.000000000 2
588 160 3 8192 2.000000000 2
588 168 3 8192 2.000000000 2
588 220 3 8192 2.000000000 2
588 432 3 8192 2.000000000 2
588 576 3 8192 2.000000000 2
588 824 3 8192 2.000000000 2
588 1220 3 8192 2.000000000 2
592 128 3 8192 2.000000000 2
592 160 3 8192 2.000000000 2
592 168 3 8192 2.000000000 2
592 220 3 8192 2.000000000 2
592 432 3 8192 2.000000000 2
592 576 3 8192 2.000000000 2
592 824 3 8192 2.000000000 2
592 1220 3 8192 2.000000000 2
596 128 3 8192 2.000000000 2
596 160 3 8192 2.000000000 2
596 168 3 8192 2.000000000 2
596 220 3 8192 2.000000000 2
596 432 3 8192 2.000000000 2
596 576 3 8192 2.000000000 2
596 824 3 8192 2.000000000 2
596 1220 3 8192 2.000000000 2
600 128 3 8192 2.000000000 2
600 160 3 8192 2.000000000 2
600 168 3 8192 2.000000000 2
600 220 3 8192 2.000000000 2
600 432 3 8192 2.000000000 2
600 576 3 8192 2.000000000 2
600 824 3 8192 2.000000000 2
600 1220 3 8192 2.000000000 2
608 128 3 8192 2.000000000 2
608 160 3 8192 2.000000000 2
608 168 3 8192 2.000000000 2
608 220 3 8192 2.000000000 2
608 432 3 8192 2.000000000 2
608 576 3 8192 2.000000000 2
608 824 3 8192 2.000000000 2
608 1220 3 8192 2.000000000 2
612 128 3 8192 2.000000000 2
612 160 3 8192 2.000000000 2
612 168 3 8192 2.000000000 2
612 220 3 8192 2.000000000 2
612 432 3 8192 2.000000000 2
612 576 3 8192 2.000000000 2
612 824 3 8192 2.000000000 2
612 1220 3 8192 2.000000000 2
620 128 3 8192 2.000000000 2
620 160 3 8192 2.000000000 2
620 168 3 8192 2.000000000 2
620 220 3 8192 2.000000000 2
620 432 3 8192 2.000000000 2
620 576 3 8192 2.000000000 2
620 824 3 8192 2.000000000 2
620 1220 3 8192 2.000000000 2
624 128 3 8192 2.000000000 2
624 160 3 8192 2.000000000 2
624 168 3 8192 2.000000000 2
624 220 3 8192 2.000000000 2
624 432 3 8192 2.000000000 2
624 576 3 8192 2.000000000 2
624 824 3 8192 2.000000000 2
624 1220 3 8192 2.000000000 2
632 128 3 8192 2.000000000 2
632 160 3 8192 2.000000000 2
632 168 3 8192 2.000000000 2
632 220 3 8192 2.000000000 2
632 432 3 8192 2.000000000 2
632 576 3 8192 2.000000000 2
632 824 3 8192 2.000000000 2
632 1220 3 8192 2.000000000 2
636 128 3 8192 2.000000000 2
636 160 3 8192 2.000000000 2
636 168 3 8192 2.000000000 2
636 220 3 8192 2.000000000 2
636 432 3 8192 2.000000000 2
636 576 3 8192 2.000000000 2
636 824 3 8192 2.000000000 2
636 1220 3 8192 2.000000000 2
640 128 3 8192 2.000000000 2
640 160 3 8192 2.000000000 2
640 168 3 8192 2.000000000 2
640 220 3 8192 2.000000000 2
640 432 3 8192 2.000000000 2
640 576 3 8192 2.000000000 2
640 824 3 8192 2.000000000 2
640 1220 3 8192 2.000000000 2
644 128 3 8192 2.000000000 2
644 160 3 8192 2.000000000 2
644 168 3 8192 2.000000000 2
644 220 3 8192 2.000000000 2
644 432 3 8192 2.000000000 2
644 576 3 8192 2.000000000 2
644 824 3 8192 2.000000000 2
644 1220 3 8192 2.000000000 2
648 128 3 8192 2.000000000 2
648 160 3 8192 2.000000000 2
648 168 3 8192 2.000000000 2
648 220 3 8192 2.000000000 2
648 432 3 8192 2.000000000 2
648 576 3 8192 2.000000000 2
648 824 3 8192 2.000000000 2
648 1220 3 8192 2.000000000 2
652 128 3 8192 2.000000000 2
652 160 3 8192 2.000000000 2
652 168 3 8192 2.000000000 2
652 220 3 8192 2.000000000 2
652 432 3 8192 2.000000000 2
652 576 3 8192 2.000000000 2
652 824 3 8192 2.000000000 2
652 1220 3 8192 2.000000000 2
656 128 3 8192 2.000000000 2
656 160 3 8192 2.000000000 2
656 168 3 8192 2.000000000 2
656 220 3 8192 2.000000000 2
656 432 3 8192 2.000000000 2
656 576 3 8192 2.000000000 2
656 824 3 8192 2.000000000 2
656 1220 3 8192 2.000000000 2
660 128 3 8192 2.000000000 2
660 160 3 8192 2.000000000 2
660 168 3 8192 2.000000000 2
660 220 3 8192 2.000000000 2
660 432 3 8192 2.000000000 2
660 576 3 8192 2.000000000 2
660 824 3 8192 2.000000000 2
660 1220 3 8192 2.000000000 2
668 128 3 8192 2.000000000 2
668 160 3 8192 2.000000000 2
668 168 3 8192 2.000000000 2
668 220 3 8192 2.000000000 2
668 432 3 8192 2.000000000 2
668 576 3 8192 2.000000000 2
668 824 3 8192 2.000000000 2
668 1220 3 8192 2.000000000 2
672 128 3 8192 2.000000000 2
672 160 3 8192 2.000000000 2
672 168 3 8192 2.000000000 2
672 220 3 8192 2.000000000 2
672 432 3 8192 2.000000000 2
672 576 3 8192 2.000000000 2
672 824 3 8192 2.000000000 2
672 1220 3 8192 2.000000000 2
676 128 3 8192 2.000000000 2
676 160 3 8192 2.000000000 2
676 168 3 8192 2.000000000 2
676 220 3 8192 2.000000000 2
676 432 3 8192 2.000000000 2
676 576 3 8192 2.000000000 2
676 824 3 8192 2.000000000 2
676 1220 3 8192 2.000000000 2
688 128 3 8192 2.000000000 2
688 160 3 8192 2.000000000 2
688 168 3 8192 2.000000000 2
688 220 3 8192 2.000000000 2
688 432 3 8192 2.000000000 2
688 576 3 8192 2.000000000 2
688 824 3 8192 2.000000000 2
688 1220 3 8192 2.000000000 2
692 128 3 8192 2.000000000 2
692 160 3 8192 2.000000000 2
692 168 3 8192 2.000000000 2
692 220 3 8192 2.000000000 2
692 432 3 8192 2.000000000 2
692 576 3 8192 2.000000000 2
692 824 3 8192 2.000000000 2
692 1220 3 8192 2.000000000 2
696 128 3 8192 2.000000000 2
696 160 3 8192 2.000000000 2
696 168 3 8192 2.000000000 2
696 220 3 8192 2.000000000 2
696 432 3 8192 2.000000000 2
696 576 3 8192 2.000000000 2
696 824 3 8192 2.000000000 2
696 1220 3 8192 2.000000000 2
700 128 3 8192 2.000000000 2
700 160 3 8192 2.000000000 2
700 168 3 8192 2.000000000 2
700 220 3 8192 2.000000000 2
700 432 3 8192 2.000000000 2
700 576 3 8192 2.000000000 2
700 824 3 8192 2.000000000 2
700 1220 3 8192 2.000000000 2
704 128 3 8192 2.000000000 2
704 160 3 8192 2.000000000 2
704 168 3 8192 2.000000000 2
704 220 3 8192 2.000000000 2
704 432 3 8192 2.000000000 2
704 576 3 8192 2.000000000 2
704 824 3 8192 2.000000000 2
704 1220 3 8192 2.000000000 2
712 128 3 8192 2.000000000 2
712 160 3 8192 2.000000000 2
712 168 3 8192 2.000000000 2
712 220 3 8192 2.000000000 2
712 432 3 8192 2.000000000 2
712 576 3 8192 2.000000000 2
712 824 3 8192 2.000000000 2
712 1220 3 8192 2.000000000 2
716 128 3 8192 2.000000000 2
716 160 3 8192 2.000000000 2
716 168 3 8192 2.000000000 2
716 220 3 8192 2.000000000 2
716 432 3 8192 2.000000000 2
716 576 3 8192 2.000000000 2
716 824 3 8192 2.000000000 2
716 1220 3 8192 2.000000000 2
724 128 3 8192 2.000000000 2
724 160 3 8192 2.000000000 2
724 168 3 8192 2.000000000 2
724 220 3 8192 2.000000000 2
724 432 3 8192 2.000000000 2
724 576 3 8192 2.000000000 2
724 824 3 8192 2.000000000 2
724 1220 3 8192 2.000000000 2
732 128 3 8192 2.000000000 2
732 160 3 8192 2.000000000 2
732 168 3 8192 2.000000000 2
732 220 3 8192 2.000000000 2
732 432 3 8192 2.000000000 2
732 576 3 8192 2.000000000 2
732 824 3 8192 2.000000000 2
732 1220 3 8192 2.000000000 2
736 128 3 8192 2.000000000 2
736 160 3 8192 2.000000000 2
736 168 3 8192 2.000000000 2
736 220 3 8192 2.000000000 2
736 432 3 8192 2.000000000 2
736 576 3 8192 2.000000000 2
736 824 3 8192 2.000000000 2
736 1220 3 8192 2.000000000 2
740 128 3 8192 2.000000000 2
740 160 3 8192 2.000000000 2
740 168 3 8192 2.000000000 2
740 220 3 8192 2.000000000 2
740 432 3 8192 2.000000000 2
740 576 3 8192 2.000000000 2
740 824 3 8192 2.000000000 2
740 1220 3 8192 2.000000000 2
744 128 3 8192 2.000000000 2
744 160 3 8192 2.000000000 2
744 168 3 8192 2.000000000 2
744 220 3 8192 2.000000000 2
744 432 3 8192 2.000000000 2
744 576 3 8192 2.000000000 2
744 824 3 8192 2.000000000 2
744 1220 3 8192 2.000000000 2
748 128 3 8192 2.000000000 2
748 160 3 8192 2.000000000 2
748 168 3 8192 2.000000000 2
748 220 3 8192 2.000000000 2
748 432 3 8192 2.000000000 2
748 576 3 8192 2.000000000 2
748 824 3 8192 2.000000000 2
748 1220 3 8192 2.000000000 2
752 128 3 8192 2.000000000 2
752 160 3 8192 2.000000000 2
752 168 3 8192 2.000000000 2
752 220 3 8192 2.000000000 2
752 432 3 8192 2.000000000 2
752 576 3 8192 2.000000000 2
752 824 3 8192 2.000000000 2
752 1220 3 8192 2.000000000 2
756 128 3 8192 2.000000000 2
756 160 3 8192 2.000000000 2
756 168 3 8192 2.000000000 2
756 220 3 8192 2.000000000 2
756 432 3 8192 2.000000000 2
756 576 3 8192 2.000000000 2
756 824 3 8192 2.000000000 2
756 1220 3 8192 2.000000000 2
760 128 3 8192 2.000000000 2
760 160 3 8192 2.000000000 2
760 168 3 8192 2.000000000 2
760 220 3 8192 2.000000000 2
760 432 3 8192 2.000000000 2
760 576 3 8192 2.000000000 2
760 824 3 8192 2.000000000 2
760 1220 3 8192 2.000000000 2
764 128 3 8192 2.000000000 2
764 160 3 8192 2.000000000 2
764 168 3 8192 2.000000000 2
764 220 3 8192 2.000000000 2
764 432 3 8192 2.000000000 2
764 576 3 8192 2.000000000 2
764 824 3 8192 2.000000000 2
764 1220 3 8192 2.000000000 2
772 128 3 8192 2.000000000 2
772 160 3 8192 2.000000000 2
772 168 3 8192 2.000000000 2
772 220 3 8192 2.000000000 2
772 432 3 8192 2.000000000 2
772 576 3 8192 2.000000000 2
772 824 3 8192 2.000000000 2
772 1220 3 8192 2.000000000 2
776 128 3 8192 2.000000000 2
776 160 3 8192 2.000000000 2
776 168 3 8192 2.000000000 2
776 220 3 8192 2.000000000 2
776 432 3 8192 2.000000000 2
776 576 3 8192 2.000000000 2
776 824 3 8192 2.000000000 2
776 1220 3 8192 2.000000000 2
780 128 3 8192 2.000000000 2
780 160 3 8192 2.000000000 2
780 168 3 8192 2.000000000 2
780 220 3 8192 2.000000000 2
780 432 3 8192 2.000000000 2
780 576 3 8192 2.000000000 2
780 824 3 8192 2.000000000 2
780 1220 3 8192 2.000000000 2
784 128 3 8192 2.000000000 2
784 160 3 8192 2.000000000 2
784 168 3 8192 2.000000000 2
784 220 3 8192 2.000000000 2
784 432 3 8192 2.000000000 2
784 576 3 8192 2.000000000 2
784 824 3 8192 2.000000000 2
784 1220 3 8192 2.000000000 2
788 128 3 8192 2.000000000 2
788 160 3 8192 2.000000000 2
788 168 3 8192 2.000000000 2
788 220 3 8192 2.000000000 2
788 432 3 8192 2.000000000 2
788 576 3 8192 2.000000000 2
788 824 3 8192 2.000000000 2
788 1220 3 8192 2.000000000 2
792 128 3 8192 2.000000000 2
792 160 3 8192 2.000000000 2
792 168 3 8192 2.000000000 2
792 220 3 8192 2.000000000 2
792 432 3 8192 2.000000000 2
792 576 3 8192 2.000000000 2
792 824 3 8192 2.000000000 2
792 1220 3 8192 2.000000000 2
804 128 3 8192 2.000000000 2
804 160 3 8192 2.000000000 2
804 168 3 8192 2.000000000 2
804 220 3 8192 2.000000000 2
804 432 3 8192 2.000000000 2
804 576 3 8192 2.000000000 2
804 824 3 8192 2.000000000 2
804 1220 3 8192 2.000000000 2
808 128 3 8192 2.000000000 2
808 160 3 8192 2.000000000 2
808 168 3 8192 2.000000000 2
808 220 3 8192 2.000000000 2
808 432 3 8192 2.000000000 2
808 576 3 8192 2.000000000 2
808 824 3 8192 2.000000000 2
808 1220 3 8192 2.000000000 2
812 128 3 8192 2.000000000 2
812 160 3 8192 2.000000000 2
812 168 3 8192 2.000000000 2
812 220 3 8192 2.000000000 2
812 432 3 8192 2.000000000 2
812 576 3 8192 2.000000000 2
812 824 3 8192 2.000000000 2
812 1220 3 8192 2.000000000 2
816 128 3 8192 2.000000000 2
816 160 3 8192 2.000000000 2
816 168 3 8192 2.000000000 2
816 220 3 8192 2.000000000 2
816 432 3 8192 2.000000000 2
816 576 3 8192 2.000000000 2
816 824 3 8192 2.000000000 2
816 1220 3 8192 2.000000000 2
820 128 3 8192 2.000000000 2
820 160 3 8192 2.000000000 2
820 168 3 8192 2.000000000 2
820 220 3 8192 2.000000000 2
820 432 3 8192 2.000000000 2
820 576 3 8192 2.000000000 2
820 824 3 8192 2.000000000 2
820 1220 3 8192 2.000000000 2
824 128 3 8192 2.000000000 2
824 160 3 8192 2.000000000 2
824 168 3 8192 2.000000000 2
824 220 3 8192 2.000000000 2
824 432 3 8192 2.000000000 2
824 576 3 8192 2.000000000 2
824 1220 3 8192 2.000000000 2
832 128 3 8192 2.000000000 2
832 160 3 8192 2.000000000 2
832 168 3 8192 2.000000000 2
832 220 3 8192 2.000000000 2
832 432 3 8192 2.000000000 2
832 576 3 8192 2.000000000 2
832 824 3 8192 2.000000000 2
832 1220 3 8192 2.000000000 2
836 128 3 8192 2.000000000 2
836 160 3 8192 2.000000000 2
836 168 3 8192 2.000000000 2
836 220 3 8192 2.000000000 2
836 432 3 8192 2.000000000 2
836 576 3 8192 2.000000000 2
836 824 3 8192 2.000000000 2
836 1220 3 8192 2.000000000 2
840 128 3 8192 2.000000000 2
840 160 3 8192 2.000000000 2
840 168 3 8192 2.000000000 2
840 220 3 8192 2.000000000 2
840 432 3 8192 2.000000000 2
840 576 3 8192 2.000000000 2
840 824 3 8192 2.000000000 2
840 1220 3 8192 2.000000000 2
844 128 3 8192 2.000000000 2
844 160 3 8192 2.000000000 2
844 168 3 8192 2.000000000 2
844 220 3 8192 2.000000000 2
844 432 3 8192 2.000000000 2
844 576 3 8192 2.000000000 2
844 824 3 8192 2.000000000 2
844 1220 3 8192 2.000000000 2
848 128 3 8192 2.000000000 2
848 160 3 8192 2.000000000 2
848 168 3 8192 2.000000000 2
848 220 3 8192 2.000000000 2
848 432 3 8192 2.000000000 2
848 576 3 8192 2.000000000 2
848 824 3 8192 2.000000000 2
848 1220 3 8192 2.000000000 2
852 128 3 8192 2.000000000 2
852 160 3 8192 2.000000000 2
852 168 3 8192 2.000000000 2
852 220 3 8192 2.000000000 2
852 432 3 8192 2.000000000 2
852 576 3 8192 2.000000000 2
852 824 3 8192 2.000000000 2
852 1220 3 8192 2.000000000 2
856 128 3 8192 2.000000000 2
856 160 3 8192 2.000000000 2
856 168 3 8192 2.000000000 2
856 220 3 8192 2.000000000 2
856 432 3 8192 2.000000000 2
856 576 3 8192 2.000000000 2
856 824 3 8192 2.000000000 2
856 1220 3 8192 2.000000000 2
860 128 3 8192 2.000000000 2
860 160 3 8192 2.000000000 2
860 168 3 8192 2.000000000 2
860 220 3 8192 2.000000000 2
860 432 3 8192 2.000000000 2
860 576 3 8192 2.000000000 2
860 824 3 8192 2.000000000 2
860 1220 3 8192 2.000000000 2
864 128 3 8192 2.000000000 2
864 160 3 8192 2.000000000 2
864 168 3 8192 2.000000000 2
864 220 3 8192 2.000000000 2
864 432 3 8192 2.000000000 2
864 576 3 8192 2.000000000 2
864 824 3 8192 2.000000000 2
864 1220 3 8192 2.000000000 2
868 128 3 8192 2.000000000 2
868 160 3 8192 2.000000000 2
868 168 3 8192 2.000000000 2
868 220 3 8192 2.000000000 2
868 432 3 8192 2.000000000 2
868 576 3 8192 2.000000000 2
868 824 3 8192 2.000000000 2
868 1220 3 8192 2.000000000 2
872 128 3 8192 2.000000000 2
872 160 3 8192 2.000000000 2
872 168 3 8192 2.000000000 2
872 220 3 8192 2.000000000 2
872 432 3 8192 2.000000000 2
872 576 3 8192 2.000000000 2
872 824 3 8192 2.000000000 2
872 1220 3 8192 2.000000000 2
876 128 3 8192 2.000000000 2
876 160 3 8192 2.000000000 2
876 168 3 8192 2.000000000 2
876 220 3 8192 2.000000000 2
876 432 3 8192 2.000000000 2
876 576 3 8192 2.000000000 2
876 824 3 8192 2.000000000 2
876 1220 3 8192 2.000000000 2
880 128 3 8192 2.000000000 2
880 160 3 8192 2.000000000 2
880 168 3 8192 2.000000000 2
880 220 3 8192 2.000000000 2
880 432 3 8192 2.000000000 2
880 576 3 8192 2.000000000 2
880 824 3 8192 2.000000000 2
880 1220 3 8192 2.000000000 2
884 128 3 8192 2.000000000 2
884 160 3 8192 2.000000000 2
884 168 3 8192 2.000000000 2
884 220 3 8192 2.000000000 2
884 432 3 8192 2.000000000 2
884 576 3 8192 2.000000000 2
884 824 3 8192 2.000000000 2
884 1220 3 8192 2.000000000 2
888 128 3 8192 2.000000000 2
888 160 3 8192 2.000000000 2
888 168 3 8192 2.000000000 2
888 220 3 8192 2.000000000 2
888 432 3 8192 2.000000000 2
888 576 3 8192 2.000000000 2
888 824 3 8192 2.000000000 2
888 1220 3 8192 2.000000000 2
892 128 3 8192 2.000000000 2
892 160 3 8192 2.000000000 2
892 168 3 8192 2.000000000 2
892 220 3 8192 2.000000000 2
892 432 3 8192 2.000000000 2
892 576 3 8192 2.000000000 2
892 824 3 8192 2.000000000 2
892 1220 3 8192 2.000000000 2
896 128 3 8192 2.000000000 2
896 160 3 8192 2.000000000 2
896 168 3 8192 2.000000000 2
896 220 3 8192 2.000000000 2
896 432 3 8192 2.000000000 2
896 576 3 8192 2.000000000 2
896 824 3 8192 2.000000000 2
896 1220 3 8192 2.000000000 2
900 128 3 8192 2.000000000 2
900 160 3 8192 2.000000000 2
900 168 3 8192 2.000000000 2
900 220 3 8192 2.000000000 2
900 432 3 8192 2.000000000 2
900 576 3 8192 2.000000000 2
900 824 3 8192 2.000000000 2
900 1220 3 8192 2.000000000 2
904 128 3 8192 2.000000000 2
904 160 3 8192 2.000000000 2
904 168 3 8192 2.000000000 2
904 220 3 8192 2.000000000 2
904 432 3 8192 2.000000000 2
904 576 3 8192 2.000000000 2
904 824 3 8192 2.000000000 2
904 1220 3 8192 2.000000000 2
916 128 3 8192 2.000000000 2
916 160 3 8192 2.000000000 2
916 168 3 8192 2.000000000 2
916 220 3 8192 2.000000000 2
916 432 3 8192 2.000000000 2
916 576 3 8192 2.000000000 2
916 824 3 8192 2.000000000 2
916 1220 3 8192 2.000000000 2
920 128 3 8192 2.000000000 2
920 160 3 8192 2.000000000 2
920 168 3 8192 2.000000000 2
920 220 3 8192 2.000000000 2
920 432 3 8192 2.000000000 2
920 576 3 8192 2.000000000 2
920 824 3 8192 2.000000000 2
920 1220 3 8192 2.000000000 2
924 128 3 8192 2.000000000 2
924 160 3 8192 2.000000000 2
924 168 3 8192 2.000000000 2
924 220 3 8192 2.000000000 2
924 432 3 8192 2.000000000 2
924 576 3 8192 2.000000000 2
924 824 3 8192 2.000000000 2
924 1220 3 8192 2.000000000 2
928 128 3 8192 2.000000000 2
928 160 3 8192 2.000000000 2
928 168 3 8192 2.000000000 2
928 220 3 8192 2.000000000 2
928 432 3 8192 2.000000000 2
928 576 3 8192 2.000000000 2
928 824 3 8192 2.000000000 2
928 1220 3 8192 2.000000000 2
932 128 3 8192 2.000000000 2
932 160 3 8192 2.000000000 2
932 168 3 8192 2.000000000 2
932 220 3 8192 2.000000000 2
932 432 3 8192 2.000000000 2
932 576 3 8192 2.000000000 2
932 824 3 8192 2.000000000 2
932 1220 3 8192 2.000000000 2
936 128 3 8192 2.000000000 2
936 160 3 8192 2.000000000 2
936 168 3 8192 2.000000000 2
936 220 3 8192 2.000000000 2
936 432 3 8192 2.000000000 2
936 576 3 8192 2.000000000 2
936 824 3 8192 2.000000000 2
936 1220 3 8192 2.000000000 2
940 128 3 8192 2.000000000 2
940 160 3 8192 2.000000000 2
940 168 3 8192 2.000000000 2
940 220 3 8192 2.000000000 2
940 432 3 8192 2.000000000 2
940 576 3 8192 2.000000000 2
940 824 3 8192 2.000000000 2
940 1220 3 8192 2.000000000 2
944 128 3 8192 2.000000000 2
944 160 3 8192 2.000000000 2
944 168 3 8192 2.000000000 2
944 220 3 8192 2.000000000 2
944 432 3 8192 2.000000000 2
944 576 3 8192 2.000000000 2
944 824 3 8192 2.000000000 2
944 1220 3 8192 2.000000000 2
948 128 3 8192 2.000000000 2
948 160 3 8192 2.000000000 2
948 168 3 8192 2.000000000 2
948 220 3 8192 2.000000000 2
948 432 3 8192 2.000000000 2
948 576 3 8192 2.000000000 2
948 824 3 8192 2.000000000 2
948 1220 3 8192 2.000000000 2
952 128 3 8192 2.000000000 2
952 160 3 8192 2.000000000 2
952 168 3 8192 2.000000000 2
952 220 3 8192 2.000000000 2
952 432 3 8192 2.000000000 2
952 576 3 8192 2.000000000 2
952 824 3 8192 2.000000000 2
952 1220 3 8192 2.000000000 2
956 128 3 8192 2.000000000 2
956 160 3 8192 2.000000000 2
956 168 3 8192 2.000000000 2
956 220 3 8192 2.000000000 2
956 432 3 8192 2.000000000 2
956 576 3 8192 2.000000000 2
956 824 3 8192 2.000000000 2
956 1220 3 8192 2.000000000 2
960 128 3 8192 2.000000000 2
960 160 3 8192 2.000000000 2
960 168 3 8192 2.000000000 2
960 220 3 8192 2.000000000 2
960 432 3 8192 2.000000000 2
960 576 3 8192 2.000000000 2
960 824 3 8192 2.000000000 2
960 1220 3 8192 2.000000000 2
964 128 3 8192 2.000000000 2
964 160 3 8192 2.000000000 2
964 168 3 8192 2.000000000 2
964 220 3 8192 2.000000000 2
964 432 3 8192 2.000000000 2
964 576 3 8192 2.000000000 2
964 824 3 8192 2.000000000 2
964 1220 3 8192 2.000000000 2
968 128 3 8192 2.000000000 2
968 160 3 8192 2.000000000 2
968 168 3 8192 2.000000000 2
968 220 3 8192 2.000000000 2
968 432 3 8192 2.000000000 2
968 576 3 8192 2.000000000 2
968 824 3 8192 2.000000000 2
968 1220 3 8192 2.000000000 2
972 128 3 8192 2.000000000 2
972 160 3 8192 2.000000000 2
972 168 3 8192 2.000000000 2
972 220 3 8192 2.000000000 2
972 432 3 8192 2.000000000 2
972 576 3 8192 2.000000000 2
972 824 3 8192 2.000000000 2
972 1220 3 8192 2.000000000 2
976 128 3 8192 2.000000000 2
976 160 3 8192 2.000000000 2
976 168 3 8192 2.000000000 2
976 220 3 8192 2.000000000 2
976 432 3 8192 2.000000000 2
976 576 3 8192 2.000000000 2
976 824 3 8192 2.000000000 2
976 1220 3 8192 2.000000000 2
980 128 3 8192 2.000000000 2
980 160 3 8192 2.000000000 2
980 168 3 8192 2.000000000 2
980 220 3 8192 2.000000000 2
980 432 3 8192 2.000000000 2
980 576 3 8192 2.000000000 2
980 824 3 8192 2.000000000 2
980 1220 3 8192 2.000000000 2
984 128 3 8192 2.000000000 2
984 160 3 8192 2.000000000 2
984 168 3 8192 2.000000000 2
984 220 3 8192 2.000000000 2
984 432 3 8192 2.000000000 2
984 576 3 8192 2.000000000 2
984 824 3 8192 2.000000000 2
984 1220 3 8192 2.000000000 2
988 128 3 8192 2.000000000 2
988 160 3 8192 2.000000000 2
988 168 3 8192 2.000000000 2
988 220 3 8192 2.000000000 2
988 432 3 8192 2.000000000 2
988 576 3 8192 2.000000000 2
988 824 3 8192 2.000000000 2
988 1220 3 8192 2.000000000 2
992 128 3 8192 2.000000000 2
992 160 3 8192 2.000000000 2
992 168 3 8192 2.000000000 2
992 220 3 8192 2.000000000 2
992 432 3 8192 2.000000000 2
992 576 3 8192 2.000000000 2
992 824 3 8192 2.000000000 2
992 1220 3 8192 2.000000000 2
996 128 3 8192 2.000000000 2
996 160 3 8192 2.000000000 2
996 168 3 8192 2.000000000 2
996 220 3 8192 2.000000000 2
996 432 3 8192 2.000000000 2
996 576 3 8192 2.000000000 2
996 824 3 8192 2.000000000 2
996 1220 3 8192 2.000000000 2
1008 128 3 8192 2.000000000 2
1008 160 3 8192 2.000000000 2
1008 168 3 8192 2.000000000 2
1008 220 3 8192 2.000000000 2
1008 432 3 8192 2.000000000 2
1008 576 3 8192 2.000000000 2
1008 824 3 8192 2.000000000 2
1008 1220 3 8192 2.000000000 2
1016 128 3 8192 2.000000000 2
1016 160 3 8192 2.000000000 2
1016 168 3 8192 2.000000000 2
1016 220 3 8192 2.000000000 2
1016 432 3 8192 2.000000000 2
1016 576 3 8192 2.000000000 2
1016 824 3 8192 2.000000000 2
1016 1220 3 8192 2.000000000 2
1020 128 3 8192 2.000000000 2
1020 160 3 8192 2.000000000 2
1020 168 3 8192 2.000000000 2
1020 220 3 8192 2.000000000 2
1020 432 3 8192 2.000000000 2
1020 576 3 8192 2.000000000 2
1020 824 3 8192 2.000000000 2
1020 1220 3 8192 2.000000000 2
1032 128 3 8192 2.000000000 2
1032 160 3 8192 2.000000000 2
1032 168 3 8192 2.000000000 2
1032 220 3 8192 2.000000000 2
1032 432 3 8192 2.000000000 2
1032 576 3 8192 2.000000000 2
1032 824 3 8192 2.000000000 2
1032 1220 3 8192 2.000000000 2
1036 128 3 8192 2.000000000 2
1036 160 3 8192 2.000000000 2
1036 168 3 8192 2.000000000 2
1036 220 3 8192 2.000000000 2
1036 432 3 8192 2.000000000 2
1036 576 3 8192 2.000000000 2
1036 824 3 8192 2.000000000 2
1036 1220 3 8192 2.000000000 2
1040 128 3 8192 2.000000000 2
1040 160 3 8192 2.000000000 2
1040 168 3 8192 2.000000000 2
1040 220 3 8192 2.000000000 2
1040 432 3 8192 2.000000000 2
1040 576 3 8192 2.000000000 2
1040 824 3 8192 2.000000000 2
1040 1220 3 8192 2.000000000 2
1044 128 3 8192 2.000000000 2
1044 160 3 8192 2.000000000 2
1044 168 3 8192 2.000000000 2
1044 220 3 8192 2.000000000 2
1044 432 3 8192 2.000000000 2
1044 576 3 8192 2.000000000 2
1044 824 3 8192 2.000000000 2
1044 1220 3 8192 2.000000000 2
1048 128 3 8192 2.000000000 2
1048 160 3 8192 2.000000000 2
1048 168 3 8192 2.000000000 2
1048 220 3 8192 2.000000000 2
1048 432 3 8192 2.000000000 2
1048 576 3 8192 2.000000000 2
1048 824 3 8192 2.000000000 2
1048 1220 3 8192 2.000000000 2
1056 128 3 8192 2.000000000 2
1056 160 3 8192 2.000000000 2
1056 168 3 8192 2.000000000 2
1056 220 3 8192 2.000000000 2
1056 432 3 8192 2.000000000 2
1056 576 3 8192 2.000000000 2
1056 824 3 8192 2.000000000 2
1056 1220 3 8192 2.000000000 2
1060 128 3 8192 2.000000000 2
1060 160 3 8192 2.000000000 2
1060 168 3 8192 2.000000000 2
1060 220 3 8192 2.000000000 2
1060 432 3 8192 2.000000000 2
1060 576 3 8192 2.000000000 2
1060 824 3 8192 2.000000000 2
1060 1220 3 8192 2.000000000 2
1064 128 3 8192 2.000000000 2
1064 160 3 8192 2.000000000 2
1064 168 3 8192 2.000000000 2
1064 220 3 8192 2.000000000 2
1064 432 3 8192 2.000000000 2
1064 576 3 8192 2.000000000 2
1064 824 3 8192 2.000000000 2
1064 1220 3 8192 2.000000000 2
1068 128 3 8192 2.000000000 2
1068 160 3 8192 2.000000000 2
1068 168 3 8192 2.000000000 2
1068 220 3 8192 2.000000000 2
1068 432 3 8192 2.000000000 2
1068 576 3 8192 2.000000000 2
1068 824 3 8192 2.000000000 2
1068 1220 3 8192 2.000000000 2
1072 128 3 8192 2.000000000 2
1072 160 3 8192 2.000000000 2
1072 168 3 8192 2.000000000 2
1072 220 3 8192 2.000000000 2
1072 432 3 8192 2.000000000 2
1072 576 3 8192 2.000000000 2
1072 824 3 8192 2.000000000 2
1072 1220 3 8192 2.000000000 2
1076 128 3 8192 2.000000000 2
1076 160 3 8192 2.000000000 2
1076 168 3 8192 2.000000000 2
1076 220 3 8192 2.000000000 2
1076 432 3 8192 2.000000000 2
1076 576 3 8192 2.000000000 2
1076 824 3 8192 2.000000000 2
1076 1220 3 8192 2.000000000 2
1080 128 3 8192 2.000000000 2
1080 160 3 8192 2.000000000 2
1080 168 3 8192 2.000000000 2
1080 220 3 8192 2.000000000 2
1080 432 3 8192 2.000000000 2
1080 576 3 8192 2.000000000 2
1080 824 3 8192 2.000000000 2
1080 1220 3 8192 2.000000000 2
1084 128 3 8192 2.000000000 2
1084 160 3 8192 2.000000000 2
1084 168 3 8192 2.000000000 2
1084 220 3 8192 2.000000000 2
1084 432 3 8192 2.000000000 2
1084 576 3 8192 2.000000000 2
1084 824 3 8192 2.000000000 2
1084 1220 3 8192 2.000000000 2
1088 128 3 8192 2.000000000 2
1088 160 3 8192 2.000000000 2
1088 168 3 8192 2.000000000 2
1088 220 3 8192 2.000000000 2
1088 432 3 8192 2.000000000 2
1088 576 3 8192 2.000000000 2
1088 824 3 8192 2.000000000 2
1088 1220 3 8192 2.000000000 2
1096 128 3 8192 2.000000000 2
1096 160 3 8192 2.000000000 2
1096 168 3 8192 2.000000000 2
1096 220 3 8192 2.000000000 2
1096 432 3 8192 2.000000000 2
1096 576 3 8192 2.000000000 2
1096 824 3 8192 2.000000000 2
1096 1220 3 8192 2.000000000 2
1104 128 3 8192 2.000000000 2
1104 160 3 8192 2.000000000 2
1104 168 3 8192 2.000000000 2
1104 220 3 8192 2.000000000 2
1104 432 3 8192 2.000000000 2
1104 576 3 8192 2.000000000 2
1104 824 3 8192 2.000000000 2
1104 1220 3 8192 2.000000000 2
1108 128 3 8192 2.000000000 2
1108 160 3 8192 2.000000000 2
1108 168 3 8192 2.000000000 2
1108 220 3 8192 2.000000000 2
1108 432 3 8192 2.000000000 2
1108 576 3 8192 2.000000000 2
1108 824 3 8192 2.000000000 2
1108 1220 3 8192 2.000000000 2
1112 128 3 8192 2.000000000 2
1112 160 3 8192 2.000000000 2
1112 168 3 8192 2.000000000 2
1112 220 3 8192 2.000000000 2
1112 432 3 8192 2.000000000 2
1112 576 3 8192 2.000000000 2
1112 824 3 8192 2.000000000 2
1112 1220 3 8192 2.000000000 2
1116 128 3 8192 2.000000000 2
1116 160 3 8192 2.000000000 2
1116 168 3 8192 2.000000000 2
1116 220 3 8192 2.000000000 2
1116 432 3 8192 2.000000000 2
1116 576 3 8192 2.000000000 2
1116 824 3 8192 2.000000000 2
1116 1220 3 8192 2.000000000 2
1120 128 3 8192 2.000000000 2
1120 160 3 8192 2.000000000 2
1120 168 3 8192 2.000000000 2
1120 220 3 8192 2.000000000 2
1120 432 3 8192 2.000000000 2
1120 576 3 8192 2.000000000 2
1120 824 3 8192 2.000000000 2
1120 1220 3 8192 2.000000000 2
1124 128 3 8192 2.000000000 2
1124 160 3 8192 2.000000000 2
1124 168 3 8192 2.000000000 2
1124 220 3 8192 2.000000000 2
1124 432 3 8192 2.000000000 2
1124 576 3 8192 2.000000000 2
1124 824 3 8192 2.000000000 2
1124 1220 3 8192 2.000000000 2
1128 128 3 8192 2.000000000 2
1128 160 3 8192 2.000000000 2
1128 168 3 8192 2.000000000 2
1128 220 3 8192 2.000000000 2
1128 432 3 8192 2.000000000 2
1128 576 3 8192 2.000000000 2
1128 824 3 8192 2.000000000 2
1128 1220 3 8192 2.000000000 2
1136 128 3 8192 2.000000000 2
1136 160 3 8192 2.000000000 2
1136 168 3 8192 2.000000000 2
1136 220 3 8192 2.000000000 2
1136 432 3 8192 2.000000000 2
1136 576 3 8192 2.000000000 2
1136 824 3 8192 2.000000000 2
1136 1220 3 8192 2.000000000 2
1140 128 3 8192 2.000000000 2
1140 160 3 8192 2.000000000 2
1140 168 3 8192 2.000000000 2
1140 220 3 8192 2.000000000 2
1140 432 3 8192 2.000000000 2
1140 576 3 8192 2.000000000 2
1140 824 3 8192 2.000000000 2
1140 1220 3 8192 2.000000000 2
1144 128 3 8192 2.000000000 2
1144 160 3 8192 2.000000000 2
1144 168 3 8192 2.000000000 2
1144 220 3 8192 2.000000000 2
1144 432 3 8192 2.000000000 2
1144 576 3 8192 2.000000000 2
1144 824 3 8192 2.000000000 2
1144 1220 3 8192 2.000000000 2
1148 128 3 8192 2.000000000 2
1148 160 3 8192 2.000000000 2
1148 168 3 8192 2.000000000 2
1148 220 3 8192 2.000000000 2
1148 432 3 8192 2.000000000 2
1148 576 3 8192 2.000000000 2
1148 824 3 8192 2.000000000 2
1148 1220 3 8192 2.000000000 2
1152 128 3 8192 2.000000000 2
1152 160 3 8192 2.000000000 2
1152 168 3 8192 2.000000000 2
1152 220 3 8192 2.000000000 2
1152 432 3 8192 2.000000000 2
1152 576 3 8192 2.000000000 2
1152 824 3 8192 2.000000000 2
1152 1220 3 8192 2.000000000 2
1156 128 3 8192 2.000000000 2
1156 160 3 8192 2.000000000 2
1156 168 3 8192 2.000000000 2
1156 220 3 8192 2.000000000 2
1156 432 3 8192 2.000000000 2
1156 576 3 8192 2.000000000 2
1156 824 3 8192 2.000000000 2
1156 1220 3 8192 2.000000000 2
1160 128 3 8192 2.000000000 2
1160 160 3 8192 2.000000000 2
1160 168 3 8192 2.000000000 2
1160 220 3 8192 2.000000000 2
1160 432 3 8192 2.000000000 2
1160 576 3 8192 2.000000000 2
1160 824 3 8192 2.000000000 2
1160 1220 3 8192 2.000000000 2
1164 128 3 8192 2.000000000 2
1164 160 3 8192 2.000000000 2
1164 168 3 8192 2.000000000 2
1164 220 3 8192 2.000000000 2
1164 432 3 8192 2.000000000 2
1164 576 3 8192 2.000000000 2
1164 824 3 8192 2.000000000 2
1164 1220 3 8192 2.000000000 2
1168 128 3 8192 2.000000000 2
1168 160 3 8192 2.000000000 2
1168 168 3 8192 2.000000000 2
1168 220 3 8192 2.000000000 2
1168 432 3 8192 2.000000000 2
1168 576 3 8192 2.000000000 2
1168 824 3 8192 2.000000000 2
1168 1220 3 8192 2.000000000 2
1172 128 3 8192 2.000000000 2
1172 160 3 8192 2.000000000 2
1172 168 3 8192 2.000000000 2
1172 220 3 8192 2.000000000 2
1172 432 3 8192 2.000000000 2
1172 576 3 8192 2.000000000 2
1172 824 3 8192 2.000000000 2
1172 1220 3 8192 2.000000000 2
1180 128 3 8192 2.000000000 2
1180 160 3 8192 2.000000000 2
1180 168 3 8192 2.000000000 2
1180 220 3 8192 2.000000000 2
1180 432 3 8192 2.000000000 2
1180 576 3 8192 2.000000000 2
1180 824 3 8192 2.000000000 2
1180 1220 3 8192 2.000000000 2
1184 128 3 8192 2.000000000 2
1184 160 3 8192 2.000000000 2
1184 168 3 8192 2.000000000 2
1184 220 3 8192 2.000000000 2
1184 432 3 8192 2.000000000 2
1184 576 3 8192 2.000000000 2
1184 824 3 8192 2.000000000 2
1184 1220 3 8192 2.000000000 2
1188 128 3 8192 2.000000000 2
1188 160 3 8192 2.000000000 2
1188 168 3 8192 2.000000000 2
1188 220 3 8192 2.000000000 2
1188 432 3 8192 2.000000000 2
1188 576 3 8192 2.000000000 2
1188 824 3 8192 2.000000000 2
1188 1220 3 8192 2.000000000 2
1192 128 3 8192 2.000000000 2
1192 160 3 8192 2.000000000 2
1192 168 3 8192 2.000000000 2
1192 220 3 8192 2.000000000 2
1192 432 3 8192 2.000000000 2
1192 576 3 8192 2.000000000 2
1192 824 3 8192 2.000000000 2
1192 1220 3 8192 2.000000000 2
1200 128 3 8192 2.000000000 2
1200 160 3 8192 2.000000000 2
1200 168 3 8192 2.000000000 2
1200 220 3 8192 2.000000000 2
1200 432 3 8192 2.000000000 2
1200 576 3 8192 2.000000000 2
1200 824 3 8192 2.000000000 2
1200 1220 3 8192 2.000000000 2
1208 128 3 8192 2.000000000 2
1208 160 3 8192 2.000000000 2
1208 168 3 8192 2.000000000 2
1208 220 3 8192 2.000000000 2
1208 432 3 8192 2.000000000 2
1208 576 3 8192 2.000000000 2
1208 824 3 8192 2.000000000 2
1208 1220 3 8192 2.000000000 2
1212 128 3 8192 2.000000000 2
1212 160 3 8192 2.000000000 2
1212 168 3 8192 2.000000000 2
1212 220 3 8192 2.000000000 2
1212 432 3 8192 2.000000000 2
1212 576 3 8192 2.000000000 2
1212 824 3 8192 2.000000000 2
1212 1220 3 8192 2.000000000 2
1216 128 3 8192 2.000000000 2
1216 160 3 8192 2.000000000 2
1216 168 3 8192 2.000000000 2
1216 220 3 8192 2.000000000 2
1216 432 3 8192 2.000000000 2
1216 576 3 8192 2.000000000 2
1216 824 3 8192 2.000000000 2
1216 1220 3 8192 2.000000000 2
1220 128 3 8192 2.000000000 2
1220 160 3 8192 2.000000000 2
1220 168 3 8192 2.000000000 2
1220 220 3 8192 2.000000000 2
1220 432 3 8192 2.000000000 2
1220 576 3 8192 2.000000000 2
1220 824 3 8192 2.000000000 2
1224 128 3 8192 2.000000000 2
1224 160 3 8192 2.000000000 2
1224 168 3 8192 2.000000000 2
1224 220 3 8192 2.000000000 2
1224 432 3 8192 2.000000000 2
1224 576 3 8192 2.000000000 2
1224 824 3 8192 2.000000000 2
1224 1220 3 8192 2.000000000 2
1228 128 3 8192 2.000000000 2
1228 160 3 8192 2.000000000 2
1228 168 3 8192 2.000000000 2
1228 220 3 8192 2.000000000 2
1228 432 3 8192 2.000000000 2
1228 576 3 8192 2.000000000 2
1228 824 3 8192 2.000000000 2
1228 1220 3 8192 2.000000000 2
1232 128 3 8192 2.000000000 2
1232 160 3 8192 2.000000000 2
1232 168 3 8192 2.000000000 2
1232 220 3 8192 2.000000000 2
1232 432 3 8192 2.000000000 2
1232 576 3 8192 2.000000000 2
1232 824 3 8192 2.000000000 2
1232 1220 3 8192 2.000000000 2
1236 128 3 8192 2.000000000 2
1236 160 3 8192 2.000000000 2
1236 168 3 8192 2.000000000 2
1236 220 3 8192 2.000000000 2
1236 432 3 8192 2.000000000 2
1236 576 3 8192 2.000000000 2
1236 824 3 8192 2.000000000 2
1236 1220 3 8192 2.000000000 2
1240 128 3 8192 2.000000000 2
1240 160 3 8192 2.000000000 2
1240 168 3 8192 2.000000000 2
1240 220 3 8192 2.000000000 2
1240 432 3 8192 2.000000000 2
1240 576 3 8192 2.000000000 2
1240 824 3 8192 2.000000000 2
1240 1220 3 8192 2.000000000 2
1248 128 3 8192 2.000000000 2
1248 160 3 8192 2.000000000 2
1248 168 3 8192 2.000000000 2
1248 220 3 8192 2.000000000 2
1248 432 3 8192 2.000000000 2
1248 576 3 8192 2.000000000 2
1248 824 3 8192 2.000000000 2
1248 1220 3 8192 2.000000000 2
1252 128 3 8192 2.000000000 2
1252 160 3 8192 2.000000000 2
1252 168 3 8192 2.000000000 2
1252 220 3 8192 2.000000000 2
1252 432 3 8192 2.000000000 2
1252 576 3 8192 2.000000000 2
1252 824 3 8192 2.000000000 2
1252 1220 3 8192 2.000000000 2
1260 128 3 8192 2.000000000 2
1260 160 3 8192 2.000000000 2
1260 168 3 8192 2.000000000 2
1260 220 3 8192 2.000000000 2
1260 432 3 8192 2.000000000 2
1260 576 3 8192 2.000000000 2
1260 824 3 8192 2.000000000 2
1260 1220 3 8192 2.000000000 2
1264 128 3 8192 2.000000000 2
1264 160 3 8192 2.000000000 2
1264 168 3 8192 2.000000000 2
1264 220 3 8192 2.000000000 2
1264 432 3 8192 2.000000000 2
1264 576 3 8192 2.000000000 2
1264 824 3 8192 2.000000000 2
1264 1220 3 8192 2.000000000 2
1272 128 3 8192 2.000000000 2
1272 160 3 8192 2.000000000 2
1272 168 3 8192 2.000000000 2
1272 220 3 8192 2.000000000 2
1272 432 3 8192 2.000000000 2
1272 576 3 8192 2.000000000 2
1272 824 3 8192 2.000000000 2
1272 1220 3 8192 2.000000000 2
1276 128 3 8192 2.000000000 2
1276 160 3 8192 2.000000000 2
1276 168 3 8192 2.000000000 2
1276 220 3 8192 2.000000000 2
1276 432 3 8192 2.000000000 2
1276 576 3 8192 2.000000000 2
1276 824 3 8192 2.000000000 2
1276 1220 3 8192 2.000000000 2
1 109 3 8192 2.000000000 2
1 181 3 8192 2.000000000 2
1 189 3 8192 2.000000000 2
1 313 3 8192 2.000000000 2
1 501 3 8192 2.000000000 2
1 625 3 8192 2.000000000 2
1 653 3 8192 2.000000000 2
1 1041 3 8192 2.000000000 2
9 109 3 8192 2.000000000 2
9 181 3 8192 2.000000000 2
9 189 3 8192 2.000000000 2
9 313 3 8192 2.000000000 2
9 501 3 8192 2.000000000 2
9 625 3 8192 2.000000000 2
9 653 3 8192 2.000000000 2
9 1041 3 8192 2.000000000 2
13 109 3 8192 2.000000000 2
13 181 3 8192 2.000000000 2
13 189 3 8192 2.000000000 2
13 313 3 8192 2.000000000 2
13 501 3 8192 2.000000000 2
13 625 3 8192 2.000000000 2
13 653 3 8192 2.000000000 2
13 1041 3 8192 2.000000000 2
17 109 3 8192 2.000000000 2
17 181 3 8192 2.000000000 2
17 189 3 8192 2.000000000 2
17 313 3 8192 2.000000000 2
17 501 3 8192 2.000000000 2
17 625 3 8192 2.000000000 2
17 653 3 8192 2.000000000 2
17 1041 3 8192 2.000000000 2
25 109 3 8192 2.000000000 2
25 181 3 8192 2.000000000 2
25 189 3 8192 2.000000000 2
25 313 3 8192 2.000000000 2
25 501 3 8192 2.000000000 2
25 625 3 8192 2.000000000 2
25 653 3 8192 2.000000000 2
25 1041 3 8192 2.000000000 2
29 109 3 8192 2.000000000 2
29 181 3 8192 2.000000000 2
29 189 3 8192 2.000000000 2
29 313 3 8192 2.000000000 2
29 501 3 8192 2.000000000 2
29 625 3 8192 2.000000000 2
29 653 3 8192 2.000000000 2
29 1041 3 8192 2.000000000 2
33 109 3 8192 2.000000000 2
33 181 3 8192 2.000000000 2
33 189 3 8192 2.000000000 2
33 313 3 8192 2.000000000 2
33 501 3 8192 2.000000000 2
33 625 3 8192 2.000000000 2
33 653 3 8192 2.000000000 2
33 1041 3 8192 2.000000000 2
37 109 3 8192 2.000000000 2
37 181 3 8192 2.000000000 2
37 189 3 8192 2.000000000 2
37 313 3 8192 2.000000000 2
37 501 3 8192 2.000000000 2
37 625 3 8192 2.000000000 2
37 653 3 8192 2.000000000 2
37 1041 3 8192 2.000000000 2
49 109 3 8192 2.000000000 2
49 181 3 8192 2.000000000 2
49 189 3 8192 2.000000000 2
49 313 3 8192 2.000000000 2
49 501 3 8192 2.000000000 2
49 625 3 8192 2.000000000 2
49 653 3 8192 2.000000000 2
49 1041 3 8192 2.000000000 2
53 109 3 8192 2.000000000 2
53 181 3 8192 2.000000000 2
53 189 3 8192 2.000000000 2
53 313 3 8192 2.000000000 2
53 501 3 8192 2.000000000 2
53 625 3 8192 2.000000000 2
53 653 3 8192 2.000000000 2
53 1041 3 8192 2.000000000 2
57 109 3 8192 2.000000000 2
57 181 3 8192 2.000000000 2
57 189 3 8192 2.000000000 2
57 313 3 8192 2.000000000 2
57 501 3 8192 2.000000000 2
57 625 3 8192 2.000000000 2
57 653 3 8192 2.000000000 2
57 1041 3 8192 2.000000000 2
61 109 3 8192 2.000000000 2
61 181 3 8192 2.000000000 2
61 189 3 8192 2.000000000 2
61 313 3 8192 2.000000000 2
61 501 3 8192 2.000000000 2
61 625 3 8192 2.000000000 2
61 653 3 8192 2.000000000 2
61 1041 3 8192 2.000000000 2
65 109 3 8192 2.000000000 2
65 181 3 8192 2.000000000 2
65 189 3 8192 2.000000000 2
65 313 3 8192 2.000000000 2
65 501 3 8192 2.000000000 2
65 625 3 8192 2.000000000 2
65 653 3 8192 2.000000000 2
65 1041 3 8192 2.000000000 2
69 109 3 8192 2.000000000 2
69 181 3 8192 2.000000000 2
69 189 3 8192 2.000000000 2
69 313 3 8192 2.000000000 2
69 501 3 8192 2.000000000 2
69 625 3 8192 2.000000000 2
69 653 3 8192 2.000000000 2
69 1041 3 8192 2.000000000 2
73 109 3 8192 2.000000000 2
73 181 3 8192 2.000000000 2
73 189 3 8192 2.000000000 2
73 313 3 8192 2.000000000 2
73 501 3 8192 2.000000000 2
73 625 3 8192 2.000000000 2
73 653 3 8192 2.000000000 2
73 1041 3 8192 2.000000000 2
81 109 3 8192 2.000000000 2
81 181 3 8192 2.000000000 2
81 189 3 8192 2.000000000 2
81 313 3 8192 2.000000000 2
81 501 3 8192 2.000000000 2
81 625 3 8192 2.000000000 2
81 653 3 8192 2.000000000 2
81 1041 3 8192 2.000000000 2
85 109 3 8192 2.000000000 2
85 181 3 8192 2.000000000 2
85 189 3 8192 2.000000000 2
85 313 3 8192 2.000000000 2
85 501 3 8192 2.000000000 2
85 625 3 8192 2.000000000 2
85 653 3 8192 2.000000000 2
85 1041 3 8192 2.000000000 2
89 109 3 8192 2.000000000 2
89 181 3 8192 2.000000000 2
89 189 3 8192 2.000000000 2
89 313 3 8192 2.000000000 2
89 501 3 8192 2.000000000 2
89 625 3 8192 2.000000000 2
89 653 3 8192 2.000000000 2
89 1041 3 8192 2.000000000 2
93 109 3 8192 2.000000000 2
93 181 3 8192 2.000000000 2
93 189 3 8192 2.000000000 2
93 313 3 8192 2.000000000 2
93 501 3 8192 2.000000000 2
93 625 3 8192 2.000000000 2
93 653 3 8192 2.000000000 2
93 1041 3 8192 2.000000000 2
97 109 3 8192 2.000000000 2
97 181 3 8192 2.000000000 2
97 189 3 8192 2.000000000 2
97 313 3 8192 2.000000000 2
97 501 3 8192 2.000000000 2
97 625 3 8192 2.000000000 2
97 653 3 8192 2.000000000 2
97 1041 3 8192 2.000000000 2
109 181 3 8192 2.000000000 2
109 189 3 8192 2.000000000 2
109 313 3 8192 2.000000000 2
109 501 3 8192 2.000000000 2
109 625 3 8192 2.000000000 2
109 653 3 8192 2.000000000 2
109 1041 3 8192 2.000000000 2
113 109 3 8192 2.000000000 2
113 181 3 8192 2.000000000 2
113 189 3 8192 2.000000000 2
113 313 3 8192 2.000000000 2
113 501 3 8192 2.000000000 2
113 625 3 8192 2.000000000 2
113 653 3 8192 2.000000000 2
113 1041 3 8192 2.000000000 2
117 109 3 8192 2.000000000 2
117 181 3 8192 2.000000000 2
117 189 3 8192 2.000000000 2
117 313 3 8192 2.000000000 2
117 501 3 8192 2.000000000 2
117 625 3 8192 2.000000000 2
117 653 3 8192 2.000000000 2
117 1041 3 8192 2.000000000 2
121 109 3 8192 2.000000000 2
121 181 3 8192 2.000000000 2
121 189 3 8192 2.000000000 2
121 313 3 8192 2.000000000 2
121 501 3 8192 2.000000000 2
121 625 3 8192 2.000000000 2
121 653 3 8192 2.000000000 2
121 1041 3 8192 2.000000000 2
125 109 3 8192 2.000000000 2
125 181 3 8192 2.000000000 2
125 189 3 8192 2.000000000 2
125 313 3 8192 2.000000000 2
125 501 3 8192 2.000000000 2
125 625 3 8192 2.000000000 2
125 653 3 8192 2.000000000 2
125 1041 3 8192 2.000000000 2
129 109 3 8192 2.000000000 2
129 181 3 8192 2.000000000 2
129 189 3 8192 2.000000000 2
129 313 3 8192 2.000000000 2
129 501 3 8192 2.000000000 2
129 625 3 8192 2.000000000 2
129 653 3 8192 2.000000000 2
129 1041 3 8192 2.000000000 2
141 109 3 8192 2.000000000 2
141 181 3 8192 2.000000000 2
141 189 3 8192 2.000000000 2
141 313 3 8192 2.000000000 2
141 501 3 8192 2.000000000 2
141 625 3 8192 2.000000000 2
141 653 3 8192 2.000000000 2
141 1041 3 8192 2.000000000 2
145 109 3 8192 2.000000000 2
145 181 3 8192 2.000000000 2
145 189 3 8192 2.000000000 2
145 313 3 8192 2.000000000 2
145 501 3 8192 2.000000000 2
145 625 3 8192 2.000000000 2
145 653 3 8192 2.000000000 2
145 1041 3 8192 2.000000000 2
157 109 3 8192 2.000000000 2
157 181 3 8192 2.000000000 2
157 189 3 8192 2.000000000 2
157 313 3 8192 2.000000000 2
157 501 3 8192 2.000000000 2
157 625 3 8192 2.000000000 2
157 653 3 8192 2.000000000 2
157 1041 3 8192 2.000000000 2
161 109 3 8192 2.000000000 2
161 181 3 8192 2.000000000 2
161 189 3 8192 2.000000000 2
161 313 3 8192 2.000000000 2
161 501 3 8192 2.000000000 2
161 625 3 8192 2.000000000 2
161 653 3 8192 2.000000000 2
161 1041 3 8192 2.000000000 2
165 109 3 8192 2.000000000 2
165 181 3 8192 2.000000000 2
165 189 3 8192 2.000000000 2
165 313 3 8192 2.000000000 2
165 501 3 8192 2.000000000 2
165 625 3 8192 2.000000000 2
165 653 3 8192 2.000000000 2
165 1041 3 8192 2.000000000 2
169 109 3 8192 2.000000000 2
169 181 3 8192 2.000000000 2
169 189 3 8192 2.000000000 2
169 313 3 8192 2.000000000 2
169 501 3 8192 2.000000000 2
169 625 3 8192 2.000000000 2
169 653 3 8192 2.000000000 2
169 1041 3 8192 2.000000000 2
173 109 3 8192 2.000000000 2
173 181 3 8192 2.000000000 2
173 189 3 8192 2.000000000 2
173 313 3 8192 2.000000000 2
173 501 3 8192 2.000000000 2
173 625 3 8192 2.000000000 2
173 653 3 8192 2.000000000 2
173 1041 3 8192 2.000000000 2
177 109 3 8192 2.000000000 2
177 181 3 8192 2.000000000 2
177 189 3 8192 2.000000000 2
177 313 3 8192 2.000000000 2
177 501 3 8192 2.000000000 2
177 625 3 8192 2.000000000 2
177 653 3 8192 2.000000000 2
177 1041 3 8192 2.000000000 2
181 109 3 8192 2.000000000 2
181 189 3 8192 2.000000000 2
181 313 3 8192 2.000000000 2
181 501 3 8192 2.000000000 2
181 625 3 8192 2.000000000 2
181 653 3 8192 2.000000000 2
181 1041 3 8192 2.000000000 2
189 109 3 8192 2.000000000 2
189 181 3 8192 2.000000000 2
189 313 3 8192 2.000000000 2
189 501 3 8192 2.000000000 2
189 625 3 8192 2.000000000 2
189 653 3 8192 2.000000000 2
189 1041 3 8192 2.000000000 2
197 109 3 8192 2.000000000 2
197 181 3 8192 2.000000000 2
197 189 3 8192 2.000000000 2
197 313 3 8192 2.000000000 2
197 501 3 8192 2.000000000 2
197 625 3 8192 2.000000000 2
197 653 3 8192 2.000000000 2
197 1041 3 8192 2.000000000 2
201 109 3 8192 2.000000000 2
201 181 3 8192 2.000000000 2
201 189 3 8192 2.000000000 2
201 313 3 8192 2.000000000 2
201 501 3 8192 2.000000000 2
201 625 3 8192 2.000000000 2
201 653 3 8192 2.000000000 2
201 1041 3 8192 2.000000000 2
205 109 3 8192 2.000000000 2
205 181 3 8192 2.000000000 2
205 189 3 8192 2.000000000 2
205 313 3 8192 2.000000000 2
205 501 3 8192 2.000000000 2
205 625 3 8192 2.000000000 2
205 653 3 8192 2.000000000 2
205 1041 3 8192 2.000000000 2
209 109 3 8192 2.000000000 2
209 181 3 8192 2.000000000 2
209 189 3 8192 2.000000000 2
209 313 3 8192 2.000000000 2
209 501 3 8192 2.000000000 2
209 625 3 8192 2.000000000 2
209 653 3 8192 2.000000000 2
209 1041 3 8192 2.000000000 2
217 109 3 8192 2.000000000 2
217 181 3 8192 2.000000000 2
217 189 3 8192 2.000000000 2
217 313 3 8192 2.000000000 2
217 501 3 8192 2.000000000 2
217 625 3 8192 2.000000000 2
217 653 3 8192 2.000000000 2
217 1041 3 8192 2.000000000 2
221 109 3 8192 2.000000000 2
221 181 3 8192 2.000000000 2
221 189 3 8192 2.000000000 2
221 313 3 8192 2.000000000 2
221 501 3 8192 2.000000000 2
221 625 3 8192 2.000000000 2
221 653 3 8192 2.000000000 2
221 1041 3 8192 2.000000000 2
225 109 3 8192 2.000000000 2
225 181 3 8192 2.000000000 2
225 189 3 8192 2.000000000 2
225 313 3 8192 2.000000000 2
225 501 3 8192 2.000000000 2
225 625 3 8192 2.000000000 2
225 653 3 8192 2.000000000 2
225 1041 3 8192 2.000000000 2
229 109 3 8192 2.000000000 2
229 181 3 8192 2.000000000 2
229 189 3 8192 2.000000000 2
229 313 3 8192 2.000000000 2
229 501 3 8192 2.000000000 2
229 625 3 8192 2.000000000 2
229 653 3 8192 2.000000000 2
229 1041 3 8192 2.000000000 2
233 109 3 8192 2.000000000 2
233 181 3 8192 2.000000000 2
233 189 3 8192 2.000000000 2
233 313 3 8192 2.000000000 2
233 501 3 8192 2.000000000 2
233 625 3 8192 2.000000000 2
233 653 3 8192 2.000000000 2
233 1041 3 8192 2.000000000 2
237 109 3 8192 2.000000000 2
237 181 3 8192 2.000000000 2
237 189 3 8192 2.000000000 2
237 313 3 8192 2.000000000 2
237 501 3 8192 2.000000000 2
237 625 3 8192 2.000000000 2
237 653 3 8192 2.000000000 2
237 1041 3 8192 2.000000000 2
241 109 3 8192 2.000000000 2
241 181 3 8192 2.000000000 2
241 189 3 8192 2.000000000 2
241 313 3 8192 2.000000000 2
241 501 3 8192 2.000000000 2
241 625 3 8192 2.000000000 2
241 653 3 8192 2.000000000 2
241 1041 3 8192 2.000000000 2
245 109 3 8192 2.000000000 2
245 181 3 8192 2.000000000 2
245 189 3 8192 2.000000000 2
245 313 3 8192 2.000000000 2
245 501 3 8192 2.000000000 2
245 625 3 8192 2.000000000 2
245 653 3 8192 2.000000000 2
245 1041 3 8192 2.000000000 2
249 109 3 8192 2.000000000 2
249 181 3 8192 2.000000000 2
249 189 3 8192 2.000000000 2
249 313 3 8192 2.000000000 2
249 501 3 8192 2.000000000 2
249 625 3 8192 2.000000000 2
249 653 3 8192 2.000000000 2
249 1041 3 8192 2.000000000 2
253 109 3 8192 2.000000000 2
253 181 3 8192 2.000000000 2
253 189 3 8192 2.000000000 2
253 313 3 8192 2.000000000 2
253 501 3 8192 2.000000000 2
253 625 3 8192 2.000000000 2
253 653 3 8192 2.000000000 2
253 1041 3 8192 2.000000000 2
257 109 3 8192 2.000000000 2
257 181 3 8192 2.000000000 2
257 189 3 8192 2.000000000 2
257 313 3 8192 2.000000000 2
257 501 3 8192 2.000000000 2
257 625 3 8192 2.000000000 2
257 653 3 8192 2.000000000 2
257 1041 3 8192 2.000000000 2
261 109 3 8192 2.000000000 2
261 181 3 8192 2.000000000 2
261 189 3 8192 2.000000000 2
261 313 3 8192 2.000000000 2
261 501 3 8192 2.000000000 2
261 625 3 8192 2.000000000 2
261 653 3 8192 2.000000000 2
261 1041 3 8192 2.000000000 2
265 109 3 8192 2.000000000 2
265 181 3 8192 2.000000000 2
265 189 3 8192 2.000000000 2
265 313 3 8192 2.000000000 2
265 501 3 8192 2.000000000 2
265 625 3 8192 2.000000000 2
265 653 3 8192 2.000000000 2
265 1041 3 8192 2.000000000 2
269 109 3 8192 2.000000000 2
269 181 3 8192 2.000000000 2
269 189 3 8192 2.000000000 2
269 313 3 8192 2.000000000 2
269 501 3 8192 2.000000000 2
269 625 3 8192 2.000000000 2
269 653 3 8192 2.000000000 2
269 1041 3 8192 2.000000000 2
273 109 3 8192 2.000000000 2
273 181 3 8192 2.000000000 2
273 189 3 8192 2.000000000 2
273 313 3 8192 2.000000000 2
273 501 3 8192 2.000000000 2
273 625 3 8192 2.000000000 2
273 653 3 8192 2.000000000 2
273 1041 3 8192 2.000000000 2
277 109 3 8192 2.000000000 2
277 181 3 8192 2.000000000 2
277 189 3 8192 2.000000000 2
277 313 3 8192 2.000000000 2
277 501 3 8192 2.000000000 2
277 625 3 8192 2.000000000 2
277 653 3 8192 2.000000000 2
277 1041 3 8192 2.000000000 2
281 109 3 8192 2.000000000 2
281 181 3 8192 2.000000000 2
281 189 3 8192 2.000000000 2
281 313 3 8192 2.000000000 2
281 501 3 8192 2.000000000 2
281 625 3 8192 2.000000000 2
281 653 3 8192 2.000000000 2
281 1041 3 8192 2.000000000 2
285 109 3 8192 2.000000000 2
285 181 3 8192 2.000000000 2
285 189 3 8192 2.000000000 2
285 313 3 8192 2.000000000 2
285 501 3 8192 2.000000000 2
285 625 3 8192 2.000000000 2
285 653 3 8192 2.000000000 2
285 1041 3 8192 2.000000000 2
293 109 3 8192 2.000000000 2
293 181 3 8192 2.000000000 2
293 189 3 8192 2.000000000 2
293 313 3 8192 2.000000000 2
293 501 3 8192 2.000000000 2
293 625 3 8192 2.000000000 2
293 653 3 8192 2.000000000 2
293 1041 3 8192 2.000000000 2
301 109 3 8192 2.000000000 2
301 181 3 8192 2.000000000 2
301 189 3 8192 2.000000000 2
301 313 3 8192 2.000000000 2
301 501 3 8192 2.000000000 2
301 625 3 8192 2.000000000 2
301 653 3 8192 2.000000000 2
301 1041 3 8192 2.000000000 2
305 109 3 8192 2.000000000 2
305 181 3 8192 2.000000000 2
305 189 3 8192 2.000000000 2
305 313 3 8192 2.000000000 2
305 501 3 8192 2.000000000 2
305 625 3 8192 2.000000000 2
305 653 3 8192 2.000000000 2
305 1041 3 8192 2.000000000 2
313 109 3 8192 2.000000000 2
313 181 3 8192 2.000000000 2
313 189 3 8192 2.000000000 2
313 501 3 8192 2.000000000 2
313 625 3 8192 2.000000000 2
313 653 3 8192 2.000000000 2
313 1041 3 8192 2.000000000 2
317 109 3 8192 2.000000000 2
317 181 3 8192 2.000000000 2
317 189 3 8192 2.000000000 2
317 313 3 8192 2.000000000 2
317 501 3 8192 2.000000000 2
317 625 3 8192 2.000000000 2
317 653 3 8192 2.000000000 2
317 1041 3 8192 2.000000000 2
321 109 3 8192 2.000000000 2
321 181 3 8192 2.000000000 2
321 189 3 8192 2.000000000 2
321 313 3 8192 2.000000000 2
321 501 3 8192 2.000000000 2
321 625 3 8192 2.000000000 2
321 653 3 8192 2.000000000 2
321 1041 3 8192 2.000000000 2
325 109 3 8192 2.000000000 2
325 181 3 8192 2.000000000 2
325 189 3 8192 2.000000000 2
325 313 3 8192 2.000000000 2
325 501 3 8192 2.000000000 2
325 625 3 8192 2.000000000 2
325 653 3 8192 2.000000000 2
325 1041 3 8192 2.000000000 2
329 109 3 8192 2.000000000 2
329 181 3 8192 2.000000000 2
329 189 3 8192 2.000000000 2
329 313 3 8192 2.000000000 2
329 501 3 8192 2.000000000 2
329 625 3 8192 2.000000000 2
329 653 3 8192 2.000000000 2
329 1041 3 8192 2.000000000 2
333 109 3 8192 2.000000000 2
333 181 3 8192 2.000000000 2
333 189 3 8192 2.000000000 2
333 313 3 8192 2.000000000 2
333 501 3 8192 2.000000000 2
333 625 3 8192 2.000000000 2
333 653 3 8192 2.000000000 2
333 1041 3 8192 2.000000000 2
337 109 3 8192 2.000000000 2
337 181 3 8192 2.000000000 2
337 189 3 8192 2.000000000 2
337 313 3 8192 2.000000000 2
337 501 3 8192 2.000000000 2
337 625 3 8192 2.000000000 2
337 653 3 8192 2.000000000 2
337 1041 3 8192 2.000000000 2
341 109 3 8192 2.000000000 2
341 181 3 8192 2.000000000 2
341 189 3 8192 2.000000000 2
341 313 3 8192 2.000000000 2
341 501 3 8192 2.000000000 2
341 625 3 8192 2.000000000 2
341 653 3 8192 2.000000000 2
341 1041 3 8192 2.000000000 2
349 109 3 8192 2.000000000 2
349 181 3 8192 2.000000000 2
349 189 3 8192 2.000000000 2
349 313 3 8192 2.000000000 2
349 501 3 8192 2.000000000 2
349 625 3 8192 2.000000000 2
349 653 3 8192 2.000000000 2
349 1041 3 8192 2.000000000 2
361 109 3 8192 2.000000000 2
361 181 3 8192 2.000000000 2
361 189 3 8192 2.000000000 2
361 313 3 8192 2.000000000 2
361 501 3 8192 2.000000000 2
361 625 3 8192 2.000000000 2
361 653 3 8192 2.000000000 2
361 1041 3 8192 2.000000000 2
365 109 3 8192 2.000000000 2
365 181 3 8192 2.000000000 2
365 189 3 8192 2.000000000 2
365 313 3 8192 2.000000000 2
365 501 3 8192 2.000000000 2
365 625 3 8192 2.000000000 2
365 653 3 8192 2.000000000 2
365 1041 3 8192 2.000000000 2
369 109 3 8192 2.000000000 2
369 181 3 8192 2.000000000 2
369 189 3 8192 2.000000000 2
369 313 3 8192 2.000000000 2
369 501 3 8192 2.000000000 2
369 625 3 8192 2.000000000 2
369 653 3 8192 2.000000000 2
369 1041 3 8192 2.000000000 2
381 109 3 8192 2.000000000 2
381 181 3 8192 2.000000000 2
381 189 3 8192 2.000000000 2
381 313 3 8192 2.000000000 2
381 501 3 8192 2.000000000 2
381 625 3 8192 2.000000000 2
381 653 3 8192 2.000000000 2
381 1041 3 8192 2.000000000 2
389 109 3 8192 2.000000000 2
389 181 3 8192 2.000000000 2
389 189 3 8192 2.000000000 2
389 313 3 8192 2.000000000 2
389 501 3 8192 2.000000000 2
389 625 3 8192 2.000000000 2
389 653 3 8192 2.000000000 2
389 1041 3 8192 2.000000000 2
393 109 3 8192 2.000000000 2
393 181 3 8192 2.000000000 2
393 189 3 8192 2.000000000 2
393 313 3 8192 2.000000000 2
393 501 3 8192 2.000000000 2
393 625 3 8192 2.000000000 2
393 653 3 8192 2.000000000 2
393 1041 3 8192 2.000000000 2
405 109 3 8192 2.000000000 2
405 181 3 8192 2.000000000 2
405 189 3 8192 2.000000000 2
405 313 3 8192 2.000000000 2
405 501 3 8192 2.000000000 2
405 625 3 8192 2.000000000 2
405 653 3 8192 2.000000000 2
405 1041 3 8192 2.000000000 2
409 109 3 8192 2.000000000 2
409 181 3 8192 2.000000000 2
409 189 3 8192 2.000000000 2
409 313 3 8192 2.000000000 2
409 501 3 8192 2.000000000 2
409 625 3 8192 2.000000000 2
409 653 3 8192 2.000000000 2
409 1041 3 8192 2.000000000 2
417 109 3 8192 2.000000000 2
417 181 3 8192 2.000000000 2
417 189 3 8192 2.000000000 2
417 313 3 8192 2.000000000 2
417 501 3 8192 2.000000000 2
417 625 3 8192 2.000000000 2
417 653 3 8192 2.000000000 2
417 1041 3 8192 2.000000000 2
429 109 3 8192 2.000000000 2
429 181 3 8192 2.000000000 2
429 189 3 8192 2.000000000 2
429 313 3 8192 2.000000000 2
429 501 3 8192 2.000000000 2
429 625 3 8192 2.000000000 2
429 653 3 8192 2.000000000 2
429 1041 3 8192 2.000000000 2
433 109 3 8192 2.000000000 2
433 181 3 8192 2.000000000 2
433 189 3 8192 2.000000000 2
433 313 3 8192 2.000000000 2
433 501 3 8192 2.000000000 2
433 625 3 8192 2.000000000 2
433 653 3 8192 2.000000000 2
433 1041 3 8192 2.000000000 2
437 109 3 8192 2.000000000 2
437 181 3 8192 2.000000000 2
437 189 3 8192 2.000000000 2
437 313 3 8192 2.000000000 2
437 501 3 8192 2.000000000 2
437 625 3 8192 2.000000000 2
437 653 3 8192 2.000000000 2
437 1041 3 8192 2.000000000 2
441 109 3 8192 2.000000000 2
441 181 3 8192 2.000000000 2
441 189 3 8192 2.000000000 2
441 313 3 8192 2.000000000 2
441 501 3 8192 2.000000000 2
441 625 3 8192 2.000000000 2
441 653 3 8192 2.000000000 2
441 1041 3 8192 2.000000000 2
445 109 3 8192 2.000000000 2
445 181 3 8192 2.000000000 2
445 189 3 8192 2.000000000 2
445 313 3 8192 2.000000000 2
445 501 3 8192 2.000000000 2
445 625 3 8192 2.000000000 2
445 653 3 8192 2.000000000 2
445 1041 3 8192 2.000000000 2
449 109 3 8192 2.000000000 2
449 181 3 8192 2.000000000 2
449 189 3 8192 2.000000000 2
449 313 3 8192 2.000000000 2
449 501 3 8192 2.000000000 2
449 625 3 8192 2.000000000 2
449 653 3 8192 2.000000000 2
449 1041 3 8192 2.000000000 2
453 109 3 8192 2.000000000 2
453 181 3 8192 2.000000000 2
453 189 3 8192 2.000000000 2
453 313 3 8192 2.000000000 2
453 501 3 8192 2.000000000 2
453 625 3 8192 2.000000000 2
453 653 3 8192 2.000000000 2
453 1041 3 8192 2.000000000 2
457 109 3 8192 2.000000000 2
457 181 3 8192 2.000000000 2
457 189 3 8192 2.000000000 2
457 313 3 8192 2.000000000 2
457 501 3 8192 2.000000000 2
457 625 3 8192 2.000000000 2
457 653 3 8192 2.000000000 2
457 1041 3 8192 2.000000000 2
461 109 3 8192 2.000000000 2
461 181 3 8192 2.000000000 2
461 189 3 8192 2.000000000 2
461 313 3 8192 2.000000000 2
461 501 3 8192 2.000000000 2
461 625 3 8192 2.000000000 2
461 653 3 8192 2.000000000 2
461 1041 3 8192 2.000000000 2
465 109 3 8192 2.000000000 2
465 181 3 8192 2.000000000 2
465 189 3 8192 2.000000000 2
465 313 3 8192 2.000000000 2
465 501 3 8192 2.000000000 2
465 625 3 8192 2.000000000 2
465 653 3 8192 2.000000000 2
465 1041 3 8192 2.000000000 2
469 109 3 8192 2.000000000 2
469 181 3 8192 2.000000000 2
469 189 3 8192 2.000000000 2
469 313 3 8192 2.000000000 2
469 501 3 8192 2.000000000 2
469 625 3 8192 2.000000000 2
469 653 3 8192 2.000000000 2
469 1041 3 8192 2.000000000 2
473 109 3 8192 2.000000000 2
473 181 3 8192 2.000000000 2
473 189 3 8192 2.000000000 2
473 313 3 8192 2.000000000 2
473 501 3 8192 2.000000000 2
473 625 3 8192 2.000000000 2
473 653 3 8192 2.000000000 2
473 1041 3 8192 2.000000000 2
477 109 3 8192 2.000000000 2
477 181 3 8192 2.000000000 2
477 189 3 8192 2.000000000 2
477 313 3 8192 2.000000000 2
477 501 3 8192 2.000000000 2
477 625 3 8192 2.000000000 2
477 653 3 8192 2.000000000 2
477 1041 3 8192 2.000000000 2
485 109 3 8192 2.000000000 2
485 181 3 8192 2.000000000 2
485 189 3 8192 2.000000000 2
485 313 3 8192 2.000000000 2
485 501 3 8192 2.000000000 2
485 625 3 8192 2.000000000 2
485 653 3 8192 2.000000000 2
485 1041 3 8192 2.000000000 2
493 109 3 8192 2.000000000 2
493 181 3 8192 2.000000000 2
493 189 3 8192 2.000000000 2
493 313 3 8192 2.000000000 2
493 501 3 8192 2.000000000 2
493 625 3 8192 2.000000000 2
493 653 3 8192 2.000000000 2
493 1041 3 8192 2.000000000 2
497 109 3 8192 2.000000000 2
497 181 3 8192 2.000000000 2
497 189 3 8192 2.000000000 2
497 313 3 8192 2.000000000 2
497 501 3 8192 2.000000000 2
497 625 3 8192 2.000000000 2
497 653 3 8192 2.000000000 2
497 1041 3 8192 2.000000000 2
501 109 3 8192 2.000000000 2
501 181 3 8192 2.000000000 2
501 189 3 8192 2.000000000 2
501 313 3 8192 2.000000000 2
501 625 3 8192 2.000000000 2
501 653 3 8192 2.000000000 2
501 1041 3 8192 2.000000000 2
505 109 3 8192 2.000000000 2
505 181 3 8192 2.000000000 2
505 189 3 8192 2.000000000 2
505 313 3 8192 2.000000000 2
505 501 3 8192 2.000000000 2
505 625 3 8192 2.000000000 2
505 653 3 8192 2.000000000 2
505 1041 3 8192 2.000000000 2
509 109 3 8192 2.000000000 2
509 181 3 8192 2.000000000 2
509 189 3 8192 2.000000000 2
509 313 3 8192 2.000000000 2
509 501 3 8192 2.000000000 2
509 625 3 8192 2.000000000 2
509 653 3 8192 2.000000000 2
509 1041 3 8192 2.000000000 2
513 109 3 8192 2.000000000 2
513 181 3 8192 2.000000000 2
513 189 3 8192 2.000000000 2
513 313 3 8192 2.000000000 2
513 501 3 8192 2.000000000 2
513 625 3 8192 2.000000000 2
513 653 3 8192 2.000000000 2
513 1041 3 8192 2.000000000 2
517 109 3 8192 2.000000000 2
517 181 3 8192 2.000000000 2
517 189 3 8192 2.000000000 2
517 313 3 8192 2.000000000 2
517 501 3 8192 2.000000000 2
517 625 3 8192 2.000000000 2
517 653 3 8192 2.000000000 2
517 1041 3 8192 2.000000000 2
521 109 3 8192 2.000000000 2
521 181 3 8192 2.000000000 2
521 189 3 8192 2.000000000 2
521 313 3 8192 2.000000000 2
521 501 3 8192 2.000000000 2
521 625 3 8192 2.000000000 2
521 653 3 8192 2.000000000 2
521 1041 3 8192 2.000000000 2
525 109 3 8192 2.000000000 2
525 181 3 8192 2.000000000 2
525 189 3 8192 2.000000000 2
525 313 3 8192 2.000000000 2
525 501 3 8192 2.000000000 2
525 625 3 8192 2.000000000 2
525 653 3 8192 2.000000000 2
525 1041 3 8192 2.000000000 2
537 109 3 8192 2.000000000 2
537 181 3 8192 2.000000000 2
537 189 3 8192 2.000000000 2
537 313 3 8192 2.000000000 2
537 501 3 8192 2.000000000 2
537 625 3 8192 2.000000000 2
537 653 3 8192 2.000000000 2
537 1041 3 8192 2.000000000 2
541 109 3 8192 2.000000000 2
541 181 3 8192 2.000000000 2
541 189 3 8192 2.000000000 2
541 313 3 8192 2.000000000 2
541 501 3 8192 2.000000000 2
541 625 3 8192 2.000000000 2
541 653 3 8192 2.000000000 2
541 1041 3 8192 2.000000000 2
545 109 3 8192 2.000000000 2
545 181 3 8192 2.000000000 2
545 189 3 8192 2.000000000 2
545 313 3 8192 2.000000000 2
545 501 3 8192 2.000000000 2
545 625 3 8192 2.000000000 2
545 653 3 8192 2.000000000 2
545 1041 3 8192 2.000000000 2
549 109 3 8192 2.000000000 2
549 181 3 8192 2.000000000 2
549 189 3 8192 2.000000000 2
549 313 3 8192 2.000000000 2
549 501 3 8192 2.000000000 2
549 625 3 8192 2.000000000 2
549 653 3 8192 2.000000000 2
549 1041 3 8192 2.000000000 2
553 109 3 8192 2.000000000 2
553 181 3 8192 2.000000000 2
553 189 3 8192 2.000000000 2
553 313 3 8192 2.000000000 2
553 501 3 8192 2.000000000 2
553 625 3 8192 2.000000000 2
553 653 3 8192 2.000000000 2
553 1041 3 8192 2.000000000 2
561 109 3 8192 2.000000000 2
561 181 3 8192 2.000000000 2
561 189 3 8192 2.000000000 2
561 313 3 8192 2.000000000 2
561 501 3 8192 2.000000000 2
561 625 3 8192 2.000000000 2
561 653 3 8192 2.000000000 2
561 1041 3 8192 2.000000000 2
565 109 3 8192 2.000000000 2
565 181 3 8192 2.000000000 2
565 189 3 8192 2.000000000 2
565 313 3 8192 2.000000000 2
565 501 3 8192 2.000000000 2
565 625 3 8192 2.000000000 2
565 653 3 8192 2.000000000 2
565 1041 3 8192 2.000000000 2
569 109 3 8192 2.000000000 2
569 181 3 8192 2.000000000 2
569 189 3 8192 2.000000000 2
569 313 3 8192 2.000000000 2
569 501 3 8192 2.000000000 2
569 625 3 8192 2.000000000 2
569 653 3 8192 2.000000000 2
569 1041 3 8192 2.000000000 2
573 109 3 8192 2.000000000 2
573 181 3 8192 2.000000000 2
573 189 3 8192 2.000000000 2
573 313 3 8192 2.000000000 2
573 501 3 8192 2.000000000 2
573 625 3 8192 2.000000000 2
573 653 3 8192 2.000000000 2
573 1041 3 8192 2.000000000 2
577 109 3 8192 2.000000000 2
577 181 3 8192 2.000000000 2
577 189 3 8192 2.000000000 2
577 313 3 8192 2.000000000 2
577 501 3 8192 2.000000000 2
577 625 3 8192 2.000000000 2
577 653 3 8192 2.000000000 2
577 1041 3 8192 2.000000000 2
581 109 3 8192 2.000000000 2
581 181 3 8192 2.000000000 2
581 189 3 8192 2.000000000 2
581 313 3 8192 2.000000000 2
581 501 3 8192 2.000000000 2
581 625 3 8192 2.000000000 2
581 653 3 8192 2.000000000 2
581 1041 3 8192 2.000000000 2
589 109 3 8192 2.000000000 2
589 181 3 8192 2.000000000 2
589 189 3 8192 2.000000000 2
589 313 3 8192 2.000000000 2
589 501 3 8192 2.000000000 2
589 625 3 8192 2.000000000 2
589 653 3 8192 2.000000000 2
589 1041 3 8192 2.000000000 2
593 109 3 8192 2.000000000 2
593 181 3 8192 2.000000000 2
593 189 3 8192 2.000000000 2
593 313 3 8192 2.000000000 2
593 501 3 8192 2.000000000 2
593 625 3 8192 2.000000000 2
593 653 3 8192 2.000000000 2
593 1041 3 8192 2.000000000 2
597 109 3 8192 2.000000000 2
597 181 3 8192 2.000000000 2
597 189 3 8192 2.000000000 2
597 313 3 8192 2.000000000 2
597 501 3 8192 2.000000000 2
597 625 3 8192 2.000000000 2
597 653 3 8192 2.000000000 2
597 1041 3 8192 2.000000000 2
601 109 3 8192 2.000000000 2
601 181 3 8192 2.000000000 2
601 189 3 8192 2.000000000 2
601 313 3 8192 2.000000000 2
601 501 3 8192 2.000000000 2
601 625 3 8192 2.000000000 2
601 653 3 8192 2.000000000 2
601 1041 3 8192 2.000000000 2
609 109 3 8192 2.000000000 2
609 181 3 8192 2.000000000 2
609 189 3 8192 2.000000000 2
609 313 3 8192 2.000000000 2
609 501 3 8192 2.000000000 2
609 625 3 8192 2.000000000 2
609 653 3 8192 2.000000000 2
609 1041 3 8192 2.000000000 2
613 109 3 8192 2.000000000 2
613 181 3 8192 2.000000000 2
613 189 3 8192 2.000000000 2
613 313 3 8192 2.000000000 2
613 501 3 8192 2.000000000 2
613 625 3 8192 2.000000000 2
613 653 3 8192 2.000000000 2
613 1041 3 8192 2.000000000 2
621 109 3 8192 2.000000000 2
621 181 3 8192 2.000000000 2
621 189 3 8192 2.000000000 2
621 313 3 8192 2.000000000 2
621 501 3 8192 2.000000000 2
621 625 3 8192 2.000000000 2
621 653 3 8192 2.000000000 2
621 1041 3 8192 2.000000000 2
625 109 3 8192 2.000000000 2
625 181 3 8192 2.000000000 2
625 189 3 8192 2.000000000 2
625 313 3 8192 2.000000000 2
625 501 3 8192 2.000000000 2
625 653 3 8192 2.000000000 2
625 1041 3 8192 2.000000000 2
633 109 3 8192 2.000000000 2
633 181 3 8192 2.000000000 2
633 189 3 8192 2.000000000 2
633 313 3 8192 2.000000000 2
633 501 3 8192 2.000000000 2
633 625 3 8192 2.000000000 2
633 653 3 8192 2.000000000 2
633 1041 3 8192 2.000000000 2
637 109 3 8192 2.000000000 2
637 181 3 8192 2.000000000 2
637 189 3 8192 2.000000000 2
637 313 3 8192 2.000000000 2
637 501 3 8192 2.000000000 2
637 625 3 8192 2.000000000 2
637 653 3 8192 2.000000000 2
637 1041 3 8192 2.000000000 2
641 109 3 8192 2.000000000 2
641 181 3 8192 2.000000000 2
641 189 3 8192 2.000000000 2
641 313 3 8192 2.000000000 2
641 501 3 8192 2.000000000 2
641 625 3 8192 2.000000000 2
641 653 3 8192 2.000000000 2
641 1041 3 8192 2.000000000 2
645 109 3 8192 2.000000000 2
645 181 3 8192 2.000000000 2
645 189 3 8192 2.000000000 2
645 313 3 8192 2.000000000 2
645 501 3 8192 2.000000000 2
645 625 3 8192 2.000000000 2
645 653 3 8192 2.000000000 2
645 1041 3 8192 2.000000000 2
649 109 3 8192 2.000000000 2
649 181 3 8192 2.000000000 2
649 189 3 8192 2.000000000 2
649 313 3 8192 2.000000000 2
649 501 3 8192 2.000000000 2
649 625 3 8192 2.000000000 2
649 653 3 8192 2.000000000 2
649 1041 3 8192 2.000000000 2
653 109 3 8192 2.000000000 2
653 181 3 8192 2.000000000 2
653 189 3 8192 2.000000000 2
653 313 3 8192 2.000000000 2
653 501 3 8192 2.000000000 2
653 625 3 8192 2.000000000 2
653 1041 3 8192 2.000000000 2
657 109 3 8192 2.000000000 2
657 181 3 8192 2.000000000 2
657 189 3 8192 2.000000000 2
657 313 3 8192 2.000000000 2
657 501 3 8192 2.000000000 2
657 625 3 8192 2.000000000 2
657 653 3 8192 2.000000000 2
657 1041 3 8192 2.000000000 2
661 109 3 8192 2.000000000 2
661 181 3 8192 2.000000000 2
661 189 3 8192 2.000000000 2
661 313 3 8192 2.000000000 2
661 501 3 8192 2.000000000 2
661 625 3 8192 2.000000000 2
661 653 3 8192 2.000000000 2
661 1041 3 8192 2.000000000 2
669 109 3 8192 2.000000000 2
669 181 3 8192 2.000000000 2
669 189 3 8192 2.000000000 2
669 313 3 8192 2.000000000 2
669 501 3 8192 2.000000000 2
669 625 3 8192 2.000000000 2
669 653 3 8192 2.000000000 2
669 1041 3 8192 2.000000000 2
673 109 3 8192 2.000000000 2
673 181 3 8192 2.000000000 2
673 189 3 8192 2.000000000 2
673 313 3 8192 2.000000000 2
673 501 3 8192 2.000000000 2
673 625 3 8192 2.000000000 2
673 653 3 8192 2.000000000 2
673 1041 3 8192 2.000000000 2
677 109 3 8192 2.000000000 2
677 181 3 8192 2.000000000 2
677 189 3 8192 2.000000000 2
677 313 3 8192 2.000000000 2
677 501 3 8192 2.000000000 2
677 625 3 8192 2.000000000 2
677 653 3 8192 2.000000000 2
677 1041 3 8192 2.000000000 2
689 109 3 8192 2.000000000 2
689 181 3 8192 2.000000000 2
689 189 3 8192 2.000000000 2
689 313 3 8192 2.000000000 2
689 501 3 8192 2.000000000 2
689 625 3 8192 2.000000000 2
689 653 3 8192 2.000000000 2
689 1041 3 8192 2.000000000 2
693 109 3 8192 2.000000000 2
693 181 3 8192 2.000000000 2
693 189 3 8192 2.000000000 2
693 313 3 8192 2.000000000 2
693 501 3 8192 2.000000000 2
693 625 3 8192 2.000000000 2
693 653 3 8192 2.000000000 2
693 1041 3 8192 2.000000000 2
697 109 3 8192 2.000000000 2
697 181 3 8192 2.000000000 2
697 189 3 8192 2.000000000 2
697 313 3 8192 2.000000000 2
697 501 3 8192 2.000000000 2
697 625 3 8192 2.000000000 2
697 653 3 8192 2.000000000 2
697 1041 3 8192 2.000000000 2
701 109 3 8192 2.000000000 2
701 181 3 8192 2.000000000 2
701 189 3 8192 2.000000000 2
701 313 3 8192 2.000000000 2
701 501 3 8192 2.000000000 2
701 625 3 8192 2.000000000 2
701 653 3 8192 2.000000000 2
701 1041 3 8192 2.000000000 2
705 109 3 8192 2.000000000 2
705 181 3 8192 2.000000000 2
705 189 3 8192 2.000000000 2
705 313 3 8192 2.000000000 2
705 501 3 8192 2.000000000 2
705 625 3 8192 2.000000000 2
705 653 3 8192 2.000000000 2
705 1041 3 8192 2.000000000 2
713 109 3 8192 2.000000000 2
713 181 3 8192 2.000000000 2
713 189 3 8192 2.000000000 2
713 313 3 8192 2.000000000 2
713 501 3 8192 2.000000000 2
713 625 3 8192 2.000000000 2
713 653 3 8192 2.000000000 2
713 1041 3 8192 2.000000000 2
717 109 3 8192 2.000000000 2
717 181 3 8192 2.000000000 2
717 189 3 8192 2.000000000 2
717 313 3 8192 2.000000000 2
717 501 3 8192 2.000000000 2
717 625 3 8192 2.000000000 2
717 653 3 8192 2.000000000 2
717 1041 3 8192 2.000000000 2
725 109 3 8192 2.000000000 2
725 181 3 8192 2.000000000 2
725 189 3 8192 2.000000000 2
725 313 3 8192 2.000000000 2
725 501 3 8192 2.000000000 2
725 625 3 8192 2.000000000 2
725 653 3 8192 2.000000000 2
725 1041 3 8192 2.000000000 2
733 109 3 8192 2.000000000 2
733 181 3 8192 2.000000000 2
733 189 3 8192 2.000000000 2
733 313 3 8192 2.000000000 2
733 501 3 8192 2.000000000 2
733 625 3 8192 2.000000000 2
733 653 3 8192 2.000000000 2
733 1041 3 8192 2.000000000 2
737 109 3 8192 2.000000000 2
737 181 3 8192 2.000000000 2
737 189 3 8192 2.000000000 2
737 313 3 8192 2.000000000 2
737 501 3 8192 2.000000000 2
737 625 3 8192 2.000000000 2
737 653 3 8192 2.000000000 2
737 1041 3 8192 2.000000000 2
741 109 3 8192 2.000000000 2
741 181 3 8192 2.000000000 2
741 189 3 8192 2.000000000 2
741 313 3 8192 2.000000000 2
741 501 3 8192 2.000000000 2
741 625 3 8192 2.000000000 2
741 653 3 8192 2.000000000 2
741 1041 3 8192 2.000000000 2
745 109 3 8192 2.000000000 2
745 181 3 8192 2.000000000 2
745 189 3 8192 2.000000000 2
745 313 3 8192 2.000000000 2
745 501 3 8192 2.000000000 2
745 625 3 8192 2.000000000 2
745 653 3 8192 2.000000000 2
745 1041 3 8192 2.000000000 2
749 109 3 8192 2.000000000 2
749 181 3 8192 2.000000000 2
749 189 3 8192 2.000000000 2
749 313 3 8192 2.000000000 2
749 501 3 8192 2.000000000 2
749 625 3 8192 2.000000000 2
749 653 3 8192 2.000000000 2
749 1041 3 8192 2.000000000 2
753 109 3 8192 2.000000000 2
753 181 3 8192 2.000000000 2
753 189 3 8192 2.000000000 2
753 313 3 8192 2.000000000 2
753 501 3 8192 2.000000000 2
753 625 3 8192 2.000000000 2
753 653 3 8192 2.000000000 2
753 1041 3 8192 2.000000000 2
757 109 3 8192 2.000000000 2
757 181 3 8192 2.000000000 2
757 189 3 8192 2.000000000 2
757 313 3 8192 2.000000000 2
757 501 3 8192 2.000000000 2
757 625 3 8192 2.000000000 2
757 653 3 8192 2.000000000 2
757 1041 3 8192 2.000000000 2
761 109 3 8192 2.000000000 2
761 181 3 8192 2.000000000 2
761 189 3 8192 2.000000000 2
761 313 3 8192 2.000000000 2
761 501 3 8192 2.000000000 2
761 625 3 8192 2.000000000 2
761 653 3 8192 2.000000000 2
761 1041 3 8192 2.000000000 2
765 109 3 8192 2.000000000 2
765 181 3 8192 2.000000000 2
765 189 3 8192 2.000000000 2
765 313 3 8192 2.000000000 2
765 501 3 8192 2.000000000 2
765 625 3 8192 2.000000000 2
765 653 3 8192 2.000000000 2
765 1041 3 8192 2.000000000 2
773 109 3 8192 2.000000000 2
773 181 3 8192 2.000000000 2
773 189 3 8192 2.000000000 2
773 313 3 8192 2.000000000 2
773 501 3 8192 2.000000000 2
773 625 3 8192 2.000000000 2
773 653 3 8192 2.000000000 2
773 1041 3 8192 2.000000000 2
777 109 3 8192 2.000000000 2
777 181 3 8192 2.000000000 2
777 189 3 8192 2.000000000 2
777 313 3 8192 2.000000000 2
777 501 3 8192 2.000000000 2
777 625 3 8192 2.000000000 2
777 653 3 8192 2.000000000 2
777 1041 3 8192 2.000000000 2
781 109 3 8192 2.000000000 2
781 181 3 8192 2.000000000 2
781 189 3 8192 2.000000000 2
781 313 3 8192 2.000000000 2
781 501 3 8192 2.000000000 2
781 625 3 8192 2.000000000 2
781 653 3 8192 2.000000000 2
781 1041 3 8192 2.000000000 2
785 109 3 8192 2.000000000 2
785 181 3 8192 2.000000000 2
785 189 3 8192 2.000000000 2
785 313 3 8192 2.000000000 2
785 501 3 8192 2.000000000 2
785 625 3 8192 2.000000000 2
785 653 3 8192 2.000000000 2
785 1041 3 8192 2.000000000 2
789 109 3 8192 2.000000000 2
789 181 3 8192 2.000000000 2
789 189 3 8192 2.000000000 2
789 313 3 8192 2.000000000 2
789 501 3 8192 2.000000000 2
789 625 3 8192 2.000000000 2
789 653 3 8192 2.000000000 2
789 1041 3 8192 2.000000000 2
793 109 3 8192 2.000000000 2
793 181 3 8192 2.000000000 2
793 189 3 8192 2.000000000 2
793 313 3 8192 2.000000000 2
793 501 3 8192 2.000000000 2
793 625 3 8192 2.000000000 2
793 653 3 8192 2.000000000 2
793 1041 3 8192 2.000000000 2
805 109 3 8192 2.000000000 2
805 181 3 8192 2.000000000 2
805 189 3 8192 2.000000000 2
805 313 3 8192 2.000000000 2
805 501 3 8192 2.000000000 2
805 625 3 8192 2.000000000 2
805 653 3 8192 2.000000000 2
805 1041 3 8192 2.000000000 2
809 109 3 8192 2.000000000 2
809 181 3 8192 2.000000000 2
809 189 3 8192 2.000000000 2
809 313 3 8192 2.000000000 2
809 501 3 8192 2.000000000 2
809 625 3 8192 2.000000000 2
809 653 3 8192 2.000000000 2
809 1041 3 8192 2.000000000 2
813 109 3 8192 2.000000000 2
813 181 3 8192 2.000000000 2
813 189 3 8192 2.000000000 2
813 313 3 8192 2.000000000 2
813 501 3 8192 2.000000000 2
813 625 3 8192 2.000000000 2
813 653 3 8192 2.000000000 2
813 1041 3 8192 2.000000000 2
817 109 3 8192 2.000000000 2
817 181 3 8192 2.000000000 2
817 189 3 8192 2.000000000 2
817 313 3 8192 2.000000000 2
817 501 3 8192 2.000000000 2
817 625 3 8192 2.000000000 2
817 653 3 8192 2.000000000 2
817 1041 3 8192 2.000000000 2
821 109 3 8192 2.000000000 2
821 181 3 8192 2.000000000 2
821 189 3 8192 2.000000000 2
821 313 3 8192 2.000000000 2
821 501 3 8192 2.000000000 2
821 625 3 8192 2.000000000 2
821 653 3 8192 2.000000000 2
821 1041 3 8192 2.000000000 2
825 109 3 8192 2.000000000 2
825 181 3 8192 2.000000000 2
825 189 3 8192 2.000000000 2
825 313 3 8192 2.000000000 2
825 501 3 8192 2.000000000 2
825 625 3 8192 2.000000000 2
825 653 3 8192 2.000000000 2
825 1041 3 8192 2.000000000 2
833 109 3 8192 2.000000000 2
833 181 3 8192 2.000000000 2
833 189 3 8192 2.000000000 2
833 313 3 8192 2.000000000 2
833 501 3 8192 2.000000000 2
833 625 3 8192 2.000000000 2
833 653 3 8192 2.000000000 2
833 1041 3 8192 2.000000000 2
837 109 3 8192 2.000000000 2
837 181 3 8192 2.000000000 2
837 189 3 8192 2.000000000 2
837 313 3 8192 2.000000000 2
837 501 3 8192 2.000000000 2
837 625 3 8192 2.000000000 2
837 653 3 8192 2.000000000 2
837 1041 3 8192 2.000000000 2
841 109 3 8192 2.000000000 2
841 181 3 8192 2.000000000 2
841 189 3 8192 2.000000000 2
841 313 3 8192 2.000000000 2
841 501 3 8192 2.000000000 2
841 625 3 8192 2.000000000 2
841 653 3 8192 2.000000000 2
841 1041 3 8192 2.000000000 2
845 109 3 8192 2.000000000 2
845 181 3 8192 2.000000000 2
845 189 3 8192 2.000000000 2
845 313 3 8192 2.000000000 2
845 501 3 8192 2.000000000 2
845 625 3 8192 2.000000000 2
845 653 3 8192 2.000000000 2
845 1041 3 8192 2.000000000 2
849 109 3 8192 2.000000000 2
849 181 3 8192 2.000000000 2
849 189 3 8192 2.000000000 2
849 313 3 8192 2.000000000 2
849 501 3 8192 2.000000000 2
849 625 3 8192 2.000000000 2
849 653 3 8192 2.000000000 2
849 1041 3 8192 2.000000000 2
853 109 3 8192 2.000000000 2
853 181 3 8192 2.000000000 2
853 189 3 8192 2.000000000 2
853 313 3 8192 2.000000000 2
853 501 3 8192 2.000000000 2
853 625 3 8192 2.000000000 2
853 653 3 8192 2.000000000 2
853 1041 3 8192 2.000000000 2
857 109 3 8192 2.000000000 2
857 181 3 8192 2.000000000 2
857 189 3 8192 2.000000000 2
857 313 3 8192 2.000000000 2
857 501 3 8192 2.000000000 2
857 625 3 8192 2.000000000 2
857 653 3 8192 2.000000000 2
857 1041 3 8192 2.000000000 2
861 109 3 8192 2.000000000 2
861 181 3 8192 2.000000000 2
861 189 3 8192 2.000000000 2
861 313 3 8192 2.000000000 2
861 501 3 8192 2.000000000 2
861 625 3 8192 2.000000000 2
861 653 3 8192 2.000000000 2
861 1041 3 8192 2.000000000 2
865 109 3 8192 2.000000000 2
865 181 3 8192 2.000000000 2
865 189 3 8192 2.000000000 2
865 313 3 8192 2.000000000 2
865 501 3 8192 2.000000000 2
865 625 3 8192 2.000000000 2
865 653 3 8192 2.000000000 2
865 1041 3 8192 2.000000000 2
869 109 3 8192 2.000000000 2
869 181 3 8192 2.000000000 2
869 189 3 8192 2.000000000 2
869 313 3 8192 2.000000000 2
869 501 3 8192 2.000000000 2
869 625 3 8192 2.000000000 2
869 653 3 8192 2.000000000 2
869 1041 3 8192 2.000000000 2
873 109 3 8192 2.000000000 2
873 181 3 8192 2.000000000 2
873 189 3 8192 2.000000000 2
873 313 3 8192 2.000000000 2
873 501 3 8192 2.000000000 2
873 625 3 8192 2.000000000 2
873 653 3 8192 2.000000000 2
873 1041 3 8192 2.000000000 2
877 109 3 8192 2.000000000 2
877 181 3 8192 2.000000000 2
877 189 3 8192 2.000000000 2
877 313 3 8192 2.000000000 2
877 501 3 8192 2.000000000 2
877 625 3 8192 2.000000000 2
877 653 3 8192 2.000000000 2
877 1041 3 8192 2.000000000 2
881 109 3 8192 2.000000000 2
881 181 3 8192 2.000000000 2
881 189 3 8192 2.000000000 2
881 313 3 8192 2.000000000 2
881 501 3 8192 2.000000000 2
881 625 3 8192 2.000000000 2
881 653 3 8192 2.000000000 2
881 1041 3 8192 2.000000000 2
885 109 3 8192 2.000000000 2
885 181 3 8192 2.000000000 2
885 189 3 8192 2.000000000 2
885 313 3 8192 2.000000000 2
885 501 3 8192 2.000000000 2
885 625 3 8192 2.000000000 2
885 653 3 8192 2.000000000 2
885 1041 3 8192 2.000000000 2
889 109 3 8192 2.000000000 2
889 181 3 8192 2.000000000 2
889 189 3 8192 2.000000000 2
889 313 3 8192 2.000000000 2
889 501 3 8192 2.000000000 2
889 625 3 8192 2.000000000 2
889 653 3 8192 2.000000000 2
889 1041 3 8192 2.000000000 2
893 109 3 8192 2.000000000 2
893 181 3 8192 2.000000000 2
893 189 3 8192 2.000000000 2
893 313 3 8192 2.000000000 2
893 501 3 8192 2.000000000 2
893 625 3 8192 2.000000000 2
893 653 3 8192 2.000000000 2
893 1041 3 8192 2.000000000 2
897 109 3 8192 2.000000000 2
897 181 3 8192 2.000000000 2
897 189 3 8192 2.000000000 2
897 313 3 8192 2.000000000 2
897 501 3 8192 2.000000000 2
897 625 3 8192 2.000000000 2
897 653 3 8192 2.000000000 2
897 1041 3 8192 2.000000000 2
901 109 3 8192 2.000000000 2
901 181 3 8192 2.000000000 2
901 189 3 8192 2.000000000 2
901 313 3 8192 2.000000000 2
901 501 3 8192 2.000000000 2
901 625 3 8192 2.000000000 2
901 653 3 8192 2.000000000 2
901 1041 3 8192 2.000000000 2
905 109 3 8192 2.000000000 2
905 181 3 8192 2.000000000 2
905 189 3 8192 2.000000000 2
905 313 3 8192 2.000000000 2
905 501 3 8192 2.000000000 2
905 625 3 8192 2.000000000 2
905 653 3 8192 2.000000000 2
905 1041 3 8192 2.000000000 2
917 109 3 8192 2.000000000 2
917 181 3 8192 2.000000000 2
917 189 3 8192 2.000000000 2
917 313 3 8192 2.000000000 2
917 501 3 8192 2.000000000 2
917 625 3 8192 2.000000000 2
917 653 3 8192 2.000000000 2
917 1041 3 8192 2.000000000 2
921 109 3 8192 2.000000000 2
921 181 3 8192 2.000000000 2
921 189 3 8192 2.000000000 2
921 313 3 8192 2.000000000 2
921 501 3 8192 2.000000000 2
921 625 3 8192 2.000000000 2
921 653 3 8192 2.000000000 2
921 1041 3 8192 2.000000000 2
925 109 3 8192 2.000000000 2
925 181 3 8192 2.000000000 2
925 189 3 8192 2.000000000 2
925 313 3 8192 2.000000000 2
925 501 3 8192 2.000000000 2
925 625 3 8192 2.000000000 2
925 653 3 8192 2.000000000 2
925 1041 3 8192 2.000000000 2
929 109 3 8192 2.000000000 2
929 181 3 8192 2.000000000 2
929 189 3 8192 2.000000000 2
929 313 3 8192 2.000000000 2
929 501 3 8192 2.000000000 2
929 625 3 8192 2.000000000 2
929 653 3 8192 2.000000000 2
929 1041 3 8192 2.000000000 2
933 109 3 8192 2.000000000 2
933 181 3 8192 2.000000000 2
933 189 3 8192 2.000000000 2
933 313 3 8192 2.000000000 2
933 501 3 8192 2.000000000 2
933 625 3 8192 2.000000000 2
933 653 3 8192 2.000000000 2
933 1041 3 8192 2.000000000 2
937 109 3 8192 2.000000000 2
937 181 3 8192 2.000000000 2
937 189 3 8192 2.000000000 2
937 313 3 8192 2.000000000 2
937 501 3 8192 2.000000000 2
937 625 3 8192 2.000000000 2
937 653 3 8192 2.000000000 2
937 1041 3 8192 2.000000000 2
941 109 3 8192 2.000000000 2
941 181 3 8192 2.000000000 2
941 189 3 8192 2.000000000 2
941 313 3 8192 2.000000000 2
941 501 3 8192 2.000000000 2
941 625 3 8192 2.000000000 2
941 653 3 8192 2.000000000 2
941 1041 3 8192 2.000000000 2
945 109 3 8192 2.000000000 2
945 181 3 8192 2.000000000 2
945 189 3 8192 2.000000000 2
945 313 3 8192 2.000000000 2
945 501 3 8192 2.000000000 2
945 625 3 8192 2.000000000 2
945 653 3 8192 2.000000000 2
945 1041 3 8192 2.000000000 2
949 109 3 8192 2.000000000 2
949 181 3 8192 2.000000000 2
949 189 3 8192 2.000000000 2
949 313 3 8192 2.000000000 2
949 501 3 8192 2.000000000 2
949 625 3 8192 2.000000000 2
949 653 3 8192 2.000000000 2
949 1041 3 8192 2.000000000 2
953 109 3 8192 2.000000000 2
953 181 3 8192 2.000000000 2
953 189 3 8192 2.000000000 2
953 313 3 8192 2.000000000 2
953 501 3 8192 2.000000000 2
953 625 3 8192 2.000000000 2
953 653 3 8192 2.000000000 2
953 1041 3 8192 2.000000000 2
957 109 3 8192 2.000000000 2
957 181 3 8192 2.000000000 2
957 189 3 8192 2.000000000 2
957 313 3 8192 2.000000000 2
957 501 3 8192 2.000000000 2
957 625 3 8192 2.000000000 2
957 653 3 8192 2.000000000 2
957 1041 3 8192 2.000000000 2
961 109 3 8192 2.000000000 2
961 181 3 8192 2.000000000 2
961 189 3 8192 2.000000000 2
961 313 3 8192 2.000000000 2
961 501 3 8192 2.000000000 2
961 625 3 8192 2.000000000 2
961 653 3 8192 2.000000000 2
961 1041 3 8192 2.000000000 2
965 109 3 8192 2.000000000 2
965 181 3 8192 2.000000000 2
965 189 3 8192 2.000000000 2
965 313 3 8192 2.000000000 2
965 501 3 8192 2.000000000 2
965 625 3 8192 2.000000000 2
965 653 3 8192 2.000000000 2
965 1041 3 8192 2.000000000 2
969 109 3 8192 2.000000000 2
969 181 3 8192 2.000000000 2
969 189 3 8192 2.000000000 2
969 313 3 8192 2.000000000 2
969 501 3 8192 2.000000000 2
969 625 3 8192 2.000000000 2
969 653 3 8192 2.000000000 2
969 1041 3 8192 2.000000000 2
973 109 3 8192 2.000000000 2
973 181 3 8192 2.000000000 2
973 189 3 8192 2.000000000 2
973 313 3 8192 2.000000000 2
973 501 3 8192 2.000000000 2
973 625 3 8192 2.000000000 2
973 653 3 8192 2.000000000 2
973 1041 3 8192 2.000000000 2
977 109 3 8192 2.000000000 2
977 181 3 8192 2.000000000 2
977 189 3 8192 2.000000000 2
977 313 3 8192 2.000000000 2
977 501 3 8192 2.000000000 2
977 625 3 8192 2.000000000 2
977 653 3 8192 2.000000000 2
977 1041 3 8192 2.000000000 2
981 109 3 8192 2.000000000 2
981 181 3 8192 2.000000000 2
981 189 3 8192 2.000000000 2
981 313 3 8192 2.000000000 2
981 501 3 8192 2.000000000 2
981 625 3 8192 2.000000000 2
981 653 3 8192 2.000000000 2
981 1041 3 8192 2.000000000 2
985 109 3 8192 2.000000000 2
985 181 3 8192 2.000000000 2
985 189 3 8192 2.000000000 2
985 313 3 8192 2.000000000 2
985 501 3 8192 2.000000000 2
985 625 3 8192 2.000000000 2
985 653 3 8192 2.000000000 2
985 1041 3 8192 2.000000000 2
989 109 3 8192 2.000000000 2
989 181 3 8192 2.000000000 2
989 189 3 8192 2.000000000 2
989 313 3 8192 2.000000000 2
989 501 3 8192 2.000000000 2
989 625 3 8192 2.000000000 2
989 653 3 8192 2.000000000 2
989 1041 3 8192 2.000000000 2
993 109 3 8192 2.000000000 2
993 181 3 8192 2.000000000 2
993 189 3 8192 2.000000000 2
993 313 3 8192 2.000000000 2
993 501 3 8192 2.000000000 2
993 625 3 8192 2.000000000 2
993 653 3 8192 2.000000000 2
993 1041 3 8192 2.000000000 2
997 109 3 8192 2.000000000 2
997 181 3 8192 2.000000000 2
997 189 3 8192 2.000000000 2
997 313 3 8192 2.000000000 2
997 501 3 8192 2.000000000 2
997 625 3 8192 2.000000000 2
997 653 3 8192 2.000000000 2
997 1041 3 8192 2.000000000 2
1009 109 3 8192 2.000000000 2
1009 181 3 8192 2.000000000 2
1009 189 3 8192 2.000000000 2
1009 313 3 8192 2.000000000 2
1009 501 3 8192 2.000000000 2
1009 625 3 8192 2.000000000 2
1009 653 3 8192 2.000000000 2
1009 1041 3 8192 2.000000000 2
1017 109 3 8192 2.000000000 2
1017 181 3 8192 2.000000000 2
1017 189 3 8192 2.000000000 2
1017 313 3 8192 2.000000000 2
1017 501 3 8192 2.000000000 2
1017 625 3 8192 2.000000000 2
1017 653 3 8192 2.000000000 2
1017 1041 3 8192 2.000000000 2
1021 109 3 8192 2.000000000 2
1021 181 3 8192 2.000000000 2
1021 189 3 8192 2.000000000 2
1021 313 3 8192 2.000000000 2
1021 501 3 8192 2.000000000 2
1021 625 3 8192 2.000000000 2
1021 653 3 8192 2.000000000 2
1021 1041 3 8192 2.000000000 2
1033 109 3 8192 2.000000000 2
1033 181 3 8192 2.000000000 2
1033 189 3 8192 2.000000000 2
1033 313 3 8192 2.000000000 2
1033 501 3 8192 2.000000000 2
1033 625 3 8192 2.000000000 2
1033 653 3 8192 2.000000000 2
1033 1041 3 8192 2.000000000 2
1037 109 3 8192 2.000000000 2
1037 181 3 8192 2.000000000 2
1037 189 3 8192 2.000000000 2
1037 313 3 8192 2.000000000 2
1037 501 3 8192 2.000000000 2
1037 625 3 8192 2.000000000 2
1037 653 3 8192 2.000000000 2
1037 1041 3 8192 2.000000000 2
1041 109 3 8192 2.000000000 2
1041 181 3 8192 2.000000000 2
1041 189 3 8192 2.000000000 2
1041 313 3 8192 2.000000000 2
1041 501 3 8192 2.000000000 2
1041 625 3 8192 2.000000000 2
1041 653 3 8192 2.000000000 2
1045 109 3 8192 2.000000000 2
1045 181 3 8192 2.000000000 2
1045 189 3 8192 2.000000000 2
1045 313 3 8192 2.000000000 2
1045 501 3 8192 2.000000000 2
1045 625 3 8192 2.000000000 2
1045 653 3 8192 2.000000000 2
1045 1041 3 8192 2.000000000 2
1049 109 3 8192 2.000000000 2
1049 181 3 8192 2.000000000 2
1049 189 3 8192 2.000000000 2
1049 313 3 8192 2.000000000 2
1049 501 3 8192 2.000000000 2
1049 625 3 8192 2.000000000 2
1049 653 3 8192 2.000000000 2
1049 1041 3 8192 2.000000000 2
1057 109 3 8192 2.000000000 2
1057 181 3 8192 2.000000000 2
1057 189 3 8192 2.000000000 2
1057 313 3 8192 2.000000000 2
1057 501 3 8192 2.000000000 2
1057 625 3 8192 2.000000000 2
1057 653 3 8192 2.000000000 2
1057 1041 3 8192 2.000000000 2
1061 109 3 8192 2.000000000 2
1061 181 3 8192 2.000000000 2
1061 189 3 8192 2.000000000 2
1061 313 3 8192 2.000000000 2
1061 501 3 8192 2.000000000 2
1061 625 3 8192 2.000000000 2
1061 653 3 8192 2.000000000 2
1061 1041 3 8192 2.000000000 2
1065 109 3 8192 2.000000000 2
1065 181 3 8192 2.000000000 2
1065 189 3 8192 2.000000000 2
1065 313 3 8192 2.000000000 2
1065 501 3 8192 2.000000000 2
1065 625 3 8192 2.000000000 2
1065 653 3 8192 2.000000000 2
1065 1041 3 8192 2.000000000 2
1069 109 3 8192 2.000000000 2
1069 181 3 8192 2.000000000 2
1069 189 3 8192 2.000000000 2
1069 313 3 8192 2.000000000 2
1069 501 3 8192 2.000000000 2
1069 625 3 8192 2.000000000 2
1069 653 3 8192 2.000000000 2
1069 1041 3 8192 2.000000000 2
1073 109 3 8192 2.000000000 2
1073 181 3 8192 2.000000000 2
1073 189 3 8192 2.000000000 2
1073 313 3 8192 2.000000000 2
1073 501 3 8192 2.000000000 2
1073 625 3 8192 2.000000000 2
1073 653 3 8192 2.000000000 2
1073 1041 3 8192 2.000000000 2
1077 109 3 8192 2.000000000 2
1077 181 3 8192 2.000000000 2
1077 189 3 8192 2.000000000 2
1077 313 3 8192 2.000000000 2
1077 501 3 8192 2.000000000 2
1077 625 3 8192 2.000000000 2
1077 653 3 8192 2.000000000 2
1077 1041 3 8192 2.000000000 2
1081 109 3 8192 2.000000000 2
1081 181 3 8192 2.000000000 2
1081 189 3 8192 2.000000000 2
1081 313 3 8192 2.000000000 2
1081 501 3 8192 2.000000000 2
1081 625 3 8192 2.000000000 2
1081 653 3 8192 2.000000000 2
1081 1041 3 8192 2.000000000 2
1085 109 3 8192 2.000000000 2
1085 181 3 8192 2.000000000 2
1085 189 3 8192 2.000000000 2
1085 313 3 8192 2.000000000 2
1085 501 3 8192 2.000000000 2
1085 625 3 8192 2.000000000 2
1085 653 3 8192 2.000000000 2
1085 1041 3 8192 2.000000000 2
1089 109 3 8192 2.000000000 2
1089 181 3 8192 2.000000000 2
1089 189 3 8192 2.000000000 2
1089 313 3 8192 2.000000000 2
1089 501 3 8192 2.000000000 2
1089 625 3 8192 2.000000000 2
1089 653 3 8192 2.000000000 2
1089 1041 3 8192 2.000000000 2
1097 109 3 8192 2.000000000 2
1097 181 3 8192 2.000000000 2
1097 189 3 8192 2.000000000 2
1097 313 3 8192 2.000000000 2
1097 501 3 8192 2.000000000 2
1097 625 3 8192 2.000000000 2
1097 653 3 8192 2.000000000 2
1097 1041 3 8192 2.000000000 2
1105 109 3 8192 2.000000000 2
1105 181 3 8192 2.000000000 2
1105 189 3 8192 2.000000000 2
1105 313 3 8192 2.000000000 2
1105 501 3 8192 2.000000000 2
1105 625 3 8192 2.000000000 2
1105 653 3 8192 2.000000000 2
1105 1041 3 8192 2.000000000 2
1109 109 3 8192 2.000000000 2
1109 181 3 8192 2.000000000 2
1109 189 3 8192 2.000000000 2
1109 313 3 8192 2.000000000 2
1109 501 3 8192 2.000000000 2
1109 625 3 8192 2.000000000 2
1109 653 3 8192 2.000000000 2
1109 1041 3 8192 2.000000000 2
1113 109 3 8192 2.000000000 2
1113 181 3 8192 2.000000000 2
1113 189 3 8192 2.000000000 2
1113 313 3 8192 2.000000000 2
1113 501 3 8192 2.000000000 2
1113 625 3 8192 2.000000000 2
1113 653 3 8192 2.000000000 2
1113 1041 3 8192 2.000000000 2
1117 109 3 8192 2.000000000 2
1117 181 3 8192 2.000000000 2
1117 189 3 8192 2.000000000 2
1117 313 3 8192 2.000000000 2
1117 501 3 8192 2.000000000 2
1117 625 3 8192 2.000000000 2
1117 653 3 8192 2.000000000 2
1117 1041 3 8192 2.000000000 2
1121 109 3 8192 2.000000000 2
1121 181 3 8192 2.000000000 2
1121 189 3 8192 2.000000000 2
1121 313 3 8192 2.000000000 2
1121 501 3 8192 2.000000000 2
1121 625 3 8192 2.000000000 2
1121 653 3 8192 2.000000000 2
1121 1041 3 8192 2.000000000 2
1125 109 3 8192 2.000000000 2
1125 181 3 8192 2.000000000 2
1125 189 3 8192 2.000000000 2
1125 313 3 8192 2.000000000 2
1125 501 3 8192 2.000000000 2
1125 625 3 8192 2.000000000 2
1125 653 3 8192 2.000000000 2
1125 1041 3 8192 2.000000000 2
1129 109 3 8192 2.000000000 2
1129 181 3 8192 2.000000000 2
1129 189 3 8192 2.000000000 2
1129 313 3 8192 2.000000000 2
1129 501 3 8192 2.000000000 2
1129 625 3 8192 2.000000000 2
1129 653 3 8192 2.000000000 2
1129 1041 3 8192 2.000000000 2
1137 109 3 8192 2.000000000 2
1137 181 3 8192 2.000000000 2
1137 189 3 8192 2.000000000 2
1137 313 3 8192 2.000000000 2
1137 501 3 8192 2.000000000 2
1137 625 3 8192 2.000000000 2
1137 653 3 8192 2.000000000 2
1137 1041 3 8192 2.000000000 2
1141 109 3 8192 2.000000000 2
1141 181 3 8192 2.000000000 2
1141 189 3 8192 2.000000000 2
1141 313 3 8192 2.000000000 2
1141 501 3 8192 2.000000000 2
1141 625 3 8192 2.000000000 2
1141 653 3 8192 2.000000000 2
1141 1041 3 8192 2.000000000 2
1145 109 3 8192 2.000000000 2
1145 181 3 8192 2.000000000 2
1145 189 3 8192 2.000000000 2
1145 313 3 8192 2.000000000 2
1145 501 3 8192 2.000000000 2
1145 625 3 8192 2.000000000 2
1145 653 3 8192 2.000000000 2
1145 1041 3 8192 2.000000000 2
1149 109 3 8192 2.000000000 2
1149 181 3 8192 2.000000000 2
1149 189 3 8192 2.000000000 2
1149 313 3 8192 2.000000000 2
1149 501 3 8192 2.000000000 2
1149 625 3 8192 2.000000000 2
1149 653 3 8192 2.000000000 2
1149 1041 3 8192 2.000000000 2
1153 109 3 8192 2.000000000 2
1153 181 3 8192 2.000000000 2
1153 189 3 8192 2.000000000 2
1153 313 3 8192 2.000000000 2
1153 501 3 8192 2.000000000 2
1153 625 3 8192 2.000000000 2
1153 653 3 8192 2.000000000 2
1153 1041 3 8192 2.000000000 2
1157 109 3 8192 2.000000000 2
1157 181 3 8192 2.000000000 2
1157 189 3 8192 2.000000000 2
1157 313 3 8192 2.000000000 2
1157 501 3 8192 2.000000000 2
1157 625 3 8192 2.000000000 2
1157 653 3 8192 2.000000000 2
1157 1041 3 8192 2.000000000 2
1161 109 3 8192 2.000000000 2
1161 181 3 8192 2.000000000 2
1161 189 3 8192 2.000000000 2
1161 313 3 8192 2.000000000 2
1161 501 3 8192 2.000000000 2
1161 625 3 8192 2.000000000 2
1161 653 3 8192 2.000000000 2
1161 1041 3 8192 2.000000000 2
1165 109 3 8192 2.000000000 2
1165 181 3 8192 2.000000000 2
1165 189 3 8192 2.000000000 2
1165 313 3 8192 2.000000000 2
1165 501 3 8192 2.000000000 2
1165 625 3 8192 2.000000000 2
1165 653 3 8192 2.000000000 2
1165 1041 3 8192 2.000000000 2
1169 109 3 8192 2.000000000 2
1169 181 3 8192 2.000000000 2
1169 189 3 8192 2.000000000 2
1169 313 3 8192 2.000000000 2
1169 501 3 8192 2.000000000 2
1169 625 3 8192 2.000000000 2
1169 653 3 8192 2.000000000 2
1169 1041 3 8192 2.000000000 2
1173 109 3 8192 2.000000000 2
1173 181 3 8192 2.000000000 2
1173 189 3 8192 2.000000000 2
1173 313 3 8192 2.000000000 2
1173 501 3 8192 2.000000000 2
1173 625 3 8192 2.000000000 2
1173 653 3 8192 2.000000000 2
1173 1041 3 8192 2.000000000 2
1181 109 3 8192 2.000000000 2
1181 181 3 8192 2.000000000 2
1181 189 3 8192 2.000000000 2
1181 313 3 8192 2.000000000 2
1181 501 3 8192 2.000000000 2
1181 625 3 8192 2.000000000 2
1181 653 3 8192 2.000000000 2
1181 1041 3 8192 2.000000000 2
1185 109 3 8192 2.000000000 2
1185 181 3 8192 2.000000000 2
1185 189 3 8192 2.000000000 2
1185 313 3 8192 2.000000000 2
1185 501 3 8192 2.000000000 2
1185 625 3 8192 2.000000000 2
1185 653 3 8192 2.000000000 2
1185 1041 3 8192 2.000000000 2
1189 109 3 8192 2.000000000 2
1189 181 3 8192 2.000000000 2
1189 189 3 8192 2.000000000 2
1189 313 3 8192 2.000000000 2
1189 501 3 8192 2.000000000 2
1189 625 3 8192 2.000000000 2
1189 653 3 8192 2.000000000 2
1189 1041 3 8192 2.000000000 2
1193 109 3 8192 2.000000000 2
1193 181 3 8192 2.000000000 2
1193 189 3 8192 2.000000000 2
1193 313 3 8192 2.000000000 2
1193 501 3 8192 2.000000000 2
1193 625 3 8192 2.000000000 2
1193 653 3 8192 2.000000000 2
1193 1041 3 8192 2.000000000 2
1201 109 3 8192 2.000000000 2
1201 181 3 8192 2.000000000 2
1201 189 3 8192 2.000000000 2
1201 313 3 8192 2.000000000 2
1201 501 3 8192 2.000000000 2
1201 625 3 8192 2.000000000 2
1201 653 3 8192 2.000000000 2
1201 1041 3 8192 2.000000000 2
1209 109 3 8192 2.000000000 2
1209 181 3 8192 2.000000000 2
1209 189 3 8192 2.000000000 2
1209 313 3 8192 2.000000000 2
1209 501 3 8192 2.000000000 2
1209 625 3 8192 2.000000000 2
1209 653 3 8192 2.000000000 2
1209 1041 3 8192 2.000000000 2
1213 109 3 8192 2.000000000 2
1213 181 3 8192 2.000000000 2
1213 189 3 8192 2.000000000 2
1213 313 3 8192 2.000000000 2
1213 501 3 8192 2.000000000 2
1213 625 3 8192 2.000000000 2
1213 653 3 8192 2.000000000 2
1213 1041 3 8192 2.000000000 2
1217 109 3 8192 2.000000000 2
1217 181 3 8192 2.000000000 2
1217 189 3 8192 2.000000000 2
1217 313 3 8192 2.000000000 2
1217 501 3 8192 2.000000000 2
1217 625 3 8192 2.000000000 2
1217 653 3 8192 2.000000000 2
1217 1041 3 8192 2.000000000 2
1221 109 3 8192 2.000000000 2
1221 181 3 8192 2.000000000 2
1221 189 3 8192 2.000000000 2
1221 313 3 8192 2.000000000 2
1221 501 3 8192 2.000000000 2
1221 625 3 8192 2.000000000 2
1221 653 3 8192 2.000000000 2
1221 1041 3 8192 2.000000000 2
1225 109 3 8192 2.000000000 2
1225 181 3 8192 2.000000000 2
1225 189 3 8192 2.000000000 2
1225 313 3 8192 2.000000000 2
1225 501 3 8192 2.000000000 2
1225 625 3 8192 2.000000000 2
1225 653 3 8192 2.000000000 2
1225 1041 3 8192 2.000000000 2
1229 109 3 8192 2.000000000 2
1229 181 3 8192 2.000000000 2
1229 189 3 8192 2.000000000 2
1229 313 3 8192 2.000000000 2
1229 501 3 8192 2.000000000 2
1229 625 3 8192 2.000000000 2
1229 653 3 8192 2.000000000 2
1229 1041 3 8192 2.000000000 2
1233 109 3 8192 2.000000000 2
1233 181 3 8192 2.000000000 2
1233 189 3 8192 2.000000000 2
1233 313 3 8192 2.000000000 2
1233 501 3 8192 2.000000000 2
1233 625 3 8192 2.000000000 2
1233 653 3 8192 2.000000000 2
1233 1041 3 8192 2.000000000 2
1237 109 3 8192 2.000000000 2
1237 181 3 8192 2.000000000 2
1237 189 3 8192 2.000000000 2
1237 313 3 8192 2.000000000 2
1237 501 3 8192 2.000000000 2
1237 625 3 8192 2.000000000 2
1237 653 3 8192 2.000000000 2
1237 1041 3 8192 2.000000000 2
1241 109 3 8192 2.000000000 2
1241 181 3 8192 2.000000000 2
1241 189 3 8192 2.000000000 2
1241 313 3 8192 2.000000000 2
1241 501 3 8192 2.000000000 2
1241 625 3 8192 2.000000000 2
1241 653 3 8192 2.000000000 2
1241 1041 3 8192 2.000000000 2
1249 109 3 8192 2.000000000 2
1249 181 3 8192 2.000000000 2
1249 189 3 8192 2.000000000 2
1249 313 3 8192 2.000000000 2
1249 501 3 8192 2.000000000 2
1249 625 3 8192 2.000000000 2
1249 653 3 8192 2.000000000 2
1249 1041 3 8192 2.000000000 2
1253 109 3 8192 2.000000000 2
1253 181 3 8192 2.000000000 2
1253 189 3 8192 2.000000000 2
1253 313 3 8192 2.000000000 2
1253 501 3 8192 2.000000000 2
1253 625 3 8192 2.000000000 2
1253 653 3 8192 2.000000000 2
1253 1041 3 8192 2.000000000 2
1261 109 3 8192 2.000000000 2
1261 181 3 8192 2.000000000 2
1261 189 3 8192 2.000000000 2
1261 313 3 8192 2.000000000 2
1261 501 3 8192 2.000000000 2
1261 625 3 8192 2.000000000 2
1261 653 3 8192 2.000000000 2
1261 1041 3 8192 2.000000000 2
1265 109 3 8192 2.000000000 2
1265 181 3 8192 2.000000000 2
1265 189 3 8192 2.000000000 2
1265 313 3 8192 2.000000000 2
1265 501 3 8192 2.000000000 2
1265 625 3 8192 2.000000000 2
1265 653 3 8192 2.000000000 2
1265 1041 3 8192 2.000000000 2
1273 109 3 8192 2.000000000 2
1273 181 3 8192 2.000000000 2
1273 189 3 8192 2.000000000 2
1273 313 3 8192 2.000000000 2
1273 501 3 8192 2.000000000 2
1273 625 3 8192 2.000000000 2
1273 653 3 8192 2.000000000 2
1273 1041 3 8192 2.000000000 2
1277 109 3 8192 2.000000000 2
1277 181 3 8192 2.000000000 2
1277 189 3 8192 2.000000000 2
1277 313 3 8192 2.000000000 2
1277 501 3 8192 2.000000000 2
1277 625 3 8192 2.000000000 2
1277 653 3 8192 2.000000000 2
1277 1041 3 8192 2.000000000 2
2 222 3 8192 2.000000000 2
2 546 3 8192 2.000000000 2
2 638 3 8192 2.000000000 2
2 694 3 8192 2.000000000 2
2 702 3 8192 2.000000000 2
2 826 3 8192 2.000000000 2
2 834 3 8192 2.000000000 2
2 1078 3 8192 2.000000000 2
10 222 3 8192 2.000000000 2
10 546 3 8192 2.000000000 2
10 638 3 8192 2.000000000 2
10 694 3 8192 2.000000000 2
10 702 3 8192 2.000000000 2
10 826 3 8192 2.000000000 2
10 834 3 8192 2.000000000 2
10 1078 3 8192 2.000000000 2
14 222 3 8192 2.000000000 2
14 546 3 8192 2.000000000 2
14 638 3 8192 2.000000000 2
14 694 3 8192 2.000000000 2
14 702 3 8192 2.000000000 2
14 826 3 8192 2.000000000 2
14 834 3 8192 2.000000000 2
14 1078 3 8192 2.000000000 2
18 222 3 8192 2.000000000 2
18 546 3 8192 2.000000000 2
18 638 3 8192 2.000000000 2
18 694 3 8192 2.000000000 2
18 702 3 8192 2.000000000 2
18 826 3 8192 2.000000000 2
18 834 3 8192 2.000000000 2
18 1078 3 8192 2.000000000 2
26 222 3 8192 2.000000000 2
26 546 3 8192 2.000000000 2
26 638 3 8192 2.000000000 2
26 694 3 8192 2.000000000 2
26 702 3 8192 2.000000000 2
26 826 3 8192 2.000000000 2
26 834 3 8192 2.000000000 2
26 1078 3 8192 2.000000000 2
30 222 3 8192 2.000000000 2
30 546 3 8192 2.000000000 2
30 638 3 8192 2.000000000 2
30 694 3 8192 2.000000000 2
30 702 3 8192 2.000000000 2
30 826 3 8192 2.000000000 2
30 834 3 8192 2.000000000 2
30 1078 3 8192 2.000000000 2
34 222 3 8192 2.000000000 2
34 546 3 8192 2.000000000 2
34 638 3 8192 2.000000000 2
34 694 3 8192 2.000000000 2
34 702 3 8192 2.000000000 2
34 826 3 8192 2.000000000 2
34 834 3 8192 2.000000000 2
34 1078 3 8192 2.000000000 2
38 222 3 8192 2.000000000 2
38 546 3 8192 2.000000000 2
38 638 3 8192 2.000000000 2
38 694 3 8192 2.000000000 2
38 702 3 8192 2.000000000 2
38 826 3 8192 2.000000000 2
38 834 3 8192 2.000000000 2
38 1078 3 8192 2.000000000 2
50 222 3 8192 2.000000000 2
50 546 3 8192 2.000000000 2
50 638 3 8192 2.000000000 2
50 694 3 8192 2.000000000 2
50 702 3 8192 2.000000000 2
50 826 3 8192 2.000000000 2
50 834 3 8192 2.000000000 2
50 1078 3 8192 2.000000000 2
54 222 3 8192 2.000000000 2
54 546 3 8192 2.000000000 2
54 638 3 8192 2.000000000 2
54 694 3 8192 2.000000000 2
54 702 3 8192 2.000000000 2
54 826 3 8192 2.000000000 2
54 834 3 8192 2.000000000 2
54 1078 3 8192 2.000000000 2
58 222 3 8192 2.000000000 2
58 546 3 8192 2.000000000 2
58 638 3 8192 2.000000000 2
58 694 3 8192 2.000000000 2
58 702 3 8192 2.000000000 2
58 826 3 8192 2.000000000 2
58 834 3 8192 2.000000000 2
58 1078 3 8192 2.000000000 2
62 222 3 8192 2.000000000 2
62 546 3 8192 2.000000000 2
62 638 3 8192 2.000000000 2
62 694 3 8192 2.000000000 2
62 702 3 8192 2.000000000 2
62 826 3 8192 2.000000000 2
62 834 3 8192 2.000000000 2
62 1078 3 8192 2.000000000 2
66 222 3 8192 2.000000000 2
66 546 3 8192 2.000000000 2
66 638 3 8192 2.000000000 2
66 694 3 8192 2.000000000 2
66 702 3 8192 2.000000000 2
66 826 3 8192 2.000000000 2
66 834 3 8192 2.000000000 2
66 1078 3 8192 2.000000000 2
70 222 3 8192 2.000000000 2
70 546 3 8192 2.000000000 2
70 638 3 8192 2.000000000 2
70 694 3 8192 2.000000000 2
70 702 3 8192 2.000000000 2
70 826 3 8192 2.000000000 2
70 834 3 8192 2.000000000 2
70 1078 3 8192 2.000000000 2
74 222 3 8192 2.000000000 2
74 546 3 8192 2.000000000 2
74 638 3 8192 2.000000000 2
74 694 3 8192 2.000000000 2
74 702 3 8192 2.000000000 2
74 826 3 8192 2.000000000 2
74 834 3 8192 2.000000000 2
74 1078 3 8192 2.000000000 2
82 222 3 8192 2.000000000 2
82 546 3 8192 2.000000000 2
82 638 3 8192 2.000000000 2
82 694 3 8192 2.000000000 2
82 702 3 8192 2.000000000 2
82 826 3 8192 2.000000000 2
82 834 3 8192 2.000000000 2
82 1078 3 8192 2.000000000 2
86 222 3 8192 2.000000000 2
86 546 3 8192 2.000000000 2
86 638 3 8192 2.000000000 2
86 694 3 8192 2.000000000 2
86 702 3 8192 2.000000000 2
86 826 3 8192 2.000000000 2
86 834 3 8192 2.000000000 2
86 1078 3 8192 2.000000000 2
90 222 3 8192 2.000000000 2
90 546 3 8192 2.000000000 2
90 638 3 8192 2.000000000 2
90 694 3 8192 2.000000000 2
90 702 3 8192 2.000000000 2
90 826 3 8192 2.000000000 2
90 834 3 8192 2.000000000 2
90 1078 3 8192 2.000000000 2
94 222 3 8192 2.000000000 2
94 546 3 8192 2.000000000 2
94 638 3 8192 2.000000000 2
94 694 3 8192 2.000000000 2
94 702 3 8192 2.000000000 2
94 826 3 8192 2.000000000 2
94 834 3 8192 2.000000000 2
94 1078 3 8192 2.000000000 2
98 222 3 8192 2.000000000 2
98 546 3 8192 2.000000000 2
98 638 3 8192 2.000000000 2
98 694 3 8192 2.000000000 2
98 702 3 8192 2.000000000 2
98 826 3 8192 2.000000000 2
98 834 3 8192 2.000000000 2
98 1078 3 8192 2.000000000 2
110 222 3 8192 2.000000000 2
110 546 3 8192 2.000000000 2
110 638 3 8192 2.000000000 2
110 694 3 8192 2.000000000 2
110 702 3 8192 2.000000000 2
110 826 3 8192 2.000000000 2
110 834 3 8192 2.000000000 2
110 1078 3 8192 2.000000000 2
114 222 3 8192 2.000000000 2
114 546 3 8192 2.000000000 2
114 638 3 8192 2.000000000 2
114 694 3 8192 2.000000000 2
114 702 3 8192 2.000000000 2
114 826 3 8192 2.000000000 2
114 834 3 8192 2.000000000 2
114 1078 3 8192 2.000000000 2
118 222 3 8192 2.000000000 2
118 546 3 8192 2.000000000 2
118 638 3 8192 2.000000000 2
118 694 3 8192 2.000000000 2
118 702 3 8192 2.000000000 2
118 826 3 8192 2.000000000 2
118 834 3 8192 2.000000000 2
118 1078 3 8192 2.000000000 2
122 222 3 8192 2.000000000 2
122 546 3 8192 2.000000000 2
122 638 3 8192 2.000000000 2
122 694 3 8192 2.000000000 2
122 702 3 8192 2.000000000 2
122 826 3 8192 2.000000000 2
122 834 3 8192 2.000000000 2
122 1078 3 8192 2.000000000 2
126 222 3 8192 2.000000000 2
126 546 3 8192 2.000000000 2
126 638 3 8192 2.000000000 2
126 694 3 8192 2.000000000 2
126 702 3 8192 2.000000000 2
126 826 3 8192 2.000000000 2
126 834 3 8192 2.000000000 2
126 1078 3 8192 2.000000000 2
130 222 3 8192 2.000000000 2
130 546 3 8192 2.000000000 2
130 638 3 8192 2.000000000 2
130 694 3 8192 2.000000000 2
130 702 3 8192 2.000000000 2
130 826 3 8192 2.000000000 2
130 834 3 8192 2.000000000 2
130 1078 3 8192 2.000000000 2
142 222 3 8192 2.000000000 2
142 546 3 8192 2.000000000 2
142 638 3 8192 2.000000000 2
142 694 3 8192 2.000000000 2
142 702 3 8192 2.000000000 2
142 826 3 8192 2.000000000 2
142 834 3 8192 2.000000000 2
142 1078 3 8192 2.000000000 2
146 222 3 8192 2.000000000 2
146 546 3 8192 2.000000000 2
146 638 3 8192 2.000000000 2
146 694 3 8192 2.000000000 2
146 702 3 8192 2.000000000 2
146 826 3 8192 2.000000000 2
146 834 3 8192 2.000000000 2
146 1078 3 8192 2.000000000 2
158 222 3 8192 2.000000000 2
158 546 3 8192 2.000000000 2
158 638 3 8192 2.000000000 2
158 694 3 8192 2.000000000 2
158 702 3 8192 2.000000000 2
158 826 3 8192 2.000000000 2
158 834 3 8192 2.000000000 2
158 1078 3 8192 2.000000000 2
162 222 3 8192 2.000000000 2
162 546 3 8192 2.000000000 2
162 638 3 8192 2.000000000 2
162 694 3 8192 2.000000000 2
162 702 3 8192 2.000000000 2
162 826 3 8192 2.000000000 2
162 834 3 8192 2.000000000 2
162 1078 3 8192 2.000000000 2
166 222 3 8192 2.000000000 2
166 546 3 8192 2.000000000 2
166 638 3 8192 2.000000000 2
166 694 3 8192 2.000000000 2
166 702 3 8192 2.000000000 2
166 826 3 8192 2.000000000 2
166 834 3 8192 2.000000000 2
166 1078 3 8192 2.000000000 2
170 222 3 8192 2.000000000 2
170 546 3 8192 2.000000000 2
170 638 3 8192 2.000000000 2
170 694 3 8192 2.000000000 2
170 702 3 8192 2.000000000 2
170 826 3 8192 2.000000000 2
170 834 3 8192 2.000000000 2
170 1078 3 8192 2.000000000 2
174 222 3 8192 2.000000000 2
174 546 3 8192 2.000000000 2
174 638 3 8192 2.000000000 2
174 694 3 8192 2.000000000 2
174 702 3 8192 2.000000000 2
174 826 3 8192 2.000000000 2
174 834 3 8192 2.000000000 2
174 1078 3 8192 2.000000000 2
178 222 3 8192 2.000000000 2
178 546 3 8192 2.000000000 2
178 638 3 8192 2.000000000 2
178 694 3 8192 2.000000000 2
178 702 3 8192 2.000000000 2
178 826 3 8192 2.000000000 2
178 834 3 8192 2.000000000 2
178 1078 3 8192 2.000000000 2
182 222 3 8192 2.000000000 2
182 546 3 8192 2.000000000 2
182 638 3 8192 2.000000000 2
182 694 3 8192 2.000000000 2
182 702 3 8192 2.000000000 2
182 826 3 8192 2.000000000 2
182 834 3 8192 2.000000000 2
182 1078 3 8192 2.000000000 2
190 222 3 8192 2.000000000 2
190 546 3 8192 2.000000000 2
190 638 3 8192 2.000000000 2
190 694 3 8192 2.000000000 2
190 702 3 8192 2.000000000 2
190 826 3 8192 2.000000000 2
190 834 3 8192 2.000000000 2
190 1078 3 8192 2.000000000 2
198 222 3 8192 2.000000000 2
198 546 3 8192 2.000000000 2
198 638 3 8192 2.000000000 2
198 694 3 8192 2.000000000 2
198 702 3 8192 2.000000000 2
198 826 3 8192 2.000000000 2
198 834 3 8192 2.000000000 2
198 1078 3 8192 2.000000000 2
202 222 3 8192 2.000000000 2
202 546 3 8192 2.000000000 2
202 638 3 8192 2.000000000 2
202 694 3 8192 2.000000000 2
202 702 3 8192 2.000000000 2
202 826 3 8192 2.000000000 2
202 834 3 8192 2.000000000 2
202 1078 3 8192 2.000000000 2
206 222 3 8192 2.000000000 2
206 546 3 8192 2.000000000 2
206 638 3 8192 2.000000000 2
206 694 3 8192 2.000000000 2
206 702 3 8192 2.000000000 2
206 826 3 8192 2.000000000 2
206 834 3 8192 2.000000000 2
206 1078 3 8192 2.000000000 2
210 222 3 8192 2.000000000 2
210 546 3 8192 2.000000000 2
210 638 3 8192 2.000000000 2
210 694 3 8192 2.000000000 2
210 702 3 8192 2.000000000 2
210 826 3 8192 2.000000000 2
210 834 3 8192 2.000000000 2
210 1078 3 8192 2.000000000 2
218 222 3 8192 2.000000000 2
218 546 3 8192 2.000000000 2
218 638 3 8192 2.000000000 2
218 694 3 8192 2.000000000 2
218 702 3 8192 2.000000000 2
218 826 3 8192 2.000000000 2
218 834 3 8192 2.000000000 2
218 1078 3 8192 2.000000000 2
222 546 3 8192 2.000000000 2
222 638 3 8192 2.000000000 2
222 694 3 8192 2.000000000 2
222 702 3 8192 2.000000000 2
222 826 3 8192 2.000000000 2
222 834 3 8192 2.000000000 2
222 1078 3 8192 2.000000000 2
226 222 3 8192 2.000000000 2
226 546 3 8192 2.000000000 2
226 638 3 8192 2.000000000 2
226 694 3 8192 2.000000000 2
226 702 3 8192 2.000000000 2
226 826 3 8192 2.000000000 2
226 834 3 8192 2.000000000 2
226 1078 3 8192 2.000000000 2
230 222 3 8192 2.000000000 2
230 546 3 8192 2.000000000 2
230 638 3 8192 2.000000000 2
230 694 3 8192 2.000000000 2
230 702 3 8192 2.000000000 2
230 826 3 8192 2.000000000 2
230 834 3 8192 2.000000000 2
230 1078 3 8192 2.000000000 2
234 222 3 8192 2.000000000 2
234 546 3 8192 2.000000000 2
234 638 3 8192 2.000000000 2
234 694 3 8192 2.000000000 2
234 702 3 8192 2.000000000 2
234 826 3 8192 2.000000000 2
234 834 3 8192 2.000000000 2
234 1078 3 8192 2.000000000 2
238 222 3 8192 2.000000000 2
238 546 3 8192 2.000000000 2
238 638 3 8192 2.000000000 2
238 694 3 8192 2.000000000 2
238 702 3 8192 2.000000000 2
238 826 3 8192 2.000000000 2
238 834 3 8192 2.000000000 2
238 1078 3 8192 2.000000000 2
242 222 3 8192 2.000000000 2
242 546 3 8192 2.000000000 2
242 638 3 8192 2.000000000 2
242 694 3 8192 2.000000000 2
242 702 3 8192 2.000000000 2
242 826 3 8192 2.000000000 2
242 834 3 8192 2.000000000 2
242 1078 3 8192 2.000000000 2
246 222 3 8192 2.000000000 2
246 546 3 8192 2.000000000 2
246 638 3 8192 2.000000000 2
246 694 3 8192 2.000000000 2
246 702 3 8192 2.000000000 2
246 826 3 8192 2.000000000 2
246 834 3 8192 2.000000000 2
246 1078 3 8192 2.000000000 2
250 222 3 8192 2.000000000 2
250 546 3 8192 2.000000000 2
250 638 3 8192 2.000000000 2
250 694 3 8192 2.000000000 2
250 702 3 8192 2.000000000 2
250 826 3 8192 2.000000000 2
250 834 3 8192 2.000000000 2
250 1078 3 8192 2.000000000 2
254 222 3 8192 2.000000000 2
254 546 3 8192 2.000000000 2
254 638 3 8192 2.000000000 2
254 694 3 8192 2.000000000 2
254 702 3 8192 2.000000000 2
254 826 3 8192 2.000000000 2
254 834 3 8192 2.000000000 2
254 1078 3 8192 2.000000000 2
258 222 3 8192 2.000000000 2
258 546 3 8192 2.000000000 2
258 638 3 8192 2.000000000 2
258 694 3 8192 2.000000000 2
258 702 3 8192 2.000000000 2
258 826 3 8192 2.000000000 2
258 834 3 8192 2.000000000 2
258 1078 3 8192 2.000000000 2
262 222 3 8192 2.000000000 2
262 546 3 8192 2.000000000 2
262 638 3 8192 2.000000000 2
262 694 3 8192 2.000000000 2
262 702 3 8192 2.000000000 2
262 826 3 8192 2.000000000 2
262 834 3 8192 2.000000000 2
262 1078 3 8192 2.000000000 2
266 222 3 8192 2.000000000 2
266 546 3 8192 2.000000000 2
266 638 3 8192 2.000000000 2
266 694 3 8192 2.000000000 2
266 702 3 8192 2.000000000 2
266 826 3 8192 2.000000000 2
266 834 3 8192 2.000000000 2
266 1078 3 8192 2.000000000 2
270 222 3 8192 2.000000000 2
270 546 3 8192 2.000000000 2
270 638 3 8192 2.000000000 2
270 694 3 8192 2.000000000 2
270 702 3 8192 2.000000000 2
270 826 3 8192 2.000000000 2
270 834 3 8192 2.000000000 2
270 1078 3 8192 2.000000000 2
274 222 3 8192 2.000000000 2
274 546 3 8192 2.000000000 2
274 638 3 8192 2.000000000 2
274 694 3 8192 2.000000000 2
274 702 3 8192 2.000000000 2
274 826 3 8192 2.000000000 2
274 834 3 8192 2.000000000 2
274 1078 3 8192 2.000000000 2
278 222 3 8192 2.000000000 2
278 546 3 8192 2.000000000 2
278 638 3 8192 2.000000000 2
278 694 3 8192 2.000000000 2
278 702 3 8192 2.000000000 2
278 826 3 8192 2.000000000 2
278 834 3 8192 2.000000000 2
278 1078 3 8192 2.000000000 2
282 222 3 8192 2.000000000 2
282 546 3 8192 2.000000000 2
282 638 3 8192 2.000000000 2
282 694 3 8192 2.000000000 2
282 702 3 8192 2.000000000 2
282 826 3 8192 2.000000000 2
282 834 3 8192 2.000000000 2
282 1078 3 8192 2.000000000 2
286 222 3 8192 2.000000000 2
286 546 3 8192 2.000000000 2
286 638 3 8192 2.000000000 2
286 694 3 8192 2.000000000 2
286 702 3 8192 2.000000000 2
286 826 3 8192 2.000000000 2
286 834 3 8192 2.000000000 2
286 1078 3 8192 2.000000000 2
294 222 3 8192 2.000000000 2
294 546 3 8192 2.000000000 2
294 638 3 8192 2.000000000 2
294 694 3 8192 2.000000000 2
294 702 3 8192 2.000000000 2
294 826 3 8192 2.000000000 2
294 834 3 8192 2.000000000 2
294 1078 3 8192 2.000000000 2
302 222 3 8192 2.000000000 2
302 546 3 8192 2.000000000 2
302 638 3 8192 2.000000000 2
302 694 3 8192 2.000000000 2
302 702 3 8192 2.000000000 2
302 826 3 8192 2.000000000 2
302 834 3 8192 2.000000000 2
302 1078 3 8192 2.000000000 2
306 222 3 8192 2.000000000 2
306 546 3 8192 2.000000000 2
306 638 3 8192 2.000000000 2
306 694 3 8192 2.000000000 2
306 702 3 8192 2.000000000 2
306 826 3 8192 2.000000000 2
306 834 3 8192 2.000000000 2
306 1078 3 8192 2.000000000 2
314 222 3 8192 2.000000000 2
314 546 3 8192 2.000000000 2
314 638 3 8192 2.000000000 2
314 694 3 8192 2.000000000 2
314 702 3 8192 2.000000000 2
314 826 3 8192 2.000000000 2
314 834 3 8192 2.000000000 2
314 1078 3 8192 2.000000000 2
318 222 3 8192 2.000000000 2
318 546 3 8192 2.000000000 2
318 638 3 8192 2.000000000 2
318 694 3 8192 2.000000000 2
318 702 3 8192 2.000000000 2
318 826 3 8192 2.000000000 2
318 834 3 8192 2.000000000 2
318 1078 3 8192 2.000000000 2
322 222 3 8192 2.000000000 2
322 546 3 8192 2.000000000 2
322 638 3 8192 2.000000000 2
322 694 3 8192 2.000000000 2
322 702 3 8192 2.000000000 2
322 826 3 8192 2.000000000 2
322 834 3 8192 2.000000000 2
322 1078 3 8192 2.000000000 2
326 222 3 8192 2.000000000 2
326 546 3 8192 2.000000000 2
326 638 3 8192 2.000000000 2
326 694 3 8192 2.000000000 2
326 702 3 8192 2.000000000 2
326 826 3 8192 2.000000000 2
326 834 3 8192 2.000000000 2
326 1078 3 8192 2.000000000 2
330 222 3 8192 2.000000000 2
330 546 3 8192 2.000000000 2
330 638 3 8192 2.000000000 2
330 694 3 8192 2.000000000 2
330 702 3 8192 2.000000000 2
330 826 3 8192 2.000000000 2
330 834 3 8192 2.000000000 2
330 1078 3 8192 2.000000000 2
334 222 3 8192 2.000000000 2
334 546 3 8192 2.000000000 2
334 638 3 8192 2.000000000 2
334 694 3 8192 2.000000000 2
334 702 3 8192 2.000000000 2
334 826 3 8192 2.000000000 2
334 834 3 8192 2.000000000 2
334 1078 3 8192 2.000000000 2
338 222 3 8192 2.000000000 2
338 546 3 8192 2.000000000 2
338 638 3 8192 2.000000000 2
338 694 3 8192 2.000000000 2
338 702 3 8192 2.000000000 2
338 826 3 8192 2.000000000 2
338 834 3 8192 2.000000000 2
338 1078 3 8192 2.000000000 2
342 222 3 8192 2.000000000 2
342 546 3 8192 2.000000000 2
342 638 3 8192 2.000000000 2
342 694 3 8192 2.000000000 2
342 702 3 8192 2.000000000 2
342 826 3 8192 2.000000000 2
342 834 3 8192 2.000000000 2
342 1078 3 8192 2.000000000 2
350 222 3 8192 2.000000000 2
350 546 3 8192 2.000000000 2
350 638 3 8192 2.000000000 2
350 694 3 8192 2.000000000 2
350 702 3 8192 2.000000000 2
350 826 3 8192 2.000000000 2
350 834 3 8192 2.000000000 2
350 1078 3 8192 2.000000000 2
362 222 3 8192 2.000000000 2
362 546 3 8192 2.000000000 2
362 638 3 8192 2.000000000 2
362 694 3 8192 2.000000000 2
362 702 3 8192 2.000000000 2
362 826 3 8192 2.000000000 2
362 834 3 8192 2.000000000 2
362 1078 3 8192 2.000000000 2
366 222 3 8192 2.000000000 2
366 546 3 8192 2.000000000 2
366 638 3 8192 2.000000000 2
366 694 3 8192 2.000000000 2
366 702 3 8192 2.000000000 2
366 826 3 8192 2.000000000 2
366 834 3 8192 2.000000000 2
366 1078 3 8192 2.000000000 2
370 222 3 8192 2.000000000 2
370 546 3 8192 2.000000000 2
370 638 3 8192 2.000000000 2
370 694 3 8192 2.000000000 2
370 702 3 8192 2.000000000 2
370 826 3 8192 2.000000000 2
370 834 3 8192 2.000000000 2
370 1078 3 8192 2.000000000 2
382 222 3 8192 2.000000000 2
382 546 3 8192 2.000000000 2
382 638 3 8192 2.000000000 2
382 694 3 8192 2.000000000 2
382 702 3 8192 2.000000000 2
382 826 3 8192 2.000000000 2
382 834 3 8192 2.000000000 2
382 1078 3 8192 2.000000000 2
390 222 3 8192 2.000000000 2
390 546 3 8192 2.000000000 2
390 638 3 8192 2.000000000 2
390 694 3 8192 2.000000000 2
390 702 3 8192 2.000000000 2
390 826 3 8192 2.000000000 2
390 834 3 8192 2.000000000 2
390 1078 3 8192 2.000000000 2
394 222 3 8192 2.000000000 2
394 546 3 8192 2.000000000 2
394 638 3 8192 2.000000000 2
394 694 3 8192 2.000000000 2
394 702 3 8192 2.000000000 2
394 826 3 8192 2.000000000 2
394 834 3 8192 2.000000000 2
394 1078 3 8192 2.000000000 2
406 222 3 8192 2.000000000 2
406 546 3 8192 2.000000000 2
406 638 3 8192 2.000000000 2
406 694 3 8192 2.000000000 2
406 702 3 8192 2.000000000 2
406 826 3 8192 2.000000000 2
406 834 3 8192 2.000000000 2
406 1078 3 8192 2.000000000 2
410 222 3 8192 2.000000000 2
410 546 3 8192 2.000000000 2
410 638 3 8192 2.000000000 2
410 694 3 8192 2.000000000 2
410 702 3 8192 2.000000000 2
410 826 3 8192 2.000000000 2
410 834 3 8192 2.000000000 2
410 1078 3 8192 2.000000000 2
418 222 3 8192 2.000000000 2
418 546 3 8192 2.000000000 2
418 638 3 8192 2.000000000 2
418 694 3 8192 2.000000000 2
418 702 3 8192 2.000000000 2
418 826 3 8192 2.000000000 2
418 834 3 8192 2.000000000 2
418 1078 3 8192 2.000000000 2
430 222 3 8192 2.000000000 2
430 546 3 8192 2.000000000 2
430 638 3 8192 2.000000000 2
430 694 3 8192 2.000000000 2
430 702 3 8192 2.000000000 2
430 826 3 8192 2.000000000 2
430 834 3 8192 2.000000000 2
430 1078 3 8192 2.000000000 2
434 222 3 8192 2.000000000 2
434 546 3 8192 2.000000000 2
434 638 3 8192 2.000000000 2
434 694 3 8192 2.000000000 2
434 702 3 8192 2.000000000 2
434 826 3 8192 2.000000000 2
434 834 3 8192 2.000000000 2
434 1078 3 8192 2.000000000 2
438 222 3 8192 2.000000000 2
438 546 3 8192 2.000000000 2
438 638 3 8192 2.000000000 2
438 694 3 8192 2.000000000 2
438 702 3 8192 2.000000000 2
438 826 3 8192 2.000000000 2
438 834 3 8192 2.000000000 2
438 1078 3 8192 2.000000000 2
442 222 3 8192 2.000000000 2
442 546 3 8192 2.000000000 2
442 638 3 8192 2.000000000 2
442 694 3 8192 2.000000000 2
442 702 3 8192 2.000000000 2
442 826 3 8192 2.000000000 2
442 834 3 8192 2.000000000 2
442 1078 3 8192 2.000000000 2
446 222 3 8192 2.000000000 2
446 546 3 8192 2.000000000 2
446 638 3 8192 2.000000000 2
446 694 3 8192 2.000000000 2
446 702 3 8192 2.000000000 2
446 826 3 8192 2.000000000 2
446 834 3 8192 2.000000000 2
446 1078 3 8192 2.000000000 2
450 222 3 8192 2.000000000 2
450 546 3 8192 2.000000000 2
450 638 3 8192 2.000000000 2
450 694 3 8192 2.000000000 2
450 702 3 8192 2.000000000 2
450 826 3 8192 2.000000000 2
450 834 3 8192 2.000000000 2
450 1078 3 8192 2.000000000 2
454 222 3 8192 2.000000000 2
454 546 3 8192 2.000000000 2
454 638 3 8192 2.000000000 2
454 694 3 8192 2.000000000 2
454 702 3 8192 2.000000000 2
454 826 3 8192 2.000000000 2
454 834 3 8192 2.000000000 2
454 1078 3 8192 2.000000000 2
458 222 3 8192 2.000000000 2
458 546 3 8192 2.000000000 2
458 638 3 8192 2.000000000 2
458 694 3 8192 2.000000000 2
458 702 3 8192 2.000000000 2
458 826 3 8192 2.000000000 2
458 834 3 8192 2.000000000 2
458 1078 3 8192 2.000000000 2
462 222 3 8192 2.000000000 2
462 546 3 8192 2.000000000 2
462 638 3 8192 2.000000000 2
462 694 3 8192 2.000000000 2
462 702 3 8192 2.000000000 2
462 826 3 8192 2.000000000 2
462 834 3 8192 2.000000000 2
462 1078 3 8192 2.000000000 2
466 222 3 8192 2.000000000 2
466 546 3 8192 2.000000000 2
466 638 3 8192 2.000000000 2
466 694 3 8192 2.000000000 2
466 702 3 8192 2.000000000 2
466 826 3 8192 2.000000000 2
466 834 3 8192 2.000000000 2
466 1078 3 8192 2.000000000 2
470 222 3 8192 2.000000000 2
470 546 3 8192 2.000000000 2
470 638 3 8192 2.000000000 2
470 694 3 8192 2.000000000 2
470 702 3 8192 2.000000000 2
470 826 3 8192 2.000000000 2
470 834 3 8192 2.000000000 2
470 1078 3 8192 2.000000000 2
474 222 3 8192 2.000000000 2
474 546 3 8192 2.000000000 2
474 638 3 8192 2.000000000 2
474 694 3 8192 2.000000000 2
474 702 3 8192 2.000000000 2
474 826 3 8192 2.000000000 2
474 834 3 8192 2.000000000 2
474 1078 3 8192 2.000000000 2
478 222 3 8192 2.000000000 2
478 546 3 8192 2.000000000 2
478 638 3 8192 2.000000000 2
478 694 3 8192 2.000000000 2
478 702 3 8192 2.000000000 2
478 826 3 8192 2.000000000 2
478 834 3 8192 2.000000000 2
478 1078 3 8192 2.000000000 2
486 222 3 8192 2.000000000 2
486 546 3 8192 2.000000000 2
486 638 3 8192 2.000000000 2
486 694 3 8192 2.000000000 2
486 702 3 8192 2.000000000 2
486 826 3 8192 2.000000000 2
486 834 3 8192 2.000000000 2
486 1078 3 8192 2.000000000 2
494 222 3 8192 2.000000000 2
494 546 3 8192 2.000000000 2
494 638 3 8192 2.000000000 2
494 694 3 8192 2.000000000 2
494 702 3 8192 2.000000000 2
494 826 3 8192 2.000000000 2
494 834 3 8192 2.000000000 2
494 1078 3 8192 2.000000000 2
498 222 3 8192 2.000000000 2
498 546 3 8192 2.000000000 2
498 638 3 8192 2.000000000 2
498 694 3 8192 2.000000000 2
498 702 3 8192 2.000000000 2
498 826 3 8192 2.000000000 2
498 834 3 8192 2.000000000 2
498 1078 3 8192 2.000000000 2
502 222 3 8192 2.000000000 2
502 546 3 8192 2.000000000 2
502 638 3 8192 2.000000000 2
502 694 3 8192 2.000000000 2
502 702 3 8192 2.000000000 2
502 826 3 8192 2.000000000 2
502 834 3 8192 2.000000000 2
502 1078 3 8192 2.000000000 2
506 222 3 8192 2.000000000 2
506 546 3 8192 2.000000000 2
506 638 3 8192 2.000000000 2
506 694 3 8192 2.000000000 2
506 702 3 8192 2.000000000 2
506 826 3 8192 2.000000000 2
506 834 3 8192 2.000000000 2
506 1078 3 8192 2.000000000 2
510 222 3 8192 2.000000000 2
510 546 3 8192 2.000000000 2
510 638 3 8192 2.000000000 2
510 694 3 8192 2.000000000 2
510 702 3 8192 2.000000000 2
510 826 3 8192 2.000000000 2
510 834 3 8192 2.000000000 2
510 1078 3 8192 2.000000000 2
514 222 3 8192 2.000000000 2
514 546 3 8192 2.000000000 2
514 638 3 8192 2.000000000 2
514 694 3 8192 2.000000000 2
514 702 3 8192 2.000000000 2
514 826 3 8192 2.000000000 2
514 834 3 8192 2.000000000 2
514 1078 3 8192 2.000000000 2
518 222 3 8192 2.000000000 2
518 546 3 8192 2.000000000 2
518 638 3 8192 2.000000000 2
518 694 3 8192 2.000000000 2
518 702 3 8192 2.000000000 2
518 826 3 8192 2.000000000 2
518 834 3 8192 2.000000000 2
518 1078 3 8192 2.000000000 2
522 222 3 8192 2.000000000 2
522 546 3 8192 2.000000000 2
522 638 3 8192 2.000000000 2
522 694 3 8192 2.000000000 2
522 702 3 8192 2.000000000 2
522 826 3 8192 2.000000000 2
522 834 3 8192 2.000000000 2
522 1078 3 8192 2.000000000 2
526 222 3 8192 2.000000000 2
526 546 3 8192 2.000000000 2
526 638 3 8192 2.000000000 2
526 694 3 8192 2.000000000 2
526 702 3 8192 2.000000000 2
526 826 3 8192 2.000000000 2
526 834 3 8192 2.000000000 2
526 1078 3 8192 2.000000000 2
538 222 3 8192 2.000000000 2
538 546 3 8192 2.000000000 2
538 638 3 8192 2.000000000 2
538 694 3 8192 2.000000000 2
538 702 3 8192 2.000000000 2
538 826 3 8192 2.000000000 2
538 834 3 8192 2.000000000 2
538 1078 3 8192 2.000000000 2
542 222 3 8192 2.000000000 2
542 546 3 8192 2.000000000 2
542 638 3 8192 2.000000000 2
542 694 3 8192 2.000000000 2
542 702 3 8192 2.000000000 2
542 826 3 8192 2.000000000 2
542 834 3 8192 2.000000000 2
542 1078 3 8192 2.000000000 2
546 222 3 8192 2.000000000 2
546 638 3 8192 2.000000000 2
546 694 3 8192 2.000000000 2
546 702 3 8192 2.000000000 2
546 826 3 8192 2.000000000 2
546 834 3 8192 2.000000000 2
546 1078 3 8192 2.000000000 2
550 222 3 8192 2.000000000 2
550 546 3 8192 2.000000000 2
550 638 3 8192 2.000000000 2
550 694 3 8192 2.000000000 2
550 702 3 8192 2.000000000 2
550 826 3 8192 2.000000000 2
550 834 3 8192 2.000000000 2
550 1078 3 8192 2.000000000 2
554 222 3 8192 2.000000000 2
554 546 3 8192 2.000000000 2
554 638 3 8192 2.000000000 2
554 694 3 8192 2.000000000 2
554 702 3 8192 2.000000000 2
554 826 3 8192 2.000000000 2
554 834 3 8192 2.000000000 2
554 1078 3 8192 2.000000000 2
562 222 3 8192 2.000000000 2
562 546 3 8192 2.000000000 2
562 638 3 8192 2.000000000 2
562 694 3 8192 2.000000000 2
562 702 3 8192 2.000000000 2
562 826 3 8192 2.000000000 2
562 834 3 8192 2.000000000 2
562 1078 3 8192 2.000000000 2
566 222 3 8192 2.000000000 2
566 546 3 8192 2.000000000 2
566 638 3 8192 2.000000000 2
566 694 3 8192 2.000000000 2
566 702 3 8192 2.000000000 2
566 826 3 8192 2.000000000 2
566 834 3 8192 2.000000000 2
566 1078 3 8192 2.000000000 2
570 222 3 8192 2.000000000 2
570 546 3 8192 2.000000000 2
570 638 3 8192 2.000000000 2
570 694 3 8192 2.000000000 2
570 702 3 8192 2.000000000 2
570 826 3 8192 2.000000000 2
570 834 3 8192 2.000000000 2
570 1078 3 8192 2.000000000 2
574 222 3 8192 2.000000000 2
574 546 3 8192 2.000000000 2
574 638 3 8192 2.000000000 2
574 694 3 8192 2.000000000 2
574 702 3 8192 2.000000000 2
574 826 3 8192 2.000000000 2
574 834 3 8192 2.000000000 2
574 1078 3 8192 2.000000000 2
578 222 3 8192 2.000000000 2
578 546 3 8192 2.000000000 2
578 638 3 8192 2.000000000 2
578 694 3 8192 2.000000000 2
578 702 3 8192 2.000000000 2
578 826 3 8192 2.000000000 2
578 834 3 8192 2.000000000 2
578 1078 3 8192 2.000000000 2
582 222 3 8192 2.000000000 2
582 546 3 8192 2.000000000 2
582 638 3 8192 2.000000000 2
582 694 3 8192 2.000000000 2
582 702 3 8192 2.000000000 2
582 826 3 8192 2.000000000 2
582 834 3 8192 2.000000000 2
582 1078 3 8192 2.000000000 2
590 222 3 8192 2.000000000 2
590 546 3 8192 2.000000000 2
590 638 3 8192 2.000000000 2
590 694 3 8192 2.000000000 2
590 702 3 8192 2.000000000 2
590 826 3 8192 2.000000000 2
590 834 3 8192 2.000000000 2
590 1078 3 8192 2.000000000 2
594 222 3 8192 2.000000000 2
594 546 3 8192 2.000000000 2
594 638 3 8192 2.000000000 2
594 694 3 8192 2.000000000 2
594 702 3 8192 2.000000000 2
594 826 3 8192 2.000000000 2
594 834 3 8192 2.000000000 2
594 1078 3 8192 2.000000000 2
598 222 3 8192 2.000000000 2
598 546 3 8192 2.000000000 2
598 638 3 8192 2.000000000 2
598 694 3 8192 2.000000000 2
598 702 3 8192 2.000000000 2
598 826 3 8192 2.000000000 2
598 834 3 8192 2.000000000 2
598 1078 3 8192 2.000000000 2
602 222 3 8192 2.000000000 2
602 546 3 8192 2.000000000 2
602 638 3 8192 2.000000000 2
602 694 3 8192 2.000000000 2
602 702 3 8192 2.000000000 2
602 826 3 8192 2.000000000 2
602 834 3 8192 2.000000000 2
602 1078 3 8192 2.000000000 2
610 222 3 8192 2.000000000 2
610 546 3 8192 2.000000000 2
610 638 3 8192 2.000000000 2
610 694 3 8192 2.000000000 2
610 702 3 8192 2.000000000 2
610 826 3 8192 2.000000000 2
610 834 3 8192 2.000000000 2
610 1078 3 8192 2.000000000 2
614 222 3 8192 2.000000000 2
614 546 3 8192 2.000000000 2
614 638 3 8192 2.000000000 2
614 694 3 8192 2.000000000 2
614 702 3 8192 2.000000000 2
614 826 3 8192 2.000000000 2
614 834 3 8192 2.000000000 2
614 1078 3 8192 2.000000000 2
622 222 3 8192 2.000000000 2
622 546 3 8192 2.000000000 2
622 638 3 8192 2.000000000 2
622 694 3 8192 2.000000000 2
622 702 3 8192 2.000000000 2
622 826 3 8192 2.000000000 2
622 834 3 8192 2.000000000 2
622 1078 3 8192 2.000000000 2
626 222 3 8192 2.000000000 2
626 546 3 8192 2.000000000 2
626 638 3 8192 2.000000000 2
626 694 3 8192 2.000000000 2
626 702 3 8192 2.000000000 2
626 826 3 8192 2.000000000 2
626 834 3 8192 2.000000000 2
626 1078 3 8192 2.000000000 2
634 222 3 8192 2.000000000 2
634 546 3 8192 2.000000000 2
634 638 3 8192 2.000000000 2
634 694 3 8192 2.000000000 2
634 702 3 8192 2.000000000 2
634 826 3 8192 2.000000000 2
634 834 3 8192 2.000000000 2
634 1078 3 8192 2.000000000 2
638 222 3 8192 2.000000000 2
638 546 3 8192 2.000000000 2
638 694 3 8192 2.000000000 2
638 702 3 8192 2.000000000 2
638 826 3 8192 2.000000000 2
638 834 3 8192 2.000000000 2
638 1078 3 8192 2.000000000 2
642 222 3 8192 2.000000000 2
642 546 3 8192 2.000000000 2
642 638 3 8192 2.000000000 2
642 694 3 8192 2.000000000 2
642 702 3 8192 2.000000000 2
642 826 3 8192 2.000000000 2
642 834 3 8192 2.000000000 2
642 1078 3 8192 2.000000000 2
646 222 3 8192 2.000000000 2
646 546 3 8192 2.000000000 2
646 638 3 8192 2.000000000 2
646 694 3 8192 2.000000000 2
646 702 3 8192 2.000000000 2
646 826 3 8192 2.000000000 2
646 834 3 8192 2.000000000 2
646 1078 3 8192 2.000000000 2
650 222 3 8192 2.000000000 2
650 546 3 8192 2.000000000 2
650 638 3 8192 2.000000000 2
650 694 3 8192 2.000000000 2
650 702 3 8192 2.000000000 2
650 826 3 8192 2.000000000 2
650 834 3 8192 2.000000000 2
650 1078 3 8192 2.000000000 2
654 222 3 8192 2.000000000 2
654 546 3 8192 2.000000000 2
654 638 3 8192 2.000000000 2
654 694 3 8192 2.000000000 2
654 702 3 8192 2.000000000 2
654 826 3 8192 2.000000000 2
654 834 3 8192 2.000000000 2
654 1078 3 8192 2.000000000 2
658 222 3 8192 2.000000000 2
658 546 3 8192 2.000000000 2
658 638 3 8192 2.000000000 2
658 694 3 8192 2.000000000 2
658 702 3 8192 2.000000000 2
658 826 3 8192 2.000000000 2
658 834 3 8192 2.000000000 2
658 1078 3 8192 2.000000000 2
662 222 3 8192 2.000000000 2
662 546 3 8192 2.000000000 2
662 638 3 8192 2.000000000 2
662 694 3 8192 2.000000000 2
662 702 3 8192 2.000000000 2
662 826 3 8192 2.000000000 2
662 834 3 8192 2.000000000 2
662 1078 3 8192 2.000000000 2
670 222 3 8192 2.000000000 2
670 546 3 8192 2.000000000 2
670 638 3 8192 2.000000000 2
670 694 3 8192 2.000000000 2
670 702 3 8192 2.000000000 2
670 826 3 8192 2.000000000 2
670 834 3 8192 2.000000000 2
670 1078 3 8192 2.000000000 2
674 222 3 8192 2.000000000 2
674 546 3 8192 2.000000000 2
674 638 3 8192 2.000000000 2
674 694 3 8192 2.000000000 2
674 702 3 8192 2.000000000 2
674 826 3 8192 2.000000000 2
674 834 3 8192 2.000000000 2
674 1078 3 8192 2.000000000 2
678 222 3 8192 2.000000000 2
678 546 3 8192 2.000000000 2
678 638 3 8192 2.000000000 2
678 694 3 8192 2.000000000 2
678 702 3 8192 2.000000000 2
678 826 3 8192 2.000000000 2
678 834 3 8192 2.000000000 2
678 1078 3 8192 2.000000000 2
690 222 3 8192 2.000000000 2
690 546 3 8192 2.000000000 2
690 638 3 8192 2.000000000 2
690 694 3 8192 2.000000000 2
690 702 3 8192 2.000000000 2
690 826 3 8192 2.000000000 2
690 834 3 8192 2.000000000 2
690 1078 3 8192 2.000000000 2
694 222 3 8192 2.000000000 2
694 546 3 8192 2.000000000 2
694 638 3 8192 2.000000000 2
694 702 3 8192 2.000000000 2
694 826 3 8192 2.000000000 2
694 834 3 8192 2.000000000 2
694 1078 3 8192 2.000000000 2
698 222 3 8192 2.000000000 2
698 546 3 8192 2.000000000 2
698 638 3 8192 2.000000000 2
698 694 3 8192 2.000000000 2
698 702 3 8192 2.000000000 2
698 826 3 8192 2.000000000 2
698 834 3 8192 2.000000000 2
698 1078 3 8192 2.000000000 2
702 222 3 8192 2.000000000 2
702 546 3 8192 2.000000000 2
702 638 3 8192 2.000000000 2
702 694 3 8192 2.000000000 2
702 826 3 8192 2.000000000 2
702 834 3 8192 2.000000000 2
702 1078 3 8192 2.000000000 2
706 222 3 8192 2.000000000 2
706 546 3 8192 2.000000000 2
706 638 3 8192 2.000000000 2
706 694 3 8192 2.000000000 2
706 702 3 8192 2.000000000 2
706 826 3 8192 2.000000000 2
706 834 3 8192 2.000000000 2
706 1078 3 8192 2.000000000 2
714 222 3 8192 2.000000000 2
714 546 3 8192 2.000000000 2
714 638 3 8192 2.000000000 2
714 694 3 8192 2.000000000 2
714 702 3 8192 2.000000000 2
714 826 3 8192 2.000000000 2
714 834 3 8192 2.000000000 2
714 1078 3 8192 2.000000000 2
718 222 3 8192 2.000000000 2
718 546 3 8192 2.000000000 2
718 638 3 8192 2.000000000 2
718 694 3 8192 2.000000000 2
718 702 3 8192 2.000000000 2
718 826 3 8192 2.000000000 2
718 834 3 8192 2.000000000 2
718 1078 3 8192 2.000000000 2
726 222 3 8192 2.000000000 2
726 546 3 8192 2.000000000 2
726 638 3 8192 2.000000000 2
726 694 3 8192 2.000000000 2
726 702 3 8192 2.000000000 2
726 826 3 8192 2.000000000 2
726 834 3 8192 2.000000000 2
726 1078 3 8192 2.000000000 2
734 222 3 8192 2.000000000 2
734 546 3 8192 2.000000000 2
734 638 3 8192 2.000000000 2
734 694 3 8192 2.000000000 2
734 702 3 8192 2.000000000 2
734 826 3 8192 2.000000000 2
734 834 3 8192 2.000000000 2
734 1078 3 8192 2.000000000 2
738 222 3 8192 2.000000000 2
738 546 3 8192 2.000000000 2
738 638 3 8192 2.000000000 2
738 694 3 8192 2.000000000 2
738 702 3 8192 2.000000000 2
738 826 3 8192 2.000000000 2
738 834 3 8192 2.000000000 2
738 1078 3 8192 2.000000000 2
742 222 3 8192 2.000000000 2
742 546 3 8192 2.000000000 2
742 638 3 8192 2.000000000 2
742 694 3 8192 2.000000000 2
742 702 3 8192 2.000000000 2
742 826 3 8192 2.000000000 2
742 834 3 8192 2.000000000 2
742 1078 3 8192 2.000000000 2
746 222 3 8192 2.000000000 2
746 546 3 8192 2.000000000 2
746 638 3 8192 2.000000000 2
746 694 3 8192 2.000000000 2
746 702 3 8192 2.000000000 2
746 826 3 8192 2.000000000 2
746 834 3 8192 2.000000000 2
746 1078 3 8192 2.000000000 2
750 222 3 8192 2.000000000 2
750 546 3 8192 2.000000000 2
750 638 3 8192 2.000000000 2
750 694 3 8192 2.000000000 2
750 702 3 8192 2.000000000 2
750 826 3 8192 2.000000000 2
750 834 3 8192 2.000000000 2
750 1078 3 8192 2.000000000 2
754 222 3 8192 2.000000000 2
754 546 3 8192 2.000000000 2
754 638 3 8192 2.000000000 2
754 694 3 8192 2.000000000 2
754 702 3 8192 2.000000000 2
754 826 3 8192 2.000000000 2
754 834 3 8192 2.000000000 2
754 1078 3 8192 2.000000000 2
758 222 3 8192 2.000000000 2
758 546 3 8192 2.000000000 2
758 638 3 8192 2.000000000 2
758 694 3 8192 2.000000000 2
758 702 3 8192 2.000000000 2
758 826 3 8192 2.000000000 2
758 834 3 8192 2.000000000 2
758 1078 3 8192 2.000000000 2
762 222 3 8192 2.000000000 2
762 546 3 8192 2.000000000 2
762 638 3 8192 2.000000000 2
762 694 3 8192 2.000000000 2
762 702 3 8192 2.000000000 2
762 826 3 8192 2.000000000 2
762 834 3 8192 2.000000000 2
762 1078 3 8192 2.000000000 2
766 222 3 8192 2.000000000 2
766 546 3 8192 2.000000000 2
766 638 3 8192 2.000000000 2
766 694 3 8192 2.000000000 2
766 702 3 8192 2.000000000 2
766 826 3 8192 2.000000000 2
766 834 3 8192 2.000000000 2
766 1078 3 8192 2.000000000 2
774 222 3 8192 2.000000000 2
774 546 3 8192 2.000000000 2
774 638 3 8192 2.000000000 2
774 694 3 8192 2.000000000 2
774 702 3 8192 2.000000000 2
774 826 3 8192 2.000000000 2
774 834 3 8192 2.000000000 2
774 1078 3 8192 2.000000000 2
778 222 3 8192 2.000000000 2
778 546 3 8192 2.000000000 2
778 638 3 8192 2.000000000 2
778 694 3 8192 2.000000000 2
778 702 3 8192 2.000000000 2
778 826 3 8192 2.000000000 2
778 834 3 8192 2.000000000 2
778 1078 3 8192 2.000000000 2
782 222 3 8192 2.000000000 2
782 546 3 8192 2.000000000 2
782 638 3 8192 2.000000000 2
782 694 3 8192 2.000000000 2
782 702 3 8192 2.000000000 2
782 826 3 8192 2.000000000 2
782 834 3 8192 2.000000000 2
782 1078 3 8192 2.000000000 2
786 222 3 8192 2.000000000 2
786 546 3 8192 2.000000000 2
786 638 3 8192 2.000000000 2
786 694 3 8192 2.000000000 2
786 702 3 8192 2.000000000 2
786 826 3 8192 2.000000000 2
786 834 3 8192 2.000000000 2
786 1078 3 8192 2.000000000 2
790 222 3 8192 2.000000000 2
790 546 3 8192 2.000000000 2
790 638 3 8192 2.000000000 2
790 694 3 8192 2.000000000 2
790 702 3 8192 2.000000000 2
790 826 3 8192 2.000000000 2
790 834 3 8192 2.000000000 2
790 1078 3 8192 2.000000000 2
794 222 3 8192 2.000000000 2
794 546 3 8192 2.000000000 2
794 638 3 8192 2.000000000 2
794 694 3 8192 2.000000000 2
794 702 3 8192 2.000000000 2
794 826 3 8192 2.000000000 2
794 834 3 8192 2.000000000 2
794 1078 3 8192 2.000000000 2
806 222 3 8192 2.000000000 2
806 546 3 8192 2.000000000 2
806 638 3 8192 2.000000000 2
806 694 3 8192 2.000000000 2
806 702 3 8192 2.000000000 2
806 826 3 8192 2.000000000 2
806 834 3 8192 2.000000000 2
806 1078 3 8192 2.000000000 2
810 222 3 8192 2.000000000 2
810 546 3 8192 2.000000000 2
810 638 3 8192 2.000000000 2
810 694 3 8192 2.000000000 2
810 702 3 8192 2.000000000 2
810 826 3 8192 2.000000000 2
810 834 3 8192 2.000000000 2
810 1078 3 8192 2.000000000 2
814 222 3 8192 2.000000000 2
814 546 3 8192 2.000000000 2
814 638 3 8192 2.000000000 2
814 694 3 8192 2.000000000 2
814 702 3 8192 2.000000000 2
814 826 3 8192 2.000000000 2
814 834 3 8192 2.000000000 2
814 1078 3 8192 2.000000000 2
818 222 3 8192 2.000000000 2
818 546 3 8192 2.000000000 2
818 638 3 8192 2.000000000 2
818 694 3 8192 2.000000000 2
818 702 3 8192 2.000000000 2
818 826 3 8192 2.000000000 2
818 834 3 8192 2.000000000 2
818 1078 3 8192 2.000000000 2
822 222 3 8192 2.000000000 2
822 546 3 8192 2.000000000 2
822 638 3 8192 2.000000000 2
822 694 3 8192 2.000000000 2
822 702 3 8192 2.000000000 2
822 826 3 8192 2.000000000 2
822 834 3 8192 2.000000000 2
822 1078 3 8192 2.000000000 2
826 222 3 8192 2.000000000 2
826 546 3 8192 2.000000000 2
826 638 3 8192 2.000000000 2
826 694 3 8192 2.000000000 2
826 702 3 8192 2.000000000 2
826 834 3 8192 2.000000000 2
826 1078 3 8192 2.000000000 2
834 222 3 8192 2.000000000 2
834 546 3 8192 2.000000000 2
834 638 3 8192 2.000000000 2
834 694 3 8192 2.000000000 2
834 702 3 8192 2.000000000 2
834 826 3 8192 2.000000000 2
834 1078 3 8192 2.000000000 2
838 222 3 8192 2.000000000 2
838 546 3 8192 2.000000000 2
838 638 3 8192 2.000000000 2
838 694 3 8192 2.000000000 2
838 702 3 8192 2.000000000 2
838 826 3 8192 2.000000000 2
838 834 3 8192 2.000000000 2
838 1078 3 8192 2.000000000 2
842 222 3 8192 2.000000000 2
842 546 3 8192 2.000000000 2
842 638 3 8192 2.000000000 2
842 694 3 8192 2.000000000 2
842 702 3 8192 2.000000000 2
842 826 3 8192 2.000000000 2
842 834 3 8192 2.000000000 2
842 1078 3 8192 2.000000000 2
846 222 3 8192 2.000000000 2
846 546 3 8192 2.000000000 2
846 638 3 8192 2.000000000 2
846 694 3 8192 2.000000000 2
846 702 3 8192 2.000000000 2
846 826 3 8192 2.000000000 2
846 834 3 8192 2.000000000 2
846 1078 3 8192 2.000000000 2
850 222 3 8192 2.000000000 2
850 546 3 8192 2.000000000 2
850 638 3 8192 2.000000000 2
850 694 3 8192 2.000000000 2
850 702 3 8192 2.000000000 2
850 826 3 8192 2.000000000 2
850 834 3 8192 2.000000000 2
850 1078 3 8192 2.000000000 2
854 222 3 8192 2.000000000 2
854 546 3 8192 2.000000000 2
854 638 3 8192 2.000000000 2
854 694 3 8192 2.000000000 2
854 702 3 8192 2.000000000 2
854 826 3 8192 2.000000000 2
854 834 3 8192 2.000000000 2
854 1078 3 8192 2.000000000 2
858 222 3 8192 2.000000000 2
858 546 3 8192 2.000000000 2
858 638 3 8192 2.000000000 2
858 694 3 8192 2.000000000 2
858 702 3 8192 2.000000000 2
858 826 3 8192 2.000000000 2
858 834 3 8192 2.000000000 2
858 1078 3 8192 2.000000000 2
862 222 3 8192 2.000000000 2
862 546 3 8192 2.000000000 2
862 638 3 8192 2.000000000 2
862 694 3 8192 2.000000000 2
862 702 3 8192 2.000000000 2
862 826 3 8192 2.000000000 2
862 834 3 8192 2.000000000 2
862 1078 3 8192 2.000000000 2
866 222 3 8192 2.000000000 2
866 546 3 8192 2.000000000 2
866 638 3 8192 2.000000000 2
866 694 3 8192 2.000000000 2
866 702 3 8192 2.000000000 2
866 826 3 8192 2.000000000 2
866 834 3 8192 2.000000000 2
866 1078 3 8192 2.000000000 2
870 222 3 8192 2.000000000 2
870 546 3 8192 2.000000000 2
870 638 3 8192 2.000000000 2
870 694 3 8192 2.000000000 2
870 702 3 8192 2.000000000 2
870 826 3 8192 2.000000000 2
870 834 3 8192 2.000000000 2
870 1078 3 8192 2.000000000 2
874 222 3 8192 2.000000000 2
874 546 3 8192 2.000000000 2
874 638 3 8192 2.000000000 2
874 694 3 8192 2.000000000 2
874 702 3 8192 2.000000000 2
874 826 3 8192 2.000000000 2
874 834 3 8192 2.000000000 2
874 1078 3 8192 2.000000000 2
878 222 3 8192 2.000000000 2
878 546 3 8192 2.000000000 2
878 638 3 8192 2.000000000 2
878 694 3 8192 2.000000000 2
878 702 3 8192 2.000000000 2
878 826 3 8192 2.000000000 2
878 834 3 8192 2.000000000 2
878 1078 3 8192 2.000000000 2
882 222 3 8192 2.000000000 2
882 546 3 8192 2.000000000 2
882 638 3 8192 2.000000000 2
882 694 3 8192 2.000000000 2
882 702 3 8192 2.000000000 2
882 826 3 8192 2.000000000 2
882 834 3 8192 2.000000000 2
882 1078 3 8192 2.000000000 2
886 222 3 8192 2.000000000 2
886 546 3 8192 2.000000000 2
886 638 3 8192 2.000000000 2
886 694 3 8192 2.000000000 2
886 702 3 8192 2.000000000 2
886 826 3 8192 2.000000000 2
886 834 3 8192 2.000000000 2
886 1078 3 8192 2.000000000 2
890 222 3 8192 2.000000000 2
890 546 3 8192 2.000000000 2
890 638 3 8192 2.000000000 2
890 694 3 8192 2.000000000 2
890 702 3 8192 2.000000000 2
890 826 3 8192 2.000000000 2
890 834 3 8192 2.000000000 2
890 1078 3 8192 2.000000000 2
894 222 3 8192 2.000000000 2
894 546 3 8192 2.000000000 2
894 638 3 8192 2.000000000 2
894 694 3 8192 2.000000000 2
894 702 3 8192 2.000000000 2
894 826 3 8192 2.000000000 2
894 834 3 8192 2.000000000 2
894 1078 3 8192 2.000000000 2
898 222 3 8192 2.000000000 2
898 546 3 8192 2.000000000 2
898 638 3 8192 2.000000000 2
898 694 3 8192 2.000000000 2
898 702 3 8192 2.000000000 2
898 826 3 8192 2.000000000 2
898 834 3 8192 2.000000000 2
898 1078 3 8192 2.000000000 2
902 222 3 8192 2.000000000 2
902 546 3 8192 2.000000000 2
902 638 3 8192 2.000000000 2
902 694 3 8192 2.000000000 2
902 702 3 8192 2.000000000 2
902 826 3 8192 2.000000000 2
902 834 3 8192 2.000000000 2
902 1078 3 8192 2.000000000 2
906 222 3 8192 2.000000000 2
906 546 3 8192 2.000000000 2
906 638 3 8192 2.000000000 2
906 694 3 8192 2.000000000 2
906 702 3 8192 2.000000000 2
906 826 3 8192 2.000000000 2
906 834 3 8192 2.000000000 2
906 1078 3 8192 2.000000000 2
918 222 3 8192 2.000000000 2
918 546 3 8192 2.000000000 2
918 638 3 8192 2.000000000 2
918 694 3 8192 2.000000000 2
918 702 3 8192 2.000000000 2
918 826 3 8192 2.000000000 2
918 834 3 8192 2.000000000 2
918 1078 3 8192 2.000000000 2
922 222 3 8192 2.000000000 2
922 546 3 8192 2.000000000 2
922 638 3 8192 2.000000000 2
922 694 3 8192 2.000000000 2
922 702 3 8192 2.000000000 2
922 826 3 8192 2.000000000 2
922 834 3 8192 2.000000000 2
922 1078 3 8192 2.000000000 2
926 222 3 8192 2.000000000 2
926 546 3 8192 2.000000000 2
926 638 3 8192 2.000000000 2
926 694 3 8192 2.000000000 2
926 702 3 8192 2.000000000 2
926 826 3 8192 2.000000000 2
926 834 3 8192 2.000000000 2
926 1078 3 8192 2.000000000 2
930 222 3 8192 2.000000000 2
930 546 3 8192 2.000000000 2
930 638 3 8192 2.000000000 2
930 694 3 8192 2.000000000 2
930 702 3 8192 2.000000000 2
930 826 3 8192 2.000000000 2
930 834 3 8192 2.000000000 2
930 1078 3 8192 2.000000000 2
934 222 3 8192 2.000000000 2
934 546 3 8192 2.000000000 2
934 638 3 8192 2.000000000 2
934 694 3 8192 2.000000000 2
934 702 3 8192 2.000000000 2
934 826 3 8192 2.000000000 2
934 834 3 8192 2.000000000 2
934 1078 3 8192 2.000000000 2
938 222 3 8192 2.000000000 2
938 546 3 8192 2.000000000 2
938 638 3 8192 2.000000000 2
938 694 3 8192 2.000000000 2
938 702 3 8192 2.000000000 2
938 826 3 8192 2.000000000 2
938 834 3 8192 2.000000000 2
938 1078 3 8192 2.000000000 2
942 222 3 8192 2.000000000 2
942 546 3 8192 2.000000000 2
942 638 3 8192 2.000000000 2
942 694 3 8192 2.000000000 2
942 702 3 8192 2.000000000 2
942 826 3 8192 2.000000000 2
942 834 3 8192 2.000000000 2
942 1078 3 8192 2.000000000 2
946 222 3 8192 2.000000000 2
946 546 3 8192 2.000000000 2
946 638 3 8192 2.000000000 2
946 694 3 8192 2.000000000 2
946 702 3 8192 2.000000000 2
946 826 3 8192 2.000000000 2
946 834 3 8192 2.000000000 2
946 1078 3 8192 2.000000000 2
950 222 3 8192 2.000000000 2
950 546 3 8192 2.000000000 2
950 638 3 8192 2.000000000 2
950 694 3 8192 2.000000000 2
950 702 3 8192 2.000000000 2
950 826 3 8192 2.000000000 2
950 834 3 8192 2.000000000 2
950 1078 3 8192 2.000000000 2
954 222 3 8192 2.000000000 2
954 546 3 8192 2.000000000 2
954 638 3 8192 2.000000000 2
954 694 3 8192 2.000000000 2
954 702 3 8192 2.000000000 2
954 826 3 8192 2.000000000 2
954 834 3 8192 2.000000000 2
954 1078 3 8192 2.000000000 2
958 222 3 8192 2.000000000 2
958 546 3 8192 2.000000000 2
958 638 3 8192 2.000000000 2
958 694 3 8192 2.000000000 2
958 702 3 8192 2.000000000 2
958 826 3 8192 2.000000000 2
958 834 3 8192 2.000000000 2
958 1078 3 8192 2.000000000 2
962 222 3 8192 2.000000000 2
962 546 3 8192 2.000000000 2
962 638 3 8192 2.000000000 2
962 694 3 8192 2.000000000 2
962 702 3 8192 2.000000000 2
962 826 3 8192 2.000000000 2
962 834 3 8192 2.000000000 2
962 1078 3 8192 2.000000000 2
966 222 3 8192 2.000000000 2
966 546 3 8192 2.000000000 2
966 638 3 8192 2.000000000 2
966 694 3 8192 2.000000000 2
966 702 3 8192 2.000000000 2
966 826 3 8192 2.000000000 2
966 834 3 8192 2.000000000 2
966 1078 3 8192 2.000000000 2
970 222 3 8192 2.000000000 2
970 546 3 8192 2.000000000 2
970 638 3 8192 2.000000000 2
970 694 3 8192 2.000000000 2
970 702 3 8192 2.000000000 2
970 826 3 8192 2.000000000 2
970 834 3 8192 2.000000000 2
970 1078 3 8192 2.000000000 2
974 222 3 8192 2.000000000 2
974 546 3 8192 2.000000000 2
974 638 3 8192 2.000000000 2
974 694 3 8192 2.000000000 2
974 702 3 8192 2.000000000 2
974 826 3 8192 2.000000000 2
974 834 3 8192 2.000000000 2
974 1078 3 8192 2.000000000 2
978 222 3 8192 2.000000000 2
978 546 3 8192 2.000000000 2
978 638 3 8192 2.000000000 2
978 694 3 8192 2.000000000 2
978 702 3 8192 2.000000000 2
978 826 3 8192 2.000000000 2
978 834 3 8192 2.000000000 2
978 1078 3 8192 2.000000000 2
982 222 3 8192 2.000000000 2
982 546 3 8192 2.000000000 2
982 638 3 8192 2.000000000 2
982 694 3 8192 2.000000000 2
982 702 3 8192 2.000000000 2
982 826 3 8192 2.000000000 2
982 834 3 8192 2.000000000 2
982 1078 3 8192 2.000000000 2
986 222 3 8192 2.000000000 2
986 546 3 8192 2.000000000 2
986 638 3 8192 2.000000000 2
986 694 3 8192 2.000000000 2
986 702 3 8192 2.000000000 2
986 826 3 8192 2.000000000 2
986 834 3 8192 2.000000000 2
986 1078 3 8192 2.000000000 2
990 222 3 8192 2.000000000 2
990 546 3 8192 2.000000000 2
990 638 3 8192 2.000000000 2
990 694 3 8192 2.000000000 2
990 702 3 8192 2.000000000 2
990 826 3 8192 2.000000000 2
990 834 3 8192 2.000000000 2
990 1078 3 8192 2.000000000 2
994 222 3 8192 2.000000000 2
994 546 3 8192 2.000000000 2
994 638 3 8192 2.000000000 2
994 694 3 8192 2.000000000 2
994 702 3 8192 2.000000000 2
994 826 3 8192 2.000000000 2
994 834 3 8192 2.000000000 2
994 1078 3 8192 2.000000000 2
998 222 3 8192 2.000000000 2
998 546 3 8192 2.000000000 2
998 638 3 8192 2.000000000 2
998 694 3 8192 2.000000000 2
998 702 3 8192 2.000000000 2
998 826 3 8192 2.000000000 2
998 834 3 8192 2.000000000 2
998 1078 3 8192 2.000000000 2
1010 222 3 8192 2.000000000 2
1010 546 3 8192 2.000000000 2
1010 638 3 8192 2.000000000 2
1010 694 3 8192 2.000000000 2
1010 702 3 8192 2.000000000 2
1010 826 3 8192 2.000000000 2
1010 834 3 8192 2.000000000 2
1010 1078 3 8192 2.000000000 2
1018 222 3 8192 2.000000000 2
1018 546 3 8192 2.000000000 2
1018 638 3 8192 2.000000000 2
1018 694 3 8192 2.000000000 2
1018 702 3 8192 2.000000000 2
1018 826 3 8192 2.000000000 2
1018 834 3 8192 2.000000000 2
1018 1078 3 8192 2.000000000 2
1022 222 3 8192 2.000000000 2
1022 546 3 8192 2.000000000 2
1022 638 3 8192 2.000000000 2
1022 694 3 8192 2.000000000 2
1022 702 3 8192 2.000000000 2
1022 826 3 8192 2.000000000 2
1022 834 3 8192 2.000000000 2
1022 1078 3 8192 2.000000000 2
1034 222 3 8192 2.000000000 2
1034 546 3 8192 2.000000000 2
1034 638 3 8192 2.000000000 2
1034 694 3 8192 2.000000000 2
1034 702 3 8192 2.000000000 2
1034 826 3 8192 2.000000000 2
1034 834 3 8192 2.000000000 2
1034 1078 3 8192 2.000000000 2
1038 222 3 8192 2.000000000 2
1038 546 3 8192 2.000000000 2
1038 638 3 8192 2.000000000 2
1038 694 3 8192 2.000000000 2
1038 702 3 8192 2.000000000 2
1038 826 3 8192 2.000000000 2
1038 834 3 8192 2.000000000 2
1038 1078 3 8192 2.000000000 2
1042 222 3 8192 2.000000000 2
1042 546 3 8192 2.000000000 2
1042 638 3 8192 2.000000000 2
1042 694 3 8192 2.000000000 2
1042 702 3 8192 2.000000000 2
1042 826 3 8192 2.000000000 2
1042 834 3 8192 2.000000000 2
1042 1078 3 8192 2.000000000 2
1046 222 3 8192 2.000000000 2
1046 546 3 8192 2.000000000 2
1046 638 3 8192 2.000000000 2
1046 694 3 8192 2.000000000 2
1046 702 3 8192 2.000000000 2
1046 826 3 8192 2.000000000 2
1046 834 3 8192 2.000000000 2
1046 1078 3 8192 2.000000000 2
1050 222 3 8192 2.000000000 2
1050 546 3 8192 2.000000000 2
1050 638 3 8192 2.000000000 2
1050 694 3 8192 2.000000000 2
1050 702 3 8192 2.000000000 2
1050 826 3 8192 2.000000000 2
1050 834 3 8192 2.000000000 2
1050 1078 3 8192 2.000000000 2
1058 222 3 8192 2.000000000 2
1058 546 3 8192 2.000000000 2
1058 638 3 8192 2.000000000 2
1058 694 3 8192 2.000000000 2
1058 702 3 8192 2.000000000 2
1058 826 3 8192 2.000000000 2
1058 834 3 8192 2.000000000 2
1058 1078 3 8192 2.000000000 2
1062 222 3 8192 2.000000000 2
1062 546 3 8192 2.000000000 2
1062 638 3 8192 2.000000000 2
1062 694 3 8192 2.000000000 2
1062 702 3 8192 2.000000000 2
1062 826 3 8192 2.000000000 2
1062 834 3 8192 2.000000000 2
1062 1078 3 8192 2.000000000 2
1066 222 3 8192 2.000000000 2
1066 546 3 8192 2.000000000 2
1066 638 3 8192 2.000000000 2
1066 694 3 8192 2.000000000 2
1066 702 3 8192 2.000000000 2
1066 826 3 8192 2.000000000 2
1066 834 3 8192 2.000000000 2
1066 1078 3 8192 2.000000000 2
1070 222 3 8192 2.000000000 2
1070 546 3 8192 2.000000000 2
1070 638 3 8192 2.000000000 2
1070 694 3 8192 2.000000000 2
1070 702 3 8192 2.000000000 2
1070 826 3 8192 2.000000000 2
1070 834 3 8192 2.000000000 2
1070 1078 3 8192 2.000000000 2
1074 222 3 8192 2.000000000 2
1074 546 3 8192 2.000000000 2
1074 638 3 8192 2.000000000 2
1074 694 3 8192 2.000000000 2
1074 702 3 8192 2.000000000 2
1074 826 3 8192 2.000000000 2
1074 834 3 8192 2.000000000 2
1074 1078 3 8192 2.000000000 2
1078 222 3 8192 2.000000000 2
1078 546 3 8192 2.000000000 2
1078 638 3 8192 2.000000000 2
1078 694 3 8192 2.000000000 2
1078 702 3 8192 2.000000000 2
1078 826 3 8192 2.000000000 2
1078 834 3 8192 2.000000000 2
1082 222 3 8192 2.000000000 2
1082 546 3 8192 2.000000000 2
1082 638 3 8192 2.000000000 2
1082 694 3 8192 2.000000000 2
1082 702 3 8192 2.000000000 2
1082 826 3 8192 2.000000000 2
1082 834 3 8192 2.000000000 2
1082 1078 3 8192 2.000000000 2
1086 222 3 8192 2.000000000 2
1086 546 3 8192 2.000000000 2
1086 638 3 8192 2.000000000 2
1086 694 3 8192 2.000000000 2
1086 702 3 8192 2.000000000 2
1086 826 3 8192 2.000000000 2
1086 834 3 8192 2.000000000 2
1086 1078 3 8192 2.000000000 2
1090 222 3 8192 2.000000000 2
1090 546 3 8192 2.000000000 2
1090 638 3 8192 2.000000000 2
1090 694 3 8192 2.000000000 2
1090 702 3 8192 2.000000000 2
1090 826 3 8192 2.000000000 2
1090 834 3 8192 2.000000000 2
1090 1078 3 8192 2.000000000 2
1098 222 3 8192 2.000000000 2
1098 546 3 8192 2.000000000 2
1098 638 3 8192 2.000000000 2
1098 694 3 8192 2.000000000 2
1098 702 3 8192 2.000000000 2
1098 826 3 8192 2.000000000 2
1098 834 3 8192 2.000000000 2
1098 1078 3 8192 2.000000000 2
1106 222 3 8192 2.000000000 2
1106 546 3 8192 2.000000000 2
1106 638 3 8192 2.000000000 2
1106 694 3 8192 2.000000000 2
1106 702 3 8192 2.000000000 2
1106 826 3 8192 2.000000000 2
1106 834 3 8192 2.000000000 2
1106 1078 3 8192 2.000000000 2
1110 222 3 8192 2.000000000 2
1110 546 3 8192 2.000000000 2
1110 638 3 8192 2.000000000 2
1110 694 3 8192 2.000000000 2
1110 702 3 8192 2.000000000 2
1110 826 3 8192 2.000000000 2
1110 834 3 8192 2.000000000 2
1110 1078 3 8192 2.000000000 2
1114 222 3 8192 2.000000000 2
1114 546 3 8192 2.000000000 2
1114 638 3 8192 2.000000000 2
1114 694 3 8192 2.000000000 2
1114 702 3 8192 2.000000000 2
1114 826 3 8192 2.000000000 2
1114 834 3 8192 2.000000000 2
1114 1078 3 8192 2.000000000 2
1118 222 3 8192 2.000000000 2
1118 546 3 8192 2.000000000 2
1118 638 3 8192 2.000000000 2
1118 694 3 8192 2.000000000 2
1118 702 3 8192 2.000000000 2
1118 826 3 8192 2.000000000 2
1118 834 3 8192 2.000000000 2
1118 1078 3 8192 2.000000000 2
1122 222 3 8192 2.000000000 2
1122 546 3 8192 2.000000000 2
1122 638 3 8192 2.000000000 2
1122 694 3 8192 2.000000000 2
1122 702 3 8192 2.000000000 2
1122 826 3 8192 2.000000000 2
1122 834 3 8192 2.000000000 2
1122 1078 3 8192 2.000000000 2
1126 222 3 8192 2.000000000 2
1126 546 3 8192 2.000000000 2
1126 638 3 8192 2.000000000 2
1126 694 3 8192 2.000000000 2
1126 702 3 8192 2.000000000 2
1126 826 3 8192 2.000000000 2
1126 834 3 8192 2.000000000 2
1126 1078 3 8192 2.000000000 2
1130 222 3 8192 2.000000000 2
1130 546 3 8192 2.000000000 2
1130 638 3 8192 2.000000000 2
1130 694 3 8192 2.000000000 2
1130 702 3 8192 2.000000000 2
1130 826 3 8192 2.000000000 2
1130 834 3 8192 2.000000000 2
1130 1078 3 8192 2.000000000 2
1138 222 3 8192 2.000000000 2
1138 546 3 8192 2.000000000 2
1138 638 3 8192 2.000000000 2
1138 694 3 8192 2.000000000 2
1138 702 3 8192 2.000000000 2
1138 826 3 8192 2.000000000 2
1138 834 3 8192 2.000000000 2
1138 1078 3 8192 2.000000000 2
1142 222 3 8192 2.000000000 2
1142 546 3 8192 2.000000000 2
1142 638 3 8192 2.000000000 2
1142 694 3 8192 2.000000000 2
1142 702 3 8192 2.000000000 2
1142 826 3 8192 2.000000000 2
1142 834 3 8192 2.000000000 2
1142 1078 3 8192 2.000000000 2
1146 222 3 8192 2.000000000 2
1146 546 3 8192 2.000000000 2
1146 638 3 8192 2.000000000 2
1146 694 3 8192 2.000000000 2
1146 702 3 8192 2.000000000 2
1146 826 3 8192 2.000000000 2
1146 834 3 8192 2.000000000 2
1146 1078 3 8192 2.000000000 2
1150 222 3 8192 2.000000000 2
1150 546 3 8192 2.000000000 2
1150 638 3 8192 2.000000000 2
1150 694 3 8192 2.000000000 2
1150 702 3 8192 2.000000000 2
1150 826 3 8192 2.000000000 2
1150 834 3 8192 2.000000000 2
1150 1078 3 8192 2.000000000 2
1154 222 3 8192 2.000000000 2
1154 546 3 8192 2.000000000 2
1154 638 3 8192 2.000000000 2
1154 694 3 8192 2.000000000 2
1154 702 3 8192 2.000000000 2
1154 826 3 8192 2.000000000 2
1154 834 3 8192 2.000000000 2
1154 1078 3 8192 2.000000000 2
1158 222 3 8192 2.000000000 2
1158 546 3 8192 2.000000000 2
1158 638 3 8192 2.000000000 2
1158 694 3 8192 2.000000000 2
1158 702 3 8192 2.000000000 2
1158 826 3 8192 2.000000000 2
1158 834 3 8192 2.000000000 2
1158 1078 3 8192 2.000000000 2
1162 222 3 8192 2.000000000 2
1162 546 3 8192 2.000000000 2
1162 638 3 8192 2.000000000 2
1162 694 3 8192 2.000000000 2
1162 702 3 8192 2.000000000 2
1162 826 3 8192 2.000000000 2
1162 834 3 8192 2.000000000 2
1162 1078 3 8192 2.000000000 2
1166 222 3 8192 2.000000000 2
1166 546 3 8192 2.000000000 2
1166 638 3 8192 2.000000000 2
1166 694 3 8192 2.000000000 2
1166 702 3 8192 2.000000000 2
1166 826 3 8192 2.000000000 2
1166 834 3 8192 2.000000000 2
1166 1078 3 8192 2.000000000 2
1170 222 3 8192 2.000000000 2
1170 546 3 8192 2.000000000 2
1170 638 3 8192 2.000000000 2
1170 694 3 8192 2.000000000 2
1170 702 3 8192 2.000000000 2
1170 826 3 8192 2.000000000 2
1170 834 3 8192 2.000000000 2
1170 1078 3 8192 2.000000000 2
1174 222 3 8192 2.000000000 2
1174 546 3 8192 2.000000000 2
1174 638 3 8192 2.000000000 2
1174 694 3 8192 2.000000000 2
1174 702 3 8192 2.000000000 2
1174 826 3 8192 2.000000000 2
1174 834 3 8192 2.000000000 2
1174 1078 3 8192 2.000000000 2
1182 222 3 8192 2.000000000 2
1182 546 3 8192 2.000000000 2
1182 638 3 8192 2.000000000 2
1182 694 3 8192 2.000000000 2
1182 702 3 8192 2.000000000 2
1182 826 3 8192 2.000000000 2
1182 834 3 8192 2.000000000 2
1182 1078 3 8192 2.000000000 2
1186 222 3 8192 2.000000000 2
1186 546 3 8192 2.000000000 2
1186 638 3 8192 2.000000000 2
1186 694 3 8192 2.000000000 2
1186 702 3 8192 2.000000000 2
1186 826 3 8192 2.000000000 2
1186 834 3 8192 2.000000000 2
1186 1078 3 8192 2.000000000 2
1190 222 3 8192 2.000000000 2
1190 546 3 8192 2.000000000 2
1190 638 3 8192 2.000000000 2
1190 694 3 8192 2.000000000 2
1190 702 3 8192 2.000000000 2
1190 826 3 8192 2.000000000 2
1190 834 3 8192 2.000000000 2
1190 1078 3 8192 2.000000000 2
1194 222 3 8192 2.000000000 2
1194 546 3 8192 2.000000000 2
1194 638 3 8192 2.000000000 2
1194 694 3 8192 2.000000000 2
1194 702 3 8192 2.000000000 2
1194 826 3 8192 2.000000000 2
1194 834 3 8192 2.000000000 2
1194 1078 3 8192 2.000000000 2
1202 222 3 8192 2.000000000 2
1202 546 3 8192 2.000000000 2
1202 638 3 8192 2.000000000 2
1202 694 3 8192 2.000000000 2
1202 702 3 8192 2.000000000 2
1202 826 3 8192 2.000000000 2
1202 834 3 8192 2.000000000 2
1202 1078 3 8192 2.000000000 2
1210 222 3 8192 2.000000000 2
1210 546 3 8192 2.000000000 2
1210 638 3 8192 2.000000000 2
1210 694 3 8192 2.000000000 2
1210 702 3 8192 2.000000000 2
1210 826 3 8192 2.000000000 2
1210 834 3 8192 2.000000000 2
1210 1078 3 8192 2.000000000 2
1214 222 3 8192 2.000000000 2
1214 546 3 8192 2.000000000 2
1214 638 3 8192 2.000000000 2
1214 694 3 8192 2.000000000 2
1214 702 3 8192 2.000000000 2
1214 826 3 8192 2.000000000 2
1214 834 3 8192 2.000000000 2
1214 1078 3 8192 2.000000000 2
1218 222 3 8192 2.000000000 2
1218 546 3 8192 2.000000000 2
1218 638 3 8192 2.000000000 2
1218 694 3 8192 2.000000000 2
1218 702 3 8192 2.000000000 2
1218 826 3 8192 2.000000000 2
1218 834 3 8192 2.000000000 2
1218 1078 3 8192 2.000000000 2
1222 222 3 8192 2.000000000 2
1222 546 3 8192 2.000000000 2
1222 638 3 8192 2.000000000 2
1222 694 3 8192 2.000000000 2
1222 702 3 8192 2.000000000 2
1222 826 3 8192 2.000000000 2
1222 834 3 8192 2.000000000 2
1222 1078 3 8192 2.000000000 2
1226 222 3 8192 2.000000000 2
1226 546 3 8192 2.000000000 2
1226 638 3 8192 2.000000000 2
1226 694 3 8192 2.000000000 2
1226 702 3 8192 2.000000000 2
1226 826 3 8192 2.000000000 2
1226 834 3 8192 2.000000000 2
1226 1078 3 8192 2.000000000 2
1230 222 3 8192 2.000000000 2
1230 546 3 8192 2.000000000 2
1230 638 3 8192 2.000000000 2
1230 694 3 8192 2.000000000 2
1230 702 3 8192 2.000000000 2
1230 826 3 8192 2.000000000 2
1230 834 3 8192 2.000000000 2
1230 1078 3 8192 2.000000000 2
1234 222 3 8192 2.000000000 2
1234 546 3 8192 2.000000000 2
1234 638 3 8192 2.000000000 2
1234 694 3 8192 2.000000000 2
1234 702 3 8192 2.000000000 2
1234 826 3 8192 2.000000000 2
1234 834 3 8192 2.000000000 2
1234 1078 3 8192 2.000000000 2
1238 222 3 8192 2.000000000 2
1238 546 3 8192 2.000000000 2
1238 638 3 8192 2.000000000 2
1238 694 3 8192 2.000000000 2
1238 702 3 8192 2.000000000 2
1238 826 3 8192 2.000000000 2
1238 834 3 8192 2.000000000 2
1238 1078 3 8192 2.000000000 2
1242 222 3 8192 2.000000000 2
1242 546 3 8192 2.000000000 2
1242 638 3 8192 2.000000000 2
1242 694 3 8192 2.000000000 2
1242 702 3 8192 2.000000000 2
1242 826 3 8192 2.000000000 2
1242 834 3 8192 2.000000000 2
1242 1078 3 8192 2.000000000 2
1250 222 3 8192 2.000000000 2
1250 546 3 8192 2.000000000 2
1250 638 3 8192 2.000000000 2
1250 694 3 8192 2.000000000 2
1250 702 3 8192 2.000000000 2
1250 826 3 8192 2.000000000 2
1250 834 3 8192 2.000000000 2
1250 1078 3 8192 2.000000000 2
1254 222 3 8192 2.000000000 2
1254 546 3 8192 2.000000000 2
1254 638 3 8192 2.000000000 2
1254 694 3 8192 2.000000000 2
1254 702 3 8192 2.000000000 2
1254 826 3 8192 2.000000000 2
1254 834 3 8192 2.000000000 2
1254 1078 3 8192 2.000000000 2
1262 222 3 8192 2.000000000 2
1262 546 3 8192 2.000000000 2
1262 638 3 8192 2.000000000 2
1262 694 3 8192 2.000000000 2
1262 702 3 8192 2.000000000 2
1262 826 3 8192 2.000000000 2
1262 834 3 8192 2.000000000 2
1262 1078 3 8192 2.000000000 2
1266 222 3 8192 2.000000000 2
1266 546 3 8192 2.000000000 2
1266 638 3 8192 2.000000000 2
1266 694 3 8192 2.000000000 2
1266 702 3 8192 2.000000000 2
1266 826 3 8192 2.000000000 2
1266 834 3 8192 2.000000000 2
1266 1078 3 8192 2.000000000 2
1274 222 3 8192 2.000000000 2
1274 546 3 8192 2.000000000 2
1274 638 3 8192 2.000000000 2
1274 694 3 8192 2.000000000 2
1274 702 3 8192 2.000000000 2
1274 826 3 8192 2.000000000 2
1274 834 3 8192 2.000000000 2
1274 1078 3 8192 2.000000000 2
1278 222 3 8192 2.000000000 2
1278 546 3 8192 2.000000000 2
1278 638 3 8192 2.000000000 2
1278 694 3 8192 2.000000000 2
1278 702 3 8192 2.000000000 2
1278 826 3 8192 2.000000000 2
1278 834 3 8192 2.000000000 2
1278 1078 3 8192 2.000000000 2
3 27 3 8192 2.000000000 2
3 203 3 8192 2.000000000 2
3 263 3 8192 2.000000000 2
3 339 3 8192 2.000000000 2
3 791 3 8192 2.000000000 2
3 835 3 8192 2.000000000 2
3 1019 3 8192 2.000000000 2
3 1171 3 8192 2.000000000 2
11 27 3 8192 2.000000000 2
11 203 3 8192 2.000000000 2
11 263 3 8192 2.000000000 2
11 339 3 8192 2.000000000 2
11 791 3 8192 2.000000000 2
11 835 3 8192 2.000000000 2
11 1019 3 8192 2.000000000 2
11 1171 3 8192 2.000000000 2
15 27 3 8192 2.000000000 2
15 203 3 8192 2.000000000 2
15 263 3 8192 2.000000000 2
15 339 3 8192 2.000000000 2
15 791 3 8192 2.000000000 2
15 835 3 8192 2.000000000 2
15 1019 3 8192 2.000000000 2
15 1171 3 8192 2.000000000 2
19 27 3 8192 2.000000000 2
19 203 3 8192 2.000000000 2
19 263 3 8192 2.000000000 2
19 339 3 8192 2.000000000 2
19 791 3 8192 2.000000000 2
19 835 3 8192 2.000000000 2
19 1019 3 8192 2.000000000 2
19 1171 3 8192 2.000000000 2
27 203 3 8192 2.000000000 2
27 263 3 8192 2.000000000 2
27 339 3 8192 2.000000000 2
27 791 3 8192 2.000000000 2
27 835 3 8192 2.000000000 2
27 1019 3 8192 2.000000000 2
27 1171 3 8192 2.000000000 2
31 27 3 8192 2.000000000 2
31 203 3 8192 2.000000000 2
31 263 3 8192 2.000000000 2
31 339 3 8192 2.000000000 2
31 791 3 8192 2.000000000 2
31 835 3 8192 2.000000000 2
31 1019 3 8192 2.000000000 2
31 1171 3 8192 2.000000000 2
35 27 3 8192 2.000000000 2
35 203 3 8192 2.000000000 2
35 263 3 8192 2.000000000 2
35 339 3 8192 2.000000000 2
35 791 3 8192 2.000000000 2
35 835 3 8192 2.000000000 2
35 1019 3 8192 2.000000000 2
35 1171 3 8192 2.000000000 2
39 27 3 8192 2.000000000 2
39 203 3 8192 2.000000000 2
39 263 3 8192 2.000000000 2
39 339 3 8192 2.000000000 2
39 791 3 8192 2.000000000 2
39 835 3 8192 2.000000000 2
39 1019 3 8192 2.000000000 2
39 1171 3 8192 2.000000000 2
51 27 3 8192 2.000000000 2
51 203 3 8192 2.000000000 2
51 263 3 8192 2.000000000 2
51 339 3 8192 2.000000000 2
51 791 3 8192 2.000000000 2
51 835 3 8192 2.000000000 2
51 1019 3 8192 2.000000000 2
51 1171 3 8192 2.000000000 2
55 27 3 8192 2.000000000 2
55 203 3 8192 2.000000000 2
55 263 3 8192 2.000000000 2
55 339 3 8192 2.000000000 2
55 791 3 8192 2.000000000 2
55 835 3 8192 2.000000000 2
55 1019 3 8192 2.000000000 2
55 1171 3 8192 2.000000000 2
59 27 3 8192 2.000000000 2
59 203 3 8192 2.000000000 2
59 263 3 8192 2.000000000 2
59 339 3 8192 2.000000000 2
59 791 3 8192 2.000000000 2
59 835 3 8192 2.000000000 2
59 1019 3 8192 2.000000000 2
59 1171 3 8192 2.000000000 2
63 27 3 8192 2.000000000 2
63 203 3 8192 2.000000000 2
63 263 3 8192 2.000000000 2
63 339 3 8192 2.000000000 2
63 791 3 8192 2.000000000 2
63 835 3 8192 2.000000000 2
63 1019 3 8192 2.000000000 2
63 1171 3 8192 2.000000000 2
67 27 3 8192 2.000000000 2
67 203 3 8192 2.000000000 2
67 263 3 8192 2.000000000 2
67 339 3 8192 2.000000000 2
67 791 3 8192 2.000000000 2
67 835 3 8192 2.000000000 2
67 1019 3 8192 2.000000000 2
67 1171 3 8192 2.000000000 2
71 27 3 8192 2.000000000 2
71 203 3 8192 2.000000000 2
71 263 3 8192 2.000000000 2
71 339 3 8192 2.000000000 2
71 791 3 8192 2.000000000 2
71 835 3 8192 2.000000000 2
71 1019 3 8192 2.000000000 2
71 1171 3 8192 2.000000000 2
75 27 3 8192 2.000000000 2
75 203 3 8192 2.000000000 2
75 263 3 8192 2.000000000 2
75 339 3 8192 2.000000000 2
75 791 3 8192 2.000000000 2
75 835 3 8192 2.000000000 2
75 1019 3 8192 2.000000000 2
75 1171 3 8192 2.000000000 2
83 27 3 8192 2.000000000 2
83 203 3 8192 2.000000000 2
83 263 3 8192 2.000000000 2
83 339 3 8192 2.000000000 2
83 791 3 8192 2.000000000 2
83 835 3 8192 2.000000000 2
83 1019 3 8192 2.000000000 2
83 1171 3 8192 2.000000000 2
87 27 3 8192 2.000000000 2
87 203 3 8192 2.000000000 2
87 263 3 8192 2.000000000 2
87 339 3 8192 2.000000000 2
87 791 3 8192 2.000000000 2
87 835 3 8192 2.000000000 2
87 1019 3 8192 2.000000000 2
87 1171 3 8192 2.000000000 2
91 27 3 8192 2.000000000 2
91 203 3 8192 2.000000000 2
91 263 3 8192 2.000000000 2
91 339 3 8192 2.000000000 2
91 791 3 8192 2.000000000 2
91 835 3 8192 2.000000000 2
91 1019 3 8192 2.000000000 2
91 1171 3 8192 2.000000000 2
95 27 3 8192 2.000000000 2
95 203 3 8192 2.000000000 2
95 263 3 8192 2.000000000 2
95 339 3 8192 2.000000000 2
95 791 3 8192 2.000000000 2
95 835 3 8192 2.000000000 2
95 1019 3 8192 2.000000000 2
95 1171 3 8192 2.000000000 2
99 27 3 8192 2.000000000 2
99 203 3 8192 2.000000000 2
99 263 3 8192 2.000000000 2
99 339 3 8192 2.000000000 2
99 791 3 8192 2.000000000 2
99 835 3 8192 2.000000000 2
99 1019 3 8192 2.000000000 2
99 1171 3 8192 2.000000000 2
111 27 3 8192 2.000000000 2
111 203 3 8192 2.000000000 2
111 263 3 8192 2.000000000 2
111 339 3 8192 2.000000000 2
111 791 3 8192 2.000000000 2
111 835 3 8192 2.000000000 2
111 1019 3 8192 2.000000000 2
111 1171 3 8192 2.000000000 2
115 27 3 8192 2.000000000 2
115 203 3 8192 2.000000000 2
115 263 3 8192 2.000000000 2
115 339 3 8192 2.000000000 2
115 791 3 8192 2.000000000 2
115 835 3 8192 2.000000000 2
115 1019 3 8192 2.000000000 2
115 1171 3 8192 2.000000000 2
119 27 3 8192 2.000000000 2
119 203 3 8192 2.000000000 2
119 263 3 8192 2.000000000 2
119 339 3 8192 2.000000000 2
119 791 3 8192 2.000000000 2
119 835 3 8192 2.000000000 2
119 1019 3 8192 2.000000000 2
119 1171 3 8192 2.000000000 2
123 27 3 8192 2.000000000 2
123 203 3 8192 2.000000000 2
123 263 3 8192 2.000000000 2
123 339 3 8192 2.000000000 2
123 791 3 8192 2.000000000 2
123 835 3 8192 2.000000000 2
123 1019 3 8192 2.000000000 2
123 1171 3 8192 2.000000000 2
127 27 3 8192 2.000000000 2
127 203 3 8192 2.000000000 2
127 263 3 8192 2.000000000 2
127 339 3 8192 2.000000000 2
127 791 3 8192 2.000000000 2
127 835 3 8192 2.000000000 2
127 1019 3 8192 2.000000000 2
127 1171 3 8192 2.000000000 2
131 27 3 8192 2.000000000 2
131 203 3 8192 2.000000000 2
131 263 3 8192 2.000000000 2
131 339 3 8192 2.000000000 2
131 791 3 8192 2.000000000 2
131 835 3 8192 2.000000000 2
131 1019 3 8192 2.000000000 2
131 1171 3 8192 2.000000000 2
143 27 3 8192 2.000000000 2
143 203 3 8192 2.000000000 2
143 263 3 8192 2.000000000 2
143 339 3 8192 2.000000000 2
143 791 3 8192 2.000000000 2
143 835 3 8192 2.000000000 2
143 1019 3 8192 2.000000000 2
143 1171 3 8192 2.000000000 2
147 27 3 8192 2.000000000 2
147 203 3 8192 2.000000000 2
147 263 3 8192 2.000000000 2
147 339 3 8192 2.000000000 2
147 791 3 8192 2.000000000 2
147 835 3 8192 2.000000000 2
147 1019 3 8192 2.000000000 2
147 1171 3 8192 2.000000000 2
159 27 3 8192 2.000000000 2
159 203 3 8192 2.000000000 2
159 263 3 8192 2.000000000 2
159 339 3 8192 2.000000000 2
159 791 3 8192 2.000000000 2
159 835 3 8192 2.000000000 2
159 1019 3 8192 2.000000000 2
159 1171 3 8192 2.000000000 2
163 27 3 8192 2.000000000 2
163 203 3 8192 2.000000000 2
163 263 3 8192 2.000000000 2
163 339 3 8192 2.000000000 2
163 791 3 8192 2.000000000 2
163 835 3 8192 2.000000000 2
163 1019 3 8192 2.000000000 2
163 1171 3 8192 2.000000000 2
167 27 3 8192 2.000000000 2
167 203 3 8192 2.000000000 2
167 263 3 8192 2.000000000 2
167 339 3 8192 2.000000000 2
167 791 3 8192 2.000000000 2
167 835 3 8192 2.000000000 2
167 1019 3 8192 2.000000000 2
167 1171 3 8192 2.000000000 2
171 27 3 8192 2.000000000 2
171 203 3 8192 2.000000000 2
171 263 3 8192 2.000000000 2
171 339 3 8192 2.000000000 2
171 791 3 8192 2.000000000 2
171 835 3 8192 2.000000000 2
171 1019 3 8192 2.000000000 2
171 1171 3 8192 2.000000000 2
175 27 3 8192 2.000000000 2
175 203 3 8192 2.000000000 2
175 263 3 8192 2.000000000 2
175 339 3 8192 2.000000000 2
175 791 3 8192 2.000000000 2
175 835 3 8192 2.000000000 2
175 1019 3 8192 2.000000000 2
175 1171 3 8192 2.000000000 2
179 27 3 8192 2.000000000 2
179 203 3 8192 2.000000000 2
179 263 3 8192 2.000000000 2
179 339 3 8192 2.000000000 2
179 791 3 8192 2.000000000 2
179 835 3 8192 2.000000000 2
179 1019 3 8192 2.000000000 2
179 1171 3 8192 2.000000000 2
183 27 3 8192 2.000000000 2
183 203 3 8192 2.000000000 2
183 263 3 8192 2.000000000 2
183 339 3 8192 2.000000000 2
183 791 3 8192 2.000000000 2
183 835 3 8192 2.000000000 2
183 1019 3 8192 2.000000000 2
183 1171 3 8192 2.000000000 2
191 27 3 8192 2.000000000 2
191 203 3 8192 2.000000000 2
191 263 3 8192 2.000000000 2
191 339 3 8192 2.000000000 2
191 791 3 8192 2.000000000 2
191 835 3 8192 2.000000000 2
191 1019 3 8192 2.000000000 2
191 1171 3 8192 2.000000000 2
199 27 3 8192 2.000000000 2
199 203 3 8192 2.000000000 2
199 263 3 8192 2.000000000 2
199 339 3 8192 2.000000000 2
199 791 3 8192 2.000000000 2
199 835 3 8192 2.000000000 2
199 1019 3 8192 2.000000000 2
199 1171 3 8192 2.000000000 2
203 27 3 8192 2.000000000 2
203 263 3 8192 2.000000000 2
203 339 3 8192 2.000000000 2
203 791 3 8192 2.000000000 2
203 835 3 8192 2.000000000 2
203 1019 3 8192 2.000000000 2
203 1171 3 8192 2.000000000 2
207 27 3 8192 2.000000000 2
207 203 3 8192 2.000000000 2
207 263 3 8192 2.000000000 2
207 339 3 8192 2.000000000 2
207 791 3 8192 2.000000000 2
207 835 3 8192 2.000000000 2
207 1019 3 8192 2.000000000 2
207 1171 3 8192 2.000000000 2
211 27 3 8192 2.000000000 2
211 203 3 8192 2.000000000 2
211 263 3 8192 2.000000000 2
211 339 3 8192 2.000000000 2
211 791 3 8192 2.000000000 2
211 835 3 8192 2.000000000 2
211 1019 3 8192 2.000000000 2
211 1171 3 8192 2.000000000 2
219 27 3 8192 2.000000000 2
219 203 3 8192 2.000000000 2
219 263 3 8192 2.000000000 2
219 339 3 8192 2.000000000 2
219 791 3 8192 2.000000000 2
219 835 3 8192 2.000000000 2
219 1019 3 8192 2.000000000 2
219 1171 3 8192 2.000000000 2
223 27 3 8192 2.000000000 2
223 203 3 8192 2.000000000 2
223 263 3 8192 2.000000000 2
223 339 3 8192 2.000000000 2
223 791 3 8192 2.000000000 2
223 835 3 8192 2.000000000 2
223 1019 3 8192 2.000000000 2
223 1171 3 8192 2.000000000 2
227 27 3 8192 2.000000000 2
227 203 3 8192 2.000000000 2
227 263 3 8192 2.000000000 2
227 339 3 8192 2.000000000 2
227 791 3 8192 2.000000000 2
227 835 3 8192 2.000000000 2
227 1019 3 8192 2.000000000 2
227 1171 3 8192 2.000000000 2
231 27 3 8192 2.000000000 2
231 203 3 8192 2.000000000 2
231 263 3 8192 2.000000000 2
231 339 3 8192 2.000000000 2
231 791 3 8192 2.000000000 2
231 835 3 8192 2.000000000 2
231 1019 3 8192 2.000000000 2
231 1171 3 8192 2.000000000 2
235 27 3 8192 2.000000000 2
235 203 3 8192 2.000000000 2
235 263 3 8192 2.000000000 2
235 339 3 8192 2.000000000 2
235 791 3 8192 2.000000000 2
235 835 3 8192 2.000000000 2
235 1019 3 8192 2.000000000 2
235 1171 3 8192 2.000000000 2
239 27 3 8192 2.000000000 2
239 203 3 8192 2.000000000 2
239 263 3 8192 2.000000000 2
239 339 3 8192 2.000000000 2
239 791 3 8192 2.000000000 2
239 835 3 8192 2.000000000 2
239 1019 3 8192 2.000000000 2
239 1171 3 8192 2.000000000 2
243 27 3 8192 2.000000000 2
243 203 3 8192 2.000000000 2
243 263 3 8192 2.000000000 2
243 339 3 8192 2.000000000 2
243 791 3 8192 2.000000000 2
243 835 3 8192 2.000000000 2
243 1019 3 8192 2.000000000 2
243 1171 3 8192 2.000000000 2
247 27 3 8192 2.000000000 2
247 203 3 8192 2.000000000 2
247 263 3 8192 2.000000000 2
247 339 3 8192 2.000000000 2
247 791 3 8192 2.000000000 2
247 835 3 8192 2.000000000 2
247 1019 3 8192 2.000000000 2
247 1171 3 8192 2.000000000 2
251 27 3 8192 2.000000000 2
251 203 3 8192 2.000000000 2
251 263 3 8192 2.000000000 2
251 339 3 8192 2.000000000 2
251 791 3 8192 2.000000000 2
251 835 3 8192 2.000000000 2
251 1019 3 8192 2.000000000 2
251 1171 3 8192 2.000000000 2
255 27 3 8192 2.000000000 2
255 203 3 8192 2.000000000 2
255 263 3 8192 2.000000000 2
255 339 3 8192 2.000000000 2
255 791 3 8192 2.000000000 2
255 835 3 8192 2.000000000 2
255 1019 3 8192 2.000000000 2
255 1171 3 8192 2.000000000 2
259 27 3 8192 2.000000000 2
259 203 3 8192 2.000000000 2
259 263 3 8192 2.000000000 2
259 339 3 8192 2.000000000 2
259 791 3 8192 2.000000000 2
259 835 3 8192 2.000000000 2
259 1019 3 8192 2.000000000 2
259 1171 3 8192 2.000000000 2
263 27 3 8192 2.000000000 2
263 203 3 8192 2.000000000 2
263 339 3 8192 2.000000000 2
263 791 3 8192 2.000000000 2
263 835 3 8192 2.000000000 2
263 1019 3 8192 2.000000000 2
263 1171 3 8192 2.000000000 2
267 27 3 8192 2.000000000 2
267 203 3 8192 2.000000000 2
267 263 3 8192 2.000000000 2
267 339 3 8192 2.000000000 2
267 791 3 8192 2.000000000 2
267 835 3 8192 2.000000000 2
267 1019 3 8192 2.000000000 2
267 1171 3 8192 2.000000000 2
271 27 3 8192 2.000000000 2
271 203 3 8192 2.000000000 2
271 263 3 8192 2.000000000 2
271 339 3 8192 2.000000000 2
271 791 3 8192 2.000000000 2
271 835 3 8192 2.000000000 2
271 1019 3 8192 2.000000000 2
271 1171 3 8192 2.000000000 2
275 27 3 8192 2.000000000 2
275 203 3 8192 2.000000000 2
275 263 3 8192 2.000000000 2
275 339 3 8192 2.000000000 2
275 791 3 8192 2.000000000 2
275 835 3 8192 2.000000000 2
275 1019 3 8192 2.000000000 2
275 1171 3 8192 2.000000000 2
279 27 3 8192 2.000000000 2
279 203 3 8192 2.000000000 2
279 263 3 8192 2.000000000 2
279 339 3 8192 2.000000000 2
279 791 3 8192 2.000000000 2
279 835 3 8192 2.000000000 2
279 1019 3 8192 2.000000000 2
279 1171 3 8192 2.000000000 2
283 27 3 8192 2.000000000 2
283 203 3 8192 2.000000000 2
283 263 3 8192 2.000000000 2
283 339 3 8192 2.000000000 2
283 791 3 8192 2.000000000 2
283 835 3 8192 2.000000000 2
283 1019 3 8192 2.000000000 2
283 1171 3 8192 2.000000000 2
287 27 3 8192 2.000000000 2
287 203 3 8192 2.000000000 2
287 263 3 8192 2.000000000 2
287 339 3 8192 2.000000000 2
287 791 3 8192 2.000000000 2
287 835 3 8192 2.000000000 2
287 1019 3 8192 2.000000000 2
287 1171 3 8192 2.000000000 2
295 27 3 8192 2.000000000 2
295 203 3 8192 2.000000000 2
295 263 3 8192 2.000000000 2
295 339 3 8192 2.000000000 2
295 791 3 8192 2.000000000 2
295 835 3 8192 2.000000000 2
295 1019 3 8192 2.000000000 2
295 1171 3 8192 2.000000000 2
303 27 3 8192 2.000000000 2
303 203 3 8192 2.000000000 2
303 263 3 8192 2.000000000 2
303 339 3 8192 2.000000000 2
303 791 3 8192 2.000000000 2
303 835 3 8192 2.000000000 2
303 1019 3 8192 2.000000000 2
303 1171 3 8192 2.000000000 2
307 27 3 8192 2.000000000 2
307 203 3 8192 2.000000000 2
307 263 3 8192 2.000000000 2
307 339 3 8192 2.000000000 2
307 791 3 8192 2.000000000 2
307 835 3 8192 2.000000000 2
307 1019 3 8192 2.000000000 2
307 1171 3 8192 2.000000000 2
315 27 3 8192 2.000000000 2
315 203 3 8192 2.000000000 2
315 263 3 8192 2.000000000 2
315 339 3 8192 2.000000000 2
315 791 3 8192 2.000000000 2
315 835 3 8192 2.000000000 2
315 1019 3 8192 2.000000000 2
315 1171 3 8192 2.000000000 2
319 27 3 8192 2.000000000 2
319 203 3 8192 2.000000000 2
319 263 3 8192 2.000000000 2
319 339 3 8192 2.000000000 2
319 791 3 8192 2.000000000 2
319 835 3 8192 2.000000000 2
319 1019 3 8192 2.000000000 2
319 1171 3 8192 2.000000000 2
323 27 3 8192 2.000000000 2
323 203 3 8192 2.000000000 2
323 263 3 8192 2.000000000 2
323 339 3 8192 2.000000000 2
323 791 3 8192 2.000000000 2
323 835 3 8192 2.000000000 2
323 1019 3 8192 2.000000000 2
323 1171 3 8192 2.000000000 2
327 27 3 8192 2.000000000 2
327 203 3 8192 2.000000000 2
327 263 3 8192 2.000000000 2
327 339 3 8192 2.000000000 2
327 791 3 8192 2.000000000 2
327 835 3 8192 2.000000000 2
327 1019 3 8192 2.000000000 2
327 1171 3 8192 2.000000000 2
331 27 3 8192 2.000000000 2
331 203 3 8192 2.000000000 2
331 263 3 8192 2.000000000 2
331 339 3 8192 2.000000000 2
331 791 3 8192 2.000000000 2
331 835 3 8192 2.000000000 2
331 1019 3 8192 2.000000000 2
331 1171 3 8192 2.000000000 2
335 27 3 8192 2.000000000 2
335 203 3 8192 2.000000000 2
335 263 3 8192 2.000000000 2
335 339 3 8192 2.000000000 2
335 791 3 8192 2.000000000 2
335 835 3 8192 2.000000000 2
335 1019 3 8192 2.000000000 2
335 1171 3 8192 2.000000000 2
339 27 3 8192 2.000000000 2
339 203 3 8192 2.000000000 2
339 263 3 8192 2.000000000 2
339 791 3 8192 2.000000000 2
339 835 3 8192 2.000000000 2
339 1019 3 8192 2.000000000 2
339 1171 3 8192 2.000000000 2
343 27 3 8192 2.000000000 2
343 203 3 8192 2.000000000 2
343 263 3 8192 2.000000000 2
343 339 3 8192 2.000000000 2
343 791 3 8192 2.000000000 2
343 835 3 8192 2.000000000 2
343 1019 3 8192 2.000000000 2
343 1171 3 8192 2.000000000 2
351 27 3 8192 2.000000000 2
351 203 3 8192 2.000000000 2
351 263 3 8192 2.000000000 2
351 339 3 8192 2.000000000 2
351 791 3 8192 2.000000000 2
351 835 3 8192 2.000000000 2
351 1019 3 8192 2.000000000 2
351 1171 3 8192 2.000000000 2
363 27 3 8192 2.000000000 2
363 203 3 8192 2.000000000 2
363 263 3 8192 2.000000000 2
363 339 3 8192 2.000000000 2
363 791 3 8192 2.000000000 2
363 835 3 8192 2.000000000 2
363 1019 3 8192 2.000000000 2
363 1171 3 8192 2.000000000 2
367 27 3 8192 2.000000000 2
367 203 3 8192 2.000000000 2
367 263 3 8192 2.000000000 2
367 339 3 8192 2.000000000 2
367 791 3 8192 2.000000000 2
367 835 3 8192 2.000000000 2
367 1019 3 8192 2.000000000 2
367 1171 3 8192 2.000000000 2
371 27 3 8192 2.000000000 2
371 203 3 8192 2.000000000 2
371 263 3 8192 2.000000000 2
371 339 3 8192 2.000000000 2
371 791 3 8192 2.000000000 2
371 835 3 8192 2.000000000 2
371 1019 3 8192 2.000000000 2
371 1171 3 8192 2.000000000 2
383 27 3 8192 2.000000000 2
383 203 3 8192 2.000000000 2
383 263 3 8192 2.000000000 2
383 339 3 8192 2.000000000 2
383 791 3 8192 2.000000000 2
383 835 3 8192 2.000000000 2
383 1019 3 8192 2.000000000 2
383 1171 3 8192 2.000000000 2
391 27 3 8192 2.000000000 2
391 203 3 8192 2.000000000 2
391 263 3 8192 2.000000000 2
391 339 3 8192 2.000000000 2
391 791 3 8192 2.000000000 2
391 835 3 8192 2.000000000 2
391 1019 3 8192 2.000000000 2
391 1171 3 8192 2.000000000 2
395 27 3 8192 2.000000000 2
395 203 3 8192 2.000000000 2
395 263 3 8192 2.000000000 2
395 339 3 8192 2.000000000 2
395 791 3 8192 2.000000000 2
395 835 3 8192 2.000000000 2
395 1019 3 8192 2.000000000 2
395 1171 3 8192 2.000000000 2
407 27 3 8192 2.000000000 2
407 203 3 8192 2.000000000 2
407 263 3 8192 2.000000000 2
407 339 3 8192 2.000000000 2
407 791 3 8192 2.000000000 2
407 835 3 8192 2.000000000 2
407 1019 3 8192 2.000000000 2
407 1171 3 8192 2.000000000 2
411 27 3 8192 2.000000000 2
411 203 3 8192 2.000000000 2
411 263 3 8192 2.000000000 2
411 339 3 8192 2.000000000 2
411 791 3 8192 2.000000000 2
411 835 3 8192 2.000000000 2
411 1019 3 8192 2.000000000 2
411 1171 3 8192 2.000000000 2
419 27 3 8192 2.000000000 2
419 203 3 8192 2.000000000 2
419 263 3 8192 2.000000000 2
419 339 3 8192 2.000000000 2
419 791 3 8192 2.000000000 2
419 835 3 8192 2.000000000 2
419 1019 3 8192 2.000000000 2
419 1171 3 8192 2.000000000 2
431 27 3 8192 2.000000000 2
431 203 3 8192 2.000000000 2
431 263 3 8192 2.000000000 2
431 339 3 8192 2.000000000 2
431 791 3 8192 2.000000000 2
431 835 3 8192 2.000000000 2
431 1019 3 8192 2.000000000 2
431 1171 3 8192 2.000000000 2
435 27 3 8192 2.000000000 2
435 203 3 8192 2.000000000 2
435 263 3 8192 2.000000000 2
435 339 3 8192 2.000000000 2
435 791 3 8192 2.000000000 2
435 835 3 8192 2.000000000 2
435 1019 3 8192 2.000000000 2
435 1171 3 8192 2.000000000 2
439 27 3 8192 2.000000000 2
439 203 3 8192 2.000000000 2
439 263 3 8192 2.000000000 2
439 339 3 8192 2.000000000 2
439 791 3 8192 2.000000000 2
439 835 3 8192 2.000000000 2
439 1019 3 8192 2.000000000 2
439 1171 3 8192 2.000000000 2
443 27 3 8192 2.000000000 2
443 203 3 8192 2.000000000 2
443 263 3 8192 2.000000000 2
443 339 3 8192 2.000000000 2
443 791 3 8192 2.000000000 2
443 835 3 8192 2.000000000 2
443 1019 3 8192 2.000000000 2
443 1171 3 8192 2.000000000 2
447 27 3 8192 2.000000000 2
447 203 3 8192 2.000000000 2
447 263 3 8192 2.000000000 2
447 339 3 8192 2.000000000 2
447 791 3 8192 2.000000000 2
447 835 3 8192 2.000000000 2
447 1019 3 8192 2.000000000 2
447 1171 3 8192 2.000000000 2
451 27 3 8192 2.000000000 2
451 203 3 8192 2.000000000 2
451 263 3 8192 2.000000000 2
451 339 3 8192 2.000000000 2
451 791 3 8192 2.000000000 2
451 835 3 8192 2.000000000 2
451 1019 3 8192 2.000000000 2
451 1171 3 8192 2.000000000 2
455 27 3 8192 2.000000000 2
455 203 3 8192 2.000000000 2
455 263 3 8192 2.000000000 2
455 339 3 8192 2.000000000 2
455 791 3 8192 2.000000000 2
455 835 3 8192 2.000000000 2
455 1019 3 8192 2.000000000 2
455 1171 3 8192 2.000000000 2
459 27 3 8192 2.000000000 2
459 203 3 8192 2.000000000 2
459 263 3 8192 2.000000000 2
459 339 3 8192 2.000000000 2
459 791 3 8192 2.000000000 2
459 835 3 8192 2.000000000 2
459 1019 3 8192 2.000000000 2
459 1171 3 8192 2.000000000 2
463 27 3 8192 2.000000000 2
463 203 3 8192 2.000000000 2
463 263 3 8192 2.000000000 2
463 339 3 8192 2.000000000 2
463 791 3 8192 2.000000000 2
463 835 3 8192 2.000000000 2
463 1019 3 8192 2.000000000 2
463 1171 3 8192 2.000000000 2
467 27 3 8192 2.000000000 2
467 203 3 8192 2.000000000 2
467 263 3 8192 2.000000000 2
467 339 3 8192 2.000000000 2
467 791 3 8192 2.000000000 2
467 835 3 8192 2.000000000 2
467 1019 3 8192 2.000000000 2
467 1171 3 8192 2.000000000 2
471 27 3 8192 2.000000000 2
471 203 3 8192 2.000000000 2
471 263 3 8192 2.000000000 2
471 339 3 8192 2.000000000 2
471 791 3 8192 2.000000000 2
471 835 3 8192 2.000000000 2
471 1019 3 8192 2.000000000 2
471 1171 3 8192 2.000000000 2
475 27 3 8192 2.000000000 2
475 203 3 8192 2.000000000 2
475 263 3 8192 2.000000000 2
475 339 3 8192 2.000000000 2
475 791 3 8192 2.000000000 2
475 835 3 8192 2.000000000 2
475 1019 3 8192 2.000000000 2
475 1171 3 8192 2.000000000 2
479 27 3 8192 2.000000000 2
479 203 3 8192 2.000000000 2
479 263 3 8192 2.000000000 2
479 339 3 8192 2.000000000 2
479 791 3 8192 2.000000000 2
479 835 3 8192 2.000000000 2
479 1019 3 8192 2.000000000 2
479 1171 3 8192 2.000000000 2
487 27 3 8192 2.000000000 2
487 203 3 8192 2.000000000 2
487 263 3 8192 2.000000000 2
487 339 3 8192 2.000000000 2
487 791 3 8192 2.000000000 2
487 835 3 8192 2.000000000 2
487 1019 3 8192 2.000000000 2
487 1171 3 8192 2.000000000 2
495 27 3 8192 2.000000000 2
495 203 3 8192 2.000000000 2
495 263 3 8192 2.000000000 2
495 339 3 8192 2.000000000 2
495 791 3 8192 2.000000000 2
495 835 3 8192 2.000000000 2
495 1019 3 8192 2.000000000 2
495 1171 3 8192 2.000000000 2
499 27 3 8192 2.000000000 2
499 203 3 8192 2.000000000 2
499 263 3 8192 2.000000000 2
499 339 3 8192 2.000000000 2
499 791 3 8192 2.000000000 2
499 835 3 8192 2.000000000 2
499 1019 3 8192 2.000000000 2
499 1171 3 8192 2.000000000 2
503 27 3 8192 2.000000000 2
503 203 3 8192 2.000000000 2
503 263 3 8192 2.000000000 2
503 339 3 8192 2.000000000 2
503 791 3 8192 2.000000000 2
503 835 3 8192 2.000000000 2
503 1019 3 8192 2.000000000 2
503 1171 3 8192 2.000000000 2
507 27 3 8192 2.000000000 2
507 203 3 8192 2.000000000 2
507 263 3 8192 2.000000000 2
507 339 3 8192 2.000000000 2
507 791 3 8192 2.000000000 2
507 835 3 8192 2.000000000 2
507 1019 3 8192 2.000000000 2
507 1171 3 8192 2.000000000 2
511 27 3 8192 2.000000000 2
511 203 3 8192 2.000000000 2
511 263 3 8192 2.000000000 2
511 339 3 8192 2.000000000 2
511 791 3 8192 2.000000000 2
511 835 3 8192 2.000000000 2
511 1019 3 8192 2.000000000 2
511 1171 3 8192 2.000000000 2
515 27 3 8192 2.000000000 2
515 203 3 8192 2.000000000 2
515 263 3 8192 2.000000000 2
515 339 3 8192 2.000000000 2
515 791 3 8192 2.000000000 2
515 835 3 8192 2.000000000 2
515 1019 3 8192 2.000000000 2
515 1171 3 8192 2.000000000 2
519 27 3 8192 2.000000000 2
519 203 3 8192 2.000000000 2
519 263 3 8192 2.000000000 2
519 339 3 8192 2.000000000 2
519 791 3 8192 2.000000000 2
519 835 3 8192 2.000000000 2
519 1019 3 8192 2.000000000 2
519 1171 3 8192 2.000000000 2
523 27 3 8192 2.000000000 2
523 203 3 8192 2.000000000 2
523 263 3 8192 2.000000000 2
523 339 3 8192 2.000000000 2
523 791 3 8192 2.000000000 2
523 835 3 8192 2.000000000 2
523 1019 3 8192 2.000000000 2
523 1171 3 8192 2.000000000 2
527 27 3 8192 2.000000000 2
527 203 3 8192 2.000000000 2
527 263 3 8192 2.000000000 2
527 339 3 8192 2.000000000 2
527 791 3 8192 2.000000000 2
527 835 3 8192 2.000000000 2
527 1019 3 8192 2.000000000 2
527 1171 3 8192 2.000000000 2
539 27 3 8192 2.000000000 2
539 203 3 8192 2.000000000 2
539 263 3 8192 2.000000000 2
539 339 3 8192 2.000000000 2
539 791 3 8192 2.000000000 2
539 835 3 8192 2.000000000 2
539 1019 3 8192 2.000000000 2
539 1171 3 8192 2.000000000 2
543 27 3 8192 2.000000000 2
543 203 3 8192 2.000000000 2
543 263 3 8192 2.000000000 2
543 339 3 8192 2.000000000 2
543 791 3 8192 2.000000000 2
543 835 3 8192 2.000000000 2
543 1019 3 8192 2.000000000 2
543 1171 3 8192 2.000000000 2
547 27 3 8192 2.000000000 2
547 203 3 8192 2.000000000 2
547 263 3 8192 2.000000000 2
547 339 3 8192 2.000000000 2
547 791 3 8192 2.000000000 2
547 835 3 8192 2.000000000 2
547 1019 3 8192 2.000000000 2
547 1171 3 8192 2.000000000 2
551 27 3 8192 2.000000000 2
551 203 3 8192 2.000000000 2
551 263 3 8192 2.000000000 2
551 339 3 8192 2.000000000 2
551 791 3 8192 2.000000000 2
551 835 3 8192 2.000000000 2
551 1019 3 8192 2.000000000 2
551 1171 3 8192 2.000000000 2
555 27 3 8192 2.000000000 2
555 203 3 8192 2.000000000 2
555 263 3 8192 2.000000000 2
555 339 3 8192 2.000000000 2
555 791 3 8192 2.000000000 2
555 835 3 8192 2.000000000 2
555 1019 3 8192 2.000000000 2
555 1171 3 8192 2.000000000 2
563 27 3 8192 2.000000000 2
563 203 3 8192 2.000000000 2
563 263 3 8192 2.000000000 2
563 339 3 8192 2.000000000 2
563 791 3 8192 2.000000000 2
563 835 3 8192 2.000000000 2
563 1019 3 8192 2.000000000 2
563 1171 3 8192 2.000000000 2
567 27 3 8192 2.000000000 2
567 203 3 8192 2.000000000 2
567 263 3 8192 2.000000000 2
567 339 3 8192 2.000000000 2
567 791 3 8192 2.000000000 2
567 835 3 8192 2.000000000 2
567 1019 3 8192 2.000000000 2
567 1171 3 8192 2.000000000 2
571 27 3 8192 2.000000000 2
571 203 3 8192 2.000000000 2
571 263 3 8192 2.000000000 2
571 339 3 8192 2.000000000 2
571 791 3 8192 2.000000000 2
571 835 3 8192 2.000000000 2
571 1019 3 8192 2.000000000 2
571 1171 3 8192 2.000000000 2
575 27 3 8192 2.000000000 2
575 203 3 8192 2.000000000 2
575 263 3 8192 2.000000000 2
575 339 3 8192 2.000000000 2
575 791 3 8192 2.000000000 2
575 835 3 8192 2.000000000 2
575 1019 3 8192 2.000000000 2
575 1171 3 8192 2.000000000 2
579 27 3 8192 2.000000000 2
579 203 3 8192 2.000000000 2
579 263 3 8192 2.000000000 2
579 339 3 8192 2.000000000 2
579 791 3 8192 2.000000000 2
579 835 3 8192 2.000000000 2
579 1019 3 8192 2.000000000 2
579 1171 3 8192 2.000000000 2
583 27 3 8192 2.000000000 2
583 203 3 8192 2.000000000 2
583 263 3 8192 2.000000000 2
583 339 3 8192 2.000000000 2
583 791 3 8192 2.000000000 2
583 835 3 8192 2.000000000 2
583 1019 3 8192 2.000000000 2
583 1171 3 8192 2.000000000 2
591 27 3 8192 2.000000000 2
591 203 3 8192 2.000000000 2
591 263 3 8192 2.000000000 2
591 339 3 8192 2.000000000 2
591 791 3 8192 2.000000000 2
591 835 3 8192 2.000000000 2
591 1019 3 8192 2.000000000 2
591 1171 3 8192 2.000000000 2
595 27 3 8192 2.000000000 2
595 203 3 8192 2.000000000 2
595 263 3 8192 2.000000000 2
595 339 3 8192 2.000000000 2
595 791 3 8192 2.000000000 2
595 835 3 8192 2.000000000 2
595 1019 3 8192 2.000000000 2
595 1171 3 8192 2.000000000 2
599 27 3 8192 2.000000000 2
599 203 3 8192 2.000000000 2
599 263 3 8192 2.000000000 2
599 339 3 8192 2.000000000 2
599 791 3 8192 2.000000000 2
599 835 3 8192 2.000000000 2
599 1019 3 8192 2.000000000 2
599 1171 3 8192 2.000000000 2
603 27 3 8192 2.000000000 2
603 203 3 8192 2.000000000 2
603 263 3 8192 2.000000000 2
603 339 3 8192 2.000000000 2
603 791 3 8192 2.000000000 2
603 835 3 8192 2.000000000 2
603 1019 3 8192 2.000000000 2
603 1171 3 8192 2.000000000 2
611 27 3 8192 2.000000000 2
611 203 3 8192 2.000000000 2
611 263 3 8192 2.000000000 2
611 339 3 8192 2.000000000 2
611 791 3 8192 2.000000000 2
611 835 3 8192 2.000000000 2
611 1019 3 8192 2.000000000 2
611 1171 3 8192 2.000000000 2
615 27 3 8192 2.000000000 2
615 203 3 8192 2.000000000 2
615 263 3 8192 2.000000000 2
615 339 3 8192 2.000000000 2
615 791 3 8192 2.000000000 2
615 835 3 8192 2.000000000 2
615 1019 3 8192 2.000000000 2
615 1171 3 8192 2.000000000 2
623 27 3 8192 2.000000000 2
623 203 3 8192 2.000000000 2
623 263 3 8192 2.000000000 2
623 339 3 8192 2.000000000 2
623 791 3 8192 2.000000000 2
623 835 3 8192 2.000000000 2
623 1019 3 8192 2.000000000 2
623 1171 3 8192 2.000000000 2
627 27 3 8192 2.000000000 2
627 203 3 8192 2.000000000 2
627 263 3 8192 2.000000000 2
627 339 3 8192 2.000000000 2
627 791 3 8192 2.000000000 2
627 835 3 8192 2.000000000 2
627 1019 3 8192 2.000000000 2
627 1171 3 8192 2.000000000 2
635 27 3 8192 2.000000000 2
635 203 3 8192 2.000000000 2
635 263 3 8192 2.000000000 2
635 339 3 8192 2.000000000 2
635 791 3 8192 2.000000000 2
635 835 3 8192 2.000000000 2
635 1019 3 8192 2.000000000 2
635 1171 3 8192 2.000000000 2
639 27 3 8192 2.000000000 2
639 203 3 8192 2.000000000 2
639 263 3 8192 2.000000000 2
639 339 3 8192 2.000000000 2
639 791 3 8192 2.000000000 2
639 835 3 8192 2.000000000 2
639 1019 3 8192 2.000000000 2
639 1171 3 8192 2.000000000 2
643 27 3 8192 2.000000000 2
643 203 3 8192 2.000000000 2
643 263 3 8192 2.000000000 2
643 339 3 8192 2.000000000 2
643 791 3 8192 2.000000000 2
643 835 3 8192 2.000000000 2
643 1019 3 8192 2.000000000 2
643 1171 3 8192 2.000000000 2
647 27 3 8192 2.000000000 2
647 203 3 8192 2.000000000 2
647 263 3 8192 2.000000000 2
647 339 3 8192 2.000000000 2
647 791 3 8192 2.000000000 2
647 835 3 8192 2.000000000 2
647 1019 3 8192 2.000000000 2
647 1171 3 8192 2.000000000 2
651 27 3 8192 2.000000000 2
651 203 3 8192 2.000000000 2
651 263 3 8192 2.000000000 2
651 339 3 8192 2.000000000 2
651 791 3 8192 2.000000000 2
651 835 3 8192 2.000000000 2
651 1019 3 8192 2.000000000 2
651 1171 3 8192 2.000000000 2
655 27 3 8192 2.000000000 2
655 203 3 8192 2.000000000 2
655 263 3 8192 2.000000000 2
655 339 3 8192 2.000000000 2
655 791 3 8192 2.000000000 2
655 835 3 8192 2.000000000 2
655 1019 3 8192 2.000000000 2
655 1171 3 8192 2.000000000 2
659 27 3 8192 2.000000000 2
659 203 3 8192 2.000000000 2
659 263 3 8192 2.000000000 2
659 339 3 8192 2.000000000 2
659 791 3 8192 2.000000000 2
659 835 3 8192 2.000000000 2
659 1019 3 8192 2.000000000 2
659 1171 3 8192 2.000000000 2
663 27 3 8192 2.000000000 2
663 203 3 8192 2.000000000 2
663 263 3 8192 2.000000000 2
663 339 3 8192 2.000000000 2
663 791 3 8192 2.000000000 2
663 835 3 8192 2.000000000 2
663 1019 3 8192 2.000000000 2
663 1171 3 8192 2.000000000 2
671 27 3 8192 2.000000000 2
671 203 3 8192 2.000000000 2
671 263 3 8192 2.000000000 2
671 339 3 8192 2.000000000 2
671 791 3 8192 2.000000000 2
671 835 3 8192 2.000000000 2
671 1019 3 8192 2.000000000 2
671 1171 3 8192 2.000000000 2
675 27 3 8192 2.000000000 2
675 203 3 8192 2.000000000 2
675 263 3 8192 2.000000000 2
675 339 3 8192 2.000000000 2
675 791 3 8192 2.000000000 2
675 835 3 8192 2.000000000 2
675 1019 3 8192 2.000000000 2
675 1171 3 8192 2.000000000 2
679 27 3 8192 2.000000000 2
679 203 3 8192 2.000000000 2
679 263 3 8192 2.000000000 2
679 339 3 8192 2.000000000 2
679 791 3 8192 2.000000000 2
679 835 3 8192 2.000000000 2
679 1019 3 8192 2.000000000 2
679 1171 3 8192 2.000000000 2
691 27 3 8192 2.000000000 2
691 203 3 8192 2.000000000 2
691 263 3 8192 2.000000000 2
691 339 3 8192 2.000000000 2
691 791 3 8192 2.000000000 2
691 835 3 8192 2.000000000 2
691 1019 3 8192 2.000000000 2
691 1171 3 8192 2.000000000 2
695 27 3 8192 2.000000000 2
695 203 3 8192 2.000000000 2
695 263 3 8192 2.000000000 2
695 339 3 8192 2.000000000 2
695 791 3 8192 2.000000000 2
695 835 3 8192 2.000000000 2
695 1019 3 8192 2.000000000 2
695 1171 3 8192 2.000000000 2
699 27 3 8192 2.000000000 2
699 203 3 8192 2.000000000 2
699 263 3 8192 2.000000000 2
699 339 3 8192 2.000000000 2
699 791 3 8192 2.000000000 2
699 835 3 8192 2.000000000 2
699 1019 3 8192 2.000000000 2
699 1171 3 8192 2.000000000 2
703 27 3 8192 2.000000000 2
703 203 3 8192 2.000000000 2
703 263 3 8192 2.000000000 2
703 339 3 8192 2.000000000 2
703 791 3 8192 2.000000000 2
703 835 3 8192 2.000000000 2
703 1019 3 8192 2.000000000 2
703 1171 3 8192 2.000000000 2
707 27 3 8192 2.000000000 2
707 203 3 8192 2.000000000 2
707 263 3 8192 2.000000000 2
707 339 3 8192 2.000000000 2
707 791 3 8192 2.000000000 2
707 835 3 8192 2.000000000 2
707 1019 3 8192 2.000000000 2
707 1171 3 8192 2.000000000 2
715 27 3 8192 2.000000000 2
715 203 3 8192 2.000000000 2
715 263 3 8192 2.000000000 2
715 339 3 8192 2.000000000 2
715 791 3 8192 2.000000000 2
715 835 3 8192 2.000000000 2
715 1019 3 8192 2.000000000 2
715 1171 3 8192 2.000000000 2
719 27 3 8192 2.000000000 2
719 203 3 8192 2.000000000 2
719 263 3 8192 2.000000000 2
719 339 3 8192 2.000000000 2
719 791 3 8192 2.000000000 2
719 835 3 8192 2.000000000 2
719 1019 3 8192 2.000000000 2
719 1171 3 8192 2.000000000 2
727 27 3 8192 2.000000000 2
727 203 3 8192 2.000000000 2
727 263 3 8192 2.000000000 2
727 339 3 8192 2.000000000 2
727 791 3 8192 2.000000000 2
727 835 3 8192 2.000000000 2
727 1019 3 8192 2.000000000 2
727 1171 3 8192 2.000000000 2
735 27 3 8192 2.000000000 2
735 203 3 8192 2.000000000 2
735 263 3 8192 2.000000000 2
735 339 3 8192 2.000000000 2
735 791 3 8192 2.000000000 2
735 835 3 8192 2.000000000 2
735 1019 3 8192 2.000000000 2
735 1171 3 8192 2.000000000 2
739 27 3 8192 2.000000000 2
739 203 3 8192 2.000000000 2
739 263 3 8192 2.000000000 2
739 339 3 8192 2.000000000 2
739 791 3 8192 2.000000000 2
739 835 3 8192 2.000000000 2
739 1019 3 8192 2.000000000 2
739 1171 3 8192 2.000000000 2
743 27 3 8192 2.000000000 2
743 203 3 8192 2.000000000 2
743 263 3 8192 2.000000000 2
743 339 3 8192 2.000000000 2
743 791 3 8192 2.000000000 2
743 835 3 8192 2.000000000 2
743 1019 3 8192 2.000000000 2
743 1171 3 8192 2.000000000 2
747 27 3 8192 2.000000000 2
747 203 3 8192 2.000000000 2
747 263 3 8192 2.000000000 2
747 339 3 8192 2.000000000 2
747 791 3 8192 2.000000000 2
747 835 3 8192 2.000000000 2
747 1019 3 8192 2.000000000 2
747 1171 3 8192 2.000000000 2
751 27 3 8192 2.000000000 2
751 203 3 8192 2.000000000 2
751 263 3 8192 2.000000000 2
751 339 3 8192 2.000000000 2
751 791 3 8192 2.000000000 2
751 835 3 8192 2.000000000 2
751 1019 3 8192 2.000000000 2
751 1171 3 8192 2.000000000 2
755 27 3 8192 2.000000000 2
755 203 3 8192 2.000000000 2
755 263 3 8192 2.000000000 2
755 339 3 8192 2.000000000 2
755 791 3 8192 2.000000000 2
755 835 3 8192 2.000000000 2
755 1019 3 8192 2.000000000 2
755 1171 3 8192 2.000000000 2
759 27 3 8192 2.000000000 2
759 203 3 8192 2.000000000 2
759 263 3 8192 2.000000000 2
759 339 3 8192 2.000000000 2
759 791 3 8192 2.000000000 2
759 835 3 8192 2.000000000 2
759 1019 3 8192 2.000000000 2
759 1171 3 8192 2.000000000 2
763 27 3 8192 2.000000000 2
763 203 3 8192 2.000000000 2
763 263 3 8192 2.000000000 2
763 339 3 8192 2.000000000 2
763 791 3 8192 2.000000000 2
763 835 3 8192 2.000000000 2
763 1019 3 8192 2.000000000 2
763 1171 3 8192 2.000000000 2
767 27 3 8192 2.000000000 2
767 203 3 8192 2.000000000 2
767 263 3 8192 2.000000000 2
767 339 3 8192 2.000000000 2
767 791 3 8192 2.000000000 2
767 835 3 8192 2.000000000 2
767 1019 3 8192 2.000000000 2
767 1171 3 8192 2.000000000 2
775 27 3 8192 2.000000000 2
775 203 3 8192 2.000000000 2
775 263 3 8192 2.000000000 2
775 339 3 8192 2.000000000 2
775 791 3 8192 2.000000000 2
775 835 3 8192 2.000000000 2
775 1019 3 8192 2.000000000 2
775 1171 3 8192 2.000000000 2
779 27 3 8192 2.000000000 2
779 203 3 8192 2.000000000 2
779 263 3 8192 2.000000000 2
779 339 3 8192 2.000000000 2
779 791 3 8192 2.000000000 2
779 835 3 8192 2.000000000 2
779 1019 3 8192 2.000000000 2
779 1171 3 8192 2.000000000 2
783 27 3 8192 2.000000000 2
783 203 3 8192 2.000000000 2
783 263 3 8192 2.000000000 2
783 339 3 8192 2.000000000 2
783 791 3 8192 2.000000000 2
783 835 3 8192 2.000000000 2
783 1019 3 8192 2.000000000 2
783 1171 3 8192 2.000000000 2
787 27 3 8192 2.000000000 2
787 203 3 8192 2.000000000 2
787 263 3 8192 2.000000000 2
787 339 3 8192 2.000000000 2
787 791 3 8192 2.000000000 2
787 835 3 8192 2.000000000 2
787 1019 3 8192 2.000000000 2
787 1171 3 8192 2.000000000 2
791 27 3 8192 2.000000000 2
791 203 3 8192 2.000000000 2
791 263 3 8192 2.000000000 2
791 339 3 8192 2.000000000 2
791 835 3 8192 2.000000000 2
791 1019 3 8192 2.000000000 2
791 1171 3 8192 2.000000000 2
795 27 3 8192 2.000000000 2
795 203 3 8192 2.000000000 2
795 263 3 8192 2.000000000 2
795 339 3 8192 2.000000000 2
795 791 3 8192 2.000000000 2
795 835 3 8192 2.000000000 2
795 1019 3 8192 2.000000000 2
795 1171 3 8192 2.000000000 2
807 27 3 8192 2.000000000 2
807 203 3 8192 2.000000000 2
807 263 3 8192 2.000000000 2
807 339 3 8192 2.000000000 2
807 791 3 8192 2.000000000 2
807 835 3 8192 2.000000000 2
807 1019 3 8192 2.000000000 2
807 1171 3 8192 2.000000000 2
811 27 3 8192 2.000000000 2
811 203 3 8192 2.000000000 2
811 263 3 8192 2.000000000 2
811 339 3 8192 2.000000000 2
811 791 3 8192 2.000000000 2
811 835 3 8192 2.000000000 2
811 1019 3 8192 2.000000000 2
811 1171 3 8192 2.000000000 2
815 27 3 8192 2.000000000 2
815 203 3 8192 2.000000000 2
815 263 3 8192 2.000000000 2
815 339 3 8192 2.000000000 2
815 791 3 8192 2.000000000 2
815 835 3 8192 2.000000000 2
815 1019 3 8192 2.000000000 2
815 1171 3 8192 2.000000000 2
819 27 3 8192 2.000000000 2
819 203 3 8192 2.000000000 2
819 263 3 8192 2.000000000 2
819 339 3 8192 2.000000000 2
819 791 3 8192 2.000000000 2
819 835 3 8192 2.000000000 2
819 1019 3 8192 2.000000000 2
819 1171 3 8192 2.000000000 2
823 27 3 8192 2.000000000 2
823 203 3 8192 2.000000000 2
823 263 3 8192 2.000000000 2
823 339 3 8192 2.000000000 2
823 791 3 8192 2.000000000 2
823 835 3 8192 2.000000000 2
823 1019 3 8192 2.000000000 2
823 1171 3 8192 2.000000000 2
827 27 3 8192 2.000000000 2
827 203 3 8192 2.000000000 2
827 263 3 8192 2.000000000 2
827 339 3 8192 2.000000000 2
827 791 3 8192 2.000000000 2
827 835 3 8192 2.000000000 2
827 1019 3 8192 2.000000000 2
827 1171 3 8192 2.000000000 2
835 27 3 8192 2.000000000 2
835 203 3 8192 2.000000000 2
835 263 3 8192 2.000000000 2
835 339 3 8192 2.000000000 2
835 791 3 8192 2.000000000 2
835 1019 3 8192 2.000000000 2
835 1171 3 8192 2.000000000 2
839 27 3 8192 2.000000000 2
839 203 3 8192 2.000000000 2
839 263 3 8192 2.000000000 2
839 339 3 8192 2.000000000 2
839 791 3 8192 2.000000000 2
839 835 3 8192 2.000000000 2
839 1019 3 8192 2.000000000 2
839 1171 3 8192 2.000000000 2
843 27 3 8192 2.000000000 2
843 203 3 8192 2.000000000 2
843 263 3 8192 2.000000000 2
843 339 3 8192 2.000000000 2
843 791 3 8192 2.000000000 2
843 835 3 8192 2.000000000 2
843 1019 3 8192 2.000000000 2
843 1171 3 8192 2.000000000 2
847 27 3 8192 2.000000000 2
847 203 3 8192 2.000000000 2
847 263 3 8192 2.000000000 2
847 339 3 8192 2.000000000 2
847 791 3 8192 2.000000000 2
847 835 3 8192 2.000000000 2
847 1019 3 8192 2.000000000 2
847 1171 3 8192 2.000000000 2
851 27 3 8192 2.000000000 2
851 203 3 8192 2.000000000 2
851 263 3 8192 2.000000000 2
851 339 3 8192 2.000000000 2
851 791 3 8192 2.000000000 2
851 835 3 8192 2.000000000 2
851 1019 3 8192 2.000000000 2
851 1171 3 8192 2.000000000 2
855 27 3 8192 2.000000000 2
855 203 3 8192 2.000000000 2
855 263 3 8192 2.000000000 2
855 339 3 8192 2.000000000 2
855 791 3 8192 2.000000000 2
855 835 3 8192 2.000000000 2
855 1019 3 8192 2.000000000 2
855 1171 3 8192 2.000000000 2
859 27 3 8192 2.000000000 2
859 203 3 8192 2.000000000 2
859 263 3 8192 2.000000000 2
859 339 3 8192 2.000000000 2
859 791 3 8192 2.000000000 2
859 835 3 8192 2.000000000 2
859 1019 3 8192 2.000000000 2
859 1171 3 8192 2.000000000 2
863 27 3 8192 2.000000000 2
863 203 3 8192 2.000000000 2
863 263 3 8192 2.000000000 2
863 339 3 8192 2.000000000 2
863 791 3 8192 2.000000000 2
863 835 3 8192 2.000000000 2
863 1019 3 8192 2.000000000 2
863 1171 3 8192 2.000000000 2
867 27 3 8192 2.000000000 2
867 203 3 8192 2.000000000 2
867 263 3 8192 2.000000000 2
867 339 3 8192 2.000000000 2
867 791 3 8192 2.000000000 2
867 835 3 8192 2.000000000 2
867 1019 3 8192 2.000000000 2
867 1171 3 8192 2.000000000 2
871 27 3 8192 2.000000000 2
871 203 3 8192 2.000000000 2
871 263 3 8192 2.000000000 2
871 339 3 8192 2.000000000 2
871 791 3 8192 2.000000000 2
871 835 3 8192 2.000000000 2
871 1019 3 8192 2.000000000 2
871 1171 3 8192 2.000000000 2
875 27 3 8192 2.000000000 2
875 203 3 8192 2.000000000 2
875 263 3 8192 2.000000000 2
875 339 3 8192 2.000000000 2
875 791 3 8192 2.000000000 2
875 835 3 8192 2.000000000 2
875 1019 3 8192 2.000000000 2
875 1171 3 8192 2.000000000 2
879 27 3 8192 2.000000000 2
879 203 3 8192 2.000000000 2
879 263 3 8192 2.000000000 2
879 339 3 8192 2.000000000 2
879 791 3 8192 2.000000000 2
879 835 3 8192 2.000000000 2
879 1019 3 8192 2.000000000 2
879 1171 3 8192 2.000000000 2
883 27 3 8192 2.000000000 2
883 203 3 8192 2.000000000 2
883 263 3 8192 2.000000000 2
883 339 3 8192 2.000000000 2
883 791 3 8192 2.000000000 2
883 835 3 8192 2.000000000 2
883 1019 3 8192 2.000000000 2
883 1171 3 8192 2.000000000 2
887 27 3 8192 2.000000000 2
887 203 3 8192 2.000000000 2
887 263 3 8192 2.000000000 2
887 339 3 8192 2.000000000 2
887 791 3 8192 2.000000000 2
887 835 3 8192 2.000000000 2
887 1019 3 8192 2.000000000 2
887 1171 3 8192 2.000000000 2
891 27 3 8192 2.000000000 2
891 203 3 8192 2.000000000 2
891 263 3 8192 2.000000000 2
891 339 3 8192 2.000000000 2
891 791 3 8192 2.000000000 2
891 835 3 8192 2.000000000 2
891 1019 3 8192 2.000000000 2
891 1171 3 8192 2.000000000 2
895 27 3 8192 2.000000000 2
895 203 3 8192 2.000000000 2
895 263 3 8192 2.000000000 2
895 339 3 8192 2.000000000 2
895 791 3 8192 2.000000000 2
895 835 3 8192 2.000000000 2
895 1019 3 8192 2.000000000 2
895 1171 3 8192 2.000000000 2
899 27 3 8192 2.000000000 2
899 203 3 8192 2.000000000 2
899 263 3 8192 2.000000000 2
899 339 3 8192 2.000000000 2
899 791 3 8192 2.000000000 2
899 835 3 8192 2.000000000 2
899 1019 3 8192 2.000000000 2
899 1171 3 8192 2.000000000 2
903 27 3 8192 2.000000000 2
903 203 3 8192 2.000000000 2
903 263 3 8192 2.000000000 2
903 339 3 8192 2.000000000 2
903 791 3 8192 2.000000000 2
903 835 3 8192 2.000000000 2
903 1019 3 8192 2.000000000 2
903 1171 3 8192 2.000000000 2
907 27 3 8192 2.000000000 2
907 203 3 8192 2.000000000 2
907 263 3 8192 2.000000000 2
907 339 3 8192 2.000000000 2
907 791 3 8192 2.000000000 2
907 835 3 8192 2.000000000 2
907 1019 3 8192 2.000000000 2
907 1171 3 8192 2.000000000 2
919 27 3 8192 2.000000000 2
919 203 3 8192 2.000000000 2
919 263 3 8192 2.000000000 2
919 339 3 8192 2.000000000 2
919 791 3 8192 2.000000000 2
919 835 3 8192 2.000000000 2
919 1019 3 8192 2.000000000 2
919 1171 3 8192 2.000000000 2
923 27 3 8192 2.000000000 2
923 203 3 8192 2.000000000 2
923 263 3 8192 2.000000000 2
923 339 3 8192 2.000000000 2
923 791 3 8192 2.000000000 2
923 835 3 8192 2.000000000 2
923 1019 3 8192 2.000000000 2
923 1171 3 8192 2.000000000 2
927 27 3 8192 2.000000000 2
927 203 3 8192 2.000000000 2
927 263 3 8192 2.000000000 2
927 339 3 8192 2.000000000 2
927 791 3 8192 2.000000000 2
927 835 3 8192 2.000000000 2
927 1019 3 8192 2.000000000 2
927 1171 3 8192 2.000000000 2
931 27 3 8192 2.000000000 2
931 203 3 8192 2.000000000 2
931 263 3 8192 2.000000000 2
931 339 3 8192 2.000000000 2
931 791 3 8192 2.000000000 2
931 835 3 8192 2.000000000 2
931 1019 3 8192 2.000000000 2
931 1171 3 8192 2.000000000 2
935 27 3 8192 2.000000000 2
935 203 3 8192 2.000000000 2
935 263 3 8192 2.000000000 2
935 339 3 8192 2.000000000 2
935 791 3 8192 2.000000000 2
935 835 3 8192 2.000000000 2
935 1019 3 8192 2.000000000 2
935 1171 3 8192 2.000000000 2
939 27 3 8192 2.000000000 2
939 203 3 8192 2.000000000 2
939 263 3 8192 2.000000000 2
939 339 3 8192 2.000000000 2
939 791 3 8192 2.000000000 2
939 835 3 8192 2.000000000 2
939 1019 3 8192 2.000000000 2
939 1171 3 8192 2.000000000 2
943 27 3 8192 2.000000000 2
943 203 3 8192 2.000000000 2
943 263 3 8192 2.000000000 2
943 339 3 8192 2.000000000 2
943 791 3 8192 2.000000000 2
943 835 3 8192 2.000000000 2
943 1019 3 8192 2.000000000 2
943 1171 3 8192 2.000000000 2
947 27 3 8192 2.000000000 2
947 203 3 8192 2.000000000 2
947 263 3 8192 2.000000000 2
947 339 3 8192 2.000000000 2
947 791 3 8192 2.000000000 2
947 835 3 8192 2.000000000 2
947 1019 3 8192 2.000000000 2
947 1171 3 8192 2.000000000 2
951 27 3 8192 2.000000000 2
951 203 3 8192 2.000000000 2
951 263 3 8192 2.000000000 2
951 339 3 8192 2.000000000 2
951 791 3 8192 2.000000000 2
951 835 3 8192 2.000000000 2
951 1019 3 8192 2.000000000 2
951 1171 3 8192 2.000000000 2
955 27 3 8192 2.000000000 2
955 203 3 8192 2.000000000 2
955 263 3 8192 2.000000000 2
955 339 3 8192 2.000000000 2
955 791 3 8192 2.000000000 2
955 835 3 8192 2.000000000 2
955 1019 3 8192 2.000000000 2
955 1171 3 8192 2.000000000 2
959 27 3 8192 2.000000000 2
959 203 3 8192 2.000000000 2
959 263 3 8192 2.000000000 2
959 339 3 8192 2.000000000 2
959 791 3 8192 2.000000000 2
959 835 3 8192 2.000000000 2
959 1019 3 8192 2.000000000 2
959 1171 3 8192 2.000000000 2
963 27 3 8192 2.000000000 2
963 203 3 8192 2.000000000 2
963 263 3 8192 2.000000000 2
963 339 3 8192 2.000000000 2
963 791 3 8192 2.000000000 2
963 835 3 8192 2.000000000 2
963 1019 3 8192 2.000000000 2
963 1171 3 8192 2.000000000 2
967 27 3 8192 2.000000000 2
967 203 3 8192 2.000000000 2
967 263 3 8192 2.000000000 2
967 339 3 8192 2.000000000 2
967 791 3 8192 2.000000000 2
967 835 3 8192 2.000000000 2
967 1019 3 8192 2.000000000 2
967 1171 3 8192 2.000000000 2
971 27 3 8192 2.000000000 2
971 203 3 8192 2.000000000 2
971 263 3 8192 2.000000000 2
971 339 3 8192 2.000000000 2
971 791 3 8192 2.000000000 2
971 835 3 8192 2.000000000 2
971 1019 3 8192 2.000000000 2
971 1171 3 8192 2.000000000 2
975 27 3 8192 2.000000000 2
975 203 3 8192 2.000000000 2
975 263 3 8192 2.000000000 2
975 339 3 8192 2.000000000 2
975 791 3 8192 2.000000000 2
975 835 3 8192 2.000000000 2
975 1019 3 8192 2.000000000 2
975 1171 3 8192 2.000000000 2
979 27 3 8192 2.000000000 2
979 203 3 8192 2.000000000 2
979 263 3 8192 2.000000000 2
979 339 3 8192 2.000000000 2
979 791 3 8192 2.000000000 2
979 835 3 8192 2.000000000 2
979 1019 3 8192 2.000000000 2
979 1171 3 8192 2.000000000 2
983 27 3 8192 2.000000000 2
983 203 3 8192 2.000000000 2
983 263 3 8192 2.000000000 2
983 339 3 8192 2.000000000 2
983 791 3 8192 2.000000000 2
983 835 3 8192 2.000000000 2
983 1019 3 8192 2.000000000 2
983 1171 3 8192 2.000000000 2
987 27 3 8192 2.000000000 2
987 203 3 8192 2.000000000 2
987 263 3 8192 2.000000000 2
987 339 3 8192 2.000000000 2
987 791 3 8192 2.000000000 2
987 835 3 8192 2.000000000 2
987 1019 3 8192 2.000000000 2
987 1171 3 8192 2.000000000 2
991 27 3 8192 2.000000000 2
991 203 3 8192 2.000000000 2
991 263 3 8192 2.000000000 2
991 339 3 8192 2.000000000 2
991 791 3 8192 2.000000000 2
991 835 3 8192 2.000000000 2
991 1019 3 8192 2.000000000 2
991 1171 3 8192 2.000000000 2
995 27 3 8192 2.000000000 2
995 203 3 8192 2.000000000 2
995 263 3 8192 2.000000000 2
995 339 3 8192 2.000000000 2
995 791 3 8192 2.000000000 2
995 835 3 8192 2.000000000 2
995 1019 3 8192 2.000000000 2
995 1171 3 8192 2.000000000 2
999 27 3 8192 2.000000000 2
999 203 3 8192 2.000000000 2
999 263 3 8192 2.000000000 2
999 339 3 8192 2.000000000 2
999 791 3 8192 2.000000000 2
999 835 3 8192 2.000000000 2
999 1019 3 8192 2.000000000 2
999 1171 3 8192 2.000000000 2
1011 27 3 8192 2.000000000 2
1011 203 3 8192 2.000000000 2
1011 263 3 8192 2.000000000 2
1011 339 3 8192 2.000000000 2
1011 791 3 8192 2.000000000 2
1011 835 3 8192 2.000000000 2
1011 1019 3 8192 2.000000000 2
1011 1171 3 8192 2.000000000 2
1019 27 3 8192 2.000000000 2
1019 203 3 8192 2.000000000 2
1019 263 3 8192 2.000000000 2
1019 339 3 8192 2.000000000 2
1019 791 3 8192 2.000000000 2
1019 835 3 8192 2.000000000 2
1019 1171 3 8192 2.000000000 2
1023 27 3 8192 2.000000000 2
1023 203 3 8192 2.000000000 2
1023 263 3 8192 2.000000000 2
1023 339 3 8192 2.000000000 2
1023 791 3 8192 2.000000000 2
1023 835 3 8192 2.000000000 2
1023 1019 3 8192 2.000000000 2
1023 1171 3 8192 2.000000000 2
1035 27 3 8192 2.000000000 2
1035 203 3 8192 2.000000000 2
1035 263 3 8192 2.000000000 2
1035 339 3 8192 2.000000000 2
1035 791 3 8192 2.000000000 2
1035 835 3 8192 2.000000000 2
1035 1019 3 8192 2.000000000 2
1035 1171 3 8192 2.000000000 2
1039 27 3 8192 2.000000000 2
1039 203 3 8192 2.000000000 2
1039 263 3 8192 2.000000000 2
1039 339 3 8192 2.000000000 2
1039 791 3 8192 2.000000000 2
1039 835 3 8192 2.000000000 2
1039 1019 3 8192 2.000000000 2
1039 1171 3 8192 2.000000000 2
1043 27 3 8192 2.000000000 2
1043 203 3 8192 2.000000000 2
1043 263 3 8192 2.000000000 2
1043 339 3 8192 2.000000000 2
1043 791 3 8192 2.000000000 2
1043 835 3 8192 2.000000000 2
1043 1019 3 8192 2.000000000 2
1043 1171 3 8192 2.000000000 2
1047 27 3 8192 2.000000000 2
1047 203 3 8192 2.000000000 2
1047 263 3 8192 2.000000000 2
1047 339 3 8192 2.000000000 2
1047 791 3 8192 2.000000000 2
1047 835 3 8192 2.000000000 2
1047 1019 3 8192 2.000000000 2
1047 1171 3 8192 2.000000000 2
1051 27 3 8192 2.000000000 2
1051 203 3 8192 2.000000000 2
1051 263 3 8192 2.000000000 2
1051 339 3 8192 2.000000000 2
1051 791 3 8192 2.000000000 2
1051 835 3 8192 2.000000000 2
1051 1019 3 8192 2.000000000 2
1051 1171 3 8192 2.000000000 2
1059 27 3 8192 2.000000000 2
1059 203 3 8192 2.000000000 2
1059 263 3 8192 2.000000000 2
1059 339 3 8192 2.000000000 2
1059 791 3 8192 2.000000000 2
1059 835 3 8192 2.000000000 2
1059 1019 3 8192 2.000000000 2
1059 1171 3 8192 2.000000000 2
1063 27 3 8192 2.000000000 2
1063 203 3 8192 2.000000000 2
1063 263 3 8192 2.000000000 2
1063 339 3 8192 2.000000000 2
1063 791 3 8192 2.000000000 2
1063 835 3 8192 2.000000000 2
1063 1019 3 8192 2.000000000 2
1063 1171 3 8192 2.000000000 2
1067 27 3 8192 2.000000000 2
1067 203 3 8192 2.000000000 2
1067 263 3 8192 2.000000000 2
1067 339 3 8192 2.000000000 2
1067 791 3 8192 2.000000000 2
1067 835 3 8192 2.000000000 2
1067 1019 3 8192 2.000000000 2
1067 1171 3 8192 2.000000000 2
1071 27 3 8192 2.000000000 2
1071 203 3 8192 2.000000000 2
1071 263 3 8192 2.000000000 2
1071 339 3 8192 2.000000000 2
1071 791 3 8192 2.000000000 2
1071 835 3 8192 2.000000000 2
1071 1019 3 8192 2.000000000 2
1071 1171 3 8192 2.000000000 2
1075 27 3 8192 2.000000000 2
1075 203 3 8192 2.000000000 2
1075 263 3 8192 2.000000000 2
1075 339 3 8192 2.000000000 2
1075 791 3 8192 2.000000000 2
1075 835 3 8192 2.000000000 2
1075 1019 3 8192 2.000000000 2
1075 1171 3 8192 2.000000000 2
1079 27 3 8192 2.000000000 2
1079 203 3 8192 2.000000000 2
1079 263 3 8192 2.000000000 2
1079 339 3 8192 2.000000000 2
1079 791 3 8192 2.000000000 2
1079 835 3 8192 2.000000000 2
1079 1019 3 8192 2.000000000 2
1079 1171 3 8192 2.000000000 2
1083 27 3 8192 2.000000000 2
1083 203 3 8192 2.000000000 2
1083 263 3 8192 2.000000000 2
1083 339 3 8192 2.000000000 2
1083 791 3 8192 2.000000000 2
1083 835 3 8192 2.000000000 2
1083 1019 3 8192 2.000000000 2
1083 1171 3 8192 2.000000000 2
1087 27 3 8192 2.000000000 2
1087 203 3 8192 2.000000000 2
1087 263 3 8192 2.000000000 2
1087 339 3 8192 2.000000000 2
1087 791 3 8192 2.000000000 2
1087 835 3 8192 2.000000000 2
1087 1019 3 8192 2.000000000 2
1087 1171 3 8192 2.000000000 2
1091 27 3 8192 2.000000000 2
1091 203 3 8192 2.000000000 2
1091 263 3 8192 2.000000000 2
1091 339 3 8192 2.000000000 2
1091 791 3 8192 2.000000000 2
1091 835 3 8192 2.000000000 2
1091 1019 3 8192 2.000000000 2
1091 1171 3 8192 2.000000000 2
1099 27 3 8192 2.000000000 2
1099 203 3 8192 2.000000000 2
1099 263 3 8192 2.000000000 2
1099 339 3 8192 2.000000000 2
1099 791 3 8192 2.000000000 2
1099 835 3 8192 2.000000000 2
1099 1019 3 8192 2.000000000 2
1099 1171 3 8192 2.000000000 2
1107 27 3 8192 2.000000000 2
1107 203 3 8192 2.000000000 2
1107 263 3 8192 2.000000000 2
1107 339 3 8192 2.000000000 2
1107 791 3 8192 2.000000000 2
1107 835 3 8192 2.000000000 2
1107 1019 3 8192 2.000000000 2
1107 1171 3 8192 2.000000000 2
1111 27 3 8192 2.000000000 2
1111 203 3 8192 2.000000000 2
1111 263 3 8192 2.000000000 2
1111 339 3 8192 2.000000000 2
1111 791 3 8192 2.000000000 2
1111 835 3 8192 2.000000000 2
1111 1019 3 8192 2.000000000 2
1111 1171 3 8192 2.000000000 2
1115 27 3 8192 2.000000000 2
1115 203 3 8192 2.000000000 2
1115 263 3 8192 2.000000000 2
1115 339 3 8192 2.000000000 2
1115 791 3 8192 2.000000000 2
1115 835 3 8192 2.000000000 2
1115 1019 3 8192 2.000000000 2
1115 1171 3 8192 2.000000000 2
1119 27 3 8192 2.000000000 2
1119 203 3 8192 2.000000000 2
1119 263 3 8192 2.000000000 2
1119 339 3 8192 2.000000000 2
1119 791 3 8192 2.000000000 2
1119 835 3 8192 2.000000000 2
1119 1019 3 8192 2.000000000 2
1119 1171 3 8192 2.000000000 2
1123 27 3 8192 2.000000000 2
1123 203 3 8192 2.000000000 2
1123 263 3 8192 2.000000000 2
1123 339 3 8192 2.000000000 2
1123 791 3 8192 2.000000000 2
1123 835 3 8192 2.000000000 2
1123 1019 3 8192 2.000000000 2
1123 1171 3 8192 2.000000000 2
1127 27 3 8192 2.000000000 2
1127 203 3 8192 2.000000000 2
1127 263 3 8192 2.000000000 2
1127 339 3 8192 2.000000000 2
1127 791 3 8192 2.000000000 2
1127 835 3 8192 2.000000000 2
1127 1019 3 8192 2.000000000 2
1127 1171 3 8192 2.000000000 2
1131 27 3 8192 2.000000000 2
1131 203 3 8192 2.000000000 2
1131 263 3 8192 2.000000000 2
1131 339 3 8192 2.000000000 2
1131 791 3 8192 2.000000000 2
1131 835 3 8192 2.000000000 2
1131 1019 3 8192 2.000000000 2
1131 1171 3 8192 2.000000000 2
1139 27 3 8192 2.000000000 2
1139 203 3 8192 2.000000000 2
1139 263 3 8192 2.000000000 2
1139 339 3 8192 2.000000000 2
1139 791 3 8192 2.000000000 2
1139 835 3 8192 2.000000000 2
1139 1019 3 8192 2.000000000 2
1139 1171 3 8192 2.000000000 2
1143 27 3 8192 2.000000000 2
1143 203 3 8192 2.000000000 2
1143 263 3 8192 2.000000000 2
1143 339 3 8192 2.000000000 2
1143 791 3 8192 2.000000000 2
1143 835 3 8192 2.000000000 2
1143 1019 3 8192 2.000000000 2
1143 1171 3 8192 2.000000000 2
1147 27 3 8192 2.000000000 2
1147 203 3 8192 2.000000000 2
1147 263 3 8192 2.000000000 2
1147 339 3 8192 2.000000000 2
1147 791 3 8192 2.000000000 2
1147 835 3 8192 2.000000000 2
1147 1019 3 8192 2.000000000 2
1147 1171 3 8192 2.000000000 2
1151 27 3 8192 2.000000000 2
1151 203 3 8192 2.000000000 2
1151 263 3 8192 2.000000000 2
1151 339 3 8192 2.000000000 2
1151 791 3 8192 2.000000000 2
1151 835 3 8192 2.000000000 2
1151 1019 3 8192 2.000000000 2
1151 1171 3 8192 2.000000000 2
1155 27 3 8192 2.000000000 2
1155 203 3 8192 2.000000000 2
1155 263 3 8192 2.000000000 2
1155 339 3 8192 2.000000000 2
1155 791 3 8192 2.000000000 2
1155 835 3 8192 2.000000000 2
1155 1019 3 8192 2.000000000 2
1155 1171 3 8192 2.000000000 2
1159 27 3 8192 2.000000000 2
1159 203 3 8192 2.000000000 2
1159 263 3 8192 2.000000000 2
1159 339 3 8192 2.000000000 2
1159 791 3 8192 2.000000000 2
1159 835 3 8192 2.000000000 2
1159 1019 3 8192 2.000000000 2
1159 1171 3 8192 2.000000000 2
1163 27 3 8192 2.000000000 2
1163 203 3 8192 2.000000000 2
1163 263 3 8192 2.000000000 2
1163 339 3 8192 2.000000000 2
1163 791 3 8192 2.000000000 2
1163 835 3 8192 2.000000000 2
1163 1019 3 8192 2.000000000 2
1163 1171 3 8192 2.000000000 2
1167 27 3 8192 2.000000000 2
1167 203 3 8192 2.000000000 2
1167 263 3 8192 2.000000000 2
1167 339 3 8192 2.000000000 2
1167 791 3 8192 2.000000000 2
1167 835 3 8192 2.000000000 2
1167 1019 3 8192 2.000000000 2
1167 1171 3 8192 2.000000000 2
1171 27 3 8192 2.000000000 2
1171 203 3 8192 2.000000000 2
1171 263 3 8192 2.000000000 2
1171 339 3 8192 2.000000000 2
1171 791 3 8192 2.000000000 2
1171 835 3 8192 2.000000000 2
1171 1019 3 8192 2.000000000 2
1175 27 3 8192 2.000000000 2
1175 203 3 8192 2.000000000 2
1175 263 3 8192 2.000000000 2
1175 339 3 8192 2.000000000 2
1175 791 3 8192 2.000000000 2
1175 835 3 8192 2.000000000 2
1175 1019 3 8192 2.000000000 2
1175 1171 3 8192 2.000000000 2
1183 27 3 8192 2.000000000 2
1183 203 3 8192 2.000000000 2
1183 263 3 8192 2.000000000 2
1183 339 3 8192 2.000000000 2
1183 791 3 8192 2.000000000 2
1183 835 3 8192 2.000000000 2
1183 1019 3 8192 2.000000000 2
1183 1171 3 8192 2.000000000 2
1187 27 3 8192 2.000000000 2
1187 203 3 8192 2.000000000 2
1187 263 3 8192 2.000000000 2
1187 339 3 8192 2.000000000 2
1187 791 3 8192 2.000000000 2
1187 835 3 8192 2.000000000 2
1187 1019 3 8192 2.000000000 2
1187 1171 3 8192 2.000000000 2
1191 27 3 8192 2.000000000 2
1191 203 3 8192 2.000000000 2
1191 263 3 8192 2.000000000 2
1191 339 3 8192 2.000000000 2
1191 791 3 8192 2.000000000 2
1191 835 3 8192 2.000000000 2
1191 1019 3 8192 2.000000000 2
1191 1171 3 8192 2.000000000 2
1195 27 3 8192 2.000000000 2
1195 203 3 8192 2.000000000 2
1195 263 3 8192 2.000000000 2
1195 339 3 8192 2.000000000 2
1195 791 3 8192 2.000000000 2
1195 835 3 8192 2.000000000 2
1195 1019 3 8192 2.000000000 2
1195 1171 3 8192 2.000000000 2
1203 27 3 8192 2.000000000 2
1203 203 3 8192 2.000000000 2
1203 263 3 8192 2.000000000 2
1203 339 3 8192 2.000000000 2
1203 791 3 8192 2.000000000 2
1203 835 3 8192 2.000000000 2
1203 1019 3 8192 2.000000000 2
1203 1171 3 8192 2.000000000 2
1211 27 3 8192 2.000000000 2
1211 203 3 8192 2.000000000 2
1211 263 3 8192 2.000000000 2
1211 339 3 8192 2.000000000 2
1211 791 3 8192 2.000000000 2
1211 835 3 8192 2.000000000 2
1211 1019 3 8192 2.000000000 2
1211 1171 3 8192 2.000000000 2
1215 27 3 8192 2.000000000 2
1215 203 3 8192 2.000000000 2
1215 263 3 8192 2.000000000 2
1215 339 3 8192 2.000000000 2
1215 791 3 8192 2.000000000 2
1215 835 3 8192 2.000000000 2
1215 1019 3 8192 2.000000000 2
1215 1171 3 8192 2.000000000 2
1219 27 3 8192 2.000000000 2
1219 203 3 8192 2.000000000 2
1219 263 3 8192 2.000000000 2
1219 339 3 8192 2.000000000 2
1219 791 3 8192 2.000000000 2
1219 835 3 8192 2.000000000 2
1219 1019 3 8192 2.000000000 2
1219 1171 3 8192 2.000000000 2
1223 27 3 8192 2.000000000 2
1223 203 3 8192 2.000000000 2
1223 263 3 8192 2.000000000 2
1223 339 3 8192 2.000000000 2
1223 791 3 8192 2.000000000 2
1223 835 3 8192 2.000000000 2
1223 1019 3 8192 2.000000000 2
1223 1171 3 8192 2.000000000 2
1227 27 3 8192 2.000000000 2
1227 203 3 8192 2.000000000 2
1227 263 3 8192 2.000000000 2
1227 339 3 8192 2.000000000 2
1227 791 3 8192 2.000000000 2
1227 835 3 8192 2.000000000 2
1227 1019 3 8192 2.000000000 2
1227 1171 3 8192 2.000000000 2
1231 27 3 8192 2.000000000 2
1231 203 3 8192 2.000000000 2
1231 263 3 8192 2.000000000 2
1231 339 3 8192 2.000000000 2
1231 791 3 8192 2.000000000 2
1231 835 3 8192 2.000000000 2
1231 1019 3 8192 2.000000000 2
1231 1171 3 8192 2.000000000 2
1235 27 3 8192 2.000000000 2
1235 203 3 8192 2.000000000 2
1235 263 3 8192 2.000000000 2
1235 339 3 8192 2.000000000 2
1235 791 3 8192 2.000000000 2
1235 835 3 8192 2.000000000 2
1235 1019 3 8192 2.000000000 2
1235 1171 3 8192 2.000000000 2
1239 27 3 8192 2.000000000 2
1239 203 3 8192 2.000000000 2
1239 263 3 8192 2.000000000 2
1239 339 3 8192 2.000000000 2
1239 791 3 8192 2.000000000 2
1239 835 3 8192 2.000000000 2
1239 1019 3 8192 2.000000000 2
1239 1171 3 8192 2.000000000 2
1243 27 3 8192 2.000000000 2
1243 203 3 8192 2.000000000 2
1243 263 3 8192 2.000000000 2
1243 339 3 8192 2.000000000 2
1243 791 3 8192 2.000000000 2
1243 835 3 8192 2.000000000 2
1243 1019 3 8192 2.000000000 2
1243 1171 3 8192 2.000000000 2
1251 27 3 8192 2.000000000 2
1251 203 3 8192 2.000000000 2
1251 263 3 8192 2.000000000 2
1251 339 3 8192 2.000000000 2
1251 791 3 8192 2.000000000 2
1251 835 3 8192 2.000000000 2
1251 1019 3 8192 2.000000000 2
1251 1171 3 8192 2.000000000 2
1255 27 3 8192 2.000000000 2
1255 203 3 8192 2.000000000 2
1255 263 3 8192 2.000000000 2
1255 339 3 8192 2.000000000 2
1255 791 3 8192 2.000000000 2
1255 835 3 8192 2.000000000 2
1255 1019 3 8192 2.000000000 2
1255 1171 3 8192 2.000000000 2
1263 27 3 8192 2.000000000 2
1263 203 3 8192 2.000000000 2
1263 263 3 8192 2.000000000 2
1263 339 3 8192 2.000000000 2
1263 791 3 8192 2.000000000 2
1263 835 3 8192 2.000000000 2
1263 1019 3 8192 2.000000000 2
1263 1171 3 8192 2.000000000 2
1267 27 3 8192 2.000000000 2
1267 203 3 8192 2.000000000 2
1267 263 3 8192 2.000000000 2
1267 339 3 8192 2.000000000 2
1267 791 3 8192 2.000000000 2
1267 835 3 8192 2.000000000 2
1267 1019 3 8192 2.000000000 2
1267 1171 3 8192 2.000000000 2
1275 27 3 8192 2.000000000 2
1275 203 3 8192 2.000000000 2
1275 263 3 8192 2.000000000 2
1275 339 3 8192 2.000000000 2
1275 791 3 8192 2.000000000 2
1275 835 3 8192 2.000000000 2
1275 1019 3 8192 2.000000000 2
1275 1171 3 8192 2.000000000 2
1279 27 3 8192 2.000000000 2
1279 203 3 8192 2.000000000 2
1279 263 3 8192 2.000000000 2
1279 339 3 8192 2.000000000 2
1279 791 3 8192 2.000000000 2
1279 835 3 8192 2.000000000 2
1279 1019 3 8192 2.000000000 2
1279 1171 3 8192 2.000000000 2
