8 6 10000 100 7143 0 0
91 90 10000 100 4625 0 0
56 51 10000 100 7550 0 0
100 7 10000 100 3664 0 0
20 80 10000 100 1687 0 0
84 73 10000 100 6995 0 0
12 50 10000 100 6695 0 0
15 37 10000 100 13284 0 0
71 58 10000 100 1643 0 0
20 106 10001 100 3805 0 0
35 100 10000 100 6836 0 0
119 25 10000 100 12258 0 0
57 17 10000 100 11969 0 0
80 48 10000 100 801 0 0
104 8 10000 100 3864 0 0
73 123 10000 100 4731 0 0
117 70 10000 100 8934 0 0
4 14 10001 100 7886 0 0
35 88 10001 100 7054 0 0
122 120 10000 100 4449 0 0
72 113 10000 100 92 0 0
112 101 10000 100 3654 0 0
1 69 10000 100 4032 0 0
127 23 10000 100 7239 0 0
120 85 10000 100 7913 0 0
48 67 10000 100 6098 0 0
45 90 10000 101 5910 0 0
31 73 10000 101 42252 0 0
119 90 10001 102 592 0 0
84 69 10001 101 5272 0 0
65 35 10000 101 5188 0 0
8 35 10001 100 10506 0 0
89 83 10001 100 6474 0 0
95 11 10000 100 5703 0 0
124 19 10000 100 4934 0 0
54 92 10000 100 5812 0 0
84 42 10002 100 9744 0 0
125 75 10000 100 3428 0 0
3 35 10000 102 6486 0 0
58 88 10000 101 20878 0 0
23 84 10000 100 5583 0 0
88 74 10000 100 3526 0 0
94 60 10000 100 19665 0 0
18 68 10000 101 2324 0 0
74 4 10001 100 2157 0 0
74 104 10000 101 7520 0 0
20 101 10002 101 4795 0 0
102 111 10000 100 5728 0 0
97 90 10000 103 4476 0 0
96 50 10000 101 4691 0 0
106 1 10001 100 6993 0 0
65 98 10001 100 7601 0 0
76 9 10000 100 320 0 0
104 32 10001 101 4255 0 0
53 99 10000 100 60930 0 0
118 19 10000 101 4720 0 0
89 68 10000 100 12382 0 0
25 4 10000 101 7447 0 0
99 61 10000 100 7890 0 0
104 38 10002 100 6459 0 0
71 75 10002 101 4959 0 0
66 90 10000 104 2395 0 0
29 122 10000 100 5413 0 0
62 26 10001 100 5670 0 0
110 12 10003 100 5829 0 0
45 98 10001 101 5543 0 0
39 26 10000 101 4165 0 0
25 80 10001 101 28 0 0
59 97 10000 100 6520 0 0
60 20 10000 101 10442 0 0
54 27 10001 100 2573 0 0
120 42 10001 101 2932 0 0
116 50 10000 102 12604 0 0
79 36 10000 100 14689 0 0
17 78 10001 100 1671 0 0
84 79 10003 100 13489 0 0
113 5 10000 100 1532 0 0
44 10 10000 100 5291 0 0
6 29 10000 100 6207 0 0
80 81 10001 101 7931 0 0
17 90 10002 105 4279 0 0
71 60 10001 101 21654 0 0
35 73 10002 102 5004 0 0
82 66 10000 100 2180 0 0
8 96 10002 100 1091 0 0
127 60 10001 102 4279 0 0
59 88 10001 102 7101 0 0
61 11 10000 101 11111 0 0
34 39 10001 100 5754 0 0
40 98 10000 102 14856 0 0
42 100 10000 101 4580 0 0
4 92 10002 101 4216 0 0
81 88 10001 103 16777 0 0
62 20 10000 100 62150 0 0
118 58 10001 101 14166 0 0
64 62 10000 100 4394 0 0
37 32 10000 102 29314 0 0
49 15 10000 100 7749 0 0
50 61 10001 101 488 0 0
25 63 10002 100 7174 0 0
123 26 10000 102 4288 0 0
119 70 10002 102 2041 0 0
120 127 10002 100 13898 0 0
100 44 10001 100 6222 0 0
77 63 10000 101 2944 0 0
45 95 10002 100 1805 0 0
27 57 10000 100 12689 0 0
50 89 10000 100 933 0 0
66 7 10001 101 10556 0 0
20 98 10003 103 31319 0 0
122 66 10001 101 12704 0 0
22 109 10000 100 3091 0 0
35 74 10003 101 4215 0 0
110 32 10001 100 38554 0 0
81 43 10000 100 4304 0 0
47 85 10000 101 4195 0 0
102 97 10001 101 4801 0 0
76 86 10002 100 9430 0 0
26 62 10000 101 29042 0 0
110 49 10002 100 40585 0 0
14 2 10000 101 655 0 0
115 101 10000 102 5411 0 0
35 55 10004 100 6460 0 0
34 17 10000 101 4432 0 0
39 54 10001 100 6758 0 0
64 78 10002 101 4846 0 0
112 75 10001 102 6677 0 0
112 53 10002 100 5250 0 0
3 67 10002 101 12424 0 0
80 123 10002 101 178 0 0
39 106 10002 101 1182 0 0
117 105 10001 100 5230 0 0
118 31 10002 100 24304 0 0
68 82 10000 101 7211 0 0
74 23 10002 101 1974 0 0
30 31 10002 101 7887 0 0
99 86 10002 101 4483 0 0
107 20 10000 102 3107 0 0
124 90 10001 106 2001 0 0
11 104 10000 102 4762 0 0
24 59 10000 100 4669 0 0
38 10 10000 101 2508 0 0
24 113 10001 102 4385 0 0
9 0 10000 100 6807 0 0
84 44 10004 101 8468 0 0
108 98 10000 104 8691 0 0
68 90 10001 107 4146 0 0
30 106 10001 102 897 0 0
70 73 10000 103 6243 0 0
105 113 10001 103 6969 0 0
66 60 10002 103 7022 0 0
114 101 10000 103 13446 0 0
99 70 10003 103 6946 0 0
84 22 10005 100 6619 0 0
28 82 10000 100 40680 0 0
117 39 10002 101 6525 0 0
79 19 10002 102 5932 0 0
127 121 10003 100 6933 0 0
101 124 10000 100 4066 0 0
37 32 10001 104 6505 0 0
90 28 10000 100 7988 0 0
61 18 10001 100 8482 0 0
118 46 10003 100 10197 0 0
41 25 10001 101 6872 0 0
3 64 10001 100 72770 0 0
110 103 10004 100 4176 0 0
115 75 10001 103 5031 0 0
116 99 10001 101 2762 0 0
30 34 10000 100 23328 0 0
73 109 10001 101 25167 0 0
60 32 10001 103 7652 0 0
21 26 10001 105 30647 0 0
46 86 10000 102 2885 0 0
115 50 10002 103 7699 0 0
53 109 10001 102 13891 0 0
0 109 10000 103 1366 0 0
44 91 10002 100 7381 0 0
106 104 10000 100 240963 0 0
63 92 10000 102 70669 0 0
82 38 10001 101 7939 0 0
60 35 10002 103 4670 0 0
123 21 10001 100 5477 0 0
85 92 10000 103 2685 0 0
44 88 10001 104 4903 0 0
79 73 10003 106 18432 0 0
10 88 10000 105 14930 0 0
22 13 10001 100 6432 0 0
41 80 10002 102 2038 0 0
29 120 10001 101 25501 0 0
39 70 10003 104 5624 0 0
28 33 10001 100 1280 0 0
39 57 10004 101 1382 0 0
80 99 10004 102 4025 0 0
25 8 10003 102 21152 0 0
34 78 10002 102 6238 0 0
6 45 10001 100 13922 0 0
102 73 10002 104 5787 0 0
10 120 10001 102 6830 0 0
7 26 10000 104 25318 0 0
46 40 10001 100 3217 0 0
36 124 10001 102 6507 0 0
43 50 10000 104 19740 0 0
89 18 10003 101 5916 0 0
12 88 10001 106 2996 0 0
107 21 10001 101 9104 0 0
45 39 10003 102 90093 0 0
121 37 10000 101 19623 0 0
9 24 10001 100 20385 0 0
19 89 10000 101 12776 0 0
24 36 10002 101 86659 0 0
97 21 10001 102 1831 0 0
126 13 10000 101 5610 0 0
68 101 10002 104 7387 0 0
80 45 10003 101 25255 0 0
10 60 10002 104 6025 0 0
107 25 10002 102 3885 0 0
65 58 10002 102 7003 0 0
123 77 10002 101 6913 0 0
58 5 10001 101 7612 0 0
20 33 10005 101 4190 0 0
69 116 10001 100 18902 0 0
105 34 10002 101 6783 0 0
104 46 10003 101 1502 0 0
61 73 10002 105 4880 0 0
28 89 10002 102 1760 0 0
124 53 10002 103 5302 0 0
114 30 10001 100 11147 0 0
69 119 10002 100 4118 0 0
7 67 10001 102 7347 0 0
51 72 10000 100 365 0 0
86 115 10000 100 1292 0 0
14 34 10001 102 6379 0 0
121 96 10001 101 6489 0 0
60 17 10003 102 23120 0 0
49 113 10001 104 6272 0 0
19 97 10001 102 4636 0 0
53 107 10002 100 13293 0 0
31 79 10001 101 4597 0 0
61 85 10003 102 443 0 0
59 106 10003 103 21694 0 0
40 105 10001 101 24466 0 0
41 26 10000 103 125167 0 0
55 48 10001 103 4964 0 0
105 100 10003 105 4613 0 0
41 98 10003 105 6598 0 0
112 31 10003 103 14299 0 0
23 95 10001 103 5178 0 0
15 55 10001 101 6650 0 0
47 101 10001 105 8041 0 0
17 51 10004 102 5068 0 0
89 53 10002 102 104228 0 0
18 48 10001 102 7662 0 0
52 95 10000 101 105611 0 0
27 63 10001 103 12478 0 0
96 41 10001 100 80635 0 0
22 78 10002 103 6585 0 0
109 27 10001 101 1461 0 0
82 92 10002 105 23676 0 0
68 63 10003 104 2534 0 0
77 52 10001 101 2616 0 0
32 52 10001 100 7407 0 0
121 35 10002 104 1956 0 0
33 92 10000 104 4770 0 0
28 0 10003 102 6942 0 0
102 3 10003 100 2093 0 0
38 126 10001 101 10722 0 0
113 122 10003 101 337 0 0
110 107 10006 101 2579 0 0
55 22 10000 101 5081 0 0
118 74 10004 103 5724 0 0
48 47 10001 100 3519 0 0
9 119 10002 101 10418 0 0
23 115 10002 102 6123 0 0
126 61 10001 103 4466 0 0
116 65 10002 100 5177 0 0
17 115 10005 101 9639 0 0
42 34 10001 104 4570 0 0
72 67 10001 105 1986 0 0
43 67 10001 103 7692 0 0
62 19 10002 103 28739 0 0
47 99 10002 103 2310 0 0
111 34 10000 103 7672 0 0
10 127 10004 101 1380 0 0
88 108 10002 100 7767 0 0
119 111 10003 101 4289 0 0
113 5 10002 102 787 0 0
78 21 10000 104 3512 0 0
50 96 10002 102 5726 0 0
23 64 10003 101 3969 0 0
126 93 10002 101 4096 0 0
66 77 10003 103 5239 0 0
63 19 10001 104 2257 0 0
119 25 10004 103 3874 0 0
44 62 10003 102 7274 0 0
94 123 10001 103 6068 0 0
10 21 10003 103 26151 0 0
127 28 10004 101 3156 0 0
117 116 10004 103 6049 0 0
101 102 10001 101 11966 0 0
100 12 10004 101 5587 0 0
76 33 10004 102 2827 0 0
2 109 10000 104 4441 0 0
126 122 10003 102 11819 0 0
105 36 10004 104 3983 0 0
117 82 10003 102 23747 0 0
54 51 10002 104 6089 0 0
110 89 10005 103 12445 0 0
100 0 10003 101 91868 0 0
32 110 10000 100 28587 0 0
31 25 10002 104 45483 0 0
45 117 10005 100 5343 0 0
122 72 10002 101 7348 0 0
88 110 10001 101 35506 0 0
1 109 10001 105 21030 0 0
111 80 10001 103 5959 0 0
7 117 10002 101 4226 0 0
98 15 10002 101 2969 0 0
119 70 10005 105 5700 0 0
55 54 10002 101 12794 0 0
95 31 10001 104 1697 0 0
56 73 10001 107 5464 0 0
27 35 10002 105 60 0 0
84 53 10006 104 57410 0 0
60 49 10004 101 3126 0 0
96 10 10002 102 6716 0 0
45 103 10006 101 7161 0 0
10 116 10005 102 1427 0 0
126 123 10004 104 3678 0 0
17 7 10006 102 7408 0 0
4 68 10003 102 4322 0 0
64 111 10003 102 4276 0 0
15 65 10002 101 4333 0 0
77 68 10003 104 4436 0 0
62 15 10004 102 16915 0 0
127 40 10005 101 22805 0 0
40 93 10002 102 6263 0 0
9 111 10003 104 1964 0 0
77 30 10002 101 53796 0 0
10 92 10006 106 6079 0 0
62 74 10003 104 10733 0 0
98 3 10003 101 6577 0 0
3 15 10003 104 13519 0 0
63 72 10002 102 5138 0 0
52 16 10001 100 31841 0 0
68 101 10004 106 6647 0 0
63 4 10003 102 5901 0 0
15 106 10003 104 7528 0 0
6 5 10003 103 6683 0 0
57 23 10001 102 7651 0 0
20 48 10006 104 929 0 0
65 95 10003 104 5839 0 0
42 109 10002 106 1095 0 0
123 79 10003 102 13274 0 0
16 26 10003 106 5565 0 0
45 100 10007 106 1819 0 0
121 76 10003 100 93411 0 0
16 35 10002 106 2395 0 0
90 111 10001 103 10133 0 0
86 59 10001 101 5519 0 0
33 42 10001 104 7877 0 0
80 1 10005 101 8943 0 0
48 115 10002 103 7236 0 0
74 44 10003 102 1653 0 0
5 14 10000 102 7578 0 0
99 51 10004 103 29894 0 0
88 112 10003 100 16451 0 0
69 108 10003 101 7906 0 0
89 12 10004 102 14241 0 0
83 116 10000 101 82705 0 0
113 47 10004 101 2403 0 0
19 48 10002 105 5234 0 0
94 113 10002 105 8853 0 0
81 69 10002 102 4513 0 0
44 42 10004 103 69813 0 0
43 23 10002 103 5459 0 0
11 96 10002 103 7475 0 0
69 19 10004 105 5129 0 0
88 61 10004 104 1575 0 0
127 71 10006 100 3786 0 0
90 101 10002 107 5114 0 0
44 126 10005 102 6418 0 0
127 48 10007 106 5427 0 0
66 33 10004 103 686 0 0
10 37 10007 102 463 0 0
116 49 10004 102 5238 0 0
20 73 10007 108 7105 0 0
78 64 10002 102 2847 0 0
127 28 10008 102 12976 0 0
85 34 10002 105 13340 0 0
33 47 10003 102 10088 0 0
70 41 10001 101 26903 0 0
119 82 10006 103 86901 0 0
123 102 10004 102 6749 0 0
89 14 10005 101 7296 0 0
35 10 10005 103 5161 0 0
4 94 10005 101 3310 0 0
15 16 10004 101 14079 0 0
78 111 10001 106 4105 0 0
63 126 10004 103 6695 0 0
124 42 10004 105 4718 0 0
97 107 10002 102 5257 0 0
121 63 10004 105 1434 0 0
101 67 10002 106 7166 0 0
21 8 10003 104 2882 0 0
56 84 10002 101 7345 0 0
2 113 10001 106 4014 0 0
26 38 10004 102 21425 0 0
41 66 10004 102 4481 0 0
26 35 10005 107 4870 0 0
29 124 10005 103 6123 0 0
6 118 10004 101 6403 0 0
34 2 10003 102 15366 0 0
37 97 10002 103 7868 0 0
50 93 10003 103 17802 0 0
49 103 10002 102 15905 0 0
30 55 10004 104 938 0 0
15 81 10005 102 3144 0 0
7 52 10003 102 13412 0 0
111 24 10002 101 1948 0 0
56 61 10004 105 2884 0 0
96 17 10004 103 5729 0 0
86 121 10002 101 18643 0 0
40 85 10003 103 7031 0 0
75 96 10000 104 9973 0 0
101 127 10003 102 5287 0 0
89 58 10006 103 5054 0 0
33 55 10002 103 13054 0 0
25 73 10004 110 10805 0 0
113 121 10005 102 7503 0 0
126 123 10005 105 22414 0 0
31 103 10003 103 5594 0 0
81 13 10004 102 3376 0 0
56 105 10003 104 5099 0 0
105 120 10005 104 6435 0 0
63 50 10005 105 2336 0 0
24 37 10003 103 5296 0 0
38 113 10002 107 6558 0 0
33 30 10004 102 1002 0 0
12 64 10003 103 4342 0 0
40 76 10004 101 7988 0 0
107 83 10003 101 4761 0 0
87 42 10000 106 359 0 0
81 41 10003 102 11793 0 0
96 0 10005 103 3452 0 0
92 115 10000 104 4842 0 0
75 108 10001 102 36601 0 0
116 25 10005 105 3378 0 0
21 98 10004 106 7803 0 0
58 38 10002 103 11829 0 0
34 60 10004 105 6742 0 0
42 7 10003 103 6545 0 0
121 102 10005 103 5044 0 0
84 49 10007 103 27975 0 0
76 83 10005 102 2689 0 0
50 27 10004 102 6741 0 0
38 110 10003 103 454 0 0
6 92 10005 107 7724 0 0
78 100 10003 108 1493 0 0
54 100 10003 109 553 0 0
85 11 10003 102 15393 0 0
75 114 10002 100 1064 0 0
25 22 10005 102 24320 0 0
33 4 10005 103 565 0 0
91 127 10001 104 1905 0 0
84 112 10008 101 1109 0 0
35 60 10006 106 6540 0 0
107 127 10004 103 6878 0 0
57 108 10002 103 15867 0 0
46 71 10002 101 7525 0 0
45 72 10008 103 5692 0 0
101 95 10004 105 509 0 0
91 16 10002 102 7987 0 0
93 121 10000 103 6461 0 0
18 71 10002 102 2173 0 0
111 106 10006 107 6392 0 0
84 60 10009 107 1594 0 0
115 2 10003 103 10048 0 0
19 10 10003 104 743 0 0
56 47 10005 103 10343 0 0
68 84 10006 102 4671 0 0
16 30 10005 103 4853 0 0
59 61 10004 106 8910 0 0
92 69 10001 103 13352 0 0
98 126 10004 104 52259 0 0
9 121 10004 104 7495 0 0
44 1 10007 103 4026 0 0
45 6 10009 102 9311 0 0
30 82 10005 105 5614 0 0
51 66 10001 103 7369 0 0
125 36 10002 106 4208 0 0
52 27 10002 103 632 0 0
7 19 10004 107 13098 0 0
97 24 10003 102 4011 0 0
91 42 10003 107 5624 0 0
4 43 10006 102 1422 0 0
96 68 10006 105 10854 0 0
124 18 10005 102 6407 0 0
19 123 10004 106 5469 0 0
111 24 10005 103 105 0 0
103 45 10000 104 4038 0 0
8 73 10004 111 2330 0 0
108 80 10001 104 4832 0 0
57 13 10003 103 3742 0 0
55 38 10003 104 1651 0 0
119 100 10007 107 58549 0 0
93 8 10001 105 7936 0 0
98 76 10005 102 28493 0 0
70 8 10003 106 4907 0 0
108 80 10002 105 12650 0 0
122 76 10004 103 5468 0 0
11 54 10003 102 7043 0 0
42 63 10004 106 25412 0 0
75 45 10003 105 5202 0 0
50 93 10005 105 7305 0 0
36 74 10002 105 8110 0 0
112 58 10004 104 4931 0 0
43 99 10003 105 9766 0 0
88 89 10005 104 3050 0 0
7 126 10005 105 4516 0 0
44 54 10008 103 7924 0 0
104 59 10004 102 4733 0 0
73 98 10002 107 5662 0 0
105 91 10006 101 3160 0 0
124 9 10006 101 5762 0 0
5 11 10001 103 17634 0 0
125 92 10001 108 94708 0 0
41 99 10005 106 8093 0 0
72 50 10002 106 270 0 0
63 60 10007 109 6651 0 0
108 84 10003 103 29742 0 0
51 62 10002 104 26195 0 0
94 121 10003 105 11127 0 0
87 21 10002 106 2139 0 0
106 36 10003 105 63180 0 0
15 7 10006 105 6097 0 0
98 102 10006 104 4815 0 0
2 99 10002 107 5325 0 0
87 0 10003 105 5310 0 0
76 116 10006 104 24834 0 0
25 122 10007 103 6541 0 0
64 105 10004 103 168967 0 0
112 55 10005 105 3035 0 0
106 20 10004 104 1106 0 0
50 127 10006 106 4692 0 0
56 115 10006 105 3973 0 0
60 91 10005 102 11683 0 0
67 6 10001 103 15928 0 0
103 112 10001 102 7313 0 0
125 25 10004 106 4543 0 0
126 118 10006 102 11210 0 0
95 96 10002 105 6826 0 0
101 92 10005 109 3767 0 0
121 34 10006 106 15508 0 0
67 7 10002 104 15559 0 0
61 96 10004 106 6862 0 0
83 18 10002 103 14207 0 0
63 85 10006 104 6251 0 0
66 41 10005 103 4779 0 0
83 68 10001 107 6219 0 0
38 23 10005 104 39673 0 0
56 16 10007 103 6962 0 0
116 93 10006 106 6382 0 0
25 14 10008 103 3429 0 0
13 83 10000 103 5182 0 0
31 80 10004 106 4692 0 0
32 127 10003 105 43316 0 0
112 35 10006 108 3244 0 0
50 103 10007 104 5489 0 0
127 6 10009 105 4945 0 0
42 43 10005 104 6008 0 0
84 8 10010 108 7452 0 0
5 74 10002 106 5865 0 0
110 75 10007 104 7884 0 0
74 33 10004 105 3745 0 0
4 12 10007 103 3326 0 0
111 53 10004 105 116689 0 0
62 23 10005 105 2396 0 0
85 80 10004 108 9569 0 0
95 113 10003 108 6791 0 0
49 66 10003 104 6355 0 0
66 48 10006 107 2414 0 0
38 94 10006 102 4449 0 0
31 107 10006 103 7837 0 0
38 20 10004 103 91110 0 0
0 7 10001 106 10445 0 0
87 95 10005 106 1510 0 0
77 55 10006 106 6226 0 0
53 107 10003 104 12884 0 0
122 98 10005 108 6749 0 0
33 28 10007 103 31469 0 0
67 15 10000 105 244247 0 0
61 54 10005 104 9521 0 0
77 19 10005 108 43244 0 0
25 113 10009 109 10443 0 0
52 103 10003 105 4995 0 0
105 109 10007 109 2109 0 0
12 68 10004 106 4567 0 0
55 30 10004 105 4698 0 0
31 77 10005 105 5256 0 0
80 77 10006 106 312 0 0
69 1 10005 104 1746 0 0
91 55 10004 107 4669 0 0
69 53 10006 106 5031 0 0
21 85 10005 105 5627 0 0
91 108 10005 104 7169 0 0
125 100 10005 110 6005 0 0
18 116 10003 105 14616 0 0
20 117 10008 102 58711 0 0
73 29 10003 101 5517 0 0
84 31 10011 105 4882 0 0
8 39 10005 104 382 0 0
127 64 10010 105 7967 0 0
56 92 10008 110 5758 0 0
9 12 10005 104 6078 0 0
27 84 10006 104 7501 0 0
75 32 10005 105 4404 0 0
89 101 10007 108 686 0 0
86 59 10003 103 2029 0 0
113 60 10006 110 8747 0 0
54 117 10005 103 5171 0 0
59 109 10005 107 5899 0 0
87 102 10004 105 1895 0 0
22 52 10003 103 4043 0 0
29 93 10006 107 5931 0 0
86 2 10004 104 5785 0 0
115 16 10004 104 4044 0 0
15 10 10007 105 6447 0 0
10 43 10010 105 3420 0 0
94 89 10006 105 5858 0 0
110 54 10008 105 5730 0 0
62 80 10006 107 41824 0 0
45 122 10010 104 19839 0 0
1 124 10002 104 5612 0 0
120 64 10004 106 7403 0 0
53 65 10004 102 27160 0 0
53 99 10005 108 5591 0 0
94 30 10004 104 121221 0 0
112 67 10007 108 14551 0 0
54 58 10006 105 27335 0 0
54 126 10004 106 124796 0 0
71 21 10003 107 22878 0 0
17 122 10008 106 6445 0 0
7 4 10006 107 5166 0 0
49 72 10004 104 374 0 0
56 114 10009 101 1764 0 0
37 33 10003 107 5389 0 0
77 115 10007 106 3743 0 0
22 21 10004 109 6365 0 0
99 36 10006 107 95730 0 0
70 77 10004 108 6799 0 0
10 70 10011 107 16386 0 0
85 100 10005 111 5621 0 0
30 4 10006 104 29040 0 0
57 44 10005 103 14640 0 0
4 37 10008 104 3111 0 0
21 41 10006 104 7098 0 0
22 17 10005 104 6649 0 0
19 96 10005 107 7773 0 0
116 26 10007 108 455 0 0
23 93 10007 108 5237 0 0
103 4 10002 105 7155 0 0
35 126 10007 107 7756 0 0
101 26 10007 107 9662 0 0
43 86 10004 103 1165 0 0
47 4 10003 106 5681 0 0
10 39 10009 105 385 0 0
30 56 10007 101 2155 0 0
13 106 10002 108 2903 0 0
3 24 10004 104 4771 0 0
80 115 10008 107 15858 0 0
87 31 10006 106 4756 0 0
105 125 10008 100 3915 0 0
88 97 10006 104 7748 0 0
28 87 10004 101 7728 0 0
36 63 10003 107 14884 0 0
33 35 10008 109 8813 0 0
48 120 10003 107 437 0 0
42 62 10006 105 17760 0 0
104 123 10005 107 5755 0 0
91 60 10006 113 6811 0 0
122 21 10006 108 3043 0 0
119 55 10008 108 21283 0 0
43 126 10006 108 3699 0 0
21 88 10007 107 8620 0 0
77 101 10008 109 7704 0 0
82 60 10003 111 56176 0 0
101 65 10006 103 7720 0 0
80 60 10007 112 23780 0 0
7 108 10007 105 5875 0 0
72 20 10003 107 4230 0 0
119 104 10009 103 623 0 0
96 108 10007 106 2107 0 0
107 53 10005 107 91005 0 0
59 45 10006 106 31568 0 0
76 116 10008 106 4026 0 0
21 47 10008 104 42 0 0
79 11 10006 104 6117 0 0
34 126 10005 109 807 0 0
15 20 10009 106 15779 0 0
121 32 10008 106 4407 0 0
13 64 10001 104 122913 0 0
25 78 10010 106 7793 0 0
70 22 10005 103 6030 0 0
113 126 10007 112 6755 0 0
118 6 10005 106 5408 0 0
59 126 10007 110 6562 0 0
67 124 10003 105 9903 0 0
49 71 10005 103 5195 0 0
40 78 10006 104 4786 0 0
56 41 10010 105 4694 0 0
79 15 10007 107 7234 0 0
70 59 10006 104 2723 0 0
82 26 10005 109 2839 0 0
60 66 10006 106 14193 0 0
39 15 10006 106 11078 0 0
107 91 10007 104 1900 0 0
41 46 10006 102 6242 0 0
82 20 10004 108 6548 0 0
92 88 10002 108 1826 0 0
94 83 10008 104 8524 0 0
115 64 10005 107 7764 0 0
73 52 10004 104 7045 0 0
29 102 10007 106 63294 0 0
43 57 10005 102 72741 0 0
3 72 10005 105 1786 0 0
45 90 10011 110 864 0 0
100 84 10006 105 108099 0 0
37 98 10004 110 6245 0 0
1 19 10003 109 7005 0 0
17 69 10009 104 10204 0 0
36 93 10004 109 10395 0 0
109 126 10005 111 1808 0 0
99 116 10008 107 5645 0 0
17 109 10010 110 6993 0 0
97 50 10004 107 6998 0 0
49 126 10007 113 8531 0 0
16 95 10006 108 12683 0 0
7 86 10008 104 11957 0 0
5 112 10003 103 22855 0 0
104 1 10006 106 1697 0 0
65 49 10005 104 7881 0 0
104 6 10007 107 8667 0 0
58 116 10003 108 12460 0 0
18 90 10004 111 24066 0 0
116 111 10008 108 984 0 0
74 96 10006 108 6819 0 0
32 33 10005 110 3955 0 0
76 122 10009 107 24433 0 0
4 10 10009 106 1783 0 0
120 126 10005 114 5972 0 0
42 27 10007 104 7067 0 0
44 16 10010 106 1422 0 0
118 7 10006 107 4124 0 0
51 27 10003 105 6212 0 0
58 15 10004 108 2279 0 0
96 117 10008 104 5006 0 0
10 102 10012 107 1525 0 0
34 117 10006 105 7055 0 0
33 38 10009 105 6684 0 0
78 115 10004 108 12689 0 0
51 103 10004 106 871 0 0
14 6 10003 108 29369 0 0
78 121 10005 106 2101 0 0
113 83 10008 105 72 0 0
51 61 10005 108 27538 0 0
20 13 10009 104 6420 0 0
97 16 10005 105 32303 0 0
9 24 10007 106 4735 0 0
62 108 10008 107 5649 0 0
47 59 10004 105 4525 0 0
55 75 10006 105 10667 0 0
99 52 10009 105 28042 0 0
34 60 10008 114 5721 0 0
99 2 10007 105 79235 0 0
75 76 10007 104 10507 0 0
66 121 10007 107 5819 0 0
114 108 10002 108 4574 0 0
62 66 10007 107 97042 0 0
65 120 10006 108 12203 0 0
117 73 10005 114 30074 0 0
88 14 10007 105 7205 0 0
6 0 10006 108 4885 0 0
83 117 10003 106 6342 0 0
35 77 10008 110 4240 0 0
73 113 10005 110 6485 0 0
7 12 10010 105 2009 0 0
34 101 10007 110 19668 0 0
127 58 10011 107 11626 0 0
7 113 10009 111 4618 0 0
116 0 10009 107 4187 0 0
106 14 10005 106 7580 0 0
111 67 10007 111 16937 0 0
85 97 10007 106 37255 0 0
55 111 10007 109 7776 0 0
14 89 10002 106 100998 0 0
43 56 10007 102 22264 0 0
90 30 10003 106 7637 0 0
35 91 10010 106 1311 0 0
27 16 10008 107 1924 0 0
114 88 10003 109 20456 0 0
110 34 10009 109 3761 0 0
111 118 10008 103 835 0 0
19 64 10008 108 5317 0 0
20 73 10010 115 47 0 0
40 41 10009 106 4364 0 0
75 110 10006 104 30691 0 0
24 27 10005 107 6098 0 0
11 10 10005 108 5705 0 0
102 121 10005 109 4205 0 0
23 60 10010 115 13806 0 0
43 69 10008 105 930 0 0
1 123 10004 108 6851 0 0
54 105 10007 106 23164 0 0
40 53 10008 108 2190 0 0
34 51 10009 105 7543 0 0
45 41 10012 107 1650 0 0
86 3 10005 105 6242 0 0
102 3 10006 104 14254 0 0
17 62 10011 107 7707 0 0
26 75 10007 106 4306 0 0
21 6 10010 109 6507 0 0
124 94 10007 103 57359 0 0
65 10 10007 107 4877 0 0
88 12 10008 106 5281 0 0
36 50 10006 108 16775 0 0
48 76 10004 105 3018 0 0
15 92 10008 111 235391 0 0
107 5 10009 105 6713 0 0
74 49 10007 105 7783 0 0
26 58 10008 108 7607 0 0
52 94 10004 105 7788 0 0
88 28 10009 104 7136 0 0
20 121 10011 110 4597 0 0
35 43 10009 107 54624 0 0
4 121 10010 111 6333 0 0
5 36 10004 108 1809 0 0
2 4 10005 108 5548 0 0
87 78 10007 107 12566 0 0
37 12 10005 107 2767 0 0
1 47 10005 105 6709 0 0
59 25 10008 107 4471 0 0
83 81 10006 103 2069 0 0
53 101 10006 111 804 0 0
127 48 10012 109 3002 0 0
29 22 10008 105 47134 0 0
40 17 10010 105 5866 0 0
94 109 10009 111 3367 0 0
9 29 10008 103 10112 0 0
12 82 10005 107 7364 0 0
104 102 10008 108 185 0 0
33 49 10010 106 6435 0 0
57 26 10006 110 5371 0 0
18 50 10006 109 4288 0 0
117 85 10006 106 7663 0 0
28 2 10006 106 4583 0 0
94 83 10010 106 6874 0 0
41 8 10009 109 85 0 0
7 104 10011 104 4185 0 0
13 57 10004 104 3999 0 0
8 47 10006 107 7782 0 0
91 68 10008 108 41915 0 0
72 119 10004 103 3639 0 0
112 124 10011 107 7839 0 0
83 41 10004 108 24426 0 0
41 108 10010 109 2293 0 0
41 44 10007 106 33248 0 0
17 35 10013 111 5563 0 0
13 24 10003 107 17868 0 0
107 92 10010 113 5558 0 0
32 56 10006 103 24937 0 0
93 77 10003 109 87879 0 0
11 86 10006 105 5955 0 0
42 104 10008 105 2641 0 0
108 93 10005 110 29359 0 0
105 47 10010 108 4048 0 0
82 64 10006 109 4734 0 0
84 62 10012 108 7977 0 0
72 29 10005 104 910 0 0
112 20 10010 109 4385 0 0
35 20 10011 110 1208 0 0
57 107 10007 105 15854 0 0
108 60 10006 116 6378 0 0
112 33 10009 109 2896 0 0
41 122 10008 108 23933 0 0
90 101 10004 112 4207 0 0
89 104 10009 106 8340 0 0
16 41 10007 110 7585 0 0
87 122 10008 109 5080 0 0
86 63 10006 109 6485 0 0
21 102 10011 109 3333 0 0
71 126 10004 116 7258 0 0
110 109 10010 112 445 0 0
41 14 10012 107 5076 0 0
118 121 10007 113 4796 0 0
77 1 10009 107 5193 0 0
78 27 10006 108 5434 0 0
108 13 10008 105 13530 0 0
111 31 10009 107 30 0 0
52 5 10005 106 18446 0 0
114 29 10004 105 6571 0 0
101 18 10008 104 2986 0 0
27 39 10010 107 7935 0 0
70 81 10009 105 470 0 0
90 69 10005 106 7429 0 0
126 57 10007 106 2395 0 0
74 14 10008 108 13158 0 0
55 88 10011 110 5669 0 0
91 126 10009 117 4262 0 0
16 53 10008 109 3934 0 0
51 111 10007 111 5188 0 0
127 104 10013 107 7038 0 0
41 48 10013 110 14097 0 0
26 49 10010 107 5804 0 0
29 125 10009 101 1622 0 0
49 75 10008 107 6375 0 0
3 71 10006 104 5237 0 0
28 103 10008 108 7662 0 0
104 103 10009 109 16415 0 0
58 99 10006 110 7853 0 0
58 73 10007 116 926 0 0
73 27 10006 106 194568 0 0
39 54 10007 108 3140 0 0
127 124 10014 108 19808 0 0
118 34 10008 112 11772 0 0
115 121 10006 114 4528 0 0
107 40 10011 103 3224 0 0
55 40 10008 102 5377 0 0
2 121 10006 112 16492 0 0
50 61 10010 109 6273 0 0
20 47 10012 109 5047 0 0
48 49 10007 108 23493 0 0
63 11 10009 107 7017 0 0
109 30 10008 108 5254 0 0
15 106 10011 110 8993 0 0
64 46 10009 104 2076 0 0
84 42 10013 109 5024 0 0
64 94 10008 106 7473 0 0
26 21 10011 114 1442 0 0
78 67 10007 112 8298 0 0
64 34 10007 113 13645 0 0
44 48 10011 111 688 0 0
7 66 10014 108 6945 0 0
55 82 10012 109 5940 0 0
11 0 10007 110 7929 0 0
125 101 10006 113 6030 0 0
94 34 10011 114 6213 0 0
46 30 10003 109 8624 0 0
38 11 10009 108 464 0 0
68 119 10008 104 7071 0 0
111 88 10010 111 4887 0 0
72 120 10006 109 2329 0 0
31 26 10008 111 8373 0 0
36 17 10007 107 473 0 0
21 45 10012 108 6001 0 0
9 96 10009 109 1584 0 0
103 23 10005 106 7932 0 0
26 16 10012 108 4261 0 0
8 107 10007 106 3805 0 0
83 68 10005 111 7877 0 0
81 83 10007 107 4629 0 0
4 123 10011 109 22891 0 0
50 52 10011 106 7267 0 0
55 124 10013 109 2437 0 0
81 65 10006 104 4971 0 0
112 124 10008 106 451782 0 0
2 60 10007 117 48119 0 0
53 120 10007 110 3637 0 0
23 72 10012 107 7955 0 0
80 36 10010 110 18135 0 0
16 117 10009 107 6815 0 0
50 75 10009 108 3181 0 0
103 104 10006 108 5297 0 0
14 107 10006 107 6521 0 0
127 101 10016 114 4081 0 0
99 21 10010 115 6404 0 0
66 23 10008 107 8224 0 0
8 79 10008 104 4199 0 0
54 78 10008 108 846 0 0
127 29 10015 106 1803 0 0
69 18 10012 107 3776 0 0
42 21 10010 116 5616 0 0
6 1 10009 109 7971 0 0
67 0 10006 109 28913 0 0
96 6 10010 111 5274 0 0
38 46 10008 105 111666 0 0
67 18 10007 106 7562 0 0
27 25 10011 108 7377 0 0
111 10 10011 109 1932 0 0
126 71 10008 105 6318 0 0
80 35 10011 112 19079 0 0
13 43 10005 111 7636 0 0
44 106 10013 111 4977 0 0
2 17 10009 108 6406 0 0
116 118 10011 104 10694 0 0
69 28 10014 105 3639 0 0
108 51 10009 108 6553 0 0
87 94 10010 107 6558 0 0
5 100 10005 113 455 0 0
6 71 10008 106 4389 0 0
89 84 10010 108 7003 0 0
90 43 10006 112 5182 0 0
86 114 10007 102 1979 0 0
14 41 10004 109 7470 0 0
61 38 10009 108 4892 0 0
9 124 10010 110 4243 0 0
3 7 10008 109 7620 0 0
47 121 10006 115 8789 0 0
98 6 10011 112 20995 0 0
112 91 10012 107 19582 0 0
6 88 10010 112 7057 0 0
79 120 10009 112 2850 0 0
61 10 10010 110 3368 0 0
46 53 10005 111 6201 0 0
63 11 10010 109 7653 0 0
6 107 10007 108 4530 0 0
35 54 10013 109 3990 0 0
45 7 10013 108 6187 0 0
34 100 10010 114 22622 0 0
97 37 10007 107 7451 0 0
48 1 10008 108 21829 0 0
88 32 10010 110 7439 0 0
114 101 10006 115 18738 0 0
80 42 10012 110 7275 0 0
122 2 10007 107 4921 0 0
117 121 10007 116 7126 0 0
56 59 10012 107 5179 0 0
74 51 10009 109 5389 0 0
3 102 10007 111 2082 0 0
102 78 10009 109 5894 0 0
58 88 10008 113 4379 0 0
36 119 10008 105 105 0 0
112 9 10013 102 848 0 0
114 61 10008 110 4370 0 0
49 25 10009 109 271 0 0
125 76 10007 106 17479 0 0
114 4 10007 109 45897 0 0
120 68 10006 112 4887 0 0
20 67 10013 114 4511 0 0
17 92 10015 115 2869 0 0
9 28 10011 106 3155 0 0
110 15 10011 109 18060 0 0
39 43 10008 113 7793 0 0
95 25 10005 110 3758 0 0
57 127 10009 109 515 0 0
111 127 10012 108 6849 0 0
119 38 10010 106 10797 0 0
82 12 10007 108 1516 0 0
5 126 10007 118 3045 0 0
89 7 10011 110 10347 0 0
60 55 10007 111 8873 0 0
76 53 10012 110 75946 0 0
11 56 10008 104 7081 0 0
76 28 10013 107 6456 0 0
76 33 10011 111 4085 0 0
44 67 10014 115 6380 0 0
2 36 10004 109 64221 0 0
11 63 10009 110 158 0 0
88 24 10011 108 5741 0 0
3 37 10009 108 7693 0 0
77 115 10010 109 36178 0 0
56 125 10011 103 6964 0 0
121 6 10012 113 3901 0 0
12 49 10008 110 7178 0 0
62 44 10009 107 4532 0 0
48 43 10006 110 4289 0 0
30 23 10011 108 5179 0 0
97 38 10008 109 12344 0 0
0 45 10003 111 3797 0 0
51 54 10008 110 6149 0 0
45 40 10014 105 6123 0 0
42 61 10011 111 7831 0 0
123 101 10005 116 21550 0 0
33 46 10013 106 36449 0 0
7 15 10015 110 4368 0 0
2 118 10010 105 5671 0 0
77 18 10011 109 2303 0 0
49 11 10010 110 4887 0 0
112 0 10014 111 5806 0 0
87 123 10009 110 117946 0 0
57 68 10008 113 5740 0 0
37 44 10007 108 4327 0 0
99 3 10012 107 4651 0 0
73 36 10009 112 5136 0 0
114 100 10005 115 28857 0 0
11 0 10011 112 24837 0 0
26 111 10013 113 4909 0 0
92 114 10003 103 11411 0 0
5 36 10006 111 5774 0 0
124 58 10008 109 291 0 0
64 125 10010 104 1012 0 0
119 38 10013 110 13237 0 0
74 122 10010 110 1123 0 0
21 47 10014 110 1781 0 0
73 5 10008 108 22521 0 0
61 81 10011 108 7905 0 0
100 60 10007 118 28727 0 0
53 100 10008 116 2350 0 0
62 17 10011 109 4741 0 0
6 42 10011 111 26837 0 0
65 87 10009 103 10223 0 0
125 47 10008 111 3528 0 0
101 92 10009 116 6158 0 0
11 34 10010 115 13217 0 0
121 94 10013 108 19633 0 0
101 82 10010 110 5922 0 0
55 126 10010 115 326655 0 0
57 25 10010 111 59604 0 0
115 45 10008 112 4753 0 0
5 4 10008 110 1499 0 0
86 45 10008 110 4452 0 0
11 49 10012 111 5928 0 0
30 102 10009 110 308442 0 0
7 39 10017 108 4187 0 0
120 40 10007 106 7397 0 0
71 25 10005 112 12726 0 0
109 1 10010 110 252 0 0
19 15 10010 111 8782 0 0
118 119 10011 107 6868 0 0
69 121 10015 117 12744 0 0
46 75 10006 109 591 0 0
4 73 10012 119 8211 0 0
41 68 10015 114 38960 0 0
21 54 10016 111 7669 0 0
55 49 10016 114 3656 0 0
96 26 10011 112 31658 0 0
15 46 10013 107 1177 0 0
95 12 10006 109 7334 0 0
7 31 10016 109 13277 0 0
93 26 10005 113 13489 0 0
44 62 10015 113 2422 0 0
58 38 10010 113 8133 0 0
92 35 10004 113 7943 0 0
61 78 10012 110 7379 0 0
74 104 10011 109 5742 0 0
40 119 10011 106 3649 0 0
48 99 10010 112 7840 0 0
72 8 10008 111 1970 0 0
15 30 10012 110 14202 0 0
40 28 10012 108 7591 0 0
20 108 10014 111 5729 0 0
59 78 10010 111 1154 0 0
68 70 10009 109 2208 0 0
127 104 10018 110 7757 0 0
98 94 10013 109 392 0 0
58 70 10011 108 6532 0 0
116 114 10013 105 4257 0 0
58 87 10012 104 1700 0 0
99 0 10014 113 8675 0 0
33 102 10015 115 3725 0 0
126 93 10009 112 7745 0 0
88 102 10012 114 7648 0 0
28 72 10010 109 77 0 0
52 104 10006 111 5283 0 0
29 8 10010 112 15397 0 0
39 49 10009 113 5852 0 0
115 72 10009 108 6399 0 0
77 121 10013 118 6873 0 0
77 101 10012 117 37832 0 0
118 18 10010 110 5101 0 0
63 14 10013 109 40 0 0
88 52 10013 107 7855 0 0
77 85 10014 107 386 0 0
48 114 10011 104 29821 0 0
37 101 10008 118 5514 0 0
108 22 10012 106 4456 0 0
2 58 10011 110 6166 0 0
113 68 10009 115 174 0 0
121 61 10014 112 4746 0 0
61 3 10013 108 6231 0 0
29 125 10011 105 6897 0 0
127 17 10019 110 16806 0 0
25 34 10013 116 12011 0 0
46 94 10007 110 2346 0 0
18 111 10007 114 3122 0 0
51 95 10009 109 483 0 0
42 23 10012 109 5020 0 0
75 125 10009 106 6092 0 0
99 100 10011 117 34243 0 0
79 16 10010 109 4937 0 0
2 81 10008 107 127931 0 0
114 89 10009 107 25639 0 0
82 60 10008 119 28433 0 0
99 39 10015 109 5968 0 0
87 95 10012 110 19868 0 0
43 37 10009 109 1787 0 0
93 9 10006 104 7933 0 0
3 45 10010 113 6156 0 0
122 14 10009 110 7004 0 0
124 60 10009 120 1563 0 0
111 75 10013 110 29865 0 0
90 53 10007 112 7582 0 0
19 50 10011 111 7968 0 0
31 65 10010 105 27972 0 0
70 21 10011 118 1164 0 0
101 111 10012 115 5207 0 0
62 31 10012 110 4073 0 0
30 36 10012 113 4040 0 0
121 32 10011 109 95808 0 0
25 27 10014 109 3267 0 0
124 9 10010 107 1052 0 0
104 9 10011 105 7012 0 0
119 107 10015 109 47351 0 0
59 10 10011 111 20911 0 0
78 63 10008 112 2048 0 0
6 33 10012 112 6950 0 0
12 7 10010 112 14631 0 0
84 100 10014 118 658 0 0
80 1 10014 112 7357 0 0
87 70 10011 110 5612 0 0
56 57 10013 108 2012 0 0
18 9 10009 106 7869 0 0
74 13 10012 107 1675 0 0
108 53 10013 113 3158 0 0
127 87 10020 105 7573 0 0
125 86 10010 106 4240 0 0
1 102 10006 116 7913 0 0
120 91 10008 108 4920 0 0
80 73 10013 120 6848 0 0
60 42 10009 112 5521 0 0
83 122 10007 111 12379 0 0
92 42 10005 113 4065 0 0
48 8 10012 113 4890 0 0
92 85 10006 108 4007 0 0
14 26 10007 115 4567 0 0
77 90 10015 112 7125 0 0
1 74 10007 109 4726 0 0
28 46 10011 108 1083 0 0
67 7 10008 111 4845 0 0
35 37 10014 111 2590 0 0
31 28 10011 110 6336 0 0
91 6 10010 114 21391 0 0
93 37 10007 110 6963 0 0
19 84 10012 109 1195 0 0
54 61 10009 114 10177 0 0
122 28 10011 109 3710 0 0
75 17 10010 111 5998 0 0
117 71 10009 109 14378 0 0
90 80 10009 109 2843 0 0
37 23 10009 110 2245 0 0
93 24 10008 109 5438 0 0
106 125 10007 107 7899 0 0
90 89 10008 109 6920 0 0
27 20 10012 112 87702 0 0
124 118 10011 108 1486 0 0
49 14 10011 111 2221 0 0
28 126 10012 120 2135 0 0
84 115 10016 111 5203 0 0
84 5 10015 110 17424 0 0
8 100 10009 120 559 0 0
6 9 10013 108 5949 0 0
55 100 10015 119 26038 0 0
122 29 10010 108 13688 0 0
83 82 10008 112 2010 0 0
47 102 10007 117 3051 0 0
102 118 10010 107 12491 0 0
43 127 10012 110 1759 0 0
43 96 10011 111 7468 0 0
34 118 10011 106 17472 0 0
116 124 10014 114 6200 0 0
4 41 10014 111 1396 0 0
57 0 10011 114 7053 0 0
19 115 10013 112 6654 0 0
1 105 10008 108 7295 0 0
73 45 10010 114 7642 0 0
42 87 10013 106 4332 0 0
112 113 10017 114 4337 0 0
59 102 10012 118 2199 0 0
117 19 10008 114 28604 0 0
77 120 10016 114 4950 0 0
20 27 10016 110 106 0 0
34 119 10012 108 7685 0 0
114 76 10011 107 2796 0 0
53 105 10010 109 4323 0 0
64 104 10012 114 2718 0 0
107 82 10014 111 3740 0 0
122 118 10012 109 4475 0 0
31 86 10012 108 8099 0 0
86 58 10009 111 7570 0 0
5 64 10009 110 7742 0 0
100 75 10010 111 10526 0 0
81 91 10008 109 11563 0 0
38 90 10010 113 869 0 0
46 70 10008 112 4848 0 0
8 67 10010 116 6857 0 0
10 120 10013 115 10254 0 0
97 45 10009 115 1641 0 0
102 28 10011 111 5898 0 0
26 6 10014 115 3896 0 0
94 38 10012 114 6225 0 0
117 22 10010 107 2233 0 0
21 29 10017 109 6459 0 0
119 105 10017 110 6971 0 0
54 126 10010 122 4556 0 0
60 125 10010 108 295 0 0
120 93 10010 114 7863 0 0
64 113 10013 113 7716 0 0
62 102 10013 119 5264 0 0
82 4 10009 112 19 0 0
85 66 10009 110 12625 0 0
94 72 10013 110 637 0 0
42 12 10014 111 17996 0 0
89 93 10012 115 28580 0 0
117 59 10012 108 6746 0 0
125 123 10012 114 8516 0 0
17 65 10018 106 4682 0 0
106 65 10008 107 7126 0 0
51 53 10010 114 11782 0 0
76 98 10015 112 7247 0 0
60 103 10011 111 2589 0 0
46 30 10010 111 12495 0 0
5 58 10010 112 6693 0 0
20 30 10018 113 7515 0 0
108 31 10015 111 6965 0 0
2 4 10012 114 7727 0 0
53 41 10011 112 2507 0 0
11 118 10015 110 3048 0 0
17 125 10019 109 5045 0 0
113 14 10010 113 4857 0 0
6 88 10014 115 2685 0 0
59 109 10013 113 6103 0 0
96 75 10012 112 7650 0 0
50 59 10012 109 4176 0 0
112 125 10018 110 15701 0 0
79 92 10012 119 6270 0 0
18 126 10011 123 2758 0 0
79 117 10013 108 6100 0 0
83 1 10009 113 4039 0 0
71 76 10007 108 4343 0 0
85 86 10011 109 4507 0 0
27 35 10014 114 7774 0 0
100 67 10011 117 889 0 0
117 127 10014 111 1417 0 0
10 30 10014 112 17875 0 0
25 29 10015 110 23423 0 0
33 110 10017 106 1580 0 0
124 42 10012 114 5046 0 0
82 83 10010 109 4221 0 0
111 100 10017 121 8119 0 0
83 79 10011 105 16932 0 0
103 90 10008 114 1194 0 0
82 84 10011 111 6643 0 0
66 0 10009 115 3865 0 0
96 10 10013 114 4208 0 0
57 90 10012 115 3857 0 0
68 123 10010 113 25991 0 0
44 68 10016 116 7145 0 0
74 84 10013 110 13668 0 0
8 4 10011 115 1650 0 0
117 19 10011 115 11681 0 0
27 106 10013 112 22571 0 0
91 69 10011 108 15153 0 0
56 7 10014 115 2570 0 0
72 16 10009 110 945 0 0
85 60 10010 121 5066 0 0
42 92 10015 120 6985 0 0
22 15 10008 112 19075 0 0
120 36 10011 114 22159 0 0
51 106 10011 113 1595 0 0
95 6 10008 116 5613 0 0
89 85 10013 109 15469 0 0
95 38 10007 115 20002 0 0
19 116 10014 110 5747 0 0
10 51 10015 112 3273 0 0
4 67 10016 118 10563 0 0
63 43 10014 114 5189 0 0
0 110 10007 107 4842 0 0
78 81 10009 111 25692 0 0
22 29 10007 111 11746 0 0
112 57 10016 109 105679 0 0
55 22 10017 108 5314 0 0
76 16 10016 111 2677 0 0
72 52 10010 109 5785 0 0
68 52 10011 110 458 0 0
22 29 10006 102 808225 0 0
108 37 10016 112 5625 0 0
120 78 10013 112 6804 0 0
11 126 10014 121 102953 0 0
83 103 10010 112 16132 0 0
38 34 10011 117 52480 0 0
4 125 10017 111 10997 0 0
117 63 10015 113 6637 0 0
86 65 10010 108 30210 0 0
105 91 10013 110 1784 0 0
24 98 10008 113 6852 0 0
16 96 10011 112 737 0 0
127 19 10021 116 8030 0 0
57 66 10013 111 5677 0 0
20 32 10017 113 76936 0 0
22 20 10010 113 7994 0 0
111 58 10018 113 7980 0 0
73 127 10012 112 5845 0 0
85 123 10012 115 4000 0 0
114 91 10013 111 11840 0 0
108 66 10017 112 2524 0 0
27 17 10015 115 5183 0 0
127 118 10022 112 8480 0 0
111 116 10019 112 3870 0 0
10 43 10016 115 4874 0 0
120 1 10012 114 23252 0 0
78 87 10010 109 4136 0 0
119 57 10018 110 6694 0 0
113 104 10011 116 5084 0 0
50 126 10013 124 32359 0 0
28 5 10009 109 120324 0 0
10 98 10018 114 3087 0 0
94 43 10015 116 6919 0 0
26 84 10016 112 7684 0 0
90 2 10010 110 7412 0 0
21 29 10018 112 46864 0 0
31 59 10013 110 9392 0 0
10 112 10017 104 37084 0 0
28 49 10013 115 4504 0 0
89 32 10014 114 6007 0 0
34 108 10014 112 195 0 0
21 29 10020 114 2256 0 0
29 26 10014 117 5390 0 0
67 58 10011 114 7095 0 0
111 58 10020 115 72 0 0
41 76 10017 111 4970 0 0
117 70 10016 113 8995 0 0
88 72 10014 112 6734 0 0
15 89 10016 111 5193 0 0
72 29 10012 113 6406 0 0
59 90 10014 117 4818 0 0
44 30 10017 114 14248 0 0
23 55 10013 112 4919 0 0
106 17 10009 112 21857 0 0
22 113 10009 115 10051 0 0
96 92 10014 121 7621 0 0
41 108 10018 113 4853 0 0
111 9 10016 109 5617 0 0
65 116 10010 113 7999 0 0
24 22 10010 109 4994 0 0
21 96 10019 113 18240 0 0
54 84 10011 113 9404 0 0
22 107 10011 111 4512 0 0
102 100 10012 122 1735 0 0
77 66 10017 113 20594 0 0
2 17 10013 113 5720 0 0
14 108 10008 114 7797 0 0
54 42 10012 115 3986 0 0
93 44 10010 109 2388 0 0
106 78 10010 113 4938 0 0
47 31 10010 113 100 0 0
14 97 10009 109 7099 0 0
3 2 10011 111 105295 0 0
17 14 10021 115 2909 0 0
83 32 10012 115 4476 0 0
51 59 10013 111 3669 0 0
126 57 10012 111 6693 0 0
118 94 10012 111 7180 0 0
74 17 10015 114 28112 0 0
15 110 10017 108 12190 0 0
54 78 10013 114 10337 0 0
64 116 10014 111 100760 0 0
41 109 10019 114 5882 0 0
127 67 10023 119 10886 0 0
12 68 10011 117 4241 0 0
50 113 10014 116 900 0 0
83 50 10013 115 6586 0 0
107 51 10017 113 2829 0 0
111 30 10021 115 4615 0 0
126 7 10013 118 18629 0 0
84 39 10018 111 1764 0 0
33 36 10018 115 6323 0 0
85 18 10015 111 7275 0 0
16 112 10012 105 2618 0 0
87 71 10013 111 2321 0 0
103 33 10009 114 7401 0 0
77 56 10018 107 6139 0 0
111 8 10015 116 75130 0 0
121 16 10015 112 1339 0 0
127 95 10024 111 1459 0 0
80 127 10016 114 982 0 0
85 37 10014 113 26416 0 0
82 99 10013 114 6431 0 0
123 4 10007 116 4516 0 0
104 114 10012 107 7673 0 0
9 10 10013 115 5129 0 0
1 6 10010 117 7172 0 0
58 67 10014 120 5734 0 0
82 1 10012 116 5347 0 0
118 61 10013 116 11840 0 0
117 56 10017 106 6526 0 0
12 83 10012 110 4026 0 0
96 105 10015 111 3294 0 0
68 48 10013 112 9050 0 0
1 69 10009 109 2858 0 0
99 127 10017 113 10983 0 0
83 51 10014 114 2273 0 0
3 1 10013 118 2763 0 0
48 59 10013 112 7486 0 0
28 61 10014 115 25493 0 0
54 84 10014 114 6780 0 0
97 72 10011 114 9578 0 0
51 47 10012 113 934 0 0
110 82 10013 113 3067 0 0
97 52 10010 111 4581 0 0
70 11 10013 112 4206 0 0
89 83 10015 111 7305 0 0
103 32 10010 116 15626 0 0
110 49 10012 116 1299 0 0
90 83 10012 112 7755 0 0
17 16 10022 113 2896 0 0
3 33 10012 115 14085 0 0
92 80 10007 111 631 0 0
127 55 10025 113 7593 0 0
85 8 10013 118 6135 0 0
81 1 10009 117 2015 0 0
60 110 10012 109 31098 0 0
4 92 10018 122 7250 0 0
49 107 10012 112 17642 0 0
40 96 10014 114 2945 0 0
55 48 10019 114 2616 0 0
122 109 10013 115 507 0 0
93 13 10011 108 45182 0 0
98 95 10015 112 5026 0 0
2 125 10016 112 479 0 0
17 8 10020 117 4595 0 0
105 126 10014 126 20551 0 0
88 26 10015 118 7757 0 0
59 25 10015 114 7802 0 0
12 10 10014 117 10098 0 0
55 93 10018 117 7914 0 0
95 48 10010 113 13742 0 0
112 64 10019 112 4704 0 0
49 15 10014 113 3244 0 0
70 65 10015 110 829 0 0
16 82 10013 114 4916 0 0
0 88 10009 118 2098 0 0
33 52 10019 112 17918 0 0
71 92 10008 123 6381 0 0
0 51 10008 115 12161 0 0
48 66 10014 114 4055 0 0
70 71 10016 113 651 0 0
68 64 10014 114 3932 0 0
12 70 10013 114 29429 0 0
49 39 10015 112 115 0 0
52 125 10008 113 5597 0 0
78 61 10011 117 4073 0 0
47 122 10011 113 8823 0 0
5 115 10011 114 4902 0 0
61 124 10017 115 6590 0 0
57 10 10014 116 11651 0 0
43 86 10014 110 3894 0 0
1 33 10011 116 2502 0 0
119 77 10012 113 4646 0 0
105 63 10015 114 3692 0 0
121 31 10010 108 385879 0 0
20 120 10019 118 13836 0 0
33 21 10016 117 295457 0 0
87 121 10017 120 6329 0 0
116 14 10017 116 19410 0 0
20 22 10021 110 7270 0 0
79 119 10016 110 5989 0 0
47 41 10012 114 6764 0 0
16 86 10015 111 3329 0 0
60 97 10014 110 1079 0 0
16 45 10014 116 22082 0 0
63 56 10017 108 16660 0 0
77 69 10019 110 3725 0 0
26 62 10018 115 4372 0 0
31 88 10015 117 35967 0 0
106 21 10011 119 11656 0 0
127 124 10027 116 4410 0 0
109 76 10011 112 6300 0 0
39 14 10012 117 13934 0 0
40 53 10015 115 12408 0 0
76 63 10018 115 5712 0 0
95 114 10012 110 159 0 0
119 36 10019 116 6619 0 0
30 54 10013 114 26437 0 0
31 111 10014 117 853 0 0
71 64 10011 116 2930 0 0
71 92 10009 124 3564 0 0
15 114 10019 109 5947 0 0
21 67 10021 121 5880 0 0
97 64 10013 115 6046 0 0
76 102 10017 120 1544 0 0
28 39 10015 113 192 0 0
44 3 10019 109 13080 0 0
74 58 10016 116 2200 0 0
11 112 10016 106 26433 0 0
41 122 10021 114 18711 0 0
67 49 10012 117 4246 0 0
63 29 10015 115 125523 0 0
61 109 10016 116 2996 0 0
39 37 10014 114 4274 0 0
71 119 10010 111 4421 0 0
56 60 10015 122 3681 0 0
80 104 10017 118 4859 0 0
112 124 10020 118 4068 0 0
8 7 10012 119 8107 0 0
83 49 10015 118 6401 0 0
16 22 10016 111 24171 0 0
127 89 10026 114 13124 0 0
35 46 10018 109 3836 0 0
103 53 10011 116 6255 0 0
75 93 10012 119 3791 0 0
114 41 10014 113 74496 0 0
101 109 10014 118 4255 0 0
54 0 10015 116 27178 0 0
91 21 10012 120 19037 0 0
27 58 10016 117 7546 0 0
100 52 10013 113 6809 0 0
104 62 10010 110 792395 0 0
20 36 10023 117 5329 0 0
101 100 10015 123 6654 0 0
0 93 10010 120 7886 0 0
49 124 10016 117 6170 0 0
4 106 10019 114 7391 0 0
90 91 10013 114 35468 0 0
99 26 10018 119 253 0 0
20 53 10022 117 7494 0 0
19 47 10015 115 11290 0 0
119 11 10022 115 2307 0 0
67 70 10013 117 16134 0 0
19 72 10016 115 5945 0 0
65 11 10011 113 4252 0 0
57 1 10015 119 1234 0 0
8 63 10013 116 5275 0 0
28 82 10016 116 3109 0 0
80 95 10019 115 161 0 0
116 59 10018 114 12330 0 0
51 95 10014 113 4984 0 0
44 71 10020 114 6362 0 0
21 77 10015 114 7199 0 0
87 83 10018 114 5352 0 0
112 117 10021 111 9084 0 0
119 116 10023 115 5774 0 0
34 82 10016 115 14499 0 0
8 125 10014 114 7274 0 0
14 86 10010 112 5672 0 0
107 11 10016 111 113511 0 0
19 93 10017 121 14580 0 0
75 123 10013 116 5368 0 0
124 70 10013 116 5915 0 0
40 63 10016 117 24190 0 0
124 119 10015 112 5686 0 0
98 97 10017 111 1033 0 0
4 42 10020 116 13799 0 0
79 42 10017 117 2879 0 0
11 115 10017 115 2413 0 0
71 15 10012 114 6619 0 0
106 23 10012 111 5056 0 0
38 81 10012 113 5513 0 0
1 115 10012 116 6999 0 0
12 88 10015 119 5626 0 0
32 113 10007 117 1046 0 0
115 47 10012 116 263 0 0
98 18 10016 113 6908 0 0
34 109 10017 117 35845 0 0
5 22 10012 112 5255 0 0
86 8 10012 120 991 0 0
85 95 10016 117 8356 0 0
23 58 10016 118 2995 0 0
53 90 10013 119 451 0 0
88 74 10016 111 14915 0 0
12 41 10016 115 839 0 0
7 9 10019 110 3498 0 0
8 36 10015 118 14627 0 0
121 23 10016 112 1842 0 0
1 66 10013 116 4424 0 0
64 112 10015 107 6657 0 0
74 87 10017 110 2807 0 0
119 35 10021 115 62029 0 0
18 6 10012 119 1012 0 0
30 126 10014 127 14470 0 0
96 74 10017 112 3682 0 0
50 25 10017 116 7702 0 0
97 11 10012 114 2848 0 0
126 99 10015 117 15233 0 0
23 107 10017 114 7273 0 0
55 84 10020 115 26862 0 0
73 12 10014 113 1976 0 0
6 51 10015 116 7285 0 0
74 66 10018 117 751 0 0
126 117 10014 110 99627 0 0
0 118 10011 113 5427 0 0
12 102 10018 122 50 0 0
61 4 10018 117 2479 0 0
10 74 10020 113 13531 0 0
90 40 10014 108 6509 0 0
57 7 10016 120 6803 0 0
49 89 10017 116 6413 0 0
75 103 10014 114 3099 0 0
55 92 10021 126 27296 0 0
35 67 10020 122 7579 0 0
41 20 10022 114 4481 0 0
101 108 10016 115 7174 0 0
50 91 10016 116 30355 0 0
98 53 10018 119 21961 0 0
39 31 10015 114 55808 0 0
105 79 10017 108 12474 0 0
80 25 10020 117 6895 0 0
64 124 10016 120 7308 0 0
59 62 10017 117 5300 0 0
12 110 10017 111 6472 0 0
78 17 10013 117 4976 0 0
100 6 10014 120 1368 0 0
126 45 10016 119 44 0 0
81 17 10010 116 46678 0 0
124 102 10017 123 4567 0 0
46 0 10012 117 5050 0 0
39 83 10016 115 10501 0 0
44 63 10021 118 960 0 0
108 14 10018 119 6177 0 0
67 94 10014 113 7067 0 0
59 62 10016 116 18588 0 0
47 34 10016 118 11872 0 0
18 118 10013 115 5588 0 0
121 114 10017 111 35872 0 0
84 33 10020 118 10837 0 0
22 27 10012 113 2374 0 0
79 71 10015 112 308316 0 0
35 115 10019 117 35850 0 0
98 22 10019 113 5045 0 0
19 20 10018 115 6779 0 0
29 19 10017 120 7982 0 0
85 41 10017 116 7756 0 0
35 77 10015 116 8269 0 0
93 115 10012 118 2541 0 0
12 86 10019 113 4018 0 0
107 77 10015 117 2977 0 0
68 114 10016 112 1340 0 0
31 4 10017 118 10726 0 0
75 33 10015 119 20023 0 0
74 39 10019 114 3177 0 0
105 77 10016 118 6624 0 0
30 77 10015 119 996 0 0
66 58 10010 119 18244 0 0
23 99 10020 120 3851 0 0
84 19 10022 119 224 0 0
119 48 10024 115 150 0 0
77 22 10021 114 4371 0 0
31 41 10019 117 1770 0 0
116 120 10020 120 15852 0 0
14 12 10012 114 21707 0 0
115 10 10011 119 109433 0 0
46 65 10013 111 5791 0 0
124 102 10018 124 7677 0 0
99 1 10019 121 5591 0 0
84 7 10021 121 6098 0 0
5 118 10013 114 73528 0 0
64 122 10017 115 3282 0 0
26 59 10021 115 13186 0 0
13 110 10006 112 5662 0 0
47 5 10015 112 6415 0 0
26 16 10023 115 1569 0 0
50 31 10018 116 5444 0 0
46 48 10014 116 3740 0 0
67 22 10016 115 6954 0 0
109 98 10012 117 25082 0 0
67 44 10015 112 18998 0 0
11 7 10019 123 5407 0 0
15 91 10020 117 1531 0 0
23 69 10021 111 6066 0 0
115 84 10013 117 4275 0 0
15 5 10022 113 6512 0 0
72 52 10014 115 6630 0 0
3 11 10014 117 6798 0 0
69 43 10017 118 7742 0 0
6 32 10016 119 11863 0 0
27 57 10017 115 6653 0 0
55 50 10022 117 3172 0 0
17 7 10023 122 5258 0 0
106 112 10013 109 27590 0 0
127 125 10028 115 6152 0 0
99 3 10020 110 5141 0 0
102 85 10015 110 12814 0 0
109 34 10013 120 167 0 0
108 36 10019 120 1 0 0
43 33 10015 117 118150 0 0
39 54 10017 116 6582 0 0
73 70 10018 119 8947 0 0
69 110 10016 114 3338 0 0
118 73 10014 122 11139 0 0
51 17 10016 118 10100 0 0
73 50 10017 116 2100 0 0
2 48 10018 117 7997 0 0
50 102 10019 125 1864 0 0
97 92 10015 127 6975 0 0
121 110 10018 113 5714 0 0
41 87 10023 111 4091 0 0
5 72 10014 116 5136 0 0
60 41 10016 118 6346 0 0
9 60 10014 124 1370 0 0
33 115 10020 119 4068 0 0
105 52 10019 116 8135 0 0
80 85 10022 111 5969 0 0
106 34 10014 121 2903 0 0
87 122 10021 116 228 0 0
93 73 10013 121 64874 0 0
75 47 10016 117 5950 0 0
47 70 10017 118 989 0 0
39 89 10018 117 5945 0 0
18 41 10014 119 1232 0 0
110 94 10015 114 14008 0 0
125 96 10014 117 5775 0 0
72 92 10017 128 4739 0 0
123 42 10010 121 7018 0 0
65 23 10014 116 169 0 0
125 99 10016 121 5879 0 0
92 55 10008 115 7921 0 0
56 36 10016 119 124854 0 0
111 87 10023 112 4874 0 0
7 6 10020 122 180026 0 0
2 42 10017 119 53495 0 0
42 12 10018 115 13063 0 0
87 69 10022 112 5618 0 0
71 96 10013 116 26502 0 0
77 17 10022 119 7987 0 0
5 57 10015 116 4541 0 0
96 88 10019 122 7681 0 0
34 31 10019 117 2405 0 0
65 0 10013 118 24164 0 0
75 119 10017 113 6821 0 0
86 58 10013 120 131649 0 0
27 80 10018 113 5023 0 0
61 56 10019 110 1604 0 0
105 19 10020 121 6767 0 0
45 32 10018 121 8930 0 0
114 91 10015 118 1456 0 0
2 43 10019 119 5391 0 0
49 107 10018 115 5027 0 0
32 93 10008 122 11839 0 0
94 51 10018 117 5702 0 0
42 101 10019 122 2109 0 0
84 72 10023 117 5721 0 0
39 28 10019 115 12252 0 0
117 85 10018 112 7934 0 0
78 29 10014 117 2677 0 0
73 89 10019 118 5533 0 0
11 98 10020 118 122 0 0
77 43 10023 120 6580 0 0
86 119 10014 114 1411 0 0
66 75 10011 114 4097 0 0
17 14 10024 120 106490 0 0
81 69 10012 113 8218 0 0
63 100 10018 126 26581 0 0
104 34 10015 122 693 0 0
121 92 10020 129 6624 0 0
3 72 10015 118 3055 0 0
34 46 10020 110 28947 0 0
58 106 10017 116 10876 0 0
85 106 10019 117 1768 0 0
70 72 10018 119 6329 0 0
76 114 10019 114 13092 0 0
111 9 10025 111 4878 0 0
105 87 10021 113 26943 0 0
49 88 10019 123 3825 0 0
94 104 10019 121 4736 0 0
111 32 10024 120 24290 0 0
34 32 10021 122 2106 0 0
6 95 10017 118 1758 0 0
12 94 10021 115 4834 0 0
126 104 10020 120 2948 0 0
78 44 10015 113 4533 0 0
8 58 10016 121 7006 0 0
1 21 10014 121 1898 0 0
72 61 10018 118 1556 0 0
28 47 10018 119 1645 0 0
120 98 10017 119 14575 0 0
28 53 10017 121 31967 0 0
41 47 10024 120 4229 0 0
33 110 10021 115 5627 0 0
98 67 10021 124 22346 0 0
6 68 10018 121 7468 0 0
11 117 10021 112 30303 0 0
96 0 10020 119 7639 0 0
91 123 10013 118 2888 0 0
26 65 10024 112 11869 0 0
19 61 10020 120 4465 0 0
67 30 10017 117 6952 0 0
75 39 10018 115 28298 0 0
51 118 10018 116 24543 0 0
31 26 10020 121 7336 0 0
32 77 10010 120 9681 0 0
73 113 10021 119 2528 0 0
121 38 10019 117 99300 0 0
114 17 10016 120 3502 0 0
105 30 10022 118 5212 0 0
20 1 10024 122 16133 0 0
57 77 10018 121 12890 0 0
77 83 10024 117 4544 0 0
10 115 10021 121 5244 0 0
61 8 10020 121 7589 0 0
71 51 10015 119 4575 0 0
56 54 10017 118 211 0 0
40 13 10019 111 84 0 0
4 19 10023 122 5617 0 0
13 115 10008 120 29623 0 0
5 126 10017 130 5583 0 0
96 9 10021 112 22891 0 0
99 9 10023 113 843 0 0
112 83 10024 118 6026 0 0
119 15 10025 116 2891 0 0
46 58 10016 122 191 0 0
15 87 10023 114 4289 0 0
121 43 10021 121 15021 0 0
113 26 10012 120 43696 0 0
41 24 10025 110 4524 0 0
5 36 10016 121 7305 0 0
29 54 10016 115 465411 0 0
70 103 10019 115 5533 0 0
9 113 10016 120 12917 0 0
99 42 10021 123 6612 0 0
10 69 10022 114 1890 0 0
127 54 10029 117 3475 0 0
92 81 10009 115 3601 0 0
110 85 10016 113 41814 0 0
40 44 10020 114 6283 0 0
125 94 10017 117 3340 0 0
36 28 10010 116 4534 0 0
102 80 10016 114 6644 0 0
57 105 10019 112 8782 0 0
121 32 10022 123 13038 0 0
89 83 10018 119 11806 0 0
114 81 10017 114 7683 0 0
57 28 10020 117 3323 0 0
76 14 10020 123 1915 0 0
109 37 10014 116 4822 0 0
110 15 10017 117 16321 0 0
30 127 10016 116 8608 0 0
127 50 10030 119 307 0 0
84 15 10024 118 2783 0 0
8 51 10018 120 3622 0 0
10 33 10023 121 4345 0 0
31 54 10021 119 1257 0 0
66 46 10012 111 6741 0 0
99 78 10022 115 15974 0 0
96 121 10022 122 516 0 0
126 74 10021 115 23616 0 0
124 102 10019 126 18012 0 0
47 127 10019 117 6086 0 0
120 18 10015 115 5817 0 0
110 93 10018 124 1410 0 0
91 40 10014 109 623 0 0
50 125 10021 116 4653 0 0
119 64 10026 117 11437 0 0
88 8 10019 122 6876 0 0
61 3 10022 111 6327 0 0
47 22 10018 117 10734 0 0
109 103 10017 116 1211 0 0
35 53 10021 122 5099 0 0
109 6 10015 123 12710 0 0
51 55 10019 117 3545 0 0
68 64 10017 120 3491 0 0
68 79 10018 109 1934 0 0
117 101 10019 123 1543 0 0
15 18 10021 114 24134 0 0
94 50 10020 118 5149 0 0
75 120 10019 121 6682 0 0
8 34 10019 124 7720 0 0
99 11 10024 119 29256 0 0
9 96 10017 119 3470 0 0
109 3 10016 112 6128 0 0
92 13 10010 112 27592 0 0
14 51 10013 121 4927 0 0
115 10 10015 121 20847 0 0
117 124 10020 122 7258 0 0
110 52 10019 118 6319 0 0
112 52 10025 117 36217 0 0
103 63 10012 119 26599 0 0
116 106 10022 118 4883 0 0
15 18 10024 117 6326 0 0
43 105 10016 113 810 0 0
118 87 10015 115 7810 0 0
52 55 10010 116 9457 0 0
9 49 10015 121 6280 0 0
60 64 10018 119 4487 0 0
37 50 10012 120 17161 0 0
7 43 10021 122 52369 0 0
100 19 10016 123 10049 0 0
12 126 10023 131 7789 0 0
19 16 10019 116 106383 0 0
42 117 10020 113 3958 0 0
41 30 10026 119 1729 0 0
60 98 10019 121 4400 0 0
41 18 10027 118 484 0 0
48 99 10018 123 3621 0 0
107 101 10020 125 2224 0 0
78 120 10016 122 13717 0 0
28 42 10019 124 7258 0 0
22 36 10014 122 436 0 0
116 12 10023 116 7615 0 0
89 104 10019 122 26480 0 0
13 33 10009 122 4682 0 0
31 16 10022 118 7689 0 0
61 108 10025 116 2229 0 0
102 103 10017 117 6978 0 0
123 74 10011 116 12004 0 0
115 49 10014 120 146684 0 0
67 20 10018 116 6557 0 0
57 54 10021 120 1863 0 0
101 35 10018 117 7499 0 0
94 32 10023 124 7926 0 0
76 101 10021 124 181 0 0
77 51 10026 122 4738 0 0
52 90 10009 121 18652 0 0
5 102 10019 127 3524 0 0
90 31 10016 118 2585 0 0
64 45 10018 120 6806 0 0
49 33 10020 124 13951 0 0
73 126 10023 132 11115 0 0
9 58 10018 123 6182 0 0
74 76 10020 113 761 0 0
108 96 10020 120 1161 0 0
52 124 10011 123 1657 0 0
70 112 10021 112 28533 0 0
105 26 10023 122 645 0 0
36 89 10011 120 26139 0 0
48 112 10017 110 99747 0 0
109 94 10018 119 7168 0 0
78 67 10017 125 5677 0 0
101 96 10021 121 1591 0 0
53 3 10016 113 265 0 0
12 100 10022 127 85064 0 0
100 55 10017 118 4490 0 0
53 12 10015 118 5564 0 0
66 73 10013 124 29941 0 0
19 41 10021 121 1273 0 0
101 12 10019 119 1143 0 0
120 46 10018 112 23319 0 0
66 70 10014 121 2579 0 0
67 76 10019 114 6352 0 0
75 47 10020 121 7856 0 0
33 12 10022 117 15760 0 0
107 58 10021 124 3011 0 0
50 118 10022 117 4974 0 0
22 26 10015 124 7972 0 0
56 102 10018 128 13218 0 0
69 25 10018 120 7689 0 0
30 23 10018 119 5326 0 0
113 53 10013 123 1803 0 0
26 104 10025 123 6591 0 0
30 1 10017 124 2107 0 0
96 95 10023 119 19951 0 0
0 21 10013 122 6923 0 0
100 110 10018 116 20855 0 0
99 111 10025 119 999 0 0
108 110 10022 117 940 0 0
123 79 10012 110 6308 0 0
124 113 10020 122 7322 0 0
23 66 10022 118 3491 0 0
40 37 10021 119 30311 0 0
4 13 10026 115 2986 0 0
69 99 10019 125 7030 0 0
46 37 10019 120 1994 0 0
35 127 10022 118 5753 0 0
125 55 10018 119 5752 0 0
96 64 10025 121 9479 0 0
93 86 10016 116 6861 0 0
102 47 10018 122 914 0 0
73 78 10025 117 15453 0 0
40 11 10022 120 6579 0 0
6 113 10022 121 3581 0 0
79 48 10018 118 5505 0 0
106 6 10016 124 5250 0 0
110 36 10020 124 7333 0 0
79 26 10019 123 6036 0 0
116 86 10024 114 19218 0 0
127 114 10032 118 4057 0 0
61 122 10027 118 5303 0 0
65 11 10017 121 6575 0 0
32 114 10011 116 31138 0 0
111 4 10027 120 5972 0 0
22 66 10016 119 7090 0 0
11 1 10022 127 3704 0 0
37 80 10013 116 1131 0 0
55 89 10025 123 636 0 0
41 15 10028 120 7867 0 0
44 57 10022 118 2422 0 0
86 27 10015 115 4786 0 0
110 118 10021 118 5814 0 0
122 43 10015 124 2207 0 0
20 107 10025 116 47754 0 0
91 3 10017 114 1877 0 0
57 116 10022 116 1466 0 0
26 43 10026 123 6867 0 0
121 0 10023 122 982 0 0
100 66 10019 120 6035 0 0
96 87 10024 118 3711 0 0
83 79 10018 111 6570 0 0
114 24 10018 112 5918 0 0
1 120 10015 123 892 0 0
84 53 10026 124 2149 0 0
124 119 10021 117 6231 0 0
27 32 10022 125 3865 0 0
32 7 10012 125 6173 0 0
6 89 10021 121 5609 0 0
70 49 10020 122 7926 0 0
63 49 10021 124 6845 0 0
55 54 10027 121 2523 0 0
71 85 10016 114 20636 0 0
54 41 10018 122 42658 0 0
101 48 10022 119 5574 0 0
75 15 10021 121 9207 0 0
126 65 10022 113 60959 0 0
72 1 10019 125 12861 0 0
28 1 10021 126 29919 0 0
50 51 10023 123 1443 0 0
2 119 10020 116 4261 0 0
82 8 10019 124 5122 0 0
45 43 10020 125 48214 0 0
55 29 10026 118 7123 0 0
13 2 10011 115 9638 0 0
98 93 10022 125 8950 0 0
109 124 10019 124 6326 0 0
101 34 10023 125 14757 0 0
37 9 10014 114 943 0 0
115 88 10018 126 8671 0 0
107 49 10019 123 6023 0 0
64 74 10019 117 814 0 0
31 20 10023 117 812 0 0
60 29 10020 119 3713 0 0
42 10 10021 122 5744 0 0
67 118 10020 119 16774 0 0
46 36 10020 126 6599 0 0
0 67 10014 126 5069 0 0
47 23 10021 120 7623 0 0
104 13 10016 114 111931 0 0
10 46 10024 114 3046 0 0
23 36 10024 125 370 0 0
48 76 10019 115 27209 0 0
26 21 10027 124 2155 0 0
27 48 10023 121 965 0 0
39 83 10021 120 29360 0 0
114 39 10019 116 4856 0 0
97 65 10016 114 12453 0 0
58 32 10020 126 13516 0 0
124 48 10022 120 21139 0 0
34 16 10024 119 2131 0 0
19 69 10022 117 3590 0 0
18 3 10015 115 5561 0 0
10 120 10019 119 873858 0 0
39 120 10022 124 6877 0 0
44 81 10023 116 11123 0 0
34 2 10026 116 14135 0 0
95 83 10014 121 8533 0 0
54 96 10019 123 4084 0 0
8 14 10020 124 2106 0 0
122 9 10017 115 788 0 0
26 16 10028 120 2970 0 0
41 97 10029 114 1146 0 0
71 68 10017 122 25540 0 0
23 122 10025 119 7719 0 0
111 85 10028 115 6997 0 0
10 62 10025 119 6424 0 0
63 3 10022 116 4464 0 0
86 45 10018 123 1907 0 0
57 17 10024 122 4785 0 0
80 81 10023 118 2393 0 0
39 109 10023 120 4529 0 0
125 76 10020 116 4349 0 0
96 8 10027 125 3987 0 0
9 108 10019 117 4636 0 0
46 50 10022 121 5708 0 0
42 92 10022 131 9986 0 0
89 82 10025 119 4701 0 0
54 10 10020 123 5888 0 0
75 71 10022 118 7720 0 0
87 27 10023 116 6550 0 0
78 28 10019 119 2351 0 0
81 21 10017 125 6261 0 0
24 104 10012 124 7593 0 0
70 66 10022 122 2426 0 0
75 74 10023 118 4420 0 0
85 19 10020 125 22400 0 0
89 28 10024 120 4133 0 0
56 53 10019 125 2464 0 0
36 86 10012 117 3093 0 0
17 23 10026 122 3679 0 0
105 126 10026 133 4116 0 0
114 16 10020 121 2972 0 0
1 118 10018 120 18296 0 0
66 105 10018 114 5821 0 0
119 66 10027 121 616 0 0
94 65 10025 115 4485 0 0
31 18 10025 119 7739 0 0
1 104 10017 125 4367 0 0
115 80 10017 115 122928 0 0
83 112 10020 114 1324 0 0
40 38 10025 119 7045 0 0
99 71 10026 117 7313 0 0
114 13 10021 116 2753 0 0
52 111 10012 120 2010 0 0
28 101 10022 126 7514 0 0
3 124 10016 125 2677 0 0
29 0 10019 123 24828 0 0
124 125 10024 120 26937 0 0
66 12 10017 120 63768 0 0
108 97 10023 115 7647 0 0
89 71 10022 116 61835 0 0
42 33 10025 126 15399 0 0
102 106 10020 119 6498 0 0
29 3 10020 117 30283 0 0
69 4 10021 121 1473 0 0
52 100 10013 129 5516 0 0
76 21 10022 127 4741 0 0
65 9 10020 116 7739 0 0
5 121 10020 125 13148 0 0
105 39 10027 118 4665 0 0
90 94 10019 121 2543 0 0
89 76 10026 118 6933 0 0
15 41 10025 124 7797 0 0
64 38 10020 118 5087 0 0
19 60 10023 125 15060 0 0
110 113 10022 124 104 0 0
22 30 10018 121 7589 0 0
116 8 10027 127 3802 0 0
42 80 10023 117 2808 0 0
98 49 10024 128 5485 0 0
101 95 10024 122 18621 0 0
4 69 10027 118 76679 0 0
57 118 10025 121 2551 0 0
46 70 10023 122 2466 0 0
104 125 10017 121 886 0 0
42 27 10026 117 896 0 0
0 5 10015 115 102622 0 0
42 1 10024 129 7617 0 0
26 112 10029 115 2191 0 0
95 91 10015 122 29642 0 0
50 22 10024 119 4037 0 0
102 93 10019 127 7515 0 0
43 122 10017 121 977 0 0
47 123 10022 121 82266 0 0
34 42 10027 127 12612 0 0
94 86 10026 119 41236 0 0
43 36 10018 129 22540 0 0
69 10 10020 124 57484 0 0
125 7 10021 126 7364 0 0
74 23 10022 123 7592 0 0
94 41 10024 123 53953 0 0
31 30 10026 122 7784 0 0
51 103 10021 119 7918 0 0
103 100 10016 130 5963 0 0
100 92 10020 132 15497 0 0
10 119 10026 118 3951 0 0
96 48 10028 122 8326 0 0
93 81 10018 119 5743 0 0
47 36 10023 130 7100 0 0
107 91 10022 121 7491 0 0
46 17 10026 123 11012 0 0
30 55 10019 121 82 0 0
43 14 10019 125 2290 0 0
69 58 10022 126 5276 0 0
4 114 10028 120 7626 0 0
32 52 10015 121 7814 0 0
46 125 10025 122 18073 0 0
15 113 10026 123 49576 0 0
16 93 10019 129 7659 0 0
66 32 10016 127 108351 0 0
121 44 10024 117 7500 0 0
19 23 10025 124 5406 0 0
51 68 10017 120 635044 0 0
19 83 10024 122 1410 0 0
46 94 10024 120 5678 0 0
78 92 10022 133 2826 0 0
73 94 10028 122 4159 0 0
20 86 10030 120 6998 0 0
50 49 10026 129 3777 0 0
34 107 10025 119 191600 0 0
105 98 10029 123 1378 0 0
56 115 10020 124 6839 0 0
72 95 10022 123 3455 0 0
73 107 10027 120 4427 0 0
0 22 10016 120 5156 0 0
28 24 10023 113 922 0 0
50 2 10025 118 403 0 0
9 52 10020 122 11883 0 0
49 62 10024 121 3438 0 0
41 21 10030 128 736 0 0
95 54 10017 122 3920 0 0
83 72 10022 121 2345 0 0
11 109 10023 123 31573 0 0
68 47 10022 126 159 0 0
48 57 10015 113 897376 0 0
89 88 10027 129 7791 0 0
104 27 10019 118 2625 0 0
48 58 10021 128 6775 0 0
17 73 10027 125 2239 0 0
6 99 10024 126 4826 0 0
29 1 10021 130 7990 0 0
119 31 10028 120 6969 0 0
49 113 10022 125 1459 0 0
4 21 10029 129 1 0 0
63 18 10025 120 941 0 0
107 98 10023 124 1463 0 0
105 15 10028 123 4316 0 0
61 44 10029 116 31956 0 0
63 31 10024 119 30854 0 0
20 103 10028 120 8372 0 0
15 122 10028 123 3467 0 0
0 66 10017 124 49 0 0
86 62 10020 120 6212 0 0
15 120 10029 125 6242 0 0
62 38 10020 120 372 0 0
113 47 10015 127 3990 0 0
81 19 10016 124 201407 0 0
77 120 10027 126 7752 0 0
100 18 10021 121 6144 0 0
5 123 10021 122 4703 0 0
68 95 10021 124 25974 0 0
53 52 10018 123 7140 0 0
1 75 10020 117 12147 0 0
121 6 10025 126 7763 0 0
112 110 10028 118 582 0 0
116 100 10028 131 14909 0 0
11 15 10024 124 4819 0 0
102 43 10021 129 5147 0 0
53 54 10019 123 321 0 0
52 69 10014 119 5487 0 0
77 9 10028 117 110 0 0
32 97 10016 118 2992 0 0
72 67 10023 127 8861 0 0
23 30 10028 123 5367 0 0
95 102 10018 129 4960 0 0
98 114 10025 123 1653 0 0
51 97 10022 117 3020 0 0
50 106 10027 120 6492 0 0
45 10 10021 125 26705 0 0
27 86 10024 121 5556 0 0
14 121 10014 126 12423 0 0
41 11 10031 123 3876 0 0
86 26 10021 125 7168 0 0
18 118 10017 123 4025 0 0
8 7 10022 127 5638 0 0
35 36 10026 131 7234 0 0
1 49 10019 127 156024 0 0
122 100 10020 132 2063 0 0
10 66 10029 125 123 0 0
61 47 10030 125 31448 0 0
10 114 10028 122 4598 0 0
101 4 10025 122 23054 0 0
23 74 10026 119 25438 0 0
75 79 10024 116 5924 0 0
115 47 10019 128 6714 0 0
108 125 10024 124 7040 0 0
23 32 10027 128 7878 0 0
41 69 10032 120 5509 0 0
88 6 10020 127 20947 0 0
9 64 10021 122 4241 0 0
1 17 10021 124 30824 0 0
88 92 10021 135 22474 0 0
71 88 10019 128 6181 0 0
10 90 10027 122 2910 0 0
40 37 10027 122 2388 0 0
70 23 10023 126 4430 0 0
47 35 10024 119 4438 0 0
56 2 10022 119 17963 0 0
61 8 10031 128 5739 0 0
106 30 10017 124 7263 0 0
67 47 10021 129 3302 0 0
26 31 10030 123 5936 0 0
21 108 10022 120 1063 0 0
76 116 10024 117 5617 0 0
93 125 10019 125 5132 0 0
14 56 10015 112 2929 0 0
22 123 10019 123 771 0 0
115 57 10020 121 6446 0 0
77 73 10031 126 5979 0 0
73 62 10029 123 4154 0 0
58 95 10021 125 48016 0 0
52 106 10016 121 583 0 0
30 108 10021 121 7089 0 0
50 67 10028 128 151 0 0
118 113 10017 126 17209 0 0
44 96 10024 124 97519 0 0
54 120 10021 127 10578 0 0
91 33 10019 128 347 0 0
87 127 10025 120 953 0 0
72 79 10025 117 757 0 0
1 3 10022 119 10485 0 0
124 117 10026 116 4884 0 0
39 72 10011 113 991636 0 0
64 79 10023 118 7890 0 0
93 52 10020 125 4052 0 0
12 97 10024 119 1035 0 0
122 74 10021 120 6900 0 0
17 50 10028 122 43644 0 0
108 36 10025 132 7424 0 0
16 70 10021 123 24105 0 0
69 24 10023 114 5695 0 0
122 67 10022 130 7544 0 0
31 78 10027 120 1777 0 0
48 7 10022 128 23961 0 0
120 87 10019 119 4160 0 0
51 7 10023 130 4290 0 0
102 69 10024 122 4427 0 0
46 7 10027 131 4429 0 0
90 105 10020 115 60988 0 0
51 114 10024 124 14656 0 0
112 92 10029 134 6117 0 0
33 117 10023 115 6606 0 0
59 19 10023 126 2043 0 0
80 38 10024 121 1929 0 0
7 18 10023 122 13346 0 0
102 53 10023 127 4337 0 0
4 47 10030 130 6186 0 0
64 90 10021 123 10631 0 0
102 119 10022 119 23695 0 0
8 112 10023 117 7432 0 0
87 15 10027 125 6751 0 0
90 115 10021 125 5005 0 0
108 83 10026 123 4038 0 0
36 20 10014 118 589 0 0
92 19 10014 127 7315 0 0
98 7 10026 129 36081 0 0
26 72 10031 123 878 0 0
54 98 10023 125 10195 0 0
43 82 10020 121 37479 0 0
94 1 10029 132 6488 0 0
0 71 10019 119 4028 0 0
79 50 10022 124 6393 0 0
5 54 10022 124 3489 0 0
19 17 10026 125 50117 0 0
21 110 10023 120 7048 0 0
11 50 10025 123 14399 0 0
107 92 10024 136 3665 0 0
114 19 10022 128 7671 0 0
33 122 10024 126 2997 0 0
108 65 10028 117 913 0 0
41 72 10033 124 581 0 0
100 105 10023 116 14166 0 0
94 46 10028 116 93940 0 0
61 49 10033 132 5627 0 0
108 94 10027 123 4167 0 0
109 103 10020 121 5256 0 0
121 101 10026 127 5969 0 0
66 8 10021 129 5918 0 0
63 14 10027 128 11531 0 0
103 21 10017 130 7312 0 0
29 40 10023 111 521 0 0
123 74 10014 121 2805 0 0
20 59 10031 117 22920 0 0
3 100 10018 133 7612 0 0
89 54 10028 126 828 0 0
53 38 10020 122 23215 0 0
61 90 10032 125 6182 0 0
93 22 10022 123 7170 0 0
18 54 10019 125 14180 0 0
44 83 10027 124 13558 0 0
55 104 10028 126 3639 0 0
59 87 10022 120 6042 0 0
48 39 10023 121 5319 0 0
34 43 10030 132 7767 0 0
105 36 10031 133 11900 0 0
113 53 10016 128 4754 0 0
47 50 10025 125 1085 0 0
104 119 10020 120 5434 0 0
3 101 10020 128 8670 0 0
25 30 10022 126 2243 0 0
34 90 10028 124 8638 0 0
112 89 10031 124 7320 0 0
49 21 10025 131 8556 0 0
126 77 10024 123 90624 0 0
46 110 10029 121 3398 0 0
107 69 10025 123 5604 0 0
25 74 10021 122 6281 0 0
18 25 10020 124 2518 0 0
120 13 10021 118 5115 0 0
79 96 10024 125 7444 0 0
110 113 10023 128 24181 0 0
56 127 10024 122 1132 0 0
120 14 10020 127 77161 0 0
111 62 10030 124 589 0 0
52 40 10017 112 7372 0 0
36 50 10015 126 6480 0 0
109 18 10021 123 1430 0 0
101 114 10027 125 15039 0 0
98 62 10027 125 797 0 0
22 2 10020 120 23114 0 0
79 56 10025 113 6436 0 0
124 121 10027 128 5378 0 0
67 30 10023 125 7290 0 0
78 97 10024 122 252 0 0
23 81 10030 120 793 0 0
35 77 10027 124 6554 0 0
4 115 10032 126 14725 0 0
91 100 10020 134 38675 0 0
38 31 10015 124 29893 0 0
32 12 10017 122 3594 0 0
94 60 10031 126 2574 0 0
92 69 10016 124 3758 0 0
20 9 10032 118 18631 0 0
126 56 10025 114 7127 0 0
94 104 10030 127 12868 0 0
8 64 10024 124 5355 0 0
86 50 10023 127 4362 0 0
3 114 10019 126 5701 0 0
63 21 10028 132 11532 0 0
67 20 10024 119 6315 0 0
48 105 10024 117 7312 0 0
70 79 10025 119 6209 0 0
34 63 10031 120 11587 0 0
1 49 10023 133 4160 0 0
115 3 10021 120 33758 0 0
64 48 10025 124 5975 0 0
3 43 10017 131 41771 0 0
46 83 10030 126 17832 0 0
5 116 10023 120 12538 0 0
40 21 10029 133 1708 0 0
11 28 10026 123 353 0 0
13 37 10014 123 7213 0 0
34 117 10029 118 56020 0 0
94 108 10032 122 14947 0 0
61 116 10034 121 5185 0 0
102 25 10027 123 35346 0 0
2 24 10022 115 7556 0 0
100 32 10025 129 6207 0 0
59 35 10024 120 7443 0 0
103 66 10018 126 7080 0 0
74 80 10025 119 3443 0 0
99 100 10028 136 19953 0 0
32 22 10018 124 4799 0 0
62 64 10023 125 12602 0 0
4 71 10033 120 1714 0 0
7 117 10024 119 11133 0 0
64 39 10024 122 5627 0 0
67 82 10022 122 21705 0 0
93 123 10023 125 6713 0 0
9 40 10022 113 23523 0 0
40 64 10030 126 4244 0 0
3 1 10021 134 3587 0 0
4 3 10034 121 7097 0 0
120 17 10022 126 4299 0 0
30 67 10023 133 11612 0 0
87 42 10026 128 109875 0 0
100 94 10024 124 5209 0 0
61 38 10035 123 5267 0 0
125 16 10024 123 5098 0 0
29 125 10024 127 13660 0 0
120 116 10023 122 4960 0 0
53 83 10021 125 23854 0 0
60 92 10022 139 3274 0 0
79 25 10027 125 28933 0 0
104 74 10022 123 6378 0 0
0 100 10020 135 17993 0 0
33 70 10025 124 6314 0 0
1 29 10024 122 28565 0 0
37 123 10016 126 1171 0 0
117 83 10022 127 211 0 0
11 5 10028 118 5125 0 0
122 45 10025 124 25883 0 0
92 45 10018 125 7152 0 0
20 86 10033 122 4107 0 0
18 110 10023 122 6351 0 0
100 14 10026 129 5490 0 0
56 98 10025 126 2701 0 0
11 31 10027 125 19096 0 0
122 119 10026 125 3674 0 0
68 55 10024 123 12948 0 0
18 124 10022 127 30432 0 0
2 77 10023 125 6548 0 0
119 97 10029 123 2910 0 0
125 87 10023 123 9868 0 0
15 123 10031 127 6581 0 0
58 42 10023 130 3029 0 0
19 113 10028 129 5926 0 0
1 68 10025 127 890 0 0
72 76 10027 120 5414 0 0
28 121 10025 129 8455 0 0
5 111 10024 121 6290 0 0
73 125 10030 128 14088 0 0
110 43 10025 134 3017 0 0
37 28 10017 124 31477 0 0
93 123 10024 128 3413 0 0
43 86 10023 123 5903 0 0
85 68 10024 128 2586 0 0
103 69 10020 125 5830 0 0
20 111 10034 122 4704 0 0
82 84 10022 120 2395 0 0
67 7 10025 133 3300 0 0
8 62 10027 127 5573 0 0
56 119 10026 124 7112 0 0
112 56 10032 116 2690 0 0
32 2 10019 121 7408 0 0
25 82 10023 123 3757 0 0
18 15 10024 126 2486 0 0
18 96 10021 126 92116 0 0
76 91 10025 127 376 0 0
110 106 10027 123 7230 0 0
74 59 10023 116 484885 0 0
108 112 10030 118 1620 0 0
39 59 10025 118 5470 0 0
12 32 10026 131 4290 0 0
4 57 10035 122 6612 0 0
111 55 10031 122 91631 0 0
70 81 10027 122 157 0 0
123 58 10015 129 6580 0 0
22 82 10021 124 10025 0 0
12 56 10025 115 6597 0 0
100 119 10027 126 2970 0 0
117 114 10023 128 3601 0 0
6 8 10027 130 27668 0 0
38 11 10017 124 14870 0 0
72 99 10026 128 18147 0 0
82 126 10021 135 1597 0 0
110 38 10026 124 3153 0 0
106 63 10019 121 12854 0 0
81 95 10019 129 3156 0 0
67 44 10026 121 3778 0 0
4 77 10036 126 7245 0 0
56 113 10023 127 299678 0 0
37 64 10019 129 5374 0 0
1 47 10026 133 5116 0 0
42 18 10029 124 5998 0 0
25 93 10024 131 28381 0 0
102 75 10028 119 97755 0 0
101 14 10028 130 9128 0 0
3 36 10022 135 3679 0 0
115 50 10023 130 3254 0 0
10 113 10031 130 628 0 0
78 16 10025 125 7093 0 0
96 68 10030 130 2893 0 0
58 9 10025 119 4866 0 0
47 116 10027 123 10897 0 0
103 68 10022 131 502 0 0
53 127 10023 125 4295 0 0
4 95 10037 128 4519 0 0
8 84 10028 121 441 0 0
10 82 10032 125 1319 0 0
77 26 10032 127 4410 0 0
17 92 10029 140 5281 0 0
105 78 10032 121 6281 0 0
0 10 10022 127 6288 0 0
105 36 10033 136 6026 0 0
79 45 10029 127 5144 0 0
25 36 10025 134 22602 0 0
67 99 10027 129 4105 0 0
122 52 10027 126 10116 0 0
78 79 10026 120 4798 0 0
30 123 10024 129 4695 0 0
84 87 10029 125 2671 0 0
110 81 10028 123 3208 0 0
29 32 10026 132 7256 0 0
1 30 10027 127 7792 0 0
93 96 10026 128 5730 0 0
109 18 10023 125 4093 0 0
105 126 10034 136 5890 0 0
70 74 10029 124 7623 0 0
20 94 10036 125 6386 0 0
72 52 10028 127 5055 0 0
93 11 10025 125 6428 0 0
50 53 10030 129 5898 0 0
102 127 10029 126 6076 0 0
5 89 10025 126 1935 0 0
115 59 10024 119 21002 0 0
120 96 10024 129 2013 0 0
27 11 10025 126 1224 0 0
54 29 10024 123 7986 0 0
55 27 10029 121 77907 0 0
19 64 10029 130 7666 0 0
124 11 10029 127 4555 0 0
70 76 10031 122 1145 0 0
23 0 10032 125 2453 0 0
32 122 10020 128 4113 0 0
120 9 10025 120 7741 0 0
108 28 10031 125 594 0 0
20 67 10037 135 4874 0 0
65 51 10024 128 153 0 0
57 99 10026 130 6185 0 0
97 77 10018 127 4457 0 0
110 75 10024 120 87803 0 0
62 41 10025 129 5957 0 0
102 31 10030 126 7577 0 0
84 87 10031 126 3779 0 0
33 95 10026 127 20904 0 0
61 36 10037 138 12475 0 0
19 13 10030 121 6589 0 0
12 81 10027 124 2314 0 0
37 76 10022 121 7829 0 0
46 117 10031 121 1016 0 0
62 67 10024 134 11553 0 0
92 36 10019 137 7891 0 0
69 30 10025 128 643 0 0
97 10 10019 128 4788 0 0
97 8 10020 131 5602 0 0
53 91 10022 124 54139 0 0
50 108 10031 124 5718 0 0
92 91 10021 130 6166 0 0
105 114 10036 130 1259 0 0
44 72 10029 125 6145 0 0
35 1 10028 137 5575 0 0
42 37 10030 126 10426 0 0
7 81 10025 125 2035 0 0
2 85 10025 120 6390 0 0
6 91 10028 129 813 0 0
0 78 10023 123 6749 0 0
107 30 10026 129 10869 0 0
72 77 10031 129 168 0 0
81 72 10020 126 3468 0 0
111 127 10032 127 2349 0 0
23 16 10033 129 7878 0 0
79 37 10028 125 5374 0 0
70 16 10028 126 5217 0 0
75 15 10027 127 6188 0 0
122 28 10029 126 10416 0 0
52 23 10018 128 6822 0 0
66 71 10024 122 7757 0 0
18 83 10025 128 56662 0 0
106 109 10023 127 7226 0 0
70 65 10032 118 1985 0 0
93 120 10027 129 4431 0 0
124 73 10030 127 33676 0 0
127 41 10035 131 7689 0 0
8 46 10029 117 2226 0 0
33 100 10028 138 3171 0 0
92 116 10020 125 15711 0 0
49 46 10027 118 2960 0 0
85 16 10025 127 5038 0 0
123 87 10016 127 4023 0 0
15 55 10032 125 61382 0 0
91 81 10024 127 6754 0 0
72 98 10030 127 6584 0 0
101 81 10029 126 170 0 0
33 77 10030 128 336 0 0
103 49 10023 134 72673 0 0
114 125 10024 130 5292 0 0
71 72 10022 127 15373 0 0
121 125 10027 126 417633 0 0
15 36 10033 139 7858 0 0
91 0 10023 126 23797 0 0
121 79 10029 122 6899 0 0
55 32 10031 133 6889 0 0
122 121 10030 130 4960 0 0
9 31 10023 127 62676 0 0
100 109 10029 128 282 0 0
29 94 10028 126 17798 0 0
1 2 10028 123 6587 0 0
35 101 10029 129 6652 0 0
47 40 10028 114 3854 0 0
115 87 10025 128 3232 0 0
80 101 10029 130 6293 0 0
111 103 10034 122 2881 0 0
10 88 10030 132 57 0 0
28 90 10026 127 3362 0 0
77 35 10033 121 3199 0 0
21 95 10024 130 7193 0 0
97 101 10021 133 7345 0 0
72 125 10029 129 19753 0 0
93 39 10028 123 7469 0 0
60 118 10024 125 6182 0 0
88 41 10025 130 30581 0 0
34 2 10032 122 7739 0 0
9 21 10025 135 2012 0 0
117 78 10025 124 1568 0 0
102 126 10031 138 584 0 0
15 18 10034 127 10772 0 0
90 27 10023 122 4420 0 0
6 126 10029 137 6131 0 0
81 30 10021 130 6843 0 0
30 27 10025 125 7008 0 0
38 112 10019 119 3495 0 0
57 63 10027 122 4170 0 0
33 77 10031 130 12368 0 0
86 46 10025 119 4642 0 0
111 97 10033 126 5547 0 0
54 27 10025 123 10685 0 0
14 89 10016 127 6203 0 0
49 57 10030 123 7867 0 0
124 5 10032 119 642 0 0
14 69 10017 128 22411 0 0
84 47 10032 134 6948 0 0
9 75 10024 121 5529 0 0
64 31 10028 129 5936 0 0
28 48 10028 125 5933 0 0
76 71 10026 124 16 0 0
72 33 10032 129 4610 0 0
125 14 10025 133 5436 0 0
49 83 10028 129 28710 0 0
41 17 10035 129 3255 0 0
33 16 10029 130 7737 0 0
90 9 10024 122 3978 0 0
111 27 10035 124 2496 0 0
110 127 10030 128 5798 0 0
31 116 10029 124 171021 0 0
125 121 10026 131 6835 0 0
59 77 10026 131 4117 0 0
107 9 10027 121 41999 0 0
51 24 10026 117 1712 0 0
46 60 10032 129 6016 0 0
109 44 10025 122 1845 0 0
32 110 10021 123 7749 0 0
22 51 10024 130 2812 0 0
109 86 10024 126 6549 0 0
49 85 10029 121 6638 0 0
8 35 10030 122 4697 0 0
127 87 10036 130 2238 0 0
61 119 10039 128 5548 0 0
123 4 10017 123 6626 0 0
102 72 10032 128 4735 0 0
100 58 10028 130 113452 0 0
73 18 10033 126 18474 0 0
44 8 10030 133 225 0 0
33 38 10032 125 2520 0 0
63 28 10031 127 1653 0 0
99 97 10030 127 19792 0 0
26 58 10032 131 12972 0 0
52 98 10019 128 7969 0 0
6 51 10030 131 14568 0 0
36 71 10019 123 3787 0 0
14 95 10018 131 5752 0 0
116 115 10031 130 7520 0 0
16 33 10024 130 5503 0 0
118 121 10022 132 889 0 0
34 49 10034 135 5273 0 0
94 15 10034 128 115751 0 0
40 65 10035 119 6168 0 0
26 125 10035 131 3016 0 0
62 60 10026 130 4647 0 0
101 103 10031 123 1920 0 0
103 111 10025 128 3676 0 0
14 86 10019 127 5444 0 0
26 1 10034 138 6728 0 0
66 39 10025 125 6609 0 0
116 118 10032 127 2914 0 0
104 111 10026 129 553 0 0
53 45 10024 128 14155 0 0
89 61 10033 125 18085 0 0
58 34 10026 127 12130 0 0
10 111 10033 126 22774 0 0
67 23 10028 129 105142 0 0
40 87 10036 131 1601 0 0
101 65 10030 120 4358 0 0
104 111 10027 130 7262 0 0
57 81 10028 130 2761 0 0
48 11 10025 128 7614 0 0
106 7 10024 134 5812 0 0
38 112 10020 121 2217 0 0
60 32 10025 134 4951 0 0
104 73 10025 128 4603 0 0
58 115 10024 129 334936 0 0
121 52 10030 131 6727 0 0
56 75 10030 123 6541 0 0
69 46 10026 120 29755 0 0
90 1 10025 139 1865 0 0
85 16 10026 128 69433 0 0
96 0 10031 128 5177 0 0
19 96 10032 130 30987 0 0
111 77 10036 132 75698 0 0
113 63 10019 123 281 0 0
20 1 10039 140 5802 0 0
91 19 10025 132 5530 0 0
2 59 10026 120 589 0 0
89 47 10034 135 30843 0 0
28 84 10030 124 5887 0 0
89 94 10035 128 59357 0 0
97 26 10022 128 12048 0 0
47 62 10029 128 5839 0 0
113 10 10020 130 5100 0 0
27 25 10028 126 3258 0 0
121 0 10031 127 33915 0 0
99 40 10031 115 1093 0 0
9 45 10026 129 934 0 0
12 60 10029 131 5569 0 0
53 36 10026 141 4467 0 0
48 38 10026 126 9088 0 0
53 124 10025 130 7965 0 0
62 120 10027 131 2199 0 0
28 62 10032 129 621 0 0
99 41 10032 132 2605 0 0
31 29 10030 124 7143 0 0
43 77 10026 133 23273 0 0
73 33 10034 131 580 0 0
28 116 10031 128 5535 0 0
39 67 10026 137 5265 0 0
6 111 10033 131 3280 0 0
106 5 10025 120 7588 0 0
100 43 10031 136 4055 0 0
73 94 10032 127 28627 0 0
37 18 10024 128 18611 0 0
96 117 10032 122 7594 0 0
108 23 10032 130 1795 0 0
18 30 10028 131 3183 0 0
52 59 10020 121 12288 0 0
15 9 10036 123 3826 0 0
74 76 10028 124 6895 0 0
119 33 10031 132 1 0 0
66 81 10026 128 5515 0 0
110 44 10031 123 17438 0 0
78 35 10027 123 7220 0 0
127 3 10038 124 5084 0 0
75 77 10029 135 4765 0 0
86 72 10026 129 19918 0 0
68 123 10026 131 21463 0 0
40 88 10031 133 9612 0 0
118 55 10021 128 3856 0 0
90 85 10022 119 477869 0 0
125 93 10027 134 7322 0 0
1 22 10029 125 48579 0 0
102 32 10034 135 5998 0 0
110 57 10032 124 1312 0 0
15 97 10035 128 11828 0 0
38 19 10021 133 7013 0 0
12 78 10028 126 46759 0 0
111 120 10037 132 25136 0 0
96 21 10033 136 7419 0 0
72 10 10034 131 4782 0 0
69 58 10027 133 4124 0 0
92 48 10023 127 6113 0 0
88 29 10026 125 400 0 0
118 89 10023 129 4734 0 0
21 119 10025 129 7749 0 0
49 66 10031 129 6060 0 0
27 13 10027 122 6040 0 0
39 7 10024 132 418592 0 0
123 38 10018 127 19157 0 0
120 32 10027 136 4414 0 0
58 60 10028 132 535 0 0
97 64 10023 131 4794 0 0
32 127 10022 129 5034 0 0
58 77 10027 134 7458 0 0
87 122 10030 130 8607 0 0
83 1 10025 141 250 0 0
0 58 10026 132 56266 0 0
102 74 10035 126 5573 0 0
38 22 10022 127 1007 0 0
9 7 10028 135 11070 0 0
113 53 10024 130 15681 0 0
70 30 10034 132 5030 0 0
120 46 10026 121 6898 0 0
10 22 10035 126 6697 0 0
69 71 10028 127 7150 0 0
53 121 10027 133 6802 0 0
67 74 10029 127 7040 0 0
15 91 10037 131 4465 0 0
43 108 10028 125 4393 0 0
28 93 10029 133 4418 0 0
112 75 10035 124 15454 0 0
89 119 10037 131 2740 0 0
122 118 10031 129 6128 0 0
20 113 10042 131 8423 0 0
119 47 10032 137 1265 0 0
37 115 10025 132 847 0 0
105 97 10037 131 7388 0 0
42 106 10031 126 19878 0 0
73 118 10035 128 4366 0 0
65 38 10026 129 5529 0 0
21 17 10026 130 2628 0 0
53 11 10028 130 7743 0 0
68 92 10027 141 4832 0 0
103 42 10026 131 3385 0 0
58 59 10029 123 23064 0 0
123 72 10019 130 4034 0 0
14 21 10020 137 17406 0 0
104 30 10029 133 7698 0 0
97 27 10025 126 2829 0 0
43 103 10029 124 4783 0 0
72 54 10037 127 3577 0 0
19 73 10033 129 7547 0 0
113 97 10022 129 5130 0 0
112 16 10036 131 23351 0 0
96 111 10034 132 1254 0 0
70 89 10035 130 4904 0 0
127 21 10039 138 5368 0 0
14 58 10021 134 7678 0 0
44 55 10031 129 5251 0 0
24 9 10016 124 55300 0 0
26 16 10036 132 9547 0 0
66 100 10027 140 6915 0 0
61 36 10041 142 2227 0 0
3 89 10024 131 10525 0 0
124 48 10033 128 30043 0 0
44 119 10033 130 24842 0 0
73 62 10037 130 4465 0 0
29 88 10029 136 5525 0 0
28 37 10033 127 25728 0 0
88 64 10027 132 11715 0 0
16 104 10025 129 6804 0 0
101 32 10032 138 197 0 0
6 62 10034 131 815 0 0
73 117 10036 123 12199 0 0
20 71 10041 126 49742 0 0
125 40 10028 117 1961 0 0
127 51 10040 134 4113 0 0
62 52 10028 133 13639 0 0
126 127 10029 133 3391 0 0
124 27 10034 127 2909 0 0
16 127 10026 131 4843 0 0
113 83 10023 130 31331 0 0
62 127 10029 132 3202 0 0
70 124 10036 133 994 0 0
70 68 10037 133 7717 0 0
91 3 10026 125 21860 0 0
33 106 10033 128 5080 0 0
107 15 10030 129 6739 0 0
12 16 10020 114 1783526 0 0
30 46 10026 122 1547 0 0
67 64 10031 133 14425 0 0
90 100 10028 142 585 0 0
72 32 10035 137 25697 0 0
75 66 10031 130 7487 0 0
39 80 10029 123 6522 0 0
127 103 10041 125 6753 0 0
2 16 10029 133 10464 0 0
53 9 10029 125 7521 0 0
20 86 10040 128 30108 0 0
90 39 10027 126 6855 0 0
45 98 10024 129 12979 0 0
15 91 10039 132 27615 0 0
108 101 10034 134 6545 0 0
1 119 10030 134 1355 0 0
31 86 10031 129 4314 0 0
49 108 10033 126 2813 0 0
48 71 10027 128 42919 0 0
107 88 10029 134 29408 0 0
111 106 10040 129 6959 0 0
32 59 10024 124 5089 0 0
35 4 10032 124 5739 0 0
28 52 10034 134 3112 0 0
61 3 10042 126 16925 0 0
49 117 10032 126 10665 0 0
93 33 10030 134 6083 0 0
47 116 10031 129 7210 0 0
124 127 10035 135 309 0 0
8 122 10032 131 27596 0 0
114 43 10026 137 5089 0 0
53 38 10012 116 1156239 0 0
52 26 10021 129 276 0 0
125 50 10029 132 6325 0 0
35 119 10031 133 10073 0 0
36 92 10022 143 5757 0 0
95 0 10022 129 7779 0 0
111 38 10038 130 65154 0 0
26 50 10037 133 7507 0 0
44 22 10035 128 8548 0 0
59 6 10028 131 8872 0 0
11 43 10029 138 8240 0 0
51 53 10030 131 14874 0 0
55 12 10032 126 7255 0 0
34 100 10035 141 6392 0 0
53 104 10030 131 11146 0 0
30 124 10027 134 222 0 0
79 75 10023 118 442950 0 0
54 62 10027 133 14626 0 0
116 122 10034 133 4444 0 0
81 88 10022 137 3382 0 0
97 63 10027 125 6405 0 0
46 86 10033 130 5240 0 0
65 8 10027 135 15077 0 0
11 10 10031 132 17628 0 0
115 123 10028 134 5094 0 0
11 82 10030 126 5110 0 0
90 112 10029 123 3492 0 0
89 54 10038 129 7860 0 0
96 102 10037 137 5423 0 0
119 103 10033 126 2764 0 0
8 0 10033 130 233 0 0
86 117 10029 128 4224 0 0
37 127 10027 134 7793 0 0
82 56 10023 119 4819 0 0
30 112 10028 124 1839 0 0
93 60 10031 133 5400 0 0
116 86 10033 131 13887 0 0
125 124 10030 135 1057 0 0
27 44 10030 124 7406 0 0
18 117 10030 127 4397 0 0
83 66 10026 131 11771 0 0
1 20 10031 120 7868 0 0
17 28 10032 129 7876 0 0
29 126 10030 140 4564 0 0
127 17 10042 132 4203 0 0
61 48 10043 129 5124 0 0
71 12 10023 127 6934 0 0
77 105 10035 119 492 0 0
7 73 10026 130 7103 0 0
114 56 10027 121 5482 0 0
87 56 10031 120 7355 0 0
107 112 10031 125 424 0 0
46 102 10034 135 1168 0 0
67 121 10032 134 3557 0 0
12 104 10031 133 5242 0 0
45 35 10025 124 11186 0 0
65 123 10028 132 5827 0 0
7 84 10027 126 1947 0 0
12 39 10030 127 4327 0 0
31 39 10032 128 6796 0 0
75 5 10033 121 25868 0 0
68 27 10030 128 4079 0 0
122 114 10032 133 4159 0 0
58 33 10030 135 215 0 0
108 103 10035 127 3030 0 0
55 102 10034 136 6145 0 0
13 95 10017 133 6215 0 0
109 68 10029 134 12858 0 0
29 7 10031 136 2887 0 0
14 70 10022 128 3515 0 0
107 87 10032 132 5247 0 0
123 39 10021 129 2894 0 0
42 78 10032 127 63513 0 0
2 16 10030 135 90204 0 0
88 50 10030 135 1561 0 0
26 91 10038 135 407 0 0
72 94 10038 129 4449 0 0
3 8 10025 137 5055 0 0
23 125 10037 134 5014 0 0
54 76 10026 126 3481 0 0
47 16 10032 136 3528 0 0
39 96 10030 133 1683 0 0
69 66 10031 132 14735 0 0
39 25 10031 128 1224 0 0
90 116 10030 130 31425 0 0
21 36 10029 143 10315 0 0
93 77 10032 138 3612 0 0
107 44 10033 125 1081 0 0
57 90 10029 129 4752 0 0
58 82 10031 128 5277 0 0
96 22 10039 129 5798 0 0
88 109 10029 130 14249 0 0
88 102 10028 134 20545 0 0
33 1 10035 143 31304 0 0
32 119 10025 136 4329 0 0
113 11 10025 131 28543 0 0
118 86 10024 132 3672 0 0
20 19 10044 134 13290 0 0
103 74 10027 128 13288 0 0
106 12 10027 128 6465 0 0
116 106 10035 130 7125 0 0
67 42 10034 132 4339 0 0
43 99 10031 133 6276 0 0
73 82 10020 118 533409 0 0
20 102 10043 138 4649 0 0
72 70 10039 130 4771 0 0
73 112 10038 126 7327 0 0
121 123 10032 135 4461 0 0
37 77 10028 137 5666 0 0
65 70 10030 131 5854 0 0
90 37 10031 128 2209 0 0
116 122 10036 134 6685 0 0
60 70 10026 129 27063 0 0
84 59 10034 125 5722 0 0
115 81 10029 132 2854 0 0
105 106 10040 131 5994 0 0
92 56 10024 122 3579 0 0
79 52 10031 136 15037 0 0
56 39 10032 130 2668 0 0
24 73 10018 131 3361 0 0
85 93 10029 137 6001 0 0
13 75 10016 126 6430 0 0
86 108 10031 127 19308 0 0
71 21 10025 140 1930 0 0
33 28 10036 130 3894 0 0
91 32 10027 140 16355 0 0
64 81 10029 133 5032 0 0
108 83 10036 133 1180 0 0
120 58 10029 135 156 0 0
18 34 10031 128 22167 0 0
96 69 10038 131 4835 0 0
106 31 10029 130 5331 0 0
47 127 10034 139 94 0 0
72 18 10036 129 70002 0 0
9 17 10029 133 3884 0 0
34 29 10036 126 6219 0 0
85 25 10028 129 15006 0 0
104 98 10032 132 3655 0 0
41 98 10036 130 82649 0 0
27 25 10031 131 6620 0 0
87 79 10034 127 2354 0 0
36 68 10024 135 4884 0 0
88 120 10031 136 4893 0 0
92 45 10025 130 917 0 0
29 51 10032 135 1944 0 0
75 68 10035 137 3654 0 0
49 122 10034 135 4070 0 0
105 40 10038 118 27375 0 0
101 35 10033 125 20072 0 0
127 71 10044 131 6850 0 0
19 30 10034 134 182660 0 0
38 89 10023 133 913 0 0
20 48 10045 130 5568 0 0
109 87 10030 133 6253 0 0
67 36 10036 144 7986 0 0
55 72 10035 131 15432 0 0
67 0 10035 131 7391 0 0
10 47 10037 139 28991 0 0
105 82 10039 129 10988 0 0
10 0 10040 132 3756 0 0
44 111 10036 134 9852 0 0
18 122 10032 136 3887 0 0
32 12 10027 129 27639 0 0
8 75 10034 128 4642 0 0
16 69 10028 132 3979 0 0
10 64 10039 134 1601 0 0
58 111 10032 135 11411 0 0
104 101 10033 135 24462 0 0
106 114 10030 135 6936 0 0
0 18 10027 131 5806 0 0
87 15 10035 130 6734 0 0
123 61 10022 128 12498 0 0
113 74 10027 130 14084 0 0
110 80 10034 124 40809 0 0
13 59 10018 126 3838 0 0
102 80 10036 125 27832 0 0
96 108 10041 128 3091 0 0
17 67 10033 138 54462 0 0
81 120 10025 137 14021 0 0
100 13 10032 125 5006 0 0
52 73 10022 132 4775 0 0
37 14 10030 135 6798 0 0
9 52 10030 137 625 0 0
87 19 10037 135 6311 0 0
72 8 10040 140 7392 0 0
85 53 10030 132 5881 0 0
111 88 10041 140 1825 0 0
62 30 10030 135 1740 0 0
0 68 10028 136 4109 0 0
82 89 10027 135 4728 0 0
56 92 10033 144 1703 0 0
93 61 10034 129 6881 0 0
76 90 10027 132 5701 0 0
42 95 10034 134 2212 0 0
72 20 10041 121 6633 0 0
5 41 10026 134 6678 0 0
52 114 10023 136 4715 0 0
21 5 10031 122 4090 0 0
10 54 10038 131 72145 0 0
54 75 10028 127 4800 0 0
106 50 10031 136 354 0 0
99 56 10033 123 8838 0 0
71 26 10026 131 4605 0 0
37 85 10029 123 30929 0 0
87 48 10038 131 4962 0 0
51 55 10031 130 6475 0 0
78 11 10029 133 2970 0 0
93 84 10035 127 551 0 0
82 54 10026 132 2955 0 0
31 9 10033 126 4431 0 0
14 23 10023 136 8193 0 0
95 92 10025 145 9128 0 0
3 96 10026 135 12052 0 0
73 57 10039 125 6869 0 0
61 35 10045 126 2305 0 0
27 11 10032 134 922 0 0
6 23 10035 134 80634 0 0
40 64 10040 135 4498 0 0
78 76 10030 127 6938 0 0
61 91 10044 136 7630 0 0
7 35 10029 127 17319 0 0
101 108 10036 129 2371 0 0
0 107 10029 123 2969 0 0
4 115 10039 133 5644 0 0
115 96 10030 136 5377 0 0
39 79 10033 128 4568 0 0
19 124 10036 136 4234 0 0
33 26 10037 132 1883 0 0
16 25 10030 132 2798 0 0
88 0 10032 133 4372 0 0
2 74 10032 132 2913 0 0
97 34 10030 129 11486 0 0
115 7 10031 138 6006 0 0
109 106 10033 132 6501 0 0
101 61 10035 130 5380 0 0
51 72 10032 132 5782 0 0
124 60 10037 135 483 0 0
66 65 10028 122 16847 0 0
76 73 10029 133 22196 0 0
77 76 10036 129 3148 0 0
63 0 10033 134 1571 0 0
42 40 10036 119 5434 0 0
85 95 10032 135 4331 0 0
47 116 10033 131 47049 0 0
110 111 10036 136 7570 0 0
2 103 10031 130 13571 0 0
118 72 10026 133 3195 0 0
109 23 10032 137 1299 0 0
37 86 10031 133 3680 0 0
126 44 10030 126 9252 0 0
82 85 10028 124 5994 0 0
53 64 10031 136 24679 0 0
72 90 10042 133 10559 0 0
24 79 10019 129 8993 0 0
109 38 10031 131 28024 0 0
33 115 10038 134 9683 0 0
104 57 10034 126 18786 0 0
2 77 10033 139 17240 0 0
101 56 10034 125 2934 0 0
26 125 10039 136 4385 0 0
40 39 10041 131 1633 0 0
126 78 10031 129 16504 0 0
42 29 10035 127 2622 0 0
62 55 10031 131 29198 0 0
71 26 10027 133 3342 0 0
67 93 10037 138 4652 0 0
76 90 10030 134 7779 0 0
53 34 10032 130 2559 0 0
37 76 10032 128 3364 0 0
83 120 10028 139 5640 0 0
100 54 10033 133 13077 0 0
76 29 10031 128 3499 0 0
92 71 10026 133 4541 0 0
27 17 10034 134 6967 0 0
94 112 10037 128 12928 0 0
19 43 10037 140 4140 0 0
8 52 10036 138 8716 0 0
90 78 10032 130 3958 0 0
96 77 10042 140 5741 0 0
39 56 10034 126 15856 0 0
111 109 10042 131 7413 0 0
58 6 10033 135 3841 0 0
97 119 10031 137 14461 0 0
28 6 10037 134 6101 0 0
112 118 10037 132 7674 0 0
42 97 10033 133 49102 0 0
114 73 10028 134 6143 0 0
104 68 10035 138 10014 0 0
99 57 10034 127 7705 0 0
64 18 10030 133 6582 0 0
29 80 10034 126 15524 0 0
44 75 10037 131 853 0 0
116 48 10038 132 9343 0 0
43 107 10032 124 6728 0 0
108 13 10037 124 180884 0 0
111 103 10043 131 4127 0 0
90 57 10033 128 865 0 0
19 104 10038 134 6039 0 0
113 41 10028 135 13964 0 0
95 118 10026 131 4639 0 0
20 55 10047 132 3111 0 0
124 41 10038 136 5736 0 0
96 26 10043 134 9962 0 0
82 35 10029 128 1600 0 0
110 21 10037 142 3634 0 0
118 55 10027 133 4498 0 0
2 99 10034 134 1421 0 0
14 95 10025 136 14906 0 0
6 69 10036 133 14816 0 0
77 67 10038 140 1941 0 0
62 57 10032 130 4364 0 0
93 46 10036 124 7550 0 0
61 69 10046 134 4865 0 0
22 54 10028 134 5013 0 0
114 123 10029 136 5987 0 0
33 36 10039 146 7544 0 0
22 0 10027 135 11717 0 0
70 72 10039 135 7729 0 0
76 75 10032 132 7084 0 0
6 42 10038 137 4742 0 0
18 84 10033 128 5826 0 0
74 104 10029 135 7926 0 0
124 60 10039 137 1356 0 0
36 15 10026 131 24529 0 0
117 120 10030 141 11460 0 0
10 104 10042 136 2598 0 0
100 84 10034 129 4110 0 0
94 27 10038 130 2659 0 0
49 11 10037 136 6949 0 0
50 122 10032 137 319 0 0
13 95 10019 137 5006 0 0
72 57 10043 129 11456 0 0
121 122 10033 138 15694 0 0
35 88 10035 141 1577 0 0
5 10 10027 135 7954 0 0
63 9 10035 127 6381 0 0
120 61 10031 131 8790 0 0
61 9 10047 128 4164 0 0
125 17 10031 136 6700 0 0
110 124 10038 137 6358 0 0
14 39 10026 132 6611 0 0
34 105 10037 121 11451 0 0
11 19 10032 137 4402 0 0
72 116 10044 133 80 0 0
63 29 10036 129 1278 0 0
93 118 10037 133 2450 0 0
65 71 10032 134 2986 0 0
62 105 10033 123 604 0 0
15 34 10040 132 5286 0 0
47 60 10037 138 2000 0 0
65 78 10033 131 7580 0 0
38 67 10026 141 7078 0 0
87 6 10033 132 111293 0 0
6 121 10037 137 25691 0 0
44 69 10038 136 3422 0 0
105 91 10041 137 2862 0 0
124 70 10040 133 6105 0 0
92 34 10027 133 5470 0 0
79 57 10033 131 1962 0 0
35 53 10036 133 4717 0 0
111 82 10044 132 4757 0 0
93 21 10039 144 2895 0 0
51 7 10033 139 28421 0 0
108 109 10038 132 3745 0 0
23 95 10038 139 573 0 0
60 36 10027 145 31048 0 0
41 92 10037 147 3530 0 0
93 21 10038 143 7173 0 0
22 52 10029 140 4729 0 0
91 98 10028 134 3376 0 0
101 95 10037 138 10770 0 0
48 60 10030 139 6284 0 0
73 2 10040 126 6202 0 0
6 42 10039 138 4293 0 0
37 31 10034 131 53 0 0
67 44 10038 128 11334 0 0
15 125 10041 137 7215 0 0
118 13 10028 126 50 0 0
8 72 10037 136 30255 0 0
38 52 10027 141 832 0 0
40 101 10043 138 7472 0 0
18 50 10034 137 12193 0 0
24 28 10022 132 3674 0 0
92 86 10031 134 5718 0 0
121 84 10034 130 50435 0 0
26 41 10041 137 1722 0 0
21 65 10032 123 5129 0 0
47 116 10038 134 4124 0 0
96 72 10044 134 526 0 0
92 35 10030 130 1538 0 0
31 17 10034 137 4397 0 0
88 42 10034 139 6678 0 0
124 108 10041 132 3108 0 0
70 88 10041 143 8789 0 0
23 13 10040 127 7850 0 0
104 97 10037 135 2312 0 0
42 51 10040 137 5812 0 0
52 1 10025 144 4167 0 0
36 63 10027 128 15920 0 0
42 25 10039 134 4574 0 0
1 12 10032 131 8282 0 0
90 20 10034 122 5854 0 0
35 95 10037 140 5423 0 0
22 0 10030 137 792 0 0
84 36 10035 147 1280 0 0
56 51 10036 138 4107 0 0
51 120 10034 142 5669 0 0
60 71 10028 135 4102 0 0
72 120 10045 140 7795 0 0
63 114 10037 137 7412 0 0
1 9 10033 129 5652 0 0
88 60 10035 140 150 0 0
72 47 10021 123 593295 0 0
61 107 10048 126 7728 0 0
122 62 10033 134 7042 0 0
20 23 10049 140 3875 0 0
84 81 10036 134 5839 0 0
117 11 10031 137 4811 0 0
71 37 10029 129 7166 0 0
35 83 10038 135 7013 0 0
9 105 10032 124 5978 0 0
52 72 10026 138 4635 0 0
56 79 10035 130 6041 0 0
74 4 10030 126 37863 0 0
82 50 10031 139 7488 0 0
13 119 10020 138 8723 0 0
49 73 10038 136 900 0 0
102 97 10038 136 9685 0 0
28 78 10038 132 1736 0 0
36 86 10028 136 13549 0 0
56 62 10037 136 7229 0 0
33 91 10040 139 3356 0 0
12 101 10034 139 7032 0 0
3 46 10027 126 7674 0 0
107 8 10034 144 1028 0 0
113 3 10031 127 7081 0 0
42 55 10041 134 7002 0 0
64 72 10032 140 49022 0 0
26 72 10043 139 2113 0 0
84 80 10037 128 12488 0 0
113 117 10030 129 76665 0 0
61 19 10049 138 6976 0 0
9 18 10031 134 22697 0 0
9 22 10033 131 5420 0 0
66 34 10029 135 1483 0 0
77 76 10039 131 4494 0 0
28 12 10024 123 1216509 0 0
91 106 10029 133 6774 0 0
36 94 10030 134 7009 0 0
20 88 10050 144 1321 0 0
85 105 10033 125 4724 0 0
104 59 10038 127 920 0 0
15 39 10042 133 24198 0 0
87 70 10041 134 4164 0 0
26 121 10042 139 474 0 0
110 76 10039 130 5551 0 0
14 110 10028 127 6357 0 0
112 45 10038 133 12905 0 0
36 30 10029 137 13529 0 0
85 10 10031 133 118521 0 0
67 61 10039 132 14534 0 0
25 24 10030 122 3666 0 0
69 80 10032 127 3561 0 0
119 67 10036 142 1957 0 0
112 116 10039 135 5428 0 0
119 2 10038 127 5924 0 0
39 123 10035 137 2159 0 0
16 117 10031 130 15654 0 0
36 26 10031 135 4215 0 0
20 124 10051 138 7940 0 0
14 30 10027 136 22758 0 0
92 50 10029 138 19756 0 0
118 23 10029 141 6182 0 0
56 93 10038 139 4462 0 0
15 109 10043 133 7550 0 0
78 90 10033 136 7249 0 0
92 91 10028 138 44395 0 0
20 6 10048 137 18878 0 0
102 2 10039 128 8121 0 0
99 62 10035 137 9946 0 0
120 83 10032 136 3787 0 0
61 13 10050 129 1723 0 0
42 80 10042 129 5565 0 0
2 10 10035 134 212490 0 0
0 100 10030 144 4847 0 0
76 79 10034 131 63247 0 0
104 22 10039 132 970 0 0
99 118 10036 134 4685 0 0
102 62 10040 138 6376 0 0
90 94 10036 136 4868 0 0
37 35 10035 131 92497 0 0
119 112 10037 130 103468 0 0
86 107 10034 128 12741 0 0
51 38 10035 133 15593 0 0
74 22 10031 130 72363 0 0
18 27 10035 134 30810 0 0
42 127 10043 140 5841 0 0
5 99 10028 135 6488 0 0
19 47 10040 140 1417 0 0
47 40 10039 120 4273 0 0
49 50 10039 143 1251 0 0
65 19 10034 139 7704 0 0
62 29 10035 130 3781 0 0
59 94 10033 135 11655 0 0
101 118 10038 135 11041 0 0
87 27 10040 132 83735 0 0
26 10 10044 138 4180 0 0
73 66 10041 135 12735 0 0
4 121 10041 140 3413 0 0
24 81 10023 136 7309 0 0
93 0 10040 138 436 0 0
58 24 10036 120 120207 0 0
52 99 10028 136 4864 0 0
38 57 10028 132 5260 0 0
46 86 10037 138 13792 0 0
10 99 10043 137 1365 0 0
1 14 10034 138 1018 0 0
83 31 10030 132 1740 0 0
92 16 10032 137 28239 0 0
22 77 10031 141 6909 0 0
6 0 10041 139 15948 0 0
29 24 10038 124 7410 0 0
109 73 10034 137 6255 0 0
74 3 10032 128 14153 0 0
8 37 10038 130 49 0 0
67 10 10040 137 32993 0 0
28 97 10039 137 5734 0 0
84 10 10039 139 1666 0 0
69 65 10034 126 7126 0 0
106 73 10032 139 5526 0 0
39 54 10036 136 5986 0 0
53 61 10036 133 6707 0 0
107 12 10035 132 1679 0 0
57 125 10031 139 1355 0 0
79 86 10034 137 14626 0 0
60 108 10031 133 5088 0 0
102 62 10043 139 6601 0 0
121 39 10037 135 5420 0 0
92 112 10033 131 28097 0 0
11 45 10033 134 20684 0 0
70 6 10043 139 5119 0 0
116 6 10040 138 11561 0 0
35 72 10039 142 6429 0 0
2 41 10037 138 7508 0 0
17 30 10037 138 24478 0 0
117 114 10033 138 7494 0 0
52 20 10027 123 107837 0 0
26 84 10045 132 26504 0 0
6 104 10042 139 3824 0 0
20 80 10052 130 6152 0 0
98 27 10030 135 7982 0 0
42 34 10046 136 4404 0 0
21 70 10033 136 1088 0 0
86 47 10035 141 15376 0 0
107 120 10036 143 7542 0 0
19 26 10042 136 656 0 0
59 125 10034 138 29417 0 0
80 7 10031 140 3499 0 0
47 82 10040 133 5328 0 0
17 18 10038 135 4750 0 0
102 48 10042 134 78714 0 0
112 28 10040 133 7811 0 0
95 50 10030 142 4952 0 0
73 40 10042 121 3343 0 0
7 119 10030 140 4987 0 0
60 107 10030 129 11311 0 0
29 107 10037 130 6826 0 0
59 127 10035 141 25947 0 0
118 41 10030 140 1746 0 0
92 70 10034 135 30608 0 0
123 57 10024 134 6779 0 0
110 107 10041 131 511 0 0
102 50 10041 141 17144 0 0
38 1 10029 145 7032 0 0
23 50 10041 140 27051 0 0
89 101 10040 141 4800 0 0
7 68 10031 139 4691 0 0
53 91 10035 140 7241 0 0
45 64 10027 138 8252 0 0
73 76 10043 132 11251 0 0
56 78 10039 135 7950 0 0
38 33 10030 138 2832 0 0
18 110 10036 128 4722 0 0
36 22 10034 134 4745 0 0
36 71 10033 136 7579 0 0
19 65 10041 127 1302 0 0
26 114 10046 139 3133 0 0
100 7 10035 141 7982 0 0
28 67 10042 144 6736 0 0
36 42 10035 143 3630 0 0
51 97 10036 138 4430 0 0
60 6 10032 141 6805 0 0
70 104 10044 141 3294 0 0
44 19 10012 112 1989108 0 0
2 38 10036 134 98235 0 0
3 121 10029 142 7945 0 0
122 65 10035 125 3066 0 0
106 87 10034 136 6291 0 0
73 46 10044 127 1358 0 0
2 100 10038 147 5937 0 0
23 113 10045 133 2417 0 0
28 83 10043 137 1620 0 0
87 82 10042 135 6217 0 0
114 108 10031 134 840 0 0
126 124 10038 139 8578 0 0
7 84 10032 134 6419 0 0
108 73 10039 140 12706 0 0
19 6 10043 142 933 0 0
47 48 10041 135 23528 0 0
19 24 10044 128 5335 0 0
76 0 10037 140 7744 0 0
125 78 10032 134 5488 0 0
46 63 10038 129 2599 0 0
46 44 10039 129 6349 0 0
85 33 10035 137 45228 0 0
96 80 10045 133 2858 0 0
13 31 10022 133 4639 0 0
44 101 10041 140 8129 0 0
52 21 10029 145 6890 0 0
47 34 10042 138 5141 0 0
49 23 10040 143 981 0 0
38 63 10031 130 1464 0 0
94 65 10042 128 6088 0 0
98 3 10032 130 5237 0 0
94 28 10040 134 10310 0 0
94 80 10041 132 53297 0 0
63 60 10039 141 2969 0 0
88 109 10037 134 6332 0 0
63 54 10038 137 11768 0 0
3 53 10031 134 16269 0 0
4 46 10042 128 4291 0 0
35 4 10040 128 14780 0 0
33 10 10041 141 3223 0 0
85 20 10036 124 11129 0 0
121 73 10038 141 12037 0 0
112 35 10041 132 6000 0 0
126 56 10036 128 27926 0 0
57 97 10033 139 4876 0 0
8 49 10039 138 30556 0 0
98 29 10033 131 5049 0 0
72 34 10046 137 7862 0 0
72 127 10047 142 1148 0 0
74 86 10033 139 5022 0 0
14 111 10029 138 1812 0 0
32 47 10031 143 4412 0 0
53 50 10037 145 5518 0 0
98 64 10034 139 376 0 0
110 81 10042 137 7689 0 0
24 95 10025 141 3974 0 0
51 56 10037 129 15909 0 0
101 121 10039 143 7706 0 0
112 1 10042 146 11597 0 0
74 52 10034 142 601 0 0
121 112 10040 132 557 0 0
5 110 10029 129 52669 0 0
100 47 10036 142 4010 0 0
88 24 10038 127 6294 0 0
44 43 10039 141 92588 0 0
3 24 10030 125 51289 0 0
25 96 10033 137 966 0 0
51 53 10038 135 163 0 0
108 48 10041 136 623 0 0
69 40 10035 122 10798 0 0
98 80 10031 131 25892 0 0
7 119 10033 141 4748 0 0
91 98 10030 137 18605 0 0
23 45 10044 136 100464 0 0
126 10 10039 142 9161 0 0
90 17 10038 139 7591 0 0
32 79 10030 132 25819 0 0
15 25 10044 136 6227 0 0
70 96 10045 138 2623 0 0
103 32 10031 141 5961 0 0
121 115 10041 137 24032 0 0
48 90 10032 138 5221 0 0
118 2 10031 133 4006 0 0
117 80 10034 135 283 0 0
112 78 10043 136 6528 0 0
76 64 10038 140 3507 0 0
49 120 10042 145 3087 0 0
63 36 10041 150 4227 0 0
114 106 10032 134 7401 0 0
32 103 10032 134 6409 0 0
85 45 10037 137 4720 0 0
44 30 10042 140 23630 0 0
84 15 10041 133 4066 0 0
92 122 10035 139 1218 0 0
109 46 10036 129 9649 0 0
86 85 10036 125 11910 0 0
123 32 10025 142 12666 0 0
104 33 10040 140 4633 0 0
30 94 10031 138 4480 0 0
118 40 10032 123 12567 0 0
98 110 10037 133 5980 0 0
102 66 10044 136 398 0 0
63 103 10042 133 2101 0 0
67 64 10041 141 5029 0 0
27 115 10039 136 5073 0 0
28 9 10044 131 29238 0 0
58 111 10038 140 8342 0 0
91 41 10032 142 3341 0 0
88 54 10040 139 257 0 0
92 98 10036 138 12681 0 0
26 122 10047 140 6985 0 0
49 4 10041 129 89198 0 0
102 98 10046 140 1055 0 0
25 123 10035 141 176 0 0
90 5 10039 125 5797 0 0
127 72 10046 143 1218 0 0
67 69 10042 141 3768 0 0
90 91 10026 133 1170528 0 0
56 18 10040 136 13100 0 0
97 13 10032 130 12632 0 0
110 119 10045 142 11622 0 0
90 51 10040 141 4639 0 0
66 120 10031 146 6786 0 0
10 115 10045 138 6807 0 0
59 8 10036 145 15407 0 0
98 80 10035 134 29339 0 0
14 24 10030 129 182 0 0
36 19 10036 140 13652 0 0
95 88 10032 145 4044 0 0
62 39 10037 136 6453 0 0
24 12 10027 133 2756 0 0
42 6 10047 143 4697 0 0
98 61 10036 135 27045 0 0
62 24 10038 130 5692 0 0
72 20 10048 125 1602 0 0
96 51 10046 140 31330 0 0
19 72 10045 144 2528 0 0
122 59 10038 130 2340 0 0
106 47 10035 144 7035 0 0
38 113 10032 135 20070 0 0
104 111 10041 142 5694 0 0
51 6 10039 144 1816 0 0
4 2 10044 134 11796 0 0
4 121 10043 144 26009 0 0
73 50 10045 146 4557 0 0
22 40 10035 124 1207 0 0
124 15 10045 134 865 0 0
73 127 10046 143 6989 0 0
56 16 10041 139 5264 0 0
111 126 10045 143 7537 0 0
122 74 10039 134 7167 0 0
72 39 10049 137 5009 0 0
68 91 10034 141 7775 0 0
89 68 10042 140 17622 0 0
120 59 10035 131 2622 0 0
93 2 10029 124 491960 0 0
114 31 10034 135 2004 0 0
103 18 10032 137 2844 0 0
68 62 10035 141 4404 0 0
24 38 10028 137 3503 0 0
50 34 10035 139 355 0 0
67 51 10043 142 5023 0 0
101 125 10040 141 4491 0 0
76 119 10039 143 886 0 0
114 92 10033 150 136 0 0
103 123 10033 142 9741 0 0
113 93 10033 141 14059 0 0
95 21 10033 146 4681 0 0
9 120 10035 147 7977 0 0
59 63 10037 131 4895 0 0
38 127 10034 144 30485 0 0
70 23 10042 139 252741 0 0
12 64 10035 142 198 0 0
22 108 10034 135 12598 0 0
58 116 10039 136 7651 0 0
18 33 10037 141 6684 0 0
88 118 10041 136 4139 0 0
68 69 10036 142 7693 0 0
111 90 10046 140 215 0 0
84 85 10044 126 4784 0 0
70 115 10046 139 260 0 0
49 116 10043 137 4881 0 0
125 98 10034 139 6401 0 0
121 95 10042 142 176 0 0
117 114 10036 140 6643 0 0
73 38 10049 138 252 0 0
113 79 10032 133 29306 0 0
109 72 10037 145 1640 0 0
124 41 10044 143 22498 0 0
21 11 10034 141 475 0 0
27 110 10041 134 5640 0 0
101 93 10042 142 2072 0 0
15 112 10048 133 3312 0 0
115 84 10034 135 7838 0 0
1 67 10035 146 40853 0 0
24 25 10024 135 174804 0 0
38 121 10033 145 5059 0 0
67 77 10045 145 4984 0 0
5 8 10032 146 2766 0 0
10 124 10046 141 6484 0 0
23 59 10048 132 4235 0 0
30 92 10032 151 9704 0 0
114 76 10036 134 1913 0 0
1 71 10036 137 5619 0 0
84 17 10043 141 1460 0 0
21 100 10035 149 12767 0 0
117 123 10038 144 3095 0 0
77 7 10042 142 2706 0 0
93 97 10041 141 19122 0 0
110 11 10044 140 15663 0 0
73 3 10050 131 4345 0 0
35 32 10043 143 60913 0 0
69 123 10036 143 7744 0 0
38 16 10035 140 5189 0 0
67 99 10044 139 6393 0 0
9 75 10034 134 7619 0 0
46 0 10043 142 823 0 0
57 116 10034 138 29120 0 0
64 30 10036 141 5867 0 0
35 31 10044 136 6614 0 0
39 37 10038 131 3671 0 0
105 12 10043 135 31790 0 0
74 56 10027 117 1328019 0 0
5 106 10031 135 5228 0 0
19 67 10049 147 28123 0 0
70 16 10047 141 2065 0 0
73 18 10047 138 27075 0 0
114 46 10037 132 5393 0 0
26 62 10048 142 15249 0 0
84 46 10045 131 30686 0 0
62 42 10036 141 387564 0 0
105 18 10044 139 1463 0 0
109 46 10038 133 4810 0 0
51 9 10040 134 4389 0 0
86 102 10038 139 13121 0 0
73 77 10048 144 27948 0 0
17 49 10039 139 741 0 0
76 21 10040 147 15542 0 0
107 26 10037 138 3537 0 0
45 18 10028 140 10928 0 0
28 72 10047 146 1301 0 0
92 120 10039 148 1129 0 0
74 19 10035 141 819 0 0
67 60 10046 143 4693 0 0
117 96 10039 139 10422 0 0
41 82 10038 137 10478 0 0
117 40 10040 126 424 0 0
83 70 10034 137 8739 0 0
97 7 10033 144 4828 0 0
60 108 10034 136 4839 0 0
45 106 10029 136 7994 0 0
102 69 10045 140 99680 0 0
109 65 10039 130 869 0 0
115 86 10037 142 15015 0 0
127 32 10047 144 23041 0 0
97 55 10034 137 5392 0 0
85 126 10038 145 5716 0 0
39 13 10037 131 23368 0 0
73 2 10051 136 6841 0 0
106 84 10036 136 2299 0 0
88 17 10042 142 2213 0 0
71 68 10033 141 7876 0 0
44 23 10043 144 4827 0 0
5 109 10033 136 4833 0 0
111 61 10047 138 2941 0 0
79 117 10037 132 5147 0 0
0 64 10031 143 4068 0 0
50 105 10037 127 1722 0 0
16 60 10034 144 7533 0 0
123 76 10027 135 21065 0 0
78 56 10036 132 4704 0 0
35 60 10042 142 111481 0 0
50 75 10033 136 5364 0 0
23 110 10050 135 4621 0 0
23 11 10047 142 5559 0 0
20 47 10053 145 7341 0 0
6 115 10043 140 7180 0 0
66 3 10032 132 7130 0 0
14 8 10034 149 7901 0 0
110 18 10033 130 944332 0 0
98 28 10038 136 6225 0 0
43 54 10035 141 8026 0 0
98 111 10039 145 6954 0 0
84 75 10042 135 6437 0 0
22 61 10036 137 14865 0 0
97 52 10035 146 4855 0 0
35 33 10045 142 4676 0 0
53 80 10038 136 6088 0 0
103 17 10035 143 5672 0 0
98 107 10040 135 7379 0 0
23 48 10051 138 3642 0 0
50 17 10038 144 270 0 0
78 49 10038 140 7099 0 0
106 5 10038 126 4668 0 0
50 125 10036 142 37080 0 0
85 41 10039 144 1408 0 0
68 109 10038 137 2073 0 0
78 8 10039 148 3662 0 0
70 32 10048 145 6614 0 0
15 61 10049 139 12657 0 0
17 8 10041 147 4546 0 0
37 4 10037 131 1942 0 0
14 52 10033 147 1961 0 0
33 81 10043 139 11177 0 0
56 0 10042 141 98009 0 0
113 97 10034 144 17536 0 0
72 101 10050 144 9116 0 0
81 89 10027 139 3151 0 0
58 39 10040 139 5179 0 0
44 21 10045 148 5299 0 0
119 115 10040 141 5433 0 0
101 32 10045 146 4632 0 0
111 70 10048 138 6662 0 0
55 19 10040 142 4285 0 0
9 123 10036 145 12958 0 0
99 79 10039 134 5331 0 0
79 1 10038 147 1083 0 0
73 36 10052 151 1845 0 0
55 104 10041 144 904 0 0
103 34 10036 140 10558 0 0
101 7 10044 145 4103 0 0
37 90 10038 142 3299 0 0
49 31 10044 137 43982 0 0
4 81 10045 140 6954 0 0
4 45 10046 138 2767 0 0
76 98 10041 141 5346 0 0
57 99 10035 141 6953 0 0
124 9 10047 135 22831 0 0
28 25 10046 138 7622 0 0
124 56 10043 131 103735 0 0
54 52 10030 148 20847 0 0
97 48 10037 140 1854 0 0
54 58 10031 138 5946 0 0
114 58 10038 137 27785 0 0
2 41 10040 145 4932 0 0
81 2 10026 137 6614 0 0
68 57 10039 135 2580 0 0
59 51 10039 143 5755 0 0
71 67 10036 148 4567 0 0
41 15 10039 136 6808 0 0
41 78 10040 138 1560 0 0
71 23 10034 146 7658 0 0
59 62 10040 144 6495 0 0
126 35 10041 134 14679 0 0
27 71 10042 138 350 0 0
35 110 10041 130 216143 0 0
108 117 10042 133 4148 0 0
123 46 10028 134 5424 0 0
10 17 10047 146 5951 0 0
80 45 10035 139 7889 0 0
75 25 10040 139 2180 0 0
91 10 10033 143 10753 0 0
110 118 10046 137 4607 0 0
26 57 10049 136 3911 0 0
5 19 10034 143 7324 0 0
1 91 10038 143 9588 0 0
115 75 10036 138 3420 0 0
45 92 10030 152 5711 0 0
127 118 10049 138 14408 0 0
82 125 10034 143 3674 0 0
65 107 10035 137 2963 0 0
120 70 10038 139 6421 0 0
71 74 10006 108 494416 0 0
81 55 10028 138 803 0 0
39 67 10039 149 2409 0 0
38 70 10037 140 4205 0 0
33 49 10014 112 1475604 0 0
71 105 10032 128 24630 0 0
34 90 10040 144 15228 0 0
76 28 10042 139 1388 0 0
67 25 10033 127 993771 0 0
93 126 10044 147 6132 0 0
115 87 10040 138 7373 0 0
38 39 10039 140 5476 0 0
42 31 10049 138 11200 0 0
121 127 10044 146 12149 0 0
79 62 10039 145 4407 0 0
108 4 10043 132 7227 0 0
92 90 10041 147 7788 0 0
70 81 10010 106 882904 0 0
98 9 10042 136 1543 0 0
49 71 10045 139 1068 0 0
45 27 10031 136 4796 0 0
38 126 10036 146 31182 0 0
79 76 10040 137 4843 0 0
51 60 10044 146 1862 0 0
10 112 10048 134 6176 0 0
20 16 10054 143 6059 0 0
51 9 10043 137 4012 0 0
82 76 10035 136 7795 0 0
71 36 10037 152 12869 0 0
84 62 10048 146 5448 0 0
68 127 10040 145 2924 0 0
76 35 10043 136 6707 0 0
50 71 10039 140 7208 0 0
53 47 10040 147 11565 0 0
85 96 10040 141 4027 0 0
18 59 10038 134 3034 0 0
45 49 10032 142 1848 0 0
43 99 10036 142 5418 0 0
5 117 10035 134 10723 0 0
54 79 10032 135 17739 0 0
21 2 10037 138 8247 0 0
109 82 10041 139 4668 0 0
122 102 10042 140 6319 0 0
97 47 10038 148 1648 0 0
93 17 10043 147 7373 0 0
105 83 10045 139 694 0 0
72 119 10020 115 1081328 0 0
30 90 10034 146 4328 0 0
89 42 10044 145 5522 0 0
5 67 10036 151 5607 0 0
71 11 10035 143 4235 0 0
113 68 10037 142 4740 0 0
126 33 10043 143 2459 0 0
57 79 10036 136 7964 0 0
75 86 10042 143 4736 0 0
53 107 10039 136 127137 0 0
117 93 10041 143 4864 0 0
85 115 10041 142 6681 0 0
107 60 10038 145 6994 0 0
85 40 10042 127 5494 0 0
61 11 10052 144 5625 0 0
102 54 10048 143 679 0 0
59 113 10041 139 5636 0 0
108 67 10044 152 2588 0 0
112 40 10045 128 14129 0 0
20 114 10055 141 2570 0 0
16 67 10035 153 939 0 0
112 33 10046 144 4627 0 0
68 74 10041 136 49920 0 0
23 64 10052 144 5696 0 0
120 50 10039 148 50085 0 0
114 75 10039 140 492 0 0
109 20 10043 126 4583 0 0
24 26 10026 137 587427 0 0
21 92 10038 153 6973 0 0
70 31 10049 140 7362 0 0
79 47 10041 149 4966 0 0
81 52 10029 150 7259 0 0
79 84 10042 137 4539 0 0
107 22 10039 138 5656 0 0
123 10 10030 145 7140 0 0
108 99 10045 143 21808 0 0
73 31 10053 139 5189 0 0
90 52 10042 151 1323 0 0
84 38 10049 141 2028 0 0
34 46 10042 135 275 0 0
66 25 10033 140 5571 0 0
6 71 10046 141 23744 0 0
7 112 10037 136 2535 0 0
96 88 10049 147 4214 0 0
42 32 10050 147 7790 0 0
66 98 10034 142 14282 0 0
124 24 10042 126 376987 0 0
33 50 10045 149 311 0 0
57 11 10037 145 12971 0 0
9 84 10038 138 519 0 0
28 45 10048 140 6911 0 0
51 48 10046 142 1077 0 0
69 8 10037 150 9912 0 0
25 35 10036 135 71114 0 0
123 67 10029 154 4387 0 0
44 19 10046 144 715 0 0
29 13 10043 133 5160 0 0
44 37 10047 132 7234 0 0
45 63 10033 132 3848 0 0
25 97 10037 146 4242 0 0
72 90 10051 143 88316 0 0
8 4 10040 133 13388 0 0
26 127 10051 147 1484 0 0
17 18 10042 142 20816 0 0
91 79 10034 138 11982 0 0
89 49 10045 143 6821 0 0
63 114 10045 142 7640 0 0
62 39 10040 141 6149 0 0
122 67 10041 150 95450 0 0
121 10 10045 144 40007 0 0
58 31 10042 141 5996 0 0
22 53 10038 137 5559 0 0
24 100 10029 151 5489 0 0
109 53 10047 138 3918 0 0
12 52 10037 152 779 0 0
2 108 10041 139 7858 0 0
109 88 10046 148 5893 0 0
100 107 10037 138 5924 0 0
14 61 10035 140 20166 0 0
10 97 10050 147 2102 0 0
51 61 10045 141 24996 0 0
83 37 10035 133 7827 0 0
121 24 10046 132 6454 0 0
42 47 10051 150 22894 0 0
63 32 10046 148 6424 0 0
2 84 10042 139 4110 0 0
23 78 10053 139 4431 0 0
83 100 10036 152 6373 0 0
58 104 10041 145 72155 0 0
107 35 10040 137 4093 0 0
88 75 10044 141 380 0 0
120 81 10041 141 5294 0 0
67 124 10047 142 5520 0 0
11 102 10035 141 3803 0 0
93 95 10045 143 5655 0 0
58 44 10043 130 381 0 0
36 28 10037 140 2762 0 0
48 122 10033 141 20115 0 0
59 39 10042 142 5444 0 0
19 21 10051 149 779 0 0
96 122 10050 143 7560 0 0
111 65 10050 132 4946 0 0
37 29 10039 133 119 0 0
55 81 10042 142 1949 0 0
77 2 10043 140 3252 0 0
81 79 10030 139 14809 0 0
71 117 10038 135 110542 0 0
68 106 10043 137 6963 0 0
43 108 10038 140 3933 0 0
113 10 10038 146 7096 0 0
69 72 10041 150 2244 0 0
91 65 10035 133 1381 0 0
35 69 10047 146 4541 0 0
50 8 10040 151 7823 0 0
126 36 10037 149 618886 0 0
108 19 10046 145 56729 0 0
44 91 10048 145 13471 0 0
39 120 10040 150 1646 0 0
21 82 10039 141 4506 0 0
122 90 10043 149 7718 0 0
7 99 10038 145 13279 0 0
84 25 10050 141 5797 0 0
109 39 10048 143 7537 0 0
7 6 10039 146 22824 0 0
33 35 10046 138 7971 0 0
112 3 10047 133 6858 0 0
97 28 10036 137 122968 0 0
122 107 10044 139 190 0 0
102 23 10050 149 9049 0 0
84 42 10051 146 1941 0 0
53 8 10042 152 5872 0 0
110 25 10047 142 14388 0 0
69 48 10040 141 80304 0 0
109 32 10049 149 4108 0 0
124 103 10048 137 17758 0 0
109 23 10044 148 114844 0 0
87 119 10044 145 18354 0 0
48 93 10035 144 6779 0 0
25 74 10038 137 63004 0 0
96 7 10048 147 431 0 0
44 42 10028 129 851994 0 0
84 119 10052 146 84 0 0
10 90 10051 148 74963 0 0
54 8 10033 153 12267 0 0
65 32 10037 150 5335 0 0
98 108 10029 131 1197782 0 0
118 76 10035 138 7070 0 0
43 75 10037 143 6481 0 0
111 124 10051 143 13845 0 0
88 0 10043 143 113146 0 0
31 62 10039 147 32274 0 0
114 10 10041 148 4810 0 0
71 44 10039 131 17143 0 0
105 82 10047 142 2469 0 0
98 115 10043 144 5761 0 0
78 75 10040 144 7122 0 0
88 11 10045 146 23552 0 0
94 83 10047 142 5555 0 0
110 57 10048 137 5355 0 0
126 5 10045 128 437 0 0
80 118 10037 139 6830 0 0
20 100 10004 102 1965728 0 0
117 24 10042 133 227 0 0
67 83 10048 141 7148 0 0
60 37 10035 134 6258 0 0
81 37 10031 135 5346 0 0
116 126 10044 149 7684 0 0
108 84 10047 141 6085 0 0
94 10 10045 147 54414 0 0
126 127 10046 148 7914 0 0
30 120 10036 152 4186 0 0
28 47 10050 151 68617 0 0
11 55 10034 139 60832 0 0
2 37 10043 136 2324 0 0
54 46 10034 136 7610 0 0
72 76 10052 139 4625 0 0
119 99 10043 146 7540 0 0
47 66 10044 141 7998 0 0
93 34 10047 141 6015 0 0
28 22 10053 139 4664 0 0
15 12 10047 134 645697 0 0
101 36 10049 153 5497 0 0
88 85 10046 129 25972 0 0
101 58 10050 140 7551 0 0
25 107 10039 140 17073 0 0
111 25 10052 143 4627 0 0
58 59 10045 135 2920 0 0
9 65 10041 134 8297 0 0
69 16 10042 144 1957 0 0
1 97 10039 149 6845 0 0
106 17 10039 148 1940 0 0
6 115 10048 145 4533 0 0
97 101 10040 148 1084 0 0
22 10 10039 149 6718 0 0
31 29 10042 134 14978 0 0
34 114 10043 143 3930 0 0
61 74 10053 138 1675 0 0
44 75 10044 139 85942 0 0
10 0 10052 146 20514 0 0
63 0 10048 144 17241 0 0
6 55 10049 141 699 0 0
59 57 10046 138 7829 0 0
113 90 10039 150 4833 0 0
95 80 10034 139 31489 0 0
39 5 10042 129 1392 0 0
94 91 10048 146 21031 0 0
39 114 10041 144 6496 0 0
119 77 10044 147 906 0 0
38 107 10042 141 6868 0 0
78 87 10042 139 6388 0 0
59 101 10044 146 5079 0 0
59 42 10043 147 20355 0 0
38 1 10041 149 16269 0 0
119 101 10045 147 3179 0 0
6 78 10050 140 4889 0 0
117 38 10043 142 6571 0 0
26 33 10052 145 13308 0 0
71 85 10040 128 93257 0 0
31 25 10043 144 7712 0 0
7 8 10040 154 118150 0 0
105 2 10048 142 1454 0 0
68 60 10044 149 7726 0 0
59 68 10045 143 1485 0 0
48 75 10034 145 5941 0 0
110 53 10049 140 6870 0 0
20 102 10056 143 4317 0 0
21 10 10040 150 7562 0 0
28 81 10052 143 10897 0 0
41 3 10041 135 26915 0 0
123 79 10031 140 7846 0 0
126 84 10044 140 95596 0 0
76 75 10045 146 12659 0 0
106 109 10040 139 17419 0 0
42 71 10053 142 1589 0 0
44 92 10049 155 27212 0 0
26 66 10053 142 362 0 0
28 88 10054 150 1619 0 0
21 31 10041 143 7596 0 0
49 31 10048 142 3498 0 0
107 95 10041 145 6298 0 0
34 38 10045 143 7482 0 0
70 67 10050 155 6350 0 0
107 111 10043 146 8533 0 0
15 24 10051 134 2271 0 0
86 73 10042 144 10592 0 0
20 60 10046 136 1011304 0 0
34 84 10044 142 979 0 0
73 33 10024 123 983677 0 0
109 126 10050 150 10594 0 0
65 68 10039 144 1331 0 0
73 113 10054 143 5027 0 0
101 59 10051 136 7180 0 0
57 96 10038 143 8856 0 0
88 102 10024 131 1154179 0 0
74 0 10037 145 24658 0 0
72 118 10053 140 5518 0 0
100 71 10038 143 2430 0 0
15 93 10050 145 4019 0 0
127 43 10051 144 5495 0 0
49 34 10047 142 15595 0 0
1 55 10040 142 4555 0 0
81 113 10032 144 3617 0 0
7 89 10042 141 5235 0 0
107 64 10042 145 7547 0 0
72 127 10054 150 8250 0 0
7 126 10041 151 5609 0 0
26 23 10055 151 6829 0 0
10 37 10053 137 2192 0 0
110 111 10051 147 6641 0 0
75 123 10045 146 2629 0 0
72 54 10055 144 2780 0 0
25 21 10040 151 6637 0 0
112 127 10050 152 17958 0 0
47 38 10045 145 5871 0 0
20 2 10057 143 15736 0 0
11 36 10036 154 6772 0 0
99 60 10042 150 4681 0 0
61 56 10055 136 16036 0 0
122 94 10045 140 3436 0 0
73 62 10055 150 12149 0 0
21 77 10009 111 567687 0 0
36 56 10039 135 1469 0 0
120 55 10042 143 6578 0 0
90 106 10043 138 575 0 0
66 122 10036 145 2179 0 0
101 64 10052 146 33 0 0
53 127 10044 151 5373 0 0
110 72 10050 152 2512 0 0
85 76 10043 140 6902 0 0
5 47 10038 152 6295 0 0
96 15 10051 137 7136 0 0
18 6 10041 148 5620 0 0
5 39 10037 144 7746 0 0
115 117 10041 138 48836 0 0
9 15 10042 138 4723 0 0
22 5 10040 130 5946 0 0
55 23 10046 152 4933 0 0
19 125 10053 144 3649 0 0
66 20 10037 127 5879 0 0
65 54 10038 145 29267 0 0
46 126 10044 153 8249 0 0
79 48 10043 144 5161 0 0
71 22 10041 140 1917 0 0
24 13 10031 137 6464 0 0
83 6 10040 149 542 0 0
46 13 10045 138 5920 0 0
99 121 10041 149 6916 0 0
26 121 10054 150 5436 0 0
34 59 10047 137 6831 0 0
55 97 10043 150 25814 0 0
123 55 10032 144 7363 0 0
14 53 10038 141 3872 0 0
72 67 10013 123 1852203 0 0
34 114 10046 145 13322 0 0
108 121 10048 151 6603 0 0
52 116 10032 139 1060 0 0
109 0 10051 147 5894 0 0
62 112 10041 137 15489 0 0
3 50 10034 150 4393 0 0
87 35 10045 140 5273 0 0
14 115 10036 146 52669 0 0
16 108 10037 143 4616 0 0
80 20 10039 128 8543 0 0
15 65 10052 135 5869 0 0
70 124 10051 144 15611 0 0
32 63 10036 134 7476 0 0
37 19 10041 148 6023 0 0
54 55 10036 145 28837 0 0
13 25 10026 145 6931 0 0
78 15 10043 139 5884 0 0
18 1 10043 150 4960 0 0
123 120 10033 154 53404 0 0
50 127 10041 153 23319 0 0
112 67 10051 156 6277 0 0
33 31 10048 144 451 0 0
70 120 10052 155 7037 0 0
125 100 10037 156 931 0 0
33 125 10047 145 5289 0 0
123 20 10034 129 6241 0 0
107 80 10046 140 4074 0 0
36 126 10040 154 4 0 0
59 116 10048 140 3914 0 0
49 56 10049 137 4497 0 0
93 65 10048 136 317 0 0
35 10 10049 151 7307 0 0
4 20 10049 130 5052 0 0
63 98 10049 143 7273 0 0
92 91 10043 147 93446 0 0
60 55 10038 146 4762 0 0
101 20 10053 131 5465 0 0
92 104 10045 146 2328 0 0
114 112 10044 138 5642 0 0
43 37 10040 138 7341 0 0
103 57 10038 141 6972 0 0
27 90 10046 152 27456 0 0
41 59 10042 139 5577 0 0
118 3 10036 136 5604 0 0
29 71 10045 144 112316 0 0
92 62 10044 151 3115 0 0
79 74 10046 139 6495 0 0
27 35 10047 141 479 0 0
75 10 10048 152 4270 0 0
107 79 10047 141 7756 0 0
75 119 10046 147 30898 0 0
74 88 10036 149 244942 0 0
32 34 10035 143 105799 0 0
51 69 10048 148 3879 0 0
126 31 10047 145 3962 0 0
29 61 10046 143 7657 0 0
44 59 10050 140 6100 0 0
122 36 10046 155 7326 0 0
79 0 10045 148 4808 0 0
88 119 10047 148 571 0 0
75 24 10049 135 230 0 0
0 54 10032 146 70719 0 0
93 99 10021 127 1748445 0 0
82 0 10039 149 4526 0 0
25 78 10041 141 6228 0 0
48 69 10036 149 4564 0 0
41 102 10043 144 3322 0 0
17 4 10045 136 3935 0 0
99 46 10043 138 4601 0 0
107 46 10044 137 107052 0 0
124 8 10050 155 7739 0 0
11 104 10037 147 7908 0 0
71 101 10042 149 13601 0 0
43 109 10039 141 13493 0 0
90 116 10045 142 1690 0 0
2 29 10044 135 7219 0 0
70 44 10053 133 3425 0 0
36 58 10042 142 8866 0 0
13 14 10027 142 3184 0 0
126 16 10042 142 487721 0 0
105 51 10050 146 14153 0 0
46 6 10047 150 6024 0 0
114 109 10043 140 186419 0 0
88 89 10048 142 6153 0 0
75 111 10047 148 25486 0 0
46 87 10046 140 27592 0 0
111 56 10054 138 6287 0 0
36 12 10043 138 6624 0 0
26 57 10056 142 7250 0 0
101 71 10054 145 3968 0 0
68 79 10045 142 7661 0 0
89 35 10047 143 7569 0 0
69 31 10047 146 4963 0 0
48 100 10038 159 1026 0 0
34 63 10048 135 3205 0 0
8 35 10041 142 7395 0 0
84 74 10054 140 4370 0 0
97 13 10042 139 4193 0 0
58 100 10046 157 4751 0 0
96 32 10052 151 878 0 0
36 18 10044 143 7785 0 0
85 124 10044 145 7283 0 0
48 58 10039 143 1811 0 0
30 85 10037 130 4232 0 0
75 81 10050 144 7576 0 0
85 1 10045 151 7695 0 0
11 117 10038 139 203 0 0
55 124 10049 146 6169 0 0
73 17 10056 149 19135 0 0
83 17 10041 150 7543 0 0
43 71 10041 146 854 0 0
33 56 10049 139 15958 0 0
34 27 10049 137 16605 0 0
54 15 10037 140 7605 0 0
62 12 10042 139 2178 0 0
51 113 10047 146 4080 0 0
106 103 10042 139 5713 0 0
52 116 10033 143 25888 0 0
113 120 10042 156 2920 0 0
88 98 10049 144 6344 0 0
102 94 10052 142 5989 0 0
85 100 10046 160 2945 0 0
57 36 10040 156 5787 0 0
68 110 10046 137 15862 0 0
92 54 10046 147 4949 0 0
105 85 10051 131 2672 0 0
70 87 10054 141 1609 0 0
19 22 10054 143 5478 0 0
102 41 10053 148 6126 0 0
56 100 10045 161 1007 0 0
74 17 10040 152 4224 0 0
59 42 10050 149 6475 0 0
89 33 10048 146 7111 0 0
64 48 10039 147 4492 0 0
104 66 10044 143 5867 0 0
9 70 10043 142 6325 0 0
119 48 10047 146 7974 0 0
29 64 10047 147 7231 0 0
107 43 10048 146 55559 0 0
48 40 10040 134 6173 0 0
38 25 10043 146 1019 0 0
111 88 10055 152 7945 0 0
37 12 10042 140 707 0 0
69 99 10046 148 13799 0 0
114 87 10045 142 6979 0 0
111 61 10056 144 5922 0 0
54 44 10035 132 194944 0 0
18 104 10044 148 13564 0 0
117 71 10046 148 3938 0 0
95 30 10036 144 2413 0 0
59 96 10051 144 6284 0 0
79 17 10047 153 13789 0 0
43 17 10042 154 5825 0 0
24 53 10033 143 6063 0 0
29 92 10044 156 122888 0 0
100 8 10039 157 16015 0 0
75 57 10051 143 7547 0 0
74 34 10039 144 21854 0 0
70 46 10056 139 6100 0 0
11 95 10039 148 463 0 0
59 88 10052 153 4487 0 0
93 14 10050 143 21646 0 0
45 97 10034 151 62466 0 0
72 40 10056 133 31854 0 0
11 116 10040 144 5741 0 0
99 78 10044 142 7741 0 0
51 73 10049 145 3793 0 0
53 78 10045 143 4785 0 0
21 101 10042 150 1104 0 0
60 92 10037 158 7333 0 0
65 76 10040 144 12791 0 0
25 47 10042 154 2416 0 0
93 94 10049 143 63398 0 0
40 47 10047 156 6104 0 0
31 2 10044 144 1929 0 0
125 82 10038 143 31185 0 0
82 0 10042 150 3961 0 0
24 19 10034 149 6362 0 0
119 81 10048 145 3608 0 0
83 6 10043 152 6591 0 0
35 15 10050 142 6762 0 0
67 108 10049 144 9931 0 0
97 31 10041 147 128769 0 0
53 14 10046 144 6779 0 0
40 111 10046 150 5509 0 0
93 82 10033 130 948862 0 0
89 71 10049 149 4563 0 0
52 11 10034 147 5355 0 0
0 15 10033 146 19262 0 0
48 44 10041 134 4808 0 0
83 125 10042 146 90951 0 0
79 112 10048 139 7022 0 0
89 82 10050 144 5506 0 0
56 30 10046 145 4854 0 0
126 31 10048 148 3346 0 0
86 71 10045 150 3065 0 0
110 106 10052 140 7443 0 0
41 22 10045 144 16690 0 0
73 75 10057 148 26959 0 0
6 34 10051 145 7978 0 0
67 118 10050 141 3790 0 0
44 110 10051 139 4035 0 0
64 2 10040 145 5019 0 0
73 38 10058 146 3867 0 0
98 96 10045 145 5276 0 0
10 43 10055 148 4640 0 0
102 42 10054 150 29328 0 0
127 23 10054 153 217 0 0
112 38 10053 147 5638 0 0
31 15 10045 143 4889 0 0
82 39 10040 146 7343 0 0
120 86 10044 145 7479 0 0
106 41 10044 149 5342 0 0
107 127 10045 154 140788 0 0
125 33 10039 147 26414 0 0
70 1 10057 152 7462 0 0
78 15 10044 144 4976 0 0
47 78 10047 144 6512 0 0
30 37 10038 139 6108 0 0
29 108 10049 145 5621 0 0
122 123 10047 147 5685 0 0
23 30 10054 146 1726 0 0
80 53 10040 144 7503 0 0
21 101 10043 151 6092 0 0
65 81 10041 146 1993 0 0
121 41 10048 150 8458 0 0
105 63 10053 136 7227 0 0
80 58 10041 144 2995 0 0
77 66 10044 145 15031 0 0
10 70 10056 143 7385 0 0
62 100 10043 162 5572 0 0
51 13 10050 141 4109 0 0
50 98 10044 145 30412 0 0
28 127 10055 155 11023 0 0
0 119 10034 149 9010 0 0
44 88 10052 154 4286 0 0
47 17 10048 155 2111 0 0
79 97 10044 153 5524 0 0
102 75 10055 149 4620 0 0
0 9 10036 141 3214 0 0
42 79 10055 143 6738 0 0
106 107 10045 142 5611 0 0
111 93 10057 147 11656 0 0
90 27 10047 138 13449 0 0
85 23 10048 154 18060 0 0
111 86 10058 146 7667 0 0
61 59 10057 143 6565 0 0
109 86 10053 147 4907 0 0
89 53 10051 145 6489 0 0
45 70 10038 144 7371 0 0
26 42 10057 151 11561 0 0
125 11 10041 148 824 0 0
104 69 10046 150 6815 0 0
50 20 10045 133 7751 0 0
103 52 10040 156 6425 0 0
2 90 10045 153 4927 0 0
114 87 10046 143 6328 0 0
9 51 10045 149 3939 0 0
80 120 10042 157 2972 0 0
29 43 10050 149 4273 0 0
62 103 10044 140 2560 0 0
120 62 10043 153 4962 0 0
40 32 10048 155 2886 0 0
116 52 10045 157 6864 0 0
119 20 10049 134 453 0 0
85 30 10049 147 7732 0 0
43 35 10043 144 17152 0 0
45 16 10039 147 752 0 0
16 64 10038 149 2872 0 0
86 119 10046 150 15986 0 0
102 111 10057 152 7608 0 0
95 85 10039 132 5269 0 0
26 84 10058 143 1153 0 0
65 22 10043 145 15420 0 0
77 4 10045 137 587 0 0
82 89 10041 144 206229 0 0
45 12 10037 141 6174 0 0
76 95 10048 150 5533 0 0
17 99 10047 149 1963 0 0
10 44 10057 136 5777 0 0
49 9 10050 142 6490 0 0
83 116 10044 146 6848 0 0
89 81 10052 148 7239 0 0
122 127 10048 156 6009 0 0
74 114 10042 146 4415 0 0
8 63 10043 137 517 0 0
55 41 10051 151 3822 0 0
3 95 10035 151 5948 0 0
113 94 10043 144 2780 0 0
107 13 10049 140 126837 0 0
60 118 10042 142 10034 0 0
4 21 10050 153 4181 0 0
57 31 10042 149 6889 0 0
5 106 10039 142 4817 0 0
107 102 10050 145 106032 0 0
29 58 10051 145 4793 0 0
2 32 10046 154 7896 0 0
70 58 10059 146 4091 0 0
58 61 10048 145 4579 0 0
95 37 10038 140 4456 0 0
111 45 10059 142 753 0 0
121 20 10049 135 7781 0 0
74 108 10041 146 74416 0 0
90 86 10048 148 3352 0 0
127 105 10055 131 7547 0 0
53 51 10009 111 1179687 0 0
76 92 10047 159 5556 0 0
92 79 10048 144 7360 0 0
46 64 10049 150 1882 0 0
48 15 10043 149 891 0 0
16 11 10040 149 7656 0 0
94 54 10054 148 4789 0 0
46 88 10048 156 10891 0 0
56 92 10047 160 5085 0 0
26 113 10050 142 322689 0 0
26 42 10059 152 7764 0 0
57 89 10043 146 1229 0 0
7 101 10045 152 6650 0 0
73 68 10061 147 2660 0 0
100 81 10040 150 744 0 0
46 50 10050 151 5739 0 0
51 55 10051 149 8355 0 0
42 10 10054 154 52967 0 0
85 89 10051 147 31093 0 0
117 99 10047 150 6485 0 0
79 75 10051 152 5167 0 0
99 103 10046 143 5869 0 0
28 25 10057 148 4855 0 0
59 17 10053 156 11356 0 0
22 14 10042 145 3844 0 0
59 30 10054 148 15184 0 0
6 97 10052 154 7135 0 0
126 63 10050 139 1848 0 0
99 41 10045 152 7626 0 0
63 48 10051 150 716 0 0
81 11 10034 150 7759 0 0
2 15 10047 150 14633 0 0
21 57 10044 145 5531 0 0
19 29 10056 136 8558 0 0
41 74 10046 141 13036 0 0
26 25 10060 150 1179 0 0
64 124 10041 148 79659 0 0
68 117 10048 140 27729 0 0
60 56 10044 142 1476 0 0
88 104 10051 150 1423 0 0
98 97 10046 156 15278 0 0
85 21 10050 154 50733 0 0
126 37 10052 142 2630 0 0
40 82 10049 146 1725 0 0
20 66 10058 147 28701 0 0
111 96 10060 146 5100 0 0
117 13 10048 143 4167 0 0
7 5 10046 134 3632 0 0
37 79 10045 145 7785 0 0
56 53 10049 148 7951 0 0
101 95 10058 153 5193 0 0
8 114 10044 149 7482 0 0
63 58 10052 148 4938 0 0
43 79 10045 146 7247 0 0
119 115 10050 149 5867 0 0
123 83 10036 144 5428 0 0
38 37 10045 143 4140 0 0
122 123 10049 149 7102 0 0
21 50 10028 134 1864731 0 0
123 18 10035 144 7506 0 0
9 78 10046 145 11933 0 0
78 2 10046 146 29892 0 0
32 17 10039 157 2928 0 0
45 123 10040 148 40458 0 0
10 92 10059 161 588 0 0
56 66 10048 148 6078 0 0
50 106 10047 143 6645 0 0
41 47 10047 157 4169 0 0
15 125 10053 148 807 0 0
43 25 10046 149 6038 0 0
43 4 10044 139 7604 0 0
74 44 10044 137 3298 0 0
93 122 10053 148 7225 0 0
98 93 10047 148 6164 0 0
67 127 10051 157 3193 0 0
1 15 10043 151 5755 0 0
75 9 10052 143 6210 0 0
127 7 10057 152 26340 0 0
13 73 10032 146 4641 0 0
47 33 10049 149 13549 0 0
10 54 10060 150 6411 0 0
100 71 10041 151 6261 0 0
74 11 10043 151 1848 0 0
51 89 10052 148 30806 0 0
111 99 10061 152 6011 0 0
64 97 10042 157 40950 0 0
58 107 10049 143 2023 0 0
81 112 10035 141 4950 0 0
108 83 10051 145 5779 0 0
104 26 10048 140 712 0 0
82 85 10044 133 5275 0 0
3 89 10037 149 10607 0 0
83 125 10045 147 52222 0 0
35 38 10053 150 6668 0 0
46 20 10053 136 7631 0 0
16 86 10041 149 28960 0 0
28 52 10056 158 28359 0 0
10 11 10061 152 15417 0 0
101 59 10060 145 4298 0 0
100 97 10042 161 1733 0 0
30 32 10039 156 5103 0 0
102 24 10059 137 6287 0 0
85 22 10052 146 4984 0 0
56 92 10050 162 4062 0 0
52 115 10037 150 6588 0 0
13 121 10034 154 3927 0 0
117 97 10049 159 7687 0 0
40 33 10052 150 2734 0 0
105 57 10054 146 6959 0 0
25 82 10044 147 7112 0 0
90 96 10050 147 1488 0 0
48 126 10044 155 3714 0 0
11 21 10042 155 1768 0 0
40 60 10051 152 2519 0 0
6 25 10055 151 4065 0 0
35 76 10051 145 77009 0 0
75 48 10053 151 5429 0 0
78 21 10047 156 5476 0 0
122 19 10050 150 1226 0 0
27 118 10050 143 4202 0 0
59 97 10056 160 3729 0 0
18 95 10046 155 393 0 0
18 6 10047 154 7725 0 0
81 126 10037 157 7513 0 0
35 21 10052 157 6189 0 0
124 114 10052 151 2976 0 0
17 1 10048 153 4700 0 0
111 64 10062 151 7849 0 0
56 121 10051 156 6835 0 0
104 10 10049 156 7220 0 0
36 126 10045 156 31903 0 0
64 89 10044 150 862 0 0
28 68 10059 148 1205 0 0
36 12 10046 143 6185 0 0
21 37 10045 144 863 0 0
102 62 10056 155 5997 0 0
91 10 10038 157 2969 0 0
31 87 10046 144 809 0 0
77 76 10047 147 6805 0 0
51 70 10053 145 23355 0 0
24 75 10038 153 41581 0 0
48 17 10045 158 7034 0 0
104 95 10047 156 5107 0 0
121 109 10050 146 6462 0 0
14 24 10039 138 7134 0 0
52 41 10036 153 69371 0 0
0 57 10039 147 514 0 0
28 53 10058 147 7442 0 0
105 111 10056 154 5330 0 0
117 96 10051 148 7167 0 0
75 11 10054 153 5076 0 0
33 57 10050 148 3919 0 0
76 7 10050 154 7890 0 0
61 119 10058 152 10336 0 0
82 6 10043 155 4385 0 0
114 17 10047 159 7697 0 0
89 61 10054 147 2749 0 0
14 105 10040 132 1721 0 0
9 27 10048 140 5131 0 0
98 100 10048 165 7351 0 0
96 71 10054 152 8776 0 0
67 50 10052 153 25933 0 0
3 53 10038 149 23683 0 0
16 120 10042 158 2939 0 0
46 91 10054 150 3023 0 0
78 29 10050 138 5962 0 0
4 18 10052 146 4888 0 0
2 3 10049 137 12066 0 0
73 0 10062 152 12732 0 0
57 81 10044 152 20345 0 0
44 84 10053 144 116075 0 0
55 56 10053 145 24632 0 0
123 13 10037 144 5935 0 0
53 80 10047 143 5047 0 0
118 86 10038 150 5965 0 0
45 1 10042 154 2599 0 0
13 7 10035 157 6879 0 0
112 73 10056 147 4111 0 0
42 7 10056 155 4767 0 0
4 75 10053 154 4639 0 0
15 29 10055 139 13868 0 0
23 40 10055 135 854 0 0
53 122 10048 149 5721 0 0
123 118 10039 144 6924 0 0
96 16 10055 148 6913 0 0
10 77 10062 152 4338 0 0
44 55 10054 150 12724 0 0
57 67 10045 159 4789 0 0
106 6 10048 156 6660 0 0
47 67 10050 160 124 0 0
25 20 10045 137 4285 0 0
45 125 10041 149 31539 0 0
72 65 10059 139 38637 0 0
62 3 10045 138 4410 0 0
66 61 10038 146 4658 0 0
76 21 10051 158 21513 0 0
114 66 10048 149 5923 0 0
120 43 10045 152 13172 0 0
33 90 10052 154 5503 0 0
78 74 10051 143 6443 0 0
62 117 10046 141 5735 0 0
3 116 10039 149 5502 0 0
88 91 10052 151 531 0 0
71 44 10045 138 30382 0 0
90 95 10049 157 3813 0 0
54 16 10038 149 3164 0 0
26 11 10062 155 7691 0 0
70 101 10060 153 12 0 0
6 34 10053 147 11912 0 0
51 38 10054 151 4838 0 0
5 103 10041 144 97273 0 0
40 64 10054 153 7436 0 0
10 4 10064 140 6511 0 0
87 86 10047 151 52226 0 0
50 121 10048 157 21948 0 0
104 54 10050 151 28180 0 0
127 77 10058 153 2062 0 0
79 107 10053 144 6427 0 0
19 104 10057 151 12605 0 0
52 54 10038 153 4676 0 0
83 80 10046 144 5438 0 0
104 1 10051 155 12699 0 0
119 67 10051 161 18174 0 0
65 27 10047 141 2248 0 0
8 32 10046 157 14494 0 0
49 115 10051 152 4326 0 0
71 7 10046 156 21575 0 0
110 104 10055 152 448 0 0
54 45 10039 143 1779 0 0
102 105 10061 133 7770 0 0
97 65 10044 140 7083 0 0
4 54 10054 152 15013 0 0
18 19 10050 151 8082 0 0
114 76 10049 148 2211 0 0
90 7 10051 158 2603 0 0
42 25 10057 152 11505 0 0
74 8 10045 159 28767 0 0
9 59 10047 146 3354 0 0
47 108 10051 147 7509 0 0
126 72 10054 153 16720 0 0
12 102 10043 146 54 0 0
37 65 10047 141 4222 0 0
75 113 10056 150 800 0 0
64 54 10047 154 2373 0 0
46 67 10055 162 2242 0 0
100 110 10043 142 16933 0 0
69 11 10048 156 15922 0 0
23 0 10056 153 1151 0 0
118 82 10039 148 11058 0 0
37 36 10048 160 7365 0 0
56 85 10053 134 6143 0 0
64 20 10048 138 5961 0 0
39 102 10046 147 6848 0 0
80 113 10044 149 7078 0 0
44 45 10056 144 3400 0 0
121 101 10051 154 1792 0 0
72 75 10060 155 116 0 0
43 45 10034 135 1817067 0 0
17 22 10050 147 2625 0 0
99 124 10049 152 250 0 0
19 95 10055 152 205570 0 0
80 10 10043 159 19384 0 0
31 71 10048 153 30855 0 0
39 56 10045 146 30899 0 0
52 21 10039 160 2873 0 0
92 97 10015 121 1123271 0 0
110 88 10056 158 6733 0 0
89 96 10058 149 4330 0 0
114 106 10050 145 6888 0 0
89 26 10057 143 22046 0 0
31 44 10047 139 10445 0 0
27 60 10053 154 1445 0 0
18 37 10049 145 3813 0 0
119 14 10052 147 4638 0 0
79 93 10056 149 7260 0 0
74 64 10046 155 4058 0 0
95 89 10040 151 22155 0 0
126 56 10055 148 11924 0 0
60 110 10046 143 4282 0 0
26 18 10061 148 9631 0 0
51 116 10055 150 9680 0 0
62 114 10048 153 2222 0 0
96 5 10057 136 6729 0 0
0 94 10042 145 6354 0 0
44 100 10057 167 4767 0 0
37 111 10046 155 11000 0 0
59 113 10057 151 49694 0 0
58 25 10053 153 7285 0 0
59 18 10055 145 125331 0 0
19 113 10058 152 2947 0 0
95 71 10041 154 6450 0 0
104 20 10052 140 1987 0 0
73 58 10063 150 12011 0 0
20 124 10062 154 1086 0 0
97 1 10045 158 5611 0 0
27 11 10054 157 7781 0 0
93 114 10057 154 5908 0 0
16 62 10043 157 7194 0 0
64 29 10049 141 5887 0 0
120 121 10046 159 12566 0 0
75 6 10055 158 1042 0 0
101 81 10061 153 4116 0 0
66 96 10039 150 22252 0 0
79 8 10057 160 6577 0 0
12 71 10047 156 2103 0 0
10 11 10065 158 959 0 0
32 12 10041 145 2478 0 0
107 0 10053 154 4886 0 0
76 110 10052 144 5157 0 0
38 100 10047 168 130 0 0
32 125 10040 151 13822 0 0
86 107 10049 145 7412 0 0
52 102 10041 148 11296 0 0
32 36 10042 162 935 0 0
20 7 10063 159 8714 0 0
55 108 10055 148 4329 0 0
119 126 10053 159 16310 0 0
105 50 10059 155 11684 0 0
38 9 10048 145 562 0 0
73 101 10064 155 13155 0 0
9 46 10050 144 2833 0 0
31 125 10050 152 2117 0 0
28 1 10061 157 31404 0 0
91 22 10039 148 22200 0 0
64 111 10045 156 1029 0 0
115 41 10046 155 11759 0 0
27 14 10055 148 151 0 0
37 12 10049 146 771 0 0
33 37 10054 146 4460 0 0
26 115 10063 153 5944 0 0
45 64 10044 156 2907 0 0
35 37 10056 147 6895 0 0
51 67 10056 163 4533 0 0
89 81 10059 154 7753 0 0
126 114 10057 155 3870 0 0
15 124 10057 155 10626 0 0
21 121 10046 160 6398 0 0
69 123 10049 152 4502 0 0
41 30 10049 149 5961 0 0
90 10 10052 161 1743 0 0
99 65 10048 142 45753 0 0
95 120 10042 159 28687 0 0
107 25 10056 154 12707 0 0
107 76 10055 150 6759 0 0
115 80 10048 146 5602 0 0
125 98 10043 148 1584 0 0
31 107 10051 147 5893 0 0
115 105 10047 134 18104 0 0
56 88 10054 159 7967 0 0
94 96 10057 151 4159 0 0
106 32 10049 159 1971 0 0
109 99 10056 154 4388 0 0
79 13 10055 145 151490 0 0
27 13 10056 146 566 0 0
52 58 10042 153 6551 0 0
10 113 10066 153 4397 0 0
26 102 10064 149 13636 0 0
47 125 10052 150 92146 0 0
32 36 10043 163 4673 0 0
80 1 10045 159 10871 0 0
86 100 10050 169 7335 0 0
17 47 10049 159 11794 0 0
12 102 10048 150 281 0 0
14 15 10043 154 5000 0 0
115 72 10050 155 5458 0 0
120 14 10048 149 7951 0 0
92 69 10050 151 1302 0 0
8 4 10049 141 7436 0 0
120 114 10050 157 3499 0 0
79 114 10058 156 2330 0 0
127 89 10061 152 4690 0 0
86 107 10051 148 4953 0 0
26 112 10065 142 3117 0 0
8 58 10048 152 3026 0 0
8 94 10047 148 2661 0 0
125 85 10045 135 612 0 0
25 15 10047 153 6885 0 0
63 43 10053 153 5130 0 0
3 98 10042 149 5349 0 0
18 46 10051 145 4486 0 0
89 20 10061 142 2918 0 0
94 60 10059 155 15 0 0
95 57 10043 152 2934 0 0
9 47 10051 160 4769 0 0
19 44 10059 142 983 0 0
16 12 10044 148 4363 0 0
100 10 10045 162 7148 0 0
36 34 10048 151 3041 0 0
114 4 10053 142 1992 0 0
50 2 10050 150 2765 0 0
24 2 10040 149 5518 0 0
20 4 10064 143 3954 0 0
70 7 10062 160 8225 0 0
12 16 10049 152 2800 0 0
8 68 10003 103 1957805 0 0
28 25 10064 155 25706 0 0
84 34 10057 148 1163 0 0
60 44 10050 141 15884 0 0
73 58 10066 154 4992 0 0
33 19 10055 152 15276 0 0
56 67 10055 164 7941 0 0
96 52 10056 162 4619 0 0
7 115 10049 156 13376 0 0
75 32 10059 158 60342 0 0
29 51 10052 150 33986 0 0
24 109 10041 147 6137 0 0
73 51 10060 148 219951 0 0
40 93 10057 150 6768 0 0
50 110 10051 146 1713 0 0
102 101 10064 156 4474 0 0
60 11 10051 160 5196 0 0
0 68 10044 151 1122 0 0
31 14 10054 150 7034 0 0
44 99 10058 153 43077 0 0
114 102 10054 151 1102 0 0
121 111 10053 157 724 0 0
77 34 10050 149 201 0 0
28 116 10063 152 6961 0 0
105 9 10060 146 1835 0 0
120 51 10052 151 2832 0 0
41 35 10051 148 5774 0 0
77 122 10051 151 530 0 0
102 12 10063 149 3120 0 0
12 61 10050 150 975 0 0
51 25 10060 156 3803 0 0
54 114 10040 158 2063 0 0
120 47 10051 161 4565 0 0
95 86 10044 154 71469 0 0
64 81 10051 156 4004 0 0
13 2 10037 151 7127 0 0
27 122 10057 152 6511 0 0
124 21 10056 161 7334 0 0
114 7 10055 161 4777 0 0
55 105 10057 135 2348 0 0
95 11 10045 161 15776 0 0
13 53 10036 151 641 0 0
9 68 10052 152 5173 0 0
44 77 10059 155 5626 0 0
74 68 10049 154 4727 0 0
60 95 10049 159 9129 0 0
46 39 10057 147 2332 0 0
41 48 10050 153 6582 0 0
99 47 10050 162 7627 0 0
84 68 10059 150 33230 0 0
17 40 10051 140 6414 0 0
123 124 10040 157 7494 0 0
70 35 10063 147 5312 0 0
11 90 10044 158 2810 0 0
70 120 10064 160 7735 0 0
82 99 10048 156 163 0 0
35 51 10057 152 6373 0 0
47 22 10053 150 1263 0 0
26 99 10068 155 31984 0 0
106 19 10051 153 23169 0 0
71 127 10047 162 32231 0 0
108 77 10054 156 6969 0 0
78 46 10052 143 31818 0 0
89 44 10062 143 4324 0 0
68 118 10051 145 6154 0 0
75 8 10060 163 7232 0 0
83 49 10048 146 10971 0 0
9 10 10053 163 6701 0 0
92 16 10051 153 7315 0 0
112 46 10058 146 6520 0 0
26 123 10066 153 102929 0 0
25 112 10048 144 4470 0 0
42 26 10059 144 20739 0 0
68 75 10050 159 15008 0 0
56 105 10057 136 284 0 0
87 91 10050 154 4171 0 0
48 74 10047 146 3090 0 0
23 26 10060 145 4455 0 0
51 98 10061 151 24979 0 0
60 91 10048 153 89742 0 0
82 114 10049 159 150 0 0
21 9 10048 147 6116 0 0
111 101 10064 157 100616 0 0
76 59 10054 148 13736 0 0
101 66 10062 151 29954 0 0
63 76 10056 151 28107 0 0
36 20 10049 143 7420 0 0
27 77 10058 157 5166 0 0
8 107 10050 151 15765 0 0
58 34 10055 152 7620 0 0
25 31 10049 153 7770 0 0
4 102 10058 152 30867 0 0
37 105 10051 137 2940 0 0
100 32 10046 162 30872 0 0
37 11 10052 162 5743 0 0
58 67 10054 165 6996 0 0
100 17 10047 160 6187 0 0
34 68 10050 155 3256 0 0
28 18 10062 151 4934 0 0
8 68 10051 156 2617 0 0
73 52 10065 163 5795 0 0
110 124 10058 158 7620 0 0
10 44 10068 144 7246 0 0
3 55 10043 151 1882 0 0
46 98 10058 152 5811 0 0
57 124 10051 159 98 0 0
98 53 10050 152 1529 0 0
64 117 10053 143 7248 0 0
100 122 10048 153 7596 0 0
119 69 10054 153 4571 0 0
78 12 10053 150 100421 0 0
59 99 10058 157 834 0 0
46 127 10059 163 2704 0 0
25 86 10050 155 987 0 0
37 71 10053 159 7306 0 0
98 108 10051 150 1070 0 0
6 22 10057 151 3615 0 0
38 78 10049 149 76 0 0
44 120 10060 161 5149 0 0
2 93 10050 152 5114 0 0
49 110 10053 147 5576 0 0
50 123 10052 155 2701 0 0
82 32 10047 161 43786 0 0
75 63 10061 141 4902 0 0
76 113 10055 154 1602 0 0
30 27 10041 143 14625 0 0
76 77 10056 158 11882 0 0
46 18 10056 150 42541 0 0
39 81 10048 158 8716 0 0
81 64 10038 158 4093 0 0
57 25 10049 157 48553 0 0
53 83 10049 150 2441 0 0
124 82 10058 151 5494 0 0
9 15 10055 155 5535 0 0
43 79 10048 150 4206 0 0
52 79 10043 149 6234 0 0
56 12 10058 153 59 0 0
99 116 10051 153 7771 0 0
57 123 10052 156 4377 0 0
51 43 10057 156 2569 0 0
107 71 10057 161 2290 0 0
100 108 10051 152 4282 0 0
127 25 10062 158 24200 0 0
27 3 10059 140 5524 0 0
47 61 10055 152 14625 0 0
7 68 10050 160 4333 0 0
80 118 10048 148 4805 0 0
70 24 10065 141 2764 0 0
57 71 10050 158 7988 0 0
124 68 10057 157 26341 0 0
4 79 10059 152 4436 0 0
48 92 10049 165 1823 0 0
89 43 10060 157 5944 0 0
100 12 10050 154 6121 0 0
42 43 10058 158 1091 0 0
47 1 10056 162 6164 0 0
81 74 10039 147 4160 0 0
113 35 10046 149 2024 0 0
30 7 10042 163 486 0 0
123 91 10041 155 2856 0 0
126 28 10058 145 6424 0 0
46 123 10060 157 3266 0 0
88 114 10053 160 923 0 0
26 68 10069 158 4668 0 0
18 102 10054 153 4338 0 0
89 17 10065 161 4969 0 0
89 47 10063 163 7037 0 0
38 30 10051 150 33982 0 0
105 27 10061 145 750 0 0
74 81 10050 159 7862 0 0
53 0 10050 155 99749 0 0
108 65 10055 145 2988 0 0
18 111 10055 159 6968 0 0
86 98 10053 150 138706 0 0
33 44 10057 145 3001 0 0
87 78 10051 150 7001 0 0
45 44 10045 146 2918 0 0
9 127 10056 164 273 0 0
38 86 10052 156 5917 0 0
71 82 10048 152 7849 0 0
98 105 10052 139 1730 0 0
100 37 10052 148 7491 0 0
61 40 10060 139 51932 0 0
125 7 10047 164 2861 0 0
63 73 10058 150 6398 0 0
90 24 10054 144 7962 0 0
21 52 10047 164 89418 0 0
15 23 10061 157 9213 0 0
6 65 10058 146 1025 0 0
112 107 10062 154 4072 0 0
92 56 10053 153 2529 0 0
103 86 10043 157 435 0 0
64 80 10054 148 30374 0 0
23 99 10061 160 5919 0 0
118 87 10043 146 4370 0 0
79 115 10060 158 28530 0 0
121 114 10055 161 2695 0 0
46 48 10062 154 20908 0 0
48 7 10050 165 1351 0 0
90 31 10055 154 10468 0 0
122 115 10053 159 5231 0 0
27 69 10060 154 16467 0 0
40 45 10058 146 686 0 0
0 59 10045 149 11012 0 0
31 57 10055 153 33504 0 0
46 113 10061 156 9568 0 0
21 66 10051 153 7207 0 0
99 56 10053 152 17916 0 0
74 43 10048 159 7626 0 0
126 44 10059 147 893 0 0
91 96 10041 153 4897 0 0
27 86 10061 158 1132 0 0
48 122 10048 154 56876 0 0
119 57 10055 154 3535 0 0
67 54 10056 155 12357 0 0
121 14 10054 154 6994 0 0
68 16 10053 154 6059 0 0
93 85 10059 137 3472 0 0
72 99 10064 161 4110 0 0
108 73 10057 151 12741 0 0
37 80 10054 150 4948 0 0
112 100 10065 172 322 0 0
30 85 10043 136 7290 0 0
81 29 10041 144 21 0 0
82 7 10051 166 2997 0 0
47 40 10058 142 4287 0 0
92 83 10052 151 3152 0 0
95 120 10047 163 7211 0 0
111 23 10066 158 7889 0 0
108 72 10058 158 3717 0 0
88 29 10055 145 3561 0 0
111 42 10067 158 5867 0 0
59 124 10059 160 4747 0 0
7 80 10052 149 4131 0 0
36 54 10053 156 6366 0 0
114 100 10057 174 682 0 0
86 80 10056 151 7413 0 0
8 100 10052 173 5904 0 0
51 45 10062 145 5028 0 0
102 55 10065 152 31307 0 0
49 5 10054 139 270 0 0
112 1 10068 163 1627 0 0
47 12 10057 155 4130 0 0
87 117 10052 144 399 0 0
90 67 10058 166 2434 0 0
15 94 10062 150 1492 0 0
36 103 10052 148 5770 0 0
110 4 10059 146 5323 0 0
83 64 10049 159 4013 0 0
86 7 10054 167 17200 0 0
58 44 10058 150 4926 0 0
116 49 10047 148 6738 0 0
100 65 10053 148 15412 0 0
88 4 10054 145 109346 0 0
39 12 10051 156 6143 0 0
69 20 10053 144 4793 0 0
115 109 10051 148 2612 0 0
57 30 10053 151 12840 0 0
75 86 10062 159 7916 0 0
69 48 10052 155 33785 0 0
8 105 10053 140 4930 0 0
7 26 10053 147 5998 0 0
58 15 10059 156 4082 0 0
124 2 10059 153 64045 0 0
116 36 10046 164 9841 0 0
112 127 10066 165 56542 0 0
15 81 10063 160 5451 0 0
8 104 10054 153 7768 0 0
104 101 10057 159 9654 0 0
2 103 10051 149 1895 0 0
97 105 10048 141 7253 0 0
117 126 10053 164 85860 0 0
93 88 10060 162 7647 0 0
90 18 10053 152 171693 0 0
105 29 10062 146 54647 0 0
103 89 10044 155 7484 0 0
8 54 10055 157 6919 0 0
117 98 10054 153 5959 0 0
114 12 10058 157 7772 0 0
57 6 10054 160 4922 0 0
89 40 10066 143 3283 0 0
84 75 10060 160 5994 0 0
83 21 10050 163 7074 0 0
111 62 10068 158 1932 0 0
30 15 10044 157 2920 0 0
104 123 10055 158 91275 0 0
90 112 10059 145 5064 0 0
48 94 10051 151 2405 0 0
65 23 10050 159 1628 0 0
21 28 10052 148 2466 0 0
94 12 10061 158 30905 0 0
91 79 10042 155 6854 0 0
119 19 10056 154 5499 0 0
97 68 10047 161 571 0 0
121 63 10057 142 388 0 0
68 53 10055 154 5932 0 0
9 28 10057 146 4577 0 0
88 119 10056 156 4993 0 0
60 126 10052 165 4256 0 0
16 126 10046 166 1764 0 0
49 50 10055 159 5959 0 0
69 103 10054 150 3595 0 0
63 97 10057 165 4029 0 0
113 71 10049 163 7572 0 0
27 28 10062 149 15229 0 0
50 55 10055 153 773 0 0
55 57 10060 156 9436 0 0
121 38 10056 154 16938 0 0
102 98 10066 154 12290 0 0
44 57 10063 155 6057 0 0
108 48 10060 156 4325 0 0
11 68 10046 162 4094 0 0
34 33 10051 151 4361 0 0
9 18 10058 154 6673 0 0
83 89 10051 156 5928 0 0
101 38 10066 155 3821 0 0
81 6 10042 161 11407 0 0
44 15 10064 158 7956 0 0
71 77 10049 160 4569 0 0
12 28 10053 147 6987 0 0
74 16 10056 155 5886 0 0
60 96 10053 155 8442 0 0
0 100 10046 175 20374 0 0
114 83 10051 147 304519 0 0
4 88 10060 163 4835 0 0
1 112 10048 146 7319 0 0
65 62 10051 159 8501 0 0
80 97 10049 167 693 0 0
74 109 10053 149 11454 0 0
32 21 10045 164 11021 0 0
98 42 10053 161 7777 0 0
1 59 10049 151 6045 0 0
101 96 10068 156 2921 0 0
35 9 10058 149 23625 0 0
76 32 10058 164 688 0 0
52 36 10045 165 3306 0 0
51 71 10063 165 1489 0 0
57 3 10056 142 1445 0 0
90 111 10062 160 1660 0 0
93 99 10061 162 1085 0 0
37 85 10057 138 2273 0 0
86 118 10057 149 1586 0 0
127 7 10064 169 4159 0 0
73 15 10067 160 7936 0 0
78 7 10054 168 9213 0 0
100 31 10054 155 21625 0 0
5 127 10043 166 3155 0 0
70 25 10066 159 8269 0 0
48 87 10052 147 304 0 0
67 56 10058 155 27817 0 0
79 7 10062 170 6799 0 0
20 118 10065 150 1927 0 0
23 36 10062 166 5789 0 0
70 5 10067 140 946 0 0
51 55 10025 127 321377 0 0
94 83 10060 153 6836 0 0
73 6 10068 162 1977 0 0
87 34 10053 154 5931 0 0
55 81 10062 161 515 0 0
112 15 10070 161 2598 0 0
74 49 10055 149 87745 0 0
75 45 10063 147 6574 0 0
93 112 10063 147 5664 0 0
39 62 10052 160 5266 0 0
115 92 10052 168 4708 0 0
72 22 10065 153 7809 0 0
9 24 10060 147 5060 0 0
70 126 10068 167 7252 0 0
116 19 10049 155 4005 0 0
0 86 10050 160 7152 0 0
53 35 10052 151 7495 0 0
19 126 10062 168 4102 0 0
54 17 10042 162 4756 0 0
53 30 10053 153 7640 0 0
77 102 10053 154 3605 0 0
107 70 10060 148 992 0 0
79 76 10063 152 9220 0 0
33 37 10058 150 64649 0 0
71 25 10050 160 654 0 0
93 30 10062 152 1755 0 0
32 98 10046 155 7449 0 0
114 34 10059 155 2916 0 0
90 37 10063 151 2020 0 0
18 19 10061 156 17164 0 0
9 66 10061 154 46920 0 0
33 46 10059 150 1838 0 0
81 65 10036 138 909215 0 0
11 65 10047 149 25679 0 0
18 81 10058 162 9657 0 0
72 6 10066 163 2706 0 0
125 99 10048 163 7713 0 0
18 4 10060 148 168 0 0
16 40 10047 146 7457 0 0
46 48 10063 157 979 0 0
90 100 10061 177 7390 0 0
104 40 10056 144 48168 0 0
18 53 10059 155 7090 0 0
49 70 10057 149 6646 0 0
119 17 10058 163 1160 0 0
24 77 10043 163 312 0 0
35 75 10059 163 5401 0 0
95 85 10048 139 3654 0 0
9 14 10059 156 4777 0 0
55 33 10059 152 6758 0 0
54 64 10043 162 7486 0 0
53 54 10055 158 4872 0 0
116 32 10048 165 4292 0 0
89 1 10067 166 22855 0 0
98 37 10054 152 5993 0 0
23 111 10064 161 531 0 0
115 55 10053 154 6284 0 0
1 36 10051 167 54861 0 0
109 81 10060 164 4160 0 0
26 27 10071 146 771 0 0
123 91 10042 156 230595 0 0
122 110 10055 148 6461 0 0
23 114 10065 162 5633 0 0
124 10 10060 166 10136 0 0
40 71 10063 166 6981 0 0
51 99 10064 164 5291 0 0
53 64 10054 163 27600 0 0
8 87 10056 150 5876 0 0
70 76 10070 153 4570 0 0
116 105 10051 142 5927 0 0
104 127 10058 167 1781 0 0
96 17 10061 165 6788 0 0
24 79 10044 157 283 0 0
61 96 10065 157 5808 0 0
66 60 10041 157 7567 0 0
40 125 10062 154 5273 0 0
73 63 10069 143 4589 0 0
125 122 10049 156 5987 0 0
117 91 10055 158 3495 0 0
99 83 10054 155 5148 0 0
17 88 10053 164 5710 0 0
1 60 10052 158 6972 0 0
106 39 10055 149 658 0 0
27 110 10063 149 8665 0 0
109 46 10061 149 6086 0 0
36 14 10054 157 7950 0 0
76 80 10060 153 2552 0 0
69 53 10057 156 4062 0 0
123 103 10044 152 15715 0 0
57 44 10057 151 1932 0 0
65 106 10052 148 54 0 0
69 43 10055 162 2720 0 0
97 17 10050 166 10883 0 0
79 69 10064 155 10285 0 0
75 25 10064 161 14326 0 0
90 85 10066 141 3769 0 0
69 34 10056 156 2984 0 0
66 86 10043 161 5556 0 0
62 61 10053 153 15436 0 0
56 10 10059 167 2214 0 0
99 96 10055 158 6369 0 0
100 2 10055 156 7487 0 0
59 12 10061 160 6319 0 0
51 123 10066 161 319 0 0
24 99 10045 165 5923 0 0
113 4 10050 149 30739 0 0
29 127 10055 168 7888 0 0
15 43 10064 161 13663 0 0
47 12 10059 161 1727 0 0
28 32 10065 167 6475 0 0
78 7 10056 173 4522 0 0
87 64 10056 164 320 0 0
6 126 10059 169 4284 0 0
94 90 10063 159 3241 0 0
119 14 10060 158 6789 0 0
14 125 10047 155 6800 0 0
10 1 10069 168 5697 0 0
25 91 10052 159 4517 0 0
60 88 10055 165 3355 0 0
22 7 10047 174 4918 0 0
89 77 10068 165 4105 0 0
108 4 10061 150 6938 0 0
44 17 10065 168 7603 0 0
11 122 10048 157 8949 0 0
105 12 10064 162 6208 0 0
109 32 10062 166 784 0 0
123 115 10045 161 62808 0 0
43 42 10051 163 5123 0 0
78 114 10057 164 5951 0 0
78 114 10055 163 27782 0 0
71 78 10051 152 27134 0 0
91 2 10043 157 19933 0 0
50 68 10057 164 7153 0 0
17 37 10054 153 31937 0 0
40 15 10064 162 30374 0 0
27 17 10065 169 23 0 0
63 7 10062 175 3791 0 0
41 84 10053 147 4746 0 0
50 19 10058 157 4311 0 0
115 69 10054 156 3629 0 0
78 81 10058 165 3773 0 0
70 91 10072 160 12341 0 0
11 8 10049 164 987 0 0
118 18 10046 156 6904 0 0
84 28 10063 151 4387 0 0
87 10 10057 168 6181 0 0
29 83 10053 157 7298 0 0
116 98 10050 156 80147 0 0
54 12 10044 163 8118 0 0
97 12 10052 164 4800 0 0
117 67 10056 169 4039 0 0
26 28 10073 152 6359 0 0
0 33 10047 154 731 0 0
107 2 10061 159 14875 0 0
108 5 10062 141 3904 0 0
115 2 10056 160 5777 0 0
53 43 10056 164 9611 0 0
72 94 10067 153 824 0 0
111 43 10071 166 7336 0 0
95 117 10049 145 20148 0 0
50 47 10056 164 29001 0 0
64 83 10055 154 75362 0 0
83 10 10054 169 6321 0 0
71 44 10052 153 5059 0 0
32 97 10044 164 362073 0 0
47 66 10061 155 1545 0 0
95 60 10050 160 15520 0 0
101 94 10071 154 4065 0 0
18 0 10062 158 671 0 0
47 122 10060 158 23545 0 0
31 11 10059 163 3071 0 0
28 118 10066 152 9639 0 0
55 104 10063 154 4780 0 0
89 86 10070 162 1807 0 0
101 33 10069 155 208 0 0
75 116 10065 156 3935 0 0
75 48 10066 159 923 0 0
32 0 10048 159 6745 0 0
58 30 10060 154 7427 0 0
68 115 10059 162 7055 0 0
54 122 10045 159 4654 0 0
19 35 10063 152 22899 0 0
48 83 10053 158 3256 0 0
66 72 10044 159 5691 0 0
0 87 10012 116 1177908 0 0
43 52 10052 166 7390 0 0
58 20 10061 146 6792 0 0
97 76 10049 154 50244 0 0
97 88 10051 166 1574 0 0
35 104 10061 155 7777 0 0
41 50 10054 160 7348 0 0
100 84 10049 145 358091 0 0
19 52 10065 167 2512 0 0
92 54 10055 159 13469 0 0
77 110 10055 150 11225 0 0
52 14 10047 160 5295 0 0
125 83 10050 159 2065 0 0
50 16 10059 157 4002 0 0
40 68 10066 165 7447 0 0
63 13 10064 147 7982 0 0
83 50 10055 161 1925 0 0
98 30 10055 155 2718 0 0
126 7 10060 176 842 0 0
55 11 10064 164 21899 0 0
54 57 10046 158 4219 0 0
88 105 10057 143 132198 0 0
72 49 10068 151 5341 0 0
35 73 10062 154 10160 0 0
17 127 10055 169 26436 0 0
111 49 10070 150 117204 0 0
82 44 10054 154 3092 0 0
125 120 10051 164 58858 0 0
33 49 10061 152 7716 0 0
39 18 10053 157 1877 0 0
99 35 10056 153 2486 0 0
2 83 10039 138 1814901 0 0
79 50 10065 162 5782 0 0
59 57 10063 159 4536 0 0
96 9 10063 150 4385 0 0
96 118 10062 153 7295 0 0
111 104 10072 156 352 0 0
35 44 10064 155 7274 0 0
45 39 10051 153 4804 0 0
58 105 10062 144 12192 0 0
65 118 10053 154 6322 0 0
85 25 10058 162 28930 0 0
94 80 10065 156 10954 0 0
70 101 10073 161 6538 0 0
56 30 10061 156 3045 0 0
81 48 10046 160 7819 0 0
71 0 10055 160 4678 0 0
75 41 10067 158 4226 0 0
122 100 10056 178 5546 0 0
110 80 10061 155 4493 0 0
71 69 10053 157 29851 0 0
74 25 10058 163 13837 0 0
45 87 10049 154 2006 0 0
39 109 10054 150 1723 0 0
63 127 10063 170 5754 0 0
69 70 10058 150 8502 0 0
121 3 10059 143 148 0 0
89 68 10071 166 4435 0 0
73 105 10070 145 6282 0 0
97 37 10054 155 14752 0 0
31 16 10060 158 13801 0 0
77 124 10056 164 5161 0 0
46 72 10067 160 4285 0 0
31 29 10061 147 4607 0 0
53 50 10060 164 1030 0 0
11 94 10050 155 5314 0 0
26 46 10074 152 719 0 0
4 15 10063 163 4318 0 0
96 49 10065 153 2528 0 0
18 125 10063 158 6892 0 0
56 92 10062 170 678 0 0
64 72 10057 162 3569 0 0
45 112 10050 148 7569 0 0
37 43 10059 168 4545 0 0
115 98 10058 158 7484 0 0
112 62 10072 163 7132 0 0
84 59 10064 152 6559 0 0
35 30 10063 157 15321 0 0
121 79 10060 158 4702 0 0
111 7 10073 178 7779 0 0
65 78 10049 147 1072979 0 0
30 8 10046 165 4993 0 0
95 46 10052 153 6845 0 0
70 108 10075 156 4472 0 0
116 37 10053 156 2846 0 0
42 60 10061 161 5306 0 0
29 6 10058 164 5953 0 0
34 53 10053 158 7657 0 0
81 88 10047 168 6467 0 0
61 66 10067 156 459 0 0
18 110 10064 151 2763 0 0
120 85 10056 143 1144 0 0
84 0 10065 162 4336 0 0
112 21 10073 165 2848 0 0
31 23 10062 163 4502 0 0
39 61 10055 154 2585 0 0
28 16 10067 159 1200 0 0
108 25 10064 164 449 0 0
38 63 10053 145 1419 0 0
116 4 10052 151 69328 0 0
49 91 10058 161 5824 0 0
122 111 10058 163 1658 0 0
62 57 10054 160 898 0 0
92 23 10056 162 2327 0 0
116 9 10054 152 10492 0 0
24 122 10037 147 1489781 0 0
106 72 10058 161 7521 0 0
88 30 10059 158 6997 0 0
10 17 10070 170 11938 0 0
10 89 10071 160 7090 0 0
9 104 10063 157 5709 0 0
16 119 10050 158 7300 0 0
102 88 10067 167 5566 0 0
71 2 10057 162 710 0 0
71 14 10056 162 7101 0 0
100 86 10056 163 8580 0 0
83 52 10056 168 24395 0 0
6 124 10060 165 7188 0 0
32 42 10049 165 1753 0 0
30 47 10045 166 5332 0 0
124 94 10062 157 4545 0 0
8 33 10057 157 21254 0 0
119 78 10062 154 31550 0 0
85 89 10061 161 7813 0 0
124 25 10063 165 2635 0 0
33 14 10062 163 3478 0 0
103 70 10046 151 2823 0 0
75 58 10068 157 2141 0 0
19 17 10066 172 3409 0 0
116 73 10055 156 6666 0 0
10 119 10072 159 4388 0 0
11 78 10052 155 7566 0 0
57 5 10058 142 2613 0 0
45 29 10052 148 716 0 0
85 83 10060 162 15789 0 0
2 94 10053 158 6151 0 0
60 97 10057 169 3255 0 0
106 102 10057 155 113174 0 0
5 85 10045 144 27965 0 0
48 125 10055 160 5085 0 0
67 7 10059 180 2281 0 0
95 113 10053 157 1260 0 0
31 86 10064 165 1203 0 0
14 108 10049 157 15992 0 0
96 32 10067 171 3896 0 0
105 13 10067 149 6407 0 0
11 23 10051 165 4699 0 0
35 18 10066 158 4565 0 0
49 58 10060 159 538 0 0
124 83 10065 161 6663 0 0
71 22 10058 155 3430 0 0
43 92 10053 172 5769 0 0
44 76 10066 155 4619 0 0
50 30 10060 159 5371 0 0
66 86 10045 164 23866 0 0
47 68 10064 168 20459 0 0
105 98 10068 160 14403 0 0
31 8 10063 166 46968 0 0
9 7 10064 179 42257 0 0
103 68 10047 169 11675 0 0
124 64 10066 166 7268 0 0
94 50 10066 167 1196 0 0
79 124 10066 166 6624 0 0
21 92 10055 173 3815 0 0
69 12 10059 167 59790 0 0
79 125 10067 161 1248 0 0
127 119 10066 161 6125 0 0
76 18 10062 159 7862 0 0
80 26 10051 148 128 0 0
5 50 10046 166 9381 0 0
87 86 10059 166 2471 0 0
20 3 10067 144 7361 0 0
23 14 10069 164 4937 0 0
102 38 10068 157 2821 0 0
51 5 10069 143 7285 0 0
75 124 10070 167 6436 0 0
58 60 10063 162 7794 0 0
17 122 10057 160 6038 0 0
40 123 10067 164 7199 0 0
55 75 10066 166 5119 0 0
64 31 10058 156 6059 0 0
17 77 10056 166 7221 0 0
44 95 10067 162 7742 0 0
17 19 10058 159 5410 0 0
40 28 10068 153 3985 0 0
53 42 10061 166 6125 0 0
45 9 10054 153 7535 0 0
73 49 10071 156 6459 0 0
39 3 10057 145 6625 0 0
71 80 10059 158 2898 0 0
92 118 10057 155 104887 0 0
16 125 10052 162 1310 0 0
116 17 10056 173 3872 0 0
76 2 10064 163 6831 0 0
126 54 10062 162 6107 0 0
60 119 10059 160 5554 0 0
36 83 10056 163 5588 0 0
96 116 10068 160 1563 0 0
66 89 10048 162 12815 0 0
99 106 10058 149 9226 0 0
49 103 10059 155 7809 0 0
55 44 10067 157 5799 0 0
57 26 10060 149 4857 0 0
88 86 10060 167 6511 0 0
41 108 10059 159 5838 0 0
118 28 10049 154 1634 0 0
60 22 10060 156 3083 0 0
29 80 10060 159 12791 0 0
124 118 10067 156 7463 0 0
114 72 10061 163 7399 0 0
86 4 10059 152 2535 0 0
112 71 10074 170 5133 0 0
67 89 10061 163 1655 0 0
13 29 10039 149 5383 0 0
39 59 10058 153 20686 0 0
108 101 10065 162 30100 0 0
63 98 10065 159 6978 0 0
93 44 10070 158 5646 0 0
30 69 10048 159 2341 0 0
78 41 10059 159 4531 0 0
34 74 10055 152 10413 0 0
59 55 10065 156 2543 0 0
100 113 10057 158 5060 0 0
40 5 10069 145 7879 0 0
53 105 10062 146 4378 0 0
110 52 10062 171 4889 0 0
15 62 10067 165 28153 0 0
70 71 10076 171 12905 0 0
0 126 10053 170 7032 0 0
15 2 10068 164 5698 0 0
118 124 10050 168 17373 0 0
20 27 10068 148 5621 0 0
57 53 10061 159 33762 0 0
7 4 10059 153 7154 0 0
122 30 10060 160 4138 0 0
114 69 10062 160 798 0 0
61 40 10068 148 56965 0 0
17 25 10059 166 2462 0 0
62 59 10056 155 2870 0 0
102 104 10070 159 2076 0 0
71 49 10060 157 6049 0 0
58 68 10064 170 4919 0 0
114 72 10063 164 25269 0 0
16 9 10053 154 20960 0 0
5 37 10047 158 5568 0 0
107 49 10063 158 14376 0 0
126 111 10063 165 7869 0 0
93 84 10071 148 1167 0 0
11 74 10013 107 1985452 0 0
80 123 10052 166 7355 0 0
104 120 10060 166 15828 0 0
73 98 10072 161 9494 0 0
60 57 10061 161 104 0 0
7 65 10058 152 75 0 0
7 13 10060 150 5519 0 0
30 37 10049 159 6764 0 0
36 38 10057 158 6605 0 0
58 10 10065 172 2564 0 0
63 127 10066 174 4621 0 0
49 76 10061 157 4027 0 0
72 73 10070 159 1528 0 0
34 114 10056 166 127 0 0
82 60 10056 163 18674 0 0
82 17 10057 175 6224 0 0
26 31 10075 157 27931 0 0
75 80 10071 160 2421 0 0
82 23 10055 166 6552 0 0
38 35 10054 155 7902 0 0
33 35 10065 156 3904 0 0
102 124 10069 169 6054 0 0
13 45 10041 148 7632 0 0
95 123 10054 167 7911 0 0
106 33 10059 160 5517 0 0
86 19 10061 160 5561 0 0
110 40 10063 149 2944 0 0
59 33 10064 161 5403 0 0
71 112 10061 149 878 0 0
119 26 10065 150 4151 0 0
48 77 10056 167 5006 0 0
116 17 10057 176 6945 0 0
114 73 10064 158 6681 0 0
7 5 10057 146 104382 0 0
82 102 10058 158 4667 0 0
100 113 10058 159 5554 0 0
90 100 10069 179 6827 0 0
6 8 10061 167 78243 0 0
120 61 10057 156 6103 0 0
0 32 10051 172 18684 0 0
120 65 10058 153 6341 0 0
68 98 10061 162 3500 0 0
86 51 10062 155 3945 0 0
61 89 10069 166 736 0 0
81 23 10050 167 2385 0 0
13 72 10040 165 27855 0 0
110 55 10064 157 3226 0 0
88 84 10061 149 9019 0 0
7 62 10061 166 7928 0 0
40 69 10070 161 5523 0 0
105 15 10070 165 329 0 0
50 10 10063 174 5190 0 0
103 25 10050 168 10662 0 0
39 20 10060 148 4986 0 0
28 74 10070 153 671 0 0
121 44 10063 160 1367 0 0
79 41 10068 160 4468 0 0
71 79 10062 159 4419 0 0
1 70 10056 153 6674 0 0
116 63 10058 147 6359 0 0
66 65 10052 154 1417 0 0
115 26 10062 151 6950 0 0
37 110 10063 152 4585 0 0
17 96 10060 160 2751 0 0
84 7 10061 171 327093 0 0
76 23 10065 168 6148 0 0
33 53 10064 161 7851 0 0
32 113 10052 160 6768 0 0
41 22 10060 159 1927 0 0
66 45 10050 149 5253 0 0
58 87 10066 156 7187 0 0
97 106 10055 151 288 0 0
105 55 10071 158 238 0 0
47 64 10065 169 8900 0 0
74 127 10060 176 1125 0 0
80 110 10054 153 6911 0 0
1 47 10057 169 1860 0 0
57 67 10062 170 518 0 0
108 86 10067 168 6556 0 0
98 37 10056 160 8311 0 0
103 44 10049 159 31604 0 0
44 118 10069 157 7505 0 0
29 116 10062 162 2000 0 0
18 23 10068 170 14022 0 0
47 114 10066 167 4884 0 0
100 69 10060 162 488 0 0
55 20 10068 149 14889 0 0
0 114 10054 168 4906 0 0
125 53 10054 160 48957 0 0
65 70 10055 155 5009 0 0
93 73 10073 160 105 0 0
117 86 10058 169 30706 0 0
18 68 10069 171 3141 0 0
76 35 10067 158 4007 0 0
121 81 10066 167 3819 0 0
48 34 10057 158 27290 0 0
36 72 10058 168 7786 0 0
121 106 10065 150 12586 0 0
22 86 10050 170 505 0 0
103 54 10048 164 13075 0 0
80 107 10053 157 78040 0 0
31 65 10065 155 1192 0 0
21 59 10056 156 4834 0 0
22 100 10051 180 430 0 0
85 81 10062 168 6078 0 0
51 97 10071 172 5145 0 0
11 47 10053 170 5236 0 0
60 78 10062 156 6275 0 0
40 2 10071 166 9651 0 0
79 102 10070 159 12611 0 0
88 102 10062 160 6898 0 0
19 13 10068 152 4349 0 0
109 2 10064 165 25752 0 0
97 114 10056 169 11935 0 0
23 104 10071 161 2167 0 0
12 8 10056 168 12244 0 0
45 32 10055 173 4818 0 0
19 108 10069 161 9777 0 0
107 70 10064 154 10853 0 0
21 35 10057 159 4899 0 0
97 17 10057 177 7586 0 0
56 105 10064 147 7218 0 0
105 103 10073 158 3886 0 0
77 62 10058 167 6981 0 0
17 107 10061 158 358 0 0
7 56 10062 159 10544 0 0
8 47 10059 171 1635 0 0
5 39 10049 156 885 0 0
55 124 10069 170 8404 0 0
93 106 10074 153 7810 0 0
14 2 10050 167 7106 0 0
124 59 10068 157 6475 0 0
105 101 10074 164 6348 0 0
81 87 10052 158 75947 0 0
115 49 10063 159 7488 0 0
31 103 10067 156 7931 0 0
78 91 10060 164 763 0 0
64 6 10059 167 2223 0 0
17 36 10062 170 7806 0 0
57 75 10063 167 5114 0 0
25 48 10054 163 886 0 0
18 119 10070 163 7693 0 0
95 62 10057 168 2714 0 0
75 109 10073 152 2181 0 0
88 38 10064 162 3628 0 0
75 67 10075 173 2213 0 0
51 45 10072 151 476 0 0
44 54 10068 165 5609 0 0
64 10 10060 175 2051 0 0
123 45 10047 150 1467 0 0
73 92 10074 177 6517 0 0
117 52 10060 172 10208 0 0
114 91 10065 163 10298 0 0
112 54 10076 166 6838 0 0
86 82 10063 155 3955 0 0
2 71 10052 164 746955 0 0
92 97 10058 173 10689 0 0
113 50 10052 168 446 0 0
95 89 10058 168 5775 0 0
36 8 10059 169 6607 0 0
2 36 10055 171 11113 0 0
67 75 10065 170 2155 0 0
103 80 10051 161 688 0 0
125 79 10056 161 6027 0 0
53 58 10065 161 41471 0 0
16 61 10054 157 31151 0 0
46 64 10069 170 4100 0 0
12 3 10057 148 6129 0 0
53 73 10064 161 7097 0 0
4 2 10066 168 2977 0 0
82 60 10059 166 11941 0 0
81 114 10053 171 15593 0 0
16 78 10056 159 19 0 0
118 67 10051 172 6672 0 0
23 24 10072 152 6592 0 0
75 103 10074 157 15341 0 0
108 123 10071 170 6482 0 0
16 34 10055 159 4819 0 0
61 11 10071 166 7590 0 0
121 61 10067 158 2815 0 0
97 118 10059 159 5956 0 0
89 59 10074 158 7402 0 0
100 6 10061 168 767 0 0
78 111 10061 166 14267 0 0
25 3 10055 147 4019 0 0
83 49 10058 160 9265 0 0
50 89 10061 164 103993 0 0
69 107 10051 153 1241306 0 0
16 4 10057 156 7186 0 0
107 61 10065 159 5217 0 0
103 13 10052 153 7706 0 0
95 116 10056 163 90552 0 0
2 4 10056 157 10340 0 0
19 10 10070 176 21897 0 0
94 72 10070 169 4073 0 0
68 66 10062 160 2345 0 0
84 121 10066 164 101302 0 0
18 71 10071 173 2679 0 0
107 35 10066 160 5694 0 0
110 3 10065 149 628 0 0
15 87 10069 159 491 0 0
66 34 10054 160 5456 0 0
11 53 10056 164 6440 0 0
29 101 10064 165 1509 0 0
54 80 10051 162 3896 0 0
93 110 10076 154 4793 0 0
99 125 10059 163 6473 0 0
25 30 10056 161 957 0 0
30 59 10050 159 7545 0 0
23 90 10073 161 2571 0 0
121 103 10068 159 989 0 0
3 105 10049 149 7269 0 0
68 91 10063 165 7687 0 0
93 119 10077 167 4335 0 0
14 2 10051 169 15529 0 0
81 44 10051 162 69017 0 0
111 104 10076 162 5374 0 0
3 116 10048 164 13494 0 0
107 74 10067 156 13942 0 0
79 78 10072 160 5629 0 0
27 117 10069 147 752 0 0
68 46 10064 155 6662 0 0
35 108 10071 163 5223 0 0
63 32 10067 174 1538 0 0
20 59 10070 160 6910 0 0
47 84 10068 150 779 0 0
65 26 10056 153 7492 0 0
94 125 10071 164 6422 0 0
40 10 10072 177 14569 0 0
100 65 10062 156 2894 0 0
44 82 10070 156 3686 0 0
102 23 10062 156 1777711 0 0
83 10 10060 178 1381 0 0
46 34 10071 161 5478 0 0
73 112 10075 151 7733 0 0
121 97 10069 175 7093 0 0
64 103 10062 160 8884 0 0
27 97 10070 176 5648 0 0
84 71 10068 174 5272 0 0
86 57 10065 162 9544 0 0
109 40 10065 150 723 0 0
84 120 10067 167 22087 0 0
12 15 10059 168 6764 0 0
82 86 10060 173 15235 0 0
50 44 10064 163 6988 0 0
107 86 10068 171 7551 0 0
62 6 10057 169 24526 0 0
69 47 10062 172 7867 0 0
50 14 10065 169 1050 0 0
63 56 10070 161 6652 0 0
11 66 10058 161 1900 0 0
88 19 10065 162 57343 0 0
74 31 10061 158 6470 0 0
95 119 10060 168 6326 0 0
76 68 10068 172 4795 0 0
99 36 10060 173 3304 0 0
91 116 10046 165 9731 0 0
54 18 10050 164 7751 0 0
37 124 10065 172 2281 0 0
34 110 10058 155 19430 0 0
114 75 10066 171 4993 0 0
66 73 10053 162 115498 0 0
77 104 10061 163 4292 0 0
47 16 10069 163 26 0 0
100 109 10063 153 7358 0 0
95 17 10059 179 15233 0 0
81 15 10054 167 450 0 0
63 12 10069 169 1039 0 0
43 67 10055 174 81914 0 0
72 45 10071 152 7248 0 0
91 105 10047 151 4329 0 0
14 42 10052 167 5437 0 0
77 115 10062 164 9890 0 0
54 88 10049 170 116901 0 0
28 35 10072 161 177 0 0
106 14 10064 168 2140 0 0
109 105 10067 152 5561 0 0
106 8 10065 172 5730 0 0
108 110 10073 157 574 0 0
74 78 10063 161 26305 0 0
49 43 10064 169 4279 0 0
98 116 10059 166 6789 0 0
17 22 10064 162 1612 0 0
17 0 10063 163 133 0 0
47 111 10070 167 6804 0 0
123 118 10049 161 1644 0 0
86 39 10066 158 4004 0 0
12 73 10060 163 4604 0 0
124 37 10069 161 1025 0 0
118 7 10052 184 4663 0 0
74 55 10062 159 5524 0 0
14 97 10053 177 11674 0 0
55 60 10070 169 17 0 0
67 100 10066 182 6319 0 0
101 58 10074 163 3406 0 0
25 59 10057 161 4538 0 0
0 19 10055 161 117928 0 0
29 88 10061 172 2495 0 0
6 2 10065 172 4226 0 0
0 67 10057 175 14157 0 0
76 111 10069 168 5241 0 0
30 120 10052 169 362 0 0
60 66 10063 163 5315 0 0
120 116 10059 169 7247 0 0
109 65 10066 157 4288 0 0
99 68 10062 173 2142 0 0
59 37 10069 162 1220 0 0
97 113 10061 162 4101 0 0
16 28 10060 155 3091 0 0
12 21 10061 167 1781 0 0
82 52 10061 176 4369 0 0
59 5 10068 148 6744 0 0
64 12 10064 170 5693 0 0
96 54 10072 168 7876 0 0
16 90 10058 163 5150 0 0
89 5 10078 147 22302 0 0
86 93 10067 155 4415 0 0
71 94 10063 159 1049 0 0
62 2 10059 170 1548 0 0
24 16 10046 164 5376 0 0
87 49 10061 162 5970 0 0
95 21 10061 168 6812 0 0
26 116 10078 167 6737 0 0
65 97 10058 178 15343 0 0
47 95 10067 166 6121 0 0
108 118 10072 160 26186 0 0
83 44 10061 164 316 0 0
93 92 10078 179 7084 0 0
74 37 10064 163 15812 0 0
13 59 10042 162 1725 0 0
70 11 10081 168 2397 0 0
124 107 10070 161 25874 0 0
12 67 10062 176 1258 0 0
50 59 10062 154 244839 0 0
34 126 10059 171 2770 0 0
96 44 10073 165 423 0 0
117 98 10062 165 4136 0 0
48 86 10062 174 3706 0 0
78 70 10063 156 4000 0 0
48 11 10060 167 28354 0 0
18 98 10072 166 4095 0 0
34 104 10060 164 1888 0 0
16 10 10059 179 4506 0 0
93 88 10075 176 2889 0 0
62 119 10060 169 2957 0 0
125 24 10057 153 178 0 0
77 66 10060 162 78166 0 0
0 78 10058 162 10527 0 0
126 100 10064 183 1882 0 0
97 82 10062 157 2811 0 0
12 104 10063 165 1851 0 0
111 78 10078 163 6847 0 0
127 67 10068 177 2658 0 0
65 33 10059 162 23990 0 0
63 12 10072 171 520 0 0
123 55 10050 160 5587 0 0
5 76 10050 158 5795 0 0
123 15 10048 169 26233 0 0
121 108 10070 165 24142 0 0
15 34 10070 162 1840 0 0
98 111 10061 169 3348 0 0
26 11 10080 169 1451 0 0
38 97 10056 179 6247 0 0
49 66 10065 164 5437 0 0
109 126 10070 172 4475 0 0
17 56 10065 163 9570 0 0
30 0 10053 164 38894 0 0
34 47 10062 174 1302 0 0
40 9 10074 157 5976 0 0
35 103 10072 161 1192 0 0
40 53 10073 166 22811 0 0
49 85 10068 145 6621 0 0
1 24 10058 154 5144 0 0
2 88 10054 173 28359 0 0
103 115 10053 166 5897 0 0
119 63 10067 150 1152 0 0
89 59 10079 163 5320 0 0
27 33 10071 164 2548 0 0
47 82 10071 158 7924 0 0
61 78 10075 164 1424 0 0
36 122 10061 163 7033 0 0
0 50 10056 169 105035 0 0
30 34 10055 163 118 0 0
94 90 10074 164 2249 0 0
67 17 10067 180 6650 0 0
66 47 10055 173 4051 0 0
29 101 10066 166 5729 0 0
8 7 10061 185 11707 0 0
89 95 10077 167 3654 0 0
28 107 10074 162 2824 0 0
105 42 10075 170 719 0 0
15 12 10071 173 752 0 0
2 127 10058 179 5649 0 0
101 31 10075 161 6458 0 0
12 99 10058 168 7506 0 0
64 81 10067 171 6590 0 0
1 64 10059 173 12662 0 0
22 62 10053 169 6830 0 0
97 88 10058 174 5813 0 0
57 110 10067 158 747 0 0
38 92 10057 181 13150 0 0
0 11 10060 170 6941 0 0
106 25 10067 171 4646 0 0
89 94 10080 161 4299 0 0
48 107 10059 160 118839 0 0
90 91 10071 166 6774 0 0
98 122 10062 164 669 0 0
108 50 10075 171 667 0 0
75 125 10078 166 418 0 0
43 38 10057 164 33366 0 0
102 114 10073 172 6779 0 0
75 42 10079 172 1654 0 0
64 124 10065 173 37754 0 0
20 48 10071 168 7729 0 0
46 32 10072 177 7626 0 0
0 1 10059 173 26625 0 0
26 118 10081 163 5818 0 0
50 54 10066 170 2926 0 0
108 32 10069 176 3183 0 0
31 16 10070 165 1486 0 0
55 58 10072 164 15659 0 0
44 17 10072 181 5815 0 0
30 66 10054 166 7935 0 0
73 82 10077 159 10 0 0
71 17 10064 182 12663 0 0
38 111 10059 170 12789 0 0
41 28 10062 156 5594 0 0
81 126 10056 173 4723 0 0
112 29 10078 152 3228 0 0
32 52 10057 177 6965 0 0
75 60 10080 171 2986 0 0
32 13 10056 154 2065 0 0
44 0 10073 166 501 0 0
75 32 10076 178 7413 0 0
99 124 10064 176 2482 0 0
61 4 10074 161 4203 0 0
4 119 10069 170 5317 0 0
65 88 10057 177 3673 0 0
75 49 10081 164 983 0 0
2 15 10060 173 5092 0 0
106 83 10068 166 11653 0 0
18 68 10074 175 212 0 0
22 44 10054 166 19452 0 0
9 16 10065 166 2727 0 0
8 1 10065 175 5464 0 0
22 101 10055 167 7722 0 0
82 36 10062 175 5435 0 0
83 75 10062 172 654 0 0
94 4 10072 160 5952 0 0
73 72 10078 171 61762 0 0
4 112 10070 155 8712 0 0
12 28 10066 157 2734 0 0
40 70 10077 157 7277 0 0
92 65 10060 160 512 0 0
77 62 10063 170 7621 0 0
72 115 10072 167 625 0 0
77 37 10064 164 289 0 0
86 1 10069 174 365 0 0
111 60 10079 170 86751 0 0
35 96 10074 162 2718 0 0
70 58 10083 165 5971 0 0
8 82 10064 160 26882 0 0
31 74 10069 158 6276 0 0
106 80 10066 163 105036 0 0
59 101 10070 168 17789 0 0
89 17 10081 183 149 0 0
126 7 10066 187 518 0 0
108 93 10077 156 13085 0 0
92 108 10061 167 4131 0 0
3 67 10051 178 4021 0 0
13 26 10044 154 7071 0 0
83 61 10063 160 23871 0 0
12 58 10067 166 7828 0 0
124 104 10072 166 6549 0 0
111 50 10080 173 20009 0 0
46 114 10076 174 3850 0 0
35 59 10073 166 3149 0 0
39 75 10061 173 6866 0 0
94 66 10073 167 6316 0 0
127 7 10069 186 231 0 0
23 64 10075 174 30465 0 0
87 57 10062 164 7029 0 0
125 46 10059 157 5816 0 0
0 87 10061 161 7769 0 0
60 15 10064 174 7681 0 0
44 70 10074 158 8662 0 0
13 81 10045 173 5488 0 0
93 91 10081 167 27905 0 0
46 93 10077 158 4127 0 0
99 22 10065 164 9140 0 0
110 103 10068 162 7373 0 0
58 20 10068 151 6661 0 0
120 83 10061 168 25013 0 0
69 17 10064 184 13596 0 0
30 120 10057 171 11995 0 0
0 11 10062 172 5399 0 0
62 123 10063 172 7695 0 0
10 107 10077 163 13245 0 0
117 53 10065 167 7391 0 0
25 8 10059 174 7707 0 0
115 50 10064 174 4144 0 0
84 76 10069 159 51820 0 0
32 9 10059 159 5736 0 0
108 11 10078 171 6936 0 0
48 69 10063 164 7997 0 0
87 108 10063 168 12567 0 0
29 16 10067 167 6942 0 0
26 46 10082 158 2041 0 0
21 110 10059 159 23025 0 0
32 64 10058 175 14560 0 0
2 120 10061 172 31299 0 0
96 93 10077 159 14944 0 0
119 18 10068 165 357 0 0
98 119 10065 171 31220 0 0
29 28 10068 159 5815 0 0
122 116 10063 171 63313 0 0
6 4 10064 159 302295 0 0
75 95 10077 170 7267 0 0
73 88 10076 179 6258 0 0
91 59 10049 165 101923 0 0
40 42 10078 173 20878 0 0
84 63 10070 151 5682 0 0
34 20 10064 154 2021 0 0
59 54 10071 171 2128 0 0
44 42 10071 168 147246 0 0
83 86 10066 178 4971 0 0
32 119 10060 172 2385 0 0
73 66 10080 168 5534 0 0
10 6 10076 170 126431 0 0
76 96 10071 164 647 0 0
99 50 10063 170 93339 0 0
74 60 10067 172 1321 0 0
5 76 10042 146 1884712 0 0
36 81 10062 174 6402 0 0
92 28 10062 158 5261 0 0
121 124 10071 178 1298 0 0
76 15 10070 172 31201 0 0
25 90 10060 165 12627 0 0
53 83 10067 170 17206 0 0
46 88 10074 180 7277 0 0
96 80 10078 164 248 0 0
42 14 10068 171 6968 0 0
110 1 10067 176 5679 0 0
64 124 10068 177 2091 0 0
115 0 10065 167 5339 0 0
20 79 10073 162 1545 0 0
61 89 10076 171 53 0 0
119 84 10070 152 2694 0 0
5 56 10052 166 6655 0 0
82 93 10064 160 11579 0 0
73 29 10081 153 4224 0 0
75 82 10082 162 25088 0 0
116 95 10060 171 15997 0 0
73 10 10079 181 466 0 0
114 118 10067 164 1425 0 0
110 82 10070 164 5848 0 0
23 66 10077 169 5739 0 0
35 121 10075 169 7744 0 0
36 77 10063 169 6620 0 0
71 114 10067 175 38325 0 0
82 29 10063 154 937 0 0
11 68 10060 177 3995 0 0
48 3 10065 151 5000 0 0
110 74 10069 159 5542 0 0
0 96 10063 165 484 0 0
20 44 10074 168 4922 0 0
3 33 10052 168 6607 0 0
52 1 10054 177 28 0 0
85 4 10064 162 4747 0 0
115 72 10066 173 6899 0 0
76 101 10072 170 497 0 0
67 106 10070 155 1481 0 0
16 2 10064 173 854 0 0
30 63 10058 152 4734 0 0
64 14 10066 170 115483 0 0
64 0 10069 168 9300 0 0
87 43 10064 171 135 0 0
13 64 10046 176 13951 0 0
23 106 10078 154 6257 0 0
61 62 10077 171 7451 0 0
93 47 10083 177 7502 0 0
24 31 10047 165 7206 0 0
83 100 10068 184 6445 0 0
34 48 10065 170 4275 0 0
54 60 10052 173 7703 0 0
119 13 10069 155 13410 0 0
113 49 10055 165 9782 0 0
22 29 10056 155 4856 0 0
71 65 10068 162 3368 0 0
19 79 10076 163 4740 0 0
74 76 10070 160 20466 0 0
13 33 10043 165 200099 0 0
31 51 10071 159 4108 0 0
5 18 10051 166 2898 0 0
14 38 10054 165 13047 0 0
124 119 10074 174 24292 0 0
9 17 10066 186 31061 0 0
16 73 10065 164 7818 0 0
48 79 10066 164 5552 0 0
56 119 10068 173 6593 0 0
59 32 10072 182 4464 0 0
81 123 10060 175 1081 0 0
4 5 10072 149 9684 0 0
24 35 10048 162 5865 0 0
96 17 10079 187 15850 0 0
26 115 10084 169 1536 0 0
81 47 10059 179 6270 0 0
38 67 10060 179 4011 0 0
0 104 10064 167 1701 0 0
13 15 10048 175 5866 0 0
66 2 10056 174 3966 0 0
48 19 10064 165 51705 0 0
120 127 10063 180 12267 0 0
126 4 10067 164 4040 0 0
113 99 10054 172 6539 0 0
21 112 10061 156 6783 0 0
103 23 10056 171 5934 0 0
37 6 10021 129 1434905 0 0
103 8 10054 175 3455 0 0
11 59 10061 167 805 0 0
85 86 10065 179 4222 0 0
22 68 10057 179 12437 0 0
98 95 10064 172 1738 0 0
103 23 10057 172 615 0 0
118 21 10053 170 7638 0 0
50 83 10068 171 686 0 0
48 43 10054 167 685357 0 0
34 51 10067 160 6552 0 0
64 68 10070 181 7925 0 0
41 22 10063 165 52108 0 0
109 103 10073 164 7904 0 0
100 6 10064 171 4771 0 0
15 6 10073 173 4926 0 0
101 20 10078 155 4590 0 0
84 2 10071 175 19217 0 0
46 31 10075 162 89760 0 0
49 68 10071 178 3724 0 0
121 69 10061 158 997051 0 0
43 84 10061 153 4174 0 0
43 5 10060 150 4998 0 0
25 34 10061 167 5920 0 0
84 93 10075 163 5719 0 0
50 69 10067 166 2900 0 0
68 63 10067 153 6917 0 0
80 91 10056 168 20798 0 0
20 22 10075 166 7114 0 0
110 104 10071 168 4834 0 0
5 89 10053 174 21906 0 0
96 48 10080 172 2696 0 0
6 76 10068 161 12885 0 0
30 69 10059 167 1890 0 0
6 62 10067 173 5803 0 0
16 68 10066 180 6566 0 0
74 68 10071 182 6927 0 0
90 9 10074 160 1868 0 0
112 93 10080 162 7261 0 0
84 28 10073 161 10483 0 0
101 10 10077 183 4025 0 0
94 49 10075 166 1280 0 0
12 101 10070 171 1588 0 0
39 18 10062 167 5108 0 0
53 2 10068 176 4341 0 0
30 87 10062 163 3690 0 0
96 43 10081 172 1051 0 0
107 104 10071 170 5480 0 0
74 114 10069 176 98925 0 0
67 56 10071 167 7402 0 0
84 20 10072 156 23355 0 0
45 69 10057 168 13813 0 0
33 42 10067 174 7960 0 0
52 55 10057 165 13818 0 0
121 14 10072 174 288 0 0
30 31 10061 166 6050 0 0
117 113 10067 166 6643 0 0
30 85 10063 147 14419 0 0
101 110 10079 160 19872 0 0
46 41 10078 163 4683 0 0
45 39 10058 159 7454 0 0
73 68 10084 183 7656 0 0
119 30 10071 165 4466 0 0
31 76 10072 162 20834 0 0
117 3 10066 153 62069 0 0
96 50 10082 177 4143 0 0
51 94 10073 162 7787 0 0
77 72 10068 176 9688 0 0
115 48 10067 171 110098 0 0
63 101 10075 172 7038 0 0
30 92 10064 182 2486 0 0
126 123 10069 176 97251 0 0
88 106 10068 156 367 0 0
105 55 10080 164 4289 0 0
59 63 10073 155 3598 0 0
21 87 10063 164 1782 0 0
42 122 10069 168 13870 0 0
52 45 10056 155 4534 0 0
52 50 10058 178 4068 0 0
34 119 10068 175 1985 0 0
33 30 10066 166 29379 0 0
110 97 10073 182 5963 0 0
90 34 10076 169 6316 0 0
67 25 10072 173 6912 0 0
82 8 10066 177 38945 0 0
127 55 10072 166 169 0 0
4 49 10074 169 6932 0 0
57 78 10071 165 12398 0 0
88 115 10069 171 6850 0 0
124 81 10075 177 6928 0 0
127 113 10073 167 7724 0 0
52 38 10055 166 91829 0 0
2 73 10064 165 5339 0 0
50 58 10069 169 7360 0 0
113 67 10056 180 20844 0 0
81 18 10061 168 4185 0 0
84 67 10076 181 4242 0 0
38 22 10061 167 7770 0 0
0 127 10065 181 13933 0 0
99 14 10067 173 6556 0 0
104 103 10065 166 4712 0 0
90 124 10075 180 5988 0 0
34 126 10069 175 6982 0 0
108 37 10079 168 6070 0 0
124 76 10076 163 3147 0 0
111 118 10084 165 4592 0 0
113 68 10057 184 4775 0 0
21 83 10064 172 3953 0 0
56 31 10070 167 6726 0 0
60 41 10065 162 4390 0 0
11 8 10062 178 128422 0 0
58 1 10073 178 711 0 0
71 127 10054 171 930966 0 0
0 57 10066 165 8573 0 0
100 107 10066 166 1210 0 0
97 91 10064 169 5400 0 0
44 66 10076 171 6836 0 0
48 90 10067 167 6523 0 0
79 26 10076 156 1431 0 0
7 24 10065 155 6712 0 0
67 97 10073 183 17480 0 0
27 116 10074 173 834 0 0
29 112 10070 157 7145 0 0
121 70 10073 163 29979 0 0
97 121 10065 170 7618 0 0
89 35 10084 163 3753 0 0
50 108 10070 170 941 0 0
3 14 10054 176 26780 0 0
73 95 10083 173 6581 0 0
22 72 10059 177 3569 0 0
74 44 10072 169 14790 0 0
88 29 10070 156 5064 0 0
18 39 10075 160 2126 0 0
114 10 10068 187 6661 0 0
23 35 10080 164 2543 0 0
13 102 10049 165 1835 0 0
106 17 10033 138 1285842 0 0
63 30 10076 169 12756 0 0
46 6 10079 175 4127 0 0
40 80 10080 166 659 0 0
103 34 10060 171 7214 0 0
27 62 10073 174 6595 0 0
69 107 10065 165 1909 0 0
97 51 10066 161 11500 0 0
3 20 10055 158 2427 0 0
52 55 10060 168 1072 0 0
79 83 10077 173 4357 0 0
81 33 10063 170 3827 0 0
109 26 10074 155 53038 0 0
3 20 10053 157 11108 0 0
27 68 10075 185 7238 0 0
63 47 10073 178 77320 0 0
13 7 10050 189 18007 0 0
4 93 10075 164 5459 0 0
64 14 10071 177 4598 0 0
20 106 10076 157 7662 0 0
58 91 10074 170 6948 0 0
109 35 10075 165 1264 0 0
57 20 10072 160 7862 0 0
68 18 10068 169 19202 0 0
0 106 10068 158 2849 0 0
73 103 10085 167 6210 0 0
78 51 10065 162 311 0 0
43 20 10063 163 2678 0 0
90 103 10079 168 7349 0 0
61 95 10078 174 6952 0 0
95 101 10064 173 6952 0 0
126 100 10070 186 5029 0 0
37 38 10066 169 16160 0 0
67 41 10074 164 6452 0 0
24 55 10049 167 4670 0 0
48 78 10068 166 1124 0 0
116 68 10063 186 5699 0 0
100 20 10067 161 19429 0 0
26 103 10087 170 777 0 0
75 44 10083 170 25629 0 0
63 47 10074 180 5100 0 0
126 105 10071 153 153 0 0
87 10 10065 189 791 0 0
18 91 10076 171 7942 0 0
62 121 10065 171 7683 0 0
50 77 10071 170 8448 0 0
40 76 10081 164 5352 0 0
64 89 10072 175 1448 0 0
52 65 10061 166 14360 0 0
9 73 10067 166 325 0 0
119 120 10072 173 56116 0 0
108 31 10081 169 4957 0 0
14 11 10056 174 6893 0 0
54 11 10055 173 4643 0 0
98 94 10068 163 5229 0 0
33 16 10068 168 15901 0 0
107 4 10072 165 7310 0 0
28 40 10078 154 4720 0 0
40 78 10082 167 12888 0 0
117 14 10068 178 1028 0 0
0 18 10067 170 6791 0 0
105 79 10082 165 2353 0 0
23 21 10081 171 7027 0 0
43 109 10064 155 23705 0 0
78 48 10067 174 1076 0 0
88 26 10071 157 15727 0 0
65 4 10062 167 979 0 0
9 116 10068 175 7438 0 0
66 64 10057 179 14682 0 0
95 35 10065 166 4959 0 0
64 117 10073 148 5630 0 0
115 42 10069 175 6061 0 0
79 50 10080 179 6420 0 0
68 115 10070 172 10223 0 0
103 56 10062 169 4127 0 0
83 50 10071 180 7344 0 0
83 56 10070 170 3702 0 0
29 2 10071 180 7179 0 0
56 44 10071 171 21882 0 0
115 2 10068 179 29397 0 0
21 77 10065 171 5210 0 0
101 120 10081 175 2426 0 0
86 2 10071 181 1817 0 0
89 115 10085 173 10567 0 0
118 30 10056 170 48819 0 0
3 53 10056 169 6346 0 0
45 72 10059 178 7205 0 0
66 77 10058 172 6871 0 0
14 78 10057 168 5121 0 0
40 3 10083 156 2375 0 0
87 30 10066 172 4486 0 0
24 70 10051 165 978 0 0
1 52 10064 180 4732 0 0
120 18 10065 171 6112 0 0
3 84 10058 154 1548 0 0
41 6 10064 176 3214 0 0
41 46 10065 164 3777 0 0
52 59 10062 170 9117 0 0
44 105 10032 118 1068401 0 0
125 63 10060 156 2654 0 0
53 45 10070 156 1471 0 0
114 127 10070 182 5383 0 0
21 18 10013 108 1598091 0 0
108 112 10083 158 64896 0 0
39 37 10064 169 1839 0 0
24 69 10050 170 13995 0 0
61 111 10080 173 6965 0 0
85 92 10067 184 5813 0 0
36 14 10066 179 5883 0 0
9 103 10069 172 11635 0 0
75 34 10086 173 9080 0 0
75 22 10087 168 7275 0 0
22 40 10060 155 7588 0 0
75 31 10085 170 7027 0 0
15 30 10076 173 3898 0 0
76 9 10076 162 370 0 0
103 42 10063 176 4025 0 0
56 103 10073 174 10684 0 0
67 54 10075 173 7405 0 0
3 27 10057 152 19990 0 0
77 46 10071 163 7238 0 0
54 98 10056 170 7628 0 0
34 112 10070 159 6170 0 0
86 7 10072 190 7057 0 0
98 65 10069 167 4634 0 0
62 81 10066 179 9084 0 0
75 27 10084 151 31224 0 0
56 45 10072 157 22327 0 0
101 87 10080 167 6292 0 0
13 89 10051 176 5310 0 0
62 116 10067 176 4391 0 0
110 28 10076 162 8680 0 0
26 103 10090 175 3732 0 0
57 87 10073 168 3976 0 0
119 45 10074 158 5101 0 0
51 117 10074 150 7435 0 0
86 44 10073 173 4766 0 0
84 26 10078 160 380 0 0
71 32 10070 183 775 0 0
113 38 10058 170 13793 0 0
56 42 10074 177 4564 0 0
111 13 10086 156 6954 0 0
60 110 10067 161 27120 0 0
96 52 10083 181 7642 0 0
69 66 10066 172 18758 0 0
26 18 10091 172 6227 0 0
11 96 10064 167 30892 0 0
52 6 10063 178 3085 0 0
66 79 10059 167 4861 0 0
93 20 10085 164 7936 0 0
122 28 10065 163 5413 0 0
7 24 10066 157 934 0 0
105 25 10083 176 2709 0 0
88 117 10072 151 4960 0 0
81 92 10064 185 29364 0 0
110 59 10075 169 3953 0 0
16 17 10067 190 6463 0 0
27 64 10076 180 13833 0 0
123 71 10056 176 6519 0 0
8 87 10067 169 2561 0 0
45 57 10060 167 14110 0 0
42 87 10071 170 6611 0 0
88 99 10067 175 6556 0 0
64 58 10074 170 7012 0 0
108 53 10084 170 17598 0 0
106 87 10069 171 3796 0 0
60 31 10068 171 3762 0 0
28 20 10081 166 16357 0 0
76 23 10077 174 22342 0 0
73 103 10087 176 116 0 0
15 80 10077 167 18370 0 0
75 102 10088 168 4486 0 0
73 29 10086 157 6947 0 0
90 17 10080 189 7209 0 0
103 83 10064 176 4058 0 0
65 57 10063 168 7313 0 0
17 122 10067 171 2559 0 0
62 115 10068 174 6568 0 0
54 80 10057 168 8799 0 0
124 122 10077 172 4011 0 0
57 110 10074 162 20898 0 0
126 51 10072 163 4959 0 0
79 44 10081 172 100952 0 0
49 8 10075 179 6126 0 0
26 48 10089 176 10464 0 0
60 109 10069 156 4935 0 0
0 50 10069 182 6799 0 0
51 5 10075 151 4410 0 0
40 7 10084 191 3518 0 0
38 101 10062 175 16249 0 0
39 67 10065 182 4896 0 0
51 79 10076 166 9317 0 0
100 39 10068 163 174 0 0
43 20 10066 165 5986 0 0
62 54 10069 175 27584 0 0
18 60 10077 174 8539 0 0
34 81 10071 180 5495 0 0
54 118 10058 166 28734 0 0
85 5 10068 152 4782 0 0
49 41 10074 165 78798 0 0
17 87 10068 172 4500 0 0
50 119 10073 176 1040 0 0
118 102 10057 169 3467 0 0
78 116 10069 177 6464 0 0
42 83 10072 177 23817 0 0
41 118 10066 167 7411 0 0
51 20 10077 167 1836 0 0
8 104 10068 172 7477 0 0
75 18 10089 173 2251 0 0
0 25 10070 177 2500 0 0
71 30 10071 174 5669 0 0
82 64 10067 181 14422 0 0
112 94 10083 164 11686 0 0
45 117 10062 152 6823 0 0
40 60 10085 175 3714 0 0
107 74 10073 161 5650 0 0
47 27 10075 153 5070 0 0
26 97 10093 184 4831 0 0
11 28 10065 164 469 0 0
18 26 10079 161 1329 0 0
41 20 10067 168 311 0 0
44 57 10077 169 6910 0 0
112 5 10082 153 7986 0 0
51 46 10078 165 6891 0 0
51 82 10079 166 1080 0 0
15 118 10079 168 5578 0 0
99 52 10071 183 7564 0 0
6 85 10072 149 4034 0 0
73 35 10088 168 3200 0 0
68 47 10069 182 7947 0 0
27 36 10077 177 21222 0 0
104 98 10066 171 7802 0 0
14 61 10058 163 6520 0 0
32 70 10062 167 1752 0 0
110 73 10077 168 7759 0 0
26 61 10092 162 6261 0 0
101 79 10083 168 501 0 0
105 117 10084 154 6951 0 0
40 76 10086 165 4254 0 0
4 112 10077 161 26673 0 0
27 63 10079 157 8398 0 0
14 81 10061 182 3063 0 0
101 68 10084 188 4815 0 0
15 78 10080 171 6817 0 0
112 2 10084 182 12961 0 0
101 23 10082 175 55215 0 0
28 44 10082 174 12106 0 0
9 20 10070 169 6038 0 0
63 48 10077 173 125966 0 0
123 95 10055 175 28455 0 0
123 68 10057 189 4428 0 0
101 34 10085 174 4598 0 0
14 112 10060 162 14391 0 0
1 76 10065 166 441 0 0
76 67 10078 183 764 0 0
101 109 10086 158 5914 0 0
68 27 10072 154 772 0 0
119 85 10075 150 2164 0 0
14 122 10059 173 28614 0 0
25 64 10063 182 5323 0 0
55 69 10076 171 348 0 0
41 11 10068 175 11193 0 0
44 87 10078 173 12315 0 0
16 117 10069 153 23110 0 0
99 58 10072 171 4583 0 0
124 48 10078 178 2218 0 0
82 60 10069 177 3052 0 0
17 32 10069 184 5256 0 0
14 47 10055 183 7693 0 0
22 8 10064 180 7803 0 0
85 55 10069 170 6500 0 0
53 70 10072 168 20006 0 0
40 120 10087 176 13930 0 0
64 113 10075 169 6541 0 0
18 109 10081 157 15575 0 0
68 67 10073 184 20360 0 0
85 124 10070 181 6537 0 0
3 13 10059 158 4893 0 0
8 49 10070 171 6500 0 0
87 46 10068 167 3855 0 0
84 91 10081 174 2246 0 0
75 31 10090 172 3327 0 0
9 76 10071 167 3242 0 0
100 98 10070 172 7420 0 0
32 44 10064 175 7783 0 0
29 24 10072 158 4580 0 0
36 20 10068 171 2213 0 0
88 126 10074 178 5198 0 0
61 77 10081 173 11644 0 0
23 119 10084 177 6455 0 0
101 80 10087 170 5879 0 0
51 115 10080 175 4846 0 0
19 52 10080 184 2393 0 0
110 47 10074 184 4977 0 0
16 104 10068 171 48253 0 0
22 0 10063 170 7538 0 0
88 127 10073 183 4892 0 0
13 8 10052 182 37616 0 0
35 120 10079 177 4776 0 0
31 43 10075 176 884 0 0
18 118 10082 170 6849 0 0
26 18 10094 176 2694 0 0
1 47 10063 186 5517 0 0
74 42 10073 179 11904 0 0
123 34 10058 176 6096 0 0
85 38 10071 171 3135 0 0
15 74 10078 163 7333 0 0
34 96 10072 168 14736 0 0
127 8 10075 181 5260 0 0
39 94 10067 167 2178 0 0
110 105 10040 126 1748798 0 0
62 46 10071 168 5223 0 0
66 7 10061 192 3980 0 0
39 116 10066 179 7587 0 0
18 56 10083 171 4995 0 0
98 74 10070 164 20226 0 0
109 36 10078 178 10579 0 0
79 90 10083 169 6841 0 0
55 18 10077 175 6892 0 0
96 125 10084 168 4065 0 0
23 108 10085 171 2482 0 0
55 21 10078 172 4299 0 0
116 77 10064 174 3926 0 0
25 54 10064 176 10742 0 0
53 74 10071 165 9919 0 0
79 123 10082 180 20203 0 0
105 122 10087 175 9746 0 0
87 44 10069 176 6186 0 0
37 86 10068 181 7137 0 0
92 39 10065 164 6032 0 0
117 57 10070 170 6363 0 0
15 60 10082 178 7238 0 0
32 33 10063 174 4775 0 0
116 66 10065 173 8942 0 0
110 116 10078 180 6861 0 0
82 39 10070 165 7743 0 0
101 93 10088 165 5790 0 0
2 73 10065 169 7449 0 0
12 10 10071 191 1940 0 0
81 90 10066 170 7202 0 0
0 5 10071 155 6121 0 0
119 59 10076 173 5524 0 0
117 7 10071 193 5917 0 0
16 108 10071 172 7220 0 0
61 3 10082 157 2562 0 0
16 127 10072 185 5668 0 0
55 118 10079 171 2779 0 0
44 81 10079 183 55423 0 0
69 65 10068 169 2572 0 0
26 56 10095 172 5778 0 0
86 82 10075 167 4796 0 0
14 16 10062 169 675 0 0
24 100 10052 189 17083 0 0
119 99 10073 176 7384 0 0
54 107 10060 169 28213 0 0
122 98 10068 173 6843 0 0
48 15 10069 180 8222 0 0
54 77 10061 175 5065 0 0
122 115 10067 177 41820 0 0
42 30 10073 175 7220 0 0
31 72 10077 179 5671 0 0
73 79 10089 169 1299 0 0
86 112 10074 165 5276 0 0
27 31 10080 173 4400 0 0
23 46 10086 169 5777 0 0
2 126 10066 181 751 0 0
99 29 10073 158 4513 0 0
57 38 10075 174 1860 0 0
104 105 10067 155 9721 0 0
60 114 10071 180 3792 0 0
122 127 10069 186 4199 0 0
119 52 10077 186 4645 0 0
117 7 10072 194 6423 0 0
75 117 10092 155 1561 0 0
100 115 10071 176 36954 0 0
57 85 10076 151 528 0 0
29 65 10073 168 5428 0 0
6 58 10073 173 55898 0 0
96 105 10085 156 719 0 0
60 55 10072 171 3267 0 0
14 34 10063 177 2692 0 0
47 73 10077 170 954 0 0
46 93 10082 166 11809 0 0
76 15 10079 181 5634 0 0
126 54 10074 177 5703 0 0
67 64 10077 184 16176 0 0
7 95 10067 177 1455 0 0
61 112 10084 166 2390 0 0
66 15 10062 182 4423 0 0
46 39 10084 166 1254 0 0
106 33 10070 175 2834 0 0
63 106 10080 160 6367 0 0
23 28 10088 166 2517 0 0
2 29 10067 159 2542 0 0
20 31 10079 174 6989 0 0
39 98 10068 174 33672 0 0
89 108 10089 173 7299 0 0
16 61 10073 165 237 0 0
100 54 10072 178 1021 0 0
40 77 10088 176 9520 0 0
10 100 10081 190 11135 0 0
3 69 10060 172 7809 0 0
75 38 10091 173 28731 0 0
93 61 10086 166 4230 0 0
20 70 10080 169 5170 0 0
126 97 10076 186 5219 0 0
126 26 10073 163 22355 0 0
91 27 10055 155 2781 0 0
9 91 10072 175 6092 0 0
18 30 10084 177 1034 0 0
102 5 10077 154 21511 0 0
126 16 10077 170 2944 0 0
57 121 10077 172 1863 0 0
95 119 10068 178 15925 0 0
36 47 10067 187 2810 0 0
94 3 10076 158 1192 0 0
71 57 10073 171 4519 0 0
6 104 10074 175 6034 0 0
54 53 10062 171 6979 0 0
72 125 10076 169 3948 0 0
110 114 10079 181 4607 0 0
5 7 10055 195 4048 0 0
10 124 10082 182 16833 0 0
30 96 10066 170 5113 0 0
73 21 10090 173 5503 0 0
33 106 10073 159 198977 0 0
62 49 10072 173 4433 0 0
41 44 10057 156 1008438 0 0
2 4 10070 168 7299 0 0
78 126 10070 180 68342 0 0
88 115 10075 178 3159 0 0
93 61 10087 167 16 0 0
48 53 10070 172 7008 0 0
31 70 10078 170 14013 0 0
28 101 10083 176 6032 0 0
53 48 10073 180 7313 0 0
89 96 10090 171 4841 0 0
4 93 10078 167 770 0 0
85 90 10075 172 1355 0 0
3 22 10061 170 7002 0 0
36 55 10070 172 4053 0 0
40 5 10089 156 26933 0 0
9 63 10073 160 3413 0 0
85 68 10074 192 9921 0 0
55 85 10082 152 4115 0 0
70 28 10085 165 15316 0 0
33 14 10074 182 760 0 0
15 85 10083 153 4356 0 0
97 76 10069 169 7598 0 0
107 95 10075 178 5665 0 0
17 96 10071 172 476 0 0
55 110 10081 165 2555 0 0
3 59 10062 175 4833 0 0
42 68 10074 193 12580 0 0
127 75 10077 175 96156 0 0
46 110 10083 166 2969 0 0
108 99 10086 181 5763 0 0
27 81 10081 185 5996 0 0
111 68 10089 194 6621 0 0
76 37 10081 170 4270 0 0
5 41 10056 169 5987 0 0
52 97 10031 145 700944 0 0
119 99 10078 179 97 0 0
89 105 10086 154 62297 0 0
44 36 10080 181 5816 0 0
84 36 10082 180 7634 0 0
28 24 10087 159 7309 0 0
106 78 10071 172 17120 0 0
91 99 10054 178 6278 0 0
1 120 10066 178 6731 0 0
17 73 10072 171 1231 0 0
80 77 10062 177 3933 0 0
80 38 10063 177 763 0 0
2 85 10071 154 4661 0 0
79 40 10084 160 6791 0 0
4 81 10079 186 1969 0 0
39 46 10070 171 46 0 0
28 90 10084 171 7305 0 0
78 67 10071 186 9830 0 0
66 57 10063 173 1464 0 0
85 36 10072 179 50309 0 0
70 124 10086 184 55 0 0
32 62 10067 176 6535 0 0
76 58 10080 176 7369 0 0
28 22 10086 172 24077 0 0
100 73 10073 172 303 0 0
2 80 10068 172 5794 0 0
90 81 10082 184 121859 0 0
98 91 10073 176 86889 0 0
46 77 10085 178 30944 0 0
17 110 10070 163 207973 0 0
72 59 10078 177 2578 0 0
28 70 10085 173 7040 0 0
42 39 10075 168 5962 0 0
66 106 10064 162 4270 0 0
123 22 10059 169 42381 0 0
10 64 10083 185 16871 0 0
106 42 10072 180 5356 0 0
14 30 10064 178 5882 0 0
81 86 10067 183 5991 0 0
33 47 10072 188 5420 0 0
94 83 10078 178 31903 0 0
27 77 10082 179 5450 0 0
38 76 10063 170 4419 0 0
0 2 10073 183 4889 0 0
75 49 10093 172 7490 0 0
24 78 10054 173 2899 0 0
23 31 10089 175 4936 0 0
97 19 10071 167 2168 0 0
27 96 10083 173 7249 0 0
9 43 10074 179 12804 0 0
87 29 10071 161 7415 0 0
39 103 10069 177 6985 0 0
79 70 10088 174 6709 0 0
15 115 10085 181 5295 0 0
102 127 10080 187 4924 0 0
103 47 10061 185 288766 0 0
123 52 10060 188 4903 0 0
52 48 10066 182 6518 0 0
82 85 10071 155 5584 0 0
97 47 10068 189 5158 0 0
0 39 10072 167 6331 0 0
5 47 10057 190 2270 0 0
63 108 10082 175 4455 0 0
61 60 10085 179 4568 0 0
105 120 10091 179 5770 0 0
63 64 10081 187 20711 0 0
63 7 10083 196 18999 0 0
111 80 10090 173 1133 0 0
77 100 10073 191 99 0 0
90 76 10083 171 3022 0 0
79 23 10087 176 2760 0 0
48 20 10071 174 7227 0 0
126 25 10078 178 15317 0 0
115 125 10071 170 168243 0 0
24 18 10055 179 6129 0 0
4 48 10080 181 5527 0 0
9 105 10075 157 920 0 0
97 91 10072 177 3742 0 0
28 21 10088 174 3575 0 0
30 84 10068 156 18618 0 0
68 70 10075 175 2191 0 0
83 88 10076 186 5225 0 0
113 19 10064 169 3509 0 0
96 55 10087 173 11422 0 0
41 120 10069 181 4143 0 0
121 77 10077 180 1070 0 0
59 110 10074 167 367 0 0
68 71 10076 179 14019 0 0
26 65 10097 170 7988 0 0
114 74 10074 167 2977 0 0
20 71 10082 178 7866 0 0
70 92 10087 187 286 0 0
79 25 10086 179 46205 0 0
106 115 10073 182 1661 0 0
107 76 10076 173 2640 0 0
15 29 10087 163 3948 0 0
90 105 10084 158 5416 0 0
124 5 10080 157 6230 0 0
72 125 10079 171 151 0 0
112 54 10088 181 4696 0 0
1 28 10067 167 558 0 0
5 83 10058 179 30 0 0
57 37 10079 171 52299 0 0
119 69 10039 138 1857872 0 0
85 28 10027 128 1584872 0 0
60 92 10073 186 15335 0 0
6 72 10075 182 28780 0 0
66 8 10065 185 7341 0 0
93 40 10088 161 4281 0 0
65 0 10065 174 4329 0 0
10 75 10085 177 2521 0 0
36 56 10073 173 6813 0 0
7 21 10068 175 5171 0 0
112 20 10086 172 98188 0 0
109 93 10080 168 25181 0 0
39 60 10071 181 5454 0 0
119 126 10081 182 1921 0 0
121 97 10078 187 129 0 0
32 46 10069 172 22440 0 0
84 88 10080 185 193152 0 0
25 88 10058 178 303223 0 0
63 8 10084 186 7120 0 0
43 122 10071 176 5409 0 0
86 87 10076 175 26997 0 0
45 61 10064 169 9030 0 0
37 53 10069 173 952 0 0
25 56 10066 174 1901 0 0
88 12 10077 177 5167 0 0
93 15 10090 183 72 0 0
123 77 10061 181 4079 0 0
16 89 10075 177 3795 0 0
77 4 10075 169 3970 0 0
84 80 10083 174 2035 0 0
101 52 10090 189 37 0 0
106 57 10074 176 7728 0 0
74 28 10075 168 17339 0 0
111 45 10091 160 2549 0 0
104 111 10068 176 57236 0 0
55 61 10083 170 6906 0 0
77 122 10076 177 601 0 0
74 110 10074 168 53345 0 0
114 89 10076 178 245 0 0
8 45 10071 161 1314 0 0
57 3 10080 161 5853 0 0
121 35 10079 170 7864 0 0
111 26 10088 162 364883 0 0
112 119 10090 180 5858 0 0
77 11 10074 178 4054 0 0
75 21 10094 176 10922 0 0
33 50 10075 185 53961 0 0
69 58 10071 178 1756 0 0
77 10 10077 194 5343 0 0
86 85 10078 156 1059 0 0
38 82 10064 168 1546 0 0
105 99 10092 183 6915 0 0
78 44 10073 178 5817 0 0
1 64 10069 188 2898 0 0
21 6 10067 180 56938 0 0
24 77 10057 182 4155 0 0
24 100 10056 193 13990 0 0
98 118 10076 172 1814 0 0
40 125 10090 172 6725 0 0
127 22 10079 175 441 0 0
21 60 10068 182 6 0 0
44 34 10040 134 1053571 0 0
107 75 10077 178 4688 0 0
7 31 10069 176 3956 0 0
61 22 10086 174 7272 0 0
120 65 10070 171 5832 0 0
84 5 10084 158 13254 0 0
52 113 10067 172 6488 0 0
4 87 10081 176 6073 0 0
70 74 10088 169 11868 0 0
48 108 10073 178 6647 0 0
87 76 10072 172 49462 0 0
10 15 10086 184 5553 0 0
64 81 10076 187 209 0 0
36 39 10075 170 14063 0 0
88 13 10078 161 14296 0 0
123 45 10062 162 30691 0 0
2 15 10072 185 7947 0 0
112 60 10091 183 5037 0 0
104 28 10071 170 749 0 0
7 63 10070 163 5662 0 0
42 46 10076 173 4668 0 0
96 108 10089 180 7018 0 0
14 7 10065 197 100119 0 0
118 73 10060 175 5867 0 0
83 77 10078 183 9402 0 0
113 0 10066 176 4582 0 0
14 125 10067 173 4618 0 0
61 124 10087 186 6913 0 0
78 19 10074 171 2063 0 0
6 86 10076 186 3473 0 0
48 74 10072 168 99638 0 0
59 32 10075 186 20154 0 0
119 28 10082 169 10038 0 0
103 82 10068 169 9541 0 0
96 103 10090 179 7826 0 0
77 41 10078 171 7258 0 0
86 71 10077 180 5564 0 0
36 50 10074 186 7289 0 0
37 10 10070 196 7739 0 0
101 27 10073 149 1590192 0 0
87 90 10073 175 19016 0 0
13 73 10053 176 3411 0 0
5 29 10059 164 10932 0 0
79 29 10089 165 7129 0 0
58 9 10075 165 1775 0 0
125 120 10067 182 6854 0 0
0 75 10074 179 30298 0 0
35 10 10080 197 3839 0 0
20 10 10084 195 5214 0 0
109 98 10083 176 8561 0 0
90 82 10086 170 780 0 0
52 0 10068 175 4099 0 0
88 84 10079 158 2147 0 0
73 77 10092 184 6803 0 0
107 118 10078 173 1615 0 0
68 48 10077 183 253 0 0
38 39 10067 172 2835 0 0
39 59 10072 178 1649 0 0
90 64 10085 189 3520 0 0
95 69 10070 173 2989 0 0
33 113 10076 174 6159 0 0
73 6 10091 182 6362 0 0
82 124 10073 187 6738 0 0
41 57 10071 175 11031 0 0
85 117 10078 159 14284 0 0
14 110 10066 169 4142 0 0
92 112 10067 167 5613 0 0
77 55 10079 174 25157 0 0
119 39 10083 171 379 0 0
81 103 10068 178 4644 0 0
74 80 10076 176 7683 0 0
10 118 10088 174 2079 0 0
12 104 10075 177 6696 0 0
95 35 10071 171 7446 0 0
102 49 10083 175 1491 0 0
39 107 10073 173 21654 0 0
22 21 10070 178 6621 0 0
75 24 10095 160 29660 0 0
24 122 10058 178 22243 0 0
40 103 10092 180 1755 0 0
40 101 10091 177 39 0 0
47 68 10079 195 15134 0 0
87 102 10074 171 5145 0 0
62 64 10073 190 7609 0 0
62 51 10074 166 4399 0 0
16 31 10076 177 13092 0 0
72 67 10081 188 4892 0 0
86 114 10080 182 4930 0 0
22 108 10068 179 7462 0 0
26 53 10098 174 26037 0 0
84 86 10086 188 6455 0 0
69 12 10072 181 6344 0 0
72 25 10080 181 40818 0 0
47 100 10078 194 11148 0 0
45 37 10066 174 4301 0 0
94 55 10080 175 2268 0 0
109 58 10084 180 4724 0 0
92 78 10068 175 15844 0 0
105 32 10093 187 88677 0 0
69 92 10073 190 4618 0 0
120 69 10072 174 7756 0 0
38 12 10065 180 23717 0 0
8 33 10073 176 4069 0 0
40 110 10093 170 15784 0 0
12 68 10077 196 5716 0 0
98 37 10079 172 12639 0 0
63 56 10085 177 2696 0 0
13 83 10054 181 2974 0 0
123 83 10063 180 2824 0 0
88 75 10080 180 5287 0 0
68 34 10079 181 17136 0 0
68 26 10080 167 7983 0 0
119 48 10084 184 6098 0 0
83 11 10079 179 6234 0 0
124 86 10081 185 120863 0 0
120 35 10073 172 6511 0 0
31 77 10081 185 5542 0 0
98 93 10078 170 29730 0 0
22 113 10071 175 6041 0 0
41 17 10072 192 88 0 0
48 30 10074 180 48678 0 0
97 17 10073 191 14663 0 0
51 90 10083 177 12082 0 0
38 86 10068 187 5565 0 0
114 106 10077 164 6420 0 0
35 107 10082 174 7079 0 0
43 64 10073 191 5037 0 0
92 97 10069 189 2586 0 0
71 124 10074 190 4115 0 0
121 50 10082 189 5464 0 0
100 7 10077 199 365 0 0
44 101 10082 178 26552 0 0
105 77 10095 186 14160 0 0
100 76 10076 174 6830 0 0
70 46 10090 174 341 0 0
64 31 10077 178 5605 0 0
112 19 10092 173 4915 0 0
37 111 10071 177 7672 0 0
123 14 10064 183 6974 0 0
12 20 10076 175 2688 0 0
1 85 10071 157 701 0 0
78 100 10075 196 5802 0 0
27 109 10084 162 7014 0 0
126 62 10080 177 3231 0 0
74 81 10077 191 6502 0 0
57 21 10081 179 1182 0 0
7 115 10071 184 46857 0 0
52 43 10069 180 14406 0 0
75 106 10096 163 3990 0 0
94 85 10081 158 7102 0 0
12 70 10078 179 5849 0 0
123 98 10065 177 1694 0 0
74 67 10079 190 6869 0 0
66 58 10066 182 829 0 0
3 36 10065 183 4815 0 0
74 2 10078 186 1097 0 0
95 110 10072 171 6651 0 0
110 71 10082 182 4854 0 0
103 35 10069 173 3995 0 0
103 93 10070 171 3064 0 0
8 36 10074 182 23394 0 0
40 58 10094 181 7368 0 0
13 122 10055 179 2324 0 0
108 5 10088 159 4705 0 0
78 38 10077 178 28980 0 0
118 84 10061 159 2991 0 0
76 78 10083 176 61595 0 0
8 121 10075 177 3689 0 0
6 53 10079 175 6846 0 0
104 61 10073 172 21189 0 0
126 70 10081 180 2850 0 0
108 48 10089 185 7793 0 0
78 12 10078 184 36100 0 0
2 3 10074 162 13833 0 0
119 19 10085 174 1359 0 0
14 42 10068 184 2952 0 0
39 123 10074 182 4870 0 0
0 85 10076 159 11305 0 0
17 97 10078 192 5617 0 0
106 90 10076 178 3915 0 0
4 123 10083 183 6979 0 0
87 93 10075 172 5989 0 0
87 92 10076 192 1301 0 0
47 23 10081 178 4821 0 0
4 42 10082 183 67740 0 0
57 15 10082 187 22957 0 0
37 51 10072 167 7107 0 0
43 78 10074 177 6102 0 0
38 51 10069 168 1460 0 0
96 36 10092 184 3219 0 0
90 50 10087 190 5985 0 0
77 34 10080 182 2514 0 0
99 92 10075 191 22737 0 0
45 106 10067 166 2765 0 0
14 74 10069 170 16722 0 0
89 110 10095 173 616 0 0
53 86 10076 189 6339 0 0
51 14 10084 185 4141 0 0
83 107 10080 175 6710 0 0
48 63 10076 165 5550 0 0
18 9 10088 166 1642 0 0
28 46 10092 175 2133 0 0
125 14 10069 184 18820 0 0
100 27 10078 158 6833 0 0
35 41 10083 174 2697 0 0
86 85 10081 160 6307 0 0
88 31 10066 159 1860059 0 0
98 56 10080 176 7831 0 0
103 25 10071 182 894 0 0
48 38 10075 179 3509 0 0
120 94 10076 168 4676 0 0
17 40 10076 163 4964 0 0
118 112 10062 169 10884 0 0
56 14 10077 186 6163 0 0
25 12 10067 185 832 0 0
96 26 10091 168 92624 0 0
16 101 10049 160 1592166 0 0
124 95 10082 179 9865 0 0
60 19 10076 176 19950 0 0
9 111 10044 151 1366875 0 0
68 40 10078 164 6365 0 0
41 61 10074 173 214 0 0
84 117 10089 162 14883 0 0
23 15 10093 188 61731 0 0
109 110 10086 174 5058 0 0
42 23 10081 180 7716 0 0
64 45 10078 163 16036 0 0
2 80 10073 177 4809 0 0
80 41 10065 173 4539 0 0
51 67 10085 191 2972 0 0
11 71 10068 184 4517 0 0
79 58 10090 183 5919 0 0
122 124 10071 193 12804 0 0
42 54 10077 183 31501 0 0
107 102 10080 172 4014 0 0
33 45 10077 164 5999 0 0
41 54 10073 184 5193 0 0
55 40 10085 166 437 0 0
16 2 10078 187 6978 0 0
25 90 10068 179 3317 0 0
54 72 10064 184 4785 0 0
92 53 10070 176 59045 0 0
97 94 10075 169 7832 0 0
38 94 10070 170 1306 0 0
73 48 10093 187 1376 0 0
114 101 10078 180 4531 0 0
20 5 10087 160 29155 0 0
64 73 10079 177 5846 0 0
70 32 10091 188 2691 0 0
102 61 10085 174 7320 0 0
125 36 10070 185 4410 0 0
16 113 10077 176 5920 0 0
28 7 10093 200 1466 0 0
55 51 10086 169 7318 0 0
125 116 10071 183 807 0 0
93 52 10091 191 2364 0 0
97 47 10077 191 1695 0 0
30 44 10073 179 2584 0 0
30 124 10072 192 403 0 0
65 74 10067 172 6669 0 0
93 7 10092 201 1817 0 0
7 1 10072 182 2812 0 0
72 121 10082 178 5151 0 0
108 110 10091 175 2606 0 0
82 80 10076 180 1166 0 0
22 57 10072 179 1 0 0
99 80 10076 178 6793 0 0
117 100 10074 198 4488 0 0
77 1 10081 181 825 0 0
37 47 10073 192 25939 0 0
88 122 10082 180 5436 0 0
110 98 10085 178 12435 0 0
31 41 10080 172 190795 0 0
53 71 10077 183 38436 0 0
34 41 10076 176 7723 0 0
72 64 10083 192 907 0 0
87 95 10078 181 6969 0 0
56 7 10079 202 4980 0 0
95 53 10073 177 23156 0 0
61 39 10089 174 6516 0 0
85 21 10079 180 3958 0 0
112 123 10095 184 2153 0 0
57 95 10083 180 7452 0 0
25 61 10065 168 116708 0 0
1 111 10072 180 27690 0 0
74 13 10080 164 10220 0 0
10 15 10090 191 17993 0 0
61 106 10091 167 7202 0 0
36 33 10076 177 7216 0 0
40 37 10096 176 4061 0 0
87 18 10077 181 5952 0 0
101 53 10092 178 4402 0 0
61 23 10090 181 15304 0 0
41 111 10076 182 1938 0 0
14 58 10070 184 7383 0 0
118 80 10063 179 5071 0 0
39 108 10076 182 401 0 0
41 57 10075 178 107 0 0
113 121 10068 179 64492 0 0
59 107 10077 176 677 0 0
54 74 10066 173 7837 0 0
1 67 10073 192 19775 0 0
112 24 10094 161 29779 0 0
49 95 10079 182 7970 0 0
1 41 10074 175 29487 0 0
15 65 10088 173 3810 0 0
1 57 10075 180 7956 0 0
113 117 10070 163 6351 0 0
14 75 10071 182 4182 0 0
116 125 10067 175 6570 0 0
74 15 10081 190 30818 0 0
78 79 10079 172 5509 0 0
104 81 10077 192 9057 0 0
40 83 10095 183 50512 0 0
65 8 10068 188 6119 0 0
32 70 10072 181 5692 0 0
117 3 10075 163 5998 0 0
46 99 10090 184 28975 0 0
90 3 10090 164 7077 0 0
65 91 10069 179 3859 0 0
17 107 10080 177 7383 0 0
123 16 10066 172 6962 0 0
46 77 10091 189 4665 0 0
26 60 10101 185 66435 0 0
20 32 10088 189 6993 0 0
52 23 10071 183 7555 0 0
97 81 10078 193 4330 0 0
100 102 10079 173 2723 0 0
117 119 10076 185 4442 0 0
45 8 10068 189 14924 0 0
74 27 10082 159 6364 0 0
48 84 10078 162 7794 0 0
116 37 10066 177 671 0 0
0 99 10078 185 32327 0 0
91 7 10058 203 4340 0 0
89 94 10096 172 7843 0 0
101 64 10093 193 5729 0 0
118 23 10065 182 10743 0 0
34 106 10077 169 1291 0 0
15 70 10090 182 4342 0 0
109 104 10088 181 6276 0 0
36 44 10077 180 7261 0 0
88 72 10083 185 2369 0 0
44 66 10085 176 5080 0 0
123 18 10008 112 1390064 0 0
39 67 10075 193 109158 0 0
97 87 10079 177 696 0 0
38 7 10071 204 5394 0 0
111 17 10093 193 25936 0 0
31 91 10083 180 4866 0 0
78 99 10080 187 5210 0 0
104 127 10076 191 7006 0 0
125 76 10075 176 11360 0 0
53 2 10078 188 7122 0 0
110 22 10086 177 610 0 0
60 77 10078 190 7474 0 0
16 12 10079 186 1981 0 0
125 83 10072 184 924 0 0
2 38 10075 180 337 0 0
38 26 10072 170 3780 0 0
116 104 10068 179 5631 0 0
79 104 10091 180 4165 0 0
47 37 10082 178 5745 0 0
86 119 10083 184 277 0 0
72 88 10084 188 1338 0 0
80 62 10066 180 3255 0 0
83 111 10081 183 6286 0 0
28 19 10094 178 19737 0 0
58 22 10077 178 1825 0 0
50 103 10077 182 4417 0 0
107 85 10081 161 6753 0 0
89 88 10098 191 13687 0 0
93 108 10094 183 853 0 0
58 56 10078 181 4212 0 0
19 72 10083 186 3154 0 0
76 42 10084 185 3348 0 0
97 112 10076 170 5900 0 0
118 5 10064 163 29454 0 0
72 39 10085 175 5836 0 0
45 88 10070 189 1759 0 0
114 32 10080 190 1305 0 0
54 72 10068 187 6110 0 0
13 56 10056 179 7396 0 0
124 30 10083 181 55144 0 0
87 109 10079 164 16647 0 0
31 56 10084 178 6738 0 0
62 53 10076 180 5387 0 0
33 80 10079 184 6178 0 0
4 45 10086 166 5765 0 0
86 9 10082 169 30848 0 0
118 12 10066 187 1403 0 0
5 2 10064 189 3758 0 0
4 89 10085 179 97632 0 0
82 39 10078 176 5199 0 0
57 110 10084 176 12587 0 0
54 3 10067 165 30260 0 0
41 47 10079 194 3259 0 0
30 42 10074 186 6234 0 0
55 31 10087 179 2841 0 0
17 25 10081 183 6511 0 0
122 37 10072 179 4088 0 0
101 60 10094 186 1510 0 0
25 110 10043 140 1653029 0 0
25 45 10069 165 9977 0 0
18 39 10091 177 7687 0 0
71 43 10077 181 8326 0 0
13 3 10057 166 12387 0 0
118 30 10067 182 7217 0 0
105 80 10096 185 3571 0 0
83 5 10083 164 14532 0 0
84 48 10090 188 8693 0 0
40 75 10097 183 6427 0 0
119 51 10086 170 13149 0 0
3 104 10067 182 4852 0 0
31 57 10085 182 1735 0 0
30 26 10075 171 3200 0 0
113 98 10072 181 4689 0 0
53 77 10079 191 1310 0 0
38 44 10073 182 5644 0 0
42 19 10084 179 4481 0 0
110 32 10087 191 14895 0 0
124 53 10084 179 4072 0 0
24 11 10059 180 4169 0 0
107 42 10082 187 4877 0 0
5 101 10063 181 26436 0 0
16 60 10080 187 6968 0 0
16 94 10081 174 7249 0 0
102 80 10087 186 3135 0 0
28 102 10095 174 6569 0 0
88 62 10085 181 6530 0 0
49 36 10082 187 696 0 0
83 94 10085 175 28511 0 0
126 44 10082 181 2962 0 0
53 98 10074 175 465444 0 0
6 52 10080 192 4107 0 0
92 13 10071 166 456 0 0
93 27 10095 162 6527 0 0
112 32 10097 192 5752 0 0
94 62 10082 182 551 0 0
14 11 10072 181 5623 0 0
34 114 10079 184 3744 0 0
50 106 10078 170 9327 0 0
74 32 10083 193 4800 0 0
39 121 10077 180 1250 0 0
44 45 10086 167 33401 0 0
15 85 10092 162 7181 0 0
2 74 10077 174 4993 0 0
79 76 10092 178 5678 0 0
117 23 10077 185 3871 0 0
94 4 10083 172 808 0 0
61 59 10092 182 87333 0 0
88 57 10086 184 175 0 0
75 91 10099 181 5376 0 0
0 125 10080 178 4443 0 0
66 109 10069 165 3000 0 0
64 89 10083 181 2757 0 0
41 73 10080 178 1385 0 0
85 18 10080 182 6313 0 0
16 35 10082 175 5784 0 0
40 70 10098 184 7597 0 0
67 120 10078 185 20375 0 0
74 79 10084 174 5894 0 0
14 123 10073 186 7483 0 0
113 127 10073 193 7474 0 0
19 106 10086 171 7093 0 0
125 101 10076 182 7659 0 0
113 66 10069 175 86738 0 0
87 30 10080 183 4308 0 0
19 32 10087 194 3482 0 0
77 1 10084 184 2084 0 0
49 121 10081 183 2475 0 0
123 40 10067 167 14959 0 0
65 27 10070 160 65671 0 0
88 114 10084 185 13382 0 0
78 36 10082 188 7518 0 0
65 37 10071 180 3854 0 0
79 44 10093 183 7247 0 0
50 108 10079 185 31942 0 0
73 126 10096 183 6033 0 0
108 72 10093 188 3218 0 0
59 121 10080 184 1161 0 0
122 79 10074 173 7274 0 0
37 8 10074 190 5323 0 0
39 42 10080 189 1355 0 0
31 78 10086 180 23573 0 0
97 103 10080 185 489 0 0
63 68 10088 198 6933 0 0
8 91 10077 182 6335 0 0
77 35 10082 174 141717 0 0
9 65 10078 174 2022 0 0
84 75 10092 184 12857 0 0
11 109 10070 166 7867 0 0
107 93 10083 173 6825 0 0
28 24 10097 162 6788 0 0
11 27 10071 164 2446 0 0
71 103 10079 183 4465 0 0
18 100 10092 199 14890 0 0
59 75 10081 185 446 0 0
18 23 10093 186 29789 0 0
14 58 10074 188 5709 0 0
80 42 10067 188 4366 0 0
9 74 10079 175 3826 0 0
47 39 10085 178 2536 0 0
26 71 10102 185 4113 0 0
67 51 10080 171 3438 0 0
79 113 10094 181 5360 0 0
88 90 10089 180 6012 0 0
101 74 10095 176 7458 0 0
95 87 10075 179 13138 0 0
14 65 10075 175 2301 0 0
12 103 10079 184 2862 0 0
82 90 10079 181 7416 0 0
84 123 10091 187 11020 0 0
28 126 10096 184 5177 0 0
45 60 10071 188 262 0 0
59 101 10082 183 4315 0 0
32 26 10074 172 1539 0 0
34 125 10081 179 7457 0 0
96 8 10093 191 31548 0 0
99 8 10077 192 25200 0 0
105 100 10094 195 765058 0 0
119 19 10087 180 5040 0 0
72 68 10087 199 11568 0 0
38 65 10066 172 281161 0 0
97 100 10081 200 7681 0 0
113 50 10074 192 7522 0 0
29 118 10076 181 3088 0 0
104 1 10079 185 5813 0 0
45 40 10072 169 5621 0 0
5 40 10065 168 5773 0 0
95 25 10076 184 1165 0 0
28 12 10098 188 4455 0 0
44 88 10018 116 1516976 0 0
124 93 10085 175 21224 0 0
63 88 10089 193 16622 0 0
112 26 10098 173 9786 0 0
71 124 10076 191 101082 0 0
89 30 10099 184 5573 0 0
68 123 10082 185 12287 0 0
88 118 10087 180 22382 0 0
24 97 10062 195 2769 0 0
1 66 10055 159 1329409 0 0
63 84 10090 164 3565 0 0
62 36 10077 190 5724 0 0
73 124 10095 195 4736 0 0
77 17 10085 194 6494 0 0
47 89 10084 182 5956 0 0
47 97 10083 193 51026 0 0
7 78 10075 182 7593 0 0
77 58 10083 186 125913 0 0
70 20 10092 176 2400 0 0
118 11 10069 182 2286 0 0
110 56 10088 182 25996 0 0
28 60 10099 190 813 0 0
44 111 10087 185 10091 0 0
18 60 10094 189 1393 0 0
111 6 10095 185 2973 0 0
83 4 10086 173 1911 0 0
121 22 10088 179 18984 0 0
16 106 10083 172 3555 0 0
87 82 10081 174 992 0 0
96 12 10094 189 4849 0 0
95 94 10078 177 4951 0 0
79 32 10095 196 5315 0 0
85 62 10081 184 4628 0 0
15 116 10093 185 4764 0 0
60 93 10079 176 15402 0 0
32 58 10075 189 20460 0 0
91 28 10061 172 15464 0 0
125 124 10077 199 6543 0 0
25 5 10070 165 37853 0 0
95 127 10077 195 1412 0 0
41 18 10082 183 321 0 0
113 55 10075 178 20570 0 0
100 124 10080 197 5346 0 0
56 33 10081 179 4182 0 0
64 55 10084 179 5178 0 0
70 56 10093 183 6305 0 0
66 10 10070 203 14495 0 0
27 122 10086 181 6523 0 0
59 28 10083 173 5325 0 0
69 74 10075 177 6692 0 0
8 21 10078 183 6739 0 0
29 8 10077 193 12837 0 0
122 20 10066 170 971202 0 0
90 116 10093 186 4198 0 0
123 98 10069 183 5962 0 0
50 29 10080 167 31146 0 0
100 61 10081 175 15803 0 0
68 124 10084 198 1217 0 0
126 79 10085 175 6856 0 0
62 73 10078 179 66022 0 0
30 36 10077 191 368 0 0
104 44 10080 184 6442 0 0
34 87 10083 180 656 0 0
64 68 10085 200 18454 0 0
100 93 10082 177 7200 0 0
38 125 10075 180 5318 0 0
38 63 10074 166 16044 0 0
15 89 10094 184 5705 0 0
76 75 10088 186 23605 0 0
82 85 10081 164 2865 0 0
7 64 10076 194 69 0 0
48 77 10081 192 4943 0 0
61 111 10093 186 2589 0 0
34 65 10084 176 4130 0 0
80 59 10068 184 2420 0 0
51 70 10087 186 4721 0 0
68 9 10083 172 6922 0 0
97 15 10084 192 2016 0 0
18 11 10095 183 5194 0 0
37 108 10075 186 14786 0 0
17 32 10082 197 7768 0 0
18 103 10096 186 5435 0 0
68 16 10085 174 6847 0 0
7 10 10077 204 10117 0 0
91 95 10063 184 1871 0 0
117 70 10078 187 5404 0 0
116 121 10070 186 12846 0 0
92 21 10072 184 1744 0 0
78 6 10085 186 6867 0 0
2 5 10078 166 131 0 0
108 26 10095 174 6676 0 0
70 29 10095 169 1330 0 0
54 43 10069 183 11801 0 0
58 48 10080 189 14374 0 0
22 7 10075 207 6851 0 0
59 88 10084 194 4101 0 0
106 76 10077 179 123192 0 0
95 117 10079 165 476 0 0
12 29 10080 168 8671 0 0
101 72 10096 191 72616 0 0
90 122 10094 182 48 0 0
15 45 10095 168 6821 0 0
45 31 10073 181 6017 0 0
29 28 10079 175 18074 0 0
0 30 10081 185 3661 0 0
111 47 10096 195 5175 0 0
100 61 10083 176 7380 0 0
106 124 10079 200 19732 0 0
53 54 10075 182 492206 0 0
109 15 10091 193 14656 0 0
120 121 10079 187 6756 0 0
60 64 10081 195 7214 0 0
75 110 10101 177 3609 0 0
62 101 10079 184 25814 0 0
5 56 10066 185 4143 0 0
73 24 10098 164 8730 0 0
41 24 10083 163 23099 0 0
76 66 10086 177 18415 0 0
115 82 10073 172 82959 0 0
19 44 10091 186 356 0 0
123 29 10070 170 6418 0 0
19 95 10089 183 6409 0 0
118 44 10070 185 3933 0 0
24 27 10065 166 14265 0 0
115 49 10075 178 1306 0 0
16 92 10084 196 13472 0 0
72 25 10088 185 7214 0 0
45 18 10074 185 9094 0 0
87 17 10082 196 12194 0 0
60 92 10080 195 4348 0 0
1 35 10077 176 2986 0 0
51 101 10088 185 12491 0 0
105 95 10097 185 952 0 0
118 126 10071 185 1619 0 0
122 115 10076 188 2982 0 0
36 95 10080 186 5522 0 0
124 80 10087 190 7553 0 0
61 82 10094 177 193 0 0
121 114 10089 188 2471 0 0
98 107 10085 182 2340 0 0
40 16 10100 175 5840 0 0
125 101 10080 186 4760 0 0
3 7 10068 208 10640 0 0
54 110 10070 178 4048 0 0
29 89 10078 183 62399 0 0
73 105 10099 159 9736 0 0
3 2 10069 190 4694 0 0
32 38 10076 181 7169 0 0
68 122 10086 183 5135 0 0
85 36 10082 192 6753 0 0
6 89 10082 185 629 0 0
35 9 10085 171 53256 0 0
72 125 10089 182 2042 0 0
76 85 10089 165 6885 0 0
120 79 10080 177 4391 0 0
103 99 10074 190 5065 0 0
66 44 10071 187 7656 0 0
103 8 10072 196 38410 0 0
18 64 10097 196 6451 0 0
24 41 10064 178 25308 0 0
92 56 10074 186 8789 0 0
33 98 10081 184 31628 0 0
38 39 10077 179 6441 0 0
94 78 10084 184 5616 0 0
86 125 10084 181 10205 0 0
6 31 10083 183 835 0 0
106 9 10078 173 20992 0 0
51 8 10089 197 14628 0 0
40 92 10101 198 27585 0 0
8 70 10080 188 7910 0 0
97 9 10082 174 814 0 0
91 8 10062 195 103048 0 0
60 99 10083 189 8213 0 0
12 20 10081 178 3944 0 0
48 57 10082 185 8316 0 0
5 48 10067 190 19032 0 0
67 96 10081 177 4987 0 0
41 70 10084 189 2972 0 0
104 66 10081 178 5626 0 0
18 53 10098 182 2705 0 0
85 11 10034 139 1610421 0 0
46 78 10094 183 82934 0 0
73 33 10100 180 11736 0 0
20 23 10089 188 7142 0 0
74 51 10086 173 15508 0 0
122 15 10077 194 2618 0 0
24 50 10066 194 4366 0 0
38 21 10076 185 7685 0 0
48 55 10084 181 5775 0 0
107 88 10084 195 2298 0 0
89 68 10101 202 6899 0 0
80 5 10070 168 4867 0 0
7 20 10078 179 2567 0 0
55 57 10089 186 131 0 0
56 48 10084 191 7776 0 0
49 1 10084 186 940 0 0
121 45 10090 170 741 0 0
3 50 10071 195 5094 0 0
70 92 10096 199 8629 0 0
63 36 10091 193 4104 0 0
25 46 10071 178 4453 0 0
126 21 10086 186 1401 0 0
56 83 10082 187 7759 0 0
58 0 10081 179 792 0 0
34 11 10085 184 117038 0 0
33 32 10083 201 2046 0 0
77 17 10086 197 5859 0 0
3 56 10070 187 39743 0 0
47 36 10087 194 7447 0 0
15 40 10096 170 5974 0 0
71 32 10080 199 6366 0 0
95 98 10080 186 4337 0 0
48 3 10083 168 4910 0 0
85 25 10083 186 31343 0 0
120 32 10081 200 7641 0 0
24 118 10068 182 1806 0 0
76 9 10087 175 21018 0 0
88 22 10090 180 6796 0 0
48 55 10085 183 17547 0 0
122 16 10078 176 6033 0 0
98 15 10086 195 31847 0 0
100 71 10084 189 4182 0 0
24 62 10067 188 7423 0 0
42 33 10086 181 6327 0 0
123 122 10071 184 3830 0 0
80 119 10071 190 4541 0 0
38 1 10078 188 4864 0 0
44 59 10088 186 5665 0 0
85 68 10084 205 799 0 0
89 98 10100 185 201008 0 0
12 56 10083 188 1915 0 0
61 27 10095 167 1953 0 0
31 101 10088 187 3589 0 0
118 21 10072 187 2959 0 0
76 6 10090 188 335 0 0
35 126 10086 186 788 0 0
77 26 10087 175 7160 0 0
5 99 10069 191 23885 0 0
74 75 10087 187 14133 0 0
12 49 10082 180 7671 0 0
16 116 10085 188 196 0 0
11 89 10073 187 6859 0 0
13 107 10060 183 5021 0 0
92 108 10077 188 925 0 0
110 31 10089 182 163187 0 0
90 91 10096 184 13317 0 0
79 127 10096 196 5314 0 0
56 78 10085 186 11674 0 0
14 3 10078 169 58592 0 0
107 11 10086 185 349 0 0
24 95 10069 187 12325 0 0
126 41 10088 179 2710 0 0
118 31 10068 180 192521 0 0
121 29 10091 171 926 0 0
46 81 10095 195 886 0 0
107 47 10085 197 3681 0 0
80 107 10069 181 86464 0 0
83 119 10089 191 7068 0 0
25 50 10046 156 1504691 0 0
103 67 10075 195 5456 0 0
53 28 10082 176 8354 0 0
72 6 10090 189 7780 0 0
24 104 10070 183 5723 0 0
23 3 10096 170 3870 0 0
14 18 10079 186 190 0 0
25 32 10073 203 5272 0 0
53 41 10083 180 2298 0 0
115 63 10077 167 12209 0 0
102 83 10089 188 4341 0 0
30 3 10078 171 2960 0 0
56 9 10083 176 7913 0 0
81 69 10072 177 6103 0 0
88 61 10092 177 2990 0 0
26 28 10105 177 7011 0 0
33 67 10082 194 119454 0 0
53 102 10081 177 41819 0 0
37 100 10076 201 72479 0 0
21 117 10072 166 2714 0 0
15 10 10099 206 2409 0 0
104 83 10082 189 3713 0 0
25 69 10072 176 19784 0 0
66 92 10072 201 3799 0 0
117 20 10079 180 869 0 0
60 51 10084 175 1619 0 0
39 115 10083 190 429 0 0
71 119 10081 192 1753 0 0
19 106 10093 175 5580 0 0
118 63 10074 168 5750 0 0
122 79 10079 178 18939 0 0
49 27 10085 168 54828 0 0
94 89 10086 188 2973 0 0
118 34 10073 184 7758 0 0
55 1 10090 190 1270 0 0
13 92 10062 202 7438 0 0
4 127 10090 197 7958 0 0
31 9 10087 177 6752 0 0
49 70 10086 190 1693 0 0
47 56 10089 190 3151 0 0
23 62 10097 189 2871 0 0
52 46 10072 181 6084 0 0
24 121 10071 188 7358 0 0
65 13 10073 168 26670 0 0
114 88 10084 197 563 0 0
99 48 10081 192 15117 0 0
109 85 10093 169 8762 0 0
54 63 10076 169 666 0 0
103 115 10076 191 14765 0 0
102 32 10090 204 182 0 0
81 33 10073 182 7571 0 0
122 46 10080 182 5488 0 0
67 32 10082 205 2256 0 0
120 16 10082 179 11866 0 0
46 8 10096 199 5650 0 0
57 3 10085 172 1299 0 0
56 110 10086 181 1204 0 0
100 53 10085 183 2436 0 0
98 35 10088 178 7824 0 0
15 56 10100 191 6650 0 0
51 5 10090 170 7574 0 0
39 112 10084 172 15848 0 0
32 57 10078 187 7884 0 0
65 40 10074 171 11570 0 0
121 112 10092 173 9131 0 0
57 12 10087 191 5901 0 0
47 37 10091 182 8961 0 0
25 107 10074 184 5718 0 0
98 56 10089 192 4350 0 0
126 117 10089 167 26267 0 0
15 86 10097 192 49781 0 0
48 41 10086 181 399 0 0
23 21 10101 188 7418 0 0
82 94 10082 178 7393 0 0
54 32 10075 206 5632 0 0
23 2 10098 193 5950 0 0
65 110 10072 180 24016 0 0
21 44 10073 192 3961 0 0
23 55 10099 184 4055 0 0
64 93 10087 179 6464 0 0
47 26 10090 176 14121 0 0
15 107 10091 178 658214 0 0
92 104 10078 184 4529 0 0
69 127 10077 198 6508 0 0
97 79 10086 180 5773 0 0
70 87 10098 182 27581 0 0
45 42 10076 191 5200 0 0
15 123 10098 190 3266 0 0
103 9 10078 178 7187 0 0
89 12 10104 193 1662 0 0
4 110 10089 179 115663 0 0
120 88 10083 200 4448 0 0
23 106 10100 177 7814 0 0
3 57 10072 188 5997 0 0
51 40 10091 173 4725 0 0
124 63 10090 170 3066 0 0
5 106 10071 176 2686 0 0
119 105 10091 162 392 0 0
107 111 10087 189 3615 0 0
28 0 10102 181 4888 0 0
114 12 10086 192 2761 0 0
60 125 10085 185 3313 0 0
35 39 10089 182 4917 0 0
7 63 10080 171 4372 0 0
73 105 10102 161 10703 0 0
31 26 10090 177 7002 0 0
12 18 10084 187 7238 0 0
80 86 10072 194 50494 0 0
86 84 10088 167 5143 0 0
101 115 10098 192 5740 0 0
117 54 10080 187 9599 0 0
11 102 10074 180 10818 0 0
48 6 10087 191 5938 0 0
63 43 10092 184 28994 0 0
82 57 10083 189 16894 0 0
6 29 10085 172 4153 0 0
63 15 10093 196 3948 0 0
112 60 10102 193 5569 0 0
26 90 10106 184 4936 0 0
80 40 10073 174 5809 0 0
62 76 10082 181 6312 0 0
103 116 10077 189 62395 0 0
114 49 10083 179 114032 0 0
47 84 10092 166 686 0 0
5 4 10070 176 127283 0 0
113 102 10078 178 112227 0 0
15 118 10101 184 9602 0 0
79 66 10099 180 55289 0 0
103 114 10079 190 991 0 0
113 1 10079 192 1545 0 0
18 60 10099 194 3833 0 0
34 5 10086 171 6392 0 0
49 124 10087 201 17947 0 0
116 101 10072 188 6769 0 0
69 31 10076 184 15937 0 0
93 63 10099 172 24696 0 0
53 47 10084 198 4761 0 0
1 95 10078 188 7905 0 0
92 2 10079 195 4318 0 0
90 84 10097 168 208 0 0
104 7 10084 210 4813 0 0
30 60 10079 195 450 0 0
28 16 10103 180 4059 0 0
74 46 10089 183 6491 0 0
10 42 10093 192 13673 0 0
71 39 10084 183 4640 0 0
54 12 10079 194 1946 0 0
45 76 10077 182 5810 0 0
112 33 10103 183 6350 0 0
71 125 10083 186 12027 0 0
120 18 10084 188 9278 0 0
65 2 10075 194 27941 0 0
74 83 10088 191 1149 0 0
66 40 10073 175 7512 0 0
110 55 10091 185 6040 0 0
59 120 10086 188 17856 0 0
77 65 10090 179 172 0 0
40 5 10104 172 13170 0 0
112 2 10101 192 121739 0 0
74 98 10090 187 34585 0 0
93 114 10100 192 6379 0 0
71 53 10085 184 812 0 0
9 69 10080 178 13973 0 0
117 33 10082 184 6574 0 0
62 66 10083 181 7206 0 0
12 2 10085 196 22603 0 0
43 99 10075 192 2736 0 0
30 33 10080 185 7348 0 0
105 110 10101 183 1768 0 0
48 56 10088 193 4280 0 0
38 3 10079 173 5613 0 0
54 110 10080 182 6983 0 0
91 83 10064 193 5814 0 0
57 113 10089 182 30534 0 0
61 112 10096 175 524 0 0
87 89 10084 191 2401 0 0
19 64 10094 199 7022 0 0
73 22 10103 181 8298 0 0
117 121 10084 190 6240 0 0
36 4 10083 178 5408 0 0
96 88 10095 201 4815 0 0
50 74 10082 178 9704 0 0
2 30 10081 186 3321 0 0
90 69 10098 179 2539 0 0
71 18 10086 189 6602 0 0
115 95 10079 189 11267 0 0
7 62 10081 190 7357 0 0
58 63 10082 174 5778 0 0
65 79 10076 181 7137 0 0
112 113 10104 183 1207 0 0
44 22 10090 182 1432 0 0
92 93 10080 180 14127 0 0
119 63 10093 173 21740 0 0
5 60 10072 196 95 0 0
66 14 10074 187 34678 0 0
119 29 10092 173 17770 0 0
96 58 10096 192 6018 0 0
29 81 10080 196 13981 0 0
89 67 10105 196 2577 0 0
93 125 10101 187 17412 0 0
36 3 10084 174 5236 0 0
84 33 10095 186 7064 0 0
6 51 10086 176 1883 0 0
67 17 10083 201 6059 0 0
60 19 10086 181 55265 0 0
80 6 10074 192 13497 0 0
68 82 10087 179 7272 0 0
36 56 10085 194 7862 0 0
77 47 10089 200 20745 0 0
0 10 10087 209 11810 0 0
1 80 10079 191 4485 0 0
0 85 10085 171 7852 0 0
40 109 10105 168 7742 0 0
98 91 10090 187 367 0 0
105 112 10102 176 7780 0 0
65 72 10077 194 285 0 0
88 48 10093 193 6843 0 0
14 0 10082 183 852 0 0
102 6 10092 193 9378 0 0
125 95 10084 190 7160 0 0
122 105 10081 164 7364 0 0
20 26 10091 180 3923 0 0
80 25 10075 188 21090 0 0
94 109 10088 169 315 0 0
91 57 10065 192 13424 0 0
55 36 10091 196 12652 0 0
106 57 10083 191 23554 0 0
99 22 10083 183 12490 0 0
39 109 10086 170 885 0 0
99 123 10082 191 9440 0 0
86 13 10089 170 4094 0 0
102 101 10093 190 7104 0 0
126 11 10093 187 2134 0 0
67 91 10084 189 5213 0 0
68 32 10088 207 5596 0 0
52 36 10075 197 4487 0 0
86 28 10090 181 3584 0 0
116 74 10073 179 825 0 0
107 3 10088 175 4200 0 0
36 101 10086 189 9948 0 0
52 114 10076 193 5933 0 0
126 110 10094 184 6762 0 0
22 117 10077 169 829 0 0
75 2 10103 197 22 0 0
23 46 10102 184 4728 0 0
89 26 10106 179 6986 0 0
98 27 10091 169 10057 0 0
53 73 10087 183 3013 0 0
18 84 10101 170 1218 0 0
124 52 10092 195 22937 0 0
56 40 10087 176 11890 0 0
124 63 10093 175 7715 0 0
121 54 10093 189 58663 0 0
112 39 10105 185 2875 0 0
108 104 10098 185 7106 0 0
45 14 10079 188 954 0 0
19 92 10095 204 4672 0 0
5 111 10073 190 6708 0 0
65 29 10078 174 16228 0 0
29 111 10081 191 4179 0 0
0 96 10086 179 4074 0 0
37 117 10078 168 11090 0 0
61 102 10097 181 6290 0 0
26 67 10107 197 4523 0 0
82 118 10084 185 2519 0 0
126 25 10095 190 4489 0 0
98 107 10092 185 21061 0 0
67 112 10086 177 14232 0 0
92 28 10081 182 25126 0 0
62 19 10085 183 22523 0 0
45 5 10078 173 26536 0 0
55 47 10092 201 7239 0 0
114 30 10087 187 14418 0 0
33 46 10085 188 2995 0 0
124 29 10095 175 6001 0 0
74 75 10091 188 7820 0 0
54 28 10082 183 4289 0 0
17 29 10086 176 2266 0 0
76 7 10092 211 7601 0 0
90 46 10099 187 7744 0 0
124 35 10096 181 3202 0 0
30 121 10082 191 15581 0 0
17 0 10085 186 6616 0 0
7 23 10083 190 18015 0 0
98 116 10093 190 3592 0 0
27 68 10088 206 3610 0 0
51 64 10095 200 299 0 0
7 94 10082 179 5027 0 0
93 94 10102 180 17279 0 0
109 121 10094 192 2623 0 0
84 106 10097 178 7664 0 0
45 112 10080 178 4142 0 0
86 73 10091 185 6702 0 0
116 5 10071 169 589853 0 0
38 88 10080 202 1633 0 0
76 57 10093 193 15655 0 0
11 18 10076 190 2083 0 0
65 76 10079 184 20920 0 0
110 72 10092 195 6936 0 0
31 18 10091 192 14263 0 0
61 24 10098 168 5812 0 0
117 35 10086 182 6428 0 0
54 13 10083 171 5764 0 0
124 73 10094 184 20418 0 0
40 78 10106 188 2888 0 0
121 70 10094 191 7840 0 0
10 91 10095 188 4156 0 0
18 21 10104 189 3524 0 0
84 58 10098 193 4612 0 0
63 18 10095 191 3076 0 0
10 110 10096 185 7971 0 0
57 26 10090 181 147 0 0
16 49 10088 181 25340 0 0
123 119 10072 194 158160 0 0
127 111 10085 192 2689 0 0
2 51 10082 177 1019 0 0
49 4 10089 179 6902 0 0
87 51 10086 178 189 0 0
69 33 10079 188 5759 0 0
89 52 10107 196 5772 0 0
111 91 10097 190 6795 0 0
72 31 10092 185 67879 0 0
55 103 10093 191 6631 0 0
54 53 10084 185 11622 0 0
62 101 10086 191 4791 0 0
84 81 10099 198 30939 0 0
67 42 10087 193 769 0 0
78 66 10089 182 921 0 0
104 107 10085 186 18538 0 0
14 101 10084 192 5774 0 0
106 125 10084 188 3327 0 0
49 95 10088 191 28003 0 0
11 92 10075 205 9513 0 0
86 8 10092 202 7624 0 0
33 97 10084 200 23771 0 0
35 105 10092 165 9323 0 0
37 76 10081 185 28174 0 0
22 16 10078 182 6345 0 0
103 74 10080 180 2824 0 0
76 103 10094 192 346 0 0
64 108 10089 190 2516 0 0
126 122 10092 185 331440 0 0
35 106 10093 180 3845 0 0
59 40 10087 177 5480 0 0
71 83 10087 195 7693 0 0
43 10 10078 210 9171 0 0
15 124 10103 202 15595 0 0
63 127 10094 202 3737 0 0
96 125 10097 189 3590 0 0
9 124 10083 203 549 0 0
56 37 10088 183 23646 0 0
83 23 10092 191 5811 0 0
97 118 10090 186 302 0 0
15 2 10105 199 5587 0 0
63 24 10096 169 4607 0 0
51 53 10096 187 698 0 0
53 72 10088 196 4980 0 0
101 70 10100 192 4585 0 0
85 23 10085 192 4404 0 0
64 58 10090 194 14293 0 0
9 125 10085 191 7518 0 0
4 126 10091 188 5552 0 0
37 5 10082 176 272 0 0
114 58 10088 195 314 0 0
87 26 10087 182 5078 0 0
28 77 10104 195 3722 0 0
76 67 10095 199 9072 0 0
110 11 10093 190 10530 0 0
123 113 10074 185 16381 0 0
106 81 10085 197 1292 0 0
90 7 10100 212 302 0 0
95 50 10081 196 381669 0 0
31 60 10092 197 3924 0 0
16 50 10089 200 4618 0 0
78 53 10090 186 3280 0 0
86 40 10093 178 401 0 0
96 18 10098 193 2640 0 0
2 21 10085 190 4380 0 0
99 1 10084 194 16619 0 0
32 97 10079 202 7120 0 0
6 88 10088 203 13302 0 0
122 60 10084 198 5485 0 0
126 89 10096 194 4617 0 0
63 25 10097 192 11083 0 0
20 67 10094 198 4088 0 0
78 112 10091 180 4358 0 0
12 65 10088 181 4748 0 0
46 36 10097 195 411823 0 0
125 102 10090 182 7679 0 0
15 51 10107 179 7887 0 0
11 37 10077 184 5983 0 0
112 42 10106 194 2622 0 0
88 125 10094 193 9049 0 0
97 46 10089 189 29597 0 0
105 43 10103 186 6175 0 0
74 44 10093 194 5246 0 0
55 119 10094 195 631 0 0
98 116 10094 191 5543 0 0
85 102 10086 183 4845 0 0
36 3 10088 177 37 0 0
122 87 10083 185 172 0 0
79 41 10100 183 59109 0 0
44 39 10091 186 20814 0 0
31 35 10094 184 6499 0 0
67 37 10088 185 7079 0 0
46 16 10099 183 5281 0 0
65 76 10081 188 7698 0 0
53 66 10089 183 5139 0 0
76 69 10096 180 1212 0 0
31 73 10095 186 681 0 0
58 67 10084 200 5586 0 0
81 15 10074 197 1056 0 0
60 41 10089 184 4702 0 0
96 78 10099 189 1936 0 0
110 2 10094 201 493 0 0
0 114 10088 194 5456 0 0
12 91 10087 191 5121 0 0
117 68 10088 207 7455 0 0
59 33 10088 190 13437 0 0
70 6 10100 196 7548 0 0
29 101 10083 193 3875 0 0
46 2 10098 200 4160 0 0
17 56 10088 197 7904 0 0
107 44 10091 195 4755 0 0
9 121 10084 193 5998 0 0
12 6 10090 197 4344 0 0
18 92 10105 207 5743 0 0
107 126 10089 189 5344 0 0
83 90 10093 185 6473 0 0
116 7 10074 213 17320 0 0
40 104 10108 187 2820 0 0
60 79 10088 183 29575 0 0
104 101 10088 195 26733 0 0
22 23 10079 195 7607 0 0
124 98 10097 191 9557 0 0
57 76 10091 187 4409 0 0
39 56 10087 198 11600 0 0
28 19 10107 186 5081 0 0
98 44 10095 196 6421 0 0
104 76 10086 186 69625 0 0
108 39 10100 187 10712 0 0
43 49 10079 182 7157 0 0
20 111 10095 193 3327 0 0
28 56 10106 199 828 0 0
97 73 10091 187 6423 0 0
64 72 10094 197 5878 0 0
112 104 10107 188 5704 0 0
34 75 10088 190 4506 0 0
116 61 10076 178 1657 0 0
76 19 10097 185 1674 0 0
47 46 10093 191 5277 0 0
71 16 10089 184 6065 0 0
51 39 10097 188 7298 0 0
80 9 10078 180 7323 0 0
1 95 10080 194 38 0 0
6 40 10089 180 5056 0 0
7 8 10085 203 6191 0 0
27 59 10091 187 12350 0 0
107 125 10090 194 19013 0 0
2 21 10087 192 12603 0 0
32 95 10080 192 21940 0 0
45 47 10069 193 1433181 0 0
126 95 10097 193 321 0 0
60 125 10090 195 18885 0 0
92 44 10082 197 5770 0 0
101 2 10101 202 6716 0 0
6 8 10091 204 2908 0 0
5 45 10075 172 4107 0 0
18 86 10102 196 57592 0 0
87 59 10088 188 6968 0 0
83 118 10094 188 199 0 0
95 62 10084 193 10664 0 0
55 91 10095 192 7264 0 0
18 84 10103 171 13097 0 0
65 86 10080 197 6484 0 0
53 73 10090 188 3654 0 0
47 38 10095 183 691 0 0
58 74 10087 181 486 0 0
117 52 10089 197 29117 0 0
75 25 10107 194 4032 0 0
35 48 10096 194 5330 0 0
47 50 10094 202 3969 0 0
4 15 10092 198 5013 0 0
115 14 10082 190 5125 0 0
35 122 10097 186 1778 0 0
13 65 10068 182 4741 0 0
97 40 10092 179 28844 0 0
64 112 10095 181 1026 0 0
69 53 10081 188 6441 0 0
56 97 10052 162 1293245 0 0
63 112 10098 182 5924 0 0
75 96 10106 182 7177 0 0
119 5 10096 178 6101 0 0
108 106 10102 182 11885 0 0
83 86 10095 198 71664 0 0
116 35 10077 185 4614 0 0
52 50 10079 204 1188 0 0
44 55 10092 186 5922 0 0
57 49 10093 184 6276 0 0
7 62 10086 195 1550 0 0
3 120 10076 190 3139 0 0
126 123 10099 198 55279 0 0
82 40 10087 181 6564 0 0
17 119 10087 197 2327 0 0
95 30 10085 191 193 0 0
96 97 10100 204 3223 0 0
82 50 10088 203 20029 0 0
65 62 10083 194 3910 0 0
85 109 10087 172 5808 0 0
60 126 10091 191 1364 0 0
52 23 10077 196 4113 0 0
86 14 10095 191 5955 0 0
109 70 10095 193 16097 0 0
58 25 10086 195 26272 0 0
117 43 10090 187 6849 0 0
24 49 10074 183 3520 0 0
39 57 10088 194 710 0 0
120 8 10085 205 545 0 0
2 75 10088 192 7814 0 0
29 3 10085 178 7365 0 0
59 79 10092 184 4698 0 0
36 45 10089 173 1718 0 0
62 127 10088 204 1315 0 0
107 63 10092 179 7093 0 0
65 9 10082 181 34521 0 0
127 75 10089 193 6451 0 0
33 124 10088 205 2200 0 0
21 91 10074 193 5221 0 0
31 119 10096 198 2898 0 0
15 62 10108 196 6159 0 0
6 30 10090 190 41317 0 0
13 93 10066 182 3578 0 0
28 19 10109 187 510 0 0
52 24 10081 170 547 0 0
16 39 10091 189 7869 0 0
64 23 10096 197 4884 0 0
71 26 10090 183 23020 0 0
16 72 10090 198 14790 0 0
80 101 10081 197 15864 0 0
118 46 10077 192 7070 0 0
47 114 10096 197 4772 0 0
30 29 10085 179 6439 0 0
1 29 10081 178 13656 0 0
12 92 10089 208 3407 0 0
56 18 10090 194 138 0 0
35 40 10099 182 13763 0 0
47 23 10098 200 2871 0 0
115 35 10084 186 4029 0 0
59 21 10091 193 29480 0 0
102 30 10095 192 828 0 0
96 110 10102 186 11452 0 0
64 23 10097 198 3235 0 0
59 117 10093 171 7799 0 0
127 34 10090 188 6132 0 0
29 14 10086 192 12232 0 0
61 84 10099 173 5359 0 0
5 109 10077 173 395 0 0
69 53 10083 189 6018 0 0
86 73 10096 189 5273 0 0
102 23 10094 199 5698 0 0
41 77 10088 198 110442 0 0
60 107 10092 187 15458 0 0
123 0 10073 185 352073 0 0
30 101 10084 199 4374 0 0
47 52 10099 199 1415 0 0
14 12 10085 195 227128 0 0
0 23 10090 201 6543 0 0
92 58 10084 197 5133 0 0
118 78 10078 193 4305 0 0
11 107 10081 188 1362 0 0
79 69 10102 181 3839 0 0
27 84 10090 172 5847 0 0
47 117 10097 172 7454 0 0
100 20 10086 183 4975 0 0
77 95 10092 197 6674 0 0
0 108 10091 193 5081 0 0
55 22 10096 184 13653 0 0
24 46 10076 193 15253 0 0
57 121 10092 195 4367 0 0
105 10 10106 212 2613 0 0
123 64 10076 201 48271 0 0
93 30 10105 194 265 0 0
85 23 10088 202 8405 0 0
78 111 10092 195 21160 0 0
93 98 10104 194 18298 0 0
2 25 10090 196 4386 0 0
45 12 10081 197 7509 0 0
76 73 10098 190 4486 0 0
3 71 10077 194 49051 0 0
17 41 10089 185 343 0 0
104 79 10091 185 6326 0 0
116 40 10078 183 4354 0 0
108 92 10103 209 3524 0 0
24 48 10075 195 113837 0 0
6 52 10093 200 925 0 0
10 59 10098 189 7265 0 0
27 38 10092 184 6049 0 0
80 109 10082 174 3227 0 0
19 91 10096 194 92 0 0
59 126 10094 194 4489 0 0
33 0 10090 187 7892 0 0
52 102 10080 184 54008 0 0
13 59 10069 190 5014 0 0
113 0 10084 188 5878 0 0
27 19 10093 188 4580 0 0
86 10 10098 213 9752 0 0
52 88 10078 204 4900 0 0
63 0 10101 189 2052 0 0
43 111 10081 197 5499 0 0
127 66 10092 186 4940 0 0
110 94 10095 181 7979 0 0
12 13 10092 172 17489 0 0
106 71 10086 196 4368 0 0
55 24 10097 171 21103 0 0
116 23 10079 203 2220 0 0
115 63 10085 180 7468 0 0
95 47 10086 203 690 0 0
73 18 10106 196 5583 0 0
69 63 10084 181 2204 0 0
59 15 10095 199 4431 0 0
23 99 10105 194 22649 0 0
51 112 10098 183 2076 0 0
13 87 10065 187 6601 0 0
92 6 10086 198 5657 0 0
41 97 10090 205 5486 0 0
59 87 10090 188 623 0 0
16 41 10093 186 230 0 0
103 122 10081 187 9078 0 0
86 12 10097 198 4537 0 0
0 6 10092 199 6702 0 0
12 71 10093 195 6732 0 0
87 64 10090 202 7643 0 0
6 74 10094 183 4419 0 0
69 38 10085 185 4942 0 0
50 63 10084 183 6214 0 0
3 53 10080 190 4112 0 0
87 1 10089 195 12909 0 0
111 67 10100 202 7482 0 0
110 52 10096 201 23415 0 0
113 16 10085 185 4569 0 0
127 42 10094 196 5583 0 0
115 5 10081 177 77084 0 0
108 51 10101 180 254115 0 0
62 77 10089 200 4061 0 0
112 108 10109 195 10964 0 0
88 97 10095 206 6510 0 0
66 108 10076 196 7987 0 0
122 104 10087 189 1430 0 0
92 123 10087 199 5510 0 0
54 92 10085 210 2266 0 0
82 87 10089 189 2189 0 0
39 127 10089 205 7969 0 0
62 58 10081 191 911789 0 0
74 105 10095 168 4573 0 0
68 112 10093 184 158 0 0
32 63 10082 182 3452 0 0
56 60 10092 200 15400 0 0
59 1 10096 196 6886 0 0
0 20 10093 184 2063 0 0
7 45 10089 176 1939 0 0
98 77 10097 201 5768 0 0
64 120 10098 191 7862 0 0
0 34 10089 186 210655 0 0
125 54 10093 193 6761 0 0
38 102 10082 185 277 0 0
122 50 10088 205 4055 0 0
59 77 10097 202 5908 0 0
30 21 10086 194 89696 0 0
82 119 10090 200 4305 0 0
58 105 10088 169 6402 0 0
47 11 10100 191 28738 0 0
18 40 10107 186 5748 0 0
35 46 10101 194 5854 0 0
112 25 10110 197 6688 0 0
54 113 10086 187 7709 0 0
111 125 10101 200 2200 0 0
109 36 10097 199 7770 0 0
91 35 10067 187 23963 0 0
59 23 10079 184 1271125 0 0
51 23 10099 204 5256 0 0
20 113 10097 189 15951 0 0
77 119 10093 201 2885 0 0
39 31 10090 187 4492 0 0
7 40 10088 184 35180 0 0
111 36 10102 200 7870 0 0
84 90 10101 187 1176 0 0
76 95 10100 198 4417 0 0
35 100 10100 204 4798 0 0
1 31 10083 188 3923 0 0
81 16 10076 187 7102 0 0
54 78 10087 194 31931 0 0
117 77 10091 197 192159 0 0
91 82 10068 185 4726 0 0
11 124 10082 206 25966 0 0
87 33 10092 191 7828 0 0
14 15 10090 201 83 0 0
54 7 10088 215 3803 0 0
89 60 10110 199 14368 0 0
109 18 10096 197 7296 0 0
90 14 10102 194 7030 0 0
127 59 10093 191 93153 0 0
36 59 10091 192 12156 0 0
63 26 10102 184 9667 0 0
52 16 10083 186 333 0 0
87 104 10091 190 7459 0 0
92 0 10088 190 4435 0 0
18 8 10108 206 4459 0 0
111 81 10103 199 5983 0 0
127 23 10095 205 4643 0 0
14 80 10087 192 7707 0 0
99 15 10085 200 31794 0 0
115 53 10087 191 4798 0 0
85 70 10089 195 6278 0 0
119 50 10097 206 1121 0 0
14 57 10088 196 6871 0 0
85 52 10090 202 4430 0 0
47 62 10101 197 5846 0 0
13 83 10064 196 3734 0 0
117 46 10092 195 1269 0 0
16 1 10095 197 6905 0 0
121 39 10095 190 14732 0 0
67 40 10090 185 32877 0 0
90 94 10103 183 1724 0 0
106 40 10087 187 4046 0 0
117 125 10087 190 420969 0 0
26 107 10111 190 14249 0 0
16 101 10096 200 5868 0 0
121 34 10096 190 4444 0 0
121 35 10097 188 5098 0 0
122 43 10089 188 8832 0 0
47 111 10102 198 2776 0 0
26 5 10112 180 6959 0 0
113 43 10086 189 1196 0 0
22 127 10080 208 3510 0 0
117 92 10094 211 6579 0 0
50 105 10085 171 4766 0 0
12 104 10095 191 7309 0 0
35 22 10102 185 4920 0 0
11 61 10083 181 6240 0 0
73 83 10105 198 1935 0 0
89 122 10111 188 6887 0 0
77 38 10095 186 7370 0 0
51 58 10101 199 2892 0 0
38 68 10084 209 4810 0 0
45 1 10084 198 823 0 0
70 79 10102 186 12717 0 0
104 66 10092 187 2635 0 0
117 20 10093 186 9972 0 0
30 42 10087 197 9124 0 0
15 68 10113 210 2960 0 0
96 87 10101 190 22259 0 0
62 50 10091 207 62168 0 0
84 127 10102 209 8621 0 0
104 35 10093 189 7820 0 0
8 2 10084 206 7819 0 0
9 127 10087 210 2251 0 0
85 2 10091 204 7853 0 0
104 99 10094 197 737 0 0
125 105 10094 172 4811 0 0
21 49 10076 185 5226 0 0
115 105 10088 170 18031 0 0
27 94 10094 184 1371 0 0
108 115 10105 195 5664 0 0
98 61 10099 182 11834 0 0
111 47 10104 204 6258 0 0
92 11 10089 192 7338 0 0
91 84 10069 176 29935 0 0
4 26 10095 185 117 0 0
10 38 10100 187 561 0 0
14 124 10089 207 5528 0 0
12 39 10096 191 3683 0 0
109 13 10098 173 500 0 0
93 25 10106 198 1308 0 0
87 62 10094 198 23044 0 0
83 116 10097 193 6340 0 0
87 110 10093 190 1681 0 0
5 68 10078 212 139 0 0
89 80 10113 196 10146 0 0
30 85 10083 174 5652 0 0
10 0 10101 191 3576 0 0
112 101 10111 201 5727 0 0
54 110 10089 191 5990 0 0
121 125 10100 201 3426 0 0
48 39 10090 192 7600 0 0
33 85 10089 176 5277 0 0
78 43 10088 185 898891 0 0
15 98 10115 195 6892 0 0
20 34 10098 192 7068 0 0
98 70 10100 196 2849 0 0
41 80 10091 194 6504 0 0
12 54 10091 191 109311 0 0
34 90 10090 188 8370 0 0
76 4 10102 183 3238 0 0
120 19 10086 190 6236 0 0
12 95 10098 200 7546 0 0
88 17 10097 204 10735 0 0
82 111 10093 199 6767 0 0
109 18 10099 199 2650 0 0
52 95 10084 199 24898 0 0
25 44 10077 199 4419 0 0
15 100 10114 205 21900 0 0
27 45 10095 177 7823 0 0
105 74 10109 185 6414 0 0
82 49 10094 186 1176 0 0
52 44 10085 198 7089 0 0
96 75 10103 195 6090 0 0
79 46 10104 197 6635 0 0
108 40 10107 188 6412 0 0
110 71 10097 198 4674 0 0
19 41 10097 187 7893 0 0
126 122 10103 189 4702 0 0
79 103 10105 194 4830 0 0
43 124 10083 208 1386 0 0
68 127 10095 211 5168 0 0
47 7 10104 216 2402 0 0
22 107 10082 191 5864 0 0
107 80 10093 195 7854 0 0
72 36 10093 201 5120 0 0
28 85 10108 175 1031 0 0
98 112 10101 187 5608 0 0
95 18 10091 200 4512 0 0
49 9 10092 183 72786 0 0
66 107 10079 192 7599 0 0
67 110 10089 188 125271 0 0
62 93 10090 185 11695 0 0
84 1 10103 199 6167 0 0
66 126 10077 198 2636 0 0
49 59 10093 195 1356 0 0
78 74 10094 186 6919 0 0
64 49 10099 187 928 0 0
81 56 10079 201 691 0 0
106 24 10088 173 19187 0 0
92 76 10090 190 4377 0 0
87 34 10096 193 6564 0 0
64 72 10101 200 18315 0 0
67 115 10091 194 125725 0 0
114 56 10090 202 6102 0 0
29 33 10087 192 15931 0 0
13 82 10070 186 3855 0 0
22 29 10083 181 6459 0 0
10 118 10102 190 1091 0 0
86 15 10102 203 6691 0 0
127 102 10097 187 4934 0 0
95 36 10093 202 158 0 0
64 0 10100 193 4049 0 0
36 75 10092 194 89943 0 0
122 62 10091 200 2818 0 0
80 59 10083 194 3505 0 0
12 38 10072 175 1110218 0 0
66 18 10078 198 2081 0 0
12 26 10099 186 7334 0 0
90 27 10104 171 4019 0 0
105 115 10110 197 746 0 0
6 83 10092 200 11833 0 0
37 94 10084 185 7632 0 0
112 108 10112 197 11638 0 0
110 68 10098 213 4313 0 0
88 80 10099 198 4548 0 0
44 35 10097 191 5480 0 0
21 66 10077 189 4360 0 0
113 118 10087 191 73613 0 0
116 118 10084 193 16148 0 0
42 127 10091 212 8650 0 0
11 23 10084 207 5478 0 0
69 21 10086 195 13417 0 0
6 92 10096 212 27202 0 0
45 72 10086 201 7678 0 0
21 22 10080 186 1944 0 0
123 122 10078 190 3881 0 0
116 55 10083 187 655 0 0
84 6 10105 200 3733 0 0
114 106 10089 185 11919 0 0
83 47 10098 205 19806 0 0
109 99 10101 198 2720 0 0
21 25 10082 200 603 0 0
18 0 10110 194 4275 0 0
102 87 10097 192 6264 0 0
51 38 10103 188 4309 0 0
20 120 10099 193 2114 0 0
47 70 10105 197 4182 0 0
51 9 10102 186 6800 0 0
42 88 10089 206 15608 0 0
82 14 10092 195 119154 0 0
95 108 10094 198 7051 0 0
6 48 10098 196 2418 0 0
126 124 10104 209 5404 0 0
69 125 10087 202 4783 0 0
72 96 10094 183 112282 0 0
15 92 10116 214 119 0 0
43 118 10084 192 2830 0 0
90 2 10105 207 7972 0 0
29 43 10088 191 898 0 0
107 5 10095 181 629 0 0
95 70 10095 198 21710 0 0
45 30 10085 195 71189 0 0
22 121 10081 196 5933 0 0
36 2 10094 208 7926 0 0
109 75 10100 196 5580 0 0
92 90 10091 191 7266 0 0
84 98 10106 197 5747 0 0
115 61 10089 185 9956 0 0
45 119 10087 203 2871 0 0
21 120 10081 194 2992 0 0
59 41 10099 189 1878 0 0
28 80 10110 197 4604 0 0
21 25 10078 199 123412 0 0
115 42 10090 199 11751 0 0
7 61 10094 186 5499 0 0
38 33 10085 194 12470 0 0
21 119 10079 204 1903 0 0
29 20 10089 190 4251 0 0
52 19 10086 191 5047 0 0
22 126 10084 199 6609 0 0
94 78 10093 195 1078 0 0
121 1 10102 202 1898 0 0
42 96 10092 184 6602 0 0
48 0 10093 195 2427 0 0
98 21 10102 196 2328 0 0
108 83 10106 201 7683 0 0
0 38 10097 189 15382 0 0
4 22 10096 187 1542 0 0
48 105 10094 174 399 0 0
12 93 10101 188 1519 0 0
75 105 10108 173 59085 0 0
64 56 10102 203 827 0 0
33 18 10096 201 5899 0 0
73 119 10109 206 7584 0 0
95 80 10096 199 5651 0 0
26 13 10114 175 1444 0 0
44 36 10096 204 62518 0 0
59 117 10100 174 3175 0 0
74 102 10098 188 26851 0 0
49 90 10094 190 5176 0 0
106 63 10090 186 3437 0 0
102 109 10098 175 153850 0 0
30 88 10088 207 2640 0 0
99 22 10087 188 3924 0 0
12 26 10102 187 11994 0 0
123 115 10079 198 3501 0 0
53 51 10094 182 9975 0 0
0 16 10098 189 5929 0 0
2 27 10092 172 18486 0 0
87 114 10097 199 6615 0 0
2 113 10094 194 2376 0 0
32 17 10083 205 4671 0 0
115 114 10091 200 4983 0 0
61 58 10102 201 3459 0 0
78 108 10095 199 1274 0 0
102 87 10099 194 824 0 0
70 14 10103 196 2290 0 0
107 114 10096 198 3718 0 0
117 23 10095 206 29363 0 0
123 50 10077 208 5173 0 0
95 87 10098 195 7032 0 0
53 69 10093 182 294 0 0
9 70 10088 199 4881 0 0
41 113 10093 193 23327 0 0
112 10 10113 214 4851 0 0
60 52 10095 204 1086 0 0
87 33 10099 195 3718 0 0
116 113 10086 195 5561 0 0
106 25 10091 201 4735 0 0
38 37 10086 191 6133 0 0
49 56 10096 204 4120 0 0
98 35 10104 192 2457 0 0
50 59 10089 197 511 0 0
24 119 10077 207 6182 0 0
74 24 10099 175 4866 0 0
95 29 10097 182 10648 0 0
116 110 10082 194 7246 0 0
117 119 10096 208 2710 0 0
107 102 10097 189 30867 0 0
63 105 10104 175 4174 0 0
53 121 10092 197 8806 0 0
114 90 10092 193 3094 0 0
62 25 10094 202 3728 0 0
118 46 10080 199 3996 0 0
12 125 10103 204 7668 0 0
89 110 10112 193 124458 0 0
104 120 10095 195 14908 0 0
50 60 10090 201 6527 0 0
50 115 10088 199 5027 0 0
46 92 10101 219 3029 0 0
123 17 10081 206 2673 0 0
109 122 10102 191 7837 0 0
16 78 10097 196 5995 0 0
2 90 10095 192 1410 0 0
24 70 10078 200 27867 0 0
122 53 10092 193 7933 0 0
68 126 10096 201 954 0 0
40 1 10113 204 5065 0 0
12 115 10105 200 5167 0 0
114 69 10094 183 25548 0 0
3 34 10084 195 7832 0 0
29 33 10092 196 3877 0 0
92 93 10092 190 18312 0 0
77 84 10096 180 17 0 0
66 38 10082 190 6834 0 0
20 75 10100 198 6468 0 0
51 109 10105 177 42891 0 0
90 37 10107 193 7800 0 0
117 68 10097 214 3417 0 0
22 112 10085 188 6788 0 0
65 71 10084 200 578 0 0
33 18 10097 203 14189 0 0
106 62 10093 203 4377 0 0
62 27 10093 173 4823 0 0
55 42 10101 200 5167 0 0
48 1 10095 205 5345 0 0
34 37 10091 192 92716 0 0
5 18 10080 202 5165 0 0
66 79 10083 188 6718 0 0
113 91 10088 196 7807 0 0
88 2 10100 209 158 0 0
103 115 10084 201 4142 0 0
80 65 10086 183 2572 0 0
23 120 10106 196 11493 0 0
11 37 10085 194 1306 0 0
111 108 10109 202 5126 0 0
6 118 10100 194 7915 0 0
123 92 10080 218 1971 0 0
77 108 10100 200 7526 0 0
74 111 10100 201 27513 0 0
123 0 10082 196 5137 0 0
59 76 10102 191 6681 0 0
14 65 10091 184 4419 0 0
75 62 10111 204 4855 0 0
77 43 10101 192 1536 0 0
6 110 10099 195 22163 0 0
34 118 10092 195 696 0 0
127 15 10100 205 5377 0 0
127 26 10099 188 12608 0 0
119 92 10098 215 5797 0 0
48 56 10096 205 7861 0 0
43 33 10085 197 5759 0 0
62 84 10092 179 5029 0 0
90 69 10106 184 107811 0 0
126 53 10105 194 4645 0 0
82 77 10095 204 11305 0 0
91 28 10071 188 782 0 0
111 76 10108 192 4384 0 0
113 50 10091 209 5811 0 0
23 58 10107 202 7333 0 0
22 24 10087 176 7872 0 0
29 125 10093 205 4147 0 0
51 110 10106 197 4416 0 0
33 41 10098 191 1729 0 0
62 7 10096 218 24910 0 0
116 60 10087 203 7230 0 0
77 12 10099 200 117745 0 0
111 26 10106 189 44261 0 0
111 95 10107 204 276 0 0
18 113 10112 196 7540 0 0
29 9 10094 188 7126 0 0
106 36 10092 206 25917 0 0
61 41 10105 190 6888 0 0
40 5 10114 182 25654 0 0
26 23 10115 209 7530 0 0
21 90 10084 194 7359 0 0
11 102 10086 190 20310 0 0
117 108 10098 201 19170 0 0
49 12 10097 202 371 0 0
24 59 10080 198 7370 0 0
2 3 10097 179 7535 0 0
39 32 10091 212 20547 0 0
102 73 10100 193 3367 0 0
99 79 10088 189 5388 0 0
50 49 10092 188 9979 0 0
47 21 10106 199 7652 0 0
61 21 10104 198 25975 0 0
119 98 10099 198 1061 0 0
49 51 10098 185 30944 0 0
10 66 10104 191 485 0 0
82 71 10096 201 24165 0 0
59 78 10103 197 13646 0 0
101 54 10105 194 781 0 0
108 26 10109 190 4449 0 0
119 79 10089 176 1466416 0 0
16 12 10099 203 4864 0 0
50 108 10091 203 1766 0 0
71 55 10093 189 7529 0 0
2 93 10096 193 13076 0 0
18 87 10113 197 6613 0 0
94 90 10094 195 7615 0 0
68 123 10097 203 3815 0 0
118 93 10079 189 12711 0 0
55 2 10102 210 5258 0 0
16 20 10101 195 3221 0 0
48 114 10097 202 4366 0 0
105 124 10114 211 7185 0 0
104 70 10098 201 7784 0 0
105 99 10115 200 178 0 0
97 51 10093 184 20864 0 0
114 88 10095 208 4242 0 0
61 32 10106 213 12928 0 0
63 11 10105 193 24578 0 0
112 2 10100 191 1457917 0 0
57 54 10095 196 1985 0 0
1 10 10086 215 4047 0 0
104 106 10100 186 16633 0 0
62 63 10097 191 6769 0 0
22 54 10086 195 25515 0 0
24 104 10081 192 7622 0 0
4 15 10098 207 10458 0 0
32 63 10085 188 28098 0 0
10 110 10105 198 4430 0 0
89 32 10115 214 5808 0 0
53 48 10095 197 2086 0 0
21 116 10086 196 2300 0 0
109 35 10103 194 601 0 0
81 87 10081 199 7635 0 0
110 123 10100 204 59 0 0
59 109 10104 178 7953 0 0
21 99 10085 199 570 0 0
29 60 10096 205 3740 0 0
57 20 10096 194 7112 0 0
98 14 10105 197 7915 0 0
55 60 10103 206 2590 0 0
22 13 10088 176 3108 0 0
33 9 10100 189 4286 0 0
50 14 10093 198 5488 0 0
0 116 10099 197 148 0 0
112 61 10115 187 7029 0 0
103 115 10086 202 4997 0 0
80 84 10085 182 2864 0 0
6 123 10097 201 464518 0 0
27 33 10096 198 3386 0 0
95 118 10099 196 5948 0 0
114 58 10096 203 7697 0 0
101 12 10107 204 7299 0 0
16 101 10100 203 13801 0 0
51 108 10107 204 1404 0 0
12 61 10107 188 4717 0 0
93 8 10109 208 49928 0 0
108 16 10110 191 6706 0 0
5 125 10082 207 5651 0 0
41 67 10096 203 11597 0 0
105 71 10117 202 2604 0 0
60 66 10097 192 5822 0 0
25 31 10079 191 7752 0 0
96 9 10107 190 7419 0 0
96 30 10108 198 4399 0 0
40 85 10112 178 3862 0 0
37 95 10086 206 2161 0 0
112 22 10117 189 470 0 0
106 20 10094 193 17886 0 0
97 57 10094 199 3256 0 0
104 82 10096 188 6972 0 0
104 92 10099 221 4772 0 0
25 27 10081 174 1558 0 0
105 115 10116 203 25121 0 0
80 53 10087 197 4840 0 0
5 97 10083 207 5055 0 0
1 89 10085 198 27103 0 0
45 89 10090 201 6692 0 0
75 64 10069 167 1291936 0 0
28 122 10112 192 479 0 0
111 78 10110 199 366 0 0
84 77 10107 206 5158 0 0
3 62 10085 205 7470 0 0
50 15 10095 208 4763 0 0
126 119 10107 211 7523 0 0
40 84 10115 183 6812 0 0
105 94 10113 189 21454 0 0
74 108 10101 206 814 0 0
93 83 10112 205 3544 0 0
0 117 10100 175 39802 0 0
24 103 10083 197 5770 0 0
44 37 10100 195 7187 0 0
105 31 10118 192 1753 0 0
94 71 10095 203 5719 0 0
70 89 10104 200 5985 0 0
55 19 10104 193 21871 0 0
9 54 10090 197 41340 0 0
18 10 10114 217 2623 0 0
92 94 10094 190 4543 0 0
105 43 10119 193 5795 0 0
94 123 10096 205 10957 0 0
41 6 10099 203 6567 0 0
63 119 10108 210 5230 0 0
120 115 10087 206 4751 0 0
83 97 10099 209 4156 0 0
41 70 10098 202 6687 0 0
15 24 10118 177 11598 0 0
3 14 10087 200 4134 0 0
40 83 10117 203 316 0 0
73 42 10110 201 762 0 0
56 107 10095 193 4745 0 0
38 1 10088 206 24572 0 0
93 115 10111 205 4289 0 0
113 5 10092 184 39089 0 0
80 41 10088 192 859 0 0
84 102 10109 192 5116 0 0
110 105 10102 179 3700 0 0
9 30 10092 199 1959 0 0
54 89 10090 202 9801 0 0
22 21 10090 201 17027 0 0
89 8 10116 209 7891 0 0
66 93 10084 195 5029 0 0
119 21 10101 200 5649 0 0
33 9 10101 191 6426 0 0
14 40 10095 190 6571 0 0
37 38 10087 193 18466 0 0
84 29 10108 184 7995 0 0
38 44 10089 202 5860 0 0
82 95 10097 207 6475 0 0
26 72 10117 203 4071 0 0
30 68 10090 215 1459 0 0
92 104 10095 194 4973 0 0
6 2 10101 211 5207 0 0
110 36 10101 207 6636 0 0
87 17 10101 208 7433 0 0
76 14 10104 201 8 0 0
29 47 10097 207 435 0 0
45 125 10091 208 2234 0 0
99 72 10090 202 6989 0 0
71 19 10095 194 16520 0 0
122 0 10093 200 7228 0 0
76 33 10105 199 2342 0 0
16 30 10102 201 1055 0 0
125 51 10097 187 5333 0 0
65 22 10085 190 7797 0 0
5 76 10081 194 96890 0 0
54 47 10091 208 7409 0 0
78 74 10096 189 5159 0 0
38 123 10055 171 1858936 0 0
77 72 10102 204 6247 0 0
51 4 10108 186 22736 0 0
117 103 10101 198 4602 0 0
27 49 10097 189 44045 0 0
100 51 10089 186 20666 0 0
8 1 10091 207 1189 0 0
66 45 10085 180 1279 0 0
20 39 10101 195 4968 0 0
126 52 10108 206 19316 0 0
27 119 10098 212 5429 0 0
124 60 10100 208 6400 0 0
119 51 10102 188 1229 0 0
45 60 10092 207 13883 0 0
3 38 10086 192 59857 0 0
47 73 10109 195 7159 0 0
14 64 10094 205 4049 0 0
41 30 10100 200 4193 0 0
118 109 10081 179 7284 0 0
16 68 10103 217 1618 0 0
100 125 10090 210 2435 0 0
57 25 10097 204 4538 0 0
63 81 10107 202 30344 0 0
98 58 10106 204 13873 0 0
18 32 10115 216 9793 0 0
109 116 10105 198 5089 0 0
123 81 10086 203 1776 0 0
104 110 10102 199 5009 0 0
74 107 10102 194 74693 0 0
3 4 10089 188 6002 0 0
23 4 10110 187 29437 0 0
10 40 10106 191 7717 0 0
31 25 10100 203 58455 0 0
53 66 10096 193 19177 0 0
82 35 10098 195 5919 0 0
95 112 10101 189 5438 0 0
66 103 10088 199 2879 0 0
96 7 10109 219 3739 0 0
12 98 10108 200 435 0 0
40 87 10116 196 125200 0 0
3 31 10088 193 5429 0 0
83 100 10100 208 22979 0 0
4 10 10100 218 1444 0 0
98 23 10108 212 1748 0 0
32 59 10086 200 4499 0 0
114 49 10097 190 4184 0 0
35 62 10108 206 7529 0 0
125 16 10098 194 26058 0 0
25 36 10083 208 6992 0 0
86 5 10105 185 5019 0 0
46 40 10106 192 27286 0 0
122 56 10094 206 12126 0 0
73 0 10111 201 7348 0 0
62 30 10099 202 6810 0 0
86 59 10104 199 120942 0 0
59 76 10105 195 4204 0 0
32 95 10087 208 3563 0 0
23 41 10111 193 2950 0 0
99 123 10093 206 3746 0 0
16 80 10104 204 10781 0 0
65 77 10086 209 6538 0 0
6 33 10102 201 2388 0 0
30 75 10091 200 7379 0 0
15 26 10119 194 7565 0 0
11 8 10088 210 5364 0 0
30 14 10092 203 13132 0 0
83 14 10101 202 14803 0 0
93 123 10113 207 1886 0 0
33 58 10102 205 13876 0 0
99 67 10094 207 6641 0 0
25 113 10082 198 106135 0 0
88 92 10101 223 12884 0 0
31 26 10101 193 44871 0 0
11 12 10089 205 13551 0 0
95 97 10102 211 5623 0 0
22 115 10091 207 5387 0 0
28 29 10114 186 7227 0 0
33 15 10105 211 1528 0 0
4 76 10099 196 5283 0 0
100 15 10091 210 7942 0 0
0 64 10101 206 28959 0 0
81 22 10084 191 230 0 0
92 47 10098 210 390 0 0
8 58 10092 206 2048 0 0
38 101 10090 205 4277 0 0
13 63 10074 194 81 0 0
90 76 10108 197 4925 0 0
125 99 10095 203 1572 0 0
66 34 10086 196 64873 0 0
47 33 10111 202 7223 0 0
97 27 10095 177 379 0 0
69 106 10089 189 10503 0 0
118 41 10075 182 1641545 0 0
24 83 10085 206 5806 0 0
89 17 10117 211 1554 0 0
115 102 10093 194 11818 0 0
105 56 10120 207 6504 0 0
57 60 10102 210 7287 0 0
117 69 10102 185 7111 0 0
90 0 10110 202 3738 0 0
61 31 10107 194 5241 0 0
23 67 10113 208 11305 0 0
96 11 10110 194 1924 0 0
66 86 10089 202 4533 0 0
19 31 10101 195 33091 0 0
93 85 10110 180 22746 0 0
52 127 10087 214 4689 0 0
31 77 10102 210 24328 0 0
64 90 10106 196 4116 0 0
7 119 10097 213 6108 0 0
100 7 10092 222 4559 0 0
53 42 10097 202 6717 0 0
41 97 10101 213 4071 0 0
66 28 10090 191 5925 0 0
9 88 10094 209 10528 0 0
76 17 10107 212 4800 0 0
71 76 10097 198 5638 0 0
90 45 10111 181 3763 0 0
48 84 10099 185 4951 0 0
77 52 10103 207 6804 0 0
57 25 10101 205 5379 0 0
57 119 10100 214 19539 0 0
92 91 10096 203 93550 0 0
70 7 10105 220 43289 0 0
66 97 10091 214 3626 0 0
122 31 10095 196 13016 0 0
34 25 10095 206 3919 0 0
124 90 10101 197 7898 0 0
96 43 10111 195 1590 0 0
42 66 10096 194 6687 0 0
36 64 10098 207 4400 0 0
22 92 10092 224 158 0 0
61 33 10108 203 936 0 0
17 8 10090 211 2592 0 0
112 67 10118 209 5560 0 0
75 101 10113 204 146863 0 0
60 31 10098 197 322 0 0
102 100 10107 210 6664 0 0
48 44 10100 205 6785 0 0
71 77 10100 212 3684 0 0
79 81 10107 204 5943 0 0
60 58 10099 207 7728 0 0
10 2 10107 214 5763 0 0
38 93 10091 197 2003 0 0
20 109 10104 182 2935 0 0
46 126 10103 202 103044 0 0
88 113 10102 199 4011 0 0
78 122 10098 196 1996 0 0
102 127 10105 215 30330 0 0
8 60 10093 211 7981 0 0
46 121 10104 200 3935 0 0
62 78 10100 202 7446 0 0
99 97 10096 215 4999 0 0
22 24 10093 178 5554 0 0
26 28 10120 193 3373 0 0
92 101 10097 206 11461 0 0
86 57 10106 200 7892 0 0
31 111 10105 203 19454 0 0
2 8 10099 212 7381 0 0
26 116 10118 199 6544 0 0
115 88 10095 211 726 0 0
15 124 10120 212 5363 0 0
3 47 10050 175 603151 0 0
8 17 10094 213 15162 0 0
68 91 10099 204 5035 0 0
90 104 10112 195 2544 0 0
61 105 10109 183 6491 0 0
37 62 10089 208 11026 0 0
57 40 10103 193 24205 0 0
30 118 10094 198 4556 0 0
49 20 10100 197 7543 0 0
113 33 10096 204 2968 0 0
63 43 10110 196 6057 0 0
113 16 10097 197 4970 0 0
44 34 10104 197 6018 0 0
66 88 10092 212 1241 0 0
50 11 10096 195 7646 0 0
87 65 10102 189 3455 0 0
87 5 10103 186 4274 0 0
52 40 10088 194 21729 0 0
86 6 10107 205 4629 0 0
35 39 10109 199 12030 0 0
30 79 10093 193 17119 0 0
51 58 10111 209 20923 0 0
103 84 10090 187 10278 0 0
107 105 10104 184 2488 0 0
97 110 10097 200 13988 0 0
50 18 10097 206 4586 0 0
107 77 10102 213 6336 0 0
102 81 10106 206 834 0 0
113 19 10098 197 6047 0 0
98 60 10110 212 6331 0 0
90 101 10109 207 4794 0 0
87 53 10104 199 6480 0 0
19 121 10100 201 5315 0 0
89 12 10118 207 3028 0 0
37 120 10090 197 3280 0 0
33 122 10104 193 59283 0 0
117 48 10105 201 3349 0 0
90 35 10113 196 15530 0 0
103 59 10091 201 3828 0 0
126 91 10109 205 936 0 0
16 125 10106 213 4481 0 0
99 98 10097 201 52888 0 0
86 82 10108 192 10970 0 0
42 15 10097 212 5084 0 0
25 35 10084 197 7369 0 0
64 85 10103 182 8458 0 0
0 17 10102 214 359 0 0
63 29 10111 187 7733 0 0
41 27 10102 178 6998 0 0
23 67 10115 210 3595 0 0
119 45 10103 182 59656 0 0
104 88 10105 213 11612 0 0
108 109 10114 184 9382 0 0
46 60 10107 213 5222 0 0
59 87 10107 204 1636 0 0
56 49 10096 193 4282 0 0
31 91 10106 206 128 0 0
93 100 10114 211 7536 0 0
16 122 10105 195 111872 0 0
119 34 10104 198 11815 0 0
49 105 10101 185 7757 0 0
69 86 10092 203 714 0 0
5 25 10089 207 5124 0 0
43 40 10088 196 6322 0 0
11 81 10090 207 61895 0 0
98 11 10111 196 2084 0 0
49 57 10103 201 4955 0 0
44 109 10103 181 168966 0 0
22 32 10048 170 946434 0 0
104 124 10106 213 9451 0 0
107 122 10103 197 3024 0 0
122 125 10096 215 7020 0 0
31 107 10107 195 5790 0 0
125 61 10100 189 4249 0 0
50 57 10100 202 4254 0 0
35 24 10110 179 3174 0 0
52 109 10089 183 8491 0 0
104 75 10104 202 5231 0 0
17 81 10092 208 7731 0 0
108 25 10115 208 4089 0 0
34 23 10097 213 28506 0 0
77 3 10105 181 19785 0 0
44 123 10105 208 4626 0 0
88 3 10103 182 4991 0 0
116 48 10090 202 428 0 0
31 126 10104 203 14561 0 0
126 107 10110 196 2858 0 0
62 69 10101 186 6563 0 0
31 122 10103 194 115327 0 0
118 26 10083 197 7457 0 0
121 93 10106 198 5682 0 0
102 12 10108 208 1284 0 0
109 103 10107 203 10405 0 0
5 44 10090 206 17815 0 0
105 29 10121 189 4652 0 0
24 27 10087 179 43688 0 0
70 98 10109 202 1040 0 0
124 1 10102 209 25978 0 0
70 84 10107 188 25618 0 0
79 15 10109 214 1513 0 0
21 19 10088 198 4675 0 0
98 5 10112 188 8400 0 0
94 36 10092 203 1086118 0 0
83 125 10104 214 6675 0 0
8 112 10096 190 3045 0 0
32 18 10089 207 4837 0 0
47 99 10110 205 2443 0 0
18 12 10117 209 10475 0 0
83 47 10103 211 2000 0 0
101 78 10108 203 773 0 0
119 106 10105 191 6697 0 0
96 44 10112 207 18929 0 0
63 61 10112 190 7463 0 0
107 94 10101 193 45340 0 0
16 53 10107 200 4926 0 0
31 111 10108 204 4887 0 0
14 67 10098 211 6033 0 0
109 23 10108 214 5088 0 0
73 26 10112 198 4681 0 0
37 77 10092 214 7260 0 0
16 45 10108 183 4334 0 0
49 8 10102 214 39325 0 0
94 95 10098 212 5703 0 0
33 115 10107 208 7476 0 0
35 124 10111 214 2413 0 0
29 7 10098 224 4957 0 0
72 78 10096 204 5186 0 0
3 17 10090 215 7680 0 0
65 74 10088 191 2711 0 0
101 15 10110 215 5940 0 0
36 127 10099 216 21780 0 0
70 1 10108 208 31019 0 0
58 119 10093 216 7944 0 0
118 5 10085 189 2840 0 0
4 123 10103 209 6896 0 0
32 40 10090 197 24547 0 0
2 96 10101 187 3084 0 0
100 19 10093 199 6052 0 0
106 71 10098 205 2381 0 0
70 37 10110 197 5243 0 0
32 84 10091 189 5768 0 0
19 91 10102 208 7809 0 0
71 102 10102 196 5206 0 0
114 76 10099 199 2733 0 0
21 76 10087 200 1917 0 0
97 121 10096 202 15597 0 0
96 48 10113 204 20311 0 0
37 14 10093 204 14671 0 0
78 42 10099 203 8662 0 0
125 13 10101 179 4280 0 0
19 65 10103 190 6324 0 0
53 0 10098 203 4968 0 0
87 121 10105 203 6455 0 0
119 71 10106 206 4439 0 0
47 115 10112 209 11287 0 0
34 62 10100 209 5575 0 0
14 24 10099 180 2656 0 0
74 95 10104 211 791 0 0
45 12 10095 210 2397 0 0
83 77 10105 215 5356 0 0
116 0 10091 204 5947 0 0
39 75 10093 203 63 0 0
61 11 10110 197 4623 0 0
15 121 10121 204 1021 0 0
98 14 10113 205 7873 0 0
29 79 10099 194 16781 0 0
77 12 10106 211 7511 0 0
7 121 10098 205 3385 0 0
29 11 10100 198 8493 0 0
100 45 10094 184 6950 0 0
32 46 10092 200 15761 0 0
64 70 10107 205 12108 0 0
41 93 10104 199 6922 0 0
71 94 10101 195 4831 0 0
14 102 10100 197 4846 0 0
34 38 10096 195 1847 0 0
9 59 10095 203 3194 0 0
54 52 10096 209 6211 0 0
48 58 10101 210 14215 0 0
63 84 10113 191 4959 0 0
44 0 10106 205 30786 0 0
51 58 10113 211 5654 0 0
109 76 10109 201 1607 0 0
81 33 10088 206 111022 0 0
112 11 10120 199 1633 0 0
14 29 10102 190 1296 0 0
71 70 10104 206 3262 0 0
14 59 10101 204 7172 0 0
118 126 10084 205 12240 0 0
33 81 10108 210 4728 0 0
52 12 10090 212 7379 0 0
69 32 10094 217 3026 0 0
18 103 10119 204 7210 0 0
51 28 10112 195 4989 0 0
106 46 10099 201 5893 0 0
54 110 10095 203 405 0 0
50 94 10099 194 9860 0 0
59 43 10109 198 6381 0 0
113 20 10095 196 241454 0 0
25 19 10087 200 9336 0 0
103 76 10092 202 849 0 0
75 41 10114 197 276 0 0
84 124 10111 215 38266 0 0
57 78 10104 205 4642 0 0
44 7 10107 225 29251 0 0
29 43 10101 199 11746 0 0
96 108 10114 208 13517 0 0
28 116 10116 200 4419 0 0
37 125 10094 216 18236 0 0
23 95 10116 213 9423 0 0
8 14 10098 206 5317 0 0
93 87 10115 207 7948 0 0
48 67 10102 213 2967 0 0
49 35 10104 198 4376 0 0
49 123 10105 210 4268 0 0
87 114 10106 203 628 0 0
0 66 10104 196 4053 0 0
22 102 10096 199 4345 0 0
118 117 10087 179 4578 0 0
57 34 10105 199 17135 0 0
125 8 10102 215 24327 0 0
9 77 10096 217 5229 0 0
66 87 10093 206 6910 0 0
90 42 10115 205 7175 0 0
63 0 10114 206 18486 0 0
71 27 10103 180 2733 0 0
55 127 10105 218 843 0 0
40 94 10119 196 7282 0 0
110 38 10099 191 772715 0 0
45 44 10096 209 7863 0 0
102 96 10109 188 40006 0 0
118 122 10088 199 986 0 0
54 88 10097 214 7303 0 0
38 12 10095 214 7723 0 0
54 90 10098 199 8466 0 0
68 24 10100 181 4454 0 0
66 124 10094 216 5596 0 0
70 9 10111 193 14368 0 0
83 58 10106 212 6821 0 0
115 97 10045 158 1716778 0 0
44 46 10109 204 7550 0 0
74 71 10107 207 4402 0 0
74 59 10105 205 14247 0 0
117 28 10106 196 7713 0 0
117 5 10107 191 479 0 0
18 39 10118 200 968 0 0
89 119 10119 218 7832 0 0
6 45 10104 185 7171 0 0
25 94 10088 197 4549 0 0
20 103 10106 205 24380 0 0
99 107 10098 198 96541 0 0
74 117 10106 180 1162 0 0
8 62 10099 210 11328 0 0
62 117 10104 178 7503 0 0
77 19 10107 201 3831 0 0
16 47 10109 213 6025 0 0
112 4 10121 190 8400 0 0
35 40 10114 198 1634 0 0
45 41 10097 198 21191 0 0
44 1 10108 210 2400 0 0
55 101 10106 208 11873 0 0
81 124 10090 217 4953 0 0
87 58 10107 214 7408 0 0
18 73 10121 197 1165 0 0
96 42 10115 206 8867 0 0
50 52 10103 211 4577 0 0
73 16 10114 198 4137 0 0
101 8 10113 216 26479 0 0
30 123 10095 212 4224 0 0
27 118 10100 200 14752 0 0
18 36 10122 212 4722 0 0
48 46 10103 203 4592 0 0
72 70 10097 208 27540 0 0
93 52 10116 210 9211 0 0
120 27 10089 182 68 0 0
67 14 10098 207 8715 0 0
0 108 10105 209 5941 0 0
85 49 10094 194 198 0 0
19 43 10104 201 4036 0 0
24 127 10088 219 6118 0 0
0 123 10106 213 4513 0 0
23 45 10118 186 6538 0 0
36 125 10100 217 25138 0 0
88 27 10104 181 20962 0 0
92 86 10100 206 21544 0 0
12 78 10112 206 5683 0 0
124 64 10103 208 7289 0 0
71 92 10106 225 19 0 0
30 55 10096 192 5751 0 0
39 109 10096 185 3131 0 0
111 98 10113 203 5536 0 0
26 118 10122 201 5419 0 0
66 43 10095 202 1575 0 0
25 77 10086 219 9321 0 0
31 122 10109 198 86833 0 0
48 13 10104 180 14257 0 0
125 65 10099 188 221356 0 0
70 46 10112 205 11131 0 0
100 110 10095 204 13110 0 0
59 90 10112 201 2143 0 0
44 48 10110 205 29482 0 0
95 71 10105 208 9711 0 0
122 117 10097 182 4717 0 0
59 4 10111 191 15814 0 0
54 26 10099 200 30254 0 0
57 17 10109 216 6393 0 0
16 117 10111 181 4799 0 0
35 113 10116 201 1388 0 0
59 50 10113 212 7487 0 0
50 33 10104 208 3487 0 0
57 3 10107 184 66838 0 0
12 64 10113 209 3133 0 0
127 116 10104 202 8899 0 0
51 52 10114 213 9023 0 0
38 78 10097 207 350 0 0
11 67 10093 214 6935 0 0
39 77 10097 220 645 0 0
84 74 10112 193 21137 0 0
87 75 10109 205 65 0 0
99 91 10099 209 7278 0 0
12 107 10115 200 2984 0 0
18 90 10120 200 4750 0 0
52 1 10092 211 5257 0 0
105 41 10122 199 672 0 0
12 16 10114 200 7949 0 0
14 112 10104 191 1307 0 0
30 44 10097 210 7968 0 0
118 126 10091 206 1184 0 0
61 25 10111 209 14264 0 0
120 72 10092 206 2367 0 0
104 4 10112 192 67337 0 0
99 85 10095 184 278 0 0
23 114 10119 204 7750 0 0
50 122 10105 201 9430 0 0
11 74 10092 194 21326 0 0
56 96 10098 193 643 0 0
44 53 10111 202 11222 0 0
66 62 10097 211 4309 0 0
77 123 10108 215 14858 0 0
118 109 10090 187 22509 0 0
126 107 10115 201 7335 0 0
82 42 10100 207 31301 0 0
77 51 10109 190 11606 0 0
59 48 10114 208 6055 0 0
42 61 10100 191 5617 0 0
127 87 10106 209 5309 0 0
119 113 10107 203 21124 0 0
6 30 10105 203 6340 0 0
75 48 10116 207 2061 0 0
25 79 10090 195 842 0 0
80 81 10092 211 7190 0 0
68 55 10101 193 8958 0 0
34 69 10102 191 3000 0 0
4 96 10104 192 19027 0 0
96 20 10116 199 5999 0 0
35 98 10118 204 29097 0 0
36 39 10097 198 576341 0 0
127 70 10107 209 4555 0 0
66 113 10098 202 12532 0 0
26 125 10124 218 8599 0 0
114 123 10102 216 18922 0 0
9 51 10097 191 5661 0 0
33 93 10109 201 2735 0 0
29 53 10102 203 3325 0 0
125 29 10104 192 4871 0 0
54 117 10101 183 477 0 0
31 125 10110 219 61 0 0
12 106 10116 192 5060 0 0
80 58 10090 216 10703 0 0
116 27 10089 176 622379 0 0
76 59 10109 206 1707 0 0
13 15 10078 216 15606 0 0
3 89 10093 205 3248 0 0
43 33 10090 209 7093 0 0
80 5 10089 190 66954 0 0
26 18 10125 208 5238 0 0
111 11 10115 200 1151 0 0
76 98 10108 205 7554 0 0
114 82 10103 193 4401 0 0
35 22 10119 193 3924 0 0
91 79 10076 196 5728 0 0
80 71 10091 209 6975 0 0
103 9 10093 194 545 0 0
25 102 10091 201 7650 0 0
35 28 10115 197 5886 0 0
25 100 10089 213 26506 0 0
106 94 10101 198 1528 0 0
117 101 10109 210 5952 0 0
125 5 10091 179 1402021 0 0
114 26 10101 203 10868 0 0
8 17 10100 217 2900 0 0
68 96 10098 186 502030 0 0
114 73 10104 198 6334 0 0
32 7 10096 227 7047 0 0
42 8 10101 217 22619 0 0
37 47 10095 217 616 0 0
120 12 10094 215 2843 0 0
110 119 10103 219 15250 0 0
125 127 10105 220 28136 0 0
56 122 10097 200 84216 0 0
38 52 10098 214 36105 0 0
10 85 10108 185 1842 0 0
106 67 10102 215 6283 0 0
16 65 10112 192 4466 0 0
16 66 10113 200 1958 0 0
12 5 10111 192 79057 0 0
104 126 10114 207 8162 0 0
99 109 10102 192 4802 0 0
70 35 10114 201 2492 0 0
28 110 10117 205 6753 0 0
40 33 10121 211 11351 0 0
46 87 10109 208 5123 0 0
89 36 10121 214 7995 0 0
59 27 10110 183 107017 0 0
47 76 10113 203 1045 0 0
32 55 10097 194 6250 0 0
26 47 10123 216 15612 0 0
70 80 10115 208 242 0 0
20 24 10109 182 7697 0 0
78 27 10100 185 7051 0 0
121 22 10107 194 3147 0 0
57 110 10111 206 1619 0 0
79 37 10111 199 3210 0 0
115 114 10096 205 27602 0 0
72 33 10098 210 4487 0 0
91 16 10078 201 6506 0 0
45 99 10094 209 4651 0 0
88 117 10105 184 4707 0 0
91 17 10077 218 5435 0 0
57 10 10110 220 21451 0 0
79 39 10110 203 2299 0 0
100 58 10097 217 5432 0 0
20 51 10108 194 1467 0 0
73 95 10115 214 5728 0 0
42 86 10102 207 6400 0 0
62 117 10107 185 794 0 0
37 27 10097 186 20985 0 0
58 80 10096 209 1374 0 0
84 111 10113 209 30558 0 0
107 15 10105 218 2357 0 0
113 93 10100 203 4750 0 0
95 57 10107 206 1315 0 0
99 29 10101 193 6672 0 0
66 58 10099 218 7480 0 0
117 110 10110 207 2784 0 0
16 23 10110 215 220477 0 0
4 74 10106 195 4895 0 0
74 65 10109 193 1945 0 0
63 17 10116 219 5876 0 0
104 76 10113 205 12815 0 0
40 71 10122 211 585 0 0
21 20 10091 200 27663 0 0
30 126 10098 208 5260 0 0
121 55 10109 195 2326 0 0
121 29 10108 194 4846 0 0
75 35 10117 203 4026 0 0
15 35 10123 202 18804 0 0
0 51 10108 195 5326 0 0
105 101 10124 212 6687 0 0
93 23 10117 218 4582 0 0
27 76 10102 206 1178 0 0
8 4 10103 194 6115 0 0
59 25 10115 210 1319 0 0
104 116 10115 206 6280 0 0
44 80 10112 207 46877 0 0
11 67 10094 216 4665 0 0
59 54 10116 199 4577 0 0
23 85 10117 187 1067 0 0
77 36 10110 216 5260 0 0
87 85 10108 188 9317 0 0
85 15 10095 217 5141 0 0
43 101 10091 211 3462 0 0
34 44 10105 211 5244 0 0
36 94 10101 199 6401 0 0
52 53 10093 204 38016 0 0
29 126 10104 209 5863 0 0
17 41 10093 200 7974 0 0
8 109 10101 193 4880 0 0
102 101 10110 213 2324 0 0
15 86 10124 208 672 0 0
69 122 10096 203 1749 0 0
25 22 10092 196 2900 0 0
123 1 10092 212 7139 0 0
95 68 10108 220 5040 0 0
65 8 10089 218 6811 0 0
117 127 10111 222 9655 0 0
63 56 10117 210 6474 0 0
14 69 10105 192 2026 0 0
10 51 10112 196 6216 0 0
81 83 10091 209 7972 0 0
99 82 10103 195 449 0 0
49 58 10107 219 6080 0 0
75 1 10118 213 3993 0 0
67 43 10099 203 24709 0 0
73 108 10120 210 2767 0 0
53 45 10101 187 6635 0 0
99 100 10105 216 9401 0 0
84 112 10114 194 17161 0 0
82 121 10102 206 28054 0 0
43 81 10092 212 1129 0 0
70 85 10113 189 14763 0 0
32 44 10098 212 5924 0 0
56 46 10099 206 6266 0 0
101 17 10116 220 23697 0 0
4 14 10107 208 30368 0 0
70 73 10099 182 1976665 0 0
18 27 10123 188 7825 0 0
127 15 10101 209 599054 0 0
99 25 10104 211 944 0 0
118 126 10092 210 1377 0 0
42 4 10103 193 14484 0 0
24 85 10089 192 4096 0 0
32 50 10095 213 63798 0 0
120 14 10097 209 7435 0 0
38 96 10102 196 4920 0 0
61 112 10114 196 6727 0 0
111 47 10114 218 7588 0 0
105 125 10123 220 78669 0 0
3 57 10092 207 540 0 0
35 56 10113 209 298258 0 0
76 22 10110 195 16236 0 0
22 112 10097 195 6652 0 0
110 51 10104 197 827 0 0
78 4 10102 195 6626 0 0
49 53 10109 206 5486 0 0
93 42 10120 210 5944 0 0
95 78 10106 208 117424 0 0
83 105 10108 186 2749 0 0
54 8 10102 220 7258 0 0
83 25 10107 212 5719 0 0
1 124 10092 219 4764 0 0
62 39 10109 204 1082 0 0
71 117 10109 186 4535 0 0
97 119 10099 220 5020 0 0
11 104 10095 200 138 0 0
103 109 10095 194 7114 0 0
113 68 10101 222 15907 0 0
96 114 10117 206 4082 0 0
22 17 10098 221 75036 0 0
65 76 10090 207 5252 0 0
32 38 10094 196 126177 0 0
32 103 10099 206 7434 0 0
5 37 10093 200 4284 0 0
81 36 10092 217 7073 0 0
113 15 10102 221 4485 0 0
68 47 10102 219 1079 0 0
124 35 10105 205 2261 0 0
104 26 10116 205 12547 0 0
119 67 10108 217 498 0 0
6 108 10106 211 2075 0 0
40 120 10124 200 8 0 0
103 110 10098 209 7527 0 0
118 8 10093 221 1141 0 0
78 122 10103 205 7652 0 0
64 65 10110 194 7672 0 0
1 8 10093 222 583 0 0
106 94 10104 200 30615 0 0
100 14 10098 211 5612 0 0
110 6 10106 208 7796 0 0
16 44 10115 213 27738 0 0
112 120 10125 202 3325 0 0
82 80 10103 212 3754 0 0
103 83 10096 210 4340 0 0
5 15 10092 220 124274 0 0
86 121 10110 207 5528 0 0
108 50 10116 215 1232 0 0
59 16 10117 202 327 0 0
110 39 10105 205 7266 0 0
112 121 10126 208 5633 0 0
96 97 10118 217 429 0 0
126 101 10117 214 4487 0 0
123 28 10091 198 15877 0 0
37 119 10100 221 4586 0 0
38 114 10104 207 6633 0 0
126 107 10116 204 4697 0 0
105 66 10126 201 539 0 0
38 3 10105 185 4416 0 0
126 119 10118 223 15587 0 0
103 97 10099 218 4286 0 0
101 102 10118 202 4969 0 0
44 101 10116 215 5922 0 0
103 92 10097 227 6935 0 0
68 64 10094 203 1805637 0 0
112 23 10124 219 2972 0 0
6 16 10108 203 10083 0 0
6 79 10107 197 2117 0 0
125 123 10107 218 6144 0 0
40 114 10125 208 2822 0 0
84 88 10116 217 5364 0 0
49 68 10108 223 9357 0 0
17 60 10094 214 6874 0 0
21 38 10092 198 734 0 0
45 77 10099 223 6530 0 0
64 82 10111 196 2374 0 0
83 19 10109 202 6676 0 0
18 98 10124 206 15041 0 0
56 84 10100 192 54861 0 0
2 110 10102 210 7430 0 0
59 29 10118 195 19316 0 0
30 62 10101 213 4863 0 0
85 60 10097 215 7871 0 0
29 89 10105 206 80087 0 0
117 86 10113 210 23916 0 0
44 35 10117 206 4165 0 0
61 32 10115 219 4758 0 0
94 90 10101 204 6848 0 0
29 53 10106 207 2068 0 0
55 26 10108 206 5676 0 0
45 6 10100 209 4452 0 0
67 31 10100 200 7627 0 0
111 113 10116 205 3765 0 0
122 100 10101 218 2043 0 0
117 28 10112 199 7137 0 0
30 84 10100 193 33471 0 0
95 42 10109 211 4090 0 0
33 122 10111 204 87236 0 0
122 21 10100 205 188399 0 0
86 31 10112 201 1559 0 0
70 75 10116 207 4863 0 0
53 70 10102 210 29102 0 0
72 14 10100 212 4821 0 0
59 42 10119 212 5206 0 0
58 51 10101 198 372 0 0
80 63 10095 197 1940 0 0
79 7 10113 228 3528 0 0
79 124 10112 220 9923 0 0
58 32 10098 220 2017 0 0
121 77 10111 224 10217 0 0
83 102 10110 203 6952 0 0
12 125 10117 221 7250 0 0
16 8 10117 223 5635 0 0
92 86 10102 215 5089 0 0
41 61 10109 192 5358 0 0
49 0 10110 207 6632 0 0
18 110 10126 211 5415 0 0
94 74 10102 197 2391 0 0
48 69 10106 195 3457 0 0
6 60 10109 217 1162 0 0
57 73 10112 200 5694 0 0
68 17 10104 223 210 0 0
66 64 10102 211 7797 0 0
82 18 10104 210 5583 0 0
121 86 10112 214 3682 0 0
55 90 10110 205 4349 0 0
113 67 10103 218 7599 0 0
28 24 10118 184 17643 0 0
57 61 10115 193 27640 0 0
13 93 10080 204 5761 0 0
2 42 10103 213 4240 0 0
7 78 10105 210 11073 0 0
57 44 10114 215 7484 0 0
14 46 10106 209 11330 0 0
32 69 10100 194 3818 0 0
118 123 10094 219 5439 0 0
126 43 10075 177 805900 0 0
85 17 10098 222 28858 0 0
10 74 10114 196 4921 0 0
10 113 10113 204 32900 0 0
102 39 10111 206 662 0 0
59 107 10120 205 4337 0 0
4 71 10109 213 3726 0 0
57 45 10116 188 3608 0 0
89 14 10125 213 2547 0 0
47 107 10114 206 1617 0 0
7 14 10107 214 18296 0 0
112 118 10129 204 1261 0 0
14 105 10107 188 3264 0 0
21 73 10093 201 20671 0 0
58 66 10100 202 558 0 0
0 117 10110 189 4948 0 0
82 87 10105 213 6679 0 0
53 78 10104 212 2095 0 0
44 47 10115 221 67381 0 0
10 108 10116 212 6256 0 0
80 55 10096 198 5574 0 0
0 39 10111 207 12121 0 0
79 31 10114 202 30312 0 0
25 121 10093 209 5904 0 0
28 15 10119 222 659 0 0
10 25 10115 213 6759 0 0
84 62 10117 215 6808 0 0
3 26 10094 210 2657 0 0
10 1 10118 214 7178 0 0
10 46 10117 211 6365 0 0
35 44 10122 217 18690 0 0
39 68 10099 224 284 0 0
66 108 10103 213 5154 0 0
72 38 10101 199 3743 0 0
122 127 10102 223 4905 0 0
6 15 10110 224 6421 0 0
86 47 10111 222 1313 0 0
123 62 10094 216 4342 0 0
114 91 10106 210 13962 0 0
106 64 10105 210 3482 0 0
33 50 10114 216 11052 0 0
85 61 10100 194 1679 0 0
44 125 10118 223 5540 0 0
75 125 10119 222 17846 0 0
30 55 10103 199 7329 0 0
61 102 10116 204 2789 0 0
23 17 10121 225 6883 0 0
76 108 10112 214 7501 0 0
123 12 10095 217 25637 0 0
127 24 10108 185 7307 0 0
91 62 10079 217 5323 0 0
50 123 10106 220 1817 0 0
75 103 10120 207 23329 0 0
11 13 10098 182 13 0 0
11 16 10096 204 4926 0 0
85 106 10101 194 7776 0 0
118 31 10095 205 6545 0 0
2 90 10104 206 6696 0 0
71 53 10111 208 20366 0 0
84 88 10079 183 1135936 0 0
16 105 10119 189 31434 0 0
43 19 10093 203 2043 0 0
68 57 10105 209 6713 0 0
84 113 10118 206 65 0 0
40 116 10123 207 7385 0 0
95 38 10110 200 4846 0 0
46 19 10111 204 4833 0 0
63 96 10121 197 7288 0 0
104 78 10117 213 2398 0 0
75 35 10121 207 6491 0 0
47 67 10115 219 4226 0 0
101 98 10121 207 2573 0 0
85 46 10099 210 90804 0 0
42 58 10106 221 2700 0 0
18 101 10128 218 7256 0 0
8 100 10105 219 86662 0 0
84 75 10100 189 1813247 0 0
53 75 10103 208 1245 0 0
101 43 10117 204 13692 0 0
71 112 10113 200 1484 0 0
40 39 10128 208 5783 0 0
97 120 10102 203 7882 0 0
86 76 10114 208 2317 0 0
40 106 10127 195 4933 0 0
33 122 10116 207 15162 0 0
58 75 10099 209 4698 0 0
41 102 10110 205 2668 0 0
21 31 10096 206 5091 0 0
123 68 10097 225 6211 0 0
70 69 10120 197 5480 0 0
14 105 10108 190 4351 0 0
21 80 10094 214 10061 0 0
0 52 10112 217 6119 0 0
103 75 10100 210 4811 0 0
62 117 10110 190 113584 0 0
101 40 10120 200 5345 0 0
0 115 10113 212 27389 0 0
23 51 10122 200 6076 0 0
24 125 10092 224 17643 0 0
71 114 10114 210 7582 0 0
59 66 10121 203 3476 0 0
36 46 10105 213 2252 0 0
49 58 10111 222 11608 0 0
101 79 10122 198 177 0 0
33 12 10118 218 4687 0 0
127 42 10109 214 6638 0 0
61 100 10117 221 5452 0 0
97 28 10104 200 5734 0 0
8 105 10107 191 3932 0 0
112 26 10127 209 29934 0 0
27 73 10104 202 6376 0 0
67 105 10102 192 2922 0 0
110 95 10107 216 1012 0 0
110 20 10109 202 965 0 0
59 78 10122 215 7885 0 0
1 54 10096 200 4836 0 0
118 111 10097 210 25593 0 0
43 70 10095 211 6945 0 0
11 55 10099 201 3962 0 0
42 95 10104 217 905 0 0
70 64 10119 212 32948 0 0
20 87 10113 214 5948 0 0
126 84 10119 195 5191 0 0
55 108 10111 215 6871 0 0
65 81 10093 216 2171 0 0
106 118 10106 206 6656 0 0
5 25 10094 214 5270 0 0
83 42 10111 215 17 0 0
58 103 10103 209 26770 0 0
0 11 10115 202 7415 0 0
115 2 10098 219 1087 0 0
99 72 10106 209 7720 0 0
78 34 10104 201 2063 0 0
74 121 10111 210 12444 0 0
1 118 10097 207 3596 0 0
89 32 10126 221 4656 0 0
18 88 10129 219 6666 0 0
81 83 10094 212 2807 0 0
90 35 10118 208 1735 0 0
78 79 10106 200 25525 0 0
57 89 10117 207 26261 0 0
71 8 10115 226 14674 0 0
89 116 10124 209 4877 0 0
103 70 10101 212 4906 0 0
118 88 10096 218 89025 0 0
124 11 10106 201 4818 0 0
72 9 10103 196 1243 0 0
38 117 10107 191 40580 0 0
38 120 10108 204 5407 0 0
74 26 10110 208 37097 0 0
78 75 10105 211 1565 0 0
9 123 10100 221 517 0 0
107 81 10106 217 6729 0 0
96 26 10119 207 134993 0 0
30 121 10105 211 3622 0 0
57 22 10113 199 230394 0 0
10 74 10074 157 1426769 0 0
12 2 10121 220 7309 0 0
123 43 10093 205 5800 0 0
27 28 10105 202 12768 0 0
58 31 10104 207 7563 0 0
17 94 10097 201 7048 0 0
113 105 10105 193 4462 0 0
61 3 10118 187 1829 0 0
3 7 10095 231 2840 0 0
18 4 10130 196 4974 0 0
95 16 10111 205 46557 0 0
24 14 10093 216 26135 0 0
20 65 10114 196 902 0 0
111 39 10118 209 15323 0 0
84 83 10120 213 6839 0 0
81 72 10093 211 1548 0 0
69 3 10098 188 6927 0 0
48 125 10107 225 5763 0 0
5 8 10096 228 5374 0 0
10 32 10121 222 7149 0 0
23 14 10123 217 21901 0 0
53 10 10105 222 15178 0 0
49 126 10112 211 892 0 0
61 118 10119 208 5617 0 0
33 127 10119 225 1371 0 0
87 18 10111 212 1125 0 0
77 96 10111 198 6095 0 0
113 84 10104 196 15105 0 0
13 66 10081 204 14881 0 0
62 44 10113 218 878 0 0
54 68 10107 227 6517 0 0
80 103 10100 210 5457 0 0
93 116 10122 210 15781 0 0
75 10 10122 223 14465 0 0
12 6 10122 210 16572 0 0
11 1 10100 218 3414 0 0
115 122 10099 208 1741 0 0
5 40 10095 201 2540 0 0
104 96 10119 200 6279 0 0
40 58 10126 220 115386 0 0
89 124 10127 221 5174 0 0
43 123 10096 223 1673 0 0
55 71 10112 215 4107 0 0
25 127 10094 226 6038 0 0
125 90 10109 209 14477 0 0
44 30 10120 209 7835 0 0
109 42 10114 218 4119 0 0
66 12 10104 219 1146 0 0
77 7 10112 232 8419 0 0
107 16 10108 206 5270 0 0
120 64 10099 213 4121 0 0
89 10 10128 224 4739 0 0
69 45 10099 190 4958 0 0
107 20 10107 203 7611 0 0
91 12 10084 220 3230 0 0
80 26 10097 211 7744 0 0
67 42 10103 217 7341 0 0
113 55 10106 203 4972 0 0
95 107 10112 207 11344 0 0
118 119 10099 225 15705 0 0
58 96 10105 199 7727 0 0
7 68 10109 228 22 0 0
85 0 10103 209 24 0 0
117 26 10108 202 456239 0 0
95 60 10113 218 1423 0 0
104 7 10118 233 6235 0 0
59 114 10123 212 13515 0 0
117 114 10115 213 4007 0 0
64 40 10112 203 7015 0 0
31 111 10115 212 10633 0 0
79 66 10115 205 5731 0 0
12 15 10123 225 4857 0 0
60 85 10103 197 7529 0 0
105 107 10128 208 13117 0 0
15 80 10126 216 7973 0 0
57 59 10119 209 25168 0 0
19 100 10106 222 15282 0 0
70 26 10121 212 13877 0 0
118 113 10101 207 925 0 0
97 95 10103 219 4846 0 0
69 114 10100 211 34523 0 0
118 1 10100 217 6902 0 0
47 5 10118 194 10281 0 0
27 13 10106 186 3493 0 0
36 78 10106 218 70 0 0
26 29 10130 198 5193 0 0
71 95 10112 220 13722 0 0
40 24 10110 172 1282614 0 0
24 52 10094 219 2565 0 0
124 108 10107 217 4011 0 0
62 88 10114 220 11091 0 0
62 40 10112 205 7180 0 0
10 3 10122 192 5656 0 0
58 91 10107 212 8896 0 0
68 51 10110 202 1238 0 0
41 81 10112 218 4431 0 0
7 21 10110 208 6132 0 0
2 3 10107 191 25327 0 0
14 102 10111 206 2560 0 0
36 90 10107 210 7821 0 0
59 63 10124 200 7861 0 0
77 5 10113 195 7982 0 0
56 22 10102 201 7187 0 0
54 95 10104 222 1684 0 0
25 10 10095 225 7088 0 0
116 115 10098 215 5476 0 0
73 103 10122 213 2827 0 0
8 74 10108 198 6702 0 0
14 71 10112 216 6622 0 0
116 50 10095 217 7222 0 0
29 55 10107 204 6330 0 0
75 7 10124 234 21862 0 0
116 16 10096 207 16353 0 0
53 23 10106 221 25674 0 0
123 103 10099 211 47231 0 0
127 97 10110 220 244 0 0
26 65 10129 197 9722 0 0
6 88 10113 221 2879 0 0
117 80 10114 217 463 0 0
19 107 10107 209 14981 0 0
48 89 10108 208 2799 0 0
68 106 10111 197 7269 0 0
103 108 10102 218 3500 0 0
6 105 10114 194 5896 0 0
105 113 10130 208 7575 0 0
3 13 10096 188 5656 0 0
127 106 10111 198 6317 0 0
66 72 10105 212 13190 0 0
50 106 10107 196 105429 0 0
13 88 10083 222 4011 0 0
77 68 10114 230 28400 0 0
12 96 10124 201 1952 0 0
123 66 10101 206 1755 0 0
25 71 10096 217 15829 0 0
63 55 10124 205 26067 0 0
6 89 10115 209 7716 0 0
103 99 10094 210 107606 0 0
107 111 10111 215 937 0 0
95 55 10103 191 746874 0 0
66 99 10100 211 1341 0 0
107 82 10110 199 3111 0 0
16 44 10121 219 4466 0 0
123 120 10102 205 38195 0 0
111 33 10120 214 5023 0 0
102 53 10114 213 7925 0 0
38 118 10110 210 6850 0 0
28 48 10121 209 5118 0 0
82 126 10107 212 3483 0 0
96 111 10122 214 28745 0 0
26 19 10133 205 3411 0 0
109 53 10115 212 16485 0 0
39 25 10102 215 10955 0 0
101 54 10125 201 802 0 0
38 117 10111 193 4913 0 0
90 68 10120 231 4965 0 0
125 9 10110 199 6788 0 0
26 96 10132 202 9756 0 0
35 38 10127 201 1234 0 0
96 25 10121 216 9221 0 0
14 86 10114 217 5710 0 0
65 20 10094 205 37424 0 0
57 31 10120 209 6426 0 0
63 4 10123 197 7378 0 0
5 50 10099 219 2886 0 0
10 91 10123 213 7439 0 0
91 100 10086 224 5632 0 0
61 105 10120 195 6048 0 0
64 80 10113 219 4977 0 0
81 119 10095 226 6349 0 0
7 100 10111 223 24310 0 0
2 118 10108 211 1952 0 0
126 91 10122 214 9837 0 0
91 59 10085 210 7893 0 0
106 116 10108 211 5310 0 0
40 94 10129 202 5796 0 0
68 84 10112 197 8841 0 0
119 125 10111 226 928 0 0
120 42 10100 219 1564 0 0
66 127 10106 227 26926 0 0
76 39 10113 210 30826 0 0
38 41 10112 203 11522 0 0
123 57 10098 211 60470 0 0
75 1 10123 216 120811 0 0
123 94 10103 203 4531 0 0
76 72 10114 213 13722 0 0
7 68 10112 229 6754 0 0
52 106 10095 199 11034 0 0
95 119 10114 227 2124 0 0
116 4 10099 198 347 0 0
43 38 10097 203 6050 0 0
114 18 10107 213 34173 0 0
62 26 10115 213 6209 0 0
55 40 10113 206 82950 0 0
1 81 10099 219 17868 0 0
65 78 10096 220 7952 0 0
61 114 10121 214 3921 0 0
119 49 10110 196 5534 0 0
2 116 10109 212 13840 0 0
38 88 10113 224 770 0 0
98 119 10116 228 6881 0 0
39 105 10103 196 6460 0 0
2 9 10110 200 4607 0 0
40 70 10130 214 6254 0 0
34 84 10106 198 6013 0 0
21 73 10099 204 1690 0 0
99 80 10110 222 1850 0 0
61 60 10123 219 1090 0 0
27 36 10107 220 14198 0 0
16 112 10120 201 106276 0 0
93 3 10124 193 5311 0 0
75 63 10125 199 1503 0 0
80 120 10101 206 20426 0 0
90 127 10121 228 5157 0 0
4 64 10111 215 5738 0 0
98 118 10119 212 7777 0 0
70 123 10122 225 81666 0 0
25 108 10097 220 4452 0 0
115 97 10101 221 19516 0 0
29 12 10109 221 1690 0 0
26 57 10134 213 158 0 0
125 74 10111 201 2683 0 0
71 74 10116 202 7547 0 0
90 73 10122 205 5385 0 0
48 39 10110 211 7679 0 0
115 124 10102 225 5236 0 0
35 124 10128 224 3751 0 0
60 92 10104 228 6484 0 0
110 40 10066 151 1850160 0 0
98 57 10118 214 3992 0 0
46 38 10114 205 9254 0 0
24 38 10096 204 15120 0 0
42 44 10107 220 26836 0 0
85 80 10104 223 1267 0 0
103 120 10103 207 9608 0 0
32 16 10104 209 7135 0 0
73 97 10124 222 45 0 0
100 94 10099 204 4870 0 0
80 112 10102 203 468 0 0
116 57 10097 212 1577 0 0
49 102 10114 207 7631 0 0
39 80 10101 221 31919 0 0
92 109 10105 196 3355 0 0
124 109 10109 195 11144 0 0
1 36 10100 221 15735 0 0
13 56 10084 214 7864 0 0
48 96 10109 204 30151 0 0
35 80 10126 220 29084 0 0
46 96 10115 205 7499 0 0
2 106 10111 200 4228 0 0
118 105 10103 197 1097 0 0
61 30 10122 212 10753 0 0
24 118 10097 214 7939 0 0
119 5 10112 196 4866 0 0
43 116 10098 214 9111 0 0
0 39 10118 212 24127 0 0
9 55 10101 206 22057 0 0
70 88 10124 225 14759 0 0
97 127 10108 229 25678 0 0
70 121 10123 215 17701 0 0
75 83 10127 214 19272 0 0
11 38 10103 206 1206 0 0
18 99 10127 213 6706 0 0
66 88 10107 223 77805 0 0
9 21 10102 211 11102 0 0
70 99 10118 214 2211 0 0
48 2 10111 222 6100 0 0
0 21 10117 210 61911 0 0
53 36 10109 222 2547 0 0
19 80 10108 224 14783 0 0
96 69 10123 201 15415 0 0
40 87 10131 216 553 0 0
32 29 10107 199 4790 0 0
65 103 10097 215 7107 0 0
116 26 10100 214 11966 0 0
88 94 10111 205 27867 0 0
9 53 10099 209 89228 0 0
123 80 10104 226 759 0 0
76 38 10115 202 95002 0 0
6 116 10116 215 1832 0 0
0 115 10120 217 4821 0 0
39 82 10104 200 7419 0 0
114 36 10108 223 13392 0 0
98 12 10120 222 1931 0 0
75 43 10128 208 7588 0 0
76 4 10117 199 1592 0 0
53 87 10108 215 17745 0 0
97 68 10109 232 10734 0 0
62 104 10118 202 554 0 0
0 68 10119 233 31625 0 0
41 0 10113 210 4349 0 0
76 16 10116 210 31711 0 0
73 40 10123 207 14630 0 0
36 99 10104 215 8378 0 0
8 59 10109 211 15479 0 0
110 118 10112 215 18671 0 0
69 31 10102 212 112 0 0
110 63 10113 201 9975 0 0
127 25 10112 217 5372 0 0
71 119 10110 222 762076 0 0
77 72 10115 214 25725 0 0
42 119 10108 229 5629 0 0
95 113 10116 215 1053 0 0
61 54 10125 203 6955 0 0
53 88 10014 124 1604461 0 0
51 30 10119 213 6370 0 0
13 40 10085 208 4961 0 0
49 119 10115 230 6744 0 0
77 5 10116 198 30833 0 0
65 81 10098 220 7627 0 0
88 58 10112 223 530 0 0
42 41 10109 205 5215 0 0
21 106 10100 201 11833 0 0
58 28 10109 207 1664 0 0
99 67 10111 222 5806 0 0
35 38 10130 207 5977 0 0
115 20 10104 206 4907 0 0
53 59 10110 212 6662 0 0
62 107 10117 210 861 0 0
94 122 10103 209 7177 0 0
122 28 10105 206 5384 0 0
92 24 10106 186 2929 0 0
123 44 10106 221 2875 0 0
115 19 10105 206 11362 0 0
60 31 10106 213 4974 0 0
81 104 10096 201 109071 0 0
80 21 10103 212 817 0 0
30 126 10106 215 7669 0 0
77 6 10117 212 3825 0 0
61 71 10124 219 7786 0 0
115 54 10106 202 4976 0 0
21 76 10101 209 259 0 0
51 60 10118 221 83998 0 0
112 116 10132 216 2763 0 0
68 124 10114 226 4302 0 0
8 18 10111 214 7293 0 0
80 40 10061 158 1191449 0 0
22 86 10103 218 2907 0 0
75 114 10129 216 7797 0 0
24 83 10098 215 4754 0 0
44 91 10122 215 7488 0 0
52 88 10096 226 4858 0 0
88 80 10114 227 5262 0 0
86 98 10117 209 7869 0 0
44 32 10123 225 6813 0 0
121 57 10115 215 5832 0 0
74 1 10114 220 7747 0 0
82 28 10108 205 99706 0 0
67 81 10104 222 5507 0 0
107 77 10114 230 6475 0 0
45 38 10102 208 3323 0 0
90 93 10123 206 12387 0 0
114 3 10110 195 3943 0 0
41 47 10116 226 7835 0 0
110 66 10111 207 109983 0 0
59 106 10126 202 692 0 0
19 86 10109 219 10697 0 0
97 74 10110 203 11037 0 0
65 63 10099 202 5820 0 0
92 120 10107 209 18781 0 0
8 102 10112 209 3470 0 0
33 81 10123 221 20991 0 0
76 37 10118 204 41775 0 0
73 24 10126 188 5963 0 0
16 101 10122 221 121671 0 0
66 44 10108 222 7937 0 0
47 119 10119 231 4250 0 0
82 93 10109 207 6319 0 0
107 121 10113 217 4656 0 0
21 41 10098 202 230187 0 0
17 30 10101 214 6605 0 0
73 107 10119 202 1265387 0 0
101 47 10128 225 4825 0 0
65 71 10100 220 7100 0 0
50 73 10109 206 119 0 0
4 15 10112 226 6245 0 0
19 95 10110 226 5793 0 0
111 68 10122 234 4907 0 0
120 92 10105 231 21998 0 0
31 18 10117 216 1771 0 0
7 100 10115 225 30481 0 0
20 85 10118 202 4057 0 0
17 92 10100 232 5455 0 0
89 108 10129 221 5091 0 0
92 95 10109 227 30087 0 0
84 122 10126 211 5597 0 0
85 78 10106 223 474 0 0
9 41 10104 206 15038 0 0
46 57 10116 217 4195 0 0
80 83 10104 216 29477 0 0
38 88 10115 228 6738 0 0
118 97 10104 224 536 0 0
73 22 10128 202 4528 0 0
67 118 10105 218 5703 0 0
84 51 10124 205 13100 0 0
76 84 10119 199 5845 0 0
68 0 10116 211 3774 0 0
68 113 10115 217 20641 0 0
92 50 10108 222 4362 0 0
53 61 10112 196 7620 0 0
5 97 10102 223 4285 0 0
49 67 10120 223 3070 0 0
92 107 10110 211 3533 0 0
48 127 10112 230 4641 0 0
88 113 10113 216 31709 0 0
75 89 10130 212 29201 0 0
103 13 10105 189 3080 0 0
6 33 10117 215 4866 0 0
72 99 10104 217 1069 0 0
117 68 10117 235 508 0 0
23 112 10125 205 4335 0 0
55 71 10115 221 6119 0 0
42 32 10110 227 7206 0 0
101 106 10131 204 2853 0 0
49 123 10121 227 10259 0 0
96 16 10124 211 6286 0 0
120 49 10107 198 733 0 0
15 48 10128 210 2030 0 0
58 25 10110 218 5105 0 0
55 106 10116 203 7964 0 0
5 32 10103 226 4952 0 0
114 28 10112 208 3072 0 0
35 78 10129 221 109402 0 0
21 73 10102 207 8977 0 0
103 70 10104 216 5393 0 0
73 65 10127 199 25416 0 0
66 112 10109 206 5415 0 0
1 62 10102 219 4250 0 0
57 56 10121 216 2375 0 0
110 116 10114 217 6651 0 0
127 103 10113 216 45164 0 0
105 88 10131 229 3620 0 0
118 20 10105 208 7213 0 0
38 19 10116 208 3518 0 0
33 20 10125 209 5283 0 0
22 65 10104 200 1983 0 0
22 79 10105 202 4744 0 0
58 90 10111 215 15148 0 0
14 0 10115 215 2641 0 0
105 120 10132 212 1857 0 0
120 21 10108 214 2288 0 0
104 106 10125 205 4386 0 0
64 31 10115 214 7204 0 0
116 0 10101 212 4890 0 0
46 115 10118 219 3523 0 0
111 87 10124 220 4943 0 0
41 18 10117 217 11101 0 0
47 16 10120 212 7698 0 0
96 99 10120 218 1859 0 0
85 81 10108 223 140445 0 0
33 41 10126 207 1212 0 0
79 93 10117 211 6655 0 0
56 34 10104 205 2863 0 0
117 116 10119 218 7474 0 0
54 4 10112 200 1964 0 0
72 0 10106 214 6069 0 0
19 0 10111 213 4587 0 0
64 6 10116 213 7702 0 0
85 102 10109 210 1251 0 0
100 75 10101 215 9749 0 0
117 107 10118 212 20227 0 0
15 120 10129 211 4183 0 0
94 91 10105 216 50061 0 0
42 97 10111 225 4213 0 0
119 44 10116 224 6114 0 0
2 28 10112 209 5832 0 0
116 30 10102 215 6916 0 0
95 120 10117 213 5032 0 0
69 78 10104 225 4288 0 0
62 23 10119 223 6501 0 0
91 87 10089 224 200 0 0
47 96 10121 207 9963 0 0
81 2 10098 227 5011 0 0
73 119 10129 232 1430 0 0
32 10 10110 227 708 0 0
65 34 10102 206 6034 0 0
42 10 10112 226 6033 0 0
61 31 10127 215 1138 0 0
80 94 10106 208 1694 0 0
58 97 10112 226 6576 0 0
103 72 10106 216 987 0 0
89 67 10130 224 30704 0 0
24 31 10100 216 6988 0 0
9 117 10105 195 63 0 0
104 97 10126 227 1054 0 0
31 69 10118 203 5702 0 0
104 117 10123 194 5440 0 0
98 87 10121 222 5969 0 0
36 108 10110 223 3150 0 0
49 96 10124 208 14435 0 0
71 106 10117 206 3429 0 0
12 115 10126 218 66423 0 0
27 87 10109 221 6343 0 0
84 64 10125 216 122661 0 0
46 40 10119 209 15280 0 0
44 61 10125 197 7356 0 0
66 16 10110 213 4449 0 0
22 27 10106 195 653 0 0
95 104 10118 205 10216 0 0
38 92 10118 234 6549 0 0
26 112 10136 207 6063 0 0
100 109 10102 197 11220 0 0
25 76 10100 210 2368 0 0
44 51 10124 206 87399 0 0
30 70 10107 217 3864 0 0
37 36 10105 225 7002 0 0
8 64 10113 217 7632 0 0
67 53 10107 215 13951 0 0
109 56 10116 217 7264 0 0
71 17 10119 227 2934 0 0
0 12 10122 225 7062 0 0
36 89 10109 214 7666 0 0
36 68 10111 237 993 0 0
89 80 10131 230 7785 0 0
127 44 10114 225 6364 0 0
46 101 10117 226 5532 0 0
56 86 10105 221 15832 0 0
101 36 10133 224 4577 0 0
70 22 10127 203 18037 0 0
79 84 10118 201 3792 0 0
77 8 10118 231 1767 0 0
106 125 10109 227 23633 0 0
67 17 10109 228 6649 0 0
12 5 10127 201 11337 0 0
29 90 10112 214 216544 0 0
124 50 10111 223 5514 0 0
64 37 10118 205 9538 0 0
84 103 10128 218 7672 0 0
97 25 10113 221 12508 0 0
67 27 10106 194 7532 0 0
120 1 10103 221 30315 0 0
95 80 10119 229 32053 0 0
61 93 10126 208 83126 0 0
92 71 10076 188 701363 0 0
61 15 10128 228 5941 0 0
57 125 10122 229 28220 0 0
78 100 10109 226 4422 0 0
104 20 10128 210 2751 0 0
116 117 10104 197 3826 0 0
41 54 10118 206 3503 0 0
89 25 10132 222 5463 0 0
90 84 10125 203 3665 0 0
71 117 10120 196 2453 0 0
104 101 10124 227 3444 0 0
54 1 10109 222 5288 0 0
19 39 10112 214 11331 0 0
76 79 10120 203 3800 0 0
39 7 10107 236 28442 0 0
4 9 10115 202 1386 0 0
30 10 10108 228 2127 0 0
26 54 10137 207 957 0 0
105 25 10135 223 2837 0 0
46 63 10120 204 3434 0 0
63 54 10127 209 561 0 0
25 87 10101 225 4357 0 0
108 1 10119 223 4092 0 0
62 17 10120 229 4252 0 0
39 60 10108 225 2444 0 0
28 125 10122 230 5149 0 0
116 14 10103 220 7555 0 0
63 31 10126 218 14928 0 0
95 60 10121 224 4926 0 0
100 44 10103 226 6878 0 0
23 95 10126 229 6178 0 0
42 7 10113 237 5545 0 0
119 12 10117 226 26028 0 0
44 93 10126 212 4440 0 0
63 54 10128 211 6026 0 0
4 123 10114 230 4050 0 0
62 47 10122 227 6573 0 0
96 49 10125 201 6121 0 0
59 50 10129 224 7317 0 0
38 25 10119 225 516 0 0
56 31 10106 219 7878 0 0
75 20 10131 211 4432 0 0
81 38 10099 210 7911 0 0
79 119 10119 234 5629 0 0
93 52 10127 222 4002 0 0
24 59 10101 214 13880 0 0
88 56 10115 218 6439 0 0
53 54 10114 210 12993 0 0
101 12 10134 227 1108 0 0
50 112 10110 208 7035 0 0
50 53 10112 217 5332 0 0
112 82 10134 202 2395 0 0
109 85 10118 204 7427 0 0
70 20 10128 212 5218 0 0
61 38 10129 209 25412 0 0
120 41 10111 208 305 0 0
95 69 10120 204 4619 0 0
111 3 10126 196 11618 0 0
93 81 10128 224 9357 0 0
95 5 10104 187 1070187 0 0
17 63 10102 206 1197 0 0
101 18 10132 218 126947 0 0
115 97 10109 229 646 0 0
56 40 10108 210 5802 0 0
55 90 10119 216 5975 0 0
27 78 10110 226 2738 0 0
43 29 10101 200 2521 0 0
9 56 10106 219 4907 0 0
120 45 10113 193 234 0 0
94 88 10106 231 17124 0 0
42 16 10114 214 5452 0 0
1 25 10103 226 6055 0 0
73 30 10130 216 4689 0 0
109 28 10119 210 1682 0 0
3 29 10100 201 19965 0 0
78 39 10111 215 5639 0 0
58 97 10113 228 16778 0 0
115 63 10110 207 6781 0 0
64 57 10119 218 739 0 0
50 109 10111 198 19667 0 0
122 74 10106 204 7968 0 0
90 108 10126 224 5986 0 0
24 127 10102 232 4029 0 0
67 0 10110 216 7969 0 0
126 124 10126 229 1760 0 0
60 123 10108 231 5833 0 0
25 17 10102 230 6220 0 0
106 2 10110 228 6751 0 0
127 82 10115 203 4987 0 0
89 90 10134 217 1965 0 0
11 4 10106 203 5731 0 0
37 110 10106 214 6055 0 0
71 52 10121 223 7819 0 0
102 57 10115 219 7035 0 0
10 11 10124 204 4111 0 0
53 84 10113 202 28463 0 0
1 59 10104 215 3721 0 0
87 24 10114 190 116744 0 0
24 88 10103 232 6712 0 0
29 80 10113 231 6287 0 0
34 27 10110 196 18791 0 0
108 24 10120 192 20433 0 0
63 1 10130 225 5594 0 0
45 121 10103 219 13830 0 0
37 8 10107 233 2348 0 0
122 4 10107 202 5280 0 0
50 55 10114 208 7339 0 0
104 66 10130 208 7136 0 0
96 110 10126 215 7811 0 0
121 81 10118 225 3777 0 0
68 87 10118 226 4631 0 0
114 47 10114 228 3052 0 0
34 42 10112 222 4110 0 0
126 82 10127 204 1266 0 0
5 99 10100 219 1300 0 0
9 116 10107 219 4071 0 0
81 64 10100 219 2610 0 0
29 48 10114 211 3347 0 0
6 8 10118 235 31000 0 0
63 6 10131 215 6517 0 0
63 5 10132 202 1781 0 0
80 73 10107 208 15710 0 0
42 0 10115 217 7848 0 0
48 17 10114 231 2021 0 0
56 31 10109 220 3460 0 0
84 71 10130 222 5804 0 0
78 73 10112 211 6476 0 0
28 81 10123 226 8283 0 0
8 16 10116 215 23463 0 0
127 112 10116 209 1418 0 0
119 52 10118 225 6227 0 0
23 21 10129 216 4558 0 0
13 115 10088 220 8992 0 0
15 67 10130 226 786 0 0
102 81 10116 227 956 0 0
41 8 10119 236 4432 0 0
23 6 10127 216 3807 0 0
97 19 10114 210 133 0 0
3 42 10101 221 6441 0 0
36 30 10112 217 5718 0 0
38 74 10120 205 4278 0 0
106 55 10111 209 1170 0 0
67 98 10111 210 19835 0 0
105 58 10137 225 7844 0 0
57 5 10123 203 4321 0 0
10 56 10125 220 1797 0 0
121 14 10119 222 503 0 0
107 15 10115 229 13647 0 0
50 44 10115 227 3980 0 0
83 12 10113 228 4194 0 0
105 124 10136 227 122873 0 0
24 71 10104 223 8270 0 0
42 68 10116 238 6233 0 0
31 15 10119 230 4766 0 0
1 48 10105 212 2539 0 0
105 68 10139 239 27 0 0
125 127 10115 233 4259 0 0
81 120 10101 217 10322 0 0
105 3 10138 197 8217 0 0
82 33 10111 216 10463 0 0
101 58 10137 224 49138 0 0
120 64 10114 218 7436 0 0
23 96 10128 209 10792 0 0
28 42 10124 223 5758 0 0
25 108 10103 225 16559 0 0
116 10 10105 229 6335 0 0
74 26 10116 220 11161 0 0
110 11 10115 205 7335 0 0
91 119 10091 235 5778 0 0
58 36 10115 226 4165 0 0
109 98 10120 213 1196 0 0
123 108 10108 226 4438 0 0
51 57 10121 221 1292 0 0
55 78 10118 227 25290 0 0
55 59 10122 216 4328 0 0
113 101 10108 228 3636 0 0
6 89 10120 215 3087 0 0
77 83 10119 218 6273 0 0
95 48 10122 213 19539 0 0
35 89 10132 216 3493 0 0
98 109 10123 199 7627 0 0
41 124 10120 230 6499 0 0
6 8 10122 238 834 0 0
103 92 10109 238 520 0 0
78 49 10113 202 7980 0 0
53 87 10115 227 12401 0 0
2 63 10113 208 25173 0 0
43 29 10102 202 12947 0 0
66 42 10111 224 683 0 0
67 47 10112 229 7989 0 0
68 12 10119 229 5976 0 0
115 119 10113 236 3411 0 0
92 101 10112 229 21287 0 0
109 116 10121 220 5783 0 0
81 9 10069 167 1226031 0 0
114 21 10115 218 7353 0 0
59 39 10130 216 4439 0 0
80 32 10108 228 7052 0 0
70 40 10129 211 111607 0 0
69 121 10105 220 5580 0 0
81 8 10103 237 622 0 0
87 85 10116 205 7888 0 0
19 124 10113 231 6512 0 0
97 114 10112 218 29613 0 0
72 80 10107 232 4004 0 0
40 45 10135 194 24315 0 0
60 98 10109 212 5818 0 0
18 72 10134 218 487 0 0
93 125 10130 232 3163 0 0
96 46 10127 218 5574 0 0
70 54 10130 212 31445 0 0
90 9 10127 204 3073 0 0
1 0 10098 208 933811 0 0
62 15 10123 231 16768 0 0
8 63 10118 209 4810 0 0
71 16 10122 217 6006 0 0
62 57 10124 222 5359 0 0
115 73 10111 212 4233 0 0
6 100 10121 228 7388 0 0
40 14 10134 223 6099 0 0
108 5 10122 204 4446 0 0
1 53 10106 218 16445 0 0
115 56 10112 221 4880 0 0
15 4 10131 204 116995 0 0
96 61 10128 198 23939 0 0
109 99 10117 221 151 0 0
103 43 10107 211 5964 0 0
89 47 10135 230 3526 0 0
24 96 10105 212 376 0 0
96 32 10129 229 4242 0 0
86 17 10122 232 7282 0 0
82 126 10110 217 80601 0 0
9 88 10098 215 366309 0 0
83 46 10114 220 4785 0 0
80 99 10105 220 4751 0 0
95 47 10123 231 6417 0 0
8 33 10119 217 12513 0 0
121 84 10117 205 111155 0 0
125 59 10116 217 4477 0 0
120 55 10115 210 18367 0 0
108 56 10123 222 3629 0 0
58 9 10116 203 21119 0 0
33 86 10127 223 1897 0 0
47 15 10122 232 3367 0 0
77 78 10121 229 5068 0 0
108 41 10124 210 840 0 0
23 41 10131 209 7077 0 0
5 17 10107 233 3981 0 0
81 63 10104 211 494 0 0
21 0 10106 219 12412 0 0
5 74 10108 206 5785 0 0
6 8 10123 239 5640 0 0
35 43 10133 212 6735 0 0
23 6 10132 217 1598 0 0
106 72 10112 219 7043 0 0
10 14 10127 224 7881 0 0
109 117 10123 198 6054 0 0
105 23 10140 224 5496 0 0
90 110 10128 216 2399 0 0
77 71 10122 225 1446 0 0
75 60 10135 227 6883 0 0
2 55 10115 211 1162 0 0
31 116 10120 221 1539 0 0
10 31 10126 221 3343 0 0
57 23 10125 225 4611 0 0
49 117 10126 199 2363 0 0
102 87 10118 228 11606 0 0
4 117 10116 200 2069 0 0
95 91 10124 218 5541 0 0
102 46 10119 221 1774 0 0
58 46 10117 219 23339 0 0
114 58 10116 226 18248 0 0
21 20 10109 214 5850 0 0
18 110 10136 217 7633 0 0
31 74 10121 207 3651 0 0
116 107 10106 213 6509 0 0
23 27 10130 198 645 0 0
75 12 10136 231 644 0 0
98 20 10124 213 4780 0 0
15 112 10132 210 4084 0 0
66 112 10112 211 350 0 0
41 50 10121 225 5823 0 0
32 105 10113 198 4685 0 0
53 60 10117 228 3767 0 0
3 98 10102 214 6009 0 0
7 18 10117 220 7542 0 0
116 120 10107 218 29854 0 0
121 23 10120 226 6425 0 0
57 16 10126 218 6685 0 0
120 116 10117 222 5660 0 0
43 32 10103 230 1986 0 0
21 9 10108 205 5029 0 0
47 111 10123 218 1841 0 0
126 49 10129 203 50974 0 0
80 114 10109 220 6568 0 0
2 47 10117 232 10159 0 0
55 67 10123 227 5863 0 0
41 51 10122 207 6210 0 0
111 19 10130 211 6137 0 0
2 113 10116 219 5346 0 0
20 57 10121 223 4663 0 0
7 90 10118 218 5218 0 0
49 66 10125 210 2250 0 0
49 123 10127 233 7641 0 0
111 63 10129 212 4277 0 0
114 40 10117 213 12761 0 0
24 11 10106 207 3186 0 0
3 16 10105 219 4244 0 0
96 13 10131 191 4725 0 0
73 11 10132 206 127739 0 0
3 109 10103 200 18728 0 0
91 42 10092 225 43950 0 0
34 50 10113 226 201 0 0
65 96 10103 214 6265 0 0
113 112 10109 212 18601 0 0
90 72 10129 222 7743 0 0
121 81 10121 229 15179 0 0
126 5 10130 206 560 0 0
79 62 10121 220 5496 0 0
48 22 10115 205 7827 0 0
107 26 10117 221 4949 0 0
22 90 10107 219 2479 0 0
79 30 10122 218 5828 0 0
80 98 10110 216 391 0 0
3 88 10104 234 42415 0 0
46 34 10121 207 6516 0 0
120 108 10116 228 6646 0 0
48 55 10116 212 7037 0 0
76 58 10121 227 15701 0 0
5 95 10111 230 2347 0 0
22 4 10108 207 6845 0 0
56 2 10111 230 158 0 0
96 27 10130 199 7949 0 0
49 53 10129 219 24245 0 0
61 84 10130 207 6946 0 0
86 111 10124 219 2491 0 0
30 93 10110 214 10848 0 0
92 91 10115 219 5711 0 0
61 29 10131 203 5935 0 0
79 80 10120 233 27237 0 0
123 43 10109 213 15541 0 0
40 39 10137 217 709 0 0
111 13 10132 192 240 0 0
57 45 10127 195 20855 0 0
58 10 10120 230 3284 0 0
111 40 10131 214 5340 0 0
39 40 10109 215 3097 0 0
63 29 10133 204 7489 0 0
72 107 10109 214 10459 0 0
8 95 10121 231 6074 0 0
107 78 10116 230 4870 0 0
62 7 10125 238 2887 0 0
41 76 10123 212 6773 0 0
47 46 10125 224 5182 0 0
105 75 10141 217 480 0 0
36 117 10113 201 7548 0 0
2 32 10118 231 13262 0 0
66 97 10113 231 6056 0 0
69 17 10107 234 7137 0 0
64 52 10120 227 21017 0 0
96 62 10132 221 15449 0 0
103 26 10111 222 3763 0 0
62 21 10126 219 7561 0 0
91 20 10094 215 6154 0 0
68 31 10120 222 4923 0 0
67 20 10113 216 10435 0 0
108 96 10125 215 7827 0 0
92 91 10116 220 7382 0 0
70 7 10131 239 4397 0 0
20 9 10122 206 5638 0 0
86 26 10125 223 5209 0 0
22 6 10109 218 7334 0 0
114 116 10118 223 806 0 0
51 31 10123 223 4011 0 0
47 29 10124 205 7981 0 0
89 92 10137 240 33695 0 0
77 103 10123 220 6936 0 0
59 79 10133 205 10707 0 0
21 126 10110 218 14178 0 0
8 43 10120 215 4338 0 0
88 2 10116 231 1601 0 0
19 124 10114 233 6142 0 0
23 38 10134 211 46200 0 0
11 8 10109 242 5287 0 0
51 97 10122 232 25614 0 0
50 107 10117 215 837 0 0
53 76 10118 214 15079 0 0
94 109 10107 202 10668 0 0
46 111 10122 220 8240 0 0
56 64 10112 221 1470 0 0
86 99 10123 222 112414 0 0
81 97 10105 233 7851 0 0
120 127 10118 234 129 0 0
124 102 10114 213 2959 0 0
31 108 10123 229 7503 0 0
48 74 10058 155 1904581 0 0
33 97 10128 234 4741 0 0
95 31 10125 224 7447 0 0
51 99 10124 223 4039 0 0
102 98 10121 219 853 0 0
1 101 10107 231 1979 0 0
125 110 10117 218 8270 0 0
42 8 10118 241 2410 0 0
117 120 10120 219 2358 0 0
106 110 10115 219 2198 0 0
25 7 10105 240 4172 0 0
32 38 10114 212 8111 0 0
61 54 10088 185 1824227 0 0
91 39 10096 218 4581 0 0
84 31 10131 225 6839 0 0
112 65 10137 203 10573 0 0
23 19 10136 214 2624 0 0
18 11 10137 208 1951 0 0
4 42 10117 226 6725 0 0
26 82 10141 206 2230 0 0
124 65 10115 204 7615 0 0
20 44 10123 229 5144 0 0
42 100 10117 229 66525 0 0
126 66 10131 213 119831 0 0
91 90 10097 220 6833 0 0
31 66 10124 214 1458 0 0
100 0 10105 220 5560 0 0
125 103 10118 221 7593 0 0
95 103 10126 222 7129 0 0
9 28 10108 213 4283 0 0
76 19 10122 212 10635 0 0
26 32 10142 232 6961 0 0
126 97 10133 235 7084 0 0
95 112 10127 213 2144 0 0
114 24 10119 194 3711 0 0
18 101 10138 232 5907 0 0
45 0 10105 221 5191 0 0
67 76 10115 215 4597 0 0
96 3 10134 200 3399 0 0
57 17 10128 236 1998 0 0
78 97 10115 236 7608 0 0
43 4 10106 208 4525 0 0
122 43 10109 216 5783 0 0
93 36 10131 228 5037 0 0
111 75 10134 218 198 0 0
43 92 10105 242 4934 0 0
44 3 10128 198 15924 0 0
95 90 10128 221 18785 0 0
102 19 10122 213 5177 0 0
126 43 10132 217 2824 0 0
58 84 10118 209 45536 0 0
113 55 10110 213 4532 0 0
22 74 10110 208 54047 0 0
66 3 10114 201 4126 0 0
53 5 10119 207 5631 0 0
20 61 10124 200 18707 0 0
25 43 10062 173 1045212 0 0
29 120 10117 220 5685 0 0
82 108 10114 230 3886 0 0
46 127 10124 235 5882 0 0
87 61 10118 201 6881 0 0
45 54 10106 214 11387 0 0
33 63 10129 213 7313 0 0
2 98 10119 221 4767 0 0
94 74 10108 209 24566 0 0
50 66 10118 215 2870 0 0
72 27 10110 201 7249 0 0
71 116 10123 224 4663 0 0
121 16 10122 220 5848 0 0
97 40 10115 216 272 0 0
112 58 10138 230 4263 0 0
65 90 10104 222 2849 0 0
55 65 10124 205 7772 0 0
34 17 10114 237 3681 0 0
1 89 10108 218 7339 0 0
57 14 10129 226 15866 0 0
20 57 10125 225 12846 0 0
63 26 10135 224 13279 0 0
83 42 10116 227 13289 0 0
105 26 10142 225 2038 0 0
104 30 10132 220 4164 0 0
93 98 10132 222 3431 0 0
69 30 10108 219 4112 0 0
29 63 10116 214 13899 0 0
108 19 10128 215 7155 0 0
0 58 10126 232 5289 0 0
17 93 10103 215 3518 0 0
36 42 10114 229 7436 0 0
71 45 10125 196 11022 0 0
5 0 10112 223 4723 0 0
108 27 10127 203 7402 0 0
46 38 10125 213 3405 0 0
20 73 10126 214 6471 0 0
25 95 10107 233 2932 0 0
96 24 10136 195 434 0 0
82 27 10113 200 61230 0 0
48 47 10117 233 16775 0 0
108 19 10129 216 4337 0 0
60 92 10111 241 39095 0 0
84 46 10134 225 1135 0 0
20 30 10128 221 6761 0 0
88 91 10117 221 6491 0 0
55 56 10126 224 4501 0 0
58 54 10123 215 3853 0 0
55 127 10125 236 4064 0 0
17 55 10105 214 4590 0 0
63 50 10134 228 127743 0 0
40 47 10138 234 4072 0 0
25 5 10108 208 420 0 0
71 36 10124 229 22426 0 0
21 49 10112 205 5222 0 0
54 86 10115 224 7329 0 0
71 49 10127 206 3851 0 0
123 116 10112 226 7024 0 0
8 117 10122 202 3209 0 0
118 100 10107 230 6518 0 0
110 53 10117 221 6971 0 0
124 23 10117 227 4311 0 0
42 121 10119 222 20910 0 0
34 6 10115 219 6379 0 0
52 39 10101 219 7691 0 0
20 99 10127 224 8730 0 0
17 115 10104 224 1060 0 0
66 68 10115 242 11283 0 0
113 26 10111 227 6855 0 0
35 49 10136 207 769 0 0
86 48 10126 214 4733 0 0
71 12 10126 233 8584 0 0
9 7 10109 241 7421 0 0
56 54 10114 216 6727 0 0
66 78 10116 231 7651 0 0
102 62 10123 223 7278 0 0
69 93 10109 216 17106 0 0
38 62 10122 222 1941 0 0
84 57 10133 224 53703 0 0
16 68 10127 241 1843 0 0
91 95 10098 234 5225 0 0
14 34 10118 210 7956 0 0
71 70 10130 218 6998 0 0
76 6 10124 220 4248 0 0
16 121 10126 223 6843 0 0
102 1 10124 227 274 0 0
87 27 10119 204 15267 0 0
89 79 10138 206 7214 0 0
32 39 10116 220 3953 0 0
41 34 10124 211 4018 0 0
28 12 10127 235 4571 0 0
27 32 10112 234 6745 0 0
52 51 10102 208 7383 0 0
112 36 10140 230 16982 0 0
75 64 10137 223 4375 0 0
10 17 10130 239 5649 0 0
1 18 10109 222 18020 0 0
40 1 10139 228 631 0 0
58 0 10124 224 2899 0 0
6 113 10125 220 6114 0 0
23 36 10138 231 19675 0 0
1 111 10110 221 4661 0 0
103 113 10112 221 7622 0 0
121 120 10123 222 62282 0 0
71 19 10128 217 5387 0 0
99 85 10115 207 27605 0 0
67 65 10117 208 6379 0 0
117 33 10121 220 11542 0 0
88 112 10118 215 4717 0 0
18 9 10139 208 7893 0 0
113 61 10112 203 737 0 0
70 24 10135 196 12963 0 0
106 104 10118 206 6603 0 0
116 65 10108 206 5674 0 0
19 124 10118 235 6091 0 0
12 11 10130 211 3639 0 0
74 55 10117 215 4064 0 0
96 13 10135 194 115896 0 0
61 127 10132 237 2910 0 0
91 82 10099 207 4647 0 0
33 29 10130 207 21823 0 0
90 93 10130 217 108666 0 0
37 27 10109 205 216 0 0
106 54 10117 219 4700 0 0
71 52 10129 230 6569 0 0
32 42 10117 230 2170 0 0
126 115 10134 225 15194 0 0
119 65 10119 207 6246 0 0
14 102 10119 214 2624 0 0
20 8 10130 243 7623 0 0
73 11 10134 210 4551 0 0
8 73 10117 210 258145 0 0
55 123 10127 236 208 0 0
98 54 10129 217 9267 0 0
8 17 10123 238 12545 0 0
86 32 10127 235 7681 0 0
39 107 10111 217 23912 0 0
74 19 10118 218 7722 0 0
80 19 10111 219 5613 0 0
11 77 10113 234 1633 0 0
87 56 10120 225 2772 0 0
112 75 10141 219 6486 0 0
59 54 10137 222 7390 0 0
108 37 10131 210 1162 0 0
60 63 10112 215 5812 0 0
59 98 10134 223 12075 0 0
84 97 10135 237 2691 0 0
103 75 10113 220 727 0 0
120 87 10119 229 7884 0 0
39 105 10112 201 4953 0 0
58 18 10126 223 2959 0 0
55 90 10129 223 5507 0 0
85 29 10112 209 5378 0 0
59 102 10135 215 6563 0 0
20 61 10131 204 1479 0 0
47 71 10126 226 760 0 0
24 120 10107 223 12920 0 0
117 68 10122 243 1313 0 0
77 57 10125 227 6498 0 0
38 0 10123 225 5422 0 0
31 69 10126 209 3198 0 0
33 41 10132 212 6983 0 0
44 88 10129 235 5538 0 0
119 24 10120 197 29873 0 0
50 78 10119 232 21740 0 0
75 107 10138 218 7919 0 0
96 103 10137 223 1203 0 0
38 28 10124 214 6502 0 0
13 18 10091 224 4840 0 0
61 17 10133 241 785 0 0
58 114 10125 221 9450 0 0
40 18 10140 225 4661 0 0
55 14 10128 227 7711 0 0
63 34 10136 212 6799 0 0
83 85 10117 208 62168 0 0
82 54 10115 223 5847 0 0
97 106 10116 208 6802 0 0
57 106 10132 207 4546 0 0
40 77 10141 235 15779 0 0
41 37 10125 211 1041 0 0
90 113 10131 223 7718 0 0
125 124 10074 194 1504514 0 0
13 61 10090 205 11793 0 0
47 71 10127 227 491 0 0
97 107 10118 219 2980 0 0
40 111 10142 222 6881 0 0
1 72 10111 223 3070 0 0
102 1 10126 229 6106 0 0
44 99 10130 226 3501 0 0
3 6 10106 221 3953 0 0
97 103 10117 224 31379 0 0
59 121 10136 225 1669 0 0
66 88 10118 236 2449 0 0
37 93 10110 218 3124 0 0
91 8 10100 244 5094 0 0
58 118 10121 221 124725 0 0
91 32 10101 236 6649 0 0
89 7 10140 242 7518 0 0
43 112 10107 214 219400 0 0
111 59 10135 219 3802 0 0
103 60 10115 230 6858 0 0
105 112 10143 216 1009 0 0
94 74 10109 210 4407 0 0
42 5 10121 209 6575 0 0
125 63 10119 216 5877 0 0
76 104 10125 207 6073 0 0
50 12 10120 236 6915 0 0
54 0 10117 227 4063 0 0
45 93 10107 219 7314 0 0
57 73 10133 215 4540 0 0
92 96 10118 216 5134 0 0
54 75 10116 222 7309 0 0
19 125 10119 234 6952 0 0
42 39 10123 221 6167 0 0
86 3 10128 203 6622 0 0
94 51 10110 210 1387 0 0
28 127 10128 238 365 0 0
107 68 10119 244 4697 0 0
74 17 10119 242 5386 0 0
48 73 10118 216 11559 0 0
55 0 10130 228 6943 0 0
113 72 10113 224 5046 0 0
121 11 10124 212 13342 0 0
69 105 10110 203 6543 0 0
67 18 10118 226 47233 0 0
75 11 10139 213 3793 0 0
65 55 10106 216 7552 0 0
0 57 10128 228 7634 0 0
53 47 10121 235 1124 0 0
53 116 10120 227 97235 0 0
62 14 10127 228 6778 0 0
41 118 10126 223 1927 0 0
92 3 10119 204 5239 0 0
126 95 10135 236 795 0 0
32 64 10118 226 7474 0 0
120 1 10121 230 2823 0 0
14 52 10120 231 7567 0 0
104 54 10134 224 10 0 0
5 111 10113 223 4905 0 0
118 55 10108 217 4349 0 0
100 64 10106 227 7930 0 0
1 56 10112 226 5434 0 0
89 25 10141 229 4800 0 0
102 116 10128 228 1538 0 0
29 113 10118 224 4661 0 0
113 93 10114 220 977 0 0
19 81 10120 231 6910 0 0
83 81 10120 233 4133 0 0
42 22 10122 207 54081 0 0
45 23 10108 228 1598 0 0
41 13 10127 196 7038 0 0
110 122 10119 215 1016 0 0
71 123 10131 237 3025 0 0
86 94 10129 212 28801 0 0
105 109 10145 204 4509 0 0
69 106 10111 209 5835 0 0
94 52 10111 232 375 0 0
76 37 10123 208 113567 0 0
24 70 10108 219 5060 0 0
104 81 10135 232 1295 0 0
36 12 10115 237 7380 0 0
127 111 10118 224 10382 0 0
114 108 10122 231 5861 0 0
122 24 10111 198 1875 0 0
115 16 10115 221 8520 0 0
102 106 10129 210 25289 0 0
93 67 10133 228 15550 0 0
83 56 10118 227 15516 0 0
49 55 10132 219 3651 0 0
39 35 10113 211 1763 0 0
111 120 10136 225 6856 0 0
67 86 10119 225 4648 0 0
0 17 10129 243 4941 0 0
38 69 10126 210 7828 0 0
9 105 10110 204 1573 0 0
62 30 10128 222 7821 0 0
69 8 10112 245 7155 0 0
78 100 10117 231 4390 0 0
32 1 10119 231 170 0 0
28 2 10130 233 11671 0 0
15 71 10136 228 29628 0 0
38 126 10127 221 5458 0 0
108 17 10132 244 2780 0 0
10 84 10131 213 4580 0 0
34 42 10116 232 2894 0 0
43 77 10109 236 287 0 0
19 14 10121 229 343 0 0
79 104 10123 209 285 0 0
92 68 10120 245 28374 0 0
122 55 10112 218 772 0 0
120 91 10122 222 794 0 0
30 10 10111 231 4726 0 0
32 15 10120 237 9293 0 0
125 116 10120 229 5008 0 0
31 2 10127 234 2030 0 0
1 16 10113 222 10040 0 0
51 50 10127 229 1802 0 0
47 117 10128 203 4603 0 0
95 36 10132 232 21786 0 0
93 51 10134 211 11372 0 0
102 8 10130 246 7918 0 0
110 58 10118 233 58259 0 0
121 9 10126 210 5848 0 0
10 62 10132 225 7956 0 0
85 60 10113 231 4740 0 0
13 12 10093 238 11575 0 0
18 83 10141 220 7261 0 0
57 124 10134 238 6293 0 0
83 54 10119 225 30428 0 0
27 57 10116 229 3242 0 0
118 76 10110 219 6862 0 0
123 5 10113 210 4784 0 0
65 118 10107 225 14104 0 0
29 122 10119 217 10450 0 0
114 104 10124 208 25066 0 0
110 53 10120 222 3316 0 0
69 20 10113 217 7023 0 0
127 89 10119 221 5888 0 0
106 25 10113 227 874524 0 0
60 29 10113 212 722 0 0
89 58 10143 235 861 0 0
49 53 10135 225 1923 0 0
103 101 10116 235 18783 0 0
83 56 10121 228 10535 0 0
74 22 10121 208 27567 0 0
76 120 10126 226 398 0 0
99 104 10116 210 77457 0 0
23 11 10139 214 2866 0 0
93 59 10135 220 5893 0 0
101 89 10143 223 1588 0 0
123 126 10114 222 1045 0 0
74 107 10122 220 4648 0 0
34 33 10118 223 2036 0 0
27 89 10115 222 6735 0 0
34 38 10117 215 7504 0 0
38 87 10128 231 10604 0 0
84 65 10137 209 7369 0 0
114 0 10127 231 7424 0 0
49 7 10134 243 4197 0 0
17 66 10106 217 7684 0 0
49 9 10131 209 119533 0 0
117 112 10125 217 43 0 0
61 105 10134 205 6617 0 0
28 121 10132 227 5996 0 0
78 84 10119 214 3366 0 0
60 113 10114 226 751 0 0
87 83 10049 149 1331107 0 0
79 123 10124 238 6686 0 0
96 104 10140 211 6491 0 0
33 93 10134 221 76 0 0
26 22 10144 209 5361 0 0
92 12 10121 239 4127 0 0
69 42 10114 233 4218 0 0
101 70 10144 220 34973 0 0
82 78 10118 233 128 0 0
85 31 10114 229 5857 0 0
120 127 10123 239 63860 0 0
42 40 10124 218 2273 0 0
62 106 10129 211 1288 0 0
87 124 10121 239 7491 0 0
120 25 10124 230 3587 0 0
50 27 10121 206 6633 0 0
46 64 10127 229 1959 0 0
29 119 10120 240 5963 0 0
40 44 10147 231 10478 0 0
21 116 10114 230 5322 0 0
4 16 10119 223 3848 0 0
24 127 10109 241 3433 0 0
28 20 10133 219 31160 0 0
58 114 10127 222 88282 0 0
26 67 10143 229 11237 0 0
31 97 10128 240 3340 0 0
93 88 10137 237 6915 0 0
12 40 10133 217 15853 0 0
81 74 10108 211 14322 0 0
54 24 10121 201 38877 0 0
59 15 10138 239 28863 0 0
74 99 10120 227 112963 0 0
117 12 10124 240 7761 0 0
28 110 10131 220 31984 0 0
125 114 10121 224 4718 0 0
40 24 10146 202 4181 0 0
40 67 10145 230 5804 0 0
75 61 10140 206 5577 0 0
44 75 10132 223 7331 0 0
8 44 10124 230 487 0 0
88 32 10120 237 5962 0 0
55 90 10131 225 2820 0 0
71 59 10132 221 3058 0 0
65 111 10108 225 280 0 0
89 84 10144 215 4946 0 0
93 123 10136 239 7161 0 0
112 75 10143 224 6709 0 0
65 97 10109 241 201 0 0
44 10 10131 232 103437 0 0
37 109 10111 205 157 0 0
75 67 10141 231 2862 0 0
69 71 10115 229 3383 0 0
88 93 10119 222 108936 0 0
9 42 10111 234 13244 0 0
45 112 10110 218 15738 0 0
104 127 10136 242 2613 0 0
125 47 10122 237 528 0 0
102 12 10132 242 1701 0 0
63 30 10137 224 6968 0 0
34 120 10119 227 2657 0 0
83 11 10122 215 2335 0 0
66 41 10119 213 7997 0 0
45 125 10111 235 2809 0 0
13 122 10094 218 1082 0 0
47 9 10129 211 6274 0 0
36 32 10119 239 5328 0 0
49 115 10133 228 2483 0 0
11 42 10117 235 29411 0 0
35 36 10139 233 5665 0 0
119 34 10122 214 7935 0 0
33 8 10135 248 3234 0 0
51 29 10129 213 3898 0 0
54 90 10120 226 4038 0 0
111 68 10139 247 5584 0 0
90 17 10133 245 5534 0 0
40 57 10148 230 205 0 0
64 110 10121 221 99856 0 0
58 12 10128 241 17331 0 0
94 52 10112 233 48054 0 0
66 33 10120 225 12760 0 0
10 3 10135 205 24234 0 0
13 66 10092 216 90504 0 0
68 11 10125 217 3893 0 0
98 7 10130 245 3642 0 0
77 93 10127 223 5304 0 0
41 38 10128 216 2853 0 0
62 5 10131 211 14779 0 0
87 95 10122 240 7150 0 0
27 79 10117 207 2545 0 0
21 7 10115 244 14787 0 0
35 108 10137 232 951 0 0
62 90 10130 227 3933 0 0
121 24 10128 203 5568 0 0
23 11 10140 216 31825 0 0
77 22 10126 210 30569 0 0
115 50 10116 231 1299 0 0
20 19 10133 222 6599 0 0
75 20 10142 220 6713 0 0
115 114 10117 225 2736 0 0
3 68 10108 249 7709 0 0
126 63 10138 218 6265 0 0
102 56 10131 229 97987 0 0
83 82 10123 209 5496 0 0
96 63 10141 219 7625 0 0
95 0 10133 232 2826 0 0
22 84 10112 217 4758 0 0
107 127 10121 243 16245 0 0
126 8 10137 247 31040 0 0
22 88 10113 238 4029 0 0
36 85 10116 210 769 0 0
25 44 10109 232 1299 0 0
52 119 10103 241 4019 0 0
6 51 10127 212 4582 0 0
82 60 10119 232 4077 0 0
4 95 10120 239 5320 0 0
62 33 10132 227 6530 0 0
97 75 10119 225 1662 0 0
36 59 10120 222 5973 0 0
39 89 10114 224 14849 0 0
28 78 10134 235 6612 0 0
30 71 10112 230 12199 0 0
58 108 10108 219 1092439 0 0
78 19 10120 221 7135 0 0
37 50 10113 232 6064 0 0
25 42 10110 236 5924 0 0
97 39 10120 222 1805 0 0
86 13 10130 199 4227 0 0
12 63 10135 220 7040 0 0
23 122 10141 219 942 0 0
36 86 10118 227 7670 0 0
42 117 10125 205 5691 0 0
78 38 10121 217 483 0 0
12 102 10134 219 109812 0 0
97 104 10122 213 7739 0 0
123 76 10117 221 1107 0 0
30 36 10114 234 5066 0 0
31 43 10130 218 5192 0 0
29 37 10121 215 4882 0 0
69 66 10116 218 5802 0 0
110 15 10121 240 2438 0 0
114 70 10128 221 26768 0 0
72 100 10112 232 5206 0 0
41 108 10129 233 106 0 0
14 2 10123 236 6646 0 0
51 79 10130 208 5009 0 0
22 114 10114 226 5143 0 0
71 45 10134 198 5412 0 0
108 39 10135 223 1475 0 0
56 80 10118 235 4449 0 0
46 63 10131 221 158 0 0
28 59 10135 223 7416 0 0
71 105 10133 207 3551 0 0
65 34 10111 215 6327 0 0
115 119 10118 243 20666 0 0
89 65 10145 210 2128 0 0
64 76 10122 222 21957 0 0
46 111 10130 227 6874 0 0
102 110 10133 222 26068 0 0
58 57 10130 231 11738 0 0
9 39 10089 193 1243543 0 0
22 27 10115 207 2853 0 0
82 44 10121 234 16400 0 0
11 20 10118 221 23567 0 0
50 41 10122 214 97388 0 0
34 71 10120 231 5545 0 0
114 81 10129 234 2437 0 0
12 96 10137 217 3420 0 0
72 68 10113 250 5992 0 0
113 117 10115 206 114956 0 0
105 75 10146 226 5998 0 0
58 45 10129 199 6353 0 0
5 125 10119 236 1070 0 0
42 41 10095 194 1345600 0 0
127 88 10120 239 3009 0 0
95 3 10134 207 14219 0 0
18 7 10142 246 5621 0 0
5 17 10118 246 5823 0 0
61 62 10137 229 4677 0 0
37 7 10114 247 4595 0 0
35 52 10138 234 62608 0 0
118 114 10113 227 7842 0 0
27 85 10118 212 1745 0 0
116 62 10109 228 5624 0 0
65 111 10110 228 7834 0 0
3 42 10109 237 2054 0 0
58 126 10122 219 250679 0 0
29 87 10122 232 4583 0 0
74 60 10123 234 6465 0 0
118 65 10112 211 2372 0 0
114 102 10130 220 5063 0 0
70 40 10138 219 30608 0 0
48 50 10121 233 4636 0 0
54 62 10122 231 5578 0 0
58 57 10131 232 5903 0 0
25 75 10111 227 907 0 0
94 7 10114 248 1621 0 0
94 72 10113 227 2522 0 0
17 36 10107 235 11919 0 0
20 119 10134 244 5804 0 0
52 75 10105 228 1534 0 0
85 48 10117 215 4482 0 0
85 34 10118 216 258 0 0
40 108 10149 235 4702 0 0
55 69 10132 212 4049 0 0
90 43 10135 219 1271 0 0
67 119 10120 245 2060 0 0
49 58 10136 237 6173 0 0
86 51 10132 214 76 0 0
19 78 10123 236 20240 0 0
50 66 10124 220 2909 0 0
26 20 10146 222 271 0 0
107 60 10122 235 17116 0 0
35 11 10141 218 1751 0 0
18 97 10143 242 481 0 0
53 54 10124 227 5859 0 0
45 15 10112 241 17970 0 0
107 84 10120 216 53271 0 0
0 26 10130 229 225001 0 0
4 19 10122 223 44503 0 0
116 39 10110 224 3464 0 0
30 28 10115 215 79775 0 0
115 56 10120 233 3960 0 0
69 77 10117 237 1001 0 0
103 67 10117 232 12696 0 0
13 51 10095 215 1686 0 0
0 94 10131 213 2493 0 0
95 6 10135 222 4296 0 0
120 30 10125 226 7223 0 0
1 84 10114 218 6625 0 0
77 91 10128 223 5107 0 0
7 124 10121 240 6910 0 0
31 109 10131 206 6480 0 0
117 48 10126 216 26079 0 0
103 38 10118 218 4093 0 0
34 71 10121 232 17410 0 0
17 45 10108 200 5366 0 0
85 118 10120 226 5711 0 0
81 43 10109 220 14355 0 0
53 98 10107 208 1889004 0 0
95 93 10136 225 11620 0 0
50 81 10125 235 134 0 0
73 13 10137 200 782 0 0
87 26 10123 230 6870 0 0
41 36 10131 236 1490 0 0
124 89 10119 225 5675 0 0
79 66 10127 222 2154 0 0
76 71 10091 191 1780635 0 0
74 8 10126 249 7137 0 0
27 113 10119 228 1259 0 0
85 104 10119 214 5239 0 0
83 17 10124 247 6634 0 0
68 49 10124 211 15028 0 0
109 126 10126 224 7437 0 0
93 108 10139 237 2392 0 0
92 59 10124 225 4444 0 0
16 19 10130 224 7375 0 0
93 67 10138 234 10927 0 0
80 111 10113 229 19519 0 0
46 5 10135 212 1295 0 0
99 24 10117 204 4165 0 0
96 80 10142 236 4326 0 0
46 68 10133 251 27112 0 0
84 33 10138 228 29268 0 0
16 26 10132 231 1001 0 0
9 112 10113 220 661 0 0
36 60 10121 236 2807 0 0
56 126 10120 225 43684 0 0
12 52 10139 235 5045 0 0
46 116 10134 231 7386 0 0
65 73 10112 219 4494 0 0
75 62 10144 230 76106 0 0
56 47 10121 238 368 0 0
12 6 10141 223 6963 0 0
54 104 10123 215 5357 0 0
100 125 10107 237 6716 0 0
23 49 10142 213 770 0 0
44 93 10133 226 7650 0 0
8 57 10125 233 6684 0 0
82 0 10122 233 9239 0 0
12 122 10138 221 6741 0 0
77 3 10129 208 28266 0 0
61 21 10138 221 18901 0 0
115 29 10121 214 2893 0 0
67 121 10121 231 2408 0 0
122 50 10113 234 5528 0 0
32 85 10121 214 9217 0 0
124 13 10120 201 29181 0 0
10 98 10136 229 5099 0 0
93 127 10140 244 6427 0 0
9 46 10114 227 6356 0 0
118 98 10115 228 6074 0 0
46 87 10136 233 7744 0 0
16 37 10131 216 47 0 0
127 52 10124 236 6718 0 0
75 48 10146 218 6947 0 0
110 98 10123 227 18139 0 0
82 96 10123 219 633 0 0
76 55 10127 221 7471 0 0
53 65 10125 212 2645 0 0
15 55 10139 222 6965 0 0
13 94 10096 215 5797 0 0
44 32 10134 240 2881 0 0
31 26 10099 192 1031392 0 0
26 17 10147 249 3226 0 0
16 74 10133 213 5179 0 0
1 35 10115 212 7309 0 0
105 3 10148 209 24069 0 0
41 78 10132 237 5226 0 0
33 40 10139 221 7759 0 0
75 123 10145 241 6635 0 0
89 25 10146 231 6280 0 0
50 38 10126 219 1561 0 0
30 81 10116 236 7684 0 0
120 43 10126 221 1937 0 0
73 52 10139 237 472 0 0
105 67 10149 235 5898 0 0
73 34 10138 217 12799 0 0
67 98 10122 230 2645 0 0
85 108 10121 238 7319 0 0
35 26 10143 232 7857 0 0
64 93 10124 227 28975 0 0
117 7 10127 249 7819 0 0
100 60 10108 237 7353 0 0
65 62 10113 233 7246 0 0
15 1 10140 234 4569 0 0
39 12 10117 243 255 0 0
69 37 10118 217 7424 0 0
42 33 10128 229 6511 0 0
81 34 10110 218 996 0 0
86 61 10133 207 933 0 0
96 48 10143 219 6749 0 0
63 76 10140 223 26792 0 0
77 107 10131 224 1649 0 0
119 30 10124 227 553 0 0
119 59 10123 224 197989 0 0
3 53 10111 227 6554 0 0
101 42 10145 238 743 0 0
26 58 10145 238 107184 0 0
113 36 10117 237 6260 0 0
78 26 10125 233 4862 0 0
26 112 10148 221 6519 0 0
35 4 10142 209 30687 0 0
24 35 10112 213 5544 0 0
66 54 10121 228 5807 0 0
77 71 10132 233 6815 0 0
98 69 10133 215 1352 0 0
52 115 10104 230 945 0 0
77 38 10130 220 30462 0 0
50 88 10128 243 254 0 0
27 99 10121 230 20013 0 0
110 112 10122 219 96405 0 0
28 37 10136 218 4378 0 0
97 88 10124 242 5845 0 0
36 98 10123 231 4930 0 0
121 87 10130 234 2389 0 0
30 70 10117 224 1812 0 0
127 126 10126 226 1100 0 0
52 123 10107 243 765 0 0
97 110 10125 225 10419 0 0
17 72 10109 228 2709 0 0
83 100 10125 234 6175 0 0
14 36 10126 238 3169 0 0
98 66 10134 221 12743 0 0
50 41 10127 217 19952 0 0
38 65 10132 213 525 0 0
125 48 10124 217 31889 0 0
113 124 10119 242 6155 0 0
19 61 10127 208 5473 0 0
83 41 10126 218 9786 0 0
117 81 10128 237 7222 0 0
127 50 10125 235 149 0 0
78 106 10123 215 13789 0 0
11 110 10119 224 3486 0 0
27 68 10120 252 7510 0 0
121 15 10129 242 6691 0 0
52 72 10108 229 3027 0 0
82 50 10124 236 1840 0 0
26 61 10150 209 4070 0 0
12 64 10136 232 13140 0 0
108 5 10137 214 1819 0 0
21 70 10116 226 2700 0 0
39 73 10119 221 7239 0 0
13 56 10097 235 26440 0 0
67 69 10123 217 6207 0 0
58 54 10114 213 758979 0 0
80 13 10114 203 3810 0 0
49 125 10140 238 4231 0 0
12 30 10142 228 5582 0 0
56 13 10122 202 3093 0 0
49 121 10138 232 7165 0 0
123 95 10118 242 4999 0 0
32 124 10124 241 7726 0 0
86 31 10134 230 1988 0 0
9 4 10091 184 1495706 0 0
49 48 10139 220 41382 0 0
20 115 10135 231 4218 0 0
109 49 10127 214 3963 0 0
0 73 10132 222 10279 0 0
12 115 10140 232 1810 0 0
20 119 10136 247 2069 0 0
28 68 10137 253 7707 0 0
127 119 10127 248 1963 0 0
1 44 10117 236 1866 0 0
111 97 10141 243 6761 0 0
49 3 10142 210 1981 0 0
16 90 10134 229 21046 0 0
93 119 10141 246 3409 0 0
107 73 10123 220 12716 0 0
52 34 10109 219 15374 0 0
36 86 10124 228 7387 0 0
30 23 10119 229 26444 0 0
62 80 10070 171 1140127 0 0
87 16 10126 224 3994 0 0
100 34 10109 220 916 0 0
7 60 10122 238 6057 0 0
61 44 10139 237 392 0 0
97 77 10126 239 33835 0 0
48 89 10122 226 142723 0 0
104 17 10138 250 2486 0 0
118 61 10116 210 6082 0 0
60 95 10116 243 7880 0 0
61 48 10140 222 4533 0 0
127 126 10128 228 5967 0 0
118 15 10117 243 4406 0 0
21 84 10117 221 7974 0 0
82 52 10125 238 1572 0 0
49 122 10141 223 8676 0 0
19 33 10128 230 3045 0 0
25 41 10113 219 5384 0 0
25 116 10114 232 4885 0 0
37 70 10115 227 27979 0 0
20 28 10137 216 5701 0 0
31 92 10129 245 12657 0 0
34 96 10122 221 7670 0 0
32 42 10125 239 59109 0 0
60 75 10118 229 12149 0 0
112 50 10146 237 638 0 0
66 49 10122 215 4722 0 0
31 83 10133 223 1346 0 0
50 20 10129 224 6565 0 0
35 116 10144 233 736 0 0
59 36 10142 240 28345 0 0
115 86 10122 230 4654 0 0
4 18 10125 228 4664 0 0
33 15 10140 244 6466 0 0
82 48 10126 221 4492 0 0
31 118 10132 227 489 0 0
43 106 10111 216 6047 0 0
122 90 10114 230 4685 0 0
2 38 10126 221 25702 0 0
65 94 10115 217 38980 0 0
27 116 10122 234 1650 0 0
112 3 10147 211 7492 0 0
98 49 10136 216 7992 0 0
114 78 10131 238 2271 0 0
79 92 10126 246 4703 0 0
112 84 10145 220 6006 0 0
34 127 10123 245 11929 0 0
18 0 10144 235 81 0 0
29 40 10125 222 3965 0 0
16 30 10129 225 616348 0 0
41 117 10133 207 2216 0 0
13 4 10099 211 7352 0 0
100 56 10110 237 6484 0 0
10 18 10137 229 1163 0 0
98 97 10137 244 6106 0 0
60 5 10119 215 4746 0 0
23 109 10143 207 1604 0 0
121 81 10132 239 7009 0 0
110 42 10124 240 12465 0 0
29 47 10124 239 4856 0 0
22 73 10116 223 1348 0 0
112 125 10150 240 2795 0 0
3 121 10112 235 947 0 0
44 104 10135 216 7347 0 0
35 22 10145 211 7799 0 0
97 61 10127 211 6785 0 0
64 58 10125 239 11767 0 0
9 94 10115 218 4729 0 0
60 43 10117 224 75222 0 0
63 102 10142 222 11093 0 0
111 50 10142 238 2780 0 0
52 54 10111 229 11700 0 0
101 63 10147 222 2324 0 0
126 109 10139 208 6863 0 0
25 83 10116 224 31723 0 0
83 3 10128 212 7473 0 0
9 86 10116 233 40 0 0
92 74 10125 214 12543 0 0
83 126 10127 229 13669 0 0
32 4 10127 212 7537 0 0
32 84 10126 222 5508 0 0
30 107 10120 225 3567 0 0
127 59 10129 226 5922 0 0
0 4 10133 213 7640 0 0
24 20 10113 227 7951 0 0
77 86 10135 232 5301 0 0
60 21 10121 222 14819 0 0
98 49 10138 217 15768 0 0
13 125 10098 239 7849 0 0
108 88 10138 244 6162 0 0
116 56 10112 239 15383 0 0
41 118 10135 230 7213 0 0
81 8 10112 252 4352 0 0
94 109 10116 210 3279 0 0
71 105 10136 210 6010 0 0
14 71 10127 235 6120 0 0
53 3 10127 214 12895 0 0
88 110 10122 227 3522 0 0
125 122 10125 225 3459 0 0
73 80 10140 237 6890 0 0
63 54 10144 231 4819 0 0
25 16 10115 225 116742 0 0
19 73 10129 224 8616 0 0
62 28 10134 218 5991 0 0
8 57 10126 234 2399 0 0
102 103 10135 228 6673 0 0
8 65 10127 215 1083 0 0
55 28 10136 217 49168 0 0
91 70 10103 228 7165 0 0
1 123 10118 245 3384 0 0
6 26 10128 234 2155 0 0
69 87 10120 235 7431 0 0
121 54 10133 230 884 0 0
64 69 10128 219 7299 0 0
96 25 10144 233 5190 0 0
16 126 10135 227 10951 0 0
90 91 10137 225 6920 0 0
1 110 10082 187 1970576 0 0
33 42 10141 241 37610 0 0
109 79 10128 211 30682 0 0
39 51 10120 216 65899 0 0
4 122 10124 224 5895 0 0
26 17 10154 252 9509 0 0
19 64 10125 233 4493 0 0
25 82 10117 210 3423 0 0
39 41 10122 220 5144 0 0
124 12 10123 245 6591 0 0
25 28 10119 220 809 0 0
105 3 10151 213 98928 0 0
15 77 10141 241 59 0 0
34 69 10124 218 5642 0 0
36 99 10125 232 6921 0 0
17 75 10111 230 5964 0 0
98 70 10139 229 4920 0 0
46 78 10138 239 3019 0 0
112 28 10151 219 10790 0 0
111 93 10143 229 4612 0 0
34 44 10125 239 6027 0 0
124 53 10125 229 1046 0 0
81 100 10114 235 5342 0 0
1 57 10119 235 6503 0 0
77 90 10136 231 108180 0 0
119 116 10126 236 1864 0 0
84 94 10141 219 3639 0 0
37 29 10117 217 5138 0 0
31 46 10135 228 6148 0 0
103 71 10119 236 7854 0 0
66 116 10124 235 5577 0 0
125 77 10126 240 4450 0 0
87 114 10127 229 9749 0 0
64 29 10127 216 22172 0 0
14 83 10128 226 256 0 0
126 3 10140 215 5569 0 0
71 123 10137 246 375 0 0
56 16 10123 226 112641 0 0
22 6 10117 224 58626 0 0
125 104 10127 217 238 0 0
37 91 10118 226 6701 0 0
35 62 10146 234 3357 0 0
115 126 10124 231 3605 0 0
4 124 10126 243 5386 0 0
25 16 10118 228 21233 0 0
66 124 10125 245 4368 0 0
91 126 10104 230 11755 0 0
31 40 10136 225 7994 0 0
90 59 10139 227 3728 0 0
92 36 10126 241 7306 0 0
63 120 10145 230 6870 0 0
37 84 10119 223 5675 0 0
87 83 10129 227 4247 0 0
30 64 10118 234 14794 0 0
94 12 10117 246 6584 0 0
108 19 10139 226 3263 0 0
77 63 10137 223 4815 0 0
16 127 10136 246 415 0 0
71 69 10139 221 223 0 0
7 23 10123 230 7274 0 0
8 53 10128 228 24733 0 0
101 97 10149 245 20936 0 0
64 31 10129 231 27888 0 0
22 119 10118 250 1032 0 0
71 124 10138 246 6623 0 0
75 125 10149 241 2116 0 0
51 16 10133 227 21194 0 0
92 75 10127 232 4194 0 0
17 96 10112 223 12653 0 0
127 65 10130 216 6174 0 0
89 120 10147 231 1983 0 0
121 56 10134 240 7994 0 0
111 85 10144 217 6342 0 0
20 27 10139 208 4946 0 0
61 51 10141 218 3528 0 0
54 64 10124 235 7152 0 0
111 93 10145 230 7793 0 0
41 115 10134 234 9595 0 0
10 71 10138 237 5232 0 0
20 26 10140 235 4009 0 0
36 29 10126 218 200 0 0
30 99 10121 231 37877 0 0
43 16 10112 229 20742 0 0
37 31 10120 233 19787 0 0
90 64 10138 236 3494 0 0
103 16 10120 230 6140 0 0
114 104 10133 218 1053 0 0
38 62 10136 235 12467 0 0
89 36 10148 242 6829 0 0
3 114 10113 230 31817 0 0
51 102 10132 223 7909 0 0
1 92 10116 247 2268 0 0
120 10 10128 238 156 0 0
33 22 10142 212 14755 0 0
63 28 10146 221 5226 0 0
24 80 10114 238 2610 0 0
44 99 10136 233 2397 0 0
77 40 10138 226 8028 0 0
79 68 10128 256 1963 0 0
56 47 10067 176 1467047 0 0
64 18 10130 230 4624 0 0
67 21 10124 223 23643 0 0
28 37 10138 220 92657 0 0
0 126 10134 232 846 0 0
72 65 10114 217 8071 0 0
117 79 10131 213 61488 0 0
105 68 10152 254 4771 0 0
97 23 10128 232 4772 0 0
126 59 10141 228 3826 0 0
65 123 10117 247 5690 0 0
38 91 10137 227 7928 0 0
55 99 10137 234 3335 0 0
81 108 10115 239 2639 0 0
49 43 10144 225 19827 0 0
43 127 10114 248 1918 0 0
59 96 10144 224 11014 0 0
124 49 10124 218 48710 0 0
83 27 10129 209 7064 0 0
25 68 10120 255 7470 0 0
18 120 10145 232 589 0 0
115 70 10126 230 6896 0 0
117 94 10132 221 2008 0 0
35 40 10148 227 11494 0 0
78 60 10127 239 891 0 0
13 127 10101 247 15558 0 0
72 67 10115 236 4199 0 0
47 23 10131 233 5261 0 0
62 34 10135 222 14242 0 0
69 101 10082 198 1996586 0 0
125 20 10128 228 6676 0 0
49 75 10146 233 19769 0 0
115 7 10127 252 7787 0 0
124 95 10126 245 262 0 0
19 24 10130 207 27409 0 0
89 15 10149 247 9588 0 0
31 78 10138 240 4194 0 0
123 56 10120 241 6433 0 0
88 126 10124 233 8360 0 0
56 49 10125 219 2092 0 0
67 46 10125 231 350 0 0
120 46 10129 230 1561 0 0
43 33 10116 232 2029 0 0
105 124 10153 247 2312 0 0
49 43 10145 227 9620 0 0
74 46 10128 229 8788 0 0
57 16 10139 231 5098 0 0
16 113 10137 230 6093 0 0
56 106 10124 220 2637 0 0
19 70 10126 225 425288 0 0
64 29 10131 220 10952 0 0
5 21 10124 224 10257 0 0
34 25 10126 235 2592 0 0
113 70 10121 232 4777 0 0
69 68 10124 258 4828 0 0
30 60 10124 240 573 0 0
8 112 10130 224 2551 0 0
105 63 10154 224 2470 0 0
96 109 10146 213 5322 0 0
23 64 10144 238 813 0 0
49 89 10147 227 9239 0 0
89 64 10150 237 5707 0 0
34 32 10089 209 1735495 0 0
116 105 10114 211 7482 0 0
30 127 10125 249 601 0 0
49 72 10148 231 4799 0 0
76 73 10129 226 10138 0 0
54 2 10125 237 2381 0 0
70 102 10141 225 7258 0 0
61 80 10142 240 119 0 0
70 33 10140 231 35509 0 0
42 118 10130 231 3094 0 0
2 104 10128 220 2049 0 0
67 90 10126 233 7925 0 0
82 81 10127 240 6156 0 0
44 60 10137 241 7003 0 0
87 63 10130 225 6888 0 0
69 97 10123 246 10968 0 0
14 5 10129 217 5608 0 0
43 47 10117 242 1685 0 0
34 20 10127 229 2448 0 0
47 95 10132 246 6436 0 0
31 110 10139 229 14935 0 0
33 58 10144 240 5708 0 0
69 92 10119 248 2334 0 0
88 96 10125 225 3956 0 0
11 1 10123 236 6126 0 0
38 125 10138 242 5721 0 0
65 124 10118 248 15818 0 0
101 95 10150 247 10834 0 0
48 39 10123 226 4529 0 0
71 38 10141 225 1744 0 0
93 100 10144 236 8 0 0
11 114 10122 231 1731 0 0
95 46 10138 232 7329 0 0
5 62 10122 236 49301 0 0
108 11 10140 220 1321 0 0
1 101 10120 237 7953 0 0
96 69 10145 222 12727 0 0
111 5 10147 216 9500 0 0
10 5 10139 218 1613 0 0
121 2 10135 238 4719 0 0
78 91 10128 229 7852 0 0
85 121 10123 237 5192 0 0
118 106 10119 219 59649 0 0
32 38 10129 227 6934 0 0
68 116 10128 238 91 0 0
23 22 10146 214 2641 0 0
107 96 10124 226 3435 0 0
40 7 10150 253 10987 0 0
99 116 10120 237 5548 0 0
81 52 10116 239 6415 0 0
66 40 10127 228 5324 0 0
111 23 10146 235 54366 0 0
59 106 10145 221 7888 0 0
46 23 10140 234 22078 0 0
94 117 10118 209 311 0 0
60 79 10122 215 4479 0 0
6 64 10130 239 3948 0 0
86 39 10136 227 5252 0 0
99 18 10121 231 5026 0 0
29 16 10126 235 16967 0 0
83 0 10130 237 14128 0 0
94 89 10119 228 2846 0 0
77 59 10140 229 21888 0 0
20 67 10141 237 3667 0 0
100 94 10111 223 2394 0 0
76 56 10130 243 5936 0 0
45 66 10114 225 21081 0 0
8 30 10131 229 5057 0 0
113 104 10122 221 4608 0 0
42 50 10131 240 6319 0 0
66 24 10126 206 53175 0 0
72 16 10116 232 10247 0 0
36 113 10130 231 3043 0 0
59 41 10147 222 322 0 0
48 117 10124 210 11268 0 0
36 11 10129 221 31378 0 0
43 38 10119 228 150 0 0
84 103 10144 230 6765 0 0
116 7 10117 255 4224 0 0
56 7 10126 254 5202 0 0
4 43 10127 230 3821 0 0
73 9 10142 216 4860 0 0
127 16 10131 233 6637 0 0
101 44 10151 241 24741 0 0
28 29 10139 221 5052 0 0
23 51 10145 219 6141 0 0
60 47 10123 243 5766 0 0
19 86 10131 234 5367 0 0
37 7 10122 256 4624 0 0
5 14 10123 234 106117 0 0
18 95 10147 248 302 0 0
105 87 10155 236 4932 0 0
37 51 10121 220 3125 0 0
34 52 10128 240 5218 0 0
69 62 10127 237 1600 0 0
69 120 10125 233 9222 0 0
69 32 10126 243 5329 0 0
53 32 10129 244 415 0 0
43 112 10118 225 24670 0 0
114 43 10134 229 16375 0 0
24 16 10115 234 70745 0 0
126 114 10142 232 7379 0 0
111 83 10148 228 652 0 0
125 50 10129 239 29540 0 0
65 35 10119 215 8518 0 0
77 110 10141 230 4702 0 0
54 45 10128 204 4748 0 0
115 59 10129 230 238 0 0
101 77 10152 242 544 0 0
91 23 10105 236 1903 0 0
81 14 10117 235 9991 0 0
20 62 10142 238 24795 0 0
59 106 10149 222 2236 0 0
59 118 10148 233 5404 0 0
38 116 10139 239 25009 0 0
106 87 10124 237 7276 0 0
64 30 10132 230 14834 0 0
124 80 10128 241 14752 0 0
30 87 10126 238 6342 0 0
118 99 10121 235 4224 0 0
6 35 10131 216 858 0 0
19 109 10134 214 8534 0 0
107 98 10126 234 7234 0 0
93 96 10146 227 2694 0 0
19 83 10132 230 6838 0 0
92 36 10128 243 17323 0 0
92 31 10129 234 7475 0 0
45 34 10113 223 253145 0 0
105 35 10157 217 3841 0 0
17 51 10115 221 3351 0 0
105 89 10156 229 5737 0 0
47 83 10134 229 4801 0 0
81 122 10118 227 12995 0 0
67 64 10128 241 10858 0 0
109 105 10129 212 216341 0 0
25 57 10121 236 6940 0 0
66 103 10128 231 5931 0 0
15 70 10143 234 620 0 0
50 120 10131 234 30255 0 0
89 22 10153 215 1185 0 0
58 90 10133 234 4737 0 0
13 8 10102 253 4324 0 0
48 37 10113 206 1660655 0 0
52 60 10112 242 5696 0 0
61 62 10144 240 6168 0 0
76 21 10131 226 3591 0 0
110 29 10126 222 7309 0 0
72 68 10119 259 7661 0 0
63 83 10147 231 5487 0 0
26 54 10155 233 20659 0 0
62 76 10136 225 60279 0 0
70 2 10142 239 49612 0 0
92 27 10130 210 5114 0 0
16 41 10138 224 5081 0 0
82 93 10129 232 5858 0 0
102 35 10137 218 14747 0 0
127 76 10132 227 541 0 0
78 40 10129 229 2145 0 0
32 72 10130 232 19991 0 0
94 6 10120 225 7368 0 0
33 49 10145 220 6890 0 0
68 32 10129 245 15702 0 0
16 65 10139 219 1905 0 0
105 121 10158 240 4394 0 0
107 123 10125 249 3199 0 0
12 54 10144 234 6769 0 0
125 119 10130 251 6853 0 0
63 54 10148 235 5048 0 0
80 126 10115 234 5129 0 0
37 59 10123 231 6698 0 0
21 18 10118 232 10457 0 0
20 93 10143 231 6663 0 0
81 76 10119 228 4297 0 0
18 13 10148 206 77385 0 0
39 1 10127 239 5213 0 0
79 40 10129 230 5227 0 0
34 66 10129 226 6656 0 0
77 15 10143 248 8609 0 0
106 85 10125 219 4025 0 0
121 34 10136 224 17860 0 0
88 60 10127 243 5825 0 0
109 75 10130 235 8032 0 0
37 88 10124 248 2548 0 0
50 114 10132 233 909 0 0
26 52 10156 241 7916 0 0
1 43 10122 231 33 0 0
66 17 10129 253 6568 0 0
104 37 10141 222 5233 0 0
55 38 10139 229 7324 0 0
15 11 10144 222 73151 0 0
49 55 10149 226 74507 0 0
37 127 10125 250 108 0 0
44 40 10138 232 4640 0 0
7 83 10126 232 6603 0 0
98 125 10141 243 2234 0 0
99 4 10122 215 10507 0 0
124 42 10127 243 61816 0 0
61 49 10145 221 14181 0 0
33 122 10146 229 7059 0 0
55 121 10138 241 3045 0 0
23 24 10147 208 331 0 0
84 51 10145 222 512 0 0
62 51 10137 223 7825 0 0
110 102 10128 226 4553 0 0
50 124 10133 251 1967 0 0
109 25 10131 237 13909 0 0
123 33 10123 234 737 0 0
48 108 10125 240 1992 0 0
40 98 10152 235 29935 0 0
104 85 10142 221 486 0 0
88 9 10128 218 3152 0 0
15 14 10145 236 6542 0 0
39 56 10128 244 6956 0 0
123 32 10122 246 38076 0 0
14 29 10130 223 4964 0 0
97 91 10130 230 14011 0 0
45 108 10115 241 3656 0 0
49 74 10150 217 16884 0 0
114 73 10136 227 1020 0 0
2 88 10130 247 3738 0 0
53 67 10131 238 3258 0 0
29 46 10127 234 7509 0 0
14 75 10133 236 12687 0 0
6 43 10132 232 1680 0 0
122 106 10115 224 7641 0 0
34 66 10130 227 7860 0 0
11 105 10124 214 2577 0 0
116 6 10118 226 3895 0 0
9 86 10118 235 30969 0 0
83 89 10132 230 5267 0 0
39 36 10129 244 23502 0 0
97 25 10132 238 7799 0 0
71 121 10142 238 103054 0 0
55 22 10140 217 568 0 0
87 93 10131 233 7940 0 0
0 95 10135 249 4756 0 0
44 17 10139 255 2463 0 0
71 85 10143 220 3815 0 0
99 48 10123 224 407 0 0
120 107 10130 227 14752 0 0
70 104 10143 223 5827 0 0
64 112 10133 227 10931 0 0
49 37 10151 223 5151 0 0
82 74 10131 219 4026 0 0
69 13 10128 208 6313 0 0
52 15 10113 249 10 0 0
93 56 10147 245 7870 0 0
24 69 10116 223 7949 0 0
98 84 10140 224 23603 0 0
7 78 10128 241 47 0 0
106 40 10126 231 5747 0 0
42 4 10132 216 12914 0 0
57 121 10140 242 8237 0 0
96 61 10147 213 4696 0 0
83 45 10131 205 6217 0 0
97 117 10131 211 28908 0 0
55 83 10141 233 3841 0 0
41 105 10139 215 7454 0 0
120 91 10131 231 887 0 0
52 66 10114 228 6289 0 0
76 77 10132 243 7689 0 0
124 19 10122 225 330334 0 0
0 9 10137 219 4754 0 0
27 43 10125 233 6865 0 0
5 9 10125 220 5573 0 0
34 70 10131 235 7942 0 0
72 23 10120 238 29143 0 0
4 32 10129 248 4297 0 0
113 11 10124 224 25700 0 0
37 32 10126 249 23924 0 0
51 100 10136 238 7922 0 0
80 60 10116 244 6743 0 0
41 112 10140 228 7995 0 0
76 72 10133 234 6523 0 0
108 117 10141 212 15937 0 0
72 23 10121 239 8932 0 0
19 112 10135 226 101135 0 0
45 79 10117 218 960 0 0
89 126 10155 235 6481 0 0
116 93 10119 234 930 0 0
100 73 10112 228 53 0 0
66 122 10131 230 20 0 0
77 48 10144 225 4000 0 0
50 17 10134 254 96492 0 0
65 121 10120 244 4169 0 0
69 89 10129 231 15434 0 0
94 6 10121 229 7888 0 0
97 81 10134 241 7855 0 0
53 91 10132 232 6843 0 0
15 17 10146 256 18310 0 0
52 27 10115 211 639 0 0
27 54 10126 236 7813 0 0
115 117 10130 214 23668 0 0
57 72 10141 233 134 0 0
75 31 10151 236 7040 0 0
9 19 10119 229 15799 0 0
91 49 10107 222 5726 0 0
3 39 10115 228 3397 0 0
55 26 10142 237 3223 0 0
44 71 10140 240 6582 0 0
11 48 10125 226 115 0 0
99 31 10124 235 15605 0 0
110 105 10127 216 9746 0 0
40 119 10154 252 4277 0 0
80 61 10117 214 3502 0 0
57 3 10142 216 4290 0 0
91 79 10106 217 25029 0 0
58 109 10134 215 68269 0 0
15 80 10147 243 6256 0 0
14 71 10134 241 5147 0 0
117 76 10136 229 570 0 0
76 59 10134 232 12517 0 0
96 98 10151 237 9046 0 0
86 29 10137 225 30720 0 0
19 95 10137 251 4540 0 0
72 122 10122 231 4385 0 0
96 2 10150 240 4041 0 0
47 38 10136 231 2617 0 0
62 51 10133 217 759679 0 0
93 121 10148 246 1833 0 0
82 8 10132 254 7271 0 0
35 121 10149 245 29801 0 0
34 24 10132 209 3800 0 0
45 117 10118 213 18486 0 0
127 66 10133 229 4114 0 0
89 71 10154 239 86991 0 0
74 75 10129 237 5591 0 0
80 64 10118 242 3605 0 0
49 34 10152 225 4261 0 0
39 10 10130 242 5033 0 0
16 71 10141 242 4039 0 0
122 107 10116 228 4640 0 0
97 55 10135 229 4472 0 0
110 90 10129 236 10391 0 0
18 0 10150 238 5303 0 0
36 127 10131 251 9234 0 0
94 42 10122 245 7107 0 0
93 8 10149 255 3671 0 0
27 19 10127 230 13205 0 0
15 32 10149 250 1211 0 0
91 31 10108 237 6453 0 0
38 120 10141 235 391 0 0
103 105 10123 217 4655 0 0
93 65 10150 221 6638 0 0
27 30 10128 231 5240 0 0
39 33 10131 236 4709 0 0
97 39 10136 229 6967 0 0
61 46 10146 235 12722 0 0
14 112 10135 229 5857 0 0
17 63 10118 227 14558 0 0
51 102 10137 227 6479 0 0
33 82 10147 211 7621 0 0
58 107 10135 229 4102 0 0
43 118 10121 236 1807 0 0
126 57 10143 237 4737 0 0
103 119 10125 253 15376 0 0
60 99 10126 236 25781 0 0
41 57 10141 238 6246 0 0
2 64 10132 243 4686 0 0
117 43 10137 234 2903 0 0
126 112 10145 230 27450 0 0
107 63 10129 226 89830 0 0
31 28 10142 222 4207 0 0
13 126 10105 236 7933 0 0
55 67 10144 239 4153 0 0
74 32 10130 251 3529 0 0
35 96 10151 228 5529 0 0
90 63 10144 228 5028 0 0
17 108 10119 242 3849 0 0
35 118 10150 237 7048 0 0
94 126 10123 237 1322 0 0
103 42 10124 246 11709 0 0
36 56 10132 246 1829 0 0
114 122 10140 232 3332 0 0
79 16 10131 237 15473 0 0
107 92 10128 250 5372 0 0
57 88 10143 249 2896 0 0
0 33 10138 235 2941 0 0
72 5 10123 219 4038 0 0
60 121 10124 239 157939 0 0
38 16 10142 238 6028 0 0
119 84 10127 226 6748 0 0
77 45 10145 206 6507 0 0
1 0 0
6 33 10102 201 2388 0 0
62 30 10099 202 6810 0 0
23 95 10112 209 4454 0 0
22 115 10091 207 5387 0 0
98 23 10108 212 1748 0 0
90 76 10108 197 4925 046 1 71 10089 204 7020 0 0268 123 10097 203 3815 0 0124 83 10085 206 5806 0 0
120 67 10088 206 5759 0 0
124 60 10100 208 6400 0 0
32 95 10087 208 3563 0 0
30 75 10091 200 7379 0 0
16 80 10104 204 10781 070 78 92 10097 222 9889 0 0
64 85 10103 182 8458 0 0
11 8 10088 210 5364 0 0
83 100 10100 208 22979 0 0
28 29 10114 186 7227 0 0
57 43 10099 194 4749 0 0
83 14 10101 202 14803 0 0
71 85 10096 183 27497 0 0
33 58 10102 205 13876 0 0
92 91 10096 203 93550 0 0
30 14 10092 203 13132 0 0
46 126 10103 202 103044 0 0
11 12 10089 205 13551 0 0
122 56 10094 206 12126 0 0
86 59 10104 199 120942 0 0
64 94 10104 192 28573 0 0
119 51 10102 188 1229 0 0
100 15 10091 210 7942 0 0
33 15 10105 211 1528 0 0
88 92 10101 223 12884 0 0
110 123 10100 204 59 0 0
92 47 10098 210 390 0 0
110 36 10101 207 6636 0 0
5 87 10086 202 7656 0 0
95 97 10102 211 5623 0 0
62 80 10070 171 1140127 0 0
8 58 10092 206 2048 0 0
66 86 10089 202 4533 0 0
105 56 10120 207 6504 0 0
114 49 10097 190 4184 0 0
31 26 10101 193 44871 0 0
23 41 10111 193 2950 0 0
99 67 10094 207 6641 0 0
51 18 10110 205 14773 0 0
125 16 10098 194 26058 0 0
64 90 10106 196 4116 0 0
43 2 10086 212 15691 0 0
25 36 10083 208 6992 0 0
59 19 10106 196 6333 0 0
44 12 10102 206 6270 0 0
18 32 10115 216 9793 0 0
97 27 10095 177 379 0 0
75 101 10113 204 146863 0 0
41 97 10101 213 4071 0 0
70 21 10106 202 7983 0 0
64 109 10105 180 7331 0 0
47 33 10111 202 7223 0 0
66 34 10086 196 64873 0 0
89 17 10117 211 1554 0 0
54 100 10093 209 6147 0 0
46 26 10102 191 226047 0 0
99 93 10092 196 91003 0 0
48 84 10099 185 4951 0 0
117 69 10102 185 7111 0 0
103 39 10089 197 6177 0 0
115 102 10093 194 11818 0 0
57 60 10102 210 7287 0 0
23 67 10113 208 11305 0 0
90 101 10109 207 4794 0 0
104 125 10103 212 4010 0 0
69 106 10089 189 10503 0 0
52 127 10087 214 4689 0 0
19 31 10101 195 33091 0 0
61 31 10107 194 5241 0 0
57 65 10098 187 28185 0 0
91 49 10075 191 4638 0 0
77 52 10103 207 6804 0 0
124 90 10101 197 7898 0 0
38 93 10091 197 2003 0 0
63 39 10109 196 3529 0 0
36 89 10096 203 20536 0 0
84 62 10110 207 7651 0 0
100 7 10092 222 4559 0 0
66 28 10090 191 5925 0 0
81 22 10084 191 230 0 0
70 73 10099 182 1976665 0 0
61 92 10101 217 465879 0 0
24 51 10086 189 5455 0 0
91 125 10074 211 25150 0 0
22 92 10092 224 158 0 0
90 45 10111 181 3763 0 0
7 119 10097 213 6108 0 0
76 17 10107 212 4800 0 0
83 97 10102 212 50159 0 0
46 17 10105 210 50434 0 0
49 125 10099 209 109192 0 0
27 70 10078 166 495079 0 0
57 25 10101 205 5379 0 0
102 7 10104 221 1624 0 0
90 0 10110 202 3738 0 0
9 88 10094 209 10528 0 0
81 48 10085 199 6656 0 0
31 126 10104 203 14561 0 0
69 4 10090 189 5613 0 0
34 25 10095 206 3919 0 0
96 43 10111 195 1590 0 0
20 97 10102 210 5752 0 0
57 119 10100 214 19539 0 0
66 97 10091 214 3626 0 0
79 81 10107 204 5943 0 0
53 42 10097 202 6717 0 0
33 122 10104 193 59283 0 0
71 76 10097 198 5638 0 0
122 31 10095 196 13016 0 0
112 67 10118 209 5560 0 0
112 63 10116 192 30908 0 0
20 88 10103 210 2172 0 0
25 113 10082 198 106135 0 0
115 78 10094 201 5883 0 0
78 122 10098 196 1996 0 0
126 91 10109 205 936 0 0
98 2 10109 213 3274 0 0
22 32 10048 170 946434 0 0
2 83 10039 138 1814901 0 0
10 2 10107 214 5763 0 0
12 26 10109 195 30391 0 0
60 58 10099 207 7728 0 0
60 31 10098 197 322 0 0
32 81 10088 205 7763 0 0
102 100 10107 210 6664 0 0
28 66 10115 195 5011 0 0
77 6 10104 204 31982 0 0
61 33 10108 203 936 0 0
123 52 10087 208 6060 0 0
62 78 10100 202 7446 0 0
117 79 10103 192 3654 0 0
58 75 10092 201 12495 0 0
22 24 10093 178 5554 0 0
30 79 10093 193 17119 0 0
106 13 10095 178 24588 0 0
99 97 10096 215 4999 0 0
34 38 10096 195 1847 0 0
31 111 10105 203 19454 0 0
2 8 10099 212 7381 0 0
71 99 10098 206 4482 0 0
62 27 10098 175 90322 0 0
27 103 10099 200 11034 0 0
38 80 10092 205 7507 0 0
26 116 10118 199 6544 0 0
26 28 10120 193 3373 0 0
97 121 10096 202 15597 0 0
86 57 10106 200 7892 0 0
88 113 10102 199 4011 0 0
15 124 10120 212 5363 0 0
102 81 10106 206 834 0 0
71 16 10099 195 7599 0 0
35 39 10109 199 12030 0 0
108 21 10113 203 7076 0 0
13 63 10074 194 81 0 0
66 34 10049 157 1066945 0 0
52 40 10088 194 21729 0 0
61 105 10109 183 6491 0 0
115 88 10095 211 726 0 0
20 109 10104 182 2935 0 0
58 98 10091 199 88793 0 0
44 34 10104 197 6018 0 0
70 7 10105 220 43289 0 0
30 118 10094 198 4556 0 0
49 20 10100 197 7543 0 0
2 56 10098 208 7786 0 0
40 84 10118 186 29270 0 0
8 17 10094 213 15162 0 0
50 11 10096 195 7646 0 0
48 44 10100 205 6785 0 0
81 73 10086 196 5253 0 0
113 16 10097 197 4970 0 0
97 110 10097 200 13988 0 0
31 77 10102 210 24328 0 0
69 41 10088 195 64762 0 0
31 91 10106 206 128 0 0
17 8 10090 211 2592 0 0
107 105 10104 184 2488 0 0
51 58 10111 209 20923 0 0
42 66 10096 194 6687 0 0
68 91 10099 204 5035 0 0
37 62 10089 208 11026 0 0
113 19 10098 197 6047 0 0
50 18 10097 206 4586 0 0
8 70 10095 203 6277 0 0
14 58 10096 208 4425 0 0
96 11 10110 194 1924 0 0
113 33 10096 204 2968 0 0
62 69 10101 186 6563 0 0
98 60 10110 212 6331 0 0
87 65 10102 189 3455 0 0
69 86 10092 203 714 0 0
87 5 10103 186 4274 0 0
57 40 10103 193 24205 0 0
87 53 10104 199 6480 0 0
37 120 10090 197 3280 0 0
37 16 10088 196 13634 0 0
36 64 10098 207 4400 0 0
107 122 10103 197 3024 0 0
71 77 10100 212 3684 0 0
66 88 10092 212 1241 0 0
103 59 10091 201 3828 0 0
69 99 10091 207 26008 0 0
41 27 10102 178 6998 0 0
87 121 10105 203 6455 0 0
17 105 10091 182 43347 0 0
89 12 10118 207 3028 0 0
99 98 10097 201 52888 0 0
63 43 10110 196 6057 037 5 28 10087 192 30485 0 0
99 85 10095 184 278 0 0
117 48 10105 201 3349 0 0
86 82 10108 192 10970 0 0
0 17 10102 214 359 0 0
50 8 10098 213 5138 0 0
63 29 10111 187 7733 0 0
74 126 10103 204 13119 0 0
16 125 10106 213 4481 0 0
90 35 10113 196 15530 0 0
10490 104 10112 195 2544 0 0
77 3 10105 181 19785 0 20 108 10105 207 4203 0 0
45 60 10092 207 13883 0 0
59 87 10107 204 1636 0 0
109 79 10106 191 22869 0 0
114 99 10098 208 1231 0 0
22 43 10094 197 3065 0 0
82 106 10099 190 4387 0 0
107 94 10101 193 45340 0 0
42 15 10097 212 5084 0 088 102 10024 131 1154179 0 0
62 104 10102 196 6275 0 0
21 19 10088 198 4675 0 0
21 65 10083 185 564794 0 0
83 125 10104 214 6675 0 0
98 5 10112 188 8400 0 0
104 67 10108 212 33415 0 0
124 1 10102 209 25978 0 0
8 112 10096 190 3045 0 0
96 44 10112 207 18929 0 0
5 44 10090 206 17815 0 0
60 91 10100 207 7340 0 0
63 29 10111 187 7733 0 0
63 61 10112 190 7463 0 0
45 69 10093 187 74659 0 0
104 85 10107 186 4545 0 0
70 1 10108 208 31019 0 0
21 76 10087 200 1917 0 0
117 69 10102 185 7111 0 0
34 119 10098 215 57255 0 0
112 15 10119 213 25056 0 0
65 74 10088 191 2711 0 0
32 40 10090 197 24547 0 0
83 47 10103 211 2000 0 0
79 15 10109 214 1513 0 0
5 25 10089 207 5124 0 0
83 77 10105 215 5356 0 0
15 121 10121 204 1021 0 0
18 12 10117 209 10475 0 0
16 53 10107 200 4926 0 0
114 76 10099 199 2733 0 0
31 111 10108 204 4887 0 0
69 41 10088 195 64762 0 0
32 18 10089 207 4837 0 0
119 106 10105 191 6697 0 0
33 115 10107 208 7476 0 0
41 93 10104 199 6922 0 0
126 91 10109 205 936 0 0
123 26 10088 196 29874 0 0
23 95 10116 213 9423 0 0
29 7 10098 224 4957 0 0
59 83 10108 207 6244 0 0
72 78 10096 204 5186 0 0
16 45 10108 183 4334 0 0
101 15 10110 215 5940 0 0
49 8 10102 214 39325 0 0
36 127 10099 216 21780 0 0
39 75 10093 203 63 0 0
35 124 10111 214 2413 0 0
58 119 10093 216 7944 0 0
6 33 10102 201 2388 0 0
8 53 10097 201 7116 0 0
2 107 10100 197 26901 0 0
109 23 10108 214 5088 0 0
100 19 10093 199 6052 0 0
104 124 10106 213 9451 0 0
2 96 10101 187 3084 0 0
101 48 10109 203 14535 0 0
38 80 10092 205 7507 0 0
104 75 10104 202 5231 0 0
74 95 10104 211 791 0 0
23 48 10114 200 91057 0 0
106 71 10098 205 2381 0 0
70 84 10107 188 25618 0 0
114 111 10100 206 6166 0 0
118 5 10085 189 2840 0 0
34 111 10099 205 8590 0 0
0 20 10103 198 6857 0 0
78 42 10099 203 8662 0 0
71 102 10102 196 5206 0 0
70 37 10110 197 5243 0 0
47 115 10112 209 11287 0 0
119 71 10106 206 4439 0 0
125 13 10101 179 4280 0 0
7 121 10098 205 3385 0 0
19 91 10102 208 7809 0 0
99 67 10094 207 6641 0 0
3 17 10090 215 7680 0 0
29 79 10099 194 16781 0 0
100 45 10094 184 6950 0 0
31 122 10103 194 115327 0 0
34 62 10100 209 5575 0 0
53 0 10098 203 4968 0 0
98 14 10113 205 7873 0 0
54 80 10094 2109 23 1010861 11 10110 1973 26 10112 198 4681 0 0
31 111 101023 85 10117 187 1067 0 0
116 0 10091 204 83 77 10105 215 5356 0 0
101 78 10132 46 10092 20054 80 10094109 76 10109 216 45 10108 183 4334 0 0
0 20 10103 198 6857 0 0
41 93 10104 199 6922 0 0
18 12 10117 209 10475 0 0
49 8 10102 21454 89 1009072 78 10096 204 5186 0 0
121 93 10106 198 5682 0 0
35 124 10111 214 2413 0 0
70 37 10110 197 5243 0 0
104 124 10106 213 9451 0 0
59 83 10108 207 6244 0 0
118 92 10034 154 1870131 0 0
39 75 10093 203 63 0 0
36 127 10099 216 21780 0 0
16 53 10107 200 4926 0 0
65 74 10088 191 2711 0 0
118 5 10085 189 2840 0 0
104 67 10108 212 33415 0 0
32 18 10089 207 4837 0 0
2 96 10101 187 3084 0 0
3 17 10090 215 7680 0 0
8 53 10097 201 116 48 1058 119 10093 216 7944 0 0
106 71 10098 205 2381 0 0
2 107 10100 197 26901 0 0
114 111 10100 206 6166 0 0
34 111 10099 205 8590 0 0
60 91 10100 207 7340 0 0
71 102 10102 196 5206 0 0
102 23 10062 156 1777711 0 0
102 12 10108 208 1284 0 0
50 94 10099 194 9860 0 0
100 45 10094 184 6950 0 0
7 121 10098 205 3385 0 0
125 65 10099 188 221356 0 0
119 71 10106 206 4439 0 0
53 0 10098 203 4968 0 0
78 42 10099 203 8662 0 0
19 91 10102 208 7809 0 0
101 48 10109 203 14535 0 0
14 24 10099 180 2656 0 0
47 115 10112 209 11287 0 0
34 62 10100 209 5575 0 0
45 12 10095 210 2397 0 0
37 14 10093 204 14671 0 0
29 7 10098 224 4957 0 0
98 14 10113 205 7873 0 0
32 46 10092 200 15761 0 0
98 5 10112 188 8400 0 0
16 47 10109 213 6025 0 0
19 65 10103 190 6324 0 0
77 12 10106 211 7511 0 0
116 0 10091 204 5947 0 0
112 15 10119 213 25056 0 0
29 79 10099 194 16781 0 0
12 26 10110 199 7500 0 0
70 1 10108 208 31019 0 0
33 87 10106 203 111074 0 0
61 11 10110 197 4623 0 0
108 25 10115 208 4089 0 0
71 94 10101 195 4831 0 0
10 77 10110 216 27474 0 0
25 123 10027 133 1799134 0 0
42 3 10098 183 7289 0 0
23 85 10117 187 1067 0 0
22 84 10095 190 6051 0 0
23 95 10116 213 9423 0 0
25 118 10085 199 42159 0 0
29 11 10100 198 8493 0 0
16 122 10105 195 111872 0 0
64 70 10107 205 12108 0 0
119 45 10103 182 59656 0 0
34 119 10098 215 57255 0 0
114 76 10099 199 2733 0 0
105 29 10121 189 4652 0 0
14 102 10100 197 4846 0 0
1 66 10055 159 1329409 0 0
99 123 10093 206 3746 0 0
94 119 10099 217 5117 0 0
46 60 10107 213 5222 0 0
96 48 10113 204 20311 0 0
50 44 10101 208 6012 0 0
84 124 10111 215 38266 0 0
4 36 10101 210 9539 0 0
51 58 10113 211 5654 0 0
33 81 10108 210 4728 0 0
112 11 10120 199 1633 0 0
18 36 10116 209 5285 0 0
48 58 10101 210 14215 0 0
71 70 10104 206 3262 0 0
9 77 10096 217 5229 0 0
34 127 10101 217 10112 0 0
14 59 10101 204 7172 0 0
100 19 10093 199 6052 0 0
66 87 10093 206 6910 0 0
94 36 10092 203 1086118 0 0
52 12 10090 212 7379 0 0
93 123 10113 207 1886 0 0
125 8 10102 215 24327 0 0
44 0 10106 205 30786 0 0
59 43 10109 198 6381 0 0
54 110 10095 203 405 0 0
62 111 10103 207 5594 0 0
101 36 10111 211 7400 0 0
18 103 10119 204 7210 0 0
101 81 10112 209 4581 0 0
103 76 10092 202 849 0 0
96 108 10114 208 13517 0 0
25 19 10087 200 9336 0 0
40 94 10119 196 7282 0 0
109 76 10109 201 1607 0 0
93 87 10115 207 7948 0 0
28 116 10116 200 4419 0 0
57 78 10104 205 4642 0 0
69 32 10094 217 3026 0 106 13 10095 178 24588 0 0
84 124 10111 215 38266 0 0
94 5 10056 137 908658 0 0
2054 52 10096 209 6211 0 0
8 14 10098 206 5317 0 0
48 67 10102 213 2967 0 0
63 0 10114 206 18486 0 0
32 84 10091 189 5768 0 0
101 15 10110 215 5940 0 0
106 46 10099 201 5893 0 0
87 114 10106 203 628 0 0
7 115 10099 211 2560 0 0
49 35 10104 198 4376 0 0
37 125 10094 216 18236 0 0
29 43 10101 199 11746 0 0
56 97 10052 162 1293245 0 0
35 40 10114 198 1634 0 0
41 67 10096 203 11597 0 0
49 37 10106 198 7086 0 0
98 86 10114 205 5511 0 0
73 39 10113 202 4174 0 0
44 1 10108 210 2400 0 0
37 125 10094 216 18236 0 0
39 58 10094 213 5189 0 0
18 73 10121 197 1165 0 0
8 62 10099 210 11328 0 0
62 117 10104 178 7503 0 0
57 78 10104 205 4642 0 0
0 108 10105 209 5941 0 0
39 58 10095 215 2336 0 0
30 123104 12 10110 213 7063 0 0
51 28 10112 195 4989 0 0
0 66 10104 196 4053 0 0
102 96 10109 188 40006 0 0
25 77 10086 219 9321 0 0
118 122 10088 199 986 0 0
106 68 10097 218 85525 0 0
125 13 10101 179 4280 0 0
123 26 10088 196 29874 0 0
38 12 10095 214 7723 0 0
35 77 10112 218 6412 78 10112 206 5683 0 0
120 74 10091 192 11420 0 0
109 69 10110 188 66703 0 0
87 85 10108 188 9317 0 0
48 13 10104 180 14257 0 0
39 109 10096 185 3131 0 0
72 70 10097 208 27540 0 0
49 35 10104 198 4376 0 0
174 59 10105 205 14247 0 0
36 125 10100 217 25138 0 0
19 43 10104 201 4036 0 0
126 95 10112 215 7336 0 0
73 95 10115 214 5728 0 0
24 127 10088 219 6118 0 0
20 109 10107 186 3336 0 0
39 77 10097 220 645 0 0
23 45 10118 186 6538 0 0
30 55 10096 192 5751 0 0
71 92 10106 225 19 0 0
6 113 10103 200 37944 0 0
70 46 10112 205 11131 0 0
112 69 10122 189 5814 0 0
25 94 10088 197 4549 0 0
518 90 10120 200 4750 0 0
99 107 10098 198 96541 0 074 117 10106 180 1162 0 0
74 117 10106 180 1162 0 03124 1 10102 209 25978 0 0
8 62 10099 210 11328 0 0
62 117 10104 178 7503 0 0
124 64 10103 208 7289 0 0
50 52 10103 211 4577 0 0
0 108 10105 209 5941 0 0
39 58 10094 213 5189 0 0
20 103 10106 205 24380 0 0
35 40 10114 198 1634 0 0
25 94 10088 197 4549 0 0
44 1 10108 210 2400 0 0
98 86 10114 205 5511 0 0
77 19 10107 201 3831 0 0
87 58 10107 214 7408 0 0
107 43 10052 151 1622918 0 0
73 16 10114 198 4137 0 0
18 39 10118 200 968 0 0
39 58 10095 215 2336 0 0
81 124 10090 217 4953 0 0
101 8 10113 216 26479 0 0
101 31 10114 198 7280 0 0
70 9 10111 193 14368 0 0
117 28 10106 196 7713 0 0
87 85 10108 188 9317 0 0
90 96 10116 189 4342 0 0
7 16 10101 199 11353 0 0
18 36 10122 212 4722 0 0
48 46 10103 203 4592 0 0
18 73 10121 197 1165 0 0
55 101 10106 208 11873 0 0
93 52 10116 210 9211 0 0
112 69 10122 189 5814 0 0
67 14 10098 207 8715 0 0
106 22 10100 192 16814 0 0
30 123 10095 212 4224 0 0
72 70 10097 208 27540 0 0
85 49 10094 194 198 0 0
39 109 10096 185 3131 0 0
12 78 10112 206 5100 91 188 27 10104 181 209611 67 96 42 10115 206 8867 0 0
6 113 10103 200 37944 0 0
70 46 10112 205 161 25 10111 209 14264 0 0
45 41 10097 198 21191 0 0
12 107 10115 200 2984 0 0
73 96 10118 191 7039 0 0
126 107 10110 196 2858 0 0
127 27 10103 184 6376 0 0
35 52 10117 212 5917 0 0
38 78 10097 207 350 0 0
99 91 10099 209 7278 0 0
6 30 10105 203 6340 0 0
93 52 10116 210 9211 0 0
44 48 10110 205 29482 0 0
12 5 10111 192 79057 0 0
14 112 10104 191 1307 0 0
33 93 10109 201 2735 0 0
30 44 10097 210 7968 0 0
118 126 10091 206 1184 0 0
57 3 10107 184 66838 0 0
126 7 10113 226 6923 0 0
23 114 10119 251 52 10114 213 9023 0 0
54 26 10099 200 30254 0 0
100 110 10095 204 13110 0 0
48 13 10104 180 14257 0 0
95 71 10105 208 9711 0 0
11 74 10092 194 21326 0 0
122 117 10097 182 4717 0 0
45 41 10097 198 21191 0 0
44 48 10110 205 29482 0 0
126 7 10113 226 6923 0 0
63 90 10115 202 2879 0 0
113 20 10095 196 241454 0 0
84 74 10112 193 21137 0 0
57 17 10109 216 6393 0 0
50 33 10104 208 3487 0 0
0 123 10106 213 4513 0 0
59 90 10112 201 2143 0 0
16 117 10111 181 4799 0 0
41 96 10105 190 10118 0 0
59 4 10111 191 15814 0 0
35 113 10116 201 1388 0 0
27 118 10100 200 14752 0 0
36 125 10100 217 25138 0 0
35 28 10115 197 5886 0 0
127 116 10104 202 8899 0 0
87 75 10109 205 65 0 0
36 39 10097 198 576341 0 0
35 52 10117 212 5917 0 0
99 91 10099 209 7278 0 0
124 101 10104 209 15948 0 0
126 95 10112 215 7336 0 0
52 1 10092 211 5257 0 0
48 69 10105 190 6199 0 0
44 53 10111 202 11222 0 0
70 85 10113 189 14763 0 0
46 87 10109 208 5123 0 0
14 112 10104 191 1307 0 0
73 95 10115 214 5728 0 0
26 118 10122 201 5419 0 0
12 64 10113 209 3133 0 0
118 126 10091 206 1184 0 0
30 44 10097 210 7968 0 0
104 4 10112 192 67337 0 0
120 74 10091 192 11420 0 0
80 5 10089 190 66954 0 0
12 107 10115 200 2984 0 0
66 62 10097 211 4309 0 0
12 5 10111 192 79057 0 0
77 123 10108 215 14858 0 0
23 114 10119 204 7750 0 0
0 100 10107 212 1628 0 0
3 104 10091 198 6115 0 0
80 81 10092 211 7190 0 0
112 4 10121 190 8400 0 0
59 48 10114 208 6055 0 0
119 113 10107 203 21124 0 0
57 3 10107 184 66838 0 0
25 79 10090 195 842 0 0
126 107 10115 201 7335 0 0
114 26 10101 203 10868 0 0
92 66 10101 199 7865 0 0
33 93 10109 201 2735 0 0
12 16 10114 200 7949 0 0
73 96 10118 191 7039 0 0
38 52 10098 214 36105 0 0
13 23 10076 216 18167 0 0
11 67 10093 214 6935 0 0
126 36 10114 213 4814 0 0
75 48 10116 207 2061 0 0
117 5 10107 191 479 0 0
43 68 10089 219 29047 0 0
34 69 10102 191 3000 0 0
96 20 10116 199 5999 0 0
47 76 10113 203 1045 0 0
4 96 10104 192 19027 0 0
42 61 10100 191 5617 0 0
82 42 10100 207 31301 0 0
99 51 10100 192 5075 0 0
77 51 10109 190 11606 0 0
59 50 10113 212 7487 0 0
59 27 10110 183 107017 0 0
114 123 10102 216 18922 0 0
61 25 10111 209 14264 0 0
29 53 10102 203 3325 0 0
12 106 10116 192 5060 0 0
54 117 10101 183 477 0 0
102 126 10091 187 569971 0 0
31 125 10110 219 61 0 0
113 109 10099 189 3379 0 0
13 15 10078 216 15606 0 0
3 89 10093 205 3248 0 0
80 71 10091 209 6975 0 0
5 30 10091 204 5617 0 0
6 30 10105 203 6340 0 0
82 78 10101 209 5016 0 0
68 55 10101 193 8958 0 0
116 6 10092 207 5107 0 0
78 27 10100 185 7051 0 0
38 26 10096 201 110262 0 0
127 70 10107 209 4555 0 0
43 33 10090 209 7093 0 0
111 11 10115 200 1151 0 0
60 124 10101 218 4490 0 0
90 32 10117 218 3318 0 0
114 82 10103 193 4401 0 0
26 18 10125 208 5238 0 0
56 96 10098 193 643 0 0
31 122 10109 198 86833 0 0
91 79 10076 196 5728 0 0
103 9 10093 194 545 0 0
35 98 10118 204 29097 0 0
62 5 10105 193 56316 0 0
125 29 10104 192 4871 0 0
86 70 10109 207 145504 0 0
125 127 10105 220 28136 0 0
26 125 10124 218 8599 0 0
106 94 10101 198 1528 0 0
46 57 10108 205 20004 0 0
61 83 10112 208 1475 0 0
117 101 10109 210 5952 0 0
32 7 10096 227 7047 0 0
9 51 10097 191 5661 0 0
110 119 10103 219 15250 0 0
65 87 10087 205 375167 0 0
40 33 10121 211 11351 0 0
25 100 10089 213 26506 0 0
44 76 10113 204 15685 0 0
120 12 10094 215 2843 0 0
80 58 10090 216 10703 0 0
66 113 10098 202 12532 0 0
50 122 10105 201 9430 0 0
25 102 10091 201 7650 0 0
16 66 10113 200 1958 0 0
118 109 10090 187 22509 0 0
99 109 10102 192 4802 0 0
104 76 10113 205 12815 0 0
21 93 10089 202 26814 0 0
95 57 10107 206 1315 0 0
84 111 10113 209 30558 0 0
104 126 10114 207 8162 0 0
76 59 10109 206 1707 0 0
71 90 10107 203 5330 0 0
27 76 10102 206 1178 0 0
106 67 10102 215 6283 0 0
79 39 10110 203 2299 0 0
70 80 10115 208 242 0 0
27 10 10101 219 7681 0 0
32 55 10097 194 6250 0 0
79 37 10111 199 3210 0 0
88 117 10105 184 4707 0 0
62 117 10107 185 794 0 0
20 24 10109 182 7697 0 0
62 96 10106 194 3324 0 0
97 85 10098 191 6064 0 0
21 122 10090 202 27477 0 0
57 110 10111 206 1619 0 0
89 36 10121 214 7995 0 0
125 66 10103 198 25551 0 0
106 112 10103 192 7279 0 0
91 17 10077 218 5435 0 0
115 114 10096 205 27602 0 0
113 93 10100 203 4750 0 0
16 65 10112 192 4466 0 0
42 86 10102 207 6400 0 0
114 73 10104 198 6334 0 0
8 17 10100 217 2900 0 0
91 16 10078 201 6506 0 0
13 118 10077 202 3095 0 0
100 63 10096 195 9631 0 0
112 109 10123 191 1029 0 0
37 109 10096 190 5308 0 0
57 10 10110 220 21451 0 0
107 15 10105 218 2357 0 0
35 22 10119 193 3924 0 0
100 58 10097 217 5432 0 0
99 29 10101 193 6672 0 0
7 71 10102 210 6925 0 0
1 85 10091 190 5560 0 0
41 2 10106 216 6162 0 0
84 88 10079 183 1135936 0 0
101 112 10115 193 4060 0 0
44 100 10114 214 3408 0 0
28 110 10117 205 6753 0 0
117 110 10110 207 2784 0 0
74 65 10109 193 1945 0 0
127 27 10103 184 6376 0 0
65 8 10089 218 6811 0 0
76 98 10108 205 7554 0 0
71 36 10108 215 1727 0 0
121 29 10108 194 4846 0 0
121 55 10109 195 2326 0 0
37 27 10097 186 20985 0 0
75 35 10117 203 4026 0 0
42 8 10101 217 22619 0 0
105 101 10124 212 6687 0 0
0 51 10108 195 5326 0 0
93 23 10117 218 4582 0 0
20 51 10108 194 1467 0 0
15 35 10123 202 18804 0 0
32 38 10094 196 126177 0 0
21 20 10091 200 27663 0 0
8 4 10103 194 6115 0 0
56 122 10097 200 84216 0 0
36 94 10101 199 6401 0 0
38 120 10100 199 1474 0 0
77 36 10110 216 5260 0 0
43 101 10091 211 3462 0 0
7 120 10103 198 1238 0 0
81 33 10088 206 111022 0 0
61 96 10113 195 7033 0 0
104 116 10115 206 6280 0 0
117 127 10111 222 9655 0 0
34 44 10105 211 5244 0 0
53 23 10100 217 5475 0 0
0 82 10109 194 6421 0 0
29 126 10104 209 5863 0 0
44 80 10112 207 46877 0 0
102 101 10110 213 2324 0 0
99 82 10103 195 449 0 0
15 86 10124 208 672 0 0
82 121 10102 206 28054 0 0
19 35 10105 204 5001 0 0
24 85 10089 192 4096 0 0
59 54 10116 199 4577 0 0
52 53 10093 204 38016 0 0
25 22 10092 196 2900 0 0
11 67 10094 216 4665 0 0
123 28 10091 198 15877 0 0
34 104 10104 199 3252 0 0
109 15 10111 219 7761 0 0
41 87 10107 211 4431 0 0
58 80 10096 209 1374 0 0
122 110 10099 208 7382 0 0
8 69 10102 193 3883 0 0
81 83 10091 209 7972 0 0
14 69 10105 192 2026 0 0
22 112 10097 195 6652 0 0
95 68 10108 220 5040 0 0
49 58 10107 219 6080 0 0
73 108 10120 210 2767 0 0
32 44 10098 212 5924 0 0
63 56 10117 210 6474 0 0
100 91 10088 201 553904 0 0
93 42 10118 208 6760 0 0
97 119 10099 220 5020 0 0
85 15 10095 217 5141 0 0
37 30 10098 205 5324 0 0
43 81 10092 212 1129 0 0
56 46 10099 206 6266 0 0
38 127 10099 221 45171 0 0
53 45 10101 187 6635 0 0
110 51 10104 197 827 0 0
78 88 10101 216 6212 0 0
37 47 10095 217 616 0 0
99 100 10105 216 9401 0 0
4 74 10106 195 4895 0 0
7 68 10104 221 7479 0 0
68 96 10098 186 502030 0 0
63 17 10116 219 5876 0 0
10 47 10111 215 5678 0 0
84 112 10114 194 17161 0 0
99 25 10104 211 944 0 0
51 86 10115 209 4046 0 0
4 14 10107 208 30368 0 0
18 27 10123 188 7825 0 0
16 75 10114 206 6211 0 0
118 126 10092 210 1377 0 0
105 42 10125 209 5675 0 0
120 72 10092 206 2367 0 0
76 22 10110 195 16236 0 0
40 71 10122 211 585 0 0
120 38 10096 197 13842 0 0
38 96 10102 196 4920 0 0
46 55 10110 196 5627 0 0
93 107 10119 203 20803 0 0
34 100 10103 215 11295 0 0
45 81 10098 213 12141 0 0
120 57 10090 203 220277 0 0
26 47 10123 216 15612 0 0
30 126 10098 208 5260 0 0
59 25 10115 210 1319 0 0
120 35 10093 200 6329 0 0
127 87 10106 209 5309 0 0
49 53 10109 206 5486 0 0
123 1 10092 212 7139 0 0
10 51 10112 196 6216 0 0
54 8 10102 220 7258 0 0
101 17 10116 220 23697 0 0
113 68 10101 222 15907 0 0
73 57 10117 204 114597 0 0
65 76 10090 207 5252 0 0
127 35 10105 199 7674 0 0
32 103 10099 206 7434 0 0
93 42 10120 210 5944 0 0
1 124 10092 219 4764 0 0
83 105 10108 186 2749 0 0
37 59 10099 207 4679 0 0
71 117 10109 186 4535 0 0
3 57 10092 207 540 0 0
62 39 10109 204 1082 0 0
38 52 10101 215 46825 0 0
11 104 10095 200 138 0 0
32 50 10095 213 63798 0 0
83 25 10107 212 5719 0 0
87 10 10110 221 7164 0 0
120 14 10097 209 7435 0 0
103 109 10095 194 7114 0 0
41 14 10108 210 5146 0 0
42 4 10103 193 14484 0 0
63 117 10118 187 7470 0 0
49 37 10106 198 7086 0 0
89 31 10123 199 26229 0 0
124 35 10105 205 2261 0 0
105 41 10122 199 672 0 0
40 120 10124 200 8 0 0
95 78 10106 208 117424 0 0
119 67 10108 217 498 0 0
66 58 10099 218 7480 0 0
105 66 10126 201 539 0 0
22 17 10098 221 75036 0 0
49 68 10108 223 9357 0 0
103 110 10098 209 7527 0 0
72 46 10099 207 4592 0 0
110 39 10105 205 7266 0 0
70 75 10116 207 4863 0 0
61 112 10114 196 6727 0 0
64 65 10110 194 7672 0 0
110 6 10106 208 7796 0 0
8 109 10101 193 4880 0 0
72 33 10098 210 4487 0 0
100 14 10098 211 5612 0 0
1 8 10093 222 583 0 0
13 93 10080 204 5761 0 0
126 107 10116 204 4697 0 0
81 36 10092 217 7073 0 0
127 15 10101 209 599054 0 0
84 123 10115 217 7789 0 0
82 80 10103 212 3754 0 0
112 120 10125 202 3325 0 0
42 109 10099 188 126856 0 0
64 62 10109 212 11179 0 0
6 108 10106 211 2075 0 0
40 50 10120 214 78545 0 0
42 95 10104 217 905 0 0
103 83 10096 210 4340 0 0
39 85 10098 193 1363 0 0
80 122 10093 206 24448 0 0
106 94 10104 200 30615 0 0
108 50 10116 215 1232 0 0
112 121 10126 208 5633 0 0
96 97 10118 217 429 0 0
62 8 10108 219 14187 0 0
88 2 10106 217 3310 0 0
125 123 10107 218 6144 0 0
20 100 10110 217 4578 0 0
70 35 10114 201 2492 0 0
58 26 10095 204 2472 0 0
126 101 10117 214 4487 0 0
84 88 10116 217 5364 0 0
38 3 10105 185 4416 0 0
101 102 10118 202 4969 0 0
103 97 10099 218 4286 0 0
35 30 10120 206 5816 0 0
118 8 10093 221 1141 0 0
40 114 10125 208 2822 0 0
126 119 10118 223 15587 0 0
37 119 10100 221 4586 0 0
105 125 10123 220 78669 0 0
68 64 10094 203 1805637 0 0
18 98 10124 206 15041 0 0
33 77 10110 222 22597 0 0
44 101 10116 215 5922 0 0
111 47 10114 218 7588 0 0
85 53 10096 205 46149 0 0
5 37 10093 200 4284 0 0
69 122 10096 203 1749 0 0
45 77 10099 223 6530 0 0
66 93 10101 205 3477 0 0
110 95 10107 216 1012 0 0
103 92 10097 227 6935 0 0
78 122 10103 205 7652 0 0
17 60 10094 214 6874 0 0
38 114 10104 207 6633 0 0
6 16 10108 203 10083 0 0
117 86 10113 210 23916 0 0
83 19 10109 202 6676 0 0
24 81 10090 214 17982 0 0
122 87 10098 210 12588 0 0
5 15 10092 220 124274 0 0
65 44 10091 214 30810 0 0
78 4 10102 195 6626 0 0
113 15 10102 221 4485 0 0
2 110 10102 210 7430 0 0
57 73 10112 200 5694 0 0
21 50 10028 134 1864731 0 0
59 29 10118 195 19316 0 0
121 22 10107 194 3147 0 0
64 111 10108 208 100150 0 0
44 35 10117 206 4165 0 0
66 99 10100 211 1341 0 0
103 99 10094 210 107606 0 0
56 84 10100 192 54861 0 0
94 90 10101 204 6848 0 0
35 56 10113 209 298258 0 0
86 31 10112 201 1559 0 0
96 114 10117 206 4082 0 0
93 106 10121 193 5153 0 0
67 31 10100 200 7627 0 0
30 62 10101 213 4863 0 0
4 63 10108 196 26317 0 0
16 44 10115 213 27738 0 0
63 27 10119 189 3307 0 0
14 92 10103 226 175863 0 0
33 85 10112 194 25003 0 0
61 32 10115 219 4758 0 0
70 30 10117 207 7689 0 0
58 22 10097 198 14964 0 0
86 121 10110 207 5528 0 0
31 97 10111 216 46275 0 0
95 42 10109 211 4090 0 0
58 51 10101 198 372 0 0
13 116 10079 204 22190 0 0
45 6 10100 209 4452 0 0
38 22 10103 197 7151 0 0
111 113 10116 205 3765 0 0
24 33 10091 212 4800 0 0
6 79 10107 197 2117 0 0
75 1 10118 213 3993 0 0
7 78 10105 210 11073 0 0
29 53 10106 207 2068 0 0
98 117 10115 188 3401 0 0
22 86 10099 213 3200 0 0
122 100 10101 218 2043 0 0
80 63 10095 197 1940 0 0
16 23 10110 215 220477 0 0
49 0 10110 207 6632 0 0
48 69 10106 195 3457 0 0
79 124 10112 220 9923 0 0
53 75 10103 208 1245 0 0
58 32 10098 220 2017 0 0
30 84 10100 193 33471 0 0
17 60 10095 216 4291 0 0
90 61 10073 161 1066304 0 0
92 86 10102 215 5089 0 0
32 69 10100 194 3818 0 0
28 24 10118 184 17643 0 0
55 47 10107 220 7694 0 0
33 122 10111 204 87236 0 0
58 75 10099 209 4698 0 0
4 71 10109 213 3726 0 0
58 66 10100 202 558 0 0
80 9 10094 195 7475 0 0
59 42 10119 212 5206 0 0
113 67 10103 218 7599 0 0
66 64 10102 211 7797 0 0
40 116 10123 207 7385 0 0
55 90 10110 205 4349 0 0
17 41 10093 200 7974 0 0
82 18 10104 210 5583 0 0
64 82 10111 196 2374 0 0
16 86 10116 212 7164 0 0
88 101 10107 217 5785 0 0
72 14 10100 212 4821 0 0
57 61 10115 193 27640 0 0
59 16 10117 202 327 0 0
21 80 10094 214 10061 0 0
68 46 10103 208 14726 0 0
2 42 10103 213 4240 0 0
8 97 10106 219 5737 0 0
112 23 10124 219 2972 0 0
85 17 10098 222 28858 0 0
57 44 10114 215 7484 0 0
30 57 10099 208 37620 0 0
36 12 10102 216 3128 0 0
30 34 10102 200 5029 0 0
38 120 10106 201 93854 0 0
94 74 10102 197 2391 0 0
101 95 10119 218 7721 0 0
102 39 10111 206 662 0 0
55 13 10109 181 5286 0 0
26 86 10127 211 32774 0 0
57 45 10116 188 3608 0 0
71 127 10054 171 930966 0 0
97 7 10101 229 15054 0 0
104 26 10116 205 12547 0 0
112 118 10129 204 1261 0 0
16 8 10117 223 5635 0 0
14 46 10106 209 11330 0 0
7 14 10107 214 18296 0 0
117 28 10112 199 7137 0 0
14 105 10107 188 3264 0 0
21 112 10095 198 7510 0 0
44 95 10055 158 1663771 0 0
17 105 10096 187 6041 0 0
89 14 10125 213 2547 0 0
80 55 10096 198 5574 0 0
10 108 10116 212 6256 0 0
63 80 10120 215 6144 0 0
82 87 10105 213 6679 0 0
29 89 10105 206 80087 0 0
106 64 10105 210 3482 0 0
0 117 10110 189 4948 0 0
53 78 10104 212 2095 0 0
79 7 10113 228 3528 0 0
85 61 10100 194 1679 0 0
103 75 10100 210 4811 0 0
10 1 10118 214 7178 0 0
22 8 10100 224 4550 0 0
35 18 10121 209 5481 0 0
10 46 10117 211 6365 0 0
121 80 10110 213 6462 0 0
120 40 10095 199 60215 0 0
85 60 10097 215 7871 0 0
55 26 10108 206 5676 0 0
88 55 10108 200 3379 0 0
28 15 10119 222 659 0 0
0 39 10111 207 12121 0 0
35 44 10122 217 18690 0 0
10 74 10114 196 4921 0 0
68 57 10105 209 6713 0 0
123 20 10096 201 7632 0 0
6 15 10110 224 6421 0 0
122 127 10102 223 4905 0 0
11 16 10096 204 4926 0 0
31 62 10113 214 4784 0 0
33 50 10114 216 11052 0 0
1 31 10095 203 5047 0 0
84 62 10117 215 6808 0 0
44 125 10118 223 5540 0 0
54 22 10103 200 6361 0 0
101 40 10120 200 5345 0 0
79 31 10114 202 30312 0 0
17 32 10052 163 1271760 0 0
33 85 10113 195 7649 0 0
23 17 10121 225 6883 0 0
61 102 10116 204 2789 0 0
127 24 10108 185 7307 0 0
25 121 10093 209 5904 0 0
104 78 10117 213 2398 0 0
121 86 10112 214 3682 0 0
11 13 10098 182 13 0 0
27 13 10067 151 1834928 0 0
32 112 10101 197 5884 0 0
123 12 10095 217 25637 0 0
3 26 10094 210 2657 0 0
12 77 10118 225 6609 0 0
2 90 10104 206 6696 0 0
110 44 10108 216 15838 0 0
76 108 10112 214 7501 0 0
75 125 10119 222 17846 0 0
41 61 10109 192 5358 0 0
47 67 10115 219 4226 0 0
26 116 10126 208 1149 0 0
71 53 10111 208 20366 0 0
115 65 10097 195 44149 0 0
83 102 10110 203 6952 0 0
53 70 10102 210 29102 0 0
85 106 10101 194 7776 0 0
75 103 10120 207 23329 0 0
37 55 10101 197 18965 0 0
118 123 10094 219 5439 0 0
39 68 10099 224 284 0 0
10 25 10115 213 6759 0 0
63 96 10121 197 7288 0 0
84 113 10118 206 65 0 0
58 103 10102 208 4897 0 0
101 98 10121 207 2573 0 0
102 67 10112 220 7991 0 0
47 107 10114 206 1617 0 0
40 39 10128 208 5783 0 0
4 52 10110 216 22341 0 0
6 60 10109 217 1162 0 0
16 101 10049 160 1592166 0 0
42 58 10106 221 2700 0 0
108 90 10117 207 22332 0 0
46 19 10111 204 4833 0 0
28 2 10120 218 4016 0 0
59 107 10120 205 4337 0 0
112 26 10127 209 29934 0 0
1 54 10096 200 4836 0 0
18 101 10128 218 7256 0 0
41 102 10110 205 2668 0 0
70 69 10120 197 5480 0 0
68 17 10104 223 210 0 0
21 73 10093 201 20671 0 0
37 87 10102 212 48727 0 0
116 51 10093 199 1814 0 0
114 91 10106 210 13962 0 0
67 43 10099 203 24709 0 0
21 31 10096 206 5091 0 0
86 76 10114 208 2317 0 0
14 105 10108 190 4351 0 0
50 123 10106 220 1817 0 0
43 19 10093 203 2043 0 0
0 52 10112 217 6119 0 0
86 100 10115 220 5822 0 0
33 122 10116 207 15162 0 0
89 116 10122 205 88415 0 0
112 29 10128 196 6064 0 0
2 82 10105 197 4027 0 0
68 127 10106 224 11362 0 0
88 31 10109 204 7017 0 0
24 125 10092 224 17643 0 0
82 57 10106 210 7517 0 0
0 37 10114 201 7168 0 0
70 64 10119 212 32948 0 0
36 46 10105 213 2252 0 0
33 13 10117 183 10479 0 0
71 112 10113 200 1484 0 0
62 117 10110 190 113584 0 0
101 79 10122 198 177 0 0
33 12 10118 218 4687 0 0
49 58 10111 222 11608 0 0
61 100 10117 221 5452 0 0
118 31 10095 205 6545 0 0
123 62 10094 216 4342 0 0
46 115 10112 213 7370 0 0
123 68 10097 225 6211 0 0
127 42 10109 214 6638 0 0
71 95 10112 220 13722 0 0
59 66 10121 203 3476 0 0
97 28 10104 200 5734 0 0
67 105 10102 192 2922 0 0
40 106 10127 195 4933 0 0
126 46 10120 212 7460 0 0
110 38 10099 191 772715 0 0
75 35 10121 207 6491 0 0
110 20 10109 202 965 0 0
21 38 10092 198 734 0 0
11 55 10099 201 3962 0 0
7 59 10106 208 11671 0 0
39 69 10100 198 4630 0 0
72 38 10101 199 3743 0 0
59 78 10122 215 7885 0 0
122 110 10103 212 5018 0 0
62 85 10111 196 4208 0 0
99 72 10106 209 7720 0 0
95 38 10110 200 4846 0 0
31 78 10112 211 2070 0 0
55 108 10111 215 6871 0 0
65 95 10092 221 6009 0 0
6 51 10111 201 5923 0 0
68 47 10102 219 1079 0 0
115 2 10098 219 1087 0 0
10 113 10113 204 32900 0 0
106 118 10106 206 6656 0 0
8 105 10107 191 3932 0 0
30 52 10104 218 2888 0 0
85 63 10102 198 14107 0 0
71 114 10114 210 7582 0 0
109 115 10112 214 6252 0 0
12 37 10120 202 3430 0 0
18 110 10126 211 5415 0 0
112 91 10130 211 4183 0 0
0 11 10115 202 7415 0 0
36 17 10103 224 10289 0 0
69 8 10097 225 9030 0 0
105 27 10127 190 6438 0 0
116 111 10094 211 6041 0 0
20 65 10114 196 902 0 0
90 35 10118 208 1735 0 0
30 55 10103 199 7329 0 0
81 83 10094 212 2807 0 0
97 95 10103 219 4846 0 0
96 26 10119 207 134993 0 0
118 111 10097 210 25593 0 0
83 42 10111 215 17 0 0
12 90 10119 208 7689 0 0
124 11 10106 201 4818 0 0
57 89 10117 207 26261 0 0
78 79 10106 200 25525 0 0
12 125 10117 221 7250 0 0
122 20 10066 170 971202 0 0
97 120 10102 203 7882 0 0
121 77 10111 224 10217 0 0
58 103 10103 209 26770 0 0
78 34 10104 201 2063 0 0
97 73 10100 199 118766 0 0
80 26 10097 211 7744 0 0
18 88 10129 219 6666 0 0
10 78 10119 214 76241 0 0
72 9 10103 196 1243 0 0
47 3 10116 186 6911 0 0
91 62 10079 217 5323 0 0
23 15 10120 223 28389 0 0
80 40 10098 202 5948 0 0
68 81 10107 215 6367 0 0
38 120 10108 204 5407 0 0
91 13 10081 184 26434 0 0
16 105 10119 189 31434 0 0
38 117 10107 191 40580 0 0
18 71 10125 212 107299 0 0
101 43 10117 204 13692 0 0
86 47 10111 222 1313 0 0
97 41 10105 201 17282 0 0
27 28 10105 202 12768 0 0
78 75 10105 211 1565 0 0
40 58 10126 220 115386 0 0
86 118 10113 203 26127 0 0
35 68 10123 226 5351 0 0
65 81 10093 216 2171 0 0
51 21 10116 206 2848 0 0
58 31 10104 207 7563 0 0
44 21 10119 207 3324 0 0
41 72 10111 210 11748 0 0
18 4 10130 196 4974 0 0
61 3 10118 187 1829 0 0
91 45 10080 189 13831 0 0
17 94 10097 201 7048 0 0
126 84 10119 195 5191 0 0
14 78 10109 216 8605 0 0
76 24 10111 183 60384 0 0
109 29 10113 197 7486 0 0
3 7 10095 231 2840 0 0
10 55 10120 202 21817 0 0
71 8 10115 226 14674 0 0
84 83 10120 213 6839 0 0
64 40 10112 203 7015 0 0
87 18 10111 212 1125 0 0
54 95 10104 222 1684 0 0
103 70 10101 212 4906 0 0
10 32 10121 222 7149 0 0
89 32 10126 221 4656 0 0
44 47 10115 221 67381 0 0
111 39 10118 209 15323 0 0
46 121 10113 212 4185 0 0
99 18 10107 211 7303 0 0
89 116 10124 209 4877 0 0
5 8 10096 228 5374 0 0
5 25 10094 214 5270 0 0
81 72 10093 211 1548 0 0
54 37 10106 203 10172 0 0
1 72 10094 208 6283 0 0
13 66 10081 204 14881 0 0
125 62 10108 218 7115 0 0
0 115 10113 212 27389 0 0
101 11 10123 203 17413 0 0
49 126 10112 211 892 0 0
62 40 10112 205 7180 0 0
17 71 10098 214 2315 0 0
43 112 10094 199 4345 0 0
33 127 10119 225 1371 0 0
48 125 10107 225 5763 0 0
24 14 10093 216 26135 0 0
61 118 10119 208 5617 0 0
72 114 10102 209 4423 0 0
14 123 10110 222 3074 0 0
12 2 10121 220 7309 0 0
74 26 10110 208 37097 0 0
54 68 10107 227 6517 0 0
95 107 10112 207 11344 0 0
62 44 10113 218 878 0 0
43 70 10095 211 6945 0 0
43 123 10096 223 1673 0 0
21 7 10097 230 30717 0 0
11 1 10100 218 3414 0 0
66 108 10103 213 5154 0 0
12 6 10122 210 16572 0 0
115 122 10099 208 1741 0 0
33 118 10115 205 22718 0 0
69 3 10098 188 6927 0 0
89 124 10127 221 5174 0 0
104 96 10119 200 6279 0 0
113 55 10106 203 4972 0 0
91 40 10082 204 1828 0 0
20 80 10111 210 157308 0 0
53 10 10105 222 15178 0 0
85 0 10103 209 24 0 0
66 12 10104 219 1146 0 0
44 30 10120 209 7835 0 0
25 127 10094 226 6038 0 0
93 116 10122 210 15781 0 0
77 7 10112 232 8419 0 0
83 46 10112 214 3269 0 0
113 105 10105 193 4462 0 0
122 21 10100 205 188399 0 0
89 10 10128 224 4739 0 0
120 14 10098 215 103608 0 0
67 33 10101 213 109648 0 0
120 64 10099 213 4121 0 0
107 20 10107 203 7611 0 0
99 42 10108 216 4548 0 0
75 10 10122 223 14465 0 0
16 43 10118 206 4525 0 0
23 51 10122 200 6076 0 0
5 67 10097 221 5608 0 0
35 30 10124 210 1109 0 0
102 117 10113 192 1245 0 0
67 42 10103 217 7341 0 0
58 96 10105 199 7727 0 0
109 42 10114 218 4119 0 0
23 14 10123 217 21901 0 0
80 103 10100 210 5457 0 0
69 45 10099 190 4958 0 0
125 90 10109 209 14477 0 0
126 82 10121 198 3237 0 0
105 107 10128 208 13117 0 0
123 43 10093 205 5800 0 0
113 84 10104 196 15105 0 0
95 60 10113 218 1423 0 0
122 14 10104 218 4410 0 0
85 46 10099 210 90804 0 0
6 119 10112 224 31669 0 0
108 53 10118 210 6789 0 0
91 27 10083 192 6141 0 0
70 99 10118 214 2211 0 0
30 121 10105 211 3622 0 0
79 66 10115 205 5731 0 0
9 123 10100 221 517 0 0
117 114 10115 213 4007 0 0
90 36 10119 218 3422 0 0
118 88 10096 218 89025 0 0
91 12 10084 220 3230 0 0
59 114 10123 212 13515 0 0
99 69 10109 199 12043 0 0
7 68 10109 228 22 0 0
12 15 10123 225 4857 0 0
55 71 10112 215 4107 0 0
58 78 10106 217 22399 0 0
107 81 10106 217 6729 0 0
63 83 10122 211 5980 0 0
104 7 10118 233 6235 0 0
47 13 10117 185 21260 0 0
116 50 10095 217 7222 0 0
57 59 10119 209 25168 0 0
86 28 10116 203 5943 0 0
118 113 10101 207 925 0 0
51 86 10117 216 3891 0 0
27 73 10104 202 6376 0 0
74 121 10111 210 12444 0 0
24 52 10094 219 2565 0 0
84 123 10121 224 5016 0 0
111 69 10119 200 7255 0 0
92 9 10103 197 74997 0 0
118 1 10100 217 6902 0 0
42 41 10095 194 1345600 0 0
54 77 10105 226 15991 0 0
36 78 10106 218 70 0 0
26 29 10130 198 5193 0 0
47 5 10118 194 10281 0 0
80 30 10099 208 54708 0 0
11 69 10097 196 23766 0 0
60 85 10103 197 7529 0 0
10 3 10122 192 5656 0 0
57 111 10118 213 4068 0 0
17 95 10099 223 10627 0 0
68 51 10110 202 1238 0 0
118 77 10098 227 4059 0 0
34 108 10066 169 1590522 0 0
20 87 10113 214 5948 0 0
5 103 10098 212 5399 0 0
102 53 10114 213 7925 0 0
62 88 10114 220 11091 0 0
36 90 10107 210 7821 0 0
58 91 10107 212 8896 0 0
56 3 10101 190 6093 0 0
68 108 10109 216 12020 0 0
78 13 10107 187 8306 0 0
117 80 10114 217 463 0 0
41 81 10112 218 4431 0 0
2 3 10107 191 25327 0 0
38 56 10109 212 1892 0 0
95 55 10103 191 746874 0 0
77 5 10113 195 7982 0 0
66 72 10105 212 13190 0 0
107 8 10109 227 61284 0 0
119 28 10109 204 1277 0 0
101 78 10124 219 2087 0 0
124 108 10107 217 4011 0 0
59 63 10124 200 7861 0 0
25 10 10095 225 7088 0 0
8 74 10108 198 6702 0 0
14 71 10112 216 6622 0 0
116 115 10098 215 5476 0 0
73 103 10122 213 2827 0 0
119 80 10061 154 1626729 0 0
8 100 10105 219 86662 0 0
114 47 10105 223 9391 0 0
15 53 10127 211 7224 0 0
55 40 10113 206 82950 0 0
15 80 10126 216 7973 0 0
14 95 10097 210 937275 0 0
28 48 10121 209 5118 0 0
84 79 10119 199 7626 0 0
101 54 10125 201 802 0 0
27 13 10106 186 3493 0 0
57 22 10113 199 230394 0 0
75 63 10125 199 1503 0 0
68 28 10108 201 7178 0 0
123 103 10099 211 47231 0 0
127 97 10110 220 244 0 0
105 20 10129 204 29130 0 0
116 16 10096 207 16353 0 0
27 33 10085 178 654465 0 0
126 43 10075 177 805900 0 0
6 88 10113 221 2879 0 0
56 22 10102 201 7187 0 0
77 96 10111 198 6095 0 0
12 117 10073 156 1296910 0 0
103 108 10102 218 3500 0 0
48 89 10108 208 2799 0 0
123 9 10100 198 4316 0 0
52 121 10094 213 26217 0 0
69 114 10100 211 34523 0 0
64 80 10113 219 4977 0 0
11 85 10101 198 7192 0 0
3 13 10096 188 5656 0 0
106 74 10107 199 7253 0 0
7 80 10108 218 27275 0 0
109 53 10115 212 16485 0 0
14 102 10111 206 2560 0 0
113 3 10107 189 15001 0 0
13 88 10083 222 4011 0 0
77 68 10114 230 28400 0 0
19 100 10106 222 15282 0 0
95 16 10111 205 46557 0 0
31 111 10115 212 10633 0 0
25 71 10096 217 15829 0 0
105 113 10130 208 7575 0 0
78 23 10108 222 5206 0 0
6 89 10115 209 7716 0 0
99 80 10110 222 1850 0 0
123 66 10101 206 1755 0 0
69 36 10101 219 2495 0 0
107 111 10111 215 937 0 0
63 55 10124 205 26067 0 0
123 120 10102 205 38195 0 0
107 82 10110 199 3111 0 0
73 47 10121 224 7640 0 0
111 33 10120 214 5023 0 0
96 111 10122 214 28745 0 0
85 80 10104 223 1267 0 0
39 25 10102 215 10955 0 0
53 23 10106 221 25674 0 0
82 126 10107 212 3483 0 0
33 6 10120 211 6229 0 0
26 19 10133 205 3411 0 0
7 100 10111 223 24310 0 0
96 25 10121 216 9221 0 0
90 68 10120 231 4965 0 0
16 44 10121 219 4466 0 0
38 117 10111 193 4913 0 0
65 50 10095 218 7798 0 0
49 70 10113 213 6868 0 0
76 72 10114 213 13722 0 0
10 91 10123 213 7439 0 0
35 38 10127 201 1234 0 0
66 127 10106 227 26926 0 0
57 31 10120 209 6426 0 0
14 86 10114 217 5710 0 0
14 118 10113 209 3451 0 0
121 8 10114 229 4590 0 0
38 118 10110 210 6850 0 0
91 100 10086 224 5632 0 0
114 18 10107 213 34173 0 0
63 4 10123 197 7378 0 0
7 123 10113 226 4891 0 0
44 52 10121 220 5629 0 0
26 113 10131 209 3334 0 0
91 59 10085 210 7893 0 0
3 124 10097 222 4089 0 0
65 20 10094 205 37424 0 0
123 57 10098 211 60470 0 0
5 50 10099 219 2886 0 0
26 96 10132 202 9756 0 0
5 40 10095 201 2540 0 0
119 125 10111 226 928 0 0
125 9 10110 199 6788 0 0
104 2 10120 221 7117 0 0
68 84 10112 197 8841 0 0
19 107 10107 209 14981 0 0
38 41 10112 203 11522 0 0
120 42 10100 219 1564 0 0
15 23 10125 220 106394 0 0
123 94 10103 203 4531 0 0
39 80 10101 221 31919 0 0
126 91 10122 214 9837 0 0
118 119 10099 225 15705 0 0
61 105 10120 195 6048 0 0
29 55 10107 204 6330 0 0
74 103 10112 214 4629 0 0
35 80 10126 220 29084 0 0
107 16 10108 206 5270 0 0
115 31 10100 210 14219 0 0
106 116 10108 211 5310 0 0
98 21 10117 209 6062 0 0
1 118 10097 207 3596 0 0
0 43 10116 207 29015 0 0
75 7 10124 234 21862 0 0
43 38 10097 203 6050 0 0
40 94 10129 202 5796 0 0
116 57 10097 212 1577 0 0
26 57 10134 213 158 0 0
97 64 10106 214 12715 0 0
116 4 10099 198 347 0 0
12 96 10124 201 1952 0 0
7 30 10114 211 5844 0 0
95 96 10115 203 4386 0 0
7 21 10110 208 6132 0 0
62 26 10115 213 6209 0 0
34 84 10106 198 6013 0 0
65 78 10096 220 7952 0 0
7 68 10112 229 6754 0 0
1 81 10099 219 17868 0 0
61 114 10121 214 3921 0 0
2 116 10109 212 13840 0 0
73 40 10123 207 14630 0 0
98 57 10118 214 3992 0 0
38 88 10113 224 770 0 0
11 112 10102 202 7416 0 0
19 80 10108 224 14783 0 0
76 39 10113 210 30826 0 0
87 83 10049 149 1331107 0 0
111 89 10121 210 14487 0 0
36 99 10104 215 8378 0 0
2 9 10110 200 4607 0 0
12 90 10125 211 4932 0 0
119 49 10110 196 5534 0 0
26 65 10129 197 9722 0 0
68 106 10111 197 7269 0 0
50 106 10107 196 105429 0 0
32 53 10102 214 3653 0 0
34 124 10107 223 4176 0 0
40 70 10130 214 6254 0 0
80 120 10101 206 20426 0 0
31 116 10116 213 4040 0 0
18 99 10127 213 6706 0 0
106 119 10063 165 1544268 0 0
38 71 10114 218 4745 0 0
61 60 10123 219 1090 0 0
27 36 10107 220 14198 0 0
91 73 10087 203 25840 0 0
99 60 10061 168 1579141 0 0
24 65 10095 198 4043 0 0
75 32 10126 223 3255 0 0
97 115 10107 216 7557 0 0
23 74 10124 200 4753 0 0
93 3 10124 193 5311 0 0
127 106 10111 198 6317 0 0
72 42 10105 220 2024 0 0
21 73 10099 204 1690 0 0
121 31 10113 208 5438 0 0
90 127 10121 228 5157 0 0
26 99 10128 212 4311 0 0
98 118 10119 212 7777 0 0
115 97 10101 221 19516 0 0
123 80 10104 226 759 0 0
46 38 10114 205 9254 0 0
25 108 10097 220 4452 0 0
125 74 10111 201 2683 0 0
48 93 10091 186 998210 0 0
42 44 10107 220 26836 0 0
90 73 10122 205 5385 0 0
35 124 10128 224 3751 0 0
4 64 10111 215 5738 0 0
124 14 10108 219 7553 0 0
2 118 10108 211 1952 0 0
115 124 10102 225 5236 0 0
71 74 10116 202 7547 0 0
88 34 10110 203 21973 0 0
60 92 10104 228 6484 0 0
117 80 10116 225 11797 0 0
48 39 10110 211 7679 0 0
64 51 10114 203 2462 0 0
29 126 10108 213 23619 0 0
126 9 10123 201 4580 0 0
103 120 10103 207 9608 0 0
29 12 10109 221 1690 0 0
22 77 10101 228 43032 0 0
24 38 10096 204 15120 0 0
32 16 10104 209 7135 0 0
32 118 10105 213 6825 0 0
18 77 10131 229 31333 0 0
2 106 10111 200 4228 0 0
100 94 10099 204 4870 0 0
80 112 10102 203 468 0 0
33 121 10121 216 4947 0 0
11 38 10103 206 1206 0 0
70 88 10124 225 14759 0 0
74 39 10115 213 7675 0 0
92 16 10104 208 19891 0 0
32 101 10103 220 5033 0 0
50 35 10108 210 2165 0 0
70 26 10121 212 13877 0 0
62 85 10116 199 7277 0 0
124 109 10109 195 11144 0 0
0 39 10118 212 24127 0 0
96 69 10123 201 15415 0 0
119 5 10112 196 4866 0 0
61 30 10122 212 10753 0 0
20 56 10115 213 24475 0 0
13 40 10085 208 4961 0 0
70 123 10122 225 81666 0 0
31 35 10114 209 91644 0 0
9 53 10099 209 89228 0 0
70 121 10123 215 17701 0 0
48 2 10111 222 6100 0 0
53 36 10109 222 2547 0 0
1 36 10100 221 15735 0 0
6 105 10114 194 5896 0 0
118 105 10103 197 1097 0 0
75 83 10127 214 19272 0 0
43 116 10098 214 9111 0 0
66 88 10107 223 77805 0 0
9 55 10101 206 22057 0 0
45 92 10101 229 12513 0 0
97 68 10109 232 10734 0 0
11 113 10104 212 4505 0 0
40 87 10131 216 553 0 0
88 97 10018 112 1893533 0 0
81 119 10095 226 6349 0 0
88 94 10111 205 27867 0 0
116 26 10100 214 11966 0 0
32 29 10107 199 4790 0 0
101 112 10127 204 2070 0 0
111 27 10117 191 175014 0 0
11 95 10105 224 7144 0 0
52 106 10095 199 11034 0 0
74 49 10113 195 59685 0 0
81 70 10097 215 25076 0 0
42 41 10109 205 5215 0 0
68 102 10113 208 16042 0 0
6 116 10116 215 1832 0 0
15 107 10091 178 658214 0 0
114 36 10108 223 13392 0 0
75 1 10123 216 120811 0 0
115 51 10103 204 12552 0 0
98 12 10120 222 1931 0 0
76 4 10117 199 1592 0 0
39 82 10104 200 7419 0 0
53 87 10108 215 17745 0 0
112 49 10131 197 6860 0 0
92 109 10105 196 3355 0 0
75 43 10128 208 7588 0 0
49 102 10114 207 7631 0 0
0 115 10120 217 4821 0 0
49 41 10116 204 4593 0 0
32 113 10106 210 24183 0 0
40 118 10132 216 6780 0 0
39 105 10103 196 6460 0 0
54 32 10108 224 12469 0 0
87 118 10112 217 6921 0 0
120 26 10102 216 1425 0 0
41 0 10113 210 4349 0 0
0 21 10117 210 61911 0 0
9 21 10102 211 11102 0 0
110 63 10113 201 9975 0 0
95 119 10114 227 2124 0 0
97 127 10108 229 25678 0 0
120 26 10101 215 11260 0 0
127 25 10112 217 5372 0 0
125 50 10114 221 4346 0 0
101 113 10126 211 4469 0 0
65 103 10097 215 7107 0 0
104 26 10121 217 5569 0 0
69 31 10102 212 112 0 0
123 55 10105 207 13144 0 0
95 113 10116 215 1053 0 0
118 101 10102 219 4688 0 0
61 54 10125 203 6955 0 0
51 30 10119 213 6370 0 0
60 85 10105 200 5048 0 0
98 119 10116 228 6881 0 0
124 12 10110 224 13669 0 0
119 92 10113 230 5638 0 0
84 17 10122 226 5625 0 0
77 5 10116 198 30833 0 0
121 57 10115 215 5832 0 0
88 58 10112 223 530 0 0
122 28 10105 206 5384 0 0
65 81 10098 220 7627 0 0
0 68 10119 233 31625 0 0
56 113 10103 213 10023 0 0
35 38 10130 207 5977 0 0
46 96 10115 205 7499 0 0
53 59 10110 212 6662 0 0
94 122 10103 209 7177 0 0
58 28 10109 207 1664 0 0
49 120 10117 208 4138 0 0
48 96 10109 204 30151 0 0
65 63 10099 202 5820 0 0
114 60 10109 220 6221 0 0
85 60 10105 222 5208 0 0
115 20 10104 206 4907 0 0
110 118 10112 215 18671 0 0
21 106 10100 201 11833 0 0
77 72 10115 214 25725 0 0
69 5 10103 199 10049 0 0
34 95 10108 225 6105 0 0
39 3 10105 194 7187 0 0
81 104 10096 201 109071 0 0
8 18 10111 214 7293 0 0
76 16 10116 210 31711 0 0
115 19 10105 206 11362 0 0
76 38 10115 202 95002 0 0
8 59 10109 211 15479 0 0
77 6 10117 212 3825 0 0
62 107 10117 210 861 0 0
86 98 10117 209 7869 0 0
60 31 10106 213 4974 0 0
115 54 10106 202 4976 0 0
51 60 10118 221 83998 0 0
62 104 10118 202 554 0 0
20 90 10116 212 7599 0 0
24 118 10097 214 7939 0 0
112 116 10132 216 2763 0 0
68 124 10114 226 4302 0 0
92 24 10106 186 2929 0 0
99 67 10111 222 5806 0 0
70 87 10125 218 10203 0 0
107 121 10113 217 4656 0 0
75 114 10129 216 7797 0 0
24 83 10098 215 4754 0 0
123 44 10106 221 2875 0 0
80 21 10103 212 817 0 0
22 86 10103 218 2907 0 0
55 75 10114 213 6060 0 0
52 88 10096 226 4858 0 0
44 91 10122 215 7488 0 0
3 75 10098 212 2409 0 0
84 51 10124 205 13100 0 0
61 71 10124 219 7786 0 0
44 32 10123 225 6813 0 0
88 80 10114 227 5262 0 0
31 18 10117 216 1771 0 0
115 79 10107 201 7820 0 0
30 126 10106 215 7669 0 0
26 12 10135 223 6346 0 0
76 37 10118 204 41775 0 0
49 87 10118 217 28105 0 0
9 60 10103 223 5765 0 0
29 69 10111 202 4157 0 0
13 56 10084 214 7864 0 0
67 81 10104 222 5507 0 0
70 45 10126 191 12023 0 0
45 38 10102 208 3323 0 0
42 119 10108 229 5629 0 0
114 3 10110 195 3943 0 0
8 102 10112 209 3470 0 0
41 47 10116 226 7835 0 0
87 122 10113 210 4912 0 0
90 93 10123 206 12387 0 0
53 94 10111 206 6616 0 0
120 18 10104 215 4090 0 0
82 28 10108 205 99706 0 0
27 52 10108 221 6559 0 0
19 86 10109 219 10697 0 0
32 20 10108 207 30218 0 0
49 89 10119 211 7851 0 0
20 90 10117 213 13243 0 0
97 74 10110 203 11037 0 0
49 119 10115 230 6744 0 0
18 120 10132 210 6129 0 0
110 66 10111 207 109983 0 0
97 72 10111 215 4867 0 0
33 81 10123 221 20991 0 0
82 93 10109 207 6319 0 0
52 19 10097 207 7213 0 0
66 44 10108 222 7937 0 0
107 77 10114 230 6475 0 0
17 30 10101 214 6605 0 0
73 65 10127 199 25416 0 0
49 67 10120 223 3070 0 0
101 47 10128 225 4825 0 0
74 1 10114 220 7747 0 0
4 15 10112 226 6245 0 0
73 24 10126 188 5963 0 0
89 108 10129 221 5091 0 0
65 71 10100 220 7100 0 0
92 120 10107 209 18781 0 0
17 92 10100 232 5455 0 0
33 24 10122 187 5324 0 0
111 68 10122 234 4907 0 0
63 101 10125 223 6769 0 0
41 88 10114 227 23695 0 0
25 101 10099 224 13617 0 0
20 85 10118 202 4057 0 0
37 26 10103 218 44627 0 0
50 73 10109 206 119 0 0
15 48 10128 210 2030 0 0
21 76 10101 209 259 0 0
119 54 10114 204 7212 0 0
80 83 10104 216 29477 0 0
22 65 10104 200 1983 0 0
43 123 10099 228 5570 0 0
103 70 10104 216 5393 0 0
38 88 10115 228 6738 0 0
19 95 10110 226 5793 0 0
120 92 10105 231 21998 0 0
88 113 10113 216 31709 0 0
73 22 10128 202 4528 0 0
90 104 10124 203 4401 0 0
92 95 10109 227 30087 0 0
68 0 10116 211 3774 0 0
85 78 10106 223 474 0 0
5 97 10102 223 4285 0 0
48 127 10112 230 4641 0 0
99 87 10112 219 5250 0 0
73 85 10125 201 74797 0 0
114 94 10111 207 18730 0 0
29 2 10110 223 24777 0 0
118 97 10104 224 536 0 0
6 33 10117 215 4866 0 0
46 57 10116 217 4195 0 0
42 32 10110 227 7206 0 0
34 8 10109 230 4339 0 0
84 122 10126 211 5597 0 0
91 54 10088 205 6450 0 0
36 24 10108 189 15274 0 0
101 106 10131 204 2853 0 0
101 77 10129 231 6296 0 0
92 107 10110 211 3533 0 0
114 28 10112 208 3072 0 0
41 18 10117 217 11101 0 0
85 56 10107 215 13820 0 0
68 113 10115 217 20641 0 0
24 101 10099 225 2862 0 0
54 44 10111 223 6452 0 0
66 112 10109 206 5415 0 0
126 85 10124 203 5473 0 0
8 50 10110 220 111500 0 0
32 78 10109 224 7835 0 0
49 123 10121 227 10259 0 0
103 13 10105 189 3080 0 0
21 73 10102 207 8977 0 0
33 15 10124 227 1435 0 0
21 41 10098 202 230187 0 0
100 2 10100 224 3452 0 0
5 32 10103 226 4952 0 0
84 111 10127 216 7860 0 0
120 68 10106 236 10347 0 0
67 118 10105 218 5703 0 0
75 89 10130 212 29201 0 0
9 41 10104 206 15038 0 0
58 25 10110 218 5105 0 0
110 116 10114 217 6651 0 0
104 59 10122 213 3847 0 0
47 119 10119 231 4250 0 0
16 112 10120 201 106276 0 0
57 56 10121 216 2375 0 0
1 62 10102 219 4250 0 0
119 89 10115 213 3164 0 0
94 21 10104 213 29624 0 0
118 20 10105 208 7213 0 0
38 19 10116 208 3518 0 0
15 120 10129 211 4183 0 0
59 34 10127 204 4164 0 0
105 88 10131 229 3620 0 0
46 101 10117 226 5532 0 0
53 61 10112 196 7620 0 0
120 21 10108 214 2288 0 0
33 20 10125 209 5283 0 0
22 79 10105 202 4744 0 0
117 68 10117 235 508 0 0
120 49 10107 198 733 0 0
35 78 10129 221 109402 0 0
104 101 10124 227 3444 0 0
104 117 10123 194 5440 0 0
79 93 10117 211 6655 0 0
14 0 10115 215 2641 0 0
104 106 10125 205 4386 0 0
39 121 10106 218 26589 0 0
121 25 10116 219 4851 0 0
111 87 10124 220 4943 0 0
54 93 10110 209 6958 0 0
105 120 10132 212 1857 0 0
47 16 10120 212 7698 0 0
49 104 10122 204 4362 0 0
64 31 10115 214 7204 0 0
55 71 10115 221 6119 0 0
96 16 10124 211 6286 0 0
13 113 10086 218 4148 0 0
33 41 10126 207 1212 0 0
123 2 10107 225 7669 0 0
42 97 10111 225 4213 0 0
116 0 10101 212 4890 0 0
76 84 10119 199 5845 0 0
64 6 10116 213 7702 0 0
56 34 10104 205 2863 0 0
92 50 10108 222 4362 0 0
100 75 10101 215 9749 0 0
103 72 10106 216 987 0 0
117 116 10119 218 7474 0 0
72 0 10106 214 6069 0 0
127 103 10113 216 45164 0 0
54 4 10112 200 1964 0 0
12 115 10126 218 66423 0 0
22 27 10106 195 653 0 0
38 2 10117 226 9054 0 0
116 30 10102 215 6916 0 0
94 91 10105 216 50061 0 0
2 28 10112 209 5832 0 0
69 78 10104 225 4288 0 0
95 120 10117 213 5032 0 0
25 76 10100 210 2368 0 0
5 108 10104 222 4958 0 0
91 87 10089 224 200 0 0
42 10 10112 226 6033 0 0
32 10 10110 227 708 0 0
64 14 10052 151 1934582 0 0
19 0 10111 213 4587 0 0
62 23 10119 223 6501 0 0
71 106 10117 206 3429 0 0
54 1 10109 222 5288 0 0
73 97 10124 222 45 0 0
119 44 10116 224 6114 0 0
117 107 10118 212 20227 0 0
80 94 10106 208 1694 0 0
47 121 10063 165 1709619 0 0
120 1 10103 221 30315 0 0
32 4 10111 201 1634 0 0
65 34 10102 206 6034 0 0
61 31 10127 215 1138 0 0
24 31 10100 216 6988 0 0
112 43 10133 210 11264 0 0
13 61 10082 195 470536 0 0
108 1 10119 223 4092 0 0
21 49 10103 199 3246 0 0
67 27 10106 194 7532 0 0
16 84 10123 200 6403 0 0
9 117 10105 195 63 0 0
47 96 10121 207 9963 0 0
104 97 10126 227 1054 0 0
36 108 10110 223 3150 0 0
36 89 10109 214 7666 0 0
5 57 10101 216 96236 0 0
81 2 10098 227 5011 0 0
27 87 10109 221 6343 0 0
46 115 10118 219 3523 0 0
4 86 10113 220 27662 0 0
 6047 0 0
61 15 10128 228 5941 0 0
19 39 10112 214 11331 0 0
70 22 10127 203 18037 0 0
116 117 10104 197 3826 0 0
71 117 10120 196 2453 0 0
61 93 10126 208 83126 0 0
78 100 10109 226 4422 0 0
22 65 10104 200 1983 0 0
105 31 10133 217 6369 0 0
3 110 10099 213 72028 0 0
101 36 10133 224 4577 0 0
28 125 10122 230 5149 0 0
54 1 10109 222 5288 0 0
4 123 10114 230 4050 0 0
79 84 10118 201 3792 0 0
4 9 10115 202 1386 0 0
41 54 10118 206 3503 0 0
25 113 10098 214 244300 0 0
76 79 10120 203 3800 0 0
67 17 10109 228 6649 0 0
105 25 10135 223 2837 0 0
30 10 10108 228 2127 0 0
26 54 10137 207 957 0 0
114 88 10113 230 1402 0 0
63 54 10127 209 561 0 0
79 119 10119 234 5629 0 0
56 86 10105 221 15832 0 0
39 60 10108 225 2444 0 0
25 87 10101 225 4357 0 0
68 49 10117 200 8271 0 0
95 60 10121 224 4926 0 0
29 90 10112 214 216544 0 0
104 82 10127 201 4952 0 0
34 27 10110 196 18791 0 0
46 63 10120 204 3434 0 0
116 14 10103 220 7555 0 0
39 7 10107 236 28442 0 0
23 95 10126 229 6178 0 0
63 54 10128 211 6026 0 0
46 115 10118 219 3523 0 0
63 31 10126 218 14928 0 0
62 47 10122 227 6573 0 0
85 81 10108 223 140445 0 0
120 1 10103 221 30315 0 0
50 112 10110 208 7035 0 0
44 93 10126 212 4440 0 0
62 17 10120 229 4252 0 0
96 49 10125 201 6121 0 0
42 7 10113 237 5545 0 0
53 54 10114 210 12993 0 0
24 59 10101 214 13880 0 0
59 50 10129 224 7317 0 0
97 25 10113 221 12508 0 0
94 21 10104 213 29624 0 0
126 94 10125 209 1757 0 0
93 52 10127 222 4002 0 0
25 101 10099 224 13617 0 0
101 12 10134 227 1108 0 0
81 38 10099 210 7911 0 0
4272 0 0
67 0 10110 216 7969 0 0
61 93 10126 208 83126 0 0
1 0 10098 208 933811 0 0
101 21 10136 215 21081 0 0
25 17 10102 230 6220 0 0
85 120 10110 216 15361 0 0
108 24 10120 192 20433 0 0
60 123 10108 231 5833 0 0
126 124 10126 229 1760 0 0
89 90 10134 217 1965 0 0
13 88 10083 222 4011 0 0
71 52 10121 223 7819 0 0
73 30 10130 216 4689 0 0
11 4 10106 203 5731 0 0
24 88 10103 232 6712 0 0
98 123 10122 232 5198 0 0
102 57 10115 219 7035 0 0
4 64 10111 215 5738 0 0
10 11 10124 204 4111 0 0
50 109 10111 198 19667 0 0
111 3 10126 196 11618 0 0
103 72 10106 216 987 0 0
63 1 10130 225 5594 0 0
12 115 10126 218 66423 0 0
56 40 10108 210 5802 0 0
101 18 10132 218 126947 0 0
88 113 10113 216 31709 0 0
118 9 10055 161 1549013 0 0
37 8 10107 233 2348 0 0
50 55 10114 208 7339 0 0
10 91 10123 213 7439 0 0
18 72 10134 218 487 0 0
92 52 10111 224 24257 0 0
96 110 10126 215 7811 0 0
21 41 10098 202 230187 0 0
117 80 10114 217 463 0 0
11 95 10105 224 7144 0 0
37 125 10104 228 28567 0 0
47 96 10121 207 9963 0 0
68 87 10118 226 4631 0 0
121 81 10118 225 3777 0 0
122 4 10107 202 5280 0 0
34 42 10112 222 4110 0 0
6 8 10118 235 31000 0 0
42 0 10115 217 7848 0 0
9 60 10103 223 5765 0 0
114 47 10114 228 3052 0 0
126 82 10127 204 1266 0 0
87 19 10115 209 5735 0 0
106 2 10110 228 6751 0 0
56 84 10107 204 29233 0 0
29 48 10114 211 3347 0 0
4 123 10114 230 4050 0 0
63 5 10132 202 1781 0 0
8 16 10116 215 23463 0 0
84 71 10130 222 5804 0 0
115 63 10110 207 6781 0 0
87 24 10114 190 116744 0 0
86 102 10119 211 123358 0 0
78 73 10112 211 6476 0 0
38 74 10120 205 4278 0 0
28 81 10123 226 8283 0 0
56 31 10109 220 3460 0 0
127 112 10116 209 1418 0 0
63 6 10131 215 6517 0 0
23 21 10129 216 4558 0 0
15 67 10130 226 786 0 0
3 29 10100 201 19965 0 0
97 25 10113 221 12508 0 0
63 8 10129 232 14538 0 0
102 81 10116 227 956 0 0
41 8 10119 236 4432 0 0
78 100 10109 226 4422 0 0
112 46 10135 217 4735 0 0
67 98 10111 210 19835 0 0
23 6 10127 216 3807 0 0
20 56 10115 213 24475 0 0
55 8 10121 234 11479 0 0
105 124 10136 227 122873 0 0
127 82 10115 203 4987 0 0
97 19 10114 210 133 0 0
34 98 10111 211 7358 0 0
69 121 10105 220 5580 0 0
62 126 10121 216 4002 0 0
70 87 10125 218 10203 0 0
124 16 10112 216 5264 0 0
36 30 10112 217 5718 0 0
99 82 10113 205 8871 0 0
64 37 10118 205 9538 0 0
57 5 10123 203 4321 0 0
109 56 10116 217 7264 0 0
0 39 10111 207 12121 0 0
101 69 10138 205 6098 0 0
121 14 10119 222 503 0 0
11 104 10095 200 138 0 0
42 68 10116 238 6233 0 0
52 122 10099 212 100448 0 0
24 71 10104 223 8270 0 0
55 78 10118 227 25290 0 0
106 55 10111 209 1170 0 0
6 52 10119 226 5745 0 0
123 108 10108 226 4438 0 0
109 98 10120 213 1196 0 0
105 58 10137 225 7844 0 0
83 12 10113 228 4194 0 0
105 68 10139 239 27 0 0
31 15 10119 230 4766 0 0
107 15 10115 229 13647 0 0
125 127 10115 233 4259 0 0
19 39 10112 214 11331 0 0
29 69 10111 202 4157 0 0
81 120 10101 217 10322 0 0
81 38 10099 210 7911 0 0
23 112 10125 205 4335 0 0
105 3 10138 197 8217 0 0
91 119 10091 235 5778 0 0
28 42 10124 223 5758 0 0
40 24 10133 191 5415 0 0
28 125 10122 230 5149 0 0
74 26 10116 220 11161 0 0
23 96 10128 209 10792 0 0
27 87 10109 221 6343 0 0
116 10 10105 229 6335 0 0
48 17 10114 231 2021 0 0
54 125 10113 231 4563 0 0
113 101 10108 228 3636 0 0
81 75 10102 216 13390 0 0
28 72 10125 220 5916 0 0
68 49 10117 200 8271 0 0
51 57 10121 221 1292 0 0
102 92 10117 237 7074 0 0
55 59 10122 216 4328 0 0
50 124 10113 228 65649 0 0
60 98 10109 212 5818 0 0
77 83 10119 218 6273 0 0
13 40 10085 208 4961 0 0
103 83 10108 217 7246 0 0
25 87 10101 225 4357 0 0
75 20 10131 211 4432 0 0
82 126 10110 217 80601 0 0
98 109 10123 199 7627 0 0
35 89 10132 216 3493 0 0
53 87 10115 227 12401 0 0
6 8 10122 238 834 0 0
95 48 10122 213 19539 0 0
110 11 10115 205 7335 0 0
103 92 10109 238 520 0 0
101 73 10135 209 2993 0 0
43 29 10102 202 12947 0 0
82 33 10111 216 10463 0 0
78 49 10113 202 7980 0 0
2 63 10113 208 25173 0 0
25 113 10098 214 244300 0 0
68 12 10119 229 5976 0 0
111 57 10127 220 14385 0 0
50 44 10115 227 3980 0 0
57 96 10124 211 3596 0 0
115 119 10113 236 3411 0 0
67 81 10104 222 5507 0 0
114 21 10115 218 7353 0 0
86 21 10121 217 14895 0 0
86 67 10118 225 107126 0 0
101 58 10137 224 49138 0 0
86 1 10120 226 81494 0 0
109 116 10121 220 5783 0 0
121 84 10117 205 111155 0 0
80 32 10108 228 7052 0 0
96 46 10127 218 5574 0 0
23 27 10130 198 645 0 0
19 124 10113 231 6512 0 0
81 8 10103 237 622 0 0
59 39 10130 216 4439 0 0
40 45 10135 194 24315 0 0
66 42 10111 224 683 0 0
89 80 10131 230 7785 0 0
93 78 10129 228 6860 0 0
87 85 10116 205 7888 0 0
8 63 10118 209 4810 0 0
118 22 10106 204 11201 0 0
90 9 10127 204 3073 0 0
67 47 10112 229 7989 0 0
69 27 10106 197 18162 0 0
93 125 10130 232 3163 0 0
9 4 10091 184 1495706 0 0
104 66 10130 208 7136 0 0
75 36 10133 227 4665 0 0
112 24 10136 193 15354 0 0
1 72 10094 208 6283 0 0
95 80 10119 229 32053 0 0
62 15 10123 231 16768 0 0
71 16 10122 217 6006 0 0
62 57 10124 222 5359 0 0
70 54 10130 212 31445 0 0
31 69 10118 203 5702 0 0
21 2 10105 229 7690 0 0
43 29 10101 200 2521 0 0
70 40 10129 211 111607 0 0
40 14 10134 223 6099 0 0
108 5 10122 204 4446 0 0
24 96 10105 212 376 0 0
115 56 10112 221 4880 0 0
89 47 10135 230 3526 0 0
73 108 10131 227 3158 0 0
6 100 10121 228 7388 0 0
75 18 10132 219 17520 0 0
96 32 10129 229 4242 0 0
73 85 10125 201 74797 0 0
3 75 10098 212 2409 0 0
1 59 10104 215 3721 0 0
86 17 10122 232 7282 0 0
58 9 10116 203 21119 0 0
53 71 10116 224 7154 0 0
114 88 10113 230 1402 0 0
95 47 10123 231 6417 0 0
99 86 10114 222 2469 0 0
1 93 10101 210 99940 0 0
26 12 10138 230 14830 0 0
33 86 10127 223 1897 0 0
83 46 10114 220 4785 0 0
125 59 10116 217 4477 0 0
15 4 10131 204 116995 0 0
8 33 10119 217 12513 0 0
108 56 10123 222 3629 0 0
108 41 10124 210 840 0 0
119 52 10118 225 6227 0 0
0 114 10121 217 231220 0 0
77 78 10121 229 5068 0 0
47 15 10122 232 3367 0 0
123 84 10110 208 6112 0 0
26 54 10137 207 957 0 0
109 91 10122 217 14318 0 0
120 55 10115 210 18367 0 0
59 80 10128 228 94248 0 0
72 44 10108 228 5422 0 0
70 20 10128 212 5218 0 0
5 17 10107 233 3981 0 0
24 127 10102 232 4029 0 0
77 63 10120 210 1489 0 0
58 46 10117 219 23339 0 0
126 77 10128 233 24860 0 0
82 0 10112 218 12362 0 0
81 63 10104 211 494 0 0
5 74 10108 206 5785 0 0
6 8 10123 239 5640 0 0
15 80 10126 216 7973 0 0
23 6 10132 217 1598 0 0
21 0 10106 219 12412 0 0
10 14 10127 224 7881 0 0
105 75 10141 217 480 0 0
90 110 10128 216 2399 0 0
105 23 10140 224 5496 0 0
120 92 10112 235 5062 0 0
109 15 10124 233 6530 0 0
29 4 10115 205 7477 0 0
115 97 10109 229 646 0 0
96 61 10128 198 23939 0 0
72 80 10107 232 4004 0 0
92 96 10113 210 91392 0 0
18 69 10135 206 19234 0 0
3 98 10102 214 6009 0 0
8 50 10110 220 111500 0 0
53 84 10113 202 28463 0 0
77 71 10122 225 1446 0 0
57 23 10125 225 4611 0 0
55 90 10119 216 5975 0 0
10 31 10126 221 3343 0 0
25 108 10103 225 16559 0 0
109 117 10123 198 6054 0 0
96 99 10120 218 1859 0 0
29 80 10113 231 6287 0 0
18 110 10136 217 7633 0 0
102 46 10119 221 1774 0 0
95 91 10124 218 5541 0 0
102 87 10118 228 11606 0 0
21 20 10109 214 5850 0 0
15 112 10132 210 4084 0 0
31 116 10120 221 1539 0 0
21 46 10107 222 4048 0 0
114 58 10116 226 18248 0 0
31 74 10121 207 3651 0 0
49 123 10127 233 7641 0 0
2 113 10116 219 5346 0 0
96 27 10130 199 7949 0 0
90 108 10126 224 5986 0 0
116 107 10106 213 6509 0 0
56 92 10110 236 6210 0 0
32 56 10112 223 23279 0 0
75 12 10136 231 644 0 0
80 114 10109 220 6568 0 0
103 43 10107 211 5964 0 0
41 124 10120 230 6499 0 0
124 88 10113 233 7591 0 0
66 112 10112 211 350 0 0
49 117 10126 199 2363 0 0
53 60 10117 228 3767 0 0
11 96 10107 213 8181 0 0
41 50 10121 225 5823 0 0
106 72 10112 219 7043 0 0
7 18 10117 220 7542 0 0
102 4 10120 206 1036 0 0
54 98 10114 215 4949 0 0
121 23 10120 226 6425 0 0
32 105 10113 198 4685 0 0
75 60 10135 227 6883 0 0
57 16 10126 218 6685 0 0
43 32 10103 230 1986 0 0
120 116 10117 222 5660 0 0
2 47 10117 232 10159 0 0
75 81 10134 228 115247 0 0
23 109 10133 201 4782 0 0
35 123 10134 234 5307 0 0
21 9 10108 205 5029 0 0
44 28 10127 211 2262 0 0
91 42 10092 225 43950 0 0
47 111 10123 218 1841 0 0
96 13 10131 191 4725 0 0
3 109 10103 200 18728 0 0
116 120 10107 218 29854 0 0
90 72 10129 222 7743 0 0
114 40 10117 213 12761 0 0
58 36 10115 226 4165 0 0
41 51 10122 207 6210 0 0
24 11 10106 207 3186 0 0
80 98 10110 216 391 0 0
20 57 10121 223 4663 0 0
3 16 10105 219 4244 0 0
55 67 10123 227 5863 0 0
85 72 10111 221 18454 0 0
126 49 10129 203 50974 0 0
34 50 10113 226 201 0 0
61 84 10130 207 6946 0 0
35 43 10133 212 6735 0 0
113 112 10109 212 18601 0 0
46 34 10121 207 6516 0 0
79 62 10121 220 5496 0 0
45 61 10104 199 4227 0 0
98 20 10124 213 4780 0 0
65 96 10103 214 6265 0 0
5 60 10105 226 10240 0 0
12 97 10128 230 6278 0 0
5 57 10101 216 96236 0 0
48 22 10115 205 7827 0 0
92 71 10076 188 701363 0 0
73 11 10132 206 127739 0 0
121 81 10121 229 15179 0 0
98 124 10125 232 7072 0 0
79 30 10122 218 5828 0 0
48 55 10116 212 7037 0 0
76 58 10121 227 15701 0 0
126 5 10130 206 560 0 0
22 90 10107 219 2479 0 0
58 84 10118 209 45536 0 0
108 28 10121 212 4696 0 0
22 4 10108 207 6845 0 0
49 53 10129 219 24245 0 0
72 107 10109 214 10459 0 0
23 41 10131 209 7077 0 0
3 42 10101 221 6441 0 0
120 108 10116 228 6646 0 0
13 115 10088 220 8992 0 0
92 105 10114 199 2613 0 0
81 64 10100 219 2610 0 0
61 29 10131 203 5935 0 0
41 76 10123 212 6773 0 0
92 91 10115 219 5711 0 0
72 99 10104 217 1069 0 0
79 80 10120 233 27237 0 0
122 66 10108 209 5751 0 0
58 10 10120 230 3284 0 0
25 41 10104 211 1302 0 0
111 40 10131 214 5340 0 0
56 2 10111 230 158 0 0
40 39 10137 217 709 0 0
1 48 10105 212 2539 0 0
30 93 10110 214 10848 0 0
111 13 10132 192 240 0 0
52 93 10100 213 2583 0 0
7 90 10118 218 5218 0 0
106 122 10114 213 2900 0 0
59 122 10131 214 4549 0 0
3 88 10104 234 42415 0 0
57 45 10127 195 20855 0 0
39 40 10109 215 3097 0 0
13 61 10082 195 470536 0 0
111 63 10129 212 4277 0 0
63 29 10133 204 7489 0 0
5 32 10103 226 4952 0 0
62 7 10125 238 2887 0 0
21 126 10110 218 14178 0 0
47 46 10125 224 5182 0 0
6 115 10124 223 14455 0 0
99 73 10005 109 1789164 0 0
40 76 10136 213 4295 0 0
64 52 10120 227 21017 0 0
91 66 10093 211 21802 0 0
43 25 10104 228 2172 0 0
123 43 10109 213 15541 0 0
107 78 10116 230 4870 0 0
58 123 10119 235 25541 0 0
36 117 10113 201 7548 0 0
103 85 10110 206 6831 0 0
111 43 10128 214 3288 0 0
96 62 10132 221 15449 0 0
103 26 10111 222 3763 0 0
89 46 10136 223 6022 0 0
11 18 10108 221 4118 0 0
62 21 10126 219 7561 0 0
68 31 10120 222 4923 0 0
67 20 10113 216 10435 0 0
25 76 10100 210 2368 0 0
70 7 10131 239 4397 0 0
92 91 10116 220 7382 0 0
92 101 10112 229 21287 0 0
2 32 10118 231 13262 0 0
108 96 10125 215 7827 0 0
8 43 10120 215 4338 0 0
86 26 10125 223 5209 0 0
20 9 10122 206 5638 0 0
14 119 10117 237 6747 0 0
22 6 10109 218 7334 0 0
114 116 10118 223 806 0 0
89 92 10137 240 33695 0 0
107 26 10117 221 4949 0 0
47 29 10124 205 7981 0 0
59 79 10133 205 10707 0 0
115 73 10111 212 4233 0 0
102 98 10121 219 853 0 0
88 2 10116 231 1601 0 0
77 103 10123 220 6936 0 0
19 124 10114 233 6142 0 0
11 8 10109 242 5287 0 0
27 78 10110 226 2738 0 0
23 38 10134 211 46200 0 0
56 64 10112 221 1470 0 0
51 31 10123 223 4011 0 0
46 111 10122 220 8240 0 0
78 115 10114 222 105471 0 0
120 127 10118 234 129 0 0
2 102 10114 212 8799 0 0
16 37 10124 207 8167 0 0
81 97 10105 233 7851 0 0
69 17 10107 234 7137 0 0
26 9 10140 207 5789 0 0
66 97 10113 231 6056 0 0
104 50 10131 227 28052 0 0
19 49 10115 204 3241 0 0
123 68 10111 240 6729 0 0
122 43 10109 216 5783 0 0
33 97 10128 234 4741 0 0
95 31 10125 224 7447 0 0
50 107 10117 215 837 0 0
81 9 10069 167 1226031 0 0
124 102 10114 213 2959 0 0
5 101 10109 230 6235 0 0
31 34 10122 208 16459 0 0
94 109 10107 202 10668 0 0
3 110 10099 213 72028 0 0
49 5 10128 205 73516 0 0
9 56 10106 219 4907 0 0
42 100 10117 229 66525 0 0
117 120 10120 219 2358 0 0
42 8 10118 241 2410 0 0
53 76 10118 214 15079 0 0
106 110 10115 219 2198 0 0
32 38 10114 212 8111 0 0
91 20 10094 215 6154 0 0
91 39 10096 218 4581 0 0
25 7 10105 240 4172 0 0
28 69 10126 207 23041 0 0
51 97 10122 232 25614 0 0
84 31 10131 225 6839 0 0
49 66 10125 210 2250 0 0
112 65 10137 203 10573 0 0
111 58 10133 228 6266 0 0
9 28 10108 213 4283 0 0
18 11 10137 208 1951 0 0
23 19 10136 214 2624 0 0
125 103 10118 221 7593 0 0
46 60 10123 229 15413 0 0
26 82 10141 206 2230 0 0
96 79 10133 204 10014 0 0
91 53 10095 220 5676 0 0
20 44 10123 229 5144 0 0
91 90 10097 220 6833 0 0
126 43 10132 217 2824 0 0
60 66 10110 212 3126 0 0
4 42 10117 226 6725 0 0
111 19 10130 211 6137 0 0
100 0 10105 220 5560 0 0
31 66 10124 214 1458 0 0
15 98 10133 217 12249 0 0
51 85 10094 172 529210 0 0
70 109 10132 203 22656 0 0
84 103 10128 218 7672 0 0
76 19 10122 212 10635 0 0
95 103 10126 222 7129 0 0
114 24 10119 194 3711 0 0
45 0 10105 221 5191 0 0
43 92 10105 242 4934 0 0
67 76 10115 215 4597 0 0
96 3 10134 200 3399 0 0
108 13 10126 193 4838 0 0
57 17 10128 236 1998 0 0
43 4 10106 208 4525 0 0
26 98 10139 218 7971 0 0
84 3 10132 199 4188 0 0
93 36 10131 228 5037 0 0
124 65 10115 204 7615 0 0
44 3 10128 198 15924 0 0
26 32 10142 232 6961 0 0
111 75 10134 218 198 0 0
0 114 10124 219 74026 0 0
86 111 10124 219 2491 0 0
23 125 10135 233 25672 0 0
116 5 10071 169 589853 0 0
107 124 10118 234 7200 0 0
95 90 10128 221 18785 0 0
113 55 10110 213 4532 0 0
102 19 10122 213 5177 0 0
98 64 10127 222 4927 0 0
22 74 10110 208 54047 0 0
81 98 10106 220 7511 0 0
33 63 10129 213 7313 0 0
126 66 10131 213 119831 0 0
70 95 10133 232 6139 0 0
66 3 10114 201 4126 0 0
100 33 10104 218 7664 0 0
46 127 10124 235 5882 0 0
45 54 10106 214 11387 0 0
29 120 10117 220 5685 0 0
72 27 10110 201 7249 0 0
20 61 10124 200 18707 0 0
15 107 10091 178 658214 0 0
98 22 10126 206 5379 0 0
5 95 10111 230 2347 0 0
21 12 10111 232 7493 0 0
50 66 10118 215 2870 0 0
126 97 10133 235 7084 0 0
94 74 10108 209 24566 0 0
29 63 10116 214 13899 0 0
97 40 10115 216 272 0 0
60 92 10111 241 39095 0 0
8 95 10121 231 6074 0 0
87 61 10118 201 6881 0 0
10 56 10125 220 1797 0 0
118 100 10107 230 6518 0 0
121 16 10122 220 5848 0 0
42 121 10119 222 20910 0 0
55 65 10124 205 7772 0 0
108 27 10127 203 7402 0 0
34 17 10114 237 3681 0 0
52 103 10098 217 58626 0 0
2 98 10119 221 4767 0 0
49 84 10130 211 19409 0 0
114 58 10120 229 7149 0 0
105 26 10142 225 2038 0 0
19 2 10116 232 25292 0 0
14 105 10107 188 3264 0 0
23 42 10137 228 4450 0 0
82 27 10113 200 61230 0 0
57 14 10129 226 15866 0 0
104 30 10132 220 4164 0 0
69 30 10108 219 4112 0 0
20 57 10125 225 12846 0 0
27 32 10111 233 5294 0 0
12 89 10129 217 3466 0 0
25 120 10106 221 7551 0 0
1 89 10108 218 7339 0 0
108 19 10128 215 7155 0 0
95 126 10129 220 3236 0 0
10 33 10128 219 7251 0 0
127 69 10117 208 12163 0 0
36 42 10114 229 7436 0 0
83 42 10116 227 13289 0 0
46 38 10125 213 3405 0 0
96 24 10136 195 434 0 0
95 112 10127 213 2144 0 0
5 0 10112 223 4723 0 0
48 47 10117 233 16775 0 0
17 115 10104 224 1060 0 0
15 29 10134 206 7649 0 0
0 58 10126 232 5289 0 0
17 93 10103 215 3518 0 0
108 19 10129 216 4337 0 0
20 73 10126 214 6471 0 0
6 89 10120 215 3087 0 0
20 30 10128 221 6761 0 0
16 73 10125 213 21745 0 0
112 3 10139 202 16327 0 0
84 46 10134 225 1135 0 0
88 91 10117 221 6491 0 0
71 116 10123 224 4663 0 0
55 56 10126 224 4501 0 0
70 31 10134 226 7045 0 0
17 55 10105 214 4590 0 0
58 54 10123 215 3853 0 0
40 47 10138 234 4072 0 0
54 86 10115 224 7329 0 0
101 34 10139 209 4120 0 0
65 90 10104 222 2849 0 0
123 116 10112 226 7024 0 0
71 36 10124 229 22426 0 0
63 50 10134 228 127743 0 0
55 127 10125 236 4064 0 0
122 52 10110 228 16886 0 0
112 58 10138 230 4263 0 0
25 5 10108 208 420 0 0
21 49 10112 205 5222 0 0
110 53 10117 221 6971 0 0
38 62 10122 222 1941 0 0
71 49 10127 206 3851 0 0
71 12 10126 233 8584 0 0
58 97 10112 226 6576 0 0
37 11 10108 209 2493 0 0
16 121 10126 223 6843 0 0
52 39 10101 219 7691 0 0
16 68 10127 241 1843 0 0
9 7 10109 241 7421 0 0
115 94 10114 211 31855 0 0
71 45 10125 196 11022 0 0
39 12 10110 234 7645 0 0
124 23 10117 227 4311 0 0
11 105 10110 200 5577 0 0
35 49 10136 207 769 0 0
113 26 10111 227 6855 0 0
66 68 10115 242 11283 0 0
86 48 10126 214 4733 0 0
84 57 10133 224 53703 0 0
93 98 10132 222 3431 0 0
66 78 10116 231 7651 0 0
56 54 10114 216 6727 0 0
98 61 10128 202 7289 0 0
73 116 10133 225 5841 0 0
11 37 10112 209 4029 0 0
1 53 10106 218 16445 0 0
91 95 10098 234 5225 0 0
6 113 10125 220 6114 0 0
5 40 10106 212 1046 0 0
10 17 10130 239 5649 0 0
86 124 10068 175 861822 0 0
71 70 10130 218 6998 0 0
75 64 10137 223 4375 0 0
102 1 10124 227 274 0 0
19 59 10117 218 10435 0 0
87 27 10119 204 15267 0 0
27 32 10112 234 6745 0 0
32 39 10116 220 3953 0 0
89 79 10138 206 7214 0 0
108 26 10130 226 14099 0 0
0 76 10127 216 6083 0 0
41 34 10124 211 4018 0 0
28 12 10127 235 4571 0 0
103 113 10112 221 7622 0 0
1 111 10110 221 4661 0 0
67 107 10116 216 4225 0 0
14 105 10108 190 4351 0 0
40 1 10139 228 631 0 0
34 6 10115 219 6379 0 0
58 0 10124 224 2899 0 0
57 101 10130 233 2066 0 0
23 36 10138 231 19675 0 0
52 51 10102 208 7383 0 0
25 95 10107 233 2932 0 0
53 5 10119 207 5631 0 0
112 36 10140 230 16982 0 0
19 124 10118 235 6091 0 0
126 115 10134 225 15194 0 0
67 65 10117 208 6379 0 0
71 19 10128 217 5387 0 0
108 37 10131 210 1162 0 0
106 104 10118 206 6603 0 0
102 62 10123 223 7278 0 0
117 33 10121 220 11542 0 0
121 120 10123 222 62282 0 0
95 113 10130 222 6228 0 0
113 61 10112 203 737 0 0
71 52 10129 230 6569 0 0
12 11 10130 211 3639 0 0
74 55 10117 215 4064 0 0
20 84 10129 212 9180 0 0
91 82 10099 207 4647 0 0
20 8 10130 243 7623 0 0
76 6 10124 220 4248 0 0
116 65 10108 206 5674 0 0
106 54 10117 219 4700 0 0
37 27 10109 205 216 0 0
32 42 10117 230 2170 0 0
80 19 10111 219 5613 0 0
69 93 10109 216 17106 0 0
99 85 10115 207 27605 0 0
33 29 10130 207 21823 0 0
88 112 10118 215 4717 0 0
115 97 10045 158 1716778 0 0
68 31 10121 227 57340 0 0
86 32 10127 235 7681 0 0
41 37 10125 211 1041 0 0
87 56 10120 225 2772 0 0
55 123 10127 236 208 0 0
2 45 10120 197 36942 0 0
18 9 10139 208 7893 0 0
59 98 10134 223 12075 0 0
11 77 10113 234 1633 0 0
27 49 10113 209 7781 0 0
65 29 10105 208 5029 0 0
8 105 10107 191 3932 0 0
31 54 10125 221 7089 0 0
119 65 10119 207 6246 0 0
39 107 10111 217 23912 0 0
60 63 10112 215 5812 0 0
112 75 10141 219 6486 0 0
24 120 10107 223 12920 0 0
2 55 10115 211 1162 0 0
84 97 10135 237 2691 0 0
104 54 10133 218 2524 0 0
96 13 10135 194 115896 0 0
101 27 10073 149 1590192 0 0
103 75 10113 220 727 0 0
39 105 10112 201 4953 0 0
89 76 10139 217 3759 0 0
120 87 10119 229 7884 0 0
58 18 10126 223 2959 0 0
4 117 10116 200 2069 0 0
55 14 10128 227 7711 0 0
55 90 10129 223 5507 0 0
90 93 10130 217 108666 0 0
106 62 10116 224 6587 0 0
74 19 10118 218 7722 0 0
117 68 10122 243 1313 0 0
20 61 10131 204 1479 0 0
59 102 10135 215 6563 0 0
47 71 10126 226 760 0 0
59 54 10137 222 7390 0 0
38 0 10123 225 5422 0 0
73 11 10134 210 4551 0 0
85 29 10112 209 5378 0 0
61 127 10132 237 2910 0 0
33 41 10132 212 6983 0 0
77 57 10125 227 6498 0 0
52 91 10007 113 1565760 0 0
31 69 10126 209 3198 0 0
59 121 10136 225 1669 0 0
50 78 10119 232 21740 0 0
92 46 10117 226 19387 0 0
96 103 10137 223 1203 0 0
38 28 10124 214 6502 0 0
15 64 10135 224 19180 0 0
127 87 10083 184 545441 0 0
61 17 10133 241 785 0 0
58 114 10125 221 9450 0 0
13 18 10091 224 4840 0 0
114 54 10121 220 29372 0 0
95 57 10131 226 4889 0 0
40 18 10140 225 4661 0 0
13 61 10090 205 11793 0 0
77 13 10124 195 1612 0 0
83 85 10117 208 62168 0 0
53 116 10120 227 97235 0 0
97 106 10116 208 6802 0 0
70 24 10135 196 12963 0 0
103 15 10114 234 7157 0 0
56 0 10115 226 16155 0 0
44 88 10129 235 5538 0 0
90 113 10131 223 7718 0 0
37 110 10106 214 6055 0 0
40 77 10141 235 15779 0 0
63 34 10136 212 6799 0 0
101 85 10141 209 1969 0 0
47 71 10127 227 491 0 0
40 111 10142 222 6881 0 0
89 7 10140 242 7518 0 0
97 107 10118 219 2980 0 0
58 118 10121 221 124725 0 0
102 1 10126 229 6106 0 0
102 51 10125 209 27157 0 0
1 72 10111 223 3070 0 0
3 6 10106 221 3953 0 0
66 88 10118 236 2449 0 0
66 80 10117 234 7190 0 0
82 54 10115 223 5847 0 0
37 93 10110 218 3124 0 0
78 89 10116 219 3626 0 0
91 8 10100 244 5094 0 0
125 63 10119 216 5877 0 0
18 37 10140 212 2326 0 0
91 32 10101 236 6649 0 0
1 18 10109 222 18020 0 0
8 17 10123 238 12545 0 0
97 103 10117 224 31379 0 0
101 15 10142 235 5252 0 0
103 60 10115 230 6858 0 0
42 5 10121 209 6575 0 0
8 117 10122 202 3209 0 0
21 124 10113 236 22043 0 0
105 112 10143 216 1009 0 0
86 94 10129 212 28801 0 0
94 74 10109 210 4407 0 0
101 81 10140 230 6259 0 0
33 31 10133 228 8846 0 0
76 104 10125 207 6073 0 0
102 95 10127 235 3943 0 0
50 12 10120 236 6915 0 0
42 39 10123 221 6167 0 0
54 0 10117 227 4063 0 0
94 51 10110 210 1387 0 0
19 125 10119 234 6952 0 0
86 3 10128 203 6622 0 0
46 54 10066 161 1459437 0 0
28 127 10128 238 365 0 0
114 108 10122 231 5861 0 0
54 75 10116 222 7309 0 0
57 73 10133 215 4540 0 0
107 68 10119 244 4697 0 0
74 17 10119 242 5386 0 0
38 64 10125 225 13083 0 0
45 93 10107 219 7314 0 0
113 72 10113 224 5046 0 0
48 73 10118 216 11559 0 0
69 106 10111 209 5835 0 0
92 96 10118 216 5134 0 0
119 24 10120 197 29873 0 0
53 47 10121 235 1124 0 0
0 57 10128 228 7634 0 0
63 26 10135 224 13279 0 0
62 14 10127 228 6778 0 0
120 1 10121 230 2823 0 0
126 95 10135 236 795 0 0
76 37 10123 208 113567 0 0
32 64 10118 226 7474 0 0
32 52 10115 229 118633 0 0
81 121 10107 226 5500 0 0
29 113 10118 224 4661 0 0
92 3 10119 204 5239 0 0
89 25 10141 229 4800 0 0
51 15 10126 236 6123 0 0
2 106 10111 200 4228 0 0
75 11 10139 213 3793 0 0
12 119 10131 238 7016 0 0
118 55 10108 217 4349 0 0
19 81 10120 231 6910 0 0
100 64 10106 227 7930 0 0
56 0 10113 222 7765 0 0
83 81 10120 233 4133 0 0
45 23 10108 228 1598 0 0
41 13 10127 196 7038 0 0
71 123 10131 237 3025 0 0
9 105 10110 204 1573 0 0
104 54 10134 224 10 0 0
105 109 10145 204 4509 0 0
94 52 10111 232 375 0 0
93 67 10133 228 15550 0 0
33 17 10131 240 4361 0 0
121 11 10124 212 13342 0 0
104 81 10135 232 1295 0 0
42 22 10122 207 54081 0 0
102 106 10129 210 25289 0 0
24 70 10108 219 5060 0 0
120 91 10122 222 794 0 0
114 58 10123 234 1552 0 0
38 69 10126 210 7828 0 0
110 58 10118 233 58259 0 0
49 55 10132 219 3651 0 0
39 35 10113 211 1763 0 0
36 12 10115 237 7380 0 0
97 83 10088 194 337452 0 0
106 120 10119 224 31235 0 0
46 0 10126 229 6386 0 0
38 126 10127 221 5458 0 0
62 30 10128 222 7821 0 0
105 124 10144 237 7223 0 0
15 71 10136 228 29628 0 0
69 8 10112 245 7155 0 0
10 62 10132 225 7956 0 0
65 55 10106 216 7552 0 0
92 68 10120 245 28374 0 0
96 47 10138 236 6564 0 0
32 1 10119 231 170 0 0
109 99 10117 221 151 0 0
7 76 10120 218 4520 0 0
83 56 10118 227 15516 0 0
43 77 10109 236 287 0 0
79 104 10123 209 285 0 0
19 14 10121 229 343 0 0
14 113 10032 137 1487157 0 0
56 37 10116 213 34567 0 0
34 42 10116 232 2894 0 0
108 17 10132 244 2780 0 0
122 24 10111 198 1875 0 0
118 101 10109 234 6847 0 0
115 16 10115 221 8520 0 0
70 114 10136 223 2538 0 0
42 90 10120 224 4531 0 0
0 17 10129 243 4941 0 0
122 55 10112 218 772 0 0
30 10 10111 231 4726 0 0
89 29 10142 211 6370 0 0
31 2 10127 234 2030 0 0
32 15 10120 237 9293 0 0
51 50 10127 229 1802 0 0
125 116 10120 229 5008 0 0
89 58 10143 235 861 0 0
67 86 10119 225 4648 0 0
28 2 10130 233 11671 0 0
108 95 10133 237 11348 0 0
93 51 10134 211 11372 0 0
47 117 10128 203 4603 0 0
11 102 10114 216 6425 0 0
102 8 10130 246 7918 0 0
80 99 10105 220 4751 0 0
67 18 10118 226 47233 0 0
28 121 10132 227 5996 0 0
95 36 10132 232 21786 0 0
1 56 10112 226 5434 0 0
57 124 10134 238 6293 0 0
13 12 10093 238 11575 0 0
84 117 10136 204 6014 0 0
121 9 10126 210 5848 0 0
85 60 10113 231 4740 0 0
2 26 10121 228 2595 0 0
5 111 10113 223 4905 0 0
127 89 10119 221 5888 0 0
78 122 10118 216 11282 0 0
1 101 10107 231 1979 0 0
69 105 10110 203 6543 0 0
101 89 10143 223 1588 0 0
2 83 10039 138 1814901 0 0
114 98 10125 224 6359 0 0
82 0 10116 230 6525 0 0
121 42 10125 231 57450 0 0
123 5 10113 210 4784 0 0
27 89 10115 222 6735 0 0
114 104 10124 208 25066 0 0
65 118 10107 225 14104 0 0
54 24 10118 199 49478 0 0
61 105 10134 205 6617 0 0
98 54 10129 217 9267 0 0
49 53 10135 225 1923 0 0
14 52 10120 231 7567 0 0
83 56 10121 228 10535 0 0
114 97 10126 238 4774 0 0
51 33 10125 221 8608 0 0
1 16 10113 222 10040 0 0
29 122 10119 217 10450 0 0
118 76 10110 219 6862 0 0
41 118 10126 223 1927 0 0
57 106 10132 207 4546 0 0
99 104 10116 210 77457 0 0
60 29 10113 212 722 0 0
34 38 10117 215 7504 0 0
34 33 10118 223 2036 0 0
55 0 10130 228 6943 0 0
123 126 10114 222 1045 0 0
93 59 10135 220 5893 0 0
16 119 10128 239 7350 0 0
83 54 10119 225 30428 0 0
73 33 10135 222 28041 0 0
78 43 10088 185 898891 0 0
49 7 10134 243 4197 0 0
103 101 10116 235 18783 0 0
10 121 10129 221 8045 0 0
84 65 10137 209 7369 0 0
53 118 10122 224 5096 0 0
4 53 10118 224 5298 0 0
113 93 10114 220 977 0 0
23 11 10139 214 2866 0 0
17 66 10106 217 7684 0 0
20 53 10132 223 16014 0 0
28 110 10131 220 31984 0 0
0 17 10125 235 8314 0 0
40 15 10143 238 1644 0 0
117 112 10125 217 43 0 0
33 93 10134 221 76 0 0
43 112 10107 214 219400 0 0
68 38 10123 214 16130 0 0
55 90 10131 225 2820 0 0
60 113 10114 226 751 0 0
54 127 10119 240 5798 0 0
62 106 10129 211 1288 0 0
45 55 10109 220 14143 0 0
96 104 10140 211 6491 0 0
114 0 10127 231 7424 0 0
82 78 10118 233 128 0 0
3 64 10107 228 7509 0 0
78 84 10119 214 3366 0 0
26 22 10144 209 5361 0 0
117 62 10123 226 22312 0 0
111 59 10135 219 3802 0 0
109 75 10125 221 1443 0 0
82 20 10117 218 14452 0 0
101 70 10144 220 34973 0 0
80 63 10112 217 45618 0 0
54 90 10120 226 4038 0 0
92 12 10121 239 4127 0 0
18 83 10141 220 7261 0 0
42 40 10124 218 2273 0 0
96 19 10139 220 5298 0 0
46 21 10128 220 4236 0 0
120 127 10123 239 63860 0 0
112 68 10142 246 6698 0 0
29 119 10120 240 5963 0 0
46 64 10127 229 1959 0 0
120 25 10124 230 3587 0 0
40 44 10147 231 10478 0 0
62 90 10130 227 3933 0 0
79 123 10124 238 6686 0 0
85 31 10114 229 5857 0 0
87 124 10121 239 7491 0 0
65 111 10108 225 280 0 0
21 116 10114 230 5322 0 0
69 20 10113 217 7023 0 0
58 114 10127 222 88282 0 0
24 127 10109 241 3433 0 0
117 12 10124 240 7761 0 0
28 20 10133 219 31160 0 0
85 33 10116 224 1013 0 0
4 16 10119 223 3848 0 0
59 15 10138 239 28863 0 0
64 110 10121 221 99856 0 0
108 86 10134 226 2726 0 0
81 74 10108 211 14322 0 0
31 97 10128 240 3340 0 0
93 88 10137 237 6915 0 0
5 99 10100 219 1300 0 0
76 120 10126 226 398 0 0
26 67 10143 229 11237 0 0
40 53 10144 226 4484 0 0
12 40 10133 217 15853 0 0
0 127 10084 199 425463 0 0
100 88 10022 130 1179811 0 0
102 116 10128 228 1538 0 0
36 85 10116 210 769 0 0
44 75 10132 223 7331 0 0
54 24 10121 201 38877 0 0
74 22 10121 208 27567 0 0
49 115 10133 228 2483 0 0
125 114 10121 224 4718 0 0
10 76 10133 220 6608 0 0
40 67 10145 230 5804 0 0
111 120 10136 225 6856 0 0
88 32 10120 237 5962 0 0
39 89 10114 224 14849 0 0
71 59 10132 221 3058 0 0
90 72 10132 225 61248 0 0
14 32 10121 238 1660 0 0
56 24 10117 200 13213 0 0
8 73 10117 210 258145 0 0
110 53 10120 222 3316 0 0
89 84 10144 215 4946 0 0
93 123 10136 239 7161 0 0
27 57 10116 229 3242 0 0
75 61 10140 206 5577 0 0
45 112 10110 218 15738 0 0
94 52 10112 233 48054 0 0
38 2 10129 235 6944 0 0
125 124 10074 194 1504514 0 0
49 9 10131 209 119533 0 0
9 42 10111 234 13244 0 0
112 75 10143 224 6709 0 0
65 97 10109 241 201 0 0
83 11 10122 215 2335 0 0
69 71 10115 229 3383 0 0
75 67 10141 231 2862 0 0
102 12 10132 242 1701 0 0
110 122 10119 215 1016 0 0
111 34 10138 213 7868 0 0
119 73 10121 218 5047 0 0
40 24 10146 202 4181 0 0
10 30 10134 223 14129 0 0
37 85 10112 211 3365 0 0
125 47 10122 237 528 0 0
104 127 10136 242 2613 0 0
63 30 10137 224 6968 0 0
0 103 10123 219 1381 0 0
34 120 10119 227 2657 0 0
50 27 10121 206 6633 0 0
37 109 10111 205 157 0 0
22 121 10111 224 187265 0 0
33 8 10135 248 3234 0 0
13 66 10092 216 90504 0 0
45 125 10111 235 2809 0 0
88 93 10119 222 108936 0 0
11 27 10111 202 14496 0 0
118 13 10111 197 3499 0 0
47 9 10129 211 6274 0 0
35 36 10139 233 5665 0 0
12 92 10132 244 10909 0 0
6 56 10126 230 4827 0 0
55 28 10098 186 587906 0 0
102 56 10131 229 97987 0 0
74 107 10122 220 4648 0 0
36 32 10119 239 5328 0 0
111 68 10139 247 5584 0 0
40 57 10148 230 205 0 0
44 10 10131 232 103437 0 0
90 17 10133 245 5534 0 0
5 58 10114 236 24142 0 0
87 95 10122 240 7150 0 0
38 87 10128 231 10604 0 0
58 12 10128 241 17331 0 0
5 37 10116 214 7406 0 0
98 7 10130 245 3642 0 0
70 56 10137 231 7787 0 0
21 7 10115 244 14787 0 0
10 3 10135 205 24234 0 0
66 41 10119 213 7997 0 0
41 38 10128 216 2853 0 0
27 79 10117 207 2545 0 0
62 5 10131 211 14779 0 0
83 82 10123 209 5496 0 0
77 22 10126 210 30569 0 0
51 97 10128 239 31250 0 0
68 11 10125 217 3893 0 0
66 33 10120 225 12760 0 0
35 108 10137 232 951 0 0
57 106 10135 212 6975 0 0
75 20 10142 220 6713 0 0
20 19 10133 222 6599 0 0
115 114 10117 225 2736 0 0
69 42 10114 233 4218 0 0
36 62 10117 227 38125 0 0
36 86 10118 227 7670 0 0
96 63 10141 219 7625 0 0
95 0 10133 232 2826 0 0
5 102 10115 218 26071 0 0
121 24 10128 203 5568 0 0
11 42 10117 235 29411 0 0
107 127 10121 243 16245 0 0
23 11 10140 216 31825 0 0
119 29 10095 177 1264612 0 0
24 107 10110 221 7014 0 0
62 33 10132 227 6530 0 0
111 115 10137 227 61525 0 0
57 113 10136 227 3658 0 0
97 75 10119 225 1662 0 0
6 51 10127 212 4582 0 0
72 100 10112 232 5206 0 0
52 119 10103 241 4019 0 0
25 44 10109 232 1299 0 0
91 51 10102 213 2514 0 0
28 78 10134 235 6612 0 0
1 84 10114 218 6625 0 0
0 94 10131 213 2493 0 0
51 29 10129 213 3898 0 0
22 84 10112 217 4758 0 0
30 13 10113 198 2536 0 0
30 71 10112 230 12199 0 0
82 60 10119 232 4077 0 0
29 37 10121 215 4882 0 0
42 117 10125 205 5691 0 0
12 63 10135 220 7040 0 0
85 121 10115 228 5552 0 0
36 59 10120 222 5973 0 0
97 39 10120 222 1805 0 0
37 50 10113 232 6064 0 0
25 42 10110 236 5924 0 0
86 13 10130 199 4227 0 0
46 111 10130 227 6874 0 0
23 122 10141 219 942 0 0
5 44 10117 233 7210 0 0
27 85 10118 212 1745 0 0
61 70 10135 222 7092 0 0
78 38 10121 217 483 0 0
51 79 10130 208 5009 0 0
123 111 10115 226 3314 0 0
97 104 10122 213 7739 0 0
69 66 10116 218 5802 0 0
31 43 10130 218 5192 0 0
106 70 10121 223 5277 0 0
114 70 10128 221 26768 0 0
110 15 10121 240 2438 0 0
41 108 10129 233 106 0 0
79 10 10125 233 52405 0 0
14 2 10123 236 6646 0 0
127 88 10120 239 3009 0 0
102 110 10133 222 26068 0 0
22 114 10114 226 5143 0 0
56 80 10118 235 4449 0 0
50 41 10122 214 97388 0 0
14 60 10122 233 7611 0 0
108 39 10135 223 1475 0 0
51 99 10124 223 4039 0 0
65 111 10110 228 7834 0 0
14 34 10118 210 7956 0 0
46 63 10131 221 158 0 0
115 119 10118 243 20666 0 0
28 59 10135 223 7416 0 0
49 58 10136 237 6173 0 0
30 36 10114 234 5066 0 0
92 3 10122 206 7929 0 0
65 34 10111 215 6327 0 0
64 76 10122 222 21957 0 0
89 65 10145 210 2128 0 0
114 81 10129 234 2437 0 0
33 54 10136 226 6290 0 0
97 44 10121 235 6755 0 0
12 96 10137 217 3420 0 0
22 27 10115 207 2853 0 0
71 45 10134 198 5412 0 0
60 126 10115 223 13606 0 0
98 78 10131 234 18456 0 0
34 71 10120 231 5545 0 0
48 98 10120 226 4953 0 0
19 78 10123 236 20240 0 0
35 52 10138 234 62608 0 0
55 69 10132 212 4049 0 0
95 3 10134 207 14219 0 0
50 90 10123 228 4502 0 0
72 68 10113 250 5992 0 0
113 117 10115 206 114956 0 0
105 75 10146 226 5998 0 0
58 57 10130 231 11738 0 0
82 44 10121 234 16400 0 0
58 45 10129 199 6353 0 0
118 114 10113 227 7842 0 0
18 7 10142 246 5621 0 0
43 9 10110 212 2242 0 0
5 17 10118 246 5823 0 0
9 111 10044 151 1366875 0 0
29 87 10122 232 4583 0 0
116 62 10109 228 5624 0 0
61 62 10137 229 4677 0 0
3 42 10109 237 2054 0 0
78 19 10120 221 7135 0 0
27 113 10119 228 1259 0 0
103 67 10117 232 12696 0 0
118 65 10112 211 2372 0 0
37 7 10114 247 4595 0 0
48 50 10121 233 4636 0 0
105 93 10147 224 6318 0 0
54 62 10122 231 5578 0 0
121 72 10127 226 161204 0 0
109 126 10126 224 7437 0 0
94 7 10114 248 1621 0 0
58 57 10131 232 5903 0 0
98 120 10132 228 59522 0 0
17 36 10107 235 11919 0 0
20 99 10127 224 8730 0 0
67 119 10120 245 2060 0 0
92 69 10123 213 13261 0 0
20 119 10134 244 5804 0 0
70 40 10138 219 30608 0 0
85 48 10117 215 4482 0 0
85 34 10118 216 258 0 0
119 34 10122 214 7935 0 0
90 43 10135 219 1271 0 0
38 69 10130 214 2650 0 0
26 20 10146 222 271 0 0
18 97 10143 242 481 0 0
50 66 10124 220 2909 0 0
79 92 10126 246 4703 0 0
112 98 10144 225 54308 0 0
31 109 10131 206 6480 0 0
42 66 10126 219 5821 0 0
74 88 10125 241 6349 0 0
86 51 10132 214 76 0 0
56 106 10119 213 10210 0 0
58 126 10122 219 250679 0 0
50 81 10125 235 134 0 0
45 15 10112 241 17970 0 0
49 79 10137 209 2594 0 0
73 100 10136 233 5196 0 0
12 102 10134 219 109812 0 0
126 63 10138 218 6265 0 0
98 69 10133 215 1352 0 0
31 108 10123 229 7503 0 0
53 54 10124 227 5859 0 0
35 11 10141 218 1751 0 0
125 110 10117 218 8270 0 0
85 104 10119 214 5239 0 0
107 60 10122 235 17116 0 0
69 77 10117 237 1001 0 0
18 101 10138 232 5907 0 0
30 28 10115 215 79775 0 0
115 56 10120 233 3960 0 0
95 6 10135 222 4296 0 0
78 97 10115 236 7608 0 0
47 96 10130 218 11367 0 0
40 108 10149 235 4702 0 0
46 106 10132 214 7762 0 0
103 38 10118 218 4093 0 0
97 83 10123 221 11757 0 0
68 99 10122 225 4841 0 0
120 30 10125 226 7223 0 0
82 108 10114 230 3886 0 0
14 102 10119 214 2624 0 0
53 69 10123 216 7606 0 0
115 50 10116 231 1299 0 0
123 69 10116 211 25692 0 0
17 45 10108 200 5366 0 0
126 8 10137 247 31040 0 0
95 93 10136 225 11620 0 0
73 13 10137 200 782 0 0
41 36 10131 236 1490 0 0
106 49 10120 212 6349 0 0
85 118 10120 226 5711 0 0
81 43 10109 220 14355 0 0
0 26 10130 229 225001 0 0
75 107 10138 218 7919 0 0
79 66 10127 222 2154 0 0
7 102 10119 217 12200 0 0
19 68 10122 248 126386 0 0
108 56 10136 232 5338 0 0
59 107 10139 223 20316 0 0
78 100 10117 231 4390 0 0
87 26 10123 230 6870 0 0
19 14 10124 230 4790 0 0
41 18 10130 227 2185 0 0
74 8 10126 249 7137 0 0
13 51 10095 215 1686 0 0
115 41 10119 215 2688 0 0
83 17 10124 247 6634 0 0
68 49 10124 211 15028 0 0
7 124 10121 240 6910 0 0
82 0 10122 233 9239 0 0
80 111 10113 229 19519 0 0
31 92 10129 245 12657 0 0
127 111 10118 224 10382 0 0
123 76 10117 221 1107 0 0
93 108 10139 237 2392 0 0
4 19 10122 223 44503 0 0
86 115 10131 229 3193 0 0
93 67 10138 234 10927 0 0
16 19 10130 224 7375 0 0
124 105 10118 206 4088 0 0
23 49 10142 213 770 0 0
117 48 10126 216 26079 0 0
74 60 10123 234 6465 0 0
25 75 10111 227 907 0 0
46 5 10135 212 1295 0 0
90 108 10134 234 6177 0 0
15 73 10137 217 25085 0 0
94 72 10113 227 2522 0 0
52 115 10104 230 945 0 0
71 105 10133 207 3551 0 0
99 24 10117 204 4165 0 0
36 60 10121 236 2807 0 0
16 26 10132 231 1001 0 0
12 122 10138 221 6741 0 0
84 33 10138 228 29268 0 0
56 126 10120 225 43684 0 0
52 75 10105 228 1534 0 0
114 102 10130 220 5063 0 0
127 104 10121 212 7646 0 0
65 73 10112 219 4494 0 0
56 47 10121 238 368 0 0
46 116 10134 231 7386 0 0
12 52 10139 235 5045 0 0
113 103 10116 225 4413 0 0
77 91 10128 223 5107 0 0
75 123 10145 241 6635 0 0
100 125 10107 237 6716 0 0
12 6 10141 223 6963 0 0
64 121 10123 229 28641 0 0
26 58 10145 238 107184 0 0
98 66 10134 221 12743 0 0
8 57 10125 233 6684 0 0
44 99 10130 226 3501 0 0
54 104 10123 215 5357 0 0
92 59 10124 225 4444 0 0
82 74 10091 184 799700 0 0
34 71 10121 232 17410 0 0
78 1 10122 232 10326 0 0
9 74 10112 212 14348 0 0
85 108 10121 238 7319 0 0
39 121 10115 230 8343 0 0
127 1 10122 233 5210 0 0
33 105 10137 208 8322 0 0
74 56 10127 234 15200 0 0
20 115 10135 231 4218 0 0
33 120 10138 229 16601 0 0
46 87 10136 233 7744 0 0
12 115 10140 232 1810 0 0
9 46 10114 227 6356 0 0
10 98 10136 229 5099 0 0
71 8 10135 250 4130 0 0
127 40 10123 220 2453 0 0
124 84 10121 219 4924 0 0
118 98 10115 228 6074 0 0
93 127 10140 244 6427 0 0
16 37 10131 216 47 0 0
63 67 10138 233 15635 0 0
75 48 10146 218 6947 0 0
124 89 10119 225 5675 0 0
82 96 10123 219 633 0 0
127 52 10124 236 6718 0 0
76 55 10127 221 7471 0 0
53 65 10125 212 2645 0 0
63 101 10139 236 6615 0 0
97 88 10124 242 5845 0 0
77 3 10129 208 28266 0 0
55 41 10133 216 10417 0 0
13 94 10096 215 5797 0 0
44 32 10134 240 2881 0 0
116 39 10110 224 3464 0 0
42 62 10127 232 4238 0 0
26 17 10147 249 3226 0 0
105 67 10149 235 5898 0 0
110 98 10123 227 18139 0 0
49 121 10138 232 7165 0 0
61 21 10138 221 18901 0 0
8 44 10124 230 487 0 0
105 3 10148 209 24069 0 0
27 68 10120 252 7510 0 0
29 66 10123 223 5925 0 0
67 121 10121 231 2408 0 0
52 10 10106 235 6331 0 0
13 122 10094 218 1082 0 0
2 123 10124 242 31181 0 0
50 38 10126 219 1561 0 0
93 119 10141 246 3409 0 0
89 25 10146 231 6280 0 0
111 94 10112 191 550200 0 0
33 40 10139 221 7759 0 0
30 81 10116 236 7684 0 0
73 52 10139 237 472 0 0
95 5 10137 213 8328 0 0
73 34 10138 217 12799 0 0
35 26 10143 232 7857 0 0
55 115 10134 233 7756 0 0
46 68 10133 251 27112 0 0
67 98 10122 230 2645 0 0
3 121 10110 233 4183 0 0
16 74 10133 213 5179 0 0
69 37 10118 217 7424 0 0
15 1 10140 234 4569 0 0
100 60 10108 237 7353 0 0
104 24 10137 205 31330 0 0
75 107 10143 222 25971 0 0
4 33 10121 226 12417 0 0
3 68 10108 249 7709 0 0
77 107 10131 224 1649 0 0
42 33 10128 229 6511 0 0
81 34 10110 218 996 0 0
36 110 10122 223 9646 0 0
98 10 10135 236 6408 0 0
119 30 10124 227 553 0 0
63 76 10140 223 26792 0 0
39 17 10116 248 10755 0 0
39 12 10117 243 255 0 0
122 50 10113 234 5528 0 0
124 13 10120 201 29181 0 0
90 8 10136 251 25270 0 0
101 42 10145 238 743 0 0
22 88 10113 238 4029 0 0
105 4 10150 210 4035 0 0
121 15 10129 242 6691 0 0
3 53 10111 227 6554 0 0
78 106 10123 215 13789 0 0
48 99 10119 228 25774 0 0
120 43 10126 221 1937 0 0
83 100 10125 234 6175 0 0
113 36 10117 237 6260 0 0
26 112 10148 221 6519 0 0
106 9 10122 213 7414 0 0
24 35 10112 213 5544 0 0
78 83 10124 222 5511 0 0
31 118 10132 227 489 0 0
59 112 10140 222 6617 0 0
77 71 10132 233 6815 0 0
125 48 10124 217 31889 0 0
5 125 10119 236 1070 0 0
121 87 10130 234 2389 0 0
50 88 10128 243 254 0 0
52 123 10107 243 765 0 0
86 61 10133 207 933 0 0
30 70 10117 224 1812 0 0
14 36 10126 238 3169 0 0
127 126 10126 226 1100 0 0
97 110 10125 225 10419 0 0
11 20 10118 221 23567 0 0
28 37 10136 218 4378 0 0
36 56 10093 200 993524 0 0
32 111 10122 230 6655 0 0
96 48 10143 219 6749 0 0
9 112 10113 220 661 0 0
57 0 10137 234 7380 0 0
113 124 10119 242 6155 0 0
16 90 10134 229 21046 0 0
28 68 10137 253 7707 0 0
50 41 10127 217 19952 0 0
19 61 10127 208 5473 0 0
59 121 10141 234 11675 0 0
83 41 10126 218 9786 0 0
36 86 10124 228 7387 0 0
15 55 10139 222 6965 0 0
11 110 10119 224 3486 0 0
127 50 10125 235 149 0 0
113 36 10118 239 7822 0 0
41 78 10132 237 5226 0 0
123 95 10118 242 4999 0 0
82 64 10120 231 109583 0 0
17 72 10109 228 2709 0 0
1 35 10115 212 7309 0 0
26 77 10149 238 8096 0 0
56 13 10122 202 3093 0 0
1 92 10116 247 2268 0 0
52 72 10108 229 3027 0 0
82 50 10124 236 1840 0 0
108 5 10137 214 1819 0 0
2 37 10125 219 4971 0 0
26 61 10150 209 4070 0 0
85 20 10122 223 7474 0 0
101 85 10146 215 43335 0 0
114 88 10081 190 578887 0 0
67 69 10123 217 6207 0 0
21 70 10116 226 2700 0 0
32 124 10124 241 7726 0 0
49 48 10139 220 41382 0 0
1 44 10117 236 1866 0 0
107 73 10123 220 12716 0 0
80 13 10114 203 3810 0 0
38 29 10131 215 2547 0 0
49 125 10140 238 4231 0 0
87 9 10125 214 1546 0 0
12 30 10142 228 5582 0 0
0 73 10132 222 10279 0 0
109 49 10127 214 3963 0 0
32 14 10123 232 2392 0 0
20 119 10136 247 2069 0 0
53 43 10126 223 1462 0 0
2 102 10123 221 4040 0 0
52 34 10109 219 15374 0 0
127 119 10127 248 1963 0 0
111 97 10141 243 6761 0 0
65 122 10114 222 5324 0 0
19 64 10125 233 4493 0 0
86 31 10134 230 1988 0 0
77 93 10127 223 5304 0 0
111 12 10140 244 30090 0 0
57 94 10138 216 4049 0 0
36 98 10123 231 4930 0 0
74 99 10120 227 112963 0 0
49 3 10142 210 1981 0 0
107 84 10120 216 53271 0 0
38 65 10132 213 525 0 0
100 34 10109 220 916 0 0
112 84 10145 220 6006 0 0
94 118 10115 228 20588 0 0
87 16 10126 224 3994 0 0
110 112 10122 219 96405 0 0
61 44 10139 237 392 0 0
115 29 10121 214 2893 0 0
97 77 10126 239 33835 0 0
30 23 10119 229 26444 0 0
104 17 10138 250 2486 0 0
49 122 10141 223 8676 0 0
81 56 10111 236 4200 0 0
127 126 10128 228 5967 0 0
82 52 10125 238 1572 0 0
25 41 10113 219 5384 0 0
4 108 10123 236 7180 0 0
34 96 10122 221 7670 0 0
61 48 10140 222 4533 0 0
19 33 10128 230 3045 0 0
25 116 10114 232 4885 0 0
118 15 10117 243 4406 0 0
20 28 10137 216 5701 0 0
39 96 10118 220 7700 0 0
64 93 10124 227 28975 0 0
51 79 10131 210 39566 0 0
39 73 10119 221 7239 0 0
21 84 10117 221 7974 0 0
75 62 10144 230 76106 0 0
23 109 10143 207 1604 0 0
60 75 10118 229 12149 0 0
16 126 10135 227 10951 0 0
32 42 10125 239 59109 0 0
11 114 10120 228 6080 0 0
112 50 10146 237 638 0 0
11 113 10115 225 491918 0 0
4 122 10124 224 5895 0 0
26 98 10151 232 11559 0 0
37 95 10116 244 8207 0 0
35 116 10144 233 736 0 0
123 9 10119 215 4273 0 0
31 83 10133 223 1346 0 0
4 18 10125 228 4664 0 0
59 36 10142 240 28345 0 0
2 38 10126 221 25702 0 0
55 45 10135 201 102131 0 0
43 106 10111 216 6047 0 0
122 90 10114 230 4685 0 0
33 15 10140 244 6466 0 0
27 116 10122 234 1650 0 0
29 47 10124 239 4856 0 0
117 7 10127 249 7819 0 0
114 78 10131 238 2271 0 0
112 3 10147 211 7492 0 0
77 38 10130 220 30462 0 0
66 38 10123 222 5934 0 0
25 110 10043 140 1653029 0 0
35 4 10142 209 30687 0 0
13 4 10099 211 7352 0 0
118 85 10114 213 6426 0 0
41 117 10133 207 2216 0 0
10 18 10137 229 1163 0 0
10 84 10131 213 4580 0 0
25 112 10112 223 64459 0 0
63 14 10141 231 98388 0 0
98 97 10137 244 6106 0 0
100 56 10110 237 6484 0 0
4 124 10126 243 5386 0 0
86 47 10135 241 3682 0 0
119 59 10123 224 197989 0 0
121 81 10132 239 7009 0 0
96 80 10142 236 4326 0 0
52 38 10110 223 6046 0 0
18 0 10144 235 81 0 0
84 47 10139 240 30536 0 0
35 22 10145 211 7799 0 0
12 64 10136 232 13140 0 0
22 73 10116 223 1348 0 0
118 61 10116 210 6082 0 0
65 62 10113 233 7246 0 0
63 102 10142 222 11093 0 0
50 20 10129 224 6565 0 0
112 125 10150 240 2795 0 0
58 54 10114 213 758979 0 0
16 30 10129 225 616348 0 0
3 121 10112 235 947 0 0
49 123 10143 244 2295 0 0
44 93 10133 226 7650 0 0
110 42 10124 240 12465 0 0
13 56 10097 235 26440 0 0
97 61 10127 211 6785 0 0
41 115 10134 234 9595 0 0
38 14 10133 233 31145 0 0
31 55 10134 224 1052 0 0
26 55 10152 223 7646 0 0
9 94 10115 218 4729 0 0
69 92 10119 248 2334 0 0
75 25 10148 232 23799 0 0
116 44 10111 238 3464 0 0
37 70 10115 227 27979 0 0
101 63 10147 222 2324 0 0
65 94 10115 217 38980 0 0
13 125 10098 239 7849 0 0
126 109 10139 208 6863 0 0
82 48 10126 221 4492 0 0
92 74 10125 214 12543 0 0
124 83 10073 169 1778706 0 0
119 110 10125 226 7567 0 0
115 17 10123 251 6120 0 0
117 96 10129 222 10474 0 0
7 60 10122 238 6057 0 0
81 8 10112 252 4352 0 0
64 118 10126 229 5912 0 0
30 107 10120 225 3567 0 0
85 28 10027 128 1584872 0 0
10133 213 7640 0 0
120 86 10127 231 39313 0 0
24 20 10113 227 7951 0 0
63 14 10141 231 98388 0 0
112 7 10149 251 1617 0 0
32 4 10127 212 7537 0 0
63 109 10143 209 13102 0 0
117 96 10129 222 10474 0 0
12 122 10138 221 6741 0 0
60 43 10117 224 75222 0 0
119 30 10124 227 553 0 0
30 107 10120 225 3567 0 0
91 70 10103 228 7165 0 0
58 54 10114 213 758979 0 0
63 102 10142 222 11093 0 0
60 21 10121 222 14819 0 0
94 109 10116 210 3279 0 0
123 9 10119 215 4273 0 0
41 118 10135 230 7213 0 0
71 105 10136 210 6010 0 0
52 54 10111 229 11700 0 0
125 122 10125 225 3459 0 0
53 3 10127 214 12895 0 0
3 121 10112 235 947 0 0
88 110 10122 227 3522 0 0
58 98 10132 233 5497 0 0
30 70 10117 224 1812 0 0
99 65 10118 214 25509 0 0
73 80 10140 237 6890 0 0
8 57 10126 234 2399 0 0
102 103 10135 228 6673 0 0
96 25 10144 233 5190 0 0
19 73 10129 224 8616 0 0
119 59 10123 224 197989 0 0
98 70 10139 229 4920 0 0
63 54 10144 231 4819 0 0
81 20 10113 226 7035 0 0
68 40 10126 223 4068 0 0
113 73 10120 225 1593 0 0
6 26 10128 234 2155 0 0
64 118 10126 229 5912 0 0
56 126 10120 225 43684 0 0
64 69 10128 219 7299 0 0
54 64 10124 235 7152 0 0
112 56 10148 238 7445 0 0
34 32 10089 209 1735495 0 0
90 91 10137 225 6920 0 0
77 32 10134 241 12708 0 0
51 102 10132 223 7909 0 0
59 93 10143 228 58399 0 0
102 66 10134 224 8212 0 0
25 16 10115 225 116742 0 0
33 42 10141 241 37610 0 0
81 100 10114 235 5342 0 0
26 17 10154 252 9509 0 0
39 41 10122 220 5144 0 0
25 28 10119 220 809 0 0
30 99 10121 231 37877 0 0
30 103 10122 227 7424 0 0
15 77 10141 241 59 0 0
34 69 10124 218 5642 0 0
34 44 10125 239 6027 0 0
77 86 10133 229 6733 0 0
116 56 10112 239 15383 0 0
39 51 10120 216 65899 0 0
111 93 10143 229 4612 0 0
55 28 10136 217 49168 0 0
25 82 10117 210 3423 0 0
69 43 10122 226 4150 0 0
36 99 10125 232 6921 0 0
124 53 10125 229 1046 0 0
56 80 10118 235 4449 0 0
119 116 10126 236 1864 0 0
50 40 10130 224 6387 0 0
84 94 10141 219 3639 0 0
117 103 10130 226 14938 0 0
105 3 10151 213 98928 0 0
28 37 10138 220 92657 0 0
126 3 10140 215 5569 0 0
77 90 10136 231 108180 0 0
66 124 10125 245 4368 0 0
92 36 10126 241 7306 0 0
35 62 10146 234 3357 0 0
37 91 10118 226 6701 0 0
87 114 10127 229 9749 0 0
116 91 10113 224 6438 0 0
115 126 10124 231 3605 0 0
39 25 10121 234 7075 0 0
9 86 10116 233 40 0 0
16 30 10129 225 616348 0 0
17 96 10112 223 12653 0 0
87 83 10129 227 4247 0 0
116 75 10115 231 3534 0 0
6 109 10129 211 9193 0 0
37 29 10117 217 5138 0 0
90 59 10139 227 3728 0 0
121 54 10133 230 884 0 0
91 126 10104 230 11755 0 0
24 80 10114 238 2610 0 0
74 60 10123 234 6465 0 0
16 127 10136 246 415 0 0
71 69 10139 221 223 0 0
108 19 10139 226 3263 0 0
73 103 10141 229 3517 0 0
43 79 10113 212 4806 0 0
94 12 10117 246 6584 0 0
8 65 10127 215 1083 0 0
7 23 10123 230 7274 0 0
52 34 10109 219 15374 0 0
101 97 10149 245 20936 0 0
78 15 10126 245 14059 0 0
9 69 10117 220 6100 0 0
75 125 10149 241 2116 0 0
64 29 10127 216 22172 0 0
64 31 10129 231 27888 0 0
56 16 10123 226 112641 0 0
92 75 10127 232 4194 0 0
89 120 10147 231 1983 0 0
20 35 10138 214 27061 0 0
31 40 10136 225 7994 0 0
44 93 10133 226 7650 0 0
127 65 10130 216 6174 0 0
87 106 10128 217 6228 0 0
20 27 10139 208 4946 0 0
93 39 10142 225 5578 0 0
65 20 10116 225 22023 0 0
61 51 10141 218 3528 0 0
85 48 10117 215 4482 0 0
111 85 10144 217 6342 0 0
78 43 10088 185 898891 0 0
20 26 10140 235 4009 0 0
25 16 10118 228 21233 0 0
121 56 10134 240 7994 0 0
10 71 10138 237 5232 0 0
115 45 10125 202 5064 0 0
115 17 10123 251 6120 0 0
51 85 10134 218 7279 0 0
39 17 10116 248 10755 0 0
62 34 10135 222 14242 0 0
3 114 10113 230 31817 0 0
77 63 10137 223 4815 0 0
125 77 10126 240 4450 0 0
125 104 10127 217 238 0 0
114 104 10133 218 1053 0 0
89 36 10148 242 6829 0 0
36 29 10126 218 200 0 0
31 46 10135 228 6148 0 0
69 87 10120 235 7431 0 0
63 28 10146 221 5226 0 0
41 22 10137 213 6861 0 0
90 64 10138 236 3494 0 0
74 123 10124 240 467546 0 0
11 114 10120 228 6080 0 0
46 87 10136 233 7744 0 0
29 40 10125 222 3965 0 0
44 99 10136 233 2397 0 0
13 111 10100 231 3769 0 0
79 68 10128 256 1963 0 0
66 116 10124 235 5577 0 0
77 40 10138 226 8028 0 0
71 123 10137 246 375 0 0
124 12 10123 245 6591 0 0
38 62 10136 235 12467 0 0
64 18 10130 230 4624 0 0
49 43 10144 225 19827 0 0
51 16 10133 227 21194 0 0
111 93 10145 230 7793 0 0
33 22 10142 212 14755 0 0
0 126 10134 232 846 0 0
72 65 10114 217 8071 0 0
105 68 10152 254 4771 0 0
49 123 10143 244 2295 0 0
71 13 10140 204 5371 0 0
107 60 10122 235 17116 0 0
103 71 10119 236 7854 0 0
63 120 10145 230 6870 0 0
108 88 10138 244 6162 0 0
55 99 10137 234 3335 0 0
81 108 10115 239 2639 0 0
53 70 10128 231 6940 0 0
69 92 10119 248 2334 0 0
126 59 10141 228 3826 0 0
90 104 10140 219 6702 0 0
49 43 10145 227 9620 0 0
83 27 10129 209 7064 0 0
43 127 10114 248 1918 0 0
117 79 10131 213 61488 0 0
70 109 10139 212 14421 0 0
36 62 10117 227 38125 0 0
59 96 10144 224 11014 0 0
38 91 10137 227 7928 0 0
103 16 10120 230 6140 0 0
39 107 10123 226 14839 0 0
120 10 10128 238 156 0 0
25 68 10120 255 7470 0 0
35 40 10148 227 11494 0 0
43 16 10112 229 20742 0 0
77 91 10139 228 15893 0 0
78 60 10127 239 891 0 0
112 28 10151 219 10790 0 0
14 71 10127 235 6120 0 0
72 67 10115 236 4199 0 0
112 110 10152 228 6858 0 0
1 123 10118 245 3384 0 0
105 124 10153 247 2312 0 0
113 70 10121 232 4777 0 0
84 15 10143 246 6703 0 0
31 78 10138 240 4194 0 0
56 49 10125 219 2092 0 0
123 56 10120 241 6433 0 0
43 33 10116 232 2029 0 0
84 117 10142 208 3375 0 0
92 59 10124 225 4444 0 0
116 105 10114 211 7482 0 0
19 24 10130 207 27409 0 0
14 83 10128 226 256 0 0
31 43 10137 228 7419 0 0
15 19 10142 227 7641 0 0
56 106 10124 220 2637 0 0
74 46 10128 229 8788 0 0
65 124 10118 248 15818 0 0
69 68 10124 258 4828 0 0
64 29 10131 220 10952 0 0
30 60 10124 240 573 0 0
57 16 10139 231 5098 0 0
118 31 10118 232 1201 0 0
25 112 10112 223 64459 0 0
47 23 10131 233 5261 0 0
2 104 10128 220 2049 0 0
8 112 10130 224 2551 0 0
89 15 10149 247 9588 0 0
5 21 10124 224 10257 0 0
22 6 10117 224 58626 0 0
111 50 10142 238 2780 0 0
96 109 10146 213 5322 0 0
62 28 10134 218 5991 0 0
49 72 10148 231 4799 0 0
117 94 10132 221 2008 0 0
121 34 10131 221 253681 0 0
76 105 10128 213 3213 0 0
54 2 10125 237 2381 0 0
96 48 10143 219 6749 0 0
109 79 10128 211 30682 0 0
56 97 10052 162 1293245 0 0
76 73 10129 226 10138 0 0
42 118 10130 231 3094 0 0
67 21 10124 223 23643 0 0
3 42 10114 242 7519 0 0
65 123 10117 247 5690 0 0
82 81 10127 240 6156 0 0
34 25 10126 235 2592 0 0
7 97 10124 247 15354 0 0
17 75 10111 230 5964 0 0
13 127 10101 247 15558 0 0
14 5 10129 217 5608 0 0
43 47 10117 242 1685 0 0
88 96 10125 225 3956 0 0
108 11 10140 220 1321 0 0
71 38 10141 225 1744 0 0
19 61 10127 208 5473 0 0
67 90 10126 233 7925 0 0
117 32 10133 242 15948 0 0
28 29 10139 221 5052 0 0
31 110 10139 229 14935 0 0
5 62 10122 236 49301 0 0
11 1 10123 236 6126 0 0
87 63 10130 225 6888 0 0
44 60 10137 241 7003 0 0
38 125 10138 242 5721 0 0
78 91 10128 229 7852 0 0
95 46 10138 232 7329 0 0
47 95 10132 246 6436 0 0
103 41 10121 221 4020 0 0
89 55 10151 225 4609 0 0
101 95 10150 247 10834 0 0
93 38 10143 226 6301 0 0
42 80 10129 239 122968 0 0
8 53 10128 228 24733 0 0
70 102 10141 225 7258 0 0
36 106 10127 218 29102 0 0
66 49 10122 215 4722 0 0
70 33 10140 231 35509 0 0
88 126 10124 233 8360 0 0
34 20 10127 229 2448 0 0
1 101 10120 237 7953 0 0
46 23 10140 234 22078 0 0
111 5 10147 216 9500 0 0
54 79 10126 214 6201 0 0
10 5 10139 218 1613 0 0
23 64 10144 238 813 0 0
68 11 10127 219 75352 0 0
93 100 10144 236 8 0 0
118 106 10119 219 59649 0 0
66 40 10127 228 5324 0 0
68 116 10128 238 91 0 0
23 22 10146 214 2641 0 0
48 39 10123 226 4529 0 0
32 38 10129 227 6934 0 0
107 96 10124 226 3435 0 0
99 18 10121 231 5026 0 0
81 52 10116 239 6415 0 0
40 7 10150 253 10987 0 0
22 119 10118 250 1032 0 0
115 46 10128 233 30235 0 0
66 24 10126 206 53175 0 0
47 19 10133 228 4177 0 0
48 89 10122 226 142723 0 0
98 49 10138 217 15768 0 0
39 73 10119 221 7239 0 0
31 55 10134 224 1052 0 0
67 54 10127 232 4106 0 0
26 55 10152 223 7646 0 0
83 0 10130 237 14128 0 0
59 106 10145 221 7888 0 0
60 79 10122 215 4479 0 0
124 95 10126 245 262 0 0
82 118 10128 232 3465 0 0
72 16 10116 232 10247 0 0
22 56 10119 242 1043 0 0
86 39 10136 227 5252 0 0
67 46 10125 231 350 0 0
115 70 10126 230 6896 0 0
1 57 10119 235 6503 0 0
69 97 10123 246 10968 0 0
111 83 10148 228 652 0 0
101 48 10148 223 1231 0 0
84 119 10140 249 5132 0 0
94 89 10119 228 2846 0 0
41 102 10136 224 7393 0 0
59 25 10146 236 4936 0 0
109 105 10129 212 216341 0 0
73 33 10016 120 1963959 0 0
8 30 10131 229 5057 0 0
71 124 10138 246 6623 0 0
45 66 10114 225 21081 0 0
33 58 10144 240 5708 0 0
99 23 10119 231 83308 0 0
113 104 10122 221 4608 0 0
99 116 10120 237 5548 0 0
85 121 10123 237 5192 0 0
59 41 10147 222 322 0 0
110 29 10126 222 7309 0 0
101 44 10151 241 24741 0 0
36 113 10130 231 3043 0 0
76 56 10130 243 5936 0 0
43 38 10119 228 150 0 0
117 13 10134 205 6874 0 0
104 115 10139 235 4336 0 0
93 65 10145 218 2942 0 0
56 7 10126 254 5202 0 0
125 50 10129 239 29540 0 0
29 16 10126 235 16967 0 0
84 103 10144 230 6765 0 0
88 20 10126 230 6077 0 0
5 14 10123 234 106117 0 0
60 47 10123 243 5766 0 0
73 9 10142 216 4860 0 0
49 75 10146 233 19769 0 0
18 95 10147 248 302 0 0
14 29 10130 223 4964 0 0
32 53 10128 230 7153 0 0
53 32 10129 244 415 0 0
37 7 10122 256 4624 0 0
111 23 10146 235 54366 0 0
6 64 10130 239 3948 0 0
61 94 10143 224 4715 0 0
69 62 10127 237 1600 0 0
30 127 10125 249 601 0 0
81 14 10117 235 9991 0 0
69 32 10126 243 5329 0 0
125 20 10128 228 6676 0 0
19 83 10132 230 6838 0 0
127 16 10131 233 6637 0 0
126 114 10142 232 7379 0 0
124 80 10128 241 14752 0 0
65 35 10119 215 8518 0 0
54 45 10128 204 4748 0 0
27 76 10123 226 9522 0 0
35 94 10147 220 4589 0 0
37 51 10121 220 3125 0 0
125 65 10099 188 221356 0 0
115 7 10127 252 7787 0 0
77 110 10141 230 4702 0 0
120 46 10129 230 1561 0 0
116 7 10117 255 4224 0 0
101 77 10152 242 544 0 0
31 70 10140 233 6109 0 0
115 59 10129 230 238 0 0
76 71 10091 191 1780635 0 0
45 34 10113 223 253145 0 0
39 61 10124 212 12310 0 0
106 87 10124 237 7276 0 0
19 37 10133 221 19994 0 0
90 68 10141 257 3621 0 0
59 106 10149 222 2236 0 0
107 98 10126 234 7234 0 0
19 109 10134 214 8534 0 0
81 122 10118 227 12995 0 0
38 116 10139 239 25009 0 0
24 16 10115 234 70745 0 0
18 44 10146 240 20154 0 0
89 33 10152 233 6720 0 0
11 105 10124 214 2577 0 0
105 89 10156 229 5737 0 0
105 35 10157 217 3841 0 0
92 31 10129 234 7475 0 0
33 88 10143 245 28073 0 0
97 23 10128 232 4772 0 0
78 40 10129 229 2145 0 0
17 1 10114 237 31334 0 0
64 30 10132 230 14834 0 0
96 69 10145 222 12727 0 0
66 103 10128 231 5931 0 0
15 70 10143 234 620 0 0
124 19 10122 225 330334 0 0
58 90 10133 234 4737 0 0
79 40 10129 230 5227 0 0
43 112 10118 225 24670 0 0
118 38 10120 224 27262 0 0
94 6 10120 225 7368 0 0
46 78 10138 239 3019 0 0
4 43 10127 230 3821 0 0
52 60 10112 242 5696 0 0
61 80 10142 240 119 0 0
26 113 10153 229 121613 0 0
124 49 10124 218 48710 0 0
89 64 10150 237 5707 0 0
13 8 10102 253 4324 0 0
61 62 10144 240 6168 0 0
53 88 10130 246 5426 0 0
6 35 10131 216 858 0 0
20 67 10141 237 3667 0 0
2 88 10130 247 3738 0 0
75 1 10150 238 3369 0 0
49 89 10147 227 9239 0 0
72 68 10119 259 7661 0 0
36 11 10129 221 31378 0 0
41 105 10139 215 7454 0 0
89 22 10153 215 1185 0 0
93 96 10146 227 2694 0 0
67 64 10128 241 10858 0 0
62 76 10136 225 60279 0 0
92 27 10130 210 5114 0 0
70 2 10142 239 49612 0 0
113 101 10123 238 31658 0 0
82 93 10129 232 5858 0 0
92 36 10128 243 17323 0 0
51 12 10135 247 3562 0 0
102 35 10137 218 14747 0 0
63 83 10147 231 5487 0 0
91 23 10105 236 1903 0 0
33 49 10145 220 6890 0 0
125 119 10130 251 6853 0 0
127 76 10132 227 541 0 0
37 31 10120 233 19787 0 0
90 101 10142 239 8765 0 0
16 65 10139 219 1905 0 0
39 22 10126 216 6715 0 0
34 52 10128 240 5218 0 0
54 122 10127 226 42057 0 0
12 54 10144 234 6769 0 0
20 93 10143 231 6663 0 0
86 29 10137 225 30720 0 0
17 74 10113 215 26686 0 0
80 126 10115 234 5129 0 0
68 32 10129 245 15702 0 0
86 13 10138 207 7933 0 0
10 29 10140 224 17457 0 0
21 18 10118 232 10457 0 0
81 76 10119 228 4297 0 0
63 54 10148 235 5048 0 0
39 1 10127 239 5213 0 0
77 59 10140 229 21888 0 0
16 41 10138 224 5081 0 0
1 122 10121 228 6849 0 0
23 51 10145 219 6141 0 0
123 10 10121 239 1310 0 0
34 66 10129 226 6656 0 0
88 60 10127 243 5825 0 0
110 105 10127 216 9746 0 0
118 64 10122 240 11624 0 0
49 55 10149 226 74507 0 0
20 62 10142 238 24795 0 0
68 62 10130 239 7529 0 0
32 72 10130 232 19991 0 0
42 50 10131 240 6319 0 0
79 100 10130 237 3075 0 0
104 37 10141 222 5233 0 0
50 114 10132 233 909 0 0
98 125 10141 243 2234 0 0
109 75 10130 235 8032 0 0
77 15 10143 248 8609 0 0
121 2 10135 238 4719 0 0
110 123 10125 248 5719 0 0
124 42 10127 243 61816 0 0
37 127 10125 250 108 0 0
18 13 10148 206 77385 0 0
26 52 10156 241 7916 0 0
72 21 10117 225 46542 0 0
44 40 10138 232 4640 0 0
13 44 10103 242 6686 0 0
55 38 10139 229 7324 0 0
4 106 10128 223 6187 0 0
61 49 10145 221 14181 0 0
43 94 10115 222 7133 0 0
69 120 10125 233 9222 0 0
14 90 10132 235 28808 0 0
23 24 10147 208 331 0 0
66 11 10130 223 6167 0 0
84 51 10145 222 512 0 0
116 10 10116 240 4452 0 0
50 124 10133 251 1967 0 0
123 33 10123 234 737 0 0
55 121 10138 241 3045 0 0
48 108 10125 240 1992 0 0
43 9 10120 217 10299 0 0
104 85 10142 221 486 0 0
110 102 10128 226 4553 0 0
105 63 10154 224 2470 0 0
88 9 10128 218 3152 0 0
109 25 10131 237 13909 0 0
62 51 10137 223 7825 0 0
48 74 10058 155 1904581 0 0
118 99 10121 235 4224 0 0
18 120 10145 232 589 0 0
39 56 10128 244 6956 0 0
2 80 10129 242 44464 0 0
17 51 10115 221 3351 0 0
15 14 10145 236 6542 0 0
106 40 10126 231 5747 0 0
25 57 10121 236 6940 0 0
102 84 10096 177 734831 0 0
114 73 10136 227 1020 0 0
29 46 10127 234 7509 0 0
102 41 10136 223 95939 0 0
6 43 10132 232 1680 0 0
107 84 10127 225 7188 0 0
53 67 10131 238 3258 0 0
71 121 10142 238 103054 0 0
100 94 10111 223 2394 0 0
31 26 10099 192 1031392 0 0
40 98 10152 235 29935 0 0
103 105 10123 217 4655 0 0
116 6 10118 226 3895 0 0
102 74 10138 218 5732 0 0
1 43 10122 231 33 0 0
55 22 10140 217 568 0 0
83 89 10132 230 5267 0 0
39 36 10129 244 23502 0 0
87 93 10131 233 7940 0 0
24 69 10116 223 7949 0 0
64 112 10133 227 10931 0 0
44 17 10139 255 2463 0 0
97 10 10129 241 5929 0 0
7 103 10125 232 18640 0 0
123 32 10122 246 38076 0 0
49 74 10150 217 16884 0 0
38 121 10135 236 15115 0 0
70 104 10143 223 5827 0 0
69 13 10128 208 6313 0 0
57 121 10140 242 8237 0 0
15 11 10144 222 73151 0 0
7 78 10128 241 47 0 0
42 4 10132 216 12914 0 0
97 25 10132 238 7799 0 0
93 56 10147 245 7870 0 0
76 21 10131 226 3591 0 0
26 54 10155 233 20659 0 0
14 75 10133 236 12687 0 0
37 84 10119 223 5675 0 0
83 45 10131 205 6217 0 0
68 6 10132 227 5651 0 0
55 83 10141 233 3841 0 0
47 83 10134 229 4801 0 0
52 66 10114 228 6289 0 0
16 113 10137 230 6093 0 0
97 117 10131 211 28908 0 0
101 27 10073 149 1590192 0 0
2 121 10131 243 4304 0 0
110 90 10129 236 10391 0 0
43 84 10082 174 662575 0 0
16 36 10140 245 6592 0 0
9 86 10118 235 30969 0 0
82 74 10131 219 4026 0 0
76 77 10132 243 7689 0 0
114 26 10135 236 7180 0 0
27 123 10124 250 5311 0 0
17 44 10116 243 7297 0 0
0 9 10137 219 4754 0 0
5 9 10125 220 5573 0 0
97 105 10133 218 5114 0 0
96 32 10148 247 8602 0 0
34 70 10131 235 7942 0 0
63 23 10149 237 27100 0 0
107 123 10125 249 3199 0 0
121 34 10136 224 17860 0 0
100 91 10088 201 553904 0 0
76 72 10133 234 6523 0 0
27 43 10125 233 6865 0 0
1 118 10123 234 4635 0 0
108 117 10141 212 15937 0 0
52 15 10113 249 10 0 0
50 17 10134 254 96492 0 0
37 32 10126 249 23924 0 0
108 116 10142 240 6348 0 0
120 107 10130 227 14752 0 0
90 35 10143 219 13691 0 0
30 87 10126 238 6342 0 0
19 86 10131 234 5367 0 0
80 60 10116 244 6743 0 0
51 100 10136 238 7922 0 0
114 43 10134 229 16375 0 0
38 22 10140 218 25941 0 0
4 32 10129 248 4297 0 0
66 17 10129 253 6568 0 0
69 89 10129 231 15434 0 0
57 72 10141 233 134 0 0
105 87 10155 236 4932 0 0
77 48 10144 225 4000 0 0
89 126 10155 235 6481 0 0
94 6 10121 229 7888 0 0
40 65 10153 220 4270 0 0
47 69 10135 224 7387 0 0
99 4 10122 215 10507 0 0
115 117 10130 214 23668 0 0
19 95 10137 251 4540 0 0
65 121 10120 244 4169 0 0
27 82 10114 208 1138387 0 0
44 71 10140 240 6582 0 0
2 83 10127 225 353591 0 0
50 106 10135 225 5897 0 0
3 39 10115 228 3397 0 0
91 49 10107 222 5726 0 0
27 54 10126 236 7813 0 0
75 31 10151 236 7040 0 0
96 95 10149 252 6909 0 0
39 7 10125 257 23130 0 0
0 55 10136 228 29537 0 0
23 77 10148 244 5102 0 0
97 81 10134 241 7855 0 0
57 3 10142 216 4290 0 0
72 23 10121 239 8932 0 0
53 91 10132 232 6843 0 0
40 119 10154 252 4277 0 0
41 112 10140 228 7995 0 0
7 83 10126 232 6603 0 0
15 80 10147 243 6256 0 0
105 121 10158 240 4394 0 0
76 59 10134 232 12517 0 0
117 76 10136 229 570 0 0
96 98 10151 237 9046 0 0
82 29 10130 226 7619 0 0
91 79 10106 217 25029 0 0
11 114 10122 231 1731 0 0
14 71 10134 241 5147 0 0
80 61 10117 214 3502 0 0
9 19 10119 229 15799 0 0
99 31 10124 235 15605 0 0
37 88 10124 248 2548 0 0
96 2 10150 240 4041 0 0
15 17 10146 256 18310 0 0
55 95 10143 253 3847 0 0
34 24 10132 209 3800 0 0
47 38 10136 231 2617 0 0
37 59 10123 231 6698 0 0
53 86 10133 236 4368 0 0
80 64 10118 242 3605 0 0
74 75 10129 237 5591 0 0
62 51 10133 217 759679 0 0
93 99 10021 127 1748445 0 0
82 8 10132 254 7271 0 0
93 121 10148 246 1833 0 0
127 66 10133 229 4114 0 0
120 58 10133 242 4357 0 0
97 55 10135 229 4472 0 0
102 13 10139 209 4003 0 0
99 48 10123 224 407 0 0
51 102 10137 227 6479 0 0
55 26 10142 237 3223 0 0
104 29 10143 227 3730 0 0
94 42 10122 245 7107 0 0
16 71 10141 242 4039 0 0
45 117 10118 213 18486 0 0
113 11 10124 224 25700 0 0
18 0 10150 238 5303 0 0
60 99 10126 236 25781 0 0
51 117 10138 215 6136 0 0
122 106 10115 224 7641 0 0
7 71 10127 238 4793 0 0
33 26 10148 238 7268 0 0
18 111 10149 232 13610 0 0
27 19 10127 230 13205 0 0
94 117 10118 209 311 0 0
93 8 10149 255 3671 0 0
15 109 10148 216 31477 0 0
98 84 10140 224 23603 0 0
96 61 10147 213 4696 0 0
93 65 10150 221 6638 0 0
52 27 10115 211 639 0 0
35 121 10149 245 29801 0 0
58 109 10134 215 68269 0 0
60 121 10124 239 157939 0 0
27 30 10128 231 5240 0 0
39 33 10131 236 4709 0 0
89 71 10154 239 86991 0 0
120 55 10132 227 4022 0 0
54 118 10130 235 15908 0 0
58 107 10135 229 4102 0 0
43 118 10121 236 1807 0 0
14 112 10135 229 5857 0 0
74 32 10130 251 3529 0 0
61 46 10146 235 12722 0 0
17 63 10118 227 14558 0 0
48 117 10124 210 11268 0 0
41 57 10141 238 6246 0 0
71 82 10144 212 1666 0 0
115 87 10016 117 1092715 0 0
122 42 10117 244 5505 0 0
2 64 10132 243 4686 0 0
126 112 10145 230 27450 0 0
11 48 10125 226 115 0 0
55 67 10144 239 4153 0 0
59 88 10150 250 1346 0 0
31 28 10142 222 4207 0 0
54 6 10129 228 15298 0 0
97 39 10136 229 6967 0 0
35 96 10151 228 5529 0 0
66 122 10131 230 20 0 0
94 126 10123 237 1322 0 0
89 34 10156 226 10510 0 0
114 122 10140 232 3332 0 0
91 31 10108 237 6453 0 0
126 57 10143 237 4737 0 0
103 95 10122 250 5753 0 0
122 107 10116 228 4640 0 0
60 16 10125 236 122446 0 0
79 16 10131 237 15473 0 0
38 16 10142 238 6028 0 0
72 5 10123 219 4038 0 0
123 125 10125 245 14878 0 0
114 118 10139 238 13885 0 0
100 73 10112 228 53 0 0
120 91 10131 231 887 0 0
24 22 10117 219 1576 0 0
126 32 10144 252 964 0 0
27 91 10129 233 6828 0 0
92 2 10132 241 2336 0 0
11 50 10126 241 25127 0 0
77 125 10146 244 4063 0 0
59 118 10148 233 5404 0 0
32 79 10131 219 6034 0 0
72 13 10124 210 6438 0 0
72 23 10120 238 29143 0 0
15 32 10149 250 1211 0 0
83 24 10133 210 3498 0 0
46 3 10141 217 14237 0 0
9 39 10120 230 7032 0 0
45 79 10117 218 960 0 0
38 35 10143 221 16621 0 0
64 37 10134 224 1084 0 0
82 60 10133 245 10217 0 0
44 35 10141 222 10625 0 0
49 37 10151 223 5151 0 0
45 114 10120 234 2727 0 0
84 55 10146 230 5886 0 0
53 92 10135 251 4405 0 0
13 20 10106 231 7754 0 0
125 127 10133 252 4387 0 0
33 89 10149 232 7139 0 0
107 92 10128 250 5372 0 0
28 42 10140 247 33569 0 0
109 63 10133 229 2576 0 0
99 116 10125 242 6015 0 0
35 108 10152 243 3658 0 0
45 108 10115 241 3656 0 0
92 36 10131 246 30570 0 0
36 40 10133 234 5607 0 0
81 71 10120 243 4334 0 0
30 112 10127 231 1655 0 0
91 116 10109 241 21521 0 0
100 105 10114 219 2312 0 0
40 124 10151 249 1697 0 0
34 66 10130 227 7860 0 0
88 61 10129 215 7246 0 0
50 120 10131 234 30255 0 0
17 40 10117 233 119697 0 0
57 56 10147 247 2111 0 0
90 63 10144 228 5028 0 0
89 26 10157 239 3704 0 0
49 5 10154 220 2819 0 0
53 37 10136 225 8096 0 0
25 124 10122 250 6034 0 0
28 123 10141 252 15246 0 0
115 14 10131 237 4764 0 0
107 63 10129 226 89830 0 0
36 56 10132 246 1829 0 0
25 110 10043 140 1653029 0 0
30 35 10128 224 7586 0 0
64 35 10135 223 4728 0 0
118 54 10124 237 5515 0 0
49 95 10153 254 6467 0 0
19 104 10136 224 77461 0 0
54 97 10131 249 23433 0 0
98 90 10142 237 3390 0 0
80 81 10121 243 29014 0 0
20 1 10144 240 6368 0 0
100 57 10113 239 22066 0 0
17 108 10119 242 3849 0 0
30 39 10129 232 7214 0 0
49 34 10152 225 4261 0 0
126 76 10146 230 5587 0 0
120 18 10040 141 1205409 0 0
80 50 10119 242 21195 0 0
116 119 10121 256 473 0 0
38 83 10144 236 4148 0 0
31 10 10141 243 1076 0 0
75 33 10152 238 4955 0 0
64 26 10136 240 9955 0 0
104 68 10144 260 549 0 0
80 61 10120 216 3380 0 0
82 49 10134 223 10357 0 0
45 32 10121 253 3748 0 0
57 25 10146 239 15876 0 0
75 17 10153 257 4557 0 0
94 31 10124 238 11761 0 0
6 22 10133 220 6103 0 0
62 73 10138 229 5948 0 0
66 86 10132 237 4815 0 0
30 89 10130 234 219 0 0
103 119 10125 253 15376 0 0
117 43 10137 234 2903 0 0
9 63 10062 144 1905280 0 0
89 33 10158 237 7505 0 0
24 127 10118 253 7201 0 0
33 122 10146 229 7059 0 0
62 119 10139 254 9399 0 0
86 66 10139 230 7074 0 0
43 108 10124 244 5692 0 0
110 38 10099 191 772715 0 0
14 96 10136 230 3737 0 0
19 85 10139 225 4042 0 0
0 33 10138 235 2941 0 0
61 20 10147 232 2926 0 0
13 10 10108 244 7708 0 0
6 80 10134 245 6526 0 0
59 79 10152 220 14267 0 0
92 44 10133 245 19333 0 0
90 110 10145 231 32 0 0
66 67 10133 240 37431 0 0
81 119 10121 255 4131 0 0
124 121 10129 249 11132 0 0
96 47 10152 244 4794 0 0
68 30 10133 232 442 0 0
89 13 10159 211 7977 0 0
103 42 10124 246 11709 0 0
3 21 10117 227 17815 0 0
90 89 10146 236 7441 0 0
3 122 10116 233 4117 0 0
121 106 10137 226 12664 0 0
106 85 10125 219 4025 0 0
115 0 10132 239 11052 0 0
114 95 10142 255 3679 0 0
30 41 10131 225 3891 0 0
114 50 10141 243 5165 0 0
13 123 10107 253 5956 0 0
79 17 10132 258 6876 0 0
53 63 10137 231 5014 0 0
43 4 10122 218 4510 0 0
106 57 10127 240 470 0 0
33 121 10151 248 12049 0 0
127 43 10134 236 8391 0 0
57 77 10145 245 7352 0 0
30 47 10132 246 346 0 0
26 96 10157 232 6629 0 0
15 91 10150 234 6011 0 0
59 124 10154 252 6218 0 0
110 71 10130 244 24822 0 0
70 31 10144 240 7114 0 0
37 24 10128 211 4762 0 0
16 11 10142 226 18581 0 0
119 84 10127 226 6748 0 0
78 2 10131 242 6089 0 0
38 85 10145 226 5386 0 0
91 65 10111 222 1303 0 0
100 46 10115 237 7902 0 0
62 6 10140 231 5883 0 0
77 18 10147 233 6165 0 0
118 72 10125 235 4641 0 0
122 96 10118 229 4518 0 0
118 125 10126 247 15995 0 0
59 126 10153 238 12520 0 0
117 23 10138 240 4794 0 0
14 20 10137 233 10552 0 0
52 102 10116 229 8275 0 0
118 88 10123 251 98279 0 0
3 33 10118 239 3416 0 0
27 68 10130 261 6273 0 0
120 67 10134 241 5709 0 0
93 100 10151 239 11109 0 0
86 11 10140 227 5137 0 0
16 108 10144 245 11701 0 0
66 79 10134 221 4900 0 0
57 120 10148 236 4164 0 0
110 90 10131 238 6680 0 0
102 63 10140 230 41530 0 0
91 66 10110 232 27799 0 0
103 84 10126 227 8121 0 0
56 51 10128 225 2901 0 0
0 95 10135 249 4756 0 0
112 123 10153 254 15565 0 0
89 35 10160 225 769 0 0
84 43 10147 237 5121 0 0
29 11 10128 228 4938 0 0
68 64 10094 203 1805637 0 0
19 43 10138 235 115129 0 0
93 69 10152 227 2305 0 0
27 28 10132 223 5823 0 0
71 85 10143 220 3815 0 0
81 15 10122 250 50822 0 0
62 125 10141 246 12346 0 0
110 46 10132 238 4097 0 0
9 30 10122 233 7074 0 0
126 14 10147 238 20970 0 0
105 109 10159 219 7634 0 0
124 107 10130 230 28523 0 0
39 10 10130 242 5033 0 0
94 109 10125 218 22712 0 0
20 121 10145 250 8643 0 0
23 62 10150 241 6483 0 0
48 69 10127 226 21618 0 0
51 49 10139 224 9271 0 0
58 3 10136 218 6799 0 0
67 63 10129 232 5122 0 0
55 6 10145 230 40667 0 0
53 69 10134 225 108107 0 0
83 103 10134 234 3501 0 0
28 2 10143 243 4580 0 0
95 22 10139 221 5992 0 0
17 41 10121 226 62 0 0
77 45 10145 206 6507 0 0
42 64 10133 244 5275 0 0
75 53 10154 231 18787 0 0
53 124 10138 254 4023 0 0
40 23 10155 241 7540 0 0
116 106 10123 227 5469 0 0
17 60 10120 246 24660 0 0
33 89 10152 235 23385 0 0
23 89 10149 233 113632 0 0
45 31 10122 239 79451 0 0
21 101 10119 241 56923 0 0
8 7 10136 260 5098 0 0
88 4 10123 214 514751 0 0
74 43 10131 238 9224 0 0
8 105 10135 220 676 0 0
97 76 10137 231 4568 0 0
104 92 10145 254 9231 0 0
32 40 10133 236 5842 0 0
101 80 10153 246 7468 0 0
46 66 10142 231 5595 0 0
8 118 10134 239 92410 0 0
92 22 10134 222 10121 0 0
116 92 10122 253 5687 0 0
49 1 10155 241 5915 0 0
84 62 10148 243 24640 0 0
82 38 10135 232 16063 0 0
6 76 10135 232 6676 0 0
105 1 10160 242 5623 0 0
32 107 10132 231 689 0 0
97 95 10139 257 1990 0 0
72 63 10126 233 7863 0 0
76 19 10136 231 6060 0 0
1 85 10124 223 6873 0 0
88 62 10130 242 25662 0 0
57 37 10149 226 21404 0 0
43 7 10125 259 4350 0 0
84 52 10149 242 3730 0 0
55 122 10146 235 9368 0 0
117 42 10140 248 8783 0 0
69 96 10130 231 23287 0 0
68 33 10134 240 16016 0 0
19 112 10135 226 101135 0 0
72 122 10122 231 4385 0 0
56 26 10127 241 27166 0 0
65 24 10122 212 5573 0 0
125 46 10134 239 3471 0 0
8 49 10137 225 6081 0 0
62 100 10142 240 498 0 0
60 88 10127 252 6685 0 0
116 83 10120 234 43350 0 0
97 11 10138 229 6276 0 0
2 107 10133 232 1287 0 0
16 99 10143 237 2471 0 0
21 64 10120 245 6061 0 0
121 5 10138 221 56212 0 0
63 3 10151 220 7124 0 0
11 43 10127 239 19519 0 0
12 36 10145 247 6999 0 0
23 8 10153 256 18836 0 0
86 70 10141 236 2756 0 0
115 116 10134 243 3497 0 0
3 100 10119 241 5687 0 0
45 98 10116 236 54505 0 0
70 103 10145 233 29875 0 0
0 111 10140 234 7065 0 0
71 91 10146 235 7291 0 0
93 66 10153 234 2626 0 0
1 55 10126 231 23573 0 0
117 32 10139 254 26792 0 0
4 82 10130 213 14769 0 0
110 76 10133 233 75 0 0
9 36 10123 249 29425 0 0
33 82 10147 211 7621 0 0
72 29 10127 228 2445 0 0
78 27 10132 212 5234 0 0
70 68 10150 264 3608 0 0
70 91 10147 237 7916 0 0
57 39 10144 231 5907 0 0
28 29 10144 230 4149 0 0
102 92 10141 255 4023 0 0
2 30 10134 234 3652 0 0
103 68 10127 262 9770 0 0
26 72 10158 236 6473 0 0
35 118 10150 237 7048 0 0
28 47 10142 245 125966 0 0
68 63 10135 234 1084 0 0
16 94 10146 225 5062 0 0
13 126 10105 236 7933 0 0
107 27 10131 213 16887 0 0
61 49 10149 226 8913 0 0
75 37 10155 227 4204 0 0
36 127 10131 251 9234 0 0
31 36 10144 248 41899 0 0
23 105 10152 221 6962 0 0
97 91 10130 230 14011 0 0
27 119 10131 257 78545 0 0
38 120 10141 235 391 0 0
9 85 10121 224 9473 0 0
27 58 10133 244 842 0 0
8 81 10133 242 4988 0 0
55 115 10147 236 4111 0 0
119 117 10129 217 2783 0 0
29 107 10130 233 5970 0 0
115 62 10133 245 26298 0 0
23 101 10151 242 5716 0 0
53 13 10139 213 4847 0 0
70 18 10148 234 7119 0 0
108 68 10143 263 4357 0 0
41 8 10142 257 6339 0 0
29 3 10129 219 54732 0 0
51 117 10140 216 7317 0 0
97 26 10140 242 6569 0 0
62 83 10143 237 10496 0 0
59 87 10151 239 161477 0 0
62 61 10144 217 4525 0 0
104 118 10146 240 124 0 0
30 13 10133 212 70781 0 0
79 71 10133 245 6735 0 0
82 45 10136 207 4481 0 0
36 67 10135 242 745 0 0
45 115 10123 237 7205 0 0
71 62 10145 244 31150 0 0
59 5 10155 223 4394 0 0
39 51 10133 226 44406 0 0
43 113 10123 233 5009 0 0
95 41 10140 227 4285 0 0
70 27 10146 214 5382 0 0
66 10 10135 245 488 0 0
72 121 10125 247 5534 0 0
84 23 10150 242 6441 0 0
98 126 10143 240 6174 0 0
105 5 10161 224 7891 0 0
61 69 10148 228 2632 0 0
74 97 10132 251 254 0 0
107 29 10133 229 3310 0 0
16 75 10147 239 15218 0 0
57 33 10150 241 7974 0 0
126 112 10148 232 557 0 0
104 2 10147 244 5032 0 0
43 119 10127 258 1741 0 0
123 95 10126 258 9530 0 0
122 43 10120 240 7174 0 0
48 110 10128 232 28452 0 0
78 44 10130 244 121689 0 0
42 124 10134 255 6466 0 0
5 75 10126 238 3472 0 0
53 93 10140 235 6192 0 0
46 83 10143 238 9251 0 0
55 109 10148 220 5150 0 0
85 23 10124 243 4804 0 0
122 124 10121 256 20944 0 0
20 38 10146 233 12766 0 0
59 85 10156 227 1348 0 0
116 27 10089 176 622379 0 0
55 69 10149 229 774 0 0
52 83 10117 239 16688 0 0
91 72 10112 237 5663 0 0
85 11 10034 139 1610421 0 0
77 74 10142 216 712344 0 0
72 32 10128 256 1242 0 0
3 88 10120 253 5214 0 0
58 18 10137 236 459 0 0
36 24 10136 213 5735 0 0
73 111 10143 233 55320 0 0
38 84 10146 228 4636 0 0
107 124 10130 253 7094 0 0
90 77 10147 246 1282 0 0
18 32 10151 257 4230 0 0
65 126 10121 239 5106 0 0
99 5 10126 222 5995 0 0
53 18 10141 235 7845 0 0
93 82 10154 215 8998 0 0
90 113 10148 235 4176 0 0
32 72 10134 238 5473 0 0
80 119 10123 259 2025 0 0
107 17 10134 260 5593 0 0
89 7 10161 261 6367 0 0
4 17 10131 261 2013 0 0
51 53 10142 232 5850 0 0
61 28 10150 224 6132 0 0
85 64 10125 246 6884 0 0
9 1 10125 244 9714 0 0
13 82 10109 214 7305 0 0
12 19 10147 232 4918 0 0
36 40 10134 235 196279 0 0
112 91 10154 238 16045 0 0
34 116 10133 244 23533 0 0
121 4 10139 219 6594 0 0
16 97 10145 250 27962 0 0
125 38 10135 234 2557 0 0
59 89 10157 237 7452 0 0
65 101 10123 243 7151 0 0
109 83 10135 240 5349 0 0
58 52 10139 243 24811 0 0
17 3 10123 221 5500 0 0
87 5 10132 225 8797 0 0
103 114 10128 235 436 0 0
81 28 10123 225 3385 0 0
64 14 10052 151 1934582 0 0
18 96 10152 234 2695 0 0
2 30 10135 235 1255 0 0
75 67 10156 243 349 0 0
98 15 10144 251 5369 0 0
40 17 10156 262 4217 0 0
115 4 10135 220 7724 0 0
22 35 10120 227 14086 0 0
35 120 10153 237 8555 0 0
88 54 10131 240 4612 0 0
26 16 10160 239 776 0 0
1 13 10127 214 27008 0 0
37 106 10129 228 6842 0 0
79 57 10134 241 6485 0 0
30 54 10134 238 91561 0 0
33 39 10153 233 6596 0 0
69 35 10131 226 10366 0 0
9 88 10098 215 366309 0 0
35 68 10154 265 4174 0 0
84 94 10152 228 410 0 0
1 92 10125 252 7524 0 0
23 78 10155 242 7070 0 0
23 96 10095 176 1435356 0 0
18 24 10154 215 2183 0 0
28 88 10145 254 9314 0 0
78 21 10133 228 15810 0 0
55 51 10150 227 59755 0 0
43 8 10128 258 5486 0 0
56 31 10129 241 769 0 0
19 15 10140 252 7808 0 0
89 56 10163 248 300 0 0
17 32 10122 255 3044 0 0
112 60 10155 248 3131 0 0
23 79 10156 223 6280 0 0
31 70 10145 237 5587 0 0
99 114 10127 236 71639 0 0
93 54 10155 241 7864 0 0
127 60 10136 247 4672 0 0
35 64 10155 247 4796 0 0
27 35 10134 228 31135 0 0
90 115 10149 238 6577 0 0
21 9 10121 222 5478 0 0
57 1 10151 243 7102 0 0
0 81 10139 244 9133 0 0
102 125 10142 248 3708 0 0
18 8 10153 259 8067 0 0
100 79 10116 222 7035 0 0
7 94 10130 226 6388 0 0
111 95 10053 146 1917984 0 0
68 36 10136 252 7756 0 0
53 83 10142 241 128 0 0
85 46 10126 241 724 0 0
7 9 10129 221 148966 0 0
45 80 10119 244 119859 0 0
101 46 10154 240 6306 0 0
63 86 10150 238 4942 0 0
109 76 10136 234 4000 0 0
75 123 10157 256 5362 0 0
127 73 10137 230 10371 0 0
3 51 10122 228 7768 0 0
37 11 10127 225 30453 0 0
114 46 10138 236 112930 0 0
125 102 10132 228 94684 0 0
9 104 10124 225 6095 0 0
58 92 10140 256 4790 0 0
89 32 10164 258 5187 0 0
5 10 10127 246 3028 0 0
110 63 10134 235 4064 0 0
97 48 10141 227 7476 0 0
47 110 10137 234 6035 0 0
89 58 10162 245 359 0 0
115 104 10136 226 1755 0 0
7 1 10131 246 4136 0 0
112 123 10156 257 4705 0 0
3 101 10121 244 6287 0 0
117 50 10104 211 660810 0 0
23 110 10154 233 43194 0 0
43 66 10126 233 2255 0 0
88 81 10132 246 12738 0 0
72 26 10129 243 4828 0 0
84 111 10154 238 5624 0 0
1 111 10128 237 14691 0 0
64 68 10139 267 174 0 0
94 108 10127 246 2597 0 0
8 34 10138 227 5203 0 0
123 61 10127 218 4991 0 0
116 3 10125 222 8062 0 0
23 8 10158 261 377 0 0
119 12 10130 248 4812 0 0
69 52 10132 244 3647 0 0
47 19 10138 233 6091 0 0
10 102 10142 230 6942 0 0
85 46 10127 242 32129 0 0
3 64 10123 248 4227 0 0
84 109 10153 221 7997 0 0
36 69 10138 230 6057 0 0
123 23 10075 194 1084340 0 0
90 85 10151 228 3318 0 0
76 24 10137 216 5058 0 0
122 18 10123 237 6885 0 0
0 111 10141 235 290 0 0
69 19 10133 234 11855 0 0
67 50 10131 245 6713 0 0
110 94 10135 229 3887 0 0
34 23 10134 244 108287 0 0
104 36 10148 250 6762 0 0
37 27 10131 216 2550 0 0
14 19 10138 235 7643 0 0
38 111 10147 236 5322 0 0
80 103 10122 235 106295 0 0
125 1 10136 245 6021 0 0
84 11 10156 230 7627 0 0
116 93 10119 234 930 0 0
37 23 10130 245 6971 0 0
84 54 10151 239 7711 0 0
92 74 10135 220 23038 0 0
90 18 10150 238 7127 0 0
7 73 10132 231 1949 0 0
83 76 10135 235 811 0 0
1 115 10129 239 15861 0 0
10 60 10141 249 62604 0 0
64 107 10137 234 5336 0 0
66 87 10136 245 6983 0 0
13 68 10111 266 7454 0 0
111 18 10150 239 5227 0 0
62 26 10145 244 4335 0 0
30 127 10137 254 7604 0 0
61 63 10151 236 23266 0 0
43 77 10130 247 9097 0 0
78 103 10135 236 2262 0 0
36 50 10137 244 5858 0 0
32 74 10135 221 4131 0 0
114 52 10144 245 6820 0 0
30 101 10136 245 1897 0 0
84 43 10155 241 11072 0 0
103 10 10129 247 2778 0 0
107 113 10132 234 121763 0 0
14 32 10139 259 7409 0 0
41 22 10143 223 7250 0 0
34 31 10135 242 11209 0 0
15 17 10151 265 12628 0 0
13 25 10110 240 5860 0 0
40 23 10157 246 3679 0 0
85 15 10129 253 7793 0 0
67 35 10132 230 10415 0 0
127 91 10135 236 4102 0 0
104 56 10149 249 5472 0 0
102 1 10143 247 1660 0 0
116 8 10124 260 15473 0 0
17 98 10124 239 4912 0 0
81 17 10124 266 4598 0 0
8 96 10139 235 7478 0 0
70 119 10151 261 6169 0 0
107 64 10136 249 2713 0 0
50 53 10136 233 5747 0 0
77 93 10148 236 15575 0 0
126 17 10149 264 1420 0 0
35 103 10156 237 7671 0 0
64 77 10141 248 5601 0 0
75 4 10158 221 4555 0 0
0 127 10142 255 3584 0 0
31 125 10146 250 4503 0 0
122 92 10122 257 1517 0 0
63 105 10152 222 7964 0 0
18 34 10155 228 6980 0 0
67 82 10130 216 6735 0 0
54 106 10132 229 4463 0 0
98 93 10145 237 1134 0 0
57 33 10152 242 1099 0 0
96 28 10153 226 463 0 0
34 43 10136 242 7578 0 0
66 90 10137 239 3544 0 0
57 23 10153 247 5251 0 0
15 6 10154 232 6032 0 0
127 82 10138 217 341 0 0
78 116 10134 245 6579 0 0
71 11 10147 231 9408 0 0
49 16 10156 241 10247 0 0
52 80 10118 247 2513 0 0
23 69 10159 231 633 0 0
104 51 10150 229 7198 0 0
75 105 10159 223 4020 0 0
81 9 10126 223 2470 0 0
86 24 10142 214 80866 0 0
48 20 10130 234 6170 0 0
58 119 10138 260 3536 0 0
57 22 10154 224 7905 0 0
107 35 10135 229 6057 0 0
95 106 10142 230 5630 0 0
41 112 10144 234 4059 0 0
30 58 10138 247 7711 0 0
40 51 10159 230 1328 0 0
14 104 10131 222 613809 0 0
105 24 10162 217 4954 0 0
124 72 10132 240 5640 0 0
15 82 10152 218 16368 0 0
17 24 10125 218 6863 0 0
98 41 10146 228 22915 0 0
72 115 10131 240 5073 0 0
73 65 10145 223 3193 0 0
15 32 10153 260 7842 0 0
44 87 10142 244 6359 0 0
46 75 10146 240 9003 0 0
80 62 10124 247 1016 0 0
68 53 10137 234 5066 0 0
46 86 10144 239 22262 0 0
10 125 10143 251 7612 0 0
44 4 10144 222 3533 0 0
83 114 10136 238 17360 0 0
97 112 10142 233 4195 0 0
57 88 10143 249 2896 0 0
5 11 10128 232 10013 0 0
93 75 10157 241 1853 0 0
90 5 10152 226 35381 0 0
96 46 10154 243 1355 0 0
2 94 10136 230 2727 0 0
12 68 10148 268 28247 0 0
14 2 10140 245 1449 0 0
81 92 10130 259 5258 0 0
51 57 10143 243 12387 0 0
11 113 10128 236 24875 0 0
