286 25 14571 5000 8192 0 1000000000
315 99 16120 5000 8192 0 1000000000
135 304 6597 5000 8192 0 1000000000
282 250 14352 5000 8192 0 1000000000
42 135 2028 5000 8192 0 1000000000
172 0 8446 5000 8192 0 1000000000
270 301 13735 5000 8192 0 1000000000
129 244 6340 5000 8192 0 1000000000
196 222 9739 5000 8192 0 1000000000
30 108 1533 5000 8192 0 1000000000
7 81 357 5000 8192 0 1000000000
26 180 16500 5000 16777216 1 1000000000
261 250 13259 5000 8192 0 1000000000
188 269 9272 5000 8192 0 1000000000
264 316 13367 5000 8192 0 1000000000
190 60 9440 5000 8192 0 1000000000
240 147 12187 5000 8192 0 1000000000
196 43 9740 5000 8192 0 1000000000
204 103 10120 5000 8192 0 1000000000
165 230 8189 5000 8192 0 1000000000
254 51 12892 5000 8192 0 1000000000
20 184 978 5000 8192 0 1000000000
116 5 5633 5000 8192 0 1000000000
255 118 13013 5000 8192 0 1000000000
114 77 5554 5000 8192 0 1000000000
125 102 6117 5000 8192 0 1000000000
288 63 14711 5000 8192 0 1000000000
163 38 8064 5000 8192 0 1000000000
270 273 13738 5000 8192 0 1000000000
10 106 16365 5000 16777216 1 1000000000
222 3 11209 5000 8192 0 1000000000
12 146 529 5000 8192 0 1000000000
7 170 376 5000 8192 0 1000000000
193 300 9506 5000 8192 0 1000000000
305 176 15597 5000 8192 0 1000000000
130 293 6417 5000 8192 0 1000000000
163 186 8103 5000 8192 0 1000000000
260 36 13176 5000 8192 0 1000000000
53 34 16366 5000 16777216 1 1000000000
158 17 7727 5000 8192 0 1000000000
309 232 15837 5000 8192 0 1000000000
317 154 16376 5000 16777216 1 1000000000
57 266 2773 5000 8192 0 1000000000
238 316 12080 5000 8192 0 1000000000
204 62 10100 5000 8192 0 1000000000
284 69 14470 5000 8192 0 1000000000
65 84 3282 5000 8192 0 1000000000
47 234 2256 5000 8192 0 1000000000
109 41 5214 5000 8192 0 1000000000
211 160 10481 5000 8192 0 1000000000
266 268 13505 5000 8192 0 1000000000
254 241 12925 5000 8192 0 1000000000
135 239 6584 5000 8192 0 1000000000
226 271 11460 5000 8192 0 1000000000
84 115 4282 5000 8192 0 1000000000
118 245 5760 5000 8192 0 1000000000
20 279 1020 5000 8192 0 1000000000
83 192 4266 5000 8192 0 1000000000
230 109 11557 5000 8192 0 1000000000
95 207 4714 5000 8192 0 1000000000
18 242 952 5000 8192 0 1000000000
318 147 16260 5000 8192 0 1000000000
8 264 399 5000 8192 0 1000000000
269 200 13652 5000 8192 0 1000000000
23 297 1188 5000 8192 0 1000000000
183 192 8940 5000 8192 0 1000000000
111 291 5302 5000 8192 0 1000000000
312 301 15954 5000 8192 0 1000000000
243 161 12420 5000 8192 0 1000000000
160 175 7868 5000 8192 0 1000000000
163 197 8048 5000 8192 0 1000000000
68 204 3453 5000 8192 0 1000000000
300 98 15347 5000 8192 0 1000000000
173 126 8551 5000 8192 0 1000000000
75 181 3793 5000 8192 0 1000000000
140 289 6867 5000 8192 0 1000000000
191 194 9490 5000 8192 0 1000000000
230 301 11559 5000 8192 0 1000000000
279 82 14196 5000 8192 0 1000000000
125 114 6119 5000 8192 0 1000000000
295 4 15057 5000 8192 0 1000000000
270 0 13742 5000 8192 0 1000000000
150 98 7448 5000 8192 0 1000000000
298 193 15275 5000 8192 0 1000000000
221 72 11159 5000 8192 0 1000000000
224 36 11344 5000 8192 0 1000000000
6 161 314 5000 8192 0 1000000000
75 94 3787 5000 8192 0 1000000000
59 317 2936 5000 8192 0 1000000000
9 207 453 5000 8192 0 1000000000
319 285 16274 5000 8192 0 1000000000
191 188 9459 5000 8192 0 1000000000
22 40 1128 5000 8192 0 1000000000
92 148 4611 5000 8192 0 1000000000
159 273 7812 5000 8192 0 1000000000
91 11 4567 5000 8192 0 1000000000
316 90 16161 5000 8192 0 1000000000
222 283 11187 5000 8192 0 1000000000
254 114 12897 5000 8192 0 1000000000
69 107 3524 5000 8192 0 1000000000
210 227 10456 5000 8192 0 1000000000
14 211 693 5000 8192 0 1000000000
69 32 3540 5000 8192 0 1000000000
235 164 11873 5000 8192 0 1000000000
288 121 14683 5000 8192 0 1000000000
84 196 4303 5000 8192 0 1000000000
289 112 14752 5000 8192 0 1000000000
64 150 3199 5000 8192 0 1000000000
31 162 1540 5000 8192 0 1000000000
195 263 9676 5000 8192 0 1000000000
208 299 10321 5000 8192 0 1000000000
241 124 12287 5000 8192 0 1000000000
161 99 7953 5000 8192 0 1000000000
111 191 5337 5000 8192 0 1000000000
159 219 7847 5000 8192 0 1000000000
230 181 11607 5000 8192 0 1000000000
305 238 15581 5000 8192 0 1000000000
226 277 11436 5000 8192 0 1000000000
308 117 15765 5000 8192 0 1000000000
108 229 5152 5000 8192 0 1000000000
264 61 13382 5000 8192 0 1000000000
44 170 2142 5000 8192 0 1000000000
126 36 6182 5000 8192 0 1000000000
252 57 12840 5000 8192 0 1000000000
318 148 16230 5000 8192 0 1000000000
272 40 13886 5000 8192 0 1000000000
13 218 632 5000 8192 0 1000000000
213 36 10629 5000 8192 0 1000000000
163 135 8096 5000 8192 0 1000000000
206 316 10252 5000 8192 0 1000000000
190 139 9392 5000 8192 0 1000000000
286 246 14592 5000 8192 0 1000000000
108 76 5131 5000 8192 0 1000000000
194 74 9626 5000 8192 0 1000000000
81 158 4146 5000 8192 0 1000000000
69 202 3523 5000 8192 0 1000000000
140 233 6832 5000 8192 0 1000000000
16 156 772 5000 8192 0 1000000000
298 93 15285 5000 8192 0 1000000000
23 302 1167 5000 8192 0 1000000000
152 70 7483 5000 8192 0 1000000000
54 134 2612 5000 8192 0 1000000000
66 19 3379 5000 8192 0 1000000000
183 282 8983 5000 8192 0 1000000000
31 272 1563 5000 8192 0 1000000000
243 316 12402 5000 8192 0 1000000000
304 313 15525 5000 8192 0 1000000000
123 213 5994 5000 8192 0 1000000000
131 243 6472 5000 8192 0 1000000000
229 242 11527 5000 8192 0 1000000000
112 190 5395 5000 8192 0 1000000000
175 249 8632 5000 8192 0 1000000000
204 1 10143 5000 8192 0 1000000000
129 174 6368 5000 8192 0 1000000000
8 31 439 5000 8192 0 1000000000
176 288 8707 5000 8192 0 1000000000
214 167 10670 5000 8192 0 1000000000
209 310 10348 5000 8192 0 1000000000
18 249 937 5000 8192 0 1000000000
239 66 12159 5000 8192 0 1000000000
109 292 5184 5000 8192 0 1000000000
73 307 3709 5000 8192 0 1000000000
318 160 16223 5000 8192 0 1000000000
201 317 9915 5000 8192 0 1000000000
0 158 52 5000 8192 0 1000000000
104 159 5020 5000 8192 0 1000000000
87 156 4455 5000 8192 0 1000000000
49 43 2312 5000 8192 0 1000000000
224 165 11336 5000 8192 0 1000000000
253 37 16413 5000 16777216 1 1000000000
178 163 8799 5000 8192 0 1000000000
290 226 14815 5000 8192 0 1000000000
4 100 250 5000 8192 0 1000000000
164 213 8146 5000 8192 0 1000000000
57 306 2805 5000 8192 0 1000000000
104 112 5006 5000 8192 0 1000000000
8 105 411 5000 8192 0 1000000000
230 179 11563 5000 8192 0 1000000000
315 131 16102 5000 8192 0 1000000000
281 233 14349 5000 8192 0 1000000000
307 261 15727 5000 8192 0 1000000000
31 250 1547 5000 8192 0 1000000000
58 168 2843 5000 8192 0 1000000000
268 181 13637 5000 8192 0 1000000000
267 144 13542 5000 8192 0 1000000000
134 206 6541 5000 8192 0 1000000000
31 293 1580 5000 8192 0 1000000000
219 127 10978 5000 8192 0 1000000000
248 101 12752 5000 8192 0 1000000000
164 62 8161 5000 8192 0 1000000000
40 137 1912 5000 8192 0 1000000000
98 280 4832 5000 8192 0 1000000000
277 121 14065 5000 8192 0 1000000000
215 68 10739 5000 8192 0 1000000000
16 203 795 5000 8192 0 1000000000
145 219 7179 5000 8192 0 1000000000
305 84 15605 5000 8192 0 1000000000
315 76 16107 5000 8192 0 1000000000
28 217 1361 5000 8192 0 1000000000
172 136 8437 5000 8192 0 1000000000
278 189 14158 5000 8192 0 1000000000
70 61 3602 5000 8192 0 1000000000
240 51 12200 5000 8192 0 1000000000
304 298 15535 5000 8192 0 1000000000
188 205 9300 5000 8192 0 1000000000
238 275 12087 5000 8192 0 1000000000
190 315 9396 5000 8192 0 1000000000
234 297 11837 5000 8192 0 1000000000
288 257 14710 5000 8192 0 1000000000
136 40 6658 5000 8192 0 1000000000
218 98 10924 5000 8192 0 1000000000
274 266 13914 5000 8192 0 1000000000
128 76 6275 5000 8192 0 1000000000
238 13 12119 5000 8192 0 1000000000
234 273 11843 5000 8192 0 1000000000
80 25 4041 5000 8192 0 1000000000
153 132 7546 5000 8192 0 1000000000
252 36 12838 5000 8192 0 1000000000
271 92 13801 5000 8192 0 1000000000
214 116 10655 5000 8192 0 1000000000
95 259 4710 5000 8192 0 1000000000
129 115 6369 5000 8192 0 1000000000
6 208 288 5000 8192 0 1000000000
185 251 9061 5000 8192 0 1000000000
141 194 6932 5000 8192 0 1000000000
97 309 4738 5000 8192 0 1000000000
114 39 5537 5000 8192 0 1000000000
147 143 7230 5000 8192 0 1000000000
124 153 6047 5000 8192 0 1000000000
138 112 6823 5000 8192 0 1000000000
58 173 2829 5000 8192 0 1000000000
304 166 15514 5000 8192 0 1000000000
14 222 674 5000 8192 0 1000000000
249 90 12774 5000 8192 0 1000000000
188 9 9296 5000 8192 0 1000000000
147 57 7213 5000 8192 0 1000000000
108 268 5155 5000 8192 0 1000000000
147 189 7274 5000 8192 0 1000000000
167 21 8245 5000 8192 0 1000000000
148 24 7306 5000 8192 0 1000000000
82 266 4157 5000 8192 0 1000000000
121 108 5874 5000 8192 0 1000000000
218 295 10963 5000 8192 0 1000000000
193 31 9526 5000 8192 0 1000000000
172 283 8463 5000 8192 0 1000000000
247 99 12641 5000 8192 0 1000000000
239 193 12138 5000 8192 0 1000000000
97 92 4759 5000 8192 0 1000000000
29 142 1408 5000 8192 0 1000000000
169 254 8413 5000 8192 0 1000000000
147 275 7225 5000 8192 0 1000000000
44 29 2110 5000 8192 0 1000000000
70 273 3639 5000 8192 0 1000000000
215 133 10730 5000 8192 0 1000000000
85 231 4373 5000 8192 0 1000000000
216 276 10824 5000 8192 0 1000000000
267 57 13552 5000 8192 0 1000000000
209 300 10364 5000 8192 0 1000000000
44 276 2123 5000 8192 0 1000000000
173 279 8490 5000 8192 0 1000000000
60 249 2975 5000 8192 0 1000000000
300 116 15328 5000 8192 0 1000000000
213 309 10622 5000 8192 0 1000000000
124 2 6005 5000 8192 0 1000000000
30 135 1470 5000 8192 0 1000000000
41 103 1953 5000 8192 0 1000000000
295 105 15074 5000 8192 0 1000000000
262 312 13283 5000 8192 0 1000000000
128 131 6270 5000 8192 0 1000000000
125 49 6082 5000 8192 0 1000000000
199 301 16363 5000 16777216 1 1000000000
162 42 7985 5000 8192 0 1000000000
127 148 6200 5000 8192 0 1000000000
59 305 2876 5000 8192 0 1000000000
114 9 5522 5000 8192 0 1000000000
290 287 14836 5000 8192 0 1000000000
159 1 7834 5000 8192 0 1000000000
23 275 1212 5000 8192 0 1000000000
148 55 7312 5000 8192 0 1000000000
310 30 15919 5000 8192 0 1000000000
36 91 1734 5000 8192 0 1000000000
191 292 9491 5000 8192 0 1000000000
184 310 9008 5000 8192 0 1000000000
102 251 4951 5000 8192 0 1000000000
123 56 5976 5000 8192 0 1000000000
181 21 8920 5000 8192 0 1000000000
175 130 8655 5000 8192 0 1000000000
167 52 8258 5000 8192 0 1000000000
138 32 6815 5000 8192 0 1000000000
144 45 7104 5000 8192 0 1000000000
81 276 4125 5000 8192 0 1000000000
231 163 11655 5000 8192 0 1000000000
243 315 12406 5000 8192 0 1000000000
21 96 1077 5000 8192 0 1000000000
153 252 7593 5000 8192 0 1000000000
115 84 5557 5000 8192 0 1000000000
188 84 9288 5000 8192 0 1000000000
134 202 6561 5000 8192 0 1000000000
174 126 8615 5000 8192 0 1000000000
240 84 12203 5000 8192 0 1000000000
85 181 4391 5000 8192 0 1000000000
140 38 6890 5000 8192 0 1000000000
196 185 9734 5000 8192 0 1000000000
158 89 7753 5000 8192 0 1000000000
214 45 10694 5000 8192 0 1000000000
304 101 15544 5000 8192 0 1000000000
123 313 5995 5000 8192 0 1000000000
288 123 14709 5000 8192 0 1000000000
231 56 11627 5000 8192 0 1000000000
50 42 2406 5000 8192 0 1000000000
42 41 2031 5000 8192 0 1000000000
319 127 16297 5000 8192 0 1000000000
246 113 12606 5000 8192 0 1000000000
206 87 10258 5000 8192 0 1000000000
142 276 7001 5000 8192 0 1000000000
232 275 11715 5000 8192 0 1000000000
304 127 15545 5000 8192 0 1000000000
298 87 15306 5000 8192 0 1000000000
12 31 541 5000 8192 0 1000000000
85 220 4399 5000 8192 0 1000000000
302 271 15430 5000 8192 0 1000000000
244 109 12488 5000 8192 0 1000000000
73 285 3721 5000 8192 0 1000000000
123 94 5953 5000 8192 0 1000000000
181 210 8933 5000 8192 0 1000000000
168 33 8341 5000 8192 0 1000000000
119 206 5854 5000 8192 0 1000000000
56 308 2734 5000 8192 0 1000000000
47 282 2250 5000 8192 0 1000000000
258 285 13041 5000 8192 0 1000000000
243 234 12390 5000 8192 0 1000000000
121 103 5916 5000 8192 0 1000000000
27 249 1321 5000 8192 0 1000000000
115 153 5583 5000 8192 0 1000000000
152 257 7508 5000 8192 0 1000000000
112 38 5383 5000 8192 0 1000000000
56 209 2729 5000 8192 0 1000000000
205 231 10157 5000 8192 0 1000000000
71 64 3650 5000 8192 0 1000000000
119 195 5851 5000 8192 0 1000000000
59 130 2920 5000 8192 0 1000000000
201 108 9940 5000 8192 0 1000000000
282 201 14372 5000 8192 0 1000000000
58 191 2863 5000 8192 0 1000000000
57 81 2795 5000 8192 0 1000000000
95 212 4709 5000 8192 0 1000000000
202 25 10003 5000 8192 0 1000000000
64 316 3196 5000 8192 0 1000000000
189 155 9363 5000 8192 0 1000000000
22 238 1139 5000 8192 0 1000000000
191 9 9460 5000 8192 0 1000000000
121 30 5904 5000 8192 0 1000000000
302 224 15423 5000 8192 0 1000000000
8 288 434 5000 8192 0 1000000000
292 276 14935 5000 8192 0 1000000000
270 285 13716 5000 8192 0 1000000000
119 253 5867 5000 8192 0 1000000000
178 165 8802 5000 8192 0 1000000000
285 116 14498 5000 8192 0 1000000000
90 130 4529 5000 8192 0 1000000000
293 129 15005 5000 8192 0 1000000000
280 8 14262 5000 8192 0 1000000000
313 169 16033 5000 8192 0 1000000000
135 291 6615 5000 8192 0 1000000000
266 68 13464 5000 8192 0 1000000000
109 168 5217 5000 8192 0 1000000000
217 222 10869 5000 8192 0 1000000000
70 58 3595 5000 8192 0 1000000000
282 99 14359 5000 8192 0 1000000000
20 302 1011 5000 8192 0 1000000000
181 123 8901 5000 8192 0 1000000000
104 161 5018 5000 8192 0 1000000000
61 172 3024 5000 8192 0 1000000000
109 246 5201 5000 8192 0 1000000000
286 287 14582 5000 8192 0 1000000000
131 261 6486 5000 8192 0 1000000000
232 190 11727 5000 8192 0 1000000000
117 166 5704 5000 8192 0 1000000000
171 10 16468 5000 16777216 1 1000000000
245 318 12532 5000 8192 0 1000000000
175 274 8635 5000 8192 0 1000000000
306 206 15639 5000 8192 0 1000000000
136 261 6702 5000 8192 0 1000000000
91 200 4541 5000 8192 0 1000000000
210 59 10417 5000 8192 0 1000000000
57 119 2775 5000 8192 0 1000000000
289 216 14745 5000 8192 0 1000000000
185 91 9094 5000 8192 0 1000000000
255 100 13006 5000 8192 0 1000000000
24 188 1256 5000 8192 0 1000000000
279 266 14161 5000 8192 0 1000000000
179 0 8852 5000 8192 0 1000000000
39 16 1840 5000 8192 0 1000000000
271 54 13837 5000 8192 0 1000000000
138 198 6798 5000 8192 0 1000000000
168 265 8347 5000 8192 0 1000000000
129 51 6376 5000 8192 0 1000000000
83 299 4233 5000 8192 0 1000000000
208 159 10301 5000 8192 0 1000000000
178 235 8747 5000 8192 0 1000000000
35 126 1705 5000 8192 0 1000000000
135 22 6607 5000 8192 0 1000000000
218 278 10931 5000 8192 0 1000000000
68 55 3501 5000 8192 0 1000000000
24 68 1232 5000 8192 0 1000000000
219 308 11004 5000 8192 0 1000000000
43 86 2086 5000 8192 0 1000000000
169 35 8384 5000 8192 0 1000000000
29 99 1429 5000 8192 0 1000000000
267 317 13555 5000 8192 0 1000000000
3 222 131 5000 8192 0 1000000000
47 153 2239 5000 8192 0 1000000000
160 10 7897 5000 8192 0 1000000000
7 171 341 5000 8192 0 1000000000
240 199 12195 5000 8192 0 1000000000
303 33 15489 5000 8192 0 1000000000
21 285 1081 5000 8192 0 1000000000
231 114 11640 5000 8192 0 1000000000
292 316 14956 5000 8192 0 1000000000
190 148 9379 5000 8192 0 1000000000
243 178 12386 5000 8192 0 1000000000
111 200 5310 5000 8192 0 1000000000
269 214 13691 5000 8192 0 1000000000
265 154 13427 5000 8192 0 1000000000
224 174 11343 5000 8192 0 1000000000
145 80 7168 5000 8192 0 1000000000
164 44 8158 5000 8192 0 1000000000
293 51 15054 5000 8192 0 1000000000
87 109 4423 5000 8192 0 1000000000
121 15 5906 5000 8192 0 1000000000
18 206 927 5000 8192 0 1000000000
237 195 12012 5000 8192 0 1000000000
202 110 9998 5000 8192 0 1000000000
290 103 14844 5000 8192 0 1000000000
278 283 14134 5000 8192 0 1000000000
169 246 8407 5000 8192 0 1000000000
14 179 653 5000 8192 0 1000000000
267 20 13556 5000 8192 0 1000000000
20 101 1004 5000 8192 0 1000000000
287 216 14631 5000 8192 0 1000000000
65 137 3266 5000 8192 0 1000000000
238 107 12099 5000 8192 0 1000000000
141 15 6894 5000 8192 0 1000000000
241 26 12276 5000 8192 0 1000000000
117 132 5729 5000 8192 0 1000000000
58 162 2872 5000 8192 0 1000000000
289 120 14754 5000 8192 0 1000000000
129 149 6328 5000 8192 0 1000000000
85 221 4405 5000 8192 0 1000000000
92 179 4623 5000 8192 0 1000000000
85 70 4366 5000 8192 0 1000000000
87 27 4449 5000 8192 0 1000000000
141 80 6953 5000 8192 0 1000000000
66 113 3374 5000 8192 0 1000000000
62 185 3123 5000 8192 0 1000000000
168 92 8336 5000 8192 0 1000000000
153 48 7541 5000 8192 0 1000000000
66 303 3383 5000 8192 0 1000000000
292 211 14932 5000 8192 0 1000000000
264 47 13360 5000 8192 0 1000000000
268 148 13615 5000 8192 0 1000000000
286 72 14585 5000 8192 0 1000000000
30 206 1501 5000 8192 0 1000000000
267 234 13531 5000 8192 0 1000000000
316 226 16141 5000 8192 0 1000000000
197 143 9785 5000 8192 0 1000000000
234 295 11811 5000 8192 0 1000000000
62 92 3120 5000 8192 0 1000000000
108 67 5160 5000 8192 0 1000000000
281 67 14313 5000 8192 0 1000000000
51 316 2457 5000 8192 0 1000000000
124 57 6017 5000 8192 0 1000000000
291 133 14901 5000 8192 0 1000000000
141 209 6900 5000 8192 0 1000000000
240 266 12196 5000 8192 0 1000000000
106 317 16397 5000 16777216 1 1000000000
164 95 8107 5000 8192 0 1000000000
153 26 7566 5000 8192 0 1000000000
282 158 14397 5000 8192 0 1000000000
39 167 1852 5000 8192 0 1000000000
243 186 12391 5000 8192 0 1000000000
15 62 745 5000 8192 0 1000000000
116 41 5624 5000 8192 0 1000000000
67 310 3401 5000 8192 0 1000000000
134 91 6525 5000 8192 0 1000000000
39 297 1803 5000 8192 0 1000000000
222 9 11195 5000 8192 0 1000000000
286 240 14568 5000 8192 0 1000000000
223 8 11247 5000 8192 0 1000000000
49 2 2330 5000 8192 0 1000000000
172 189 8443 5000 8192 0 1000000000
24 210 1230 5000 8192 0 1000000000
98 317 4798 5000 8192 0 1000000000
236 209 11972 5000 8192 0 1000000000
138 144 6818 5000 8192 0 1000000000
220 136 11082 5000 8192 0 1000000000
119 271 5850 5000 8192 0 1000000000
282 266 14364 5000 8192 0 1000000000
59 145 2911 5000 8192 0 1000000000
41 44 1957 5000 8192 0 1000000000
83 59 4227 5000 8192 0 1000000000
267 314 13562 5000 8192 0 1000000000
68 186 3505 5000 8192 0 1000000000
3 311 162 5000 8192 0 1000000000
312 192 16004 5000 8192 0 1000000000
39 289 1797 5000 8192 0 1000000000
181 184 8925 5000 8192 0 1000000000
91 187 4557 5000 8192 0 1000000000
152 108 7506 5000 8192 0 1000000000
47 87 2243 5000 8192 0 1000000000
236 292 11946 5000 8192 0 1000000000
131 201 6457 5000 8192 0 1000000000
30 141 1476 5000 8192 0 1000000000
258 281 13062 5000 8192 0 1000000000
220 153 11049 5000 8192 0 1000000000
43 308 2078 5000 8192 0 1000000000
6 15 276 5000 8192 0 1000000000
233 63 11751 5000 8192 0 1000000000
36 88 1761 5000 8192 0 1000000000
304 289 15540 5000 8192 0 1000000000
319 243 16314 5000 8192 0 1000000000
123 74 5954 5000 8192 0 1000000000
40 56 1887 5000 8192 0 1000000000
262 61 13308 5000 8192 0 1000000000
237 99 12034 5000 8192 0 1000000000
83 151 4219 5000 8192 0 1000000000
284 199 14421 5000 8192 0 1000000000
130 110 6395 5000 8192 0 1000000000
129 45 6342 5000 8192 0 1000000000
225 261 11413 5000 8192 0 1000000000
104 251 5017 5000 8192 0 1000000000
316 218 16158 5000 8192 0 1000000000
293 36 14993 5000 8192 0 1000000000
288 253 14699 5000 8192 0 1000000000
210 46 10411 5000 8192 0 1000000000
6 107 286 5000 8192 0 1000000000
73 111 3731 5000 8192 0 1000000000
7 148 381 5000 8192 0 1000000000
196 279 9715 5000 8192 0 1000000000
169 282 8403 5000 8192 0 1000000000
269 251 13658 5000 8192 0 1000000000
262 182 13282 5000 8192 0 1000000000
127 316 6217 5000 8192 0 1000000000
87 45 4418 5000 8192 0 1000000000
189 198 9353 5000 8192 0 1000000000
246 220 12583 5000 8192 0 1000000000
52 299 2518 5000 8192 0 1000000000
190 81 9393 5000 8192 0 1000000000
54 148 2598 5000 8192 0 1000000000
204 50 10086 5000 8192 0 1000000000
278 213 14152 5000 8192 0 1000000000
27 128 1339 5000 8192 0 1000000000
309 220 15845 5000 8192 0 1000000000
312 97 15957 5000 8192 0 1000000000
52 306 2553 5000 8192 0 1000000000
260 310 13150 5000 8192 0 1000000000
296 6 15126 5000 8192 0 1000000000
73 89 3710 5000 8192 0 1000000000
71 258 3642 5000 8192 0 1000000000
13 234 599 5000 8192 0 1000000000
125 115 6094 5000 8192 0 1000000000
98 247 4824 5000 8192 0 1000000000
214 65 10666 5000 8192 0 1000000000
159 204 7811 5000 8192 0 1000000000
216 279 10822 5000 8192 0 1000000000
184 277 8999 5000 8192 0 1000000000
230 306 11597 5000 8192 0 1000000000
80 22 4062 5000 8192 0 1000000000
162 91 8032 5000 8192 0 1000000000
312 55 15971 5000 8192 0 1000000000
43 187 2054 5000 8192 0 1000000000
32 88 1627 5000 8192 0 1000000000
92 318 4642 5000 8192 0 1000000000
277 40 14089 5000 8192 0 1000000000
140 90 6835 5000 8192 0 1000000000
211 105 10525 5000 8192 0 1000000000
218 213 10909 5000 8192 0 1000000000
291 105 14894 5000 8192 0 1000000000
152 83 7514 5000 8192 0 1000000000
268 159 13604 5000 8192 0 1000000000
319 7 16286 5000 8192 0 1000000000
63 197 3137 5000 8192 0 1000000000
3 251 170 5000 8192 0 1000000000
13 278 588 5000 8192 0 1000000000
75 256 3805 5000 8192 0 1000000000
317 37 16427 5000 16777216 1 1000000000
130 198 6447 5000 8192 0 1000000000
172 297 8460 5000 8192 0 1000000000
242 145 12343 5000 8192 0 1000000000
234 306 11844 5000 8192 0 1000000000
85 300 4358 5000 8192 0 1000000000
248 224 12743 5000 8192 0 1000000000
167 128 8232 5000 8192 0 1000000000
185 253 9084 5000 8192 0 1000000000
259 178 13123 5000 8192 0 1000000000
296 158 15138 5000 8192 0 1000000000
212 59 10569 5000 8192 0 1000000000
187 120 9201 5000 8192 0 1000000000
13 211 596 5000 8192 0 1000000000
210 221 10461 5000 8192 0 1000000000
315 140 16108 5000 8192 0 1000000000
174 79 8591 5000 8192 0 1000000000
248 307 12718 5000 8192 0 1000000000
107 115 5075 5000 8192 0 1000000000
196 51 9749 5000 8192 0 1000000000
189 2 9330 5000 8192 0 1000000000
211 76 10465 5000 8192 0 1000000000
174 312 8559 5000 8192 0 1000000000
212 282 10579 5000 8192 0 1000000000
71 132 3697 5000 8192 0 1000000000
71 123 3659 5000 8192 0 1000000000
138 105 6793 5000 8192 0 1000000000
290 174 14852 5000 8192 0 1000000000
126 179 6188 5000 8192 0 1000000000
185 192 9073 5000 8192 0 1000000000
67 22 3440 5000 8192 0 1000000000
28 72 1342 5000 8192 0 1000000000
245 210 12561 5000 8192 0 1000000000
36 69 1726 5000 8192 0 1000000000
6 35 284 5000 8192 0 1000000000
307 262 15725 5000 8192 0 1000000000
3 260 189 5000 8192 0 1000000000
60 226 2944 5000 8192 0 1000000000
183 280 8972 5000 8192 0 1000000000
183 108 8958 5000 8192 0 1000000000
13 187 578 5000 8192 0 1000000000
254 69 12888 5000 8192 0 1000000000
229 126 11505 5000 8192 0 1000000000
16 261 814 5000 8192 0 1000000000
188 240 9299 5000 8192 0 1000000000
175 300 8628 5000 8192 0 1000000000
313 229 16053 5000 8192 0 1000000000
130 18 6434 5000 8192 0 1000000000
252 97 12856 5000 8192 0 1000000000
144 4 7147 5000 8192 0 1000000000
127 285 6209 5000 8192 0 1000000000
12 105 519 5000 8192 0 1000000000
202 183 10005 5000 8192 0 1000000000
289 143 14784 5000 8192 0 1000000000
318 226 16255 5000 8192 0 1000000000
57 148 2801 5000 8192 0 1000000000
202 57 10014 5000 8192 0 1000000000
304 287 15509 5000 8192 0 1000000000
293 10 15046 5000 8192 0 1000000000
155 115 7644 5000 8192 0 1000000000
194 205 9595 5000 8192 0 1000000000
277 256 14034 5000 8192 0 1000000000
58 129 2831 5000 8192 0 1000000000
208 117 10316 5000 8192 0 1000000000
280 4 14281 5000 8192 0 1000000000
60 298 2989 5000 8192 0 1000000000
31 57 1564 5000 8192 0 1000000000
9 0 509 5000 8192 0 1000000000
203 51 10031 5000 8192 0 1000000000
17 44 880 5000 8192 0 1000000000
262 294 13309 5000 8192 0 1000000000
112 128 5423 5000 8192 0 1000000000
279 117 14186 5000 8192 0 1000000000
144 208 7114 5000 8192 0 1000000000
30 53 1513 5000 8192 0 1000000000
107 109 5098 5000 8192 0 1000000000
316 309 16195 5000 8192 0 1000000000
225 259 11418 5000 8192 0 1000000000
75 147 3781 5000 8192 0 1000000000
287 122 14639 5000 8192 0 1000000000
3 60 150 5000 8192 0 1000000000
252 116 12832 5000 8192 0 1000000000
28 55 1400 5000 8192 0 1000000000
109 73 5173 5000 8192 0 1000000000
272 164 13891 5000 8192 0 1000000000
54 136 2595 5000 8192 0 1000000000
266 26 13465 5000 8192 0 1000000000
226 298 11465 5000 8192 0 1000000000
252 165 12833 5000 8192 0 1000000000
307 4 15752 5000 8192 0 1000000000
83 85 4243 5000 8192 0 1000000000
71 248 3682 5000 8192 0 1000000000
6 267 269 5000 8192 0 1000000000
52 107 2531 5000 8192 0 1000000000
266 35 13496 5000 8192 0 1000000000
219 239 10974 5000 8192 0 1000000000
318 195 16225 5000 8192 0 1000000000
35 142 1680 5000 8192 0 1000000000
221 56 11153 5000 8192 0 1000000000
266 67 13481 5000 8192 0 1000000000
150 237 7437 5000 8192 0 1000000000
217 67 10858 5000 8192 0 1000000000
186 256 9167 5000 8192 0 1000000000
131 210 6448 5000 8192 0 1000000000
138 236 6773 5000 8192 0 1000000000
3 192 174 5000 8192 0 1000000000
165 62 8229 5000 8192 0 1000000000
169 319 8423 5000 8192 0 1000000000
293 156 15036 5000 8192 0 1000000000
306 230 15692 5000 8192 0 1000000000
271 90 13803 5000 8192 0 1000000000
239 161 12137 5000 8192 0 1000000000
174 130 8576 5000 8192 0 1000000000
191 250 9475 5000 8192 0 1000000000
111 154 5338 5000 8192 0 1000000000
27 277 1319 5000 8192 0 1000000000
239 179 12139 5000 8192 0 1000000000
262 83 13296 5000 8192 0 1000000000
6 119 296 5000 8192 0 1000000000
233 112 11769 5000 8192 0 1000000000
84 301 4335 5000 8192 0 1000000000
153 96 7548 5000 8192 0 1000000000
70 82 3589 5000 8192 0 1000000000
293 26 15021 5000 8192 0 1000000000
102 64 4979 5000 8192 0 1000000000
278 13 14143 5000 8192 0 1000000000
9 250 507 5000 8192 0 1000000000
203 188 10040 5000 8192 0 1000000000
178 50 8744 5000 8192 0 1000000000
244 104 12492 5000 8192 0 1000000000
47 93 2265 5000 8192 0 1000000000
285 231 14486 5000 8192 0 1000000000
313 148 16047 5000 8192 0 1000000000
216 2 10787 5000 8192 0 1000000000
117 263 5709 5000 8192 0 1000000000
116 35 5630 5000 8192 0 1000000000
24 207 1249 5000 8192 0 1000000000
85 126 4375 5000 8192 0 1000000000
118 71 5769 5000 8192 0 1000000000
104 208 4992 5000 8192 0 1000000000
161 154 7920 5000 8192 0 1000000000
198 256 9883 5000 8192 0 1000000000
61 251 3019 5000 8192 0 1000000000
240 33 12220 5000 8192 0 1000000000
247 225 12645 5000 8192 0 1000000000
231 240 11634 5000 8192 0 1000000000
152 44 7491 5000 8192 0 1000000000
230 59 11551 5000 8192 0 1000000000
211 26 10526 5000 8192 0 1000000000
197 293 9799 5000 8192 0 1000000000
56 185 2728 5000 8192 0 1000000000
272 236 13889 5000 8192 0 1000000000
14 250 672 5000 8192 0 1000000000
173 270 8518 5000 8192 0 1000000000
234 36 11853 5000 8192 0 1000000000
225 53 11385 5000 8192 0 1000000000
98 315 4839 5000 8192 0 1000000000
65 67 3317 5000 8192 0 1000000000
148 79 7292 5000 8192 0 1000000000
113 317 5480 5000 8192 0 1000000000
266 255 13514 5000 8192 0 1000000000
28 88 1387 5000 8192 0 1000000000
142 108 6959 5000 8192 0 1000000000
104 278 5026 5000 8192 0 1000000000
49 39 2355 5000 8192 0 1000000000
18 33 932 5000 8192 0 1000000000
270 300 13756 5000 8192 0 1000000000
44 30 2162 5000 8192 0 1000000000
36 68 1768 5000 8192 0 1000000000
296 102 15159 5000 8192 0 1000000000
104 245 5002 5000 8192 0 1000000000
300 31 15368 5000 8192 0 1000000000
310 118 15921 5000 8192 0 1000000000
124 128 6013 5000 8192 0 1000000000
312 60 15963 5000 8192 0 1000000000
23 311 1175 5000 8192 0 1000000000
297 226 15186 5000 8192 0 1000000000
159 26 7819 5000 8192 0 1000000000
126 315 6138 5000 8192 0 1000000000
138 282 6797 5000 8192 0 1000000000
161 300 7948 5000 8192 0 1000000000
98 142 4819 5000 8192 0 1000000000
150 286 7456 5000 8192 0 1000000000
36 132 1747 5000 8192 0 1000000000
87 268 4440 5000 8192 0 1000000000
305 49 15569 5000 8192 0 1000000000
138 85 6813 5000 8192 0 1000000000
288 251 14714 5000 8192 0 1000000000
278 93 14156 5000 8192 0 1000000000
176 282 8704 5000 8192 0 1000000000
78 7 3957 5000 8192 0 1000000000
71 209 3675 5000 8192 0 1000000000
204 179 10105 5000 8192 0 1000000000
91 155 4545 5000 8192 0 1000000000
50 67 2394 5000 8192 0 1000000000
73 161 3761 5000 8192 0 1000000000
306 211 15649 5000 8192 0 1000000000
296 246 15127 5000 8192 0 1000000000
259 252 13089 5000 8192 0 1000000000
223 308 11270 5000 8192 0 1000000000
309 16 15836 5000 8192 0 1000000000
293 136 15041 5000 8192 0 1000000000
254 197 12913 5000 8192 0 1000000000
59 258 2900 5000 8192 0 1000000000
23 290 1185 5000 8192 0 1000000000
45 43 2182 5000 8192 0 1000000000
36 14 1731 5000 8192 0 1000000000
90 10 4515 5000 8192 0 1000000000
153 246 7542 5000 8192 0 1000000000
127 212 6250 5000 8192 0 1000000000
75 214 3778 5000 8192 0 1000000000
267 5 13579 5000 8192 0 1000000000
285 286 14509 5000 8192 0 1000000000
39 44 1810 5000 8192 0 1000000000
195 145 9649 5000 8192 0 1000000000
9 72 467 5000 8192 0 1000000000
145 234 7180 5000 8192 0 1000000000
288 63 14707 5000 8192 0 1000000000
101 274 4853 5000 8192 0 1000000000
284 233 14425 5000 8192 0 1000000000
313 93 16066 5000 8192 0 1000000000
241 261 12256 5000 8192 0 1000000000
107 190 5061 5000 8192 0 1000000000
134 221 6529 5000 8192 0 1000000000
213 132 10627 5000 8192 0 1000000000
183 213 8986 5000 8192 0 1000000000
296 133 15167 5000 8192 0 1000000000
234 170 11816 5000 8192 0 1000000000
79 224 4022 5000 8192 0 1000000000
69 313 3552 5000 8192 0 1000000000
276 105 14027 5000 8192 0 1000000000
224 151 11303 5000 8192 0 1000000000
247 199 12657 5000 8192 0 1000000000
194 191 9589 5000 8192 0 1000000000
194 71 9597 5000 8192 0 1000000000
271 118 13816 5000 8192 0 1000000000
92 291 4647 5000 8192 0 1000000000
127 229 6231 5000 8192 0 1000000000
164 134 8117 5000 8192 0 1000000000
84 66 4312 5000 8192 0 1000000000
218 267 10950 5000 8192 0 1000000000
230 315 11608 5000 8192 0 1000000000
174 139 8605 5000 8192 0 1000000000
117 268 5736 5000 8192 0 1000000000
91 94 4549 5000 8192 0 1000000000
249 313 12801 5000 8192 0 1000000000
239 202 12171 5000 8192 0 1000000000
208 166 10296 5000 8192 0 1000000000
81 186 4104 5000 8192 0 1000000000
260 205 13192 5000 8192 0 1000000000
164 36 8121 5000 8192 0 1000000000
42 263 2032 5000 8192 0 1000000000
58 263 2851 5000 8192 0 1000000000
68 249 3454 5000 8192 0 1000000000
319 288 16307 5000 8192 0 1000000000
181 27 8882 5000 8192 0 1000000000
300 219 15374 5000 8192 0 1000000000
319 83 16298 5000 8192 0 1000000000
268 120 13628 5000 8192 0 1000000000
236 43 11960 5000 8192 0 1000000000
27 225 1324 5000 8192 0 1000000000
233 288 11791 5000 8192 0 1000000000
201 112 9933 5000 8192 0 1000000000
39 86 1828 5000 8192 0 1000000000
35 275 1709 5000 8192 0 1000000000
165 270 8188 5000 8192 0 1000000000
300 81 15330 5000 8192 0 1000000000
124 41 6002 5000 8192 0 1000000000
28 39 1366 5000 8192 0 1000000000
69 120 3520 5000 8192 0 1000000000
232 155 11689 5000 8192 0 1000000000
119 1 5827 5000 8192 0 1000000000
233 124 11794 5000 8192 0 1000000000
286 92 14583 5000 8192 0 1000000000
312 97 15985 5000 8192 0 1000000000
68 0 3465 5000 8192 0 1000000000
231 106 11660 5000 8192 0 1000000000
124 54 6040 5000 8192 0 1000000000
75 86 3821 5000 8192 0 1000000000
272 69 13866 5000 8192 0 1000000000
47 71 2298 5000 8192 0 1000000000
98 128 4848 5000 8192 0 1000000000
115 256 5611 5000 8192 0 1000000000
49 236 2313 5000 8192 0 1000000000
215 209 10757 5000 8192 0 1000000000
82 211 4214 5000 8192 0 1000000000
96 106 16336 5000 16777216 1 1000000000
114 319 5512 5000 8192 0 1000000000
176 189 8693 5000 8192 0 1000000000
114 136 5492 5000 8192 0 1000000000
67 304 3388 5000 8192 0 1000000000
187 38 9198 5000 8192 0 1000000000
230 304 11572 5000 8192 0 1000000000
240 318 12209 5000 8192 0 1000000000
54 109 2594 5000 8192 0 1000000000
244 79 12451 5000 8192 0 1000000000
110 164 5273 5000 8192 0 1000000000
272 48 13872 5000 8192 0 1000000000
2 206 96 5000 8192 0 1000000000
215 290 10772 5000 8192 0 1000000000
294 132 16372 5000 16777216 1 1000000000
213 49 10636 5000 8192 0 1000000000
231 99 11630 5000 8192 0 1000000000
101 117 4909 5000 8192 0 1000000000
111 29 5327 5000 8192 0 1000000000
161 308 7975 5000 8192 0 1000000000
286 319 14596 5000 8192 0 1000000000
141 178 6951 5000 8192 0 1000000000
118 242 5779 5000 8192 0 1000000000
106 199 16442 5000 16777216 1 1000000000
312 248 15951 5000 8192 0 1000000000
281 100 14294 5000 8192 0 1000000000
110 275 5292 5000 8192 0 1000000000
134 187 6569 5000 8192 0 1000000000
252 208 12839 5000 8192 0 1000000000
259 214 13098 5000 8192 0 1000000000
110 294 5249 5000 8192 0 1000000000
285 86 14518 5000 8192 0 1000000000
201 111 9897 5000 8192 0 1000000000
15 120 720 5000 8192 0 1000000000
76 276 3867 5000 8192 0 1000000000
58 37 2855 5000 8192 0 1000000000
234 302 11813 5000 8192 0 1000000000
31 290 1535 5000 8192 0 1000000000
7 198 334 5000 8192 0 1000000000
194 140 9575 5000 8192 0 1000000000
221 168 11114 5000 8192 0 1000000000
271 176 13831 5000 8192 0 1000000000
161 133 7918 5000 8192 0 1000000000
81 26 4114 5000 8192 0 1000000000
2 29 71 5000 8192 0 1000000000
254 221 12932 5000 8192 0 1000000000
278 84 14125 5000 8192 0 1000000000
0 41 11 5000 8192 0 1000000000
32 71 1653 5000 8192 0 1000000000
43 274 2079 5000 8192 0 1000000000
302 138 15432 5000 8192 0 1000000000
255 210 13012 5000 8192 0 1000000000
31 298 1541 5000 8192 0 1000000000
0 152 12 5000 8192 0 1000000000
156 96 7672 5000 8192 0 1000000000
149 18 7396 5000 8192 0 1000000000
108 173 5141 5000 8192 0 1000000000
266 109 13518 5000 8192 0 1000000000
260 196 13183 5000 8192 0 1000000000
143 112 7084 5000 8192 0 1000000000
8 139 406 5000 8192 0 1000000000
233 128 11778 5000 8192 0 1000000000
39 11 1811 5000 8192 0 1000000000
163 89 8075 5000 8192 0 1000000000
169 174 8369 5000 8192 0 1000000000
152 56 7520 5000 8192 0 1000000000
175 257 8633 5000 8192 0 1000000000
86 37 16502 5000 16777216 1 1000000000
124 128 6006 5000 8192 0 1000000000
80 20 4089 5000 8192 0 1000000000
26 256 16463 5000 16777216 1 1000000000
293 113 15053 5000 8192 0 1000000000
241 185 12266 5000 8192 0 1000000000
51 62 2452 5000 8192 0 1000000000
3 287 142 5000 8192 0 1000000000
303 196 15481 5000 8192 0 1000000000
130 283 6412 5000 8192 0 1000000000
225 77 11382 5000 8192 0 1000000000
233 234 11797 5000 8192 0 1000000000
225 55 11355 5000 8192 0 1000000000
82 106 4179 5000 8192 0 1000000000
208 302 10305 5000 8192 0 1000000000
160 72 7857 5000 8192 0 1000000000
81 289 4122 5000 8192 0 1000000000
151 19 16334 5000 16777216 1 1000000000
285 151 14515 5000 8192 0 1000000000
230 55 11585 5000 8192 0 1000000000
133 275 16486 5000 16777216 1 1000000000
284 271 14429 5000 8192 0 1000000000
208 9 10278 5000 8192 0 1000000000
114 151 5498 5000 8192 0 1000000000
190 50 9380 5000 8192 0 1000000000
138 287 6806 5000 8192 0 1000000000
159 149 7786 5000 8192 0 1000000000
125 157 6098 5000 8192 0 1000000000
49 87 2304 5000 8192 0 1000000000
174 43 8558 5000 8192 0 1000000000
315 31 16136 5000 8192 0 1000000000
14 281 666 5000 8192 0 1000000000
55 67 2640 5000 8192 0 1000000000
104 277 5003 5000 8192 0 1000000000
211 319 10478 5000 8192 0 1000000000
288 248 14692 5000 8192 0 1000000000
40 261 1858 5000 8192 0 1000000000
201 139 9916 5000 8192 0 1000000000
36 18 1783 5000 8192 0 1000000000
302 284 15421 5000 8192 0 1000000000
87 123 4438 5000 8192 0 1000000000
254 83 12949 5000 8192 0 1000000000
55 13 2663 5000 8192 0 1000000000
235 146 11871 5000 8192 0 1000000000
125 26 6114 5000 8192 0 1000000000
109 15 5222 5000 8192 0 1000000000
230 273 11579 5000 8192 0 1000000000
153 282 7543 5000 8192 0 1000000000
95 191 4720 5000 8192 0 1000000000
175 52 8634 5000 8192 0 1000000000
63 282 3194 5000 8192 0 1000000000
288 114 14720 5000 8192 0 1000000000
160 311 7874 5000 8192 0 1000000000
165 144 8209 5000 8192 0 1000000000
78 153 3941 5000 8192 0 1000000000
47 206 2257 5000 8192 0 1000000000
318 240 16258 5000 8192 0 1000000000
318 152 16256 5000 8192 0 1000000000
108 313 5143 5000 8192 0 1000000000
65 154 3314 5000 8192 0 1000000000
161 193 7963 5000 8192 0 1000000000
306 158 15634 5000 8192 0 1000000000
162 171 8015 5000 8192 0 1000000000
56 260 2703 5000 8192 0 1000000000
318 198 16210 5000 8192 0 1000000000
202 46 10000 5000 8192 0 1000000000
249 261 12804 5000 8192 0 1000000000
296 84 15119 5000 8192 0 1000000000
45 127 2175 5000 8192 0 1000000000
174 172 8583 5000 8192 0 1000000000
223 98 11241 5000 8192 0 1000000000
208 279 10299 5000 8192 0 1000000000
220 86 11059 5000 8192 0 1000000000
278 60 14106 5000 8192 0 1000000000
197 35 9779 5000 8192 0 1000000000
32 281 1622 5000 8192 0 1000000000
197 92 9767 5000 8192 0 1000000000
172 213 8426 5000 8192 0 1000000000
128 271 6267 5000 8192 0 1000000000
272 59 13890 5000 8192 0 1000000000
276 154 13970 5000 8192 0 1000000000
223 286 11253 5000 8192 0 1000000000
164 297 8106 5000 8192 0 1000000000
318 149 16249 5000 8192 0 1000000000
7 130 373 5000 8192 0 1000000000
70 208 3624 5000 8192 0 1000000000
218 318 10949 5000 8192 0 1000000000
58 116 2865 5000 8192 0 1000000000
129 91 6365 5000 8192 0 1000000000
22 2 1111 5000 8192 0 1000000000
164 220 8130 5000 8192 0 1000000000
128 206 6280 5000 8192 0 1000000000
287 23 14659 5000 8192 0 1000000000
84 232 4310 5000 8192 0 1000000000
205 305 10153 5000 8192 0 1000000000
270 51 13774 5000 8192 0 1000000000
44 131 2143 5000 8192 0 1000000000
198 134 9887 5000 8192 0 1000000000
213 80 10592 5000 8192 0 1000000000
308 88 15821 5000 8192 0 1000000000
193 290 9553 5000 8192 0 1000000000
90 110 4518 5000 8192 0 1000000000
277 315 14087 5000 8192 0 1000000000
244 240 12482 5000 8192 0 1000000000
266 52 13470 5000 8192 0 1000000000
85 0 4372 5000 8192 0 1000000000
240 247 12230 5000 8192 0 1000000000
12 47 573 5000 8192 0 1000000000
119 179 5824 5000 8192 0 1000000000
163 60 8060 5000 8192 0 1000000000
218 20 10939 5000 8192 0 1000000000
229 232 11514 5000 8192 0 1000000000
45 14 2234 5000 8192 0 1000000000
245 235 12559 5000 8192 0 1000000000
107 182 5074 5000 8192 0 1000000000
264 66 13353 5000 8192 0 1000000000
161 44 7938 5000 8192 0 1000000000
282 4 14368 5000 8192 0 1000000000
261 39 13249 5000 8192 0 1000000000
279 168 14190 5000 8192 0 1000000000
85 269 4396 5000 8192 0 1000000000
223 159 11273 5000 8192 0 1000000000
203 88 10042 5000 8192 0 1000000000
14 88 664 5000 8192 0 1000000000
235 134 11893 5000 8192 0 1000000000
184 162 9030 5000 8192 0 1000000000
108 43 5147 5000 8192 0 1000000000
204 191 10101 5000 8192 0 1000000000
296 108 15177 5000 8192 0 1000000000
220 128 11053 5000 8192 0 1000000000
98 56 4825 5000 8192 0 1000000000
44 226 2113 5000 8192 0 1000000000
246 130 12573 5000 8192 0 1000000000
293 1 15024 5000 8192 0 1000000000
12 112 539 5000 8192 0 1000000000
183 228 8975 5000 8192 0 1000000000
167 308 8270 5000 8192 0 1000000000
205 190 10158 5000 8192 0 1000000000
15 292 726 5000 8192 0 1000000000
226 20 11471 5000 8192 0 1000000000
247 134 12681 5000 8192 0 1000000000
211 290 10477 5000 8192 0 1000000000
290 237 14831 5000 8192 0 1000000000
42 60 1992 5000 8192 0 1000000000
9 125 477 5000 8192 0 1000000000
270 3 13776 5000 8192 0 1000000000
230 297 11601 5000 8192 0 1000000000
245 200 12515 5000 8192 0 1000000000
108 44 5165 5000 8192 0 1000000000
65 257 3287 5000 8192 0 1000000000
176 303 8740 5000 8192 0 1000000000
129 232 6333 5000 8192 0 1000000000
167 173 8269 5000 8192 0 1000000000
248 24 12735 5000 8192 0 1000000000
142 270 7016 5000 8192 0 1000000000
223 277 11238 5000 8192 0 1000000000
175 274 8666 5000 8192 0 1000000000
67 228 3420 5000 8192 0 1000000000
21 44 1085 5000 8192 0 1000000000
255 282 12985 5000 8192 0 1000000000
136 98 6692 5000 8192 0 1000000000
130 318 6406 5000 8192 0 1000000000
27 299 1330 5000 8192 0 1000000000
295 50 15083 5000 8192 0 1000000000
245 222 12540 5000 8192 0 1000000000
150 201 7404 5000 8192 0 1000000000
156 151 7697 5000 8192 0 1000000000
304 165 15549 5000 8192 0 1000000000
111 200 5317 5000 8192 0 1000000000
97 64 4752 5000 8192 0 1000000000
195 127 9650 5000 8192 0 1000000000
172 221 8439 5000 8192 0 1000000000
51 210 2440 5000 8192 0 1000000000
67 230 3418 5000 8192 0 1000000000
45 199 2200 5000 8192 0 1000000000
276 119 14029 5000 8192 0 1000000000
15 238 740 5000 8192 0 1000000000
8 161 415 5000 8192 0 1000000000
126 25 6143 5000 8192 0 1000000000
238 45 12075 5000 8192 0 1000000000
110 109 5272 5000 8192 0 1000000000
153 238 7564 5000 8192 0 1000000000
308 306 15810 5000 8192 0 1000000000
244 28 12479 5000 8192 0 1000000000
212 311 10531 5000 8192 0 1000000000
31 122 1534 5000 8192 0 1000000000
197 287 9770 5000 8192 0 1000000000
174 114 8603 5000 8192 0 1000000000
229 54 11502 5000 8192 0 1000000000
297 262 15239 5000 8192 0 1000000000
66 226 3366 5000 8192 0 1000000000
301 275 16368 5000 16777216 1 1000000000
128 255 6262 5000 8192 0 1000000000
44 268 2170 5000 8192 0 1000000000
129 61 6354 5000 8192 0 1000000000
83 22 4254 5000 8192 0 1000000000
149 211 7364 5000 8192 0 1000000000
310 242 15928 5000 8192 0 1000000000
136 189 6688 5000 8192 0 1000000000
68 9 3459 5000 8192 0 1000000000
293 299 15019 5000 8192 0 1000000000
234 305 11810 5000 8192 0 1000000000
261 161 13225 5000 8192 0 1000000000
91 311 4593 5000 8192 0 1000000000
297 67 15200 5000 8192 0 1000000000
116 64 5675 5000 8192 0 1000000000
90 10 4533 5000 8192 0 1000000000
32 254 1619 5000 8192 0 1000000000
163 262 8074 5000 8192 0 1000000000
21 197 1083 5000 8192 0 1000000000
155 238 7652 5000 8192 0 1000000000
304 95 15505 5000 8192 0 1000000000
147 309 7255 5000 8192 0 1000000000
10 106 16469 5000 16777216 1 1000000000
186 288 9183 5000 8192 0 1000000000
198 49 9877 5000 8192 0 1000000000
296 60 15173 5000 8192 0 1000000000
258 257 13019 5000 8192 0 1000000000
258 189 13032 5000 8192 0 1000000000
3 287 187 5000 8192 0 1000000000
49 48 2349 5000 8192 0 1000000000
73 111 3760 5000 8192 0 1000000000
21 173 1036 5000 8192 0 1000000000
165 118 8177 5000 8192 0 1000000000
41 238 1969 5000 8192 0 1000000000
231 148 11631 5000 8192 0 1000000000
41 113 1967 5000 8192 0 1000000000
110 40 5291 5000 8192 0 1000000000
240 87 12234 5000 8192 0 1000000000
318 256 16243 5000 8192 0 1000000000
219 294 11028 5000 8192 0 1000000000
295 64 15078 5000 8192 0 1000000000
124 129 6060 5000 8192 0 1000000000
175 198 8670 5000 8192 0 1000000000
143 288 7069 5000 8192 0 1000000000
134 306 6562 5000 8192 0 1000000000
67 180 3409 5000 8192 0 1000000000
123 136 5957 5000 8192 0 1000000000
42 114 2003 5000 8192 0 1000000000
206 250 10241 5000 8192 0 1000000000
112 313 5384 5000 8192 0 1000000000
247 270 12647 5000 8192 0 1000000000
183 191 8942 5000 8192 0 1000000000
142 86 6984 5000 8192 0 1000000000
91 11 4599 5000 8192 0 1000000000
6 55 315 5000 8192 0 1000000000
125 79 6120 5000 8192 0 1000000000
284 110 14445 5000 8192 0 1000000000
141 17 6907 5000 8192 0 1000000000
66 186 3361 5000 8192 0 1000000000
135 211 6595 5000 8192 0 1000000000
233 159 11744 5000 8192 0 1000000000
255 24 12959 5000 8192 0 1000000000
63 23 3181 5000 8192 0 1000000000
129 114 6370 5000 8192 0 1000000000
153 157 7588 5000 8192 0 1000000000
318 98 16214 5000 8192 0 1000000000
112 225 5367 5000 8192 0 1000000000
187 150 9241 5000 8192 0 1000000000
218 23 10968 5000 8192 0 1000000000
83 43 4223 5000 8192 0 1000000000
44 50 2117 5000 8192 0 1000000000
158 91 7744 5000 8192 0 1000000000
12 216 537 5000 8192 0 1000000000
281 261 14304 5000 8192 0 1000000000
244 171 12490 5000 8192 0 1000000000
189 78 9355 5000 8192 0 1000000000
123 287 5970 5000 8192 0 1000000000
265 206 13458 5000 8192 0 1000000000
7 307 368 5000 8192 0 1000000000
216 31 10797 5000 8192 0 1000000000
58 180 2871 5000 8192 0 1000000000
141 263 6899 5000 8192 0 1000000000
116 280 5661 5000 8192 0 1000000000
175 68 8630 5000 8192 0 1000000000
47 205 2259 5000 8192 0 1000000000
117 29 5684 5000 8192 0 1000000000
110 116 5253 5000 8192 0 1000000000
117 285 5702 5000 8192 0 1000000000
278 29 14109 5000 8192 0 1000000000
119 80 5858 5000 8192 0 1000000000
315 82 16117 5000 8192 0 1000000000
218 10 10940 5000 8192 0 1000000000
262 259 13291 5000 8192 0 1000000000
270 20 13743 5000 8192 0 1000000000
216 227 10815 5000 8192 0 1000000000
220 20 11086 5000 8192 0 1000000000
267 101 13523 5000 8192 0 1000000000
214 139 10708 5000 8192 0 1000000000
89 133 16393 5000 16777216 1 1000000000
280 241 14249 5000 8192 0 1000000000
84 143 4300 5000 8192 0 1000000000
229 191 11537 5000 8192 0 1000000000
95 205 4689 5000 8192 0 1000000000
14 177 643 5000 8192 0 1000000000
188 246 9310 5000 8192 0 1000000000
66 149 3384 5000 8192 0 1000000000
205 229 10185 5000 8192 0 1000000000
78 92 3937 5000 8192 0 1000000000
297 182 15225 5000 8192 0 1000000000
310 160 15943 5000 8192 0 1000000000
136 49 6668 5000 8192 0 1000000000
164 281 8153 5000 8192 0 1000000000
216 242 10827 5000 8192 0 1000000000
276 17 14020 5000 8192 0 1000000000
174 37 8554 5000 8192 0 1000000000
218 135 10942 5000 8192 0 1000000000
62 209 3127 5000 8192 0 1000000000
129 33 6345 5000 8192 0 1000000000
306 146 15669 5000 8192 0 1000000000
69 21 3564 5000 8192 0 1000000000
111 56 5322 5000 8192 0 1000000000
281 247 14298 5000 8192 0 1000000000
289 193 14756 5000 8192 0 1000000000
255 308 12999 5000 8192 0 1000000000
179 293 8855 5000 8192 0 1000000000
51 149 2464 5000 8192 0 1000000000
258 229 13042 5000 8192 0 1000000000
131 162 6494 5000 8192 0 1000000000
319 233 16306 5000 8192 0 1000000000
143 103 7062 5000 8192 0 1000000000
67 205 3402 5000 8192 0 1000000000
55 286 2669 5000 8192 0 1000000000
17 246 888 5000 8192 0 1000000000
213 0 10600 5000 8192 0 1000000000
272 8 13840 5000 8192 0 1000000000
136 286 6674 5000 8192 0 1000000000
63 10 3174 5000 8192 0 1000000000
13 136 590 5000 8192 0 1000000000
271 82 13820 5000 8192 0 1000000000
3 198 175 5000 8192 0 1000000000
15 186 758 5000 8192 0 1000000000
221 166 11135 5000 8192 0 1000000000
289 146 14746 5000 8192 0 1000000000
243 196 12407 5000 8192 0 1000000000
300 147 15325 5000 8192 0 1000000000
243 107 12400 5000 8192 0 1000000000
201 235 9921 5000 8192 0 1000000000
61 300 3047 5000 8192 0 1000000000
216 305 10796 5000 8192 0 1000000000
248 275 12697 5000 8192 0 1000000000
271 223 13810 5000 8192 0 1000000000
288 232 14677 5000 8192 0 1000000000
150 181 7429 5000 8192 0 1000000000
304 19 15526 5000 8192 0 1000000000
81 282 4093 5000 8192 0 1000000000
140 79 6861 5000 8192 0 1000000000
195 279 9678 5000 8192 0 1000000000
218 106 10929 5000 8192 0 1000000000
194 288 9598 5000 8192 0 1000000000
254 135 12912 5000 8192 0 1000000000
108 104 5128 5000 8192 0 1000000000
39 41 1798 5000 8192 0 1000000000
42 256 2034 5000 8192 0 1000000000
290 280 14807 5000 8192 0 1000000000
226 162 11425 5000 8192 0 1000000000
188 121 9281 5000 8192 0 1000000000
158 106 7746 5000 8192 0 1000000000
8 262 403 5000 8192 0 1000000000
101 9 4900 5000 8192 0 1000000000
114 122 5513 5000 8192 0 1000000000
102 260 4923 5000 8192 0 1000000000
137 277 6758 5000 8192 0 1000000000
49 214 2302 5000 8192 0 1000000000
283 139 16360 5000 16777216 1 1000000000
217 97 10894 5000 8192 0 1000000000
80 207 4064 5000 8192 0 1000000000
56 48 2706 5000 8192 0 1000000000
233 52 11762 5000 8192 0 1000000000
241 292 12311 5000 8192 0 1000000000
16 174 773 5000 8192 0 1000000000
278 310 14138 5000 8192 0 1000000000
236 270 11933 5000 8192 0 1000000000
52 45 2525 5000 8192 0 1000000000
134 229 6570 5000 8192 0 1000000000
43 59 2105 5000 8192 0 1000000000
255 263 13008 5000 8192 0 1000000000
278 45 14099 5000 8192 0 1000000000
201 182 9911 5000 8192 0 1000000000
202 263 9962 5000 8192 0 1000000000
195 288 9636 5000 8192 0 1000000000
71 32 3663 5000 8192 0 1000000000
270 185 13727 5000 8192 0 1000000000
186 131 9178 5000 8192 0 1000000000
41 278 1961 5000 8192 0 1000000000
230 165 11588 5000 8192 0 1000000000
238 307 12061 5000 8192 0 1000000000
302 177 15433 5000 8192 0 1000000000
223 39 11248 5000 8192 0 1000000000
121 48 5918 5000 8192 0 1000000000
87 28 4412 5000 8192 0 1000000000
272 178 13881 5000 8192 0 1000000000
272 17 13883 5000 8192 0 1000000000
112 200 5382 5000 8192 0 1000000000
299 251 16511 5000 16777216 1 1000000000
226 139 11455 5000 8192 0 1000000000
270 3 13715 5000 8192 0 1000000000
289 142 14737 5000 8192 0 1000000000
29 153 1412 5000 8192 0 1000000000
223 313 11234 5000 8192 0 1000000000
2 305 88 5000 8192 0 1000000000
59 176 2910 5000 8192 0 1000000000
30 48 1531 5000 8192 0 1000000000
219 224 10973 5000 8192 0 1000000000
82 17 4185 5000 8192 0 1000000000
186 28 9179 5000 8192 0 1000000000
153 179 7538 5000 8192 0 1000000000
107 48 5066 5000 8192 0 1000000000
163 58 8081 5000 8192 0 1000000000
62 243 3095 5000 8192 0 1000000000
258 165 13066 5000 8192 0 1000000000
255 25 12976 5000 8192 0 1000000000
31 251 1583 5000 8192 0 1000000000
198 75 9835 5000 8192 0 1000000000
75 41 3830 5000 8192 0 1000000000
45 278 2180 5000 8192 0 1000000000
116 312 5665 5000 8192 0 1000000000
117 258 5708 5000 8192 0 1000000000
219 196 11005 5000 8192 0 1000000000
244 176 12462 5000 8192 0 1000000000
189 226 9327 5000 8192 0 1000000000
187 142 9237 5000 8192 0 1000000000
293 170 15007 5000 8192 0 1000000000
153 44 7550 5000 8192 0 1000000000
127 103 6252 5000 8192 0 1000000000
231 263 11668 5000 8192 0 1000000000
107 261 5046 5000 8192 0 1000000000
212 138 10548 5000 8192 0 1000000000
58 209 2812 5000 8192 0 1000000000
73 241 3732 5000 8192 0 1000000000
30 140 1479 5000 8192 0 1000000000
233 173 11800 5000 8192 0 1000000000
152 24 7485 5000 8192 0 1000000000
297 63 15226 5000 8192 0 1000000000
191 172 9456 5000 8192 0 1000000000
135 229 6614 5000 8192 0 1000000000
69 171 3572 5000 8192 0 1000000000
190 7 9382 5000 8192 0 1000000000
163 247 8066 5000 8192 0 1000000000
163 226 8093 5000 8192 0 1000000000
62 27 3082 5000 8192 0 1000000000
305 159 15612 5000 8192 0 1000000000
241 138 12302 5000 8192 0 1000000000
152 296 7507 5000 8192 0 1000000000
272 35 13849 5000 8192 0 1000000000
260 5 13146 5000 8192 0 1000000000
59 102 2893 5000 8192 0 1000000000
29 218 1464 5000 8192 0 1000000000
254 137 12933 5000 8192 0 1000000000
28 32 1364 5000 8192 0 1000000000
121 143 5876 5000 8192 0 1000000000
109 120 5226 5000 8192 0 1000000000
210 11 10443 5000 8192 0 1000000000
201 52 9936 5000 8192 0 1000000000
14 199 659 5000 8192 0 1000000000
113 15 5454 5000 8192 0 1000000000
172 263 8457 5000 8192 0 1000000000
24 172 1250 5000 8192 0 1000000000
52 223 2554 5000 8192 0 1000000000
159 64 7818 5000 8192 0 1000000000
136 184 6652 5000 8192 0 1000000000
170 105 16517 5000 16777216 1 1000000000
80 261 4057 5000 8192 0 1000000000
248 165 12719 5000 8192 0 1000000000
316 290 16146 5000 8192 0 1000000000
82 319 4207 5000 8192 0 1000000000
218 302 10911 5000 8192 0 1000000000
113 66 5478 5000 8192 0 1000000000
67 57 3427 5000 8192 0 1000000000
85 319 4354 5000 8192 0 1000000000
3 116 151 5000 8192 0 1000000000
191 74 9448 5000 8192 0 1000000000
95 86 4715 5000 8192 0 1000000000
196 183 9698 5000 8192 0 1000000000
184 16 8997 5000 8192 0 1000000000
108 135 5153 5000 8192 0 1000000000
168 245 8308 5000 8192 0 1000000000
300 47 15358 5000 8192 0 1000000000
142 40 6960 5000 8192 0 1000000000
174 195 8608 5000 8192 0 1000000000
205 31 10163 5000 8192 0 1000000000
198 223 9847 5000 8192 0 1000000000
41 57 1977 5000 8192 0 1000000000
73 224 3713 5000 8192 0 1000000000
101 301 4881 5000 8192 0 1000000000
239 312 12131 5000 8192 0 1000000000
156 105 7687 5000 8192 0 1000000000
231 131 11646 5000 8192 0 1000000000
91 113 4600 5000 8192 0 1000000000
123 133 5965 5000 8192 0 1000000000
186 36 9146 5000 8192 0 1000000000
243 28 12437 5000 8192 0 1000000000
261 173 13240 5000 8192 0 1000000000
30 221 1478 5000 8192 0 1000000000
203 224 10046 5000 8192 0 1000000000
297 6 15221 5000 8192 0 1000000000
201 216 9926 5000 8192 0 1000000000
168 24 8327 5000 8192 0 1000000000
131 235 6493 5000 8192 0 1000000000
290 190 14847 5000 8192 0 1000000000
21 242 1084 5000 8192 0 1000000000
70 195 3635 5000 8192 0 1000000000
162 116 8000 5000 8192 0 1000000000
205 140 10152 5000 8192 0 1000000000
274 145 13931 5000 8192 0 1000000000
16 7 774 5000 8192 0 1000000000
30 140 1475 5000 8192 0 1000000000
175 55 8625 5000 8192 0 1000000000
252 208 12847 5000 8192 0 1000000000
0 32 58 5000 8192 0 1000000000
178 273 8798 5000 8192 0 1000000000
239 97 12125 5000 8192 0 1000000000
135 261 6631 5000 8192 0 1000000000
270 48 13769 5000 8192 0 1000000000
210 63 10440 5000 8192 0 1000000000
134 287 6521 5000 8192 0 1000000000
70 81 3594 5000 8192 0 1000000000
140 116 6850 5000 8192 0 1000000000
247 263 12675 5000 8192 0 1000000000
119 30 5857 5000 8192 0 1000000000
210 216 10425 5000 8192 0 1000000000
305 277 15594 5000 8192 0 1000000000
134 191 6511 5000 8192 0 1000000000
319 238 16287 5000 8192 0 1000000000
0 127 56 5000 8192 0 1000000000
272 11 13900 5000 8192 0 1000000000
114 56 5547 5000 8192 0 1000000000
303 19 15460 5000 8192 0 1000000000
4 239 234 5000 8192 0 1000000000
147 264 7235 5000 8192 0 1000000000
222 132 11180 5000 8192 0 1000000000
205 101 10202 5000 8192 0 1000000000
167 203 8274 5000 8192 0 1000000000
309 76 15839 5000 8192 0 1000000000
87 42 4445 5000 8192 0 1000000000
316 73 16176 5000 8192 0 1000000000
80 150 4082 5000 8192 0 1000000000
102 296 4937 5000 8192 0 1000000000
95 252 4682 5000 8192 0 1000000000
222 240 11166 5000 8192 0 1000000000
249 271 12800 5000 8192 0 1000000000
284 298 14476 5000 8192 0 1000000000
0 123 48 5000 8192 0 1000000000
18 216 941 5000 8192 0 1000000000
236 224 11982 5000 8192 0 1000000000
6 273 279 5000 8192 0 1000000000
239 9 12152 5000 8192 0 1000000000
216 38 10811 5000 8192 0 1000000000
54 132 2577 5000 8192 0 1000000000
269 53 13704 5000 8192 0 1000000000
254 106 12921 5000 8192 0 1000000000
40 104 1911 5000 8192 0 1000000000
231 216 11613 5000 8192 0 1000000000
50 250 2409 5000 8192 0 1000000000
149 177 7391 5000 8192 0 1000000000
305 57 15625 5000 8192 0 1000000000
39 54 1847 5000 8192 0 1000000000
174 10 8555 5000 8192 0 1000000000
281 138 14333 5000 8192 0 1000000000
50 82 2395 5000 8192 0 1000000000
245 250 12548 5000 8192 0 1000000000
277 86 14071 5000 8192 0 1000000000
102 265 4941 5000 8192 0 1000000000
32 105 1599 5000 8192 0 1000000000
162 240 7982 5000 8192 0 1000000000
107 36 5057 5000 8192 0 1000000000
318 74 16247 5000 8192 0 1000000000
315 53 16122 5000 8192 0 1000000000
161 58 7968 5000 8192 0 1000000000
112 145 5418 5000 8192 0 1000000000
18 101 913 5000 8192 0 1000000000
232 38 11702 5000 8192 0 1000000000
65 109 3283 5000 8192 0 1000000000
194 271 9629 5000 8192 0 1000000000
41 154 1931 5000 8192 0 1000000000
29 0 1450 5000 8192 0 1000000000
118 158 5776 5000 8192 0 1000000000
116 164 5648 5000 8192 0 1000000000
215 282 10733 5000 8192 0 1000000000
237 114 12024 5000 8192 0 1000000000
303 109 15449 5000 8192 0 1000000000
231 45 11633 5000 8192 0 1000000000
109 147 5202 5000 8192 0 1000000000
174 71 8571 5000 8192 0 1000000000
129 222 6377 5000 8192 0 1000000000
148 286 7294 5000 8192 0 1000000000
119 104 5849 5000 8192 0 1000000000
62 264 3122 5000 8192 0 1000000000
145 267 7196 5000 8192 0 1000000000
125 85 6116 5000 8192 0 1000000000
83 233 4273 5000 8192 0 1000000000
234 2 11860 5000 8192 0 1000000000
114 147 5553 5000 8192 0 1000000000
272 108 13857 5000 8192 0 1000000000
303 16 15462 5000 8192 0 1000000000
137 187 6704 5000 8192 0 1000000000
129 234 6355 5000 8192 0 1000000000
31 186 1570 5000 8192 0 1000000000
163 282 8053 5000 8192 0 1000000000
75 276 3803 5000 8192 0 1000000000
242 53 12359 5000 8192 0 1000000000
117 303 5693 5000 8192 0 1000000000
215 189 10741 5000 8192 0 1000000000
92 268 4661 5000 8192 0 1000000000
75 95 3799 5000 8192 0 1000000000
156 46 7681 5000 8192 0 1000000000
230 22 11549 5000 8192 0 1000000000
125 222 6107 5000 8192 0 1000000000
160 49 7877 5000 8192 0 1000000000
284 231 14449 5000 8192 0 1000000000
210 155 10434 5000 8192 0 1000000000
261 280 13226 5000 8192 0 1000000000
75 130 3789 5000 8192 0 1000000000
134 233 6564 5000 8192 0 1000000000
185 71 9109 5000 8192 0 1000000000
281 28 14316 5000 8192 0 1000000000
27 307 1299 5000 8192 0 1000000000
155 151 7643 5000 8192 0 1000000000
28 258 1348 5000 8192 0 1000000000
195 121 9680 5000 8192 0 1000000000
62 39 3081 5000 8192 0 1000000000
84 3 4344 5000 8192 0 1000000000
23 236 1171 5000 8192 0 1000000000
20 155 994 5000 8192 0 1000000000
213 10 10621 5000 8192 0 1000000000
162 307 7984 5000 8192 0 1000000000
85 133 4361 5000 8192 0 1000000000
158 44 7774 5000 8192 0 1000000000
252 293 12827 5000 8192 0 1000000000
291 190 14890 5000 8192 0 1000000000
239 233 12132 5000 8192 0 1000000000
162 16 7991 5000 8192 0 1000000000
230 247 11548 5000 8192 0 1000000000
81 20 4143 5000 8192 0 1000000000
6 169 289 5000 8192 0 1000000000
231 144 11670 5000 8192 0 1000000000
42 126 2018 5000 8192 0 1000000000
152 186 7482 5000 8192 0 1000000000
206 157 10240 5000 8192 0 1000000000
145 8 7170 5000 8192 0 1000000000
68 225 3490 5000 8192 0 1000000000
95 304 4684 5000 8192 0 1000000000
107 78 5096 5000 8192 0 1000000000
119 70 5859 5000 8192 0 1000000000
12 158 536 5000 8192 0 1000000000
17 301 877 5000 8192 0 1000000000
219 184 10997 5000 8192 0 1000000000
173 39 8489 5000 8192 0 1000000000
69 179 3562 5000 8192 0 1000000000
128 200 6273 5000 8192 0 1000000000
315 28 16135 5000 8192 0 1000000000
73 192 3729 5000 8192 0 1000000000
286 284 14577 5000 8192 0 1000000000
278 95 14141 5000 8192 0 1000000000
65 90 3286 5000 8192 0 1000000000
193 74 9523 5000 8192 0 1000000000
261 26 13265 5000 8192 0 1000000000
291 315 14868 5000 8192 0 1000000000
172 133 8434 5000 8192 0 1000000000
44 43 2137 5000 8192 0 1000000000
306 118 15686 5000 8192 0 1000000000
242 151 12326 5000 8192 0 1000000000
7 194 351 5000 8192 0 1000000000
62 299 3119 5000 8192 0 1000000000
264 237 13394 5000 8192 0 1000000000
219 30 11015 5000 8192 0 1000000000
97 275 4788 5000 8192 0 1000000000
175 69 8627 5000 8192 0 1000000000
274 195 13945 5000 8192 0 1000000000
57 193 2798 5000 8192 0 1000000000
240 58 12208 5000 8192 0 1000000000
121 279 5880 5000 8192 0 1000000000
87 100 4457 5000 8192 0 1000000000
153 56 7544 5000 8192 0 1000000000
195 254 9670 5000 8192 0 1000000000
59 2 2938 5000 8192 0 1000000000
64 160 3236 5000 8192 0 1000000000
292 100 14986 5000 8192 0 1000000000
114 3 5493 5000 8192 0 1000000000
305 178 15617 5000 8192 0 1000000000
292 116 14937 5000 8192 0 1000000000
123 316 5997 5000 8192 0 1000000000
137 172 6756 5000 8192 0 1000000000
284 296 14442 5000 8192 0 1000000000
296 285 15180 5000 8192 0 1000000000
220 191 11090 5000 8192 0 1000000000
248 100 12751 5000 8192 0 1000000000
56 17 2738 5000 8192 0 1000000000
178 115 8778 5000 8192 0 1000000000
254 285 12896 5000 8192 0 1000000000
188 50 9314 5000 8192 0 1000000000
62 34 3079 5000 8192 0 1000000000
315 169 16103 5000 8192 0 1000000000
13 66 621 5000 8192 0 1000000000
222 68 11185 5000 8192 0 1000000000
278 241 14120 5000 8192 0 1000000000
69 239 3550 5000 8192 0 1000000000
9 93 487 5000 8192 0 1000000000
31 71 1555 5000 8192 0 1000000000
271 82 13780 5000 8192 0 1000000000
55 75 2647 5000 8192 0 1000000000
280 247 14247 5000 8192 0 1000000000
242 138 12315 5000 8192 0 1000000000
286 21 14578 5000 8192 0 1000000000
2 52 67 5000 8192 0 1000000000
67 53 3392 5000 8192 0 1000000000
143 272 7052 5000 8192 0 1000000000
314 26 16333 5000 16777216 1 1000000000
172 306 8431 5000 8192 0 1000000000
8 199 395 5000 8192 0 1000000000
107 187 5082 5000 8192 0 1000000000
138 213 6785 5000 8192 0 1000000000
233 169 11765 5000 8192 0 1000000000
75 249 3784 5000 8192 0 1000000000
274 151 13958 5000 8192 0 1000000000
279 138 14215 5000 8192 0 1000000000
248 265 12726 5000 8192 0 1000000000
265 205 13401 5000 8192 0 1000000000
272 217 13846 5000 8192 0 1000000000
87 110 4427 5000 8192 0 1000000000
300 278 15366 5000 8192 0 1000000000
195 22 9652 5000 8192 0 1000000000
202 8 9959 5000 8192 0 1000000000
51 43 2476 5000 8192 0 1000000000
246 13 12592 5000 8192 0 1000000000
12 308 565 5000 8192 0 1000000000
246 122 12607 5000 8192 0 1000000000
222 208 11190 5000 8192 0 1000000000
168 82 8351 5000 8192 0 1000000000
235 168 11878 5000 8192 0 1000000000
159 259 7833 5000 8192 0 1000000000
17 146 873 5000 8192 0 1000000000
318 95 16244 5000 8192 0 1000000000
298 150 15302 5000 8192 0 1000000000
213 244 10623 5000 8192 0 1000000000
67 164 3429 5000 8192 0 1000000000
267 195 13578 5000 8192 0 1000000000
298 299 15273 5000 8192 0 1000000000
22 133 1103 5000 8192 0 1000000000
45 237 2187 5000 8192 0 1000000000
102 107 4975 5000 8192 0 1000000000
197 63 9801 5000 8192 0 1000000000
69 175 3566 5000 8192 0 1000000000
169 264 8404 5000 8192 0 1000000000
9 148 501 5000 8192 0 1000000000
112 40 5408 5000 8192 0 1000000000
127 210 6237 5000 8192 0 1000000000
67 314 3408 5000 8192 0 1000000000
162 244 7999 5000 8192 0 1000000000
147 136 7222 5000 8192 0 1000000000
225 218 11362 5000 8192 0 1000000000
147 116 7219 5000 8192 0 1000000000
49 212 2362 5000 8192 0 1000000000
191 30 9454 5000 8192 0 1000000000
113 110 5459 5000 8192 0 1000000000
290 113 14832 5000 8192 0 1000000000
246 134 12579 5000 8192 0 1000000000
127 184 6220 5000 8192 0 1000000000
136 13 6654 5000 8192 0 1000000000
160 1 7876 5000 8192 0 1000000000
240 138 12242 5000 8192 0 1000000000
188 36 9255 5000 8192 0 1000000000
131 257 6505 5000 8192 0 1000000000
152 261 7512 5000 8192 0 1000000000
68 116 3509 5000 8192 0 1000000000
155 11 7646 5000 8192 0 1000000000
160 271 7910 5000 8192 0 1000000000
49 141 2343 5000 8192 0 1000000000
52 174 2543 5000 8192 0 1000000000
6 249 262 5000 8192 0 1000000000
203 311 10020 5000 8192 0 1000000000
64 89 3256 5000 8192 0 1000000000
43 121 2091 5000 8192 0 1000000000
75 136 3823 5000 8192 0 1000000000
318 44 16216 5000 8192 0 1000000000
14 15 671 5000 8192 0 1000000000
21 207 1049 5000 8192 0 1000000000
223 76 11236 5000 8192 0 1000000000
246 20 12617 5000 8192 0 1000000000
164 92 8137 5000 8192 0 1000000000
226 46 11482 5000 8192 0 1000000000
193 275 9536 5000 8192 0 1000000000
245 44 12534 5000 8192 0 1000000000
22 270 1110 5000 8192 0 1000000000
313 203 16049 5000 8192 0 1000000000
89 132 16350 5000 16777216 1 1000000000
31 72 1588 5000 8192 0 1000000000
50 32 2386 5000 8192 0 1000000000
158 317 7735 5000 8192 0 1000000000
71 144 3703 5000 8192 0 1000000000
148 24 7295 5000 8192 0 1000000000
231 72 11672 5000 8192 0 1000000000
18 177 946 5000 8192 0 1000000000
300 184 15361 5000 8192 0 1000000000
252 117 12866 5000 8192 0 1000000000
288 193 14733 5000 8192 0 1000000000
0 307 63 5000 8192 0 1000000000
75 109 3831 5000 8192 0 1000000000
172 153 8442 5000 8192 0 1000000000
239 237 12148 5000 8192 0 1000000000
101 33 4888 5000 8192 0 1000000000
277 267 14080 5000 8192 0 1000000000
248 137 12707 5000 8192 0 1000000000
249 68 12803 5000 8192 0 1000000000
212 259 10586 5000 8192 0 1000000000
247 207 12660 5000 8192 0 1000000000
226 214 11453 5000 8192 0 1000000000
222 290 11203 5000 8192 0 1000000000
305 14 15591 5000 8192 0 1000000000
141 96 6912 5000 8192 0 1000000000
285 265 14502 5000 8192 0 1000000000
173 35 8492 5000 8192 0 1000000000
17 269 884 5000 8192 0 1000000000
277 176 14077 5000 8192 0 1000000000
209 253 10356 5000 8192 0 1000000000
142 108 6972 5000 8192 0 1000000000
261 91 13235 5000 8192 0 1000000000
290 58 14862 5000 8192 0 1000000000
51 88 2458 5000 8192 0 1000000000
254 129 12948 5000 8192 0 1000000000
104 199 5014 5000 8192 0 1000000000
12 142 563 5000 8192 0 1000000000
78 111 3958 5000 8192 0 1000000000
195 225 9640 5000 8192 0 1000000000
269 248 13675 5000 8192 0 1000000000
134 203 6538 5000 8192 0 1000000000
216 29 10800 5000 8192 0 1000000000
82 6 4201 5000 8192 0 1000000000
7 237 327 5000 8192 0 1000000000
115 81 5578 5000 8192 0 1000000000
50 260 2369 5000 8192 0 1000000000
254 247 12915 5000 8192 0 1000000000
67 155 3443 5000 8192 0 1000000000
90 43 4504 5000 8192 0 1000000000
236 86 11959 5000 8192 0 1000000000
175 46 8679 5000 8192 0 1000000000
313 267 16071 5000 8192 0 1000000000
291 71 14907 5000 8192 0 1000000000
134 150 6527 5000 8192 0 1000000000
147 210 7242 5000 8192 0 1000000000
126 264 6159 5000 8192 0 1000000000
313 276 16039 5000 8192 0 1000000000
24 125 1254 5000 8192 0 1000000000
264 184 13379 5000 8192 0 1000000000
40 31 1890 5000 8192 0 1000000000
95 319 4724 5000 8192 0 1000000000
278 252 14115 5000 8192 0 1000000000
141 48 6945 5000 8192 0 1000000000
181 296 8928 5000 8192 0 1000000000
65 79 3318 5000 8192 0 1000000000
119 90 5847 5000 8192 0 1000000000
277 270 14032 5000 8192 0 1000000000
244 23 12486 5000 8192 0 1000000000
219 92 11008 5000 8192 0 1000000000
245 219 12517 5000 8192 0 1000000000
3 91 141 5000 8192 0 1000000000
134 74 6523 5000 8192 0 1000000000
209 193 10391 5000 8192 0 1000000000
304 197 15557 5000 8192 0 1000000000
153 268 7531 5000 8192 0 1000000000
15 277 718 5000 8192 0 1000000000
59 227 2924 5000 8192 0 1000000000
15 290 748 5000 8192 0 1000000000
155 299 7624 5000 8192 0 1000000000
293 272 15035 5000 8192 0 1000000000
290 83 14838 5000 8192 0 1000000000
259 56 13107 5000 8192 0 1000000000
114 122 5519 5000 8192 0 1000000000
134 198 6528 5000 8192 0 1000000000
101 169 4904 5000 8192 0 1000000000
309 88 15884 5000 8192 0 1000000000
261 148 13227 5000 8192 0 1000000000
118 257 5800 5000 8192 0 1000000000
264 284 13356 5000 8192 0 1000000000
187 246 9244 5000 8192 0 1000000000
302 67 15405 5000 8192 0 1000000000
158 215 7756 5000 8192 0 1000000000
39 177 1848 5000 8192 0 1000000000
215 208 10755 5000 8192 0 1000000000
32 102 1658 5000 8192 0 1000000000
317 199 16477 5000 16777216 1 1000000000
142 295 7020 5000 8192 0 1000000000
135 196 6619 5000 8192 0 1000000000
287 70 14653 5000 8192 0 1000000000
237 61 12036 5000 8192 0 1000000000
241 96 12273 5000 8192 0 1000000000
300 74 15345 5000 8192 0 1000000000
36 265 1754 5000 8192 0 1000000000
47 155 2238 5000 8192 0 1000000000
252 186 12837 5000 8192 0 1000000000
233 65 11795 5000 8192 0 1000000000
280 55 14279 5000 8192 0 1000000000
280 75 14275 5000 8192 0 1000000000
293 307 15052 5000 8192 0 1000000000
178 113 8753 5000 8192 0 1000000000
165 107 8192 5000 8192 0 1000000000
135 12 6625 5000 8192 0 1000000000
147 10 7267 5000 8192 0 1000000000
67 22 3399 5000 8192 0 1000000000
298 52 15262 5000 8192 0 1000000000
97 187 4755 5000 8192 0 1000000000
114 275 5505 5000 8192 0 1000000000
251 19 16389 5000 16777216 1 1000000000
243 76 12408 5000 8192 0 1000000000
107 304 5100 5000 8192 0 1000000000
249 230 12802 5000 8192 0 1000000000
152 86 7519 5000 8192 0 1000000000
158 242 7764 5000 8192 0 1000000000
276 6 13982 5000 8192 0 1000000000
220 59 11084 5000 8192 0 1000000000
90 299 4510 5000 8192 0 1000000000
35 128 1667 5000 8192 0 1000000000
225 310 11407 5000 8192 0 1000000000
184 109 9000 5000 8192 0 1000000000
28 56 1371 5000 8192 0 1000000000
58 187 2814 5000 8192 0 1000000000
291 74 14863 5000 8192 0 1000000000
87 252 4436 5000 8192 0 1000000000
306 227 15632 5000 8192 0 1000000000
254 15 12943 5000 8192 0 1000000000
165 247 8205 5000 8192 0 1000000000
206 272 10261 5000 8192 0 1000000000
125 109 6110 5000 8192 0 1000000000
173 54 8544 5000 8192 0 1000000000
173 269 8528 5000 8192 0 1000000000
247 124 12692 5000 8192 0 1000000000
272 139 13877 5000 8192 0 1000000000
262 47 13288 5000 8192 0 1000000000
277 59 14045 5000 8192 0 1000000000
261 115 13213 5000 8192 0 1000000000
90 297 4526 5000 8192 0 1000000000
76 1 3852 5000 8192 0 1000000000
297 14 15233 5000 8192 0 1000000000
103 105 16495 5000 16777216 1 1000000000
224 179 11351 5000 8192 0 1000000000
187 156 9208 5000 8192 0 1000000000
231 239 11611 5000 8192 0 1000000000
12 118 545 5000 8192 0 1000000000
298 124 15301 5000 8192 0 1000000000
98 3 4820 5000 8192 0 1000000000
92 283 4646 5000 8192 0 1000000000
280 262 14285 5000 8192 0 1000000000
196 306 9699 5000 8192 0 1000000000
114 211 5536 5000 8192 0 1000000000
286 163 14593 5000 8192 0 1000000000
220 147 11070 5000 8192 0 1000000000
211 289 10470 5000 8192 0 1000000000
189 285 9352 5000 8192 0 1000000000
222 190 11201 5000 8192 0 1000000000
284 221 14464 5000 8192 0 1000000000
248 100 12742 5000 8192 0 1000000000
160 63 7858 5000 8192 0 1000000000
13 198 624 5000 8192 0 1000000000
293 144 15025 5000 8192 0 1000000000
172 18 8477 5000 8192 0 1000000000
187 314 9234 5000 8192 0 1000000000
102 270 4949 5000 8192 0 1000000000
169 308 8378 5000 8192 0 1000000000
169 184 8379 5000 8192 0 1000000000
20 160 963 5000 8192 0 1000000000
57 104 2763 5000 8192 0 1000000000
55 108 2641 5000 8192 0 1000000000
188 65 9257 5000 8192 0 1000000000
23 158 1151 5000 8192 0 1000000000
78 69 3949 5000 8192 0 1000000000
80 270 4042 5000 8192 0 1000000000
126 254 6172 5000 8192 0 1000000000
68 112 3464 5000 8192 0 1000000000
40 226 1886 5000 8192 0 1000000000
43 197 2088 5000 8192 0 1000000000
15 217 766 5000 8192 0 1000000000
268 137 13649 5000 8192 0 1000000000
59 267 2881 5000 8192 0 1000000000
129 112 6351 5000 8192 0 1000000000
127 86 6195 5000 8192 0 1000000000
14 136 689 5000 8192 0 1000000000
286 196 14576 5000 8192 0 1000000000
142 75 6978 5000 8192 0 1000000000
310 205 15904 5000 8192 0 1000000000
274 239 13917 5000 8192 0 1000000000
318 220 16250 5000 8192 0 1000000000
259 210 13127 5000 8192 0 1000000000
184 102 9014 5000 8192 0 1000000000
17 59 838 5000 8192 0 1000000000
59 296 2901 5000 8192 0 1000000000
31 88 1561 5000 8192 0 1000000000
70 23 3578 5000 8192 0 1000000000
39 306 1815 5000 8192 0 1000000000
202 169 10008 5000 8192 0 1000000000
243 103 12381 5000 8192 0 1000000000
187 108 9215 5000 8192 0 1000000000
296 297 15145 5000 8192 0 1000000000
188 217 9270 5000 8192 0 1000000000
255 293 12982 5000 8192 0 1000000000
186 47 9170 5000 8192 0 1000000000
277 274 14039 5000 8192 0 1000000000
113 91 5476 5000 8192 0 1000000000
226 231 11438 5000 8192 0 1000000000
98 97 4799 5000 8192 0 1000000000
70 277 3610 5000 8192 0 1000000000
134 107 6574 5000 8192 0 1000000000
229 97 11491 5000 8192 0 1000000000
186 151 9160 5000 8192 0 1000000000
142 263 7015 5000 8192 0 1000000000
267 6 13566 5000 8192 0 1000000000
80 275 4056 5000 8192 0 1000000000
13 143 631 5000 8192 0 1000000000
79 167 3986 5000 8192 0 1000000000
293 265 15050 5000 8192 0 1000000000
22 242 1105 5000 8192 0 1000000000
218 24 10958 5000 8192 0 1000000000
125 156 6106 5000 8192 0 1000000000
138 84 6784 5000 8192 0 1000000000
4 65 218 5000 8192 0 1000000000
319 99 16300 5000 8192 0 1000000000
203 294 10038 5000 8192 0 1000000000
7 287 346 5000 8192 0 1000000000
155 57 7619 5000 8192 0 1000000000
112 170 5370 5000 8192 0 1000000000
140 44 6834 5000 8192 0 1000000000
239 298 12165 5000 8192 0 1000000000
209 66 10354 5000 8192 0 1000000000
143 9 7044 5000 8192 0 1000000000
220 166 11094 5000 8192 0 1000000000
64 205 3213 5000 8192 0 1000000000
188 294 9292 5000 8192 0 1000000000
92 176 4645 5000 8192 0 1000000000
112 20 5422 5000 8192 0 1000000000
148 147 7313 5000 8192 0 1000000000
32 118 1649 5000 8192 0 1000000000
245 81 12549 5000 8192 0 1000000000
191 174 9465 5000 8192 0 1000000000
31 1 1558 5000 8192 0 1000000000
167 140 8295 5000 8192 0 1000000000
254 268 12938 5000 8192 0 1000000000
280 285 14282 5000 8192 0 1000000000
17 60 841 5000 8192 0 1000000000
127 69 6214 5000 8192 0 1000000000
268 73 13624 5000 8192 0 1000000000
51 226 2488 5000 8192 0 1000000000
274 285 13925 5000 8192 0 1000000000
124 311 6035 5000 8192 0 1000000000
119 291 5839 5000 8192 0 1000000000
204 141 10139 5000 8192 0 1000000000
230 263 11580 5000 8192 0 1000000000
258 176 13025 5000 8192 0 1000000000
131 205 6507 5000 8192 0 1000000000
49 104 2321 5000 8192 0 1000000000
279 104 14210 5000 8192 0 1000000000
58 177 2862 5000 8192 0 1000000000
268 30 13621 5000 8192 0 1000000000
65 299 3277 5000 8192 0 1000000000
163 90 8042 5000 8192 0 1000000000
279 134 14171 5000 8192 0 1000000000
44 210 2151 5000 8192 0 1000000000
18 282 899 5000 8192 0 1000000000
264 27 13339 5000 8192 0 1000000000
143 180 7073 5000 8192 0 1000000000
298 166 15272 5000 8192 0 1000000000
64 304 3226 5000 8192 0 1000000000
276 37 13998 5000 8192 0 1000000000
190 19 9401 5000 8192 0 1000000000
36 219 1732 5000 8192 0 1000000000
152 262 7499 5000 8192 0 1000000000
36 178 1760 5000 8192 0 1000000000
297 159 15235 5000 8192 0 1000000000
65 227 3295 5000 8192 0 1000000000
149 282 7387 5000 8192 0 1000000000
198 102 9833 5000 8192 0 1000000000
196 19 9748 5000 8192 0 1000000000
203 296 10076 5000 8192 0 1000000000
32 39 1628 5000 8192 0 1000000000
82 238 4199 5000 8192 0 1000000000
244 59 12480 5000 8192 0 1000000000
298 243 15257 5000 8192 0 1000000000
202 29 9980 5000 8192 0 1000000000
180 5 16446 5000 16777216 1 1000000000
35 144 1683 5000 8192 0 1000000000
227 294 16480 5000 16777216 1 1000000000
235 5 11889 5000 8192 0 1000000000
266 48 13466 5000 8192 0 1000000000
204 255 10090 5000 8192 0 1000000000
204 37 10081 5000 8192 0 1000000000
130 284 6396 5000 8192 0 1000000000
41 42 1939 5000 8192 0 1000000000
56 231 2735 5000 8192 0 1000000000
262 131 13293 5000 8192 0 1000000000
219 259 11026 5000 8192 0 1000000000
59 236 2885 5000 8192 0 1000000000
184 117 9016 5000 8192 0 1000000000
280 133 14273 5000 8192 0 1000000000
110 257 5287 5000 8192 0 1000000000
296 262 15178 5000 8192 0 1000000000
287 199 14662 5000 8192 0 1000000000
111 312 5351 5000 8192 0 1000000000
198 152 9867 5000 8192 0 1000000000
130 88 6393 5000 8192 0 1000000000
78 231 3908 5000 8192 0 1000000000
285 248 14543 5000 8192 0 1000000000
286 293 14606 5000 8192 0 1000000000
267 104 13577 5000 8192 0 1000000000
312 127 16009 5000 8192 0 1000000000
21 315 1053 5000 8192 0 1000000000
224 239 11299 5000 8192 0 1000000000
231 249 11636 5000 8192 0 1000000000
220 159 11057 5000 8192 0 1000000000
159 169 7802 5000 8192 0 1000000000
83 68 4225 5000 8192 0 1000000000
32 126 1602 5000 8192 0 1000000000
173 249 8511 5000 8192 0 1000000000
189 288 9373 5000 8192 0 1000000000
186 49 9163 5000 8192 0 1000000000
126 224 6190 5000 8192 0 1000000000
0 224 9 5000 8192 0 1000000000
87 175 4465 5000 8192 0 1000000000
152 212 7477 5000 8192 0 1000000000
119 34 5846 5000 8192 0 1000000000
54 317 2607 5000 8192 0 1000000000
7 134 338 5000 8192 0 1000000000
261 266 13245 5000 8192 0 1000000000
279 97 14182 5000 8192 0 1000000000
288 253 14718 5000 8192 0 1000000000
269 209 13687 5000 8192 0 1000000000
261 143 13206 5000 8192 0 1000000000
141 164 6896 5000 8192 0 1000000000
97 152 4739 5000 8192 0 1000000000
245 213 12565 5000 8192 0 1000000000
54 158 2608 5000 8192 0 1000000000
161 274 7972 5000 8192 0 1000000000
75 243 3828 5000 8192 0 1000000000
297 88 15190 5000 8192 0 1000000000
135 153 6583 5000 8192 0 1000000000
319 130 16273 5000 8192 0 1000000000
13 317 601 5000 8192 0 1000000000
29 259 1467 5000 8192 0 1000000000
249 30 12763 5000 8192 0 1000000000
64 10 3251 5000 8192 0 1000000000
52 307 2540 5000 8192 0 1000000000
14 120 665 5000 8192 0 1000000000
259 172 13092 5000 8192 0 1000000000
47 319 2292 5000 8192 0 1000000000
47 171 2237 5000 8192 0 1000000000
172 97 8471 5000 8192 0 1000000000
246 275 12585 5000 8192 0 1000000000
216 49 10825 5000 8192 0 1000000000
240 206 12192 5000 8192 0 1000000000
148 102 7287 5000 8192 0 1000000000
265 249 13408 5000 8192 0 1000000000
175 1 8624 5000 8192 0 1000000000
125 273 6105 5000 8192 0 1000000000
111 308 5306 5000 8192 0 1000000000
261 156 13222 5000 8192 0 1000000000
151 263 16478 5000 16777216 1 1000000000
162 299 7995 5000 8192 0 1000000000
203 165 10051 5000 8192 0 1000000000
204 61 10084 5000 8192 0 1000000000
187 221 9247 5000 8192 0 1000000000
104 126 5011 5000 8192 0 1000000000
43 109 2052 5000 8192 0 1000000000
123 249 5963 5000 8192 0 1000000000
16 259 821 5000 8192 0 1000000000
238 165 12078 5000 8192 0 1000000000
255 112 12981 5000 8192 0 1000000000
116 300 5679 5000 8192 0 1000000000
188 118 9279 5000 8192 0 1000000000
149 90 7389 5000 8192 0 1000000000
302 3 15428 5000 8192 0 1000000000
14 21 679 5000 8192 0 1000000000
8 101 447 5000 8192 0 1000000000
217 205 10859 5000 8192 0 1000000000
243 135 12397 5000 8192 0 1000000000
300 98 15342 5000 8192 0 1000000000
149 194 7346 5000 8192 0 1000000000
40 161 1904 5000 8192 0 1000000000
29 91 1448 5000 8192 0 1000000000
111 125 5354 5000 8192 0 1000000000
197 199 9796 5000 8192 0 1000000000
262 18 13307 5000 8192 0 1000000000
268 213 13617 5000 8192 0 1000000000
209 228 10371 5000 8192 0 1000000000
20 221 1021 5000 8192 0 1000000000
191 102 9498 5000 8192 0 1000000000
153 137 7573 5000 8192 0 1000000000
287 243 14670 5000 8192 0 1000000000
121 94 5934 5000 8192 0 1000000000
183 172 8950 5000 8192 0 1000000000
70 238 3618 5000 8192 0 1000000000
156 110 7679 5000 8192 0 1000000000
239 188 12127 5000 8192 0 1000000000
56 175 2736 5000 8192 0 1000000000
234 104 11827 5000 8192 0 1000000000
246 244 12596 5000 8192 0 1000000000
215 124 10779 5000 8192 0 1000000000
173 30 8498 5000 8192 0 1000000000
187 238 9213 5000 8192 0 1000000000
128 73 6295 5000 8192 0 1000000000
309 10 15823 5000 8192 0 1000000000
305 225 15598 5000 8192 0 1000000000
27 255 1284 5000 8192 0 1000000000
264 259 13351 5000 8192 0 1000000000
191 263 9462 5000 8192 0 1000000000
273 251 16335 5000 16777216 1 1000000000
45 230 2194 5000 8192 0 1000000000
102 266 4921 5000 8192 0 1000000000
31 292 1574 5000 8192 0 1000000000
291 211 14924 5000 8192 0 1000000000
59 52 2919 5000 8192 0 1000000000
2 175 112 5000 8192 0 1000000000
208 277 10334 5000 8192 0 1000000000
108 289 5115 5000 8192 0 1000000000
312 117 15999 5000 8192 0 1000000000
20 59 972 5000 8192 0 1000000000
121 222 5886 5000 8192 0 1000000000
56 18 2701 5000 8192 0 1000000000
213 136 10626 5000 8192 0 1000000000
104 58 5005 5000 8192 0 1000000000
95 50 4676 5000 8192 0 1000000000
315 20 16139 5000 8192 0 1000000000
174 135 8564 5000 8192 0 1000000000
13 65 592 5000 8192 0 1000000000
269 285 13654 5000 8192 0 1000000000
232 23 11690 5000 8192 0 1000000000
130 24 6424 5000 8192 0 1000000000
14 252 678 5000 8192 0 1000000000
312 269 15975 5000 8192 0 1000000000
32 267 1645 5000 8192 0 1000000000
30 312 1522 5000 8192 0 1000000000
55 226 2652 5000 8192 0 1000000000
291 275 14921 5000 8192 0 1000000000
30 135 1519 5000 8192 0 1000000000
259 72 13133 5000 8192 0 1000000000
242 314 12334 5000 8192 0 1000000000
49 258 2319 5000 8192 0 1000000000
209 277 10377 5000 8192 0 1000000000
189 233 9336 5000 8192 0 1000000000
56 108 2743 5000 8192 0 1000000000
193 316 9507 5000 8192 0 1000000000
265 241 13438 5000 8192 0 1000000000
65 14 3320 5000 8192 0 1000000000
310 319 15902 5000 8192 0 1000000000
9 272 456 5000 8192 0 1000000000
284 269 14478 5000 8192 0 1000000000
212 304 10538 5000 8192 0 1000000000
35 132 1681 5000 8192 0 1000000000
284 282 14462 5000 8192 0 1000000000
249 1 12796 5000 8192 0 1000000000
268 26 13630 5000 8192 0 1000000000
243 168 12392 5000 8192 0 1000000000
210 318 10460 5000 8192 0 1000000000
309 179 15847 5000 8192 0 1000000000
36 128 1755 5000 8192 0 1000000000
221 199 11146 5000 8192 0 1000000000
91 74 4571 5000 8192 0 1000000000
197 17 9782 5000 8192 0 1000000000
255 245 12994 5000 8192 0 1000000000
178 89 8755 5000 8192 0 1000000000
40 295 1882 5000 8192 0 1000000000
208 237 10274 5000 8192 0 1000000000
78 86 3950 5000 8192 0 1000000000
300 158 15367 5000 8192 0 1000000000
156 255 7686 5000 8192 0 1000000000
233 228 11745 5000 8192 0 1000000000
178 184 8764 5000 8192 0 1000000000
150 56 7428 5000 8192 0 1000000000
319 41 16275 5000 8192 0 1000000000
28 124 1389 5000 8192 0 1000000000
55 175 2674 5000 8192 0 1000000000
8 194 440 5000 8192 0 1000000000
137 20 6710 5000 8192 0 1000000000
223 237 11257 5000 8192 0 1000000000
306 32 15652 5000 8192 0 1000000000
101 122 4911 5000 8192 0 1000000000
117 245 5700 5000 8192 0 1000000000
269 248 13703 5000 8192 0 1000000000
218 87 10922 5000 8192 0 1000000000
9 289 457 5000 8192 0 1000000000
47 4 2274 5000 8192 0 1000000000
64 41 3207 5000 8192 0 1000000000
71 82 3705 5000 8192 0 1000000000
210 123 10454 5000 8192 0 1000000000
121 112 5908 5000 8192 0 1000000000
36 58 1788 5000 8192 0 1000000000
285 8 14491 5000 8192 0 1000000000
226 61 11421 5000 8192 0 1000000000
115 21 5569 5000 8192 0 1000000000
254 231 12909 5000 8192 0 1000000000
287 157 14658 5000 8192 0 1000000000
55 88 2653 5000 8192 0 1000000000
6 27 319 5000 8192 0 1000000000
90 277 4505 5000 8192 0 1000000000
93 299 16341 5000 16777216 1 1000000000
124 119 6064 5000 8192 0 1000000000
56 208 2715 5000 8192 0 1000000000
131 319 6466 5000 8192 0 1000000000
267 152 13545 5000 8192 0 1000000000
47 303 2272 5000 8192 0 1000000000
165 265 8185 5000 8192 0 1000000000
240 7 12190 5000 8192 0 1000000000
181 125 8905 5000 8192 0 1000000000
307 107 15716 5000 8192 0 1000000000
211 110 10523 5000 8192 0 1000000000
144 8 7092 5000 8192 0 1000000000
167 105 8242 5000 8192 0 1000000000
305 26 15614 5000 8192 0 1000000000
161 154 7924 5000 8192 0 1000000000
234 266 11852 5000 8192 0 1000000000
186 242 9181 5000 8192 0 1000000000
119 141 5836 5000 8192 0 1000000000
121 113 5921 5000 8192 0 1000000000
279 225 14185 5000 8192 0 1000000000
292 106 14960 5000 8192 0 1000000000
73 88 3769 5000 8192 0 1000000000
163 31 8071 5000 8192 0 1000000000
39 75 1853 5000 8192 0 1000000000
238 26 12103 5000 8192 0 1000000000
175 157 8675 5000 8192 0 1000000000
101 102 4897 5000 8192 0 1000000000
135 157 6628 5000 8192 0 1000000000
125 227 6112 5000 8192 0 1000000000
67 236 3400 5000 8192 0 1000000000
42 57 2044 5000 8192 0 1000000000
43 300 2072 5000 8192 0 1000000000
56 164 2697 5000 8192 0 1000000000
36 10 1774 5000 8192 0 1000000000
113 99 5435 5000 8192 0 1000000000
205 108 10173 5000 8192 0 1000000000
237 18 12050 5000 8192 0 1000000000
282 68 14389 5000 8192 0 1000000000
45 31 2204 5000 8192 0 1000000000
214 150 10702 5000 8192 0 1000000000
312 309 15970 5000 8192 0 1000000000
73 252 3748 5000 8192 0 1000000000
295 39 15110 5000 8192 0 1000000000
167 227 8259 5000 8192 0 1000000000
235 231 11906 5000 8192 0 1000000000
290 250 14804 5000 8192 0 1000000000
272 39 13862 5000 8192 0 1000000000
59 221 2922 5000 8192 0 1000000000
114 159 5511 5000 8192 0 1000000000
141 70 6916 5000 8192 0 1000000000
155 243 7630 5000 8192 0 1000000000
126 92 6139 5000 8192 0 1000000000
40 56 1884 5000 8192 0 1000000000
287 54 14632 5000 8192 0 1000000000
234 305 11839 5000 8192 0 1000000000
274 169 13912 5000 8192 0 1000000000
193 59 9537 5000 8192 0 1000000000
236 278 11947 5000 8192 0 1000000000
83 311 4218 5000 8192 0 1000000000
233 188 11790 5000 8192 0 1000000000
178 126 8800 5000 8192 0 1000000000
173 198 8524 5000 8192 0 1000000000
107 289 5085 5000 8192 0 1000000000
272 26 13882 5000 8192 0 1000000000
4 185 221 5000 8192 0 1000000000
134 292 6551 5000 8192 0 1000000000
318 17 16257 5000 8192 0 1000000000
252 41 12848 5000 8192 0 1000000000
279 233 14163 5000 8192 0 1000000000
95 246 4725 5000 8192 0 1000000000
265 2 13423 5000 8192 0 1000000000
285 302 14480 5000 8192 0 1000000000
114 222 5528 5000 8192 0 1000000000
117 245 5733 5000 8192 0 1000000000
278 296 14124 5000 8192 0 1000000000
12 39 560 5000 8192 0 1000000000
269 279 13671 5000 8192 0 1000000000
168 218 8302 5000 8192 0 1000000000
129 301 6373 5000 8192 0 1000000000
230 7 11554 5000 8192 0 1000000000
123 146 5987 5000 8192 0 1000000000
260 33 13173 5000 8192 0 1000000000
244 105 12466 5000 8192 0 1000000000
270 159 13719 5000 8192 0 1000000000
125 201 6083 5000 8192 0 1000000000
216 1 10835 5000 8192 0 1000000000
222 200 11202 5000 8192 0 1000000000
56 42 2686 5000 8192 0 1000000000
101 229 4873 5000 8192 0 1000000000
282 82 14366 5000 8192 0 1000000000
113 107 5443 5000 8192 0 1000000000
131 33 6492 5000 8192 0 1000000000
259 99 13080 5000 8192 0 1000000000
258 283 13023 5000 8192 0 1000000000
189 215 9345 5000 8192 0 1000000000
318 110 16218 5000 8192 0 1000000000
276 213 13968 5000 8192 0 1000000000
64 280 3247 5000 8192 0 1000000000
176 51 8689 5000 8192 0 1000000000
140 196 6874 5000 8192 0 1000000000
193 238 9539 5000 8192 0 1000000000
59 76 2887 5000 8192 0 1000000000
83 276 4262 5000 8192 0 1000000000
295 257 15060 5000 8192 0 1000000000
90 31 4508 5000 8192 0 1000000000
16 4 804 5000 8192 0 1000000000
197 312 9764 5000 8192 0 1000000000
239 260 12175 5000 8192 0 1000000000
176 205 8700 5000 8192 0 1000000000
84 72 4328 5000 8192 0 1000000000
264 270 13383 5000 8192 0 1000000000
126 33 6175 5000 8192 0 1000000000
79 17 3988 5000 8192 0 1000000000
156 217 7661 5000 8192 0 1000000000
160 268 7849 5000 8192 0 1000000000
203 0 10060 5000 8192 0 1000000000
248 45 12748 5000 8192 0 1000000000
304 40 15538 5000 8192 0 1000000000
310 140 15895 5000 8192 0 1000000000
296 132 15122 5000 8192 0 1000000000
197 299 9789 5000 8192 0 1000000000
80 42 4078 5000 8192 0 1000000000
280 275 14236 5000 8192 0 1000000000
318 112 16245 5000 8192 0 1000000000
71 101 3692 5000 8192 0 1000000000
190 218 9405 5000 8192 0 1000000000
41 319 1948 5000 8192 0 1000000000
272 212 13869 5000 8192 0 1000000000
213 88 10630 5000 8192 0 1000000000
183 27 8941 5000 8192 0 1000000000
184 92 9004 5000 8192 0 1000000000
173 60 8545 5000 8192 0 1000000000
241 25 12260 5000 8192 0 1000000000
41 114 1946 5000 8192 0 1000000000
52 213 2521 5000 8192 0 1000000000
95 32 4699 5000 8192 0 1000000000
115 246 5577 5000 8192 0 1000000000
82 116 4160 5000 8192 0 1000000000
29 300 1420 5000 8192 0 1000000000
284 318 14474 5000 8192 0 1000000000
63 0 3147 5000 8192 0 1000000000
70 96 3627 5000 8192 0 1000000000
81 288 4147 5000 8192 0 1000000000
190 269 9433 5000 8192 0 1000000000
300 189 15372 5000 8192 0 1000000000
245 233 12535 5000 8192 0 1000000000
202 130 9999 5000 8192 0 1000000000
188 299 9263 5000 8192 0 1000000000
75 50 3791 5000 8192 0 1000000000
110 159 5237 5000 8192 0 1000000000
70 201 3629 5000 8192 0 1000000000
153 112 7555 5000 8192 0 1000000000
140 77 6888 5000 8192 0 1000000000
210 240 10432 5000 8192 0 1000000000
70 136 3603 5000 8192 0 1000000000
172 266 8433 5000 8192 0 1000000000
176 188 8718 5000 8192 0 1000000000
173 55 8494 5000 8192 0 1000000000
49 112 2360 5000 8192 0 1000000000
162 251 8008 5000 8192 0 1000000000
63 31 3135 5000 8192 0 1000000000
31 204 1578 5000 8192 0 1000000000
124 96 6008 5000 8192 0 1000000000
246 274 12622 5000 8192 0 1000000000
208 196 10279 5000 8192 0 1000000000
183 223 8934 5000 8192 0 1000000000
69 52 3576 5000 8192 0 1000000000
221 141 11110 5000 8192 0 1000000000
297 109 15197 5000 8192 0 1000000000
49 22 2342 5000 8192 0 1000000000
23 231 1204 5000 8192 0 1000000000
161 317 7969 5000 8192 0 1000000000
49 42 2331 5000 8192 0 1000000000
215 110 10767 5000 8192 0 1000000000
13 270 633 5000 8192 0 1000000000
276 94 13969 5000 8192 0 1000000000
4 225 246 5000 8192 0 1000000000
150 194 7449 5000 8192 0 1000000000
79 134 4013 5000 8192 0 1000000000
282 112 14396 5000 8192 0 1000000000
28 31 1363 5000 8192 0 1000000000
242 259 12350 5000 8192 0 1000000000
148 74 7314 5000 8192 0 1000000000
24 69 1265 5000 8192 0 1000000000
307 231 15751 5000 8192 0 1000000000
85 291 4350 5000 8192 0 1000000000
198 37 9827 5000 8192 0 1000000000
291 124 14900 5000 8192 0 1000000000
279 286 14166 5000 8192 0 1000000000
255 299 13004 5000 8192 0 1000000000
84 194 4299 5000 8192 0 1000000000
144 199 7118 5000 8192 0 1000000000
145 150 7184 5000 8192 0 1000000000
13 256 579 5000 8192 0 1000000000
278 294 14129 5000 8192 0 1000000000
292 198 14973 5000 8192 0 1000000000
45 257 2195 5000 8192 0 1000000000
51 35 2483 5000 8192 0 1000000000
149 217 7398 5000 8192 0 1000000000
13 266 581 5000 8192 0 1000000000
35 266 1672 5000 8192 0 1000000000
69 89 3570 5000 8192 0 1000000000
110 283 5260 5000 8192 0 1000000000
221 62 11163 5000 8192 0 1000000000
280 72 14260 5000 8192 0 1000000000
178 20 8776 5000 8192 0 1000000000
235 3 11897 5000 8192 0 1000000000
254 177 12907 5000 8192 0 1000000000
242 302 12362 5000 8192 0 1000000000
28 203 1360 5000 8192 0 1000000000
9 70 491 5000 8192 0 1000000000
128 124 6260 5000 8192 0 1000000000
121 310 5913 5000 8192 0 1000000000
271 78 13813 5000 8192 0 1000000000
71 82 3695 5000 8192 0 1000000000
58 148 2846 5000 8192 0 1000000000
79 68 3989 5000 8192 0 1000000000
45 161 2211 5000 8192 0 1000000000
252 35 12854 5000 8192 0 1000000000
67 294 3407 5000 8192 0 1000000000
310 10 15916 5000 8192 0 1000000000
109 256 5218 5000 8192 0 1000000000
14 69 648 5000 8192 0 1000000000
167 41 8268 5000 8192 0 1000000000
141 28 6948 5000 8192 0 1000000000
181 251 8893 5000 8192 0 1000000000
69 268 3514 5000 8192 0 1000000000
71 218 3645 5000 8192 0 1000000000
78 296 3944 5000 8192 0 1000000000
56 5 2699 5000 8192 0 1000000000
124 239 6053 5000 8192 0 1000000000
130 297 6397 5000 8192 0 1000000000
83 59 4269 5000 8192 0 1000000000
145 16 7166 5000 8192 0 1000000000
167 97 8293 5000 8192 0 1000000000
136 163 6671 5000 8192 0 1000000000
59 15 2905 5000 8192 0 1000000000
115 274 5595 5000 8192 0 1000000000
216 119 10799 5000 8192 0 1000000000
271 212 13836 5000 8192 0 1000000000
148 94 7296 5000 8192 0 1000000000
309 289 15870 5000 8192 0 1000000000
313 58 16014 5000 8192 0 1000000000
226 74 11469 5000 8192 0 1000000000
219 114 10972 5000 8192 0 1000000000
29 12 1430 5000 8192 0 1000000000
288 99 14697 5000 8192 0 1000000000
161 197 7933 5000 8192 0 1000000000
185 89 9122 5000 8192 0 1000000000
307 172 15730 5000 8192 0 1000000000
115 75 5580 5000 8192 0 1000000000
8 268 446 5000 8192 0 1000000000
183 101 8935 5000 8192 0 1000000000
245 86 12522 5000 8192 0 1000000000
197 138 9771 5000 8192 0 1000000000
18 94 951 5000 8192 0 1000000000
293 60 15045 5000 8192 0 1000000000
198 223 9831 5000 8192 0 1000000000
291 220 14918 5000 8192 0 1000000000
63 264 3189 5000 8192 0 1000000000
52 117 2537 5000 8192 0 1000000000
287 65 14652 5000 8192 0 1000000000
78 288 3926 5000 8192 0 1000000000
230 91 11568 5000 8192 0 1000000000
272 16 13875 5000 8192 0 1000000000
190 309 9391 5000 8192 0 1000000000
207 88 16496 5000 16777216 1 1000000000
245 132 12558 5000 8192 0 1000000000
111 265 5324 5000 8192 0 1000000000
168 145 8310 5000 8192 0 1000000000
57 37 2756 5000 8192 0 1000000000
51 231 2441 5000 8192 0 1000000000
32 221 1604 5000 8192 0 1000000000
12 279 568 5000 8192 0 1000000000
126 90 6161 5000 8192 0 1000000000
43 147 2089 5000 8192 0 1000000000
306 195 15661 5000 8192 0 1000000000
229 310 11492 5000 8192 0 1000000000
160 115 7870 5000 8192 0 1000000000
222 84 11216 5000 8192 0 1000000000
125 266 6108 5000 8192 0 1000000000
265 208 13454 5000 8192 0 1000000000
67 276 3405 5000 8192 0 1000000000
134 218 6514 5000 8192 0 1000000000
50 53 2416 5000 8192 0 1000000000
307 113 15718 5000 8192 0 1000000000
198 135 9865 5000 8192 0 1000000000
113 162 5429 5000 8192 0 1000000000
276 241 14011 5000 8192 0 1000000000
27 131 1333 5000 8192 0 1000000000
121 94 5875 5000 8192 0 1000000000
88 120 16443 5000 16777216 1 1000000000
184 71 9006 5000 8192 0 1000000000
243 43 12436 5000 8192 0 1000000000
65 75 3303 5000 8192 0 1000000000
76 78 3851 5000 8192 0 1000000000
286 197 14545 5000 8192 0 1000000000
202 257 9969 5000 8192 0 1000000000
234 248 11812 5000 8192 0 1000000000
188 196 9274 5000 8192 0 1000000000
210 94 10446 5000 8192 0 1000000000
206 234 10238 5000 8192 0 1000000000
49 165 2361 5000 8192 0 1000000000
138 252 6774 5000 8192 0 1000000000
189 118 9328 5000 8192 0 1000000000
56 177 2705 5000 8192 0 1000000000
16 31 779 5000 8192 0 1000000000
213 133 10641 5000 8192 0 1000000000
4 201 237 5000 8192 0 1000000000
271 269 13824 5000 8192 0 1000000000
108 84 5133 5000 8192 0 1000000000
284 228 14463 5000 8192 0 1000000000
245 130 12566 5000 8192 0 1000000000
198 295 9828 5000 8192 0 1000000000
217 0 10872 5000 8192 0 1000000000
98 226 4808 5000 8192 0 1000000000
36 280 1750 5000 8192 0 1000000000
43 315 2062 5000 8192 0 1000000000
295 234 15099 5000 8192 0 1000000000
30 135 1488 5000 8192 0 1000000000
71 6 3665 5000 8192 0 1000000000
221 73 11154 5000 8192 0 1000000000
81 196 4117 5000 8192 0 1000000000
23 193 1189 5000 8192 0 1000000000
274 30 13906 5000 8192 0 1000000000
220 67 11098 5000 8192 0 1000000000
191 299 9463 5000 8192 0 1000000000
56 63 2725 5000 8192 0 1000000000
269 31 13688 5000 8192 0 1000000000
130 204 6445 5000 8192 0 1000000000
162 201 8005 5000 8192 0 1000000000
86 122 16343 5000 16777216 1 1000000000
185 244 9102 5000 8192 0 1000000000
66 249 3367 5000 8192 0 1000000000
202 51 9970 5000 8192 0 1000000000
249 194 12797 5000 8192 0 1000000000
154 294 16509 5000 16777216 1 1000000000
222 277 11178 5000 8192 0 1000000000
156 214 7718 5000 8192 0 1000000000
230 9 11577 5000 8192 0 1000000000
136 291 6660 5000 8192 0 1000000000
124 112 6027 5000 8192 0 1000000000
214 30 10689 5000 8192 0 1000000000
10 171 16348 5000 16777216 1 1000000000
115 248 5603 5000 8192 0 1000000000
226 195 11461 5000 8192 0 1000000000
216 158 10804 5000 8192 0 1000000000
57 77 2780 5000 8192 0 1000000000
201 47 9932 5000 8192 0 1000000000
233 235 11742 5000 8192 0 1000000000
264 179 13333 5000 8192 0 1000000000
158 102 7748 5000 8192 0 1000000000
195 111 9689 5000 8192 0 1000000000
302 28 15434 5000 8192 0 1000000000
158 80 7768 5000 8192 0 1000000000
148 28 7322 5000 8192 0 1000000000
6 169 275 5000 8192 0 1000000000
141 129 6895 5000 8192 0 1000000000
18 289 948 5000 8192 0 1000000000
111 210 5346 5000 8192 0 1000000000
226 190 11473 5000 8192 0 1000000000
215 274 10748 5000 8192 0 1000000000
284 42 14475 5000 8192 0 1000000000
52 271 2536 5000 8192 0 1000000000
206 173 10208 5000 8192 0 1000000000
313 67 16077 5000 8192 0 1000000000
247 148 12674 5000 8192 0 1000000000
65 202 3290 5000 8192 0 1000000000
107 127 5080 5000 8192 0 1000000000
309 214 15846 5000 8192 0 1000000000
184 307 9021 5000 8192 0 1000000000
272 301 13884 5000 8192 0 1000000000
110 66 5266 5000 8192 0 1000000000
155 54 7650 5000 8192 0 1000000000
196 203 9701 5000 8192 0 1000000000
57 158 2783 5000 8192 0 1000000000
240 176 12186 5000 8192 0 1000000000
222 14 11223 5000 8192 0 1000000000
221 86 11152 5000 8192 0 1000000000
221 138 11142 5000 8192 0 1000000000
209 289 10358 5000 8192 0 1000000000
2 68 101 5000 8192 0 1000000000
284 38 14466 5000 8192 0 1000000000
65 91 3309 5000 8192 0 1000000000
211 135 10463 5000 8192 0 1000000000
104 82 5012 5000 8192 0 1000000000
164 155 8159 5000 8192 0 1000000000
136 132 6653 5000 8192 0 1000000000
298 56 15261 5000 8192 0 1000000000
310 247 15933 5000 8192 0 1000000000
79 292 3981 5000 8192 0 1000000000
155 287 7642 5000 8192 0 1000000000
39 262 1821 5000 8192 0 1000000000
85 41 4393 5000 8192 0 1000000000
69 32 3559 5000 8192 0 1000000000
0 236 7 5000 8192 0 1000000000
84 250 4289 5000 8192 0 1000000000
124 240 6025 5000 8192 0 1000000000
58 198 2875 5000 8192 0 1000000000
212 178 10545 5000 8192 0 1000000000
296 3 15182 5000 8192 0 1000000000
168 58 8304 5000 8192 0 1000000000
32 11 1611 5000 8192 0 1000000000
79 91 3982 5000 8192 0 1000000000
24 268 1231 5000 8192 0 1000000000
201 106 9907 5000 8192 0 1000000000
194 233 9584 5000 8192 0 1000000000
116 252 5680 5000 8192 0 1000000000
123 159 5974 5000 8192 0 1000000000
174 112 8600 5000 8192 0 1000000000
84 178 4336 5000 8192 0 1000000000
169 100 8389 5000 8192 0 1000000000
208 318 10307 5000 8192 0 1000000000
164 250 8133 5000 8192 0 1000000000
185 207 9107 5000 8192 0 1000000000
125 72 6104 5000 8192 0 1000000000
80 41 4058 5000 8192 0 1000000000
204 45 10115 5000 8192 0 1000000000
50 37 2426 5000 8192 0 1000000000
63 76 3152 5000 8192 0 1000000000
140 114 6891 5000 8192 0 1000000000
306 223 15645 5000 8192 0 1000000000
63 207 3143 5000 8192 0 1000000000
226 145 11452 5000 8192 0 1000000000
203 299 10027 5000 8192 0 1000000000
14 293 640 5000 8192 0 1000000000
62 137 3125 5000 8192 0 1000000000
82 297 4208 5000 8192 0 1000000000
115 260 5594 5000 8192 0 1000000000
193 66 9567 5000 8192 0 1000000000
261 104 13260 5000 8192 0 1000000000
95 180 4678 5000 8192 0 1000000000
101 7 4892 5000 8192 0 1000000000
14 7 641 5000 8192 0 1000000000
36 227 1745 5000 8192 0 1000000000
305 209 15573 5000 8192 0 1000000000
186 176 9125 5000 8192 0 1000000000
15 47 734 5000 8192 0 1000000000
50 107 2391 5000 8192 0 1000000000
212 232 10568 5000 8192 0 1000000000
40 293 1877 5000 8192 0 1000000000
130 251 6401 5000 8192 0 1000000000
167 133 8243 5000 8192 0 1000000000
2 21 125 5000 8192 0 1000000000
142 166 6987 5000 8192 0 1000000000
302 313 15397 5000 8192 0 1000000000
229 138 11506 5000 8192 0 1000000000
296 40 15121 5000 8192 0 1000000000
214 111 10678 5000 8192 0 1000000000
116 89 5639 5000 8192 0 1000000000
244 235 12441 5000 8192 0 1000000000
197 18 9813 5000 8192 0 1000000000
118 130 5748 5000 8192 0 1000000000
15 196 723 5000 8192 0 1000000000
219 267 11007 5000 8192 0 1000000000
75 256 3788 5000 8192 0 1000000000
162 187 7994 5000 8192 0 1000000000
198 88 9861 5000 8192 0 1000000000
187 301 9194 5000 8192 0 1000000000
108 280 5172 5000 8192 0 1000000000
313 109 16041 5000 8192 0 1000000000
24 107 1264 5000 8192 0 1000000000
83 4 4272 5000 8192 0 1000000000
164 244 8109 5000 8192 0 1000000000
106 301 16340 5000 16777216 1 1000000000
6 64 304 5000 8192 0 1000000000
80 92 4077 5000 8192 0 1000000000
163 26 8045 5000 8192 0 1000000000
246 93 12630 5000 8192 0 1000000000
145 307 7169 5000 8192 0 1000000000
43 166 2073 5000 8192 0 1000000000
23 216 1183 5000 8192 0 1000000000
79 275 4007 5000 8192 0 1000000000
111 254 5336 5000 8192 0 1000000000
183 113 8955 5000 8192 0 1000000000
42 306 2043 5000 8192 0 1000000000
238 126 12077 5000 8192 0 1000000000
124 187 6003 5000 8192 0 1000000000
80 294 4068 5000 8192 0 1000000000
143 0 7046 5000 8192 0 1000000000
313 18 16030 5000 8192 0 1000000000
36 164 1729 5000 8192 0 1000000000
274 239 13965 5000 8192 0 1000000000
169 212 8394 5000 8192 0 1000000000
289 73 14781 5000 8192 0 1000000000
300 252 15332 5000 8192 0 1000000000
109 67 5207 5000 8192 0 1000000000
222 129 11192 5000 8192 0 1000000000
57 255 2785 5000 8192 0 1000000000
24 122 1239 5000 8192 0 1000000000
62 78 3111 5000 8192 0 1000000000
51 162 2484 5000 8192 0 1000000000
90 28 4534 5000 8192 0 1000000000
218 237 10908 5000 8192 0 1000000000
259 33 13124 5000 8192 0 1000000000
174 44 8563 5000 8192 0 1000000000
145 305 7205 5000 8192 0 1000000000
254 126 12903 5000 8192 0 1000000000
159 201 7798 5000 8192 0 1000000000
178 265 8758 5000 8192 0 1000000000
162 14 8036 5000 8192 0 1000000000
280 301 14274 5000 8192 0 1000000000
216 130 10784 5000 8192 0 1000000000
55 43 2630 5000 8192 0 1000000000
104 150 5008 5000 8192 0 1000000000
175 22 8645 5000 8192 0 1000000000
185 190 9110 5000 8192 0 1000000000
125 117 6076 5000 8192 0 1000000000
82 201 4175 5000 8192 0 1000000000
315 87 16098 5000 8192 0 1000000000
206 295 10237 5000 8192 0 1000000000
281 139 14334 5000 8192 0 1000000000
6 315 305 5000 8192 0 1000000000
162 261 7979 5000 8192 0 1000000000
174 197 8587 5000 8192 0 1000000000
169 273 8370 5000 8192 0 1000000000
267 175 13584 5000 8192 0 1000000000
148 202 7321 5000 8192 0 1000000000
218 186 10964 5000 8192 0 1000000000
304 299 15566 5000 8192 0 1000000000
55 245 2673 5000 8192 0 1000000000
296 123 15169 5000 8192 0 1000000000
195 48 9658 5000 8192 0 1000000000
226 263 11463 5000 8192 0 1000000000
129 76 6329 5000 8192 0 1000000000
126 61 6146 5000 8192 0 1000000000
215 279 10753 5000 8192 0 1000000000
193 22 9534 5000 8192 0 1000000000
51 77 2437 5000 8192 0 1000000000
224 148 11337 5000 8192 0 1000000000
143 17 7031 5000 8192 0 1000000000
189 200 9346 5000 8192 0 1000000000
17 257 887 5000 8192 0 1000000000
319 250 16278 5000 8192 0 1000000000
179 215 8812 5000 8192 0 1000000000
144 266 7088 5000 8192 0 1000000000
303 105 15455 5000 8192 0 1000000000
262 153 13269 5000 8192 0 1000000000
23 50 1155 5000 8192 0 1000000000
87 66 4461 5000 8192 0 1000000000
80 99 4051 5000 8192 0 1000000000
92 73 4637 5000 8192 0 1000000000
85 146 4385 5000 8192 0 1000000000
30 33 1481 5000 8192 0 1000000000
197 299 9762 5000 8192 0 1000000000
0 319 18 5000 8192 0 1000000000
136 15 6639 5000 8192 0 1000000000
278 264 14153 5000 8192 0 1000000000
270 108 13724 5000 8192 0 1000000000
83 249 4270 5000 8192 0 1000000000
262 288 13297 5000 8192 0 1000000000
221 18 11136 5000 8192 0 1000000000
233 56 11743 5000 8192 0 1000000000
193 11 9515 5000 8192 0 1000000000
7 142 367 5000 8192 0 1000000000
249 28 12819 5000 8192 0 1000000000
69 141 3531 5000 8192 0 1000000000
232 47 11694 5000 8192 0 1000000000
291 215 14925 5000 8192 0 1000000000
179 139 8860 5000 8192 0 1000000000
66 130 3328 5000 8192 0 1000000000
76 132 3835 5000 8192 0 1000000000
203 137 10043 5000 8192 0 1000000000
217 142 10896 5000 8192 0 1000000000
209 58 10346 5000 8192 0 1000000000
282 259 14360 5000 8192 0 1000000000
7 265 369 5000 8192 0 1000000000
196 283 9704 5000 8192 0 1000000000
176 171 8701 5000 8192 0 1000000000
113 200 5434 5000 8192 0 1000000000
13 153 603 5000 8192 0 1000000000
212 95 10585 5000 8192 0 1000000000
287 23 14629 5000 8192 0 1000000000
77 250 16375 5000 16777216 1 1000000000
287 202 14643 5000 8192 0 1000000000
111 22 5341 5000 8192 0 1000000000
108 117 5118 5000 8192 0 1000000000
90 79 4474 5000 8192 0 1000000000
223 81 11276 5000 8192 0 1000000000
272 170 13878 5000 8192 0 1000000000
195 252 9697 5000 8192 0 1000000000
222 40 11182 5000 8192 0 1000000000
91 95 4580 5000 8192 0 1000000000
229 276 11486 5000 8192 0 1000000000
117 107 5734 5000 8192 0 1000000000
67 86 3394 5000 8192 0 1000000000
152 284 7498 5000 8192 0 1000000000
165 246 8176 5000 8192 0 1000000000
182 133 16482 5000 16777216 1 1000000000
291 67 14910 5000 8192 0 1000000000
298 231 15304 5000 8192 0 1000000000
67 59 3417 5000 8192 0 1000000000
178 161 8779 5000 8192 0 1000000000
93 133 16452 5000 16777216 1 1000000000
296 279 15181 5000 8192 0 1000000000
169 98 8368 5000 8192 0 1000000000
21 86 1029 5000 8192 0 1000000000
259 141 13083 5000 8192 0 1000000000
189 191 9325 5000 8192 0 1000000000
280 125 14267 5000 8192 0 1000000000
149 236 7375 5000 8192 0 1000000000
118 271 5782 5000 8192 0 1000000000
76 24 3889 5000 8192 0 1000000000
119 128 5840 5000 8192 0 1000000000
91 171 4556 5000 8192 0 1000000000
15 249 746 5000 8192 0 1000000000
281 280 14331 5000 8192 0 1000000000
148 223 7305 5000 8192 0 1000000000
188 260 9276 5000 8192 0 1000000000
31 45 1575 5000 8192 0 1000000000
156 196 7693 5000 8192 0 1000000000
232 289 11696 5000 8192 0 1000000000
84 164 4338 5000 8192 0 1000000000
102 154 4973 5000 8192 0 1000000000
241 204 12267 5000 8192 0 1000000000
70 140 3623 5000 8192 0 1000000000
274 4 13926 5000 8192 0 1000000000
302 73 15419 5000 8192 0 1000000000
141 84 6903 5000 8192 0 1000000000
239 234 12168 5000 8192 0 1000000000
80 274 4043 5000 8192 0 1000000000
244 219 12496 5000 8192 0 1000000000
124 6 6048 5000 8192 0 1000000000
2 142 81 5000 8192 0 1000000000
109 175 5182 5000 8192 0 1000000000
220 158 11062 5000 8192 0 1000000000
117 211 5701 5000 8192 0 1000000000
59 198 2899 5000 8192 0 1000000000
121 237 5924 5000 8192 0 1000000000
35 312 1678 5000 8192 0 1000000000
316 114 16169 5000 8192 0 1000000000
242 61 12360 5000 8192 0 1000000000
17 163 881 5000 8192 0 1000000000
119 41 5819 5000 8192 0 1000000000
47 24 2255 5000 8192 0 1000000000
145 103 7188 5000 8192 0 1000000000
235 295 11891 5000 8192 0 1000000000
49 8 2347 5000 8192 0 1000000000
260 56 13197 5000 8192 0 1000000000
286 194 14581 5000 8192 0 1000000000
176 197 8706 5000 8192 0 1000000000
187 257 9195 5000 8192 0 1000000000
290 39 14857 5000 8192 0 1000000000
231 24 11651 5000 8192 0 1000000000
167 259 8249 5000 8192 0 1000000000
16 142 800 5000 8192 0 1000000000
145 122 7172 5000 8192 0 1000000000
69 100 3536 5000 8192 0 1000000000
215 53 10777 5000 8192 0 1000000000
163 253 8086 5000 8192 0 1000000000
244 315 12446 5000 8192 0 1000000000
293 200 14991 5000 8192 0 1000000000
91 206 4537 5000 8192 0 1000000000
186 247 9171 5000 8192 0 1000000000
306 140 15663 5000 8192 0 1000000000
123 302 5990 5000 8192 0 1000000000
127 135 6203 5000 8192 0 1000000000
290 118 14839 5000 8192 0 1000000000
173 68 8543 5000 8192 0 1000000000
232 182 11707 5000 8192 0 1000000000
193 69 9569 5000 8192 0 1000000000
134 133 6515 5000 8192 0 1000000000
226 185 11435 5000 8192 0 1000000000
20 214 964 5000 8192 0 1000000000
136 81 6665 5000 8192 0 1000000000
259 91 13082 5000 8192 0 1000000000
81 85 4102 5000 8192 0 1000000000
13 315 583 5000 8192 0 1000000000
183 284 8963 5000 8192 0 1000000000
107 194 5045 5000 8192 0 1000000000
248 299 12745 5000 8192 0 1000000000
68 14 3496 5000 8192 0 1000000000
239 288 12129 5000 8192 0 1000000000
13 152 622 5000 8192 0 1000000000
260 226 13179 5000 8192 0 1000000000
277 305 14076 5000 8192 0 1000000000
82 84 4171 5000 8192 0 1000000000
308 41 15790 5000 8192 0 1000000000
149 156 7353 5000 8192 0 1000000000
84 231 4294 5000 8192 0 1000000000
80 17 4026 5000 8192 0 1000000000
124 287 6020 5000 8192 0 1000000000
198 25 9880 5000 8192 0 1000000000
260 141 13152 5000 8192 0 1000000000
266 9 13486 5000 8192 0 1000000000
150 257 7405 5000 8192 0 1000000000
276 215 13989 5000 8192 0 1000000000
181 216 8932 5000 8192 0 1000000000
293 95 15028 5000 8192 0 1000000000
47 224 2285 5000 8192 0 1000000000
134 278 6547 5000 8192 0 1000000000
135 85 6632 5000 8192 0 1000000000
229 55 11493 5000 8192 0 1000000000
239 237 12141 5000 8192 0 1000000000
270 303 13744 5000 8192 0 1000000000
158 220 7763 5000 8192 0 1000000000
187 173 9248 5000 8192 0 1000000000
52 28 2493 5000 8192 0 1000000000
29 9 1441 5000 8192 0 1000000000
238 154 12108 5000 8192 0 1000000000
24 111 1268 5000 8192 0 1000000000
68 53 3488 5000 8192 0 1000000000
178 164 8797 5000 8192 0 1000000000
196 224 9713 5000 8192 0 1000000000
85 258 4369 5000 8192 0 1000000000
242 155 12339 5000 8192 0 1000000000
215 317 10769 5000 8192 0 1000000000
246 59 12608 5000 8192 0 1000000000
87 294 4443 5000 8192 0 1000000000
224 191 11335 5000 8192 0 1000000000
191 33 9455 5000 8192 0 1000000000
268 302 13612 5000 8192 0 1000000000
319 318 16308 5000 8192 0 1000000000
68 138 3497 5000 8192 0 1000000000
35 39 1691 5000 8192 0 1000000000
115 149 5604 5000 8192 0 1000000000
179 122 8815 5000 8192 0 1000000000
61 265 3045 5000 8192 0 1000000000
167 222 8289 5000 8192 0 1000000000
245 72 12533 5000 8192 0 1000000000
62 84 3072 5000 8192 0 1000000000
117 286 5738 5000 8192 0 1000000000
204 132 10140 5000 8192 0 1000000000
134 152 6545 5000 8192 0 1000000000
149 247 7357 5000 8192 0 1000000000
4 141 210 5000 8192 0 1000000000
65 228 3316 5000 8192 0 1000000000
206 104 10235 5000 8192 0 1000000000
131 58 6484 5000 8192 0 1000000000
189 47 9349 5000 8192 0 1000000000
13 269 616 5000 8192 0 1000000000
152 82 7527 5000 8192 0 1000000000
178 161 8807 5000 8192 0 1000000000
162 43 8039 5000 8192 0 1000000000
140 78 6843 5000 8192 0 1000000000
21 235 1047 5000 8192 0 1000000000
236 286 11977 5000 8192 0 1000000000
35 69 1671 5000 8192 0 1000000000
223 293 11237 5000 8192 0 1000000000
208 137 10292 5000 8192 0 1000000000
186 146 9168 5000 8192 0 1000000000
58 186 2823 5000 8192 0 1000000000
124 59 6046 5000 8192 0 1000000000
230 33 11583 5000 8192 0 1000000000
304 154 15565 5000 8192 0 1000000000
172 205 8441 5000 8192 0 1000000000
137 212 6714 5000 8192 0 1000000000
63 88 3172 5000 8192 0 1000000000
115 46 5588 5000 8192 0 1000000000
187 157 9206 5000 8192 0 1000000000
194 109 9581 5000 8192 0 1000000000
43 290 2099 5000 8192 0 1000000000
79 9 3973 5000 8192 0 1000000000
189 58 9360 5000 8192 0 1000000000
131 297 6504 5000 8192 0 1000000000
286 200 14591 5000 8192 0 1000000000
0 11 14 5000 8192 0 1000000000
278 171 14150 5000 8192 0 1000000000
90 300 4527 5000 8192 0 1000000000
123 68 5940 5000 8192 0 1000000000
205 144 10155 5000 8192 0 1000000000
114 35 5531 5000 8192 0 1000000000
108 114 5138 5000 8192 0 1000000000
108 230 5158 5000 8192 0 1000000000
29 260 1438 5000 8192 0 1000000000
57 51 2762 5000 8192 0 1000000000
24 41 1262 5000 8192 0 1000000000
2 218 122 5000 8192 0 1000000000
0 8 27 5000 8192 0 1000000000
153 285 7554 5000 8192 0 1000000000
295 102 15109 5000 8192 0 1000000000
62 132 3091 5000 8192 0 1000000000
306 276 15682 5000 8192 0 1000000000
14 127 673 5000 8192 0 1000000000
206 265 10232 5000 8192 0 1000000000
222 116 11194 5000 8192 0 1000000000
252 277 12868 5000 8192 0 1000000000
214 28 10671 5000 8192 0 1000000000
67 232 3414 5000 8192 0 1000000000
32 180 1603 5000 8192 0 1000000000
164 273 8150 5000 8192 0 1000000000
271 11 13782 5000 8192 0 1000000000
231 242 11667 5000 8192 0 1000000000
201 21 9902 5000 8192 0 1000000000
264 34 13343 5000 8192 0 1000000000
262 239 13280 5000 8192 0 1000000000
238 280 12121 5000 8192 0 1000000000
259 81 13130 5000 8192 0 1000000000
291 282 14896 5000 8192 0 1000000000
214 232 10716 5000 8192 0 1000000000
310 92 15889 5000 8192 0 1000000000
114 287 5517 5000 8192 0 1000000000
27 203 1285 5000 8192 0 1000000000
58 199 2835 5000 8192 0 1000000000
107 16 5059 5000 8192 0 1000000000
159 316 7814 5000 8192 0 1000000000
316 49 16145 5000 8192 0 1000000000
167 255 8281 5000 8192 0 1000000000
264 219 13384 5000 8192 0 1000000000
8 204 441 5000 8192 0 1000000000
293 82 15029 5000 8192 0 1000000000
143 255 7049 5000 8192 0 1000000000
164 105 8154 5000 8192 0 1000000000
286 139 14549 5000 8192 0 1000000000
27 270 1328 5000 8192 0 1000000000
96 207 16501 5000 16777216 1 1000000000
54 154 2601 5000 8192 0 1000000000
247 10 12676 5000 8192 0 1000000000
176 125 8722 5000 8192 0 1000000000
4 228 252 5000 8192 0 1000000000
61 192 3029 5000 8192 0 1000000000
259 74 13105 5000 8192 0 1000000000
245 3 12511 5000 8192 0 1000000000
57 170 2750 5000 8192 0 1000000000
59 217 2918 5000 8192 0 1000000000
22 122 1118 5000 8192 0 1000000000
297 222 15246 5000 8192 0 1000000000
296 196 15155 5000 8192 0 1000000000
6 258 268 5000 8192 0 1000000000
86 151 16392 5000 16777216 1 1000000000
280 24 14246 5000 8192 0 1000000000
258 253 13018 5000 8192 0 1000000000
41 22 1935 5000 8192 0 1000000000
150 124 7455 5000 8192 0 1000000000
136 84 6643 5000 8192 0 1000000000
168 147 8334 5000 8192 0 1000000000
309 169 15871 5000 8192 0 1000000000
315 144 16096 5000 8192 0 1000000000
172 2 8462 5000 8192 0 1000000000
92 198 4641 5000 8192 0 1000000000
64 241 3227 5000 8192 0 1000000000
224 3 11317 5000 8192 0 1000000000
153 131 7533 5000 8192 0 1000000000
269 284 13710 5000 8192 0 1000000000
307 46 15717 5000 8192 0 1000000000
308 39 15785 5000 8192 0 1000000000
92 255 4603 5000 8192 0 1000000000
280 261 14233 5000 8192 0 1000000000
12 131 548 5000 8192 0 1000000000
310 196 15946 5000 8192 0 1000000000
136 155 6677 5000 8192 0 1000000000
134 87 6524 5000 8192 0 1000000000
7 41 362 5000 8192 0 1000000000
309 257 15841 5000 8192 0 1000000000
85 243 4371 5000 8192 0 1000000000
141 277 6926 5000 8192 0 1000000000
309 251 15838 5000 8192 0 1000000000
297 69 15196 5000 8192 0 1000000000
34 10 16466 5000 16777216 1 1000000000
286 299 14564 5000 8192 0 1000000000
248 316 12710 5000 8192 0 1000000000
258 167 13077 5000 8192 0 1000000000
268 294 13636 5000 8192 0 1000000000
310 136 15899 5000 8192 0 1000000000
236 77 11940 5000 8192 0 1000000000
268 117 13591 5000 8192 0 1000000000
233 97 11759 5000 8192 0 1000000000
78 248 3923 5000 8192 0 1000000000
111 317 5333 5000 8192 0 1000000000
265 25 13405 5000 8192 0 1000000000
181 31 8875 5000 8192 0 1000000000
32 108 1644 5000 8192 0 1000000000
70 113 3604 5000 8192 0 1000000000
16 314 798 5000 8192 0 1000000000
92 270 4655 5000 8192 0 1000000000
252 83 12852 5000 8192 0 1000000000
279 250 14216 5000 8192 0 1000000000
193 227 9566 5000 8192 0 1000000000
140 229 6860 5000 8192 0 1000000000
82 132 4180 5000 8192 0 1000000000
128 108 6310 5000 8192 0 1000000000
131 231 6463 5000 8192 0 1000000000
158 189 7772 5000 8192 0 1000000000
239 90 12123 5000 8192 0 1000000000
178 130 8788 5000 8192 0 1000000000
28 286 1352 5000 8192 0 1000000000
188 279 9301 5000 8192 0 1000000000
70 257 3583 5000 8192 0 1000000000
269 13 13678 5000 8192 0 1000000000
32 81 1656 5000 8192 0 1000000000
142 53 6971 5000 8192 0 1000000000
54 300 2619 5000 8192 0 1000000000
212 169 10581 5000 8192 0 1000000000
63 193 3193 5000 8192 0 1000000000
14 17 654 5000 8192 0 1000000000
280 53 14255 5000 8192 0 1000000000
224 132 11345 5000 8192 0 1000000000
113 111 5469 5000 8192 0 1000000000
238 58 12100 5000 8192 0 1000000000
249 258 12798 5000 8192 0 1000000000
130 267 6431 5000 8192 0 1000000000
196 252 9707 5000 8192 0 1000000000
269 3 13665 5000 8192 0 1000000000
316 15 16160 5000 8192 0 1000000000
247 256 12693 5000 8192 0 1000000000
8 54 422 5000 8192 0 1000000000
84 81 4317 5000 8192 0 1000000000
73 104 3745 5000 8192 0 1000000000
71 205 3647 5000 8192 0 1000000000
217 147 10900 5000 8192 0 1000000000
57 297 2811 5000 8192 0 1000000000
142 276 7017 5000 8192 0 1000000000
190 265 9387 5000 8192 0 1000000000
239 104 12130 5000 8192 0 1000000000
87 9 4419 5000 8192 0 1000000000
90 296 4531 5000 8192 0 1000000000
36 219 1738 5000 8192 0 1000000000
196 11 9761 5000 8192 0 1000000000
260 293 13200 5000 8192 0 1000000000
112 281 5411 5000 8192 0 1000000000
71 179 3701 5000 8192 0 1000000000
282 227 14376 5000 8192 0 1000000000
268 106 13595 5000 8192 0 1000000000
315 290 16085 5000 8192 0 1000000000
205 112 10159 5000 8192 0 1000000000
15 289 742 5000 8192 0 1000000000
178 306 8762 5000 8192 0 1000000000
30 100 1489 5000 8192 0 1000000000
174 206 8595 5000 8192 0 1000000000
272 269 13859 5000 8192 0 1000000000
144 145 7148 5000 8192 0 1000000000
129 34 6360 5000 8192 0 1000000000
201 6 9939 5000 8192 0 1000000000
179 127 8811 5000 8192 0 1000000000
213 117 10632 5000 8192 0 1000000000
115 251 5561 5000 8192 0 1000000000
309 208 15879 5000 8192 0 1000000000
197 222 9814 5000 8192 0 1000000000
15 219 760 5000 8192 0 1000000000
309 185 15851 5000 8192 0 1000000000
6 254 261 5000 8192 0 1000000000
140 167 6851 5000 8192 0 1000000000
215 40 10731 5000 8192 0 1000000000
255 192 12987 5000 8192 0 1000000000
274 28 13921 5000 8192 0 1000000000
244 42 12461 5000 8192 0 1000000000
274 171 13966 5000 8192 0 1000000000
42 313 1982 5000 8192 0 1000000000
242 288 12354 5000 8192 0 1000000000
194 165 9585 5000 8192 0 1000000000
43 205 2074 5000 8192 0 1000000000
136 13 6680 5000 8192 0 1000000000
68 117 3481 5000 8192 0 1000000000
116 33 5660 5000 8192 0 1000000000
195 281 9688 5000 8192 0 1000000000
281 36 14290 5000 8192 0 1000000000
135 240 6617 5000 8192 0 1000000000
178 152 8760 5000 8192 0 1000000000
176 193 8713 5000 8192 0 1000000000
221 190 11139 5000 8192 0 1000000000
242 256 12324 5000 8192 0 1000000000
258 198 13017 5000 8192 0 1000000000
187 231 9204 5000 8192 0 1000000000
61 280 3059 5000 8192 0 1000000000
287 59 14620 5000 8192 0 1000000000
18 143 905 5000 8192 0 1000000000
270 236 13741 5000 8192 0 1000000000
9 199 464 5000 8192 0 1000000000
316 295 16167 5000 8192 0 1000000000
238 15 12118 5000 8192 0 1000000000
2 176 121 5000 8192 0 1000000000
319 53 16310 5000 8192 0 1000000000
284 242 14469 5000 8192 0 1000000000
219 233 10998 5000 8192 0 1000000000
212 61 10540 5000 8192 0 1000000000
127 164 6196 5000 8192 0 1000000000
138 117 6771 5000 8192 0 1000000000
147 314 7266 5000 8192 0 1000000000
84 227 4313 5000 8192 0 1000000000
32 146 1632 5000 8192 0 1000000000
162 290 8023 5000 8192 0 1000000000
255 263 12997 5000 8192 0 1000000000
316 319 16144 5000 8192 0 1000000000
4 34 240 5000 8192 0 1000000000
102 190 4974 5000 8192 0 1000000000
47 33 2278 5000 8192 0 1000000000
318 215 16242 5000 8192 0 1000000000
121 215 5903 5000 8192 0 1000000000
107 110 5086 5000 8192 0 1000000000
201 252 9910 5000 8192 0 1000000000
64 120 3209 5000 8192 0 1000000000
279 28 14193 5000 8192 0 1000000000
242 42 12368 5000 8192 0 1000000000
51 318 2478 5000 8192 0 1000000000
276 247 13985 5000 8192 0 1000000000
116 187 5681 5000 8192 0 1000000000
286 20 14560 5000 8192 0 1000000000
239 284 12172 5000 8192 0 1000000000
59 235 2926 5000 8192 0 1000000000
219 197 11006 5000 8192 0 1000000000
266 198 13463 5000 8192 0 1000000000
129 235 6379 5000 8192 0 1000000000
136 129 6656 5000 8192 0 1000000000
165 20 8193 5000 8192 0 1000000000
282 63 14415 5000 8192 0 1000000000
127 56 6208 5000 8192 0 1000000000
163 291 8104 5000 8192 0 1000000000
209 90 10387 5000 8192 0 1000000000
175 64 8664 5000 8192 0 1000000000
279 230 14213 5000 8192 0 1000000000
44 192 2159 5000 8192 0 1000000000
291 245 14877 5000 8192 0 1000000000
43 240 2084 5000 8192 0 1000000000
201 181 9909 5000 8192 0 1000000000
216 112 10826 5000 8192 0 1000000000
42 61 2001 5000 8192 0 1000000000
161 307 7935 5000 8192 0 1000000000
240 48 12238 5000 8192 0 1000000000
127 116 6247 5000 8192 0 1000000000
235 272 11900 5000 8192 0 1000000000
147 135 7239 5000 8192 0 1000000000
259 92 13087 5000 8192 0 1000000000
63 164 3177 5000 8192 0 1000000000
302 120 15420 5000 8192 0 1000000000
47 119 2287 5000 8192 0 1000000000
245 207 12527 5000 8192 0 1000000000
8 96 389 5000 8192 0 1000000000
277 81 14095 5000 8192 0 1000000000
203 146 10071 5000 8192 0 1000000000
213 147 10633 5000 8192 0 1000000000
284 217 14451 5000 8192 0 1000000000
261 290 13217 5000 8192 0 1000000000
269 134 13662 5000 8192 0 1000000000
137 307 6711 5000 8192 0 1000000000
269 35 13664 5000 8192 0 1000000000
62 98 3126 5000 8192 0 1000000000
197 75 9798 5000 8192 0 1000000000
167 230 8288 5000 8192 0 1000000000
175 233 8652 5000 8192 0 1000000000
116 54 5652 5000 8192 0 1000000000
289 115 14789 5000 8192 0 1000000000
129 83 6325 5000 8192 0 1000000000
302 174 15431 5000 8192 0 1000000000
235 151 11908 5000 8192 0 1000000000
269 76 13709 5000 8192 0 1000000000
225 240 11373 5000 8192 0 1000000000
300 251 15311 5000 8192 0 1000000000
63 67 3192 5000 8192 0 1000000000
268 71 13588 5000 8192 0 1000000000
315 50 16079 5000 8192 0 1000000000
60 68 2984 5000 8192 0 1000000000
110 205 5241 5000 8192 0 1000000000
91 179 4548 5000 8192 0 1000000000
165 191 8219 5000 8192 0 1000000000
60 3 2971 5000 8192 0 1000000000
80 99 4076 5000 8192 0 1000000000
202 165 10011 5000 8192 0 1000000000
260 115 13149 5000 8192 0 1000000000
315 227 16099 5000 8192 0 1000000000
117 13 5710 5000 8192 0 1000000000
304 45 15536 5000 8192 0 1000000000
116 122 5635 5000 8192 0 1000000000
97 231 4754 5000 8192 0 1000000000
315 301 16134 5000 8192 0 1000000000
306 216 15656 5000 8192 0 1000000000
59 188 2878 5000 8192 0 1000000000
16 250 816 5000 8192 0 1000000000
165 233 8212 5000 8192 0 1000000000
107 18 5104 5000 8192 0 1000000000
234 252 11831 5000 8192 0 1000000000
165 11 8201 5000 8192 0 1000000000
117 49 5698 5000 8192 0 1000000000
197 147 9824 5000 8192 0 1000000000
268 177 13625 5000 8192 0 1000000000
305 291 15626 5000 8192 0 1000000000
81 191 4098 5000 8192 0 1000000000
108 186 5110 5000 8192 0 1000000000
155 319 7623 5000 8192 0 1000000000
187 56 9188 5000 8192 0 1000000000
268 83 13619 5000 8192 0 1000000000
16 138 815 5000 8192 0 1000000000
102 6 4961 5000 8192 0 1000000000
183 152 8991 5000 8192 0 1000000000
313 253 16038 5000 8192 0 1000000000
297 274 15238 5000 8192 0 1000000000
91 237 4550 5000 8192 0 1000000000
159 133 7806 5000 8192 0 1000000000
284 171 14422 5000 8192 0 1000000000
249 112 12793 5000 8192 0 1000000000
107 211 5083 5000 8192 0 1000000000
116 23 5647 5000 8192 0 1000000000
126 46 6173 5000 8192 0 1000000000
232 100 11734 5000 8192 0 1000000000
70 67 3588 5000 8192 0 1000000000
248 117 12703 5000 8192 0 1000000000
148 226 7302 5000 8192 0 1000000000
274 305 13962 5000 8192 0 1000000000
69 91 3529 5000 8192 0 1000000000
190 168 9439 5000 8192 0 1000000000
82 290 4186 5000 8192 0 1000000000
312 203 15956 5000 8192 0 1000000000
123 293 5942 5000 8192 0 1000000000
28 3 1372 5000 8192 0 1000000000
107 102 5078 5000 8192 0 1000000000
101 145 4876 5000 8192 0 1000000000
284 277 14437 5000 8192 0 1000000000
159 220 7797 5000 8192 0 1000000000
230 266 11564 5000 8192 0 1000000000
208 143 10280 5000 8192 0 1000000000
54 155 2603 5000 8192 0 1000000000
188 29 9312 5000 8192 0 1000000000
172 144 8427 5000 8192 0 1000000000
295 286 15072 5000 8192 0 1000000000
117 25 5731 5000 8192 0 1000000000
229 30 11541 5000 8192 0 1000000000
252 217 12842 5000 8192 0 1000000000
71 104 3676 5000 8192 0 1000000000
49 206 2357 5000 8192 0 1000000000
131 312 6450 5000 8192 0 1000000000
303 59 15443 5000 8192 0 1000000000
20 44 988 5000 8192 0 1000000000
193 48 9510 5000 8192 0 1000000000
67 313 3393 5000 8192 0 1000000000
129 301 6358 5000 8192 0 1000000000
56 272 2696 5000 8192 0 1000000000
7 184 344 5000 8192 0 1000000000
146 37 16356 5000 16777216 1 1000000000
68 263 3499 5000 8192 0 1000000000
43 30 2106 5000 8192 0 1000000000
54 317 2618 5000 8192 0 1000000000
164 295 8162 5000 8192 0 1000000000
184 305 8998 5000 8192 0 1000000000
92 230 4604 5000 8192 0 1000000000
98 119 4838 5000 8192 0 1000000000
20 239 962 5000 8192 0 1000000000
102 82 4926 5000 8192 0 1000000000
216 158 10790 5000 8192 0 1000000000
300 267 15317 5000 8192 0 1000000000
138 231 6769 5000 8192 0 1000000000
47 111 2253 5000 8192 0 1000000000
276 43 14005 5000 8192 0 1000000000
142 123 7011 5000 8192 0 1000000000
142 133 7000 5000 8192 0 1000000000
255 4 12990 5000 8192 0 1000000000
224 258 11292 5000 8192 0 1000000000
211 183 10482 5000 8192 0 1000000000
118 12 5772 5000 8192 0 1000000000
156 55 7699 5000 8192 0 1000000000
218 49 10920 5000 8192 0 1000000000
142 204 6992 5000 8192 0 1000000000
76 127 3858 5000 8192 0 1000000000
316 260 16148 5000 8192 0 1000000000
0 145 55 5000 8192 0 1000000000
125 194 6099 5000 8192 0 1000000000
179 65 8818 5000 8192 0 1000000000
264 191 13346 5000 8192 0 1000000000
212 244 10534 5000 8192 0 1000000000
224 139 11316 5000 8192 0 1000000000
17 179 883 5000 8192 0 1000000000
52 177 2524 5000 8192 0 1000000000
9 27 448 5000 8192 0 1000000000
307 94 15745 5000 8192 0 1000000000
303 137 15480 5000 8192 0 1000000000
276 190 14001 5000 8192 0 1000000000
150 99 7419 5000 8192 0 1000000000
102 267 4919 5000 8192 0 1000000000
287 36 14649 5000 8192 0 1000000000
298 306 15283 5000 8192 0 1000000000
55 317 2660 5000 8192 0 1000000000
220 48 11071 5000 8192 0 1000000000
282 273 14398 5000 8192 0 1000000000
61 142 3021 5000 8192 0 1000000000
125 212 6109 5000 8192 0 1000000000
267 163 13532 5000 8192 0 1000000000
39 161 1809 5000 8192 0 1000000000
118 151 5809 5000 8192 0 1000000000
4 208 249 5000 8192 0 1000000000
306 190 15654 5000 8192 0 1000000000
258 259 13048 5000 8192 0 1000000000
160 41 7859 5000 8192 0 1000000000
175 207 8669 5000 8192 0 1000000000
281 181 14314 5000 8192 0 1000000000
64 146 3204 5000 8192 0 1000000000
79 185 3970 5000 8192 0 1000000000
281 176 14318 5000 8192 0 1000000000
191 147 9457 5000 8192 0 1000000000
8 14 437 5000 8192 0 1000000000
0 304 60 5000 8192 0 1000000000
104 201 5028 5000 8192 0 1000000000
226 143 11451 5000 8192 0 1000000000
2 163 98 5000 8192 0 1000000000
206 42 10246 5000 8192 0 1000000000
13 292 630 5000 8192 0 1000000000
78 255 3953 5000 8192 0 1000000000
70 114 3586 5000 8192 0 1000000000
213 286 10645 5000 8192 0 1000000000
169 141 8393 5000 8192 0 1000000000
272 20 13848 5000 8192 0 1000000000
276 182 13988 5000 8192 0 1000000000
297 73 15203 5000 8192 0 1000000000
201 203 9928 5000 8192 0 1000000000
190 34 9426 5000 8192 0 1000000000
195 11 9659 5000 8192 0 1000000000
76 167 3848 5000 8192 0 1000000000
281 30 14292 5000 8192 0 1000000000
286 310 14605 5000 8192 0 1000000000
239 74 12128 5000 8192 0 1000000000
252 295 12823 5000 8192 0 1000000000
75 52 3773 5000 8192 0 1000000000
141 314 6920 5000 8192 0 1000000000
64 2 3238 5000 8192 0 1000000000
147 70 7259 5000 8192 0 1000000000
27 84 1279 5000 8192 0 1000000000
137 259 6762 5000 8192 0 1000000000
134 227 6571 5000 8192 0 1000000000
259 140 13115 5000 8192 0 1000000000
312 176 15958 5000 8192 0 1000000000
98 283 4841 5000 8192 0 1000000000
6 268 257 5000 8192 0 1000000000
178 106 8794 5000 8192 0 1000000000
209 298 10339 5000 8192 0 1000000000
206 109 10228 5000 8192 0 1000000000
226 294 11459 5000 8192 0 1000000000
184 292 9043 5000 8192 0 1000000000
153 287 7582 5000 8192 0 1000000000
309 87 15830 5000 8192 0 1000000000
190 25 9431 5000 8192 0 1000000000
113 34 5484 5000 8192 0 1000000000
145 186 7165 5000 8192 0 1000000000
150 77 7446 5000 8192 0 1000000000
141 271 6947 5000 8192 0 1000000000
169 93 8392 5000 8192 0 1000000000
237 87 12021 5000 8192 0 1000000000
280 175 14269 5000 8192 0 1000000000
186 67 9147 5000 8192 0 1000000000
140 22 6886 5000 8192 0 1000000000
127 272 6222 5000 8192 0 1000000000
115 107 5567 5000 8192 0 1000000000
41 164 1959 5000 8192 0 1000000000
267 103 13553 5000 8192 0 1000000000
82 261 4168 5000 8192 0 1000000000
202 180 9988 5000 8192 0 1000000000
125 73 6095 5000 8192 0 1000000000
18 163 910 5000 8192 0 1000000000
30 17 1509 5000 8192 0 1000000000
232 84 11686 5000 8192 0 1000000000
57 125 2769 5000 8192 0 1000000000
29 187 1455 5000 8192 0 1000000000
282 69 14388 5000 8192 0 1000000000
308 149 15788 5000 8192 0 1000000000
119 189 5872 5000 8192 0 1000000000
83 165 4271 5000 8192 0 1000000000
308 3 15800 5000 8192 0 1000000000
128 102 6289 5000 8192 0 1000000000
254 39 12893 5000 8192 0 1000000000
232 99 11709 5000 8192 0 1000000000
131 118 6460 5000 8192 0 1000000000
82 166 4169 5000 8192 0 1000000000
254 13 12923 5000 8192 0 1000000000
119 278 5865 5000 8192 0 1000000000
36 99 1743 5000 8192 0 1000000000
217 22 10904 5000 8192 0 1000000000
241 143 12299 5000 8192 0 1000000000
143 238 7048 5000 8192 0 1000000000
73 57 3763 5000 8192 0 1000000000
40 218 1907 5000 8192 0 1000000000
194 20 9570 5000 8192 0 1000000000
293 103 15040 5000 8192 0 1000000000
9 71 470 5000 8192 0 1000000000
109 18 5235 5000 8192 0 1000000000
258 95 13034 5000 8192 0 1000000000
237 0 12011 5000 8192 0 1000000000
290 145 14826 5000 8192 0 1000000000
145 224 7181 5000 8192 0 1000000000
76 164 3888 5000 8192 0 1000000000
235 282 11923 5000 8192 0 1000000000
298 228 15263 5000 8192 0 1000000000
127 132 6225 5000 8192 0 1000000000
130 175 6432 5000 8192 0 1000000000
277 134 14067 5000 8192 0 1000000000
78 86 3899 5000 8192 0 1000000000
14 112 690 5000 8192 0 1000000000
155 149 7609 5000 8192 0 1000000000
143 176 7067 5000 8192 0 1000000000
83 242 4253 5000 8192 0 1000000000
49 50 2324 5000 8192 0 1000000000
188 135 9291 5000 8192 0 1000000000
265 213 13425 5000 8192 0 1000000000
261 284 13215 5000 8192 0 1000000000
238 134 12114 5000 8192 0 1000000000
134 285 6568 5000 8192 0 1000000000
262 151 13278 5000 8192 0 1000000000
67 310 3447 5000 8192 0 1000000000
0 156 49 5000 8192 0 1000000000
50 171 2407 5000 8192 0 1000000000
152 275 7528 5000 8192 0 1000000000
313 100 16026 5000 8192 0 1000000000
56 133 2746 5000 8192 0 1000000000
278 276 14119 5000 8192 0 1000000000
217 45 10848 5000 8192 0 1000000000
118 98 5752 5000 8192 0 1000000000
172 63 8486 5000 8192 0 1000000000
68 277 3503 5000 8192 0 1000000000
130 55 6409 5000 8192 0 1000000000
18 295 953 5000 8192 0 1000000000
292 41 14952 5000 8192 0 1000000000
63 224 3157 5000 8192 0 1000000000
112 118 5371 5000 8192 0 1000000000
54 83 2593 5000 8192 0 1000000000
142 22 6997 5000 8192 0 1000000000
288 242 14734 5000 8192 0 1000000000
243 46 12396 5000 8192 0 1000000000
216 311 10783 5000 8192 0 1000000000
312 89 15972 5000 8192 0 1000000000
81 188 4127 5000 8192 0 1000000000
27 316 1286 5000 8192 0 1000000000
196 209 9756 5000 8192 0 1000000000
112 57 5394 5000 8192 0 1000000000
210 135 10407 5000 8192 0 1000000000
246 44 12581 5000 8192 0 1000000000
315 231 16088 5000 8192 0 1000000000
8 242 421 5000 8192 0 1000000000
30 76 1474 5000 8192 0 1000000000
215 312 10758 5000 8192 0 1000000000
75 316 3810 5000 8192 0 1000000000
80 319 4063 5000 8192 0 1000000000
78 161 3905 5000 8192 0 1000000000
105 311 16457 5000 16777216 1 1000000000
40 183 1868 5000 8192 0 1000000000
297 315 15237 5000 8192 0 1000000000
206 50 10227 5000 8192 0 1000000000
59 50 2904 5000 8192 0 1000000000
92 125 4651 5000 8192 0 1000000000
59 76 2895 5000 8192 0 1000000000
164 105 8151 5000 8192 0 1000000000
160 133 7905 5000 8192 0 1000000000
66 113 3346 5000 8192 0 1000000000
247 6 12642 5000 8192 0 1000000000
230 66 11593 5000 8192 0 1000000000
279 59 14194 5000 8192 0 1000000000
237 51 12053 5000 8192 0 1000000000
237 96 12008 5000 8192 0 1000000000
312 279 16013 5000 8192 0 1000000000
104 297 5019 5000 8192 0 1000000000
295 263 15089 5000 8192 0 1000000000
268 39 13646 5000 8192 0 1000000000
56 236 2720 5000 8192 0 1000000000
219 208 10975 5000 8192 0 1000000000
193 237 9514 5000 8192 0 1000000000
148 42 7283 5000 8192 0 1000000000
193 184 9563 5000 8192 0 1000000000
252 22 12879 5000 8192 0 1000000000
150 8 7445 5000 8192 0 1000000000
63 59 3155 5000 8192 0 1000000000
47 56 2246 5000 8192 0 1000000000
295 68 15114 5000 8192 0 1000000000
212 27 10564 5000 8192 0 1000000000
234 8 11846 5000 8192 0 1000000000
108 24 5144 5000 8192 0 1000000000
183 102 8992 5000 8192 0 1000000000
150 70 7464 5000 8192 0 1000000000
315 96 16106 5000 8192 0 1000000000
236 162 11945 5000 8192 0 1000000000
39 194 1850 5000 8192 0 1000000000
190 241 9430 5000 8192 0 1000000000
232 138 11712 5000 8192 0 1000000000
52 38 2504 5000 8192 0 1000000000
112 288 5386 5000 8192 0 1000000000
245 275 12525 5000 8192 0 1000000000
73 272 3735 5000 8192 0 1000000000
188 287 9271 5000 8192 0 1000000000
271 84 13781 5000 8192 0 1000000000
237 190 12027 5000 8192 0 1000000000
140 115 6837 5000 8192 0 1000000000
35 234 1694 5000 8192 0 1000000000
295 306 15087 5000 8192 0 1000000000
29 32 1451 5000 8192 0 1000000000
269 283 13650 5000 8192 0 1000000000
56 107 2688 5000 8192 0 1000000000
245 83 12552 5000 8192 0 1000000000
134 39 6563 5000 8192 0 1000000000
83 163 4281 5000 8192 0 1000000000
102 24 4966 5000 8192 0 1000000000
97 126 4751 5000 8192 0 1000000000
319 81 16277 5000 8192 0 1000000000
95 24 4719 5000 8192 0 1000000000
90 111 4519 5000 8192 0 1000000000
178 108 8782 5000 8192 0 1000000000
108 49 5166 5000 8192 0 1000000000
24 20 1226 5000 8192 0 1000000000
153 161 7552 5000 8192 0 1000000000
169 12 8364 5000 8192 0 1000000000
264 136 13391 5000 8192 0 1000000000
258 227 13015 5000 8192 0 1000000000
16 220 788 5000 8192 0 1000000000
156 317 7683 5000 8192 0 1000000000
313 242 16067 5000 8192 0 1000000000
221 267 11131 5000 8192 0 1000000000
214 75 10667 5000 8192 0 1000000000
56 132 2741 5000 8192 0 1000000000
51 116 2447 5000 8192 0 1000000000
304 133 15521 5000 8192 0 1000000000
249 25 12815 5000 8192 0 1000000000
232 68 11676 5000 8192 0 1000000000
68 189 3495 5000 8192 0 1000000000
198 143 9882 5000 8192 0 1000000000
56 212 2709 5000 8192 0 1000000000
231 74 11648 5000 8192 0 1000000000
18 44 915 5000 8192 0 1000000000
15 98 747 5000 8192 0 1000000000
30 43 1507 5000 8192 0 1000000000
309 119 15868 5000 8192 0 1000000000
319 252 16284 5000 8192 0 1000000000
117 169 5741 5000 8192 0 1000000000
6 177 295 5000 8192 0 1000000000
104 193 4987 5000 8192 0 1000000000
36 182 1786 5000 8192 0 1000000000
18 19 956 5000 8192 0 1000000000
268 85 13596 5000 8192 0 1000000000
265 173 13417 5000 8192 0 1000000000
215 13 10756 5000 8192 0 1000000000
130 196 6416 5000 8192 0 1000000000
87 285 4472 5000 8192 0 1000000000
315 66 16133 5000 8192 0 1000000000
205 140 10177 5000 8192 0 1000000000
304 172 15515 5000 8192 0 1000000000
47 223 2288 5000 8192 0 1000000000
57 1 2751 5000 8192 0 1000000000
135 13 6581 5000 8192 0 1000000000
187 306 9197 5000 8192 0 1000000000
90 233 4485 5000 8192 0 1000000000
318 83 16235 5000 8192 0 1000000000
316 71 16150 5000 8192 0 1000000000
282 134 14390 5000 8192 0 1000000000
107 310 5049 5000 8192 0 1000000000
298 217 15276 5000 8192 0 1000000000
98 68 4844 5000 8192 0 1000000000
203 318 10073 5000 8192 0 1000000000
32 42 1600 5000 8192 0 1000000000
189 134 9334 5000 8192 0 1000000000
115 281 5613 5000 8192 0 1000000000
39 6 1841 5000 8192 0 1000000000
156 283 7658 5000 8192 0 1000000000
295 139 15059 5000 8192 0 1000000000
149 241 7399 5000 8192 0 1000000000
144 297 7127 5000 8192 0 1000000000
112 193 5389 5000 8192 0 1000000000
20 196 979 5000 8192 0 1000000000
298 149 15258 5000 8192 0 1000000000
254 265 12939 5000 8192 0 1000000000
90 36 4490 5000 8192 0 1000000000
313 158 16065 5000 8192 0 1000000000
98 170 4837 5000 8192 0 1000000000
268 232 13594 5000 8192 0 1000000000
112 193 5428 5000 8192 0 1000000000
64 216 3235 5000 8192 0 1000000000
246 125 12600 5000 8192 0 1000000000
127 190 6242 5000 8192 0 1000000000
278 230 14130 5000 8192 0 1000000000
245 73 12529 5000 8192 0 1000000000
16 229 813 5000 8192 0 1000000000
172 104 8436 5000 8192 0 1000000000
289 42 14778 5000 8192 0 1000000000
87 316 4411 5000 8192 0 1000000000
265 28 13420 5000 8192 0 1000000000
68 90 3511 5000 8192 0 1000000000
156 273 7700 5000 8192 0 1000000000
260 201 13196 5000 8192 0 1000000000
271 119 13835 5000 8192 0 1000000000
22 89 1093 5000 8192 0 1000000000
195 281 9695 5000 8192 0 1000000000
304 170 15516 5000 8192 0 1000000000
305 249 15616 5000 8192 0 1000000000
174 166 8589 5000 8192 0 1000000000
206 7 10269 5000 8192 0 1000000000
206 246 10215 5000 8192 0 1000000000
22 145 1092 5000 8192 0 1000000000
145 43 7202 5000 8192 0 1000000000
18 115 925 5000 8192 0 1000000000
241 8 12296 5000 8192 0 1000000000
23 273 1187 5000 8192 0 1000000000
242 6 12352 5000 8192 0 1000000000
310 97 15937 5000 8192 0 1000000000
189 188 9338 5000 8192 0 1000000000
16 102 776 5000 8192 0 1000000000
181 109 8929 5000 8192 0 1000000000
49 90 2363 5000 8192 0 1000000000
134 135 6555 5000 8192 0 1000000000
281 171 14342 5000 8192 0 1000000000
195 21 9690 5000 8192 0 1000000000
118 177 5804 5000 8192 0 1000000000
231 27 11622 5000 8192 0 1000000000
14 94 661 5000 8192 0 1000000000
241 93 12305 5000 8192 0 1000000000
248 87 12727 5000 8192 0 1000000000
204 236 10113 5000 8192 0 1000000000
240 144 12221 5000 8192 0 1000000000
110 76 5278 5000 8192 0 1000000000
270 277 13757 5000 8192 0 1000000000
40 213 1873 5000 8192 0 1000000000
110 183 5246 5000 8192 0 1000000000
86 257 16407 5000 16777216 1 1000000000
310 295 15888 5000 8192 0 1000000000
131 293 6454 5000 8192 0 1000000000
82 134 4162 5000 8192 0 1000000000
264 238 13389 5000 8192 0 1000000000
63 23 3170 5000 8192 0 1000000000
268 254 13589 5000 8192 0 1000000000
73 90 3754 5000 8192 0 1000000000
148 85 7281 5000 8192 0 1000000000
261 155 13264 5000 8192 0 1000000000
15 100 764 5000 8192 0 1000000000
76 46 3861 5000 8192 0 1000000000
145 140 7163 5000 8192 0 1000000000
188 210 9273 5000 8192 0 1000000000
310 290 15890 5000 8192 0 1000000000
287 201 14654 5000 8192 0 1000000000
193 265 9529 5000 8192 0 1000000000
66 259 3362 5000 8192 0 1000000000
84 295 4341 5000 8192 0 1000000000
113 288 5458 5000 8192 0 1000000000
255 239 12979 5000 8192 0 1000000000
50 129 2382 5000 8192 0 1000000000
201 186 9892 5000 8192 0 1000000000
204 130 10125 5000 8192 0 1000000000
308 85 15802 5000 8192 0 1000000000
75 199 3770 5000 8192 0 1000000000
40 176 1899 5000 8192 0 1000000000
114 164 5495 5000 8192 0 1000000000
269 197 13695 5000 8192 0 1000000000
162 138 7977 5000 8192 0 1000000000
0 198 64 5000 8192 0 1000000000
73 244 3766 5000 8192 0 1000000000
176 222 8702 5000 8192 0 1000000000
127 128 6212 5000 8192 0 1000000000
54 202 2606 5000 8192 0 1000000000
312 311 16002 5000 8192 0 1000000000
213 227 10617 5000 8192 0 1000000000
179 266 8857 5000 8192 0 1000000000
180 89 16362 5000 16777216 1 1000000000
249 228 12784 5000 8192 0 1000000000
21 195 1027 5000 8192 0 1000000000
201 239 9918 5000 8192 0 1000000000
61 123 3025 5000 8192 0 1000000000
272 311 13888 5000 8192 0 1000000000
191 261 9478 5000 8192 0 1000000000
129 211 6332 5000 8192 0 1000000000
134 151 6572 5000 8192 0 1000000000
261 260 13224 5000 8192 0 1000000000
224 308 11295 5000 8192 0 1000000000
300 248 15353 5000 8192 0 1000000000
148 195 7282 5000 8192 0 1000000000
120 26 16351 5000 16777216 1 1000000000
277 302 14066 5000 8192 0 1000000000
175 45 8626 5000 8192 0 1000000000
97 122 4760 5000 8192 0 1000000000
187 228 9235 5000 8192 0 1000000000
260 315 13187 5000 8192 0 1000000000
41 317 1980 5000 8192 0 1000000000
224 172 11314 5000 8192 0 1000000000
22 139 1109 5000 8192 0 1000000000
221 72 11109 5000 8192 0 1000000000
12 313 566 5000 8192 0 1000000000
169 72 8419 5000 8192 0 1000000000
31 62 1595 5000 8192 0 1000000000
145 227 7154 5000 8192 0 1000000000
282 242 14400 5000 8192 0 1000000000
102 214 4920 5000 8192 0 1000000000
310 151 15894 5000 8192 0 1000000000
9 259 492 5000 8192 0 1000000000
83 135 4267 5000 8192 0 1000000000
134 102 6549 5000 8192 0 1000000000
222 112 11184 5000 8192 0 1000000000
269 255 13653 5000 8192 0 1000000000
180 25 16497 5000 16777216 1 1000000000
17 137 835 5000 8192 0 1000000000
65 244 3319 5000 8192 0 1000000000
13 307 627 5000 8192 0 1000000000
259 261 13137 5000 8192 0 1000000000
67 152 3444 5000 8192 0 1000000000
78 266 3924 5000 8192 0 1000000000
243 99 12405 5000 8192 0 1000000000
71 243 3696 5000 8192 0 1000000000
56 258 2724 5000 8192 0 1000000000
18 274 909 5000 8192 0 1000000000
165 268 8225 5000 8192 0 1000000000
295 246 15092 5000 8192 0 1000000000
178 186 8795 5000 8192 0 1000000000
201 40 9900 5000 8192 0 1000000000
110 137 5265 5000 8192 0 1000000000
136 205 6646 5000 8192 0 1000000000
186 15 9141 5000 8192 0 1000000000
248 67 12720 5000 8192 0 1000000000
217 122 10883 5000 8192 0 1000000000
42 119 1995 5000 8192 0 1000000000
292 318 14931 5000 8192 0 1000000000
276 36 14016 5000 8192 0 1000000000
198 227 9876 5000 8192 0 1000000000
51 22 2446 5000 8192 0 1000000000
113 89 5463 5000 8192 0 1000000000
243 20 12384 5000 8192 0 1000000000
124 112 6012 5000 8192 0 1000000000
249 189 12783 5000 8192 0 1000000000
264 34 13395 5000 8192 0 1000000000
189 190 9342 5000 8192 0 1000000000
44 90 2161 5000 8192 0 1000000000
279 101 14164 5000 8192 0 1000000000
128 311 6265 5000 8192 0 1000000000
247 27 12688 5000 8192 0 1000000000
115 253 5610 5000 8192 0 1000000000
260 293 13169 5000 8192 0 1000000000
70 81 3611 5000 8192 0 1000000000
223 197 11260 5000 8192 0 1000000000
114 280 5520 5000 8192 0 1000000000
35 226 1685 5000 8192 0 1000000000
109 239 5179 5000 8192 0 1000000000
12 246 552 5000 8192 0 1000000000
113 118 5464 5000 8192 0 1000000000
18 259 917 5000 8192 0 1000000000
6 119 302 5000 8192 0 1000000000
218 242 10944 5000 8192 0 1000000000
15 85 716 5000 8192 0 1000000000
238 315 12120 5000 8192 0 1000000000
0 102 5 5000 8192 0 1000000000
9 143 469 5000 8192 0 1000000000
234 143 11859 5000 8192 0 1000000000
136 165 6679 5000 8192 0 1000000000
68 189 3485 5000 8192 0 1000000000
6 73 283 5000 8192 0 1000000000
23 206 1194 5000 8192 0 1000000000
98 45 4835 5000 8192 0 1000000000
79 242 4011 5000 8192 0 1000000000
259 112 13104 5000 8192 0 1000000000
216 168 10806 5000 8192 0 1000000000
140 236 6848 5000 8192 0 1000000000
274 21 13918 5000 8192 0 1000000000
14 1 685 5000 8192 0 1000000000
126 118 6186 5000 8192 0 1000000000
195 62 9677 5000 8192 0 1000000000
262 141 13294 5000 8192 0 1000000000
248 63 12716 5000 8192 0 1000000000
9 257 455 5000 8192 0 1000000000
265 150 13435 5000 8192 0 1000000000
74 48 16429 5000 16777216 1 1000000000
264 41 13372 5000 8192 0 1000000000
266 301 13460 5000 8192 0 1000000000
205 249 10205 5000 8192 0 1000000000
271 236 13827 5000 8192 0 1000000000
270 314 13717 5000 8192 0 1000000000
203 44 10057 5000 8192 0 1000000000
235 236 11917 5000 8192 0 1000000000
69 131 3545 5000 8192 0 1000000000
212 208 10580 5000 8192 0 1000000000
91 159 4576 5000 8192 0 1000000000
285 187 14524 5000 8192 0 1000000000
83 59 4241 5000 8192 0 1000000000
282 67 14380 5000 8192 0 1000000000
43 142 2102 5000 8192 0 1000000000
242 79 12327 5000 8192 0 1000000000
113 95 5453 5000 8192 0 1000000000
0 292 46 5000 8192 0 1000000000
147 236 7224 5000 8192 0 1000000000
51 245 2450 5000 8192 0 1000000000
75 98 3776 5000 8192 0 1000000000
208 118 10295 5000 8192 0 1000000000
129 224 6350 5000 8192 0 1000000000
40 298 1889 5000 8192 0 1000000000
267 104 13535 5000 8192 0 1000000000
278 212 14140 5000 8192 0 1000000000
108 304 5137 5000 8192 0 1000000000
131 50 6491 5000 8192 0 1000000000
268 161 13613 5000 8192 0 1000000000
285 221 14487 5000 8192 0 1000000000
147 302 7253 5000 8192 0 1000000000
75 49 3819 5000 8192 0 1000000000
37 192 16344 5000 16777216 1 1000000000
223 41 11279 5000 8192 0 1000000000
225 32 11402 5000 8192 0 1000000000
67 234 3390 5000 8192 0 1000000000
153 55 7578 5000 8192 0 1000000000
198 236 9862 5000 8192 0 1000000000
254 37 12900 5000 8192 0 1000000000
239 221 12126 5000 8192 0 1000000000
281 231 14350 5000 8192 0 1000000000
66 94 3380 5000 8192 0 1000000000
121 304 5883 5000 8192 0 1000000000
191 45 9466 5000 8192 0 1000000000
212 8 10557 5000 8192 0 1000000000
216 128 10795 5000 8192 0 1000000000
32 99 1638 5000 8192 0 1000000000
168 286 8316 5000 8192 0 1000000000
129 199 6324 5000 8192 0 1000000000
258 60 13075 5000 8192 0 1000000000
164 243 8136 5000 8192 0 1000000000
194 267 9621 5000 8192 0 1000000000
6 91 260 5000 8192 0 1000000000
56 124 2744 5000 8192 0 1000000000
102 71 4953 5000 8192 0 1000000000
142 243 7014 5000 8192 0 1000000000
233 204 11793 5000 8192 0 1000000000
9 19 486 5000 8192 0 1000000000
111 220 5344 5000 8192 0 1000000000
114 115 5502 5000 8192 0 1000000000
15 228 731 5000 8192 0 1000000000
252 238 12829 5000 8192 0 1000000000
260 60 13177 5000 8192 0 1000000000
318 197 16239 5000 8192 0 1000000000
149 236 7342 5000 8192 0 1000000000
160 115 7883 5000 8192 0 1000000000
281 81 14327 5000 8192 0 1000000000
239 278 12185 5000 8192 0 1000000000
39 245 1814 5000 8192 0 1000000000
268 75 13602 5000 8192 0 1000000000
91 52 4591 5000 8192 0 1000000000
129 245 6364 5000 8192 0 1000000000
300 197 15312 5000 8192 0 1000000000
12 39 540 5000 8192 0 1000000000
144 139 7107 5000 8192 0 1000000000
87 194 4433 5000 8192 0 1000000000
215 97 10717 5000 8192 0 1000000000
158 316 7780 5000 8192 0 1000000000
274 61 13948 5000 8192 0 1000000000
295 16 15104 5000 8192 0 1000000000
265 222 13413 5000 8192 0 1000000000
203 66 10062 5000 8192 0 1000000000
92 104 4624 5000 8192 0 1000000000
274 130 13944 5000 8192 0 1000000000
111 71 5316 5000 8192 0 1000000000
140 19 6853 5000 8192 0 1000000000
150 297 7442 5000 8192 0 1000000000
277 92 14092 5000 8192 0 1000000000
4 73 225 5000 8192 0 1000000000
215 80 10724 5000 8192 0 1000000000
234 265 11815 5000 8192 0 1000000000
22 27 1094 5000 8192 0 1000000000
254 99 12911 5000 8192 0 1000000000
78 311 3943 5000 8192 0 1000000000
205 14 10164 5000 8192 0 1000000000
168 58 8344 5000 8192 0 1000000000
55 281 2682 5000 8192 0 1000000000
90 21 4530 5000 8192 0 1000000000
281 217 14296 5000 8192 0 1000000000
255 210 13000 5000 8192 0 1000000000
109 289 5219 5000 8192 0 1000000000
201 145 9951 5000 8192 0 1000000000
156 246 7677 5000 8192 0 1000000000
176 34 8720 5000 8192 0 1000000000
125 159 6124 5000 8192 0 1000000000
147 83 7217 5000 8192 0 1000000000
160 198 7856 5000 8192 0 1000000000
78 140 3955 5000 8192 0 1000000000
76 57 3837 5000 8192 0 1000000000
160 12 7899 5000 8192 0 1000000000
165 117 8174 5000 8192 0 1000000000
45 48 2191 5000 8192 0 1000000000
69 41 3563 5000 8192 0 1000000000
41 240 1951 5000 8192 0 1000000000
92 247 4629 5000 8192 0 1000000000
43 17 2069 5000 8192 0 1000000000
237 93 12020 5000 8192 0 1000000000
142 183 6994 5000 8192 0 1000000000
237 137 12054 5000 8192 0 1000000000
268 311 13640 5000 8192 0 1000000000
230 147 11574 5000 8192 0 1000000000
40 117 1913 5000 8192 0 1000000000
110 296 5267 5000 8192 0 1000000000
56 137 2732 5000 8192 0 1000000000
178 303 8751 5000 8192 0 1000000000
59 71 2930 5000 8192 0 1000000000
39 126 1823 5000 8192 0 1000000000
235 113 11905 5000 8192 0 1000000000
279 269 14199 5000 8192 0 1000000000
239 31 12182 5000 8192 0 1000000000
300 88 15323 5000 8192 0 1000000000
9 47 482 5000 8192 0 1000000000
223 232 11284 5000 8192 0 1000000000
278 34 14118 5000 8192 0 1000000000
116 97 5623 5000 8192 0 1000000000
248 173 12704 5000 8192 0 1000000000
20 114 1003 5000 8192 0 1000000000
235 195 11882 5000 8192 0 1000000000
141 61 6931 5000 8192 0 1000000000
184 83 9051 5000 8192 0 1000000000
63 225 3168 5000 8192 0 1000000000
265 227 13422 5000 8192 0 1000000000
51 137 2451 5000 8192 0 1000000000
237 208 12009 5000 8192 0 1000000000
69 279 3561 5000 8192 0 1000000000
81 168 4153 5000 8192 0 1000000000
84 290 4331 5000 8192 0 1000000000
268 11 13642 5000 8192 0 1000000000
222 1 11218 5000 8192 0 1000000000
296 271 15168 5000 8192 0 1000000000
246 44 12620 5000 8192 0 1000000000
274 93 13915 5000 8192 0 1000000000
145 274 7177 5000 8192 0 1000000000
58 132 2834 5000 8192 0 1000000000
28 81 1378 5000 8192 0 1000000000
210 232 10439 5000 8192 0 1000000000
127 191 6236 5000 8192 0 1000000000
134 13 6522 5000 8192 0 1000000000
143 254 7047 5000 8192 0 1000000000
188 75 9280 5000 8192 0 1000000000
204 7 10098 5000 8192 0 1000000000
54 159 2560 5000 8192 0 1000000000
238 52 12095 5000 8192 0 1000000000
10 133 16465 5000 16777216 1 1000000000
231 266 11654 5000 8192 0 1000000000
156 33 7659 5000 8192 0 1000000000
112 110 5377 5000 8192 0 1000000000
80 134 4028 5000 8192 0 1000000000
196 153 9711 5000 8192 0 1000000000
114 41 5501 5000 8192 0 1000000000
71 28 3688 5000 8192 0 1000000000
226 133 11454 5000 8192 0 1000000000
115 258 5562 5000 8192 0 1000000000
168 209 8353 5000 8192 0 1000000000
183 164 8996 5000 8192 0 1000000000
229 96 11516 5000 8192 0 1000000000
307 116 15758 5000 8192 0 1000000000
155 38 7597 5000 8192 0 1000000000
141 254 6902 5000 8192 0 1000000000
261 144 13219 5000 8192 0 1000000000
268 61 13608 5000 8192 0 1000000000
265 244 13398 5000 8192 0 1000000000
288 283 14713 5000 8192 0 1000000000
29 131 1406 5000 8192 0 1000000000
43 138 2053 5000 8192 0 1000000000
58 222 2844 5000 8192 0 1000000000
305 129 15586 5000 8192 0 1000000000
295 87 15076 5000 8192 0 1000000000
168 59 8331 5000 8192 0 1000000000
66 273 3382 5000 8192 0 1000000000
284 160 14416 5000 8192 0 1000000000
124 35 6045 5000 8192 0 1000000000
284 40 14458 5000 8192 0 1000000000
261 262 13212 5000 8192 0 1000000000
32 181 1610 5000 8192 0 1000000000
250 311 16454 5000 16777216 1 1000000000
267 235 13571 5000 8192 0 1000000000
245 22 12547 5000 8192 0 1000000000
29 100 1431 5000 8192 0 1000000000
240 9 12210 5000 8192 0 1000000000
78 247 3939 5000 8192 0 1000000000
261 88 13262 5000 8192 0 1000000000
39 282 1836 5000 8192 0 1000000000
253 228 16349 5000 16777216 1 1000000000
58 221 2833 5000 8192 0 1000000000
127 57 6255 5000 8192 0 1000000000
244 306 12468 5000 8192 0 1000000000
140 314 6883 5000 8192 0 1000000000
226 282 11480 5000 8192 0 1000000000
282 119 14375 5000 8192 0 1000000000
131 9 6476 5000 8192 0 1000000000
209 177 10359 5000 8192 0 1000000000
276 270 13994 5000 8192 0 1000000000
31 137 1569 5000 8192 0 1000000000
159 193 7839 5000 8192 0 1000000000
305 8 15593 5000 8192 0 1000000000
29 50 1468 5000 8192 0 1000000000
246 201 12610 5000 8192 0 1000000000
17 173 891 5000 8192 0 1000000000
286 282 14602 5000 8192 0 1000000000
55 82 2671 5000 8192 0 1000000000
165 118 8196 5000 8192 0 1000000000
286 299 14546 5000 8192 0 1000000000
73 291 3724 5000 8192 0 1000000000
277 238 14054 5000 8192 0 1000000000
136 168 6666 5000 8192 0 1000000000
127 61 6202 5000 8192 0 1000000000
56 318 2693 5000 8192 0 1000000000
64 137 3234 5000 8192 0 1000000000
56 120 2692 5000 8192 0 1000000000
292 307 14990 5000 8192 0 1000000000
303 199 15500 5000 8192 0 1000000000
241 44 12304 5000 8192 0 1000000000
243 186 12417 5000 8192 0 1000000000
147 130 7252 5000 8192 0 1000000000
64 264 3220 5000 8192 0 1000000000
221 49 11101 5000 8192 0 1000000000
82 287 4200 5000 8192 0 1000000000
168 150 8348 5000 8192 0 1000000000
298 148 15297 5000 8192 0 1000000000
178 295 8789 5000 8192 0 1000000000
169 286 8372 5000 8192 0 1000000000
164 84 8145 5000 8192 0 1000000000
184 188 9034 5000 8192 0 1000000000
163 142 8049 5000 8192 0 1000000000
259 312 13117 5000 8192 0 1000000000
217 166 10891 5000 8192 0 1000000000
17 122 865 5000 8192 0 1000000000
164 296 8157 5000 8192 0 1000000000
258 88 13046 5000 8192 0 1000000000
148 79 7318 5000 8192 0 1000000000
12 40 575 5000 8192 0 1000000000
186 248 9173 5000 8192 0 1000000000
221 270 11138 5000 8192 0 1000000000
9 117 506 5000 8192 0 1000000000
30 131 1500 5000 8192 0 1000000000
59 23 2932 5000 8192 0 1000000000
292 7 14964 5000 8192 0 1000000000
109 139 5190 5000 8192 0 1000000000
172 249 8438 5000 8192 0 1000000000
217 44 10853 5000 8192 0 1000000000
143 67 7038 5000 8192 0 1000000000
269 11 13672 5000 8192 0 1000000000
145 208 7198 5000 8192 0 1000000000
258 3 13040 5000 8192 0 1000000000
313 32 16073 5000 8192 0 1000000000
130 104 6402 5000 8192 0 1000000000
291 65 14909 5000 8192 0 1000000000
245 156 12516 5000 8192 0 1000000000
90 276 4524 5000 8192 0 1000000000
310 282 15901 5000 8192 0 1000000000
292 316 14972 5000 8192 0 1000000000
172 213 8447 5000 8192 0 1000000000
298 142 15293 5000 8192 0 1000000000
49 222 2323 5000 8192 0 1000000000
290 134 14805 5000 8192 0 1000000000
13 56 613 5000 8192 0 1000000000
113 281 5452 5000 8192 0 1000000000
17 255 863 5000 8192 0 1000000000
224 163 11331 5000 8192 0 1000000000
83 103 4275 5000 8192 0 1000000000
111 136 5348 5000 8192 0 1000000000
290 90 14811 5000 8192 0 1000000000
29 186 1419 5000 8192 0 1000000000
231 23 11662 5000 8192 0 1000000000
75 249 3832 5000 8192 0 1000000000
226 189 11431 5000 8192 0 1000000000
47 123 2267 5000 8192 0 1000000000
39 220 1829 5000 8192 0 1000000000
208 70 10320 5000 8192 0 1000000000
95 49 4680 5000 8192 0 1000000000
144 155 7093 5000 8192 0 1000000000
276 10 14025 5000 8192 0 1000000000
123 95 5991 5000 8192 0 1000000000
76 242 3883 5000 8192 0 1000000000
216 6 10810 5000 8192 0 1000000000
252 20 12825 5000 8192 0 1000000000
183 60 8965 5000 8192 0 1000000000
67 150 3435 5000 8192 0 1000000000
259 141 13109 5000 8192 0 1000000000
302 27 15390 5000 8192 0 1000000000
266 251 13521 5000 8192 0 1000000000
289 82 14794 5000 8192 0 1000000000
142 283 6967 5000 8192 0 1000000000
284 136 14447 5000 8192 0 1000000000
298 58 15266 5000 8192 0 1000000000
214 249 10679 5000 8192 0 1000000000
252 204 12880 5000 8192 0 1000000000
112 172 5376 5000 8192 0 1000000000
21 226 1070 5000 8192 0 1000000000
16 178 780 5000 8192 0 1000000000
148 36 7291 5000 8192 0 1000000000
307 185 15748 5000 8192 0 1000000000
201 72 9943 5000 8192 0 1000000000
175 178 8641 5000 8192 0 1000000000
129 204 6380 5000 8192 0 1000000000
178 254 8790 5000 8192 0 1000000000
305 230 15627 5000 8192 0 1000000000
319 259 16303 5000 8192 0 1000000000
270 60 13726 5000 8192 0 1000000000
201 207 9920 5000 8192 0 1000000000
280 229 14259 5000 8192 0 1000000000
279 168 14197 5000 8192 0 1000000000
217 268 10861 5000 8192 0 1000000000
158 194 7745 5000 8192 0 1000000000
184 115 9050 5000 8192 0 1000000000
209 158 10380 5000 8192 0 1000000000
27 65 1302 5000 8192 0 1000000000
12 222 551 5000 8192 0 1000000000
278 241 14097 5000 8192 0 1000000000
73 287 3741 5000 8192 0 1000000000
102 3 4938 5000 8192 0 1000000000
293 193 14996 5000 8192 0 1000000000
125 41 6084 5000 8192 0 1000000000
249 164 12776 5000 8192 0 1000000000
160 61 7853 5000 8192 0 1000000000
69 61 3560 5000 8192 0 1000000000
66 84 3329 5000 8192 0 1000000000
269 236 13712 5000 8192 0 1000000000
280 113 14232 5000 8192 0 1000000000
22 39 1136 5000 8192 0 1000000000
35 248 1673 5000 8192 0 1000000000
7 126 380 5000 8192 0 1000000000
253 103 16424 5000 16777216 1 1000000000
174 235 8565 5000 8192 0 1000000000
280 160 14253 5000 8192 0 1000000000
2 38 77 5000 8192 0 1000000000
128 308 6288 5000 8192 0 1000000000
69 279 3546 5000 8192 0 1000000000
268 68 13631 5000 8192 0 1000000000
252 269 12885 5000 8192 0 1000000000
231 106 11658 5000 8192 0 1000000000
148 182 7335 5000 8192 0 1000000000
83 237 4238 5000 8192 0 1000000000
66 263 3339 5000 8192 0 1000000000
240 63 12233 5000 8192 0 1000000000
318 114 16232 5000 8192 0 1000000000
190 252 9436 5000 8192 0 1000000000
130 257 6410 5000 8192 0 1000000000
176 184 8717 5000 8192 0 1000000000
136 75 6684 5000 8192 0 1000000000
183 41 8956 5000 8192 0 1000000000
153 119 7567 5000 8192 0 1000000000
144 179 7110 5000 8192 0 1000000000
160 278 7890 5000 8192 0 1000000000
246 49 12588 5000 8192 0 1000000000
66 89 3330 5000 8192 0 1000000000
218 4 10921 5000 8192 0 1000000000
50 188 2413 5000 8192 0 1000000000
231 110 11616 5000 8192 0 1000000000
220 8 11080 5000 8192 0 1000000000
220 64 11083 5000 8192 0 1000000000
297 8 15207 5000 8192 0 1000000000
176 82 8721 5000 8192 0 1000000000
98 175 4818 5000 8192 0 1000000000
129 249 6363 5000 8192 0 1000000000
247 235 12694 5000 8192 0 1000000000
152 250 7517 5000 8192 0 1000000000
255 261 12970 5000 8192 0 1000000000
162 204 8037 5000 8192 0 1000000000
264 187 13335 5000 8192 0 1000000000
149 241 7350 5000 8192 0 1000000000
62 47 3093 5000 8192 0 1000000000
212 10 10574 5000 8192 0 1000000000
205 189 10171 5000 8192 0 1000000000
260 101 13148 5000 8192 0 1000000000
255 285 12950 5000 8192 0 1000000000
112 4 5405 5000 8192 0 1000000000
41 215 1963 5000 8192 0 1000000000
315 292 16129 5000 8192 0 1000000000
287 151 14619 5000 8192 0 1000000000
154 1 16361 5000 16777216 1 1000000000
309 132 15872 5000 8192 0 1000000000
3 14 149 5000 8192 0 1000000000
312 38 15965 5000 8192 0 1000000000
107 8 5072 5000 8192 0 1000000000
128 30 6263 5000 8192 0 1000000000
35 142 1711 5000 8192 0 1000000000
306 285 15635 5000 8192 0 1000000000
176 128 8705 5000 8192 0 1000000000
24 237 1219 5000 8192 0 1000000000
184 172 9038 5000 8192 0 1000000000
198 215 9878 5000 8192 0 1000000000
198 303 9852 5000 8192 0 1000000000
300 172 15334 5000 8192 0 1000000000
277 212 14074 5000 8192 0 1000000000
116 44 5667 5000 8192 0 1000000000
191 91 9443 5000 8192 0 1000000000
272 65 13871 5000 8192 0 1000000000
271 103 13806 5000 8192 0 1000000000
271 205 13785 5000 8192 0 1000000000
31 121 1591 5000 8192 0 1000000000
8 72 420 5000 8192 0 1000000000
2 34 85 5000 8192 0 1000000000
84 139 4283 5000 8192 0 1000000000
186 39 9176 5000 8192 0 1000000000
264 214 13332 5000 8192 0 1000000000
215 55 10721 5000 8192 0 1000000000
137 19 6755 5000 8192 0 1000000000
102 159 4918 5000 8192 0 1000000000
255 20 12995 5000 8192 0 1000000000
35 179 1701 5000 8192 0 1000000000
31 112 1542 5000 8192 0 1000000000
142 296 7012 5000 8192 0 1000000000
213 270 10605 5000 8192 0 1000000000
285 311 14505 5000 8192 0 1000000000
172 174 8454 5000 8192 0 1000000000
219 201 11023 5000 8192 0 1000000000
233 238 11739 5000 8192 0 1000000000
114 153 5532 5000 8192 0 1000000000
129 31 6341 5000 8192 0 1000000000
217 288 10897 5000 8192 0 1000000000
247 50 12656 5000 8192 0 1000000000
268 252 13648 5000 8192 0 1000000000
302 128 15408 5000 8192 0 1000000000
308 298 15766 5000 8192 0 1000000000
117 77 5707 5000 8192 0 1000000000
41 32 1972 5000 8192 0 1000000000
56 256 2694 5000 8192 0 1000000000
78 2 3934 5000 8192 0 1000000000
20 296 1008 5000 8192 0 1000000000
113 316 5481 5000 8192 0 1000000000
156 100 7657 5000 8192 0 1000000000
73 265 3707 5000 8192 0 1000000000
246 278 12624 5000 8192 0 1000000000
213 70 10643 5000 8192 0 1000000000
232 302 11711 5000 8192 0 1000000000
306 89 15660 5000 8192 0 1000000000
142 256 6998 5000 8192 0 1000000000
184 127 9028 5000 8192 0 1000000000
27 255 1293 5000 8192 0 1000000000
304 176 15522 5000 8192 0 1000000000
91 88 4581 5000 8192 0 1000000000
233 301 11772 5000 8192 0 1000000000
115 265 5574 5000 8192 0 1000000000
210 313 10410 5000 8192 0 1000000000
164 126 8168 5000 8192 0 1000000000
112 167 5427 5000 8192 0 1000000000
142 310 7018 5000 8192 0 1000000000
55 59 2639 5000 8192 0 1000000000
265 40 13399 5000 8192 0 1000000000
159 21 7795 5000 8192 0 1000000000
179 254 8841 5000 8192 0 1000000000
76 194 3841 5000 8192 0 1000000000
217 182 10866 5000 8192 0 1000000000
194 130 9588 5000 8192 0 1000000000
8 312 430 5000 8192 0 1000000000
194 0 9627 5000 8192 0 1000000000
133 132 16369 5000 16777216 1 1000000000
290 188 14818 5000 8192 0 1000000000
295 185 15082 5000 8192 0 1000000000
98 149 4807 5000 8192 0 1000000000
230 180 11566 5000 8192 0 1000000000
307 20 15705 5000 8192 0 1000000000
65 36 3267 5000 8192 0 1000000000
80 163 4050 5000 8192 0 1000000000
184 91 9033 5000 8192 0 1000000000
186 11 9145 5000 8192 0 1000000000
169 101 8362 5000 8192 0 1000000000
92 90 4608 5000 8192 0 1000000000
230 300 11569 5000 8192 0 1000000000
295 212 15085 5000 8192 0 1000000000
2 110 94 5000 8192 0 1000000000
9 40 483 5000 8192 0 1000000000
173 84 8527 5000 8192 0 1000000000
265 22 13412 5000 8192 0 1000000000
271 219 13789 5000 8192 0 1000000000
287 257 14609 5000 8192 0 1000000000
84 15 4292 5000 8192 0 1000000000
20 312 977 5000 8192 0 1000000000
309 294 15833 5000 8192 0 1000000000
28 312 1375 5000 8192 0 1000000000
209 264 10345 5000 8192 0 1000000000
208 79 10291 5000 8192 0 1000000000
178 55 8746 5000 8192 0 1000000000
238 70 12111 5000 8192 0 1000000000
259 247 13116 5000 8192 0 1000000000
213 244 10611 5000 8192 0 1000000000
163 231 8082 5000 8192 0 1000000000
233 138 11776 5000 8192 0 1000000000
73 207 3759 5000 8192 0 1000000000
187 245 9187 5000 8192 0 1000000000
179 149 8810 5000 8192 0 1000000000
270 99 13761 5000 8192 0 1000000000
163 237 8100 5000 8192 0 1000000000
214 180 10665 5000 8192 0 1000000000
174 295 8578 5000 8192 0 1000000000
114 7 5521 5000 8192 0 1000000000
60 24 2949 5000 8192 0 1000000000
111 222 5360 5000 8192 0 1000000000
288 36 14676 5000 8192 0 1000000000
97 136 4730 5000 8192 0 1000000000
21 130 1051 5000 8192 0 1000000000
312 232 15989 5000 8192 0 1000000000
247 202 12659 5000 8192 0 1000000000
114 309 5503 5000 8192 0 1000000000
206 289 10217 5000 8192 0 1000000000
282 208 14393 5000 8192 0 1000000000
113 305 5473 5000 8192 0 1000000000
278 80 14159 5000 8192 0 1000000000
307 192 15715 5000 8192 0 1000000000
226 265 11426 5000 8192 0 1000000000
290 304 14824 5000 8192 0 1000000000
29 245 1465 5000 8192 0 1000000000
224 153 11323 5000 8192 0 1000000000
130 244 6419 5000 8192 0 1000000000
230 154 11573 5000 8192 0 1000000000
222 175 11210 5000 8192 0 1000000000
143 51 7077 5000 8192 0 1000000000
244 199 12443 5000 8192 0 1000000000
109 59 5234 5000 8192 0 1000000000
222 155 11197 5000 8192 0 1000000000
131 20 6451 5000 8192 0 1000000000
134 181 6542 5000 8192 0 1000000000
110 277 5245 5000 8192 0 1000000000
226 176 11458 5000 8192 0 1000000000
137 58 6718 5000 8192 0 1000000000
168 268 8297 5000 8192 0 1000000000
31 65 1539 5000 8192 0 1000000000
247 301 12644 5000 8192 0 1000000000
126 84 6144 5000 8192 0 1000000000
142 37 6974 5000 8192 0 1000000000
36 26 1769 5000 8192 0 1000000000
237 161 12042 5000 8192 0 1000000000
222 125 11206 5000 8192 0 1000000000
186 106 9128 5000 8192 0 1000000000
246 265 12602 5000 8192 0 1000000000
2 190 90 5000 8192 0 1000000000
69 219 3532 5000 8192 0 1000000000
29 176 1410 5000 8192 0 1000000000
118 157 5803 5000 8192 0 1000000000
181 234 8890 5000 8192 0 1000000000
208 126 10304 5000 8192 0 1000000000
178 243 8768 5000 8192 0 1000000000
76 177 3869 5000 8192 0 1000000000
150 13 7432 5000 8192 0 1000000000
231 49 11641 5000 8192 0 1000000000
306 249 15672 5000 8192 0 1000000000
198 14 9881 5000 8192 0 1000000000
174 302 8575 5000 8192 0 1000000000
143 176 7037 5000 8192 0 1000000000
129 80 6338 5000 8192 0 1000000000
116 221 5663 5000 8192 0 1000000000
118 27 5780 5000 8192 0 1000000000
289 70 14795 5000 8192 0 1000000000
130 39 6398 5000 8192 0 1000000000
7 71 354 5000 8192 0 1000000000
12 28 554 5000 8192 0 1000000000
208 284 10273 5000 8192 0 1000000000
78 146 3902 5000 8192 0 1000000000
232 269 11713 5000 8192 0 1000000000
119 226 5842 5000 8192 0 1000000000
92 64 4659 5000 8192 0 1000000000
64 274 3254 5000 8192 0 1000000000
41 190 1958 5000 8192 0 1000000000
4 93 226 5000 8192 0 1000000000
249 63 12779 5000 8192 0 1000000000
195 31 9679 5000 8192 0 1000000000
298 80 15280 5000 8192 0 1000000000
134 111 6546 5000 8192 0 1000000000
136 178 6664 5000 8192 0 1000000000
178 163 8801 5000 8192 0 1000000000
220 131 11081 5000 8192 0 1000000000
281 215 14309 5000 8192 0 1000000000
318 147 16220 5000 8192 0 1000000000
270 251 13752 5000 8192 0 1000000000
288 158 14673 5000 8192 0 1000000000
64 251 3210 5000 8192 0 1000000000
91 181 4587 5000 8192 0 1000000000
142 293 7008 5000 8192 0 1000000000
129 233 6374 5000 8192 0 1000000000
191 59 9482 5000 8192 0 1000000000
233 77 11788 5000 8192 0 1000000000
174 206 8580 5000 8192 0 1000000000
31 289 1594 5000 8192 0 1000000000
81 242 4112 5000 8192 0 1000000000
98 272 4847 5000 8192 0 1000000000
85 219 4376 5000 8192 0 1000000000
315 141 16087 5000 8192 0 1000000000
76 236 3876 5000 8192 0 1000000000
73 133 3726 5000 8192 0 1000000000
288 196 14729 5000 8192 0 1000000000
60 287 2946 5000 8192 0 1000000000
309 222 15858 5000 8192 0 1000000000
155 200 7632 5000 8192 0 1000000000
216 284 10809 5000 8192 0 1000000000
142 266 6980 5000 8192 0 1000000000
124 73 6022 5000 8192 0 1000000000
63 0 3186 5000 8192 0 1000000000
303 201 15452 5000 8192 0 1000000000
303 252 15456 5000 8192 0 1000000000
249 168 12765 5000 8192 0 1000000000
319 203 16296 5000 8192 0 1000000000
274 315 13928 5000 8192 0 1000000000
18 23 931 5000 8192 0 1000000000
215 241 10746 5000 8192 0 1000000000
113 291 5468 5000 8192 0 1000000000
78 162 3910 5000 8192 0 1000000000
78 121 3919 5000 8192 0 1000000000
20 57 1006 5000 8192 0 1000000000
136 153 6699 5000 8192 0 1000000000
58 82 2828 5000 8192 0 1000000000
296 37 15149 5000 8192 0 1000000000
270 215 13731 5000 8192 0 1000000000
211 95 10510 5000 8192 0 1000000000
220 274 11093 5000 8192 0 1000000000
144 91 7145 5000 8192 0 1000000000
243 290 12394 5000 8192 0 1000000000
302 270 15424 5000 8192 0 1000000000
307 83 15737 5000 8192 0 1000000000
0 21 59 5000 8192 0 1000000000
137 253 6730 5000 8192 0 1000000000
71 81 3648 5000 8192 0 1000000000
193 224 9568 5000 8192 0 1000000000
31 261 1556 5000 8192 0 1000000000
152 148 7484 5000 8192 0 1000000000
234 206 11857 5000 8192 0 1000000000
162 40 8002 5000 8192 0 1000000000
147 318 7220 5000 8192 0 1000000000
2 214 66 5000 8192 0 1000000000
138 152 6812 5000 8192 0 1000000000
73 311 3734 5000 8192 0 1000000000
168 315 8342 5000 8192 0 1000000000
282 103 14365 5000 8192 0 1000000000
143 117 7056 5000 8192 0 1000000000
48 283 16510 5000 16777216 1 1000000000
51 194 2455 5000 8192 0 1000000000
258 53 13070 5000 8192 0 1000000000
4 177 224 5000 8192 0 1000000000
220 217 11068 5000 8192 0 1000000000
144 171 7132 5000 8192 0 1000000000
15 120 714 5000 8192 0 1000000000
168 176 8318 5000 8192 0 1000000000
266 254 13502 5000 8192 0 1000000000
220 7 11055 5000 8192 0 1000000000
183 292 8981 5000 8192 0 1000000000
142 25 7009 5000 8192 0 1000000000
163 114 8090 5000 8192 0 1000000000
66 252 3326 5000 8192 0 1000000000
231 172 11625 5000 8192 0 1000000000
300 248 15320 5000 8192 0 1000000000
203 23 10054 5000 8192 0 1000000000
148 161 7316 5000 8192 0 1000000000
282 62 14379 5000 8192 0 1000000000
24 226 1216 5000 8192 0 1000000000
297 77 15224 5000 8192 0 1000000000
219 90 10988 5000 8192 0 1000000000
290 208 14814 5000 8192 0 1000000000
241 151 12292 5000 8192 0 1000000000
73 192 3739 5000 8192 0 1000000000
312 139 15977 5000 8192 0 1000000000
186 189 9157 5000 8192 0 1000000000
87 236 4462 5000 8192 0 1000000000
187 244 9220 5000 8192 0 1000000000
108 41 5148 5000 8192 0 1000000000
307 175 15736 5000 8192 0 1000000000
231 62 11652 5000 8192 0 1000000000
155 241 7598 5000 8192 0 1000000000
91 312 4577 5000 8192 0 1000000000
217 288 10850 5000 8192 0 1000000000
213 242 10628 5000 8192 0 1000000000
60 7 2996 5000 8192 0 1000000000
15 36 730 5000 8192 0 1000000000
238 297 12062 5000 8192 0 1000000000
14 310 657 5000 8192 0 1000000000
160 285 7852 5000 8192 0 1000000000
212 93 10584 5000 8192 0 1000000000
274 253 13949 5000 8192 0 1000000000
206 278 10236 5000 8192 0 1000000000
265 149 13411 5000 8192 0 1000000000
124 10 6036 5000 8192 0 1000000000
156 225 7712 5000 8192 0 1000000000
97 313 4765 5000 8192 0 1000000000
15 206 754 5000 8192 0 1000000000
274 38 13907 5000 8192 0 1000000000
109 227 5209 5000 8192 0 1000000000
240 152 12247 5000 8192 0 1000000000
247 197 12648 5000 8192 0 1000000000
232 138 11721 5000 8192 0 1000000000
231 102 11628 5000 8192 0 1000000000
223 177 11228 5000 8192 0 1000000000
8 183 401 5000 8192 0 1000000000
310 210 15907 5000 8192 0 1000000000
206 245 10210 5000 8192 0 1000000000
277 132 14062 5000 8192 0 1000000000
65 133 3311 5000 8192 0 1000000000
43 35 2068 5000 8192 0 1000000000
269 294 13651 5000 8192 0 1000000000
98 255 4812 5000 8192 0 1000000000
141 74 6922 5000 8192 0 1000000000
138 4 6790 5000 8192 0 1000000000
176 84 8739 5000 8192 0 1000000000
163 112 8062 5000 8192 0 1000000000
127 118 6249 5000 8192 0 1000000000
306 21 15690 5000 8192 0 1000000000
41 248 1929 5000 8192 0 1000000000
28 310 1349 5000 8192 0 1000000000
116 154 5677 5000 8192 0 1000000000
148 216 7319 5000 8192 0 1000000000
149 73 7401 5000 8192 0 1000000000
83 151 4264 5000 8192 0 1000000000
249 124 12767 5000 8192 0 1000000000
174 132 8594 5000 8192 0 1000000000
313 311 16063 5000 8192 0 1000000000
124 113 6042 5000 8192 0 1000000000
17 65 875 5000 8192 0 1000000000
125 119 6085 5000 8192 0 1000000000
173 285 8546 5000 8192 0 1000000000
147 240 7215 5000 8192 0 1000000000
205 55 10168 5000 8192 0 1000000000
202 317 9990 5000 8192 0 1000000000
193 289 9561 5000 8192 0 1000000000
225 109 11397 5000 8192 0 1000000000
190 279 9437 5000 8192 0 1000000000
248 222 12733 5000 8192 0 1000000000
163 1 8084 5000 8192 0 1000000000
318 105 16234 5000 8192 0 1000000000
83 310 4246 5000 8192 0 1000000000
175 213 8642 5000 8192 0 1000000000
6 209 318 5000 8192 0 1000000000
316 236 16185 5000 8192 0 1000000000
25 154 16514 5000 16777216 1 1000000000
150 177 7416 5000 8192 0 1000000000
137 72 6751 5000 8192 0 1000000000
14 13 698 5000 8192 0 1000000000
287 2 14646 5000 8192 0 1000000000
64 71 3233 5000 8192 0 1000000000
168 241 8296 5000 8192 0 1000000000
90 253 4511 5000 8192 0 1000000000
224 260 11342 5000 8192 0 1000000000
307 100 15712 5000 8192 0 1000000000
147 199 7223 5000 8192 0 1000000000
27 191 1336 5000 8192 0 1000000000
58 170 2824 5000 8192 0 1000000000
35 17 1697 5000 8192 0 1000000000
181 120 8880 5000 8192 0 1000000000
71 106 3684 5000 8192 0 1000000000
318 61 16233 5000 8192 0 1000000000
202 304 9982 5000 8192 0 1000000000
202 27 9967 5000 8192 0 1000000000
179 270 8850 5000 8192 0 1000000000
159 42 7832 5000 8192 0 1000000000
91 230 4595 5000 8192 0 1000000000
50 277 2371 5000 8192 0 1000000000
135 24 6586 5000 8192 0 1000000000
28 203 1393 5000 8192 0 1000000000
213 301 10614 5000 8192 0 1000000000
68 251 3451 5000 8192 0 1000000000
295 158 15107 5000 8192 0 1000000000
169 106 8376 5000 8192 0 1000000000
138 92 6767 5000 8192 0 1000000000
202 234 9991 5000 8192 0 1000000000
225 299 11395 5000 8192 0 1000000000
24 243 1235 5000 8192 0 1000000000
195 277 9687 5000 8192 0 1000000000
319 207 16320 5000 8192 0 1000000000
101 19 4882 5000 8192 0 1000000000
28 46 1401 5000 8192 0 1000000000
43 288 2097 5000 8192 0 1000000000
172 58 8470 5000 8192 0 1000000000
61 121 3039 5000 8192 0 1000000000
226 91 11450 5000 8192 0 1000000000
144 57 7103 5000 8192 0 1000000000
169 80 8408 5000 8192 0 1000000000
61 208 3062 5000 8192 0 1000000000
71 45 3690 5000 8192 0 1000000000
201 142 9938 5000 8192 0 1000000000
213 5 10596 5000 8192 0 1000000000
156 209 7696 5000 8192 0 1000000000
138 99 6783 5000 8192 0 1000000000
141 214 6942 5000 8192 0 1000000000
111 195 5320 5000 8192 0 1000000000
211 264 10480 5000 8192 0 1000000000
2 289 73 5000 8192 0 1000000000
276 188 13993 5000 8192 0 1000000000
126 12 6154 5000 8192 0 1000000000
280 116 14287 5000 8192 0 1000000000
125 251 6093 5000 8192 0 1000000000
135 163 6636 5000 8192 0 1000000000
21 188 1048 5000 8192 0 1000000000
310 214 15942 5000 8192 0 1000000000
260 303 13144 5000 8192 0 1000000000
281 269 14303 5000 8192 0 1000000000
277 155 14088 5000 8192 0 1000000000
281 34 14310 5000 8192 0 1000000000
284 153 14452 5000 8192 0 1000000000
203 184 10034 5000 8192 0 1000000000
60 265 2973 5000 8192 0 1000000000
278 2 14139 5000 8192 0 1000000000
57 9 2803 5000 8192 0 1000000000
55 130 2667 5000 8192 0 1000000000
63 118 3166 5000 8192 0 1000000000
292 310 14974 5000 8192 0 1000000000
271 317 13778 5000 8192 0 1000000000
219 166 11020 5000 8192 0 1000000000
112 231 5407 5000 8192 0 1000000000
135 137 6590 5000 8192 0 1000000000
82 260 4202 5000 8192 0 1000000000
302 105 15437 5000 8192 0 1000000000
71 162 3687 5000 8192 0 1000000000
59 272 2896 5000 8192 0 1000000000
246 247 12612 5000 8192 0 1000000000
268 243 13607 5000 8192 0 1000000000
300 9 15356 5000 8192 0 1000000000
16 246 829 5000 8192 0 1000000000
13 249 617 5000 8192 0 1000000000
275 283 16347 5000 16777216 1 1000000000
21 273 1044 5000 8192 0 1000000000
45 9 2203 5000 8192 0 1000000000
140 143 6836 5000 8192 0 1000000000
0 89 23 5000 8192 0 1000000000
69 276 3522 5000 8192 0 1000000000
260 84 13203 5000 8192 0 1000000000
15 149 727 5000 8192 0 1000000000
291 193 14869 5000 8192 0 1000000000
315 266 16113 5000 8192 0 1000000000
231 256 11642 5000 8192 0 1000000000
90 271 4483 5000 8192 0 1000000000
224 245 11312 5000 8192 0 1000000000
15 183 722 5000 8192 0 1000000000
131 67 6455 5000 8192 0 1000000000
41 94 1923 5000 8192 0 1000000000
27 7 1278 5000 8192 0 1000000000
95 53 4692 5000 8192 0 1000000000
61 193 3037 5000 8192 0 1000000000
202 171 9968 5000 8192 0 1000000000
246 229 12576 5000 8192 0 1000000000
98 10 4793 5000 8192 0 1000000000
195 174 9667 5000 8192 0 1000000000
135 167 6592 5000 8192 0 1000000000
134 318 6557 5000 8192 0 1000000000
213 120 10608 5000 8192 0 1000000000
21 5 1041 5000 8192 0 1000000000
112 201 5400 5000 8192 0 1000000000
131 227 6453 5000 8192 0 1000000000
203 181 10067 5000 8192 0 1000000000
265 54 13403 5000 8192 0 1000000000
181 266 8919 5000 8192 0 1000000000
141 8 6901 5000 8192 0 1000000000
230 193 11562 5000 8192 0 1000000000
235 11 11879 5000 8192 0 1000000000
255 302 12996 5000 8192 0 1000000000
185 131 9087 5000 8192 0 1000000000
115 117 5579 5000 8192 0 1000000000
75 110 3827 5000 8192 0 1000000000
300 261 15313 5000 8192 0 1000000000
310 36 15944 5000 8192 0 1000000000
231 216 11639 5000 8192 0 1000000000
56 6 2690 5000 8192 0 1000000000
97 273 4790 5000 8192 0 1000000000
260 161 13162 5000 8192 0 1000000000
131 197 6468 5000 8192 0 1000000000
212 115 10576 5000 8192 0 1000000000
255 153 13005 5000 8192 0 1000000000
218 140 10938 5000 8192 0 1000000000
159 195 7788 5000 8192 0 1000000000
266 118 13467 5000 8192 0 1000000000
243 0 12377 5000 8192 0 1000000000
97 229 4740 5000 8192 0 1000000000
128 244 6285 5000 8192 0 1000000000
15 294 721 5000 8192 0 1000000000
281 209 14299 5000 8192 0 1000000000
240 262 12237 5000 8192 0 1000000000
304 112 15554 5000 8192 0 1000000000
219 148 11022 5000 8192 0 1000000000
242 192 12370 5000 8192 0 1000000000
282 195 14401 5000 8192 0 1000000000
71 135 3700 5000 8192 0 1000000000
217 219 10892 5000 8192 0 1000000000
159 244 7824 5000 8192 0 1000000000
160 259 7869 5000 8192 0 1000000000
165 236 8190 5000 8192 0 1000000000
240 236 12228 5000 8192 0 1000000000
15 28 712 5000 8192 0 1000000000
257 77 16483 5000 16777216 1 1000000000
288 77 14690 5000 8192 0 1000000000
117 213 5714 5000 8192 0 1000000000
285 248 14488 5000 8192 0 1000000000
137 128 6766 5000 8192 0 1000000000
12 175 557 5000 8192 0 1000000000
68 127 3489 5000 8192 0 1000000000
27 312 1327 5000 8192 0 1000000000
181 15 8888 5000 8192 0 1000000000
29 43 1414 5000 8192 0 1000000000
309 17 15827 5000 8192 0 1000000000
238 56 12106 5000 8192 0 1000000000
217 181 10860 5000 8192 0 1000000000
147 263 7214 5000 8192 0 1000000000
297 132 15209 5000 8192 0 1000000000
201 313 9913 5000 8192 0 1000000000
98 10 4817 5000 8192 0 1000000000
172 302 8451 5000 8192 0 1000000000
9 42 466 5000 8192 0 1000000000
58 137 2850 5000 8192 0 1000000000
261 118 13205 5000 8192 0 1000000000
145 102 7160 5000 8192 0 1000000000
91 46 4582 5000 8192 0 1000000000
7 68 337 5000 8192 0 1000000000
264 97 13340 5000 8192 0 1000000000
0 119 43 5000 8192 0 1000000000
236 89 11985 5000 8192 0 1000000000
9 169 454 5000 8192 0 1000000000
303 126 15464 5000 8192 0 1000000000
27 216 1335 5000 8192 0 1000000000
3 163 138 5000 8192 0 1000000000
56 68 2710 5000 8192 0 1000000000
125 107 6115 5000 8192 0 1000000000
22 141 1122 5000 8192 0 1000000000
189 41 9376 5000 8192 0 1000000000
135 290 6576 5000 8192 0 1000000000
252 125 12844 5000 8192 0 1000000000
278 299 14144 5000 8192 0 1000000000
285 129 14529 5000 8192 0 1000000000
167 114 8241 5000 8192 0 1000000000
36 216 1733 5000 8192 0 1000000000
95 40 4675 5000 8192 0 1000000000
148 200 7298 5000 8192 0 1000000000
295 196 15116 5000 8192 0 1000000000
82 164 4178 5000 8192 0 1000000000
278 104 14111 5000 8192 0 1000000000
291 244 14875 5000 8192 0 1000000000
128 243 6317 5000 8192 0 1000000000
73 43 3740 5000 8192 0 1000000000
27 158 1314 5000 8192 0 1000000000
75 125 3798 5000 8192 0 1000000000
217 81 10887 5000 8192 0 1000000000
90 246 4536 5000 8192 0 1000000000
245 209 12537 5000 8192 0 1000000000
112 106 5387 5000 8192 0 1000000000
281 39 14312 5000 8192 0 1000000000
195 296 9634 5000 8192 0 1000000000
209 116 10367 5000 8192 0 1000000000
158 36 7759 5000 8192 0 1000000000
184 143 9017 5000 8192 0 1000000000
104 97 5016 5000 8192 0 1000000000
125 263 6090 5000 8192 0 1000000000
15 183 713 5000 8192 0 1000000000
123 154 5977 5000 8192 0 1000000000
104 295 5001 5000 8192 0 1000000000
107 169 5092 5000 8192 0 1000000000
313 244 16029 5000 8192 0 1000000000
284 182 14434 5000 8192 0 1000000000
285 187 14496 5000 8192 0 1000000000
184 188 9040 5000 8192 0 1000000000
81 216 4140 5000 8192 0 1000000000
188 146 9293 5000 8192 0 1000000000
281 234 14289 5000 8192 0 1000000000
288 12 14680 5000 8192 0 1000000000
140 97 6833 5000 8192 0 1000000000
0 141 17 5000 8192 0 1000000000
129 141 6359 5000 8192 0 1000000000
234 124 11851 5000 8192 0 1000000000
87 264 4435 5000 8192 0 1000000000
128 50 6296 5000 8192 0 1000000000
118 143 5795 5000 8192 0 1000000000
74 166 16489 5000 16777216 1 1000000000
111 107 5319 5000 8192 0 1000000000
80 302 4053 5000 8192 0 1000000000
156 295 7688 5000 8192 0 1000000000
258 204 13057 5000 8192 0 1000000000
35 2 1718 5000 8192 0 1000000000
318 140 16227 5000 8192 0 1000000000
134 287 6536 5000 8192 0 1000000000
118 57 5799 5000 8192 0 1000000000
308 234 15780 5000 8192 0 1000000000
4 98 255 5000 8192 0 1000000000
248 222 12746 5000 8192 0 1000000000
216 197 10805 5000 8192 0 1000000000
318 126 16206 5000 8192 0 1000000000
213 7 10620 5000 8192 0 1000000000
65 162 3308 5000 8192 0 1000000000
50 39 2423 5000 8192 0 1000000000
127 97 6246 5000 8192 0 1000000000
209 59 10382 5000 8192 0 1000000000
179 279 8851 5000 8192 0 1000000000
297 2 15213 5000 8192 0 1000000000
60 291 2940 5000 8192 0 1000000000
319 234 16321 5000 8192 0 1000000000
156 41 7668 5000 8192 0 1000000000
258 255 13071 5000 8192 0 1000000000
23 181 1209 5000 8192 0 1000000000
254 85 12940 5000 8192 0 1000000000
6 247 307 5000 8192 0 1000000000
68 160 3475 5000 8192 0 1000000000
230 6 11598 5000 8192 0 1000000000
282 319 14407 5000 8192 0 1000000000
168 306 8356 5000 8192 0 1000000000
90 53 4512 5000 8192 0 1000000000
108 260 5129 5000 8192 0 1000000000
287 18 14651 5000 8192 0 1000000000
21 259 1056 5000 8192 0 1000000000
39 184 1818 5000 8192 0 1000000000
204 101 10116 5000 8192 0 1000000000
84 187 4342 5000 8192 0 1000000000
238 44 12088 5000 8192 0 1000000000
155 14 7596 5000 8192 0 1000000000
16 156 803 5000 8192 0 1000000000
236 121 11961 5000 8192 0 1000000000
125 109 6067 5000 8192 0 1000000000
155 284 7634 5000 8192 0 1000000000
57 280 2794 5000 8192 0 1000000000
312 184 15964 5000 8192 0 1000000000
116 191 5628 5000 8192 0 1000000000
302 243 15409 5000 8192 0 1000000000
123 19 5951 5000 8192 0 1000000000
4 271 199 5000 8192 0 1000000000
252 185 12841 5000 8192 0 1000000000
245 195 12506 5000 8192 0 1000000000
235 16 11925 5000 8192 0 1000000000
168 57 8299 5000 8192 0 1000000000
152 210 7522 5000 8192 0 1000000000
198 68 9872 5000 8192 0 1000000000
257 227 16358 5000 16777216 1 1000000000
167 130 8244 5000 8192 0 1000000000
211 181 10496 5000 8192 0 1000000000
264 265 13390 5000 8192 0 1000000000
20 256 1010 5000 8192 0 1000000000
16 195 790 5000 8192 0 1000000000
205 96 10170 5000 8192 0 1000000000
51 159 2471 5000 8192 0 1000000000
255 136 12961 5000 8192 0 1000000000
265 74 13450 5000 8192 0 1000000000
61 305 3007 5000 8192 0 1000000000
137 36 6724 5000 8192 0 1000000000
114 55 5545 5000 8192 0 1000000000
87 110 4471 5000 8192 0 1000000000
113 71 5441 5000 8192 0 1000000000
195 86 9645 5000 8192 0 1000000000
108 159 5122 5000 8192 0 1000000000
73 284 3762 5000 8192 0 1000000000
164 115 8160 5000 8192 0 1000000000
112 316 5374 5000 8192 0 1000000000
310 244 15949 5000 8192 0 1000000000
281 11 14308 5000 8192 0 1000000000
197 284 9810 5000 8192 0 1000000000
219 117 11010 5000 8192 0 1000000000
221 256 11104 5000 8192 0 1000000000
296 109 15146 5000 8192 0 1000000000
126 281 6136 5000 8192 0 1000000000
315 225 16121 5000 8192 0 1000000000
266 127 13501 5000 8192 0 1000000000
56 170 2713 5000 8192 0 1000000000
121 140 5897 5000 8192 0 1000000000
159 34 7843 5000 8192 0 1000000000
223 19 11289 5000 8192 0 1000000000
284 226 14446 5000 8192 0 1000000000
63 235 3151 5000 8192 0 1000000000
223 23 11287 5000 8192 0 1000000000
28 284 1391 5000 8192 0 1000000000
143 26 7051 5000 8192 0 1000000000
81 13 4132 5000 8192 0 1000000000
59 27 2934 5000 8192 0 1000000000
268 144 13587 5000 8192 0 1000000000
185 132 9103 5000 8192 0 1000000000
62 41 3087 5000 8192 0 1000000000
144 157 7142 5000 8192 0 1000000000
211 14 10521 5000 8192 0 1000000000
39 132 1795 5000 8192 0 1000000000
183 111 8967 5000 8192 0 1000000000
27 16 1294 5000 8192 0 1000000000
238 173 12063 5000 8192 0 1000000000
302 43 15404 5000 8192 0 1000000000
52 169 2514 5000 8192 0 1000000000
17 168 893 5000 8192 0 1000000000
40 151 1893 5000 8192 0 1000000000
210 244 10420 5000 8192 0 1000000000
89 157 16355 5000 16777216 1 1000000000
201 46 9903 5000 8192 0 1000000000
217 272 10874 5000 8192 0 1000000000
130 299 6443 5000 8192 0 1000000000
156 176 7669 5000 8192 0 1000000000
264 253 13338 5000 8192 0 1000000000
176 29 8696 5000 8192 0 1000000000
84 152 4297 5000 8192 0 1000000000
276 243 14004 5000 8192 0 1000000000
271 11 13787 5000 8192 0 1000000000
83 224 4256 5000 8192 0 1000000000
152 208 7495 5000 8192 0 1000000000
59 144 2890 5000 8192 0 1000000000
269 311 13660 5000 8192 0 1000000000
27 96 1303 5000 8192 0 1000000000
123 261 5981 5000 8192 0 1000000000
287 261 14640 5000 8192 0 1000000000
84 134 4333 5000 8192 0 1000000000
80 146 4073 5000 8192 0 1000000000
112 116 5381 5000 8192 0 1000000000
291 156 14897 5000 8192 0 1000000000
110 81 5280 5000 8192 0 1000000000
36 153 1742 5000 8192 0 1000000000
221 223 11132 5000 8192 0 1000000000
79 143 3976 5000 8192 0 1000000000
55 112 2627 5000 8192 0 1000000000
1 170 16390 5000 16777216 1 1000000000
236 20 11981 5000 8192 0 1000000000
281 29 14330 5000 8192 0 1000000000
232 205 11732 5000 8192 0 1000000000
285 205 14533 5000 8192 0 1000000000
205 15 10183 5000 8192 0 1000000000
144 36 7117 5000 8192 0 1000000000
45 304 2225 5000 8192 0 1000000000
41 59 1976 5000 8192 0 1000000000
24 268 1277 5000 8192 0 1000000000
185 269 9104 5000 8192 0 1000000000
90 172 4478 5000 8192 0 1000000000
183 307 8978 5000 8192 0 1000000000
269 307 13668 5000 8192 0 1000000000
209 63 10357 5000 8192 0 1000000000
149 90 7354 5000 8192 0 1000000000
236 300 11983 5000 8192 0 1000000000
221 308 11157 5000 8192 0 1000000000
161 45 7934 5000 8192 0 1000000000
202 220 10016 5000 8192 0 1000000000
188 127 9251 5000 8192 0 1000000000
101 247 4860 5000 8192 0 1000000000
266 301 13489 5000 8192 0 1000000000
249 158 12789 5000 8192 0 1000000000
265 56 13445 5000 8192 0 1000000000
39 251 1796 5000 8192 0 1000000000
270 177 13765 5000 8192 0 1000000000
264 105 13388 5000 8192 0 1000000000
116 33 5627 5000 8192 0 1000000000
267 141 13581 5000 8192 0 1000000000
101 106 4894 5000 8192 0 1000000000
105 263 16353 5000 16777216 1 1000000000
63 155 3184 5000 8192 0 1000000000
29 222 1462 5000 8192 0 1000000000
149 143 7371 5000 8192 0 1000000000
14 284 644 5000 8192 0 1000000000
98 48 4804 5000 8192 0 1000000000
237 43 12056 5000 8192 0 1000000000
115 77 5600 5000 8192 0 1000000000
246 102 12623 5000 8192 0 1000000000
123 198 5984 5000 8192 0 1000000000
91 280 4594 5000 8192 0 1000000000
31 43 1585 5000 8192 0 1000000000
248 292 12759 5000 8192 0 1000000000
285 246 14513 5000 8192 0 1000000000
126 47 6156 5000 8192 0 1000000000
309 59 15885 5000 8192 0 1000000000
178 61 8806 5000 8192 0 1000000000
238 168 12068 5000 8192 0 1000000000
113 58 5437 5000 8192 0 1000000000
109 308 5175 5000 8192 0 1000000000
104 278 4984 5000 8192 0 1000000000
41 165 1928 5000 8192 0 1000000000
236 136 11992 5000 8192 0 1000000000
2 179 95 5000 8192 0 1000000000
286 242 14589 5000 8192 0 1000000000
68 112 3491 5000 8192 0 1000000000
97 126 4745 5000 8192 0 1000000000
52 18 2512 5000 8192 0 1000000000
176 149 8723 5000 8192 0 1000000000
154 294 16453 5000 16777216 1 1000000000
145 217 7178 5000 8192 0 1000000000
231 240 11666 5000 8192 0 1000000000
318 154 16207 5000 8192 0 1000000000
138 312 6786 5000 8192 0 1000000000
91 313 4586 5000 8192 0 1000000000
208 306 10319 5000 8192 0 1000000000
293 41 15039 5000 8192 0 1000000000
98 185 4797 5000 8192 0 1000000000
107 153 5101 5000 8192 0 1000000000
237 95 12046 5000 8192 0 1000000000
0 90 30 5000 8192 0 1000000000
296 106 15171 5000 8192 0 1000000000
47 291 2297 5000 8192 0 1000000000
55 211 2655 5000 8192 0 1000000000
164 315 8119 5000 8192 0 1000000000
152 277 7523 5000 8192 0 1000000000
112 273 5401 5000 8192 0 1000000000
201 197 9906 5000 8192 0 1000000000
110 204 5252 5000 8192 0 1000000000
191 286 9502 5000 8192 0 1000000000
163 56 8087 5000 8192 0 1000000000
281 43 14302 5000 8192 0 1000000000
211 259 10469 5000 8192 0 1000000000
258 20 13052 5000 8192 0 1000000000
111 207 5357 5000 8192 0 1000000000
142 34 6981 5000 8192 0 1000000000
22 9 1125 5000 8192 0 1000000000
55 287 2662 5000 8192 0 1000000000
309 276 15826 5000 8192 0 1000000000
158 211 7723 5000 8192 0 1000000000
203 36 10078 5000 8192 0 1000000000
138 170 6829 5000 8192 0 1000000000
118 189 5778 5000 8192 0 1000000000
231 116 11632 5000 8192 0 1000000000
104 192 4995 5000 8192 0 1000000000
15 275 708 5000 8192 0 1000000000
68 279 3500 5000 8192 0 1000000000
158 256 7758 5000 8192 0 1000000000
212 211 10559 5000 8192 0 1000000000
197 93 9788 5000 8192 0 1000000000
149 94 7352 5000 8192 0 1000000000
224 262 11329 5000 8192 0 1000000000
307 297 15750 5000 8192 0 1000000000
215 315 10750 5000 8192 0 1000000000
213 168 10638 5000 8192 0 1000000000
104 164 5004 5000 8192 0 1000000000
248 188 12729 5000 8192 0 1000000000
319 268 16329 5000 8192 0 1000000000
281 136 14329 5000 8192 0 1000000000
20 51 981 5000 8192 0 1000000000
40 196 1874 5000 8192 0 1000000000
13 109 637 5000 8192 0 1000000000
67 260 3448 5000 8192 0 1000000000
316 133 16143 5000 8192 0 1000000000
181 141 8896 5000 8192 0 1000000000
191 239 9451 5000 8192 0 1000000000
128 135 6286 5000 8192 0 1000000000
179 247 8869 5000 8192 0 1000000000
56 104 2737 5000 8192 0 1000000000
238 26 12059 5000 8192 0 1000000000
176 305 8711 5000 8192 0 1000000000
285 14 14497 5000 8192 0 1000000000
245 99 12553 5000 8192 0 1000000000
228 26 16516 5000 16777216 1 1000000000
3 11 134 5000 8192 0 1000000000
49 214 2310 5000 8192 0 1000000000
142 108 6985 5000 8192 0 1000000000
262 292 13286 5000 8192 0 1000000000
238 276 12074 5000 8192 0 1000000000
255 233 12967 5000 8192 0 1000000000
50 148 2421 5000 8192 0 1000000000
194 43 9614 5000 8192 0 1000000000
285 244 14540 5000 8192 0 1000000000
56 226 2691 5000 8192 0 1000000000
215 304 10780 5000 8192 0 1000000000
219 135 11011 5000 8192 0 1000000000
44 189 2116 5000 8192 0 1000000000
235 30 11914 5000 8192 0 1000000000
85 50 4382 5000 8192 0 1000000000
169 139 8418 5000 8192 0 1000000000
175 149 8637 5000 8192 0 1000000000
313 115 16040 5000 8192 0 1000000000
217 73 10907 5000 8192 0 1000000000
239 159 12150 5000 8192 0 1000000000
174 234 8577 5000 8192 0 1000000000
16 258 802 5000 8192 0 1000000000
149 307 7379 5000 8192 0 1000000000
141 71 6909 5000 8192 0 1000000000
95 195 4691 5000 8192 0 1000000000
68 77 3493 5000 8192 0 1000000000
222 143 11219 5000 8192 0 1000000000
315 126 16128 5000 8192 0 1000000000
261 315 13234 5000 8192 0 1000000000
234 95 11830 5000 8192 0 1000000000
123 171 5945 5000 8192 0 1000000000
127 162 6233 5000 8192 0 1000000000
161 247 7949 5000 8192 0 1000000000
55 204 2668 5000 8192 0 1000000000
49 158 2346 5000 8192 0 1000000000
284 99 14450 5000 8192 0 1000000000
285 208 14500 5000 8192 0 1000000000
142 92 6988 5000 8192 0 1000000000
278 236 14096 5000 8192 0 1000000000
14 88 699 5000 8192 0 1000000000
159 40 7787 5000 8192 0 1000000000
183 79 8960 5000 8192 0 1000000000
136 100 6695 5000 8192 0 1000000000
113 164 5490 5000 8192 0 1000000000
236 96 11984 5000 8192 0 1000000000
20 202 1019 5000 8192 0 1000000000
270 250 13754 5000 8192 0 1000000000
76 34 3849 5000 8192 0 1000000000
32 221 1657 5000 8192 0 1000000000
309 37 15877 5000 8192 0 1000000000
246 98 12615 5000 8192 0 1000000000
305 31 15599 5000 8192 0 1000000000
213 287 10602 5000 8192 0 1000000000
109 14 5211 5000 8192 0 1000000000
185 25 9067 5000 8192 0 1000000000
155 49 7603 5000 8192 0 1000000000
241 128 12291 5000 8192 0 1000000000
121 50 5884 5000 8192 0 1000000000
44 236 2147 5000 8192 0 1000000000
67 223 3387 5000 8192 0 1000000000
310 237 15945 5000 8192 0 1000000000
271 90 13809 5000 8192 0 1000000000
114 207 5530 5000 8192 0 1000000000
296 78 15129 5000 8192 0 1000000000
300 185 15315 5000 8192 0 1000000000
40 167 1866 5000 8192 0 1000000000
12 243 513 5000 8192 0 1000000000
296 206 15170 5000 8192 0 1000000000
215 207 10761 5000 8192 0 1000000000
21 14 1031 5000 8192 0 1000000000
135 28 6579 5000 8192 0 1000000000
101 250 4898 5000 8192 0 1000000000
268 260 13635 5000 8192 0 1000000000
113 90 5442 5000 8192 0 1000000000
188 240 9308 5000 8192 0 1000000000
158 264 7752 5000 8192 0 1000000000
244 114 12476 5000 8192 0 1000000000
6 89 273 5000 8192 0 1000000000
168 217 8340 5000 8192 0 1000000000
108 195 5123 5000 8192 0 1000000000
160 186 7898 5000 8192 0 1000000000
206 160 10220 5000 8192 0 1000000000
226 215 11427 5000 8192 0 1000000000
264 105 13358 5000 8192 0 1000000000
58 9 2861 5000 8192 0 1000000000
224 200 11348 5000 8192 0 1000000000
167 253 8282 5000 8192 0 1000000000
167 275 8233 5000 8192 0 1000000000
66 26 3349 5000 8192 0 1000000000
224 116 11298 5000 8192 0 1000000000
42 55 2015 5000 8192 0 1000000000
27 315 1338 5000 8192 0 1000000000
127 297 6239 5000 8192 0 1000000000
235 80 11921 5000 8192 0 1000000000
97 41 4772 5000 8192 0 1000000000
7 54 329 5000 8192 0 1000000000
319 198 16301 5000 8192 0 1000000000
0 210 39 5000 8192 0 1000000000
215 26 10765 5000 8192 0 1000000000
119 121 5844 5000 8192 0 1000000000
134 154 6526 5000 8192 0 1000000000
265 42 13431 5000 8192 0 1000000000
110 203 5289 5000 8192 0 1000000000
264 133 13334 5000 8192 0 1000000000
196 155 9725 5000 8192 0 1000000000
193 218 9557 5000 8192 0 1000000000
289 262 14796 5000 8192 0 1000000000
131 305 6500 5000 8192 0 1000000000
30 120 1517 5000 8192 0 1000000000
174 140 8588 5000 8192 0 1000000000
0 223 33 5000 8192 0 1000000000
286 51 14601 5000 8192 0 1000000000
24 255 1246 5000 8192 0 1000000000
197 240 9772 5000 8192 0 1000000000
193 103 9555 5000 8192 0 1000000000
128 254 6283 5000 8192 0 1000000000
262 64 13318 5000 8192 0 1000000000
6 319 308 5000 8192 0 1000000000
181 93 8889 5000 8192 0 1000000000
9 55 502 5000 8192 0 1000000000
241 268 12271 5000 8192 0 1000000000
58 72 2820 5000 8192 0 1000000000
306 11 15683 5000 8192 0 1000000000
28 281 1384 5000 8192 0 1000000000
51 69 2445 5000 8192 0 1000000000
80 243 4075 5000 8192 0 1000000000
57 150 2810 5000 8192 0 1000000000
277 96 14085 5000 8192 0 1000000000
291 118 14886 5000 8192 0 1000000000
65 284 3272 5000 8192 0 1000000000
189 173 9333 5000 8192 0 1000000000
304 286 15506 5000 8192 0 1000000000
262 161 13289 5000 8192 0 1000000000
221 149 11145 5000 8192 0 1000000000
144 88 7096 5000 8192 0 1000000000
271 257 13802 5000 8192 0 1000000000
306 270 15678 5000 8192 0 1000000000
142 148 6995 5000 8192 0 1000000000
270 134 13714 5000 8192 0 1000000000
112 206 5419 5000 8192 0 1000000000
189 180 9347 5000 8192 0 1000000000
9 153 463 5000 8192 0 1000000000
167 87 8240 5000 8192 0 1000000000
194 137 9624 5000 8192 0 1000000000
24 162 1228 5000 8192 0 1000000000
114 145 5534 5000 8192 0 1000000000
188 81 9306 5000 8192 0 1000000000
178 233 8766 5000 8192 0 1000000000
149 68 7366 5000 8192 0 1000000000
15 21 717 5000 8192 0 1000000000
160 222 7860 5000 8192 0 1000000000
31 108 1557 5000 8192 0 1000000000
40 11 1876 5000 8192 0 1000000000
4 271 236 5000 8192 0 1000000000
125 245 6070 5000 8192 0 1000000000
225 90 11381 5000 8192 0 1000000000
145 34 7210 5000 8192 0 1000000000
116 218 5669 5000 8192 0 1000000000
179 147 8858 5000 8192 0 1000000000
243 134 12412 5000 8192 0 1000000000
13 10 586 5000 8192 0 1000000000
44 11 2168 5000 8192 0 1000000000
148 153 7307 5000 8192 0 1000000000
319 56 16322 5000 8192 0 1000000000
178 184 8793 5000 8192 0 1000000000
211 186 10492 5000 8192 0 1000000000
91 149 4539 5000 8192 0 1000000000
236 118 11976 5000 8192 0 1000000000
164 9 8156 5000 8192 0 1000000000
161 68 7954 5000 8192 0 1000000000
119 78 5869 5000 8192 0 1000000000
186 257 9165 5000 8192 0 1000000000
102 228 4934 5000 8192 0 1000000000
76 231 3880 5000 8192 0 1000000000
82 44 4184 5000 8192 0 1000000000
230 272 11584 5000 8192 0 1000000000
55 131 2621 5000 8192 0 1000000000
68 70 3510 5000 8192 0 1000000000
55 307 2642 5000 8192 0 1000000000
282 0 14358 5000 8192 0 1000000000
65 268 3273 5000 8192 0 1000000000
136 55 6648 5000 8192 0 1000000000
319 122 16291 5000 8192 0 1000000000
145 298 7203 5000 8192 0 1000000000
111 237 5312 5000 8192 0 1000000000
233 138 11786 5000 8192 0 1000000000
52 159 2517 5000 8192 0 1000000000
266 75 13477 5000 8192 0 1000000000
101 138 4878 5000 8192 0 1000000000
80 146 4085 5000 8192 0 1000000000
155 140 7649 5000 8192 0 1000000000
308 28 15817 5000 8192 0 1000000000
6 67 298 5000 8192 0 1000000000
262 219 13292 5000 8192 0 1000000000
2 256 80 5000 8192 0 1000000000
142 317 6991 5000 8192 0 1000000000
126 293 6169 5000 8192 0 1000000000
59 178 2933 5000 8192 0 1000000000
174 266 8562 5000 8192 0 1000000000
12 146 526 5000 8192 0 1000000000
52 39 2506 5000 8192 0 1000000000
298 199 15250 5000 8192 0 1000000000
158 212 7734 5000 8192 0 1000000000
7 162 349 5000 8192 0 1000000000
277 73 14033 5000 8192 0 1000000000
161 298 7942 5000 8192 0 1000000000
44 139 2130 5000 8192 0 1000000000
76 318 3855 5000 8192 0 1000000000
306 255 15668 5000 8192 0 1000000000
40 52 1885 5000 8192 0 1000000000
199 48 16396 5000 16777216 1 1000000000
42 84 2020 5000 8192 0 1000000000
292 28 14980 5000 8192 0 1000000000
62 45 3084 5000 8192 0 1000000000
282 54 14378 5000 8192 0 1000000000
58 0 2873 5000 8192 0 1000000000
73 162 3743 5000 8192 0 1000000000
130 315 6438 5000 8192 0 1000000000
196 87 9717 5000 8192 0 1000000000
194 264 9600 5000 8192 0 1000000000
161 159 7926 5000 8192 0 1000000000
203 60 10055 5000 8192 0 1000000000
71 246 3704 5000 8192 0 1000000000
170 94 16428 5000 16777216 1 1000000000
76 173 3886 5000 8192 0 1000000000
243 51 12413 5000 8192 0 1000000000
66 239 3370 5000 8192 0 1000000000
130 301 6391 5000 8192 0 1000000000
173 158 8507 5000 8192 0 1000000000
310 279 15941 5000 8192 0 1000000000
269 309 13685 5000 8192 0 1000000000
82 157 4206 5000 8192 0 1000000000
149 192 7345 5000 8192 0 1000000000
288 41 14712 5000 8192 0 1000000000
236 238 11936 5000 8192 0 1000000000
49 282 2332 5000 8192 0 1000000000
279 302 14195 5000 8192 0 1000000000
138 43 6826 5000 8192 0 1000000000
187 184 9229 5000 8192 0 1000000000
17 235 892 5000 8192 0 1000000000
142 172 6968 5000 8192 0 1000000000
241 186 12283 5000 8192 0 1000000000
156 55 7709 5000 8192 0 1000000000
315 69 16116 5000 8192 0 1000000000
286 22 14580 5000 8192 0 1000000000
255 178 12965 5000 8192 0 1000000000
35 118 1710 5000 8192 0 1000000000
87 266 4456 5000 8192 0 1000000000
213 150 10598 5000 8192 0 1000000000
61 233 3020 5000 8192 0 1000000000
62 22 3118 5000 8192 0 1000000000
82 42 4190 5000 8192 0 1000000000
297 116 15201 5000 8192 0 1000000000
225 252 11369 5000 8192 0 1000000000
265 189 13453 5000 8192 0 1000000000
60 237 2974 5000 8192 0 1000000000
159 281 7840 5000 8192 0 1000000000
212 242 10547 5000 8192 0 1000000000
41 187 1942 5000 8192 0 1000000000
95 206 4723 5000 8192 0 1000000000
87 72 4437 5000 8192 0 1000000000
289 256 14749 5000 8192 0 1000000000
149 145 7343 5000 8192 0 1000000000
148 136 7311 5000 8192 0 1000000000
58 113 2830 5000 8192 0 1000000000
101 64 4870 5000 8192 0 1000000000
221 299 11151 5000 8192 0 1000000000
9 124 465 5000 8192 0 1000000000
229 133 11521 5000 8192 0 1000000000
191 139 9477 5000 8192 0 1000000000
295 218 15101 5000 8192 0 1000000000
159 156 7826 5000 8192 0 1000000000
193 92 9565 5000 8192 0 1000000000
98 120 4815 5000 8192 0 1000000000
282 160 14353 5000 8192 0 1000000000
60 183 2958 5000 8192 0 1000000000
274 173 13961 5000 8192 0 1000000000
245 192 12520 5000 8192 0 1000000000
174 90 8613 5000 8192 0 1000000000
219 248 10986 5000 8192 0 1000000000
221 31 11112 5000 8192 0 1000000000
140 200 6866 5000 8192 0 1000000000
229 303 11529 5000 8192 0 1000000000
258 307 13058 5000 8192 0 1000000000
202 234 9996 5000 8192 0 1000000000
22 280 1123 5000 8192 0 1000000000
278 169 14142 5000 8192 0 1000000000
85 147 4378 5000 8192 0 1000000000
29 170 1440 5000 8192 0 1000000000
226 136 11422 5000 8192 0 1000000000
262 190 13315 5000 8192 0 1000000000
95 209 4666 5000 8192 0 1000000000
147 118 7258 5000 8192 0 1000000000
272 94 13853 5000 8192 0 1000000000
131 291 6456 5000 8192 0 1000000000
195 161 9644 5000 8192 0 1000000000
12 76 569 5000 8192 0 1000000000
76 27 3873 5000 8192 0 1000000000
259 216 13084 5000 8192 0 1000000000
142 227 6970 5000 8192 0 1000000000
298 288 15279 5000 8192 0 1000000000
245 214 12541 5000 8192 0 1000000000
59 133 2929 5000 8192 0 1000000000
148 82 7329 5000 8192 0 1000000000
147 118 7226 5000 8192 0 1000000000
205 312 10206 5000 8192 0 1000000000
304 222 15527 5000 8192 0 1000000000
70 147 3605 5000 8192 0 1000000000
125 273 6080 5000 8192 0 1000000000
84 287 4301 5000 8192 0 1000000000
130 294 6384 5000 8192 0 1000000000
309 171 15849 5000 8192 0 1000000000
27 150 1326 5000 8192 0 1000000000
101 207 4883 5000 8192 0 1000000000
211 150 10504 5000 8192 0 1000000000
79 117 4014 5000 8192 0 1000000000
308 40 15818 5000 8192 0 1000000000
246 154 12589 5000 8192 0 1000000000
149 229 7376 5000 8192 0 1000000000
44 3 2156 5000 8192 0 1000000000
125 154 6068 5000 8192 0 1000000000
81 122 4150 5000 8192 0 1000000000
65 260 3298 5000 8192 0 1000000000
81 164 4108 5000 8192 0 1000000000
131 278 6452 5000 8192 0 1000000000
108 139 5114 5000 8192 0 1000000000
17 44 857 5000 8192 0 1000000000
126 209 6184 5000 8192 0 1000000000
234 207 11822 5000 8192 0 1000000000
149 150 7395 5000 8192 0 1000000000
168 9 8325 5000 8192 0 1000000000
76 218 3856 5000 8192 0 1000000000
140 170 6855 5000 8192 0 1000000000
102 170 4927 5000 8192 0 1000000000
107 305 5071 5000 8192 0 1000000000
313 227 16023 5000 8192 0 1000000000
82 256 4172 5000 8192 0 1000000000
126 165 6137 5000 8192 0 1000000000
203 182 10037 5000 8192 0 1000000000
57 289 2777 5000 8192 0 1000000000
271 208 13783 5000 8192 0 1000000000
241 258 12255 5000 8192 0 1000000000
295 71 15113 5000 8192 0 1000000000
23 217 1207 5000 8192 0 1000000000
238 54 12093 5000 8192 0 1000000000
21 143 1028 5000 8192 0 1000000000
84 182 4325 5000 8192 0 1000000000
169 99 8405 5000 8192 0 1000000000
15 20 707 5000 8192 0 1000000000
67 218 3416 5000 8192 0 1000000000
84 113 4293 5000 8192 0 1000000000
145 10 7150 5000 8192 0 1000000000
290 307 14830 5000 8192 0 1000000000
235 91 11876 5000 8192 0 1000000000
123 276 5946 5000 8192 0 1000000000
0 269 6 5000 8192 0 1000000000
182 299 16504 5000 16777216 1 1000000000
185 201 9095 5000 8192 0 1000000000
183 158 8936 5000 8192 0 1000000000
184 211 9044 5000 8192 0 1000000000
307 115 15746 5000 8192 0 1000000000
188 28 9303 5000 8192 0 1000000000
262 271 13295 5000 8192 0 1000000000
312 141 16011 5000 8192 0 1000000000
117 21 5711 5000 8192 0 1000000000
169 157 8410 5000 8192 0 1000000000
187 122 9214 5000 8192 0 1000000000
29 208 1409 5000 8192 0 1000000000
143 112 7060 5000 8192 0 1000000000
70 225 3619 5000 8192 0 1000000000
118 239 5775 5000 8192 0 1000000000
236 90 11952 5000 8192 0 1000000000
104 160 4981 5000 8192 0 1000000000
8 314 436 5000 8192 0 1000000000
98 230 4821 5000 8192 0 1000000000
63 304 3179 5000 8192 0 1000000000
258 194 13060 5000 8192 0 1000000000
128 144 6284 5000 8192 0 1000000000
115 319 5589 5000 8192 0 1000000000
129 76 6381 5000 8192 0 1000000000
279 226 14169 5000 8192 0 1000000000
246 6 12605 5000 8192 0 1000000000
167 183 8237 5000 8192 0 1000000000
66 231 3333 5000 8192 0 1000000000
59 286 2897 5000 8192 0 1000000000
30 175 1473 5000 8192 0 1000000000
37 207 16498 5000 16777216 1 1000000000
260 65 13158 5000 8192 0 1000000000
84 255 4285 5000 8192 0 1000000000
50 23 2400 5000 8192 0 1000000000
80 162 4083 5000 8192 0 1000000000
241 288 12294 5000 8192 0 1000000000
163 193 8070 5000 8192 0 1000000000
21 293 1034 5000 8192 0 1000000000
59 100 2913 5000 8192 0 1000000000
315 128 16086 5000 8192 0 1000000000
260 61 13182 5000 8192 0 1000000000
289 109 14769 5000 8192 0 1000000000
163 90 8063 5000 8192 0 1000000000
229 310 11543 5000 8192 0 1000000000
23 293 1154 5000 8192 0 1000000000
195 44 9651 5000 8192 0 1000000000
173 138 8497 5000 8192 0 1000000000
54 138 2596 5000 8192 0 1000000000
169 137 8388 5000 8192 0 1000000000
91 239 4555 5000 8192 0 1000000000
212 144 10553 5000 8192 0 1000000000
232 134 11724 5000 8192 0 1000000000
54 285 2590 5000 8192 0 1000000000
85 290 4359 5000 8192 0 1000000000
232 40 11691 5000 8192 0 1000000000
104 310 5000 5000 8192 0 1000000000
141 200 6944 5000 8192 0 1000000000
42 33 2041 5000 8192 0 1000000000
113 241 5471 5000 8192 0 1000000000
273 77 16415 5000 16777216 1 1000000000
228 182 16395 5000 16777216 1 1000000000
255 278 12963 5000 8192 0 1000000000
187 131 9245 5000 8192 0 1000000000
238 319 12083 5000 8192 0 1000000000
40 308 1905 5000 8192 0 1000000000
97 209 4769 5000 8192 0 1000000000
98 300 4829 5000 8192 0 1000000000
85 36 4364 5000 8192 0 1000000000
303 226 15475 5000 8192 0 1000000000
214 245 10676 5000 8192 0 1000000000
52 209 2552 5000 8192 0 1000000000
288 274 14724 5000 8192 0 1000000000
87 127 4463 5000 8192 0 1000000000
298 233 15274 5000 8192 0 1000000000
130 236 6427 5000 8192 0 1000000000
295 272 15075 5000 8192 0 1000000000
125 278 6111 5000 8192 0 1000000000
106 105 16383 5000 16777216 1 1000000000
92 75 4618 5000 8192 0 1000000000
81 82 4149 5000 8192 0 1000000000
128 126 6300 5000 8192 0 1000000000
124 259 6061 5000 8192 0 1000000000
85 153 4401 5000 8192 0 1000000000
190 5 9385 5000 8192 0 1000000000
266 72 13469 5000 8192 0 1000000000
303 43 15501 5000 8192 0 1000000000
267 53 13565 5000 8192 0 1000000000
64 7 3224 5000 8192 0 1000000000
109 25 5225 5000 8192 0 1000000000
123 272 5948 5000 8192 0 1000000000
84 312 4309 5000 8192 0 1000000000
27 267 1290 5000 8192 0 1000000000
7 228 378 5000 8192 0 1000000000
249 299 12818 5000 8192 0 1000000000
66 204 3350 5000 8192 0 1000000000
161 87 7940 5000 8192 0 1000000000
179 130 8871 5000 8192 0 1000000000
145 196 7183 5000 8192 0 1000000000
108 129 5169 5000 8192 0 1000000000
211 91 10507 5000 8192 0 1000000000
297 140 15198 5000 8192 0 1000000000
62 41 3070 5000 8192 0 1000000000
65 217 3289 5000 8192 0 1000000000
45 9 2231 5000 8192 0 1000000000
246 138 12584 5000 8192 0 1000000000
95 35 4721 5000 8192 0 1000000000
12 260 528 5000 8192 0 1000000000
128 204 6297 5000 8192 0 1000000000
23 197 1199 5000 8192 0 1000000000
31 48 1586 5000 8192 0 1000000000
206 198 10223 5000 8192 0 1000000000
211 80 10501 5000 8192 0 1000000000
285 253 14492 5000 8192 0 1000000000
193 314 9532 5000 8192 0 1000000000
0 91 57 5000 8192 0 1000000000
67 148 3389 5000 8192 0 1000000000
123 42 5947 5000 8192 0 1000000000
234 16 11835 5000 8192 0 1000000000
57 35 2784 5000 8192 0 1000000000
4 190 203 5000 8192 0 1000000000
33 273 16493 5000 16777216 1 1000000000
164 245 8112 5000 8192 0 1000000000
160 195 7901 5000 8192 0 1000000000
252 204 12859 5000 8192 0 1000000000
67 133 3445 5000 8192 0 1000000000
284 252 14417 5000 8192 0 1000000000
173 216 8534 5000 8192 0 1000000000
183 133 8949 5000 8192 0 1000000000
223 90 11262 5000 8192 0 1000000000
82 209 4197 5000 8192 0 1000000000
206 183 10249 5000 8192 0 1000000000
197 8 9820 5000 8192 0 1000000000
21 101 1042 5000 8192 0 1000000000
290 252 14850 5000 8192 0 1000000000
15 240 736 5000 8192 0 1000000000
285 138 14525 5000 8192 0 1000000000
125 175 6102 5000 8192 0 1000000000
85 30 4395 5000 8192 0 1000000000
254 27 12922 5000 8192 0 1000000000
153 113 7556 5000 8192 0 1000000000
195 15 9683 5000 8192 0 1000000000
230 90 11555 5000 8192 0 1000000000
51 66 2462 5000 8192 0 1000000000
110 61 5243 5000 8192 0 1000000000
243 98 12380 5000 8192 0 1000000000
42 216 1998 5000 8192 0 1000000000
244 126 12477 5000 8192 0 1000000000
233 307 11752 5000 8192 0 1000000000
247 45 12672 5000 8192 0 1000000000
211 185 10468 5000 8192 0 1000000000
247 316 12632 5000 8192 0 1000000000
175 295 8676 5000 8192 0 1000000000
213 173 10619 5000 8192 0 1000000000
110 113 5281 5000 8192 0 1000000000
131 196 6459 5000 8192 0 1000000000
187 150 9193 5000 8192 0 1000000000
213 94 10646 5000 8192 0 1000000000
247 293 12670 5000 8192 0 1000000000
289 87 14786 5000 8192 0 1000000000
47 53 2268 5000 8192 0 1000000000
226 4 11434 5000 8192 0 1000000000
39 170 1824 5000 8192 0 1000000000
293 194 14997 5000 8192 0 1000000000
223 145 11265 5000 8192 0 1000000000
173 184 8504 5000 8192 0 1000000000
211 299 10493 5000 8192 0 1000000000
210 227 10423 5000 8192 0 1000000000
138 46 6781 5000 8192 0 1000000000
150 153 7436 5000 8192 0 1000000000
51 223 2433 5000 8192 0 1000000000
57 72 2754 5000 8192 0 1000000000
295 288 15091 5000 8192 0 1000000000
307 278 15735 5000 8192 0 1000000000
308 89 15760 5000 8192 0 1000000000
58 89 2852 5000 8192 0 1000000000
107 84 5084 5000 8192 0 1000000000
249 102 12775 5000 8192 0 1000000000
58 61 2854 5000 8192 0 1000000000
13 29 598 5000 8192 0 1000000000
4 275 217 5000 8192 0 1000000000
75 60 3806 5000 8192 0 1000000000
233 42 11783 5000 8192 0 1000000000
215 165 10754 5000 8192 0 1000000000
191 273 9474 5000 8192 0 1000000000
316 89 16190 5000 8192 0 1000000000
14 157 676 5000 8192 0 1000000000
173 235 8521 5000 8192 0 1000000000
276 179 14002 5000 8192 0 1000000000
64 103 3237 5000 8192 0 1000000000
274 123 13933 5000 8192 0 1000000000
124 5 6010 5000 8192 0 1000000000
255 3 12972 5000 8192 0 1000000000
62 140 3100 5000 8192 0 1000000000
229 166 11511 5000 8192 0 1000000000
247 161 12679 5000 8192 0 1000000000
40 298 1878 5000 8192 0 1000000000
65 29 3269 5000 8192 0 1000000000
280 101 14286 5000 8192 0 1000000000
97 53 4748 5000 8192 0 1000000000
90 119 4473 5000 8192 0 1000000000
111 194 5303 5000 8192 0 1000000000
102 68 4965 5000 8192 0 1000000000
150 167 7466 5000 8192 0 1000000000
44 41 2163 5000 8192 0 1000000000
260 228 13153 5000 8192 0 1000000000
102 183 4976 5000 8192 0 1000000000
221 297 11100 5000 8192 0 1000000000
144 118 7129 5000 8192 0 1000000000
128 87 6271 5000 8192 0 1000000000
240 174 12224 5000 8192 0 1000000000
113 41 5475 5000 8192 0 1000000000
236 118 11958 5000 8192 0 1000000000
43 145 2061 5000 8192 0 1000000000
78 318 3940 5000 8192 0 1000000000
193 178 9552 5000 8192 0 1000000000
202 204 9978 5000 8192 0 1000000000
187 263 9223 5000 8192 0 1000000000
220 27 11074 5000 8192 0 1000000000
78 146 3961 5000 8192 0 1000000000
286 295 14600 5000 8192 0 1000000000
27 80 1280 5000 8192 0 1000000000
101 90 4856 5000 8192 0 1000000000
131 78 6449 5000 8192 0 1000000000
65 23 3297 5000 8192 0 1000000000
254 65 12919 5000 8192 0 1000000000
127 28 6210 5000 8192 0 1000000000
291 276 14882 5000 8192 0 1000000000
110 27 5264 5000 8192 0 1000000000
169 257 8415 5000 8192 0 1000000000
58 166 2870 5000 8192 0 1000000000
290 272 14842 5000 8192 0 1000000000
51 206 2469 5000 8192 0 1000000000
168 83 8349 5000 8192 0 1000000000
212 96 10536 5000 8192 0 1000000000
187 30 9232 5000 8192 0 1000000000
9 301 480 5000 8192 0 1000000000
255 118 12971 5000 8192 0 1000000000
16 27 770 5000 8192 0 1000000000
64 92 3242 5000 8192 0 1000000000
292 260 14940 5000 8192 0 1000000000
148 316 7278 5000 8192 0 1000000000
303 121 15488 5000 8192 0 1000000000
300 25 15346 5000 8192 0 1000000000
228 46 16331 5000 16777216 1 1000000000
249 244 12820 5000 8192 0 1000000000
8 5 404 5000 8192 0 1000000000
224 52 11304 5000 8192 0 1000000000
92 163 4633 5000 8192 0 1000000000
176 260 8698 5000 8192 0 1000000000
102 252 4950 5000 8192 0 1000000000
193 102 9564 5000 8192 0 1000000000
87 210 4428 5000 8192 0 1000000000
176 29 8695 5000 8192 0 1000000000
7 237 358 5000 8192 0 1000000000
208 301 10290 5000 8192 0 1000000000
147 2 7261 5000 8192 0 1000000000
61 151 3038 5000 8192 0 1000000000
308 226 15797 5000 8192 0 1000000000
287 109 14635 5000 8192 0 1000000000
130 186 6403 5000 8192 0 1000000000
319 247 16268 5000 8192 0 1000000000
304 137 15553 5000 8192 0 1000000000
81 248 4151 5000 8192 0 1000000000
115 79 5618 5000 8192 0 1000000000
59 204 2906 5000 8192 0 1000000000
261 103 13258 5000 8192 0 1000000000
183 20 8948 5000 8192 0 1000000000
47 24 2295 5000 8192 0 1000000000
236 185 11978 5000 8192 0 1000000000
252 101 12873 5000 8192 0 1000000000
284 180 14468 5000 8192 0 1000000000
244 212 12463 5000 8192 0 1000000000
18 119 954 5000 8192 0 1000000000
144 152 7146 5000 8192 0 1000000000
287 259 14665 5000 8192 0 1000000000
0 5 47 5000 8192 0 1000000000
92 209 4663 5000 8192 0 1000000000
243 205 12422 5000 8192 0 1000000000
40 277 1865 5000 8192 0 1000000000
149 131 7355 5000 8192 0 1000000000
309 265 15831 5000 8192 0 1000000000
243 6 12424 5000 8192 0 1000000000
109 29 5180 5000 8192 0 1000000000
234 249 11842 5000 8192 0 1000000000
117 91 5694 5000 8192 0 1000000000
116 224 5671 5000 8192 0 1000000000
312 43 15991 5000 8192 0 1000000000
195 249 9637 5000 8192 0 1000000000
213 185 10649 5000 8192 0 1000000000
233 110 11784 5000 8192 0 1000000000
240 74 12231 5000 8192 0 1000000000
216 16 10807 5000 8192 0 1000000000
290 168 14860 5000 8192 0 1000000000
75 102 3775 5000 8192 0 1000000000
137 294 6716 5000 8192 0 1000000000
185 81 9076 5000 8192 0 1000000000
110 91 5251 5000 8192 0 1000000000
216 131 10782 5000 8192 0 1000000000
92 109 4616 5000 8192 0 1000000000
73 148 3711 5000 8192 0 1000000000
159 93 7815 5000 8192 0 1000000000
54 74 2592 5000 8192 0 1000000000
230 206 11591 5000 8192 0 1000000000
85 198 4347 5000 8192 0 1000000000
75 179 3829 5000 8192 0 1000000000
305 9 15622 5000 8192 0 1000000000
289 245 14747 5000 8192 0 1000000000
184 274 9057 5000 8192 0 1000000000
149 244 7344 5000 8192 0 1000000000
209 305 10342 5000 8192 0 1000000000
75 25 3824 5000 8192 0 1000000000
310 223 15924 5000 8192 0 1000000000
223 108 11282 5000 8192 0 1000000000
164 49 8148 5000 8192 0 1000000000
233 135 11748 5000 8192 0 1000000000
124 223 6055 5000 8192 0 1000000000
161 95 7937 5000 8192 0 1000000000
63 291 3173 5000 8192 0 1000000000
295 24 15086 5000 8192 0 1000000000
115 127 5602 5000 8192 0 1000000000
128 143 6307 5000 8192 0 1000000000
225 287 11408 5000 8192 0 1000000000
28 5 1347 5000 8192 0 1000000000
307 228 15696 5000 8192 0 1000000000
121 259 5895 5000 8192 0 1000000000
189 142 9317 5000 8192 0 1000000000
29 102 1433 5000 8192 0 1000000000
125 62 6097 5000 8192 0 1000000000
279 7 14189 5000 8192 0 1000000000
232 44 11678 5000 8192 0 1000000000
217 252 10905 5000 8192 0 1000000000
190 302 9400 5000 8192 0 1000000000
165 240 8198 5000 8192 0 1000000000
236 196 11950 5000 8192 0 1000000000
201 82 9944 5000 8192 0 1000000000
302 145 15387 5000 8192 0 1000000000
277 89 14073 5000 8192 0 1000000000
182 170 16459 5000 16777216 1 1000000000
219 59 10999 5000 8192 0 1000000000
281 59 14324 5000 8192 0 1000000000
130 168 6422 5000 8192 0 1000000000
193 151 9538 5000 8192 0 1000000000
20 66 987 5000 8192 0 1000000000
6 129 316 5000 8192 0 1000000000
91 199 4552 5000 8192 0 1000000000
309 123 15829 5000 8192 0 1000000000
32 191 1601 5000 8192 0 1000000000
125 75 6075 5000 8192 0 1000000000
124 290 6019 5000 8192 0 1000000000
229 275 11507 5000 8192 0 1000000000
296 116 15131 5000 8192 0 1000000000
302 204 15402 5000 8192 0 1000000000
225 42 11406 5000 8192 0 1000000000
195 263 9673 5000 8192 0 1000000000
313 304 16072 5000 8192 0 1000000000
104 173 5042 5000 8192 0 1000000000
172 161 8425 5000 8192 0 1000000000
141 262 6936 5000 8192 0 1000000000
205 72 10201 5000 8192 0 1000000000
58 26 2826 5000 8192 0 1000000000
205 218 10197 5000 8192 0 1000000000
308 134 15791 5000 8192 0 1000000000
231 152 11618 5000 8192 0 1000000000
198 113 9858 5000 8192 0 1000000000
241 132 12268 5000 8192 0 1000000000
280 293 14250 5000 8192 0 1000000000
246 203 12627 5000 8192 0 1000000000
204 171 10136 5000 8192 0 1000000000
50 235 2365 5000 8192 0 1000000000
137 27 6739 5000 8192 0 1000000000
279 290 14188 5000 8192 0 1000000000
12 314 516 5000 8192 0 1000000000
61 139 3064 5000 8192 0 1000000000
309 252 15859 5000 8192 0 1000000000
312 0 15984 5000 8192 0 1000000000
75 35 3802 5000 8192 0 1000000000
121 22 5889 5000 8192 0 1000000000
16 243 819 5000 8192 0 1000000000
281 214 14328 5000 8192 0 1000000000
42 45 2004 5000 8192 0 1000000000
226 130 11474 5000 8192 0 1000000000
65 298 3293 5000 8192 0 1000000000
36 144 1753 5000 8192 0 1000000000
255 144 12966 5000 8192 0 1000000000
27 279 1317 5000 8192 0 1000000000
206 76 10260 5000 8192 0 1000000000
289 116 14798 5000 8192 0 1000000000
316 49 16154 5000 8192 0 1000000000
14 291 677 5000 8192 0 1000000000
307 136 15698 5000 8192 0 1000000000
307 33 15743 5000 8192 0 1000000000
8 141 432 5000 8192 0 1000000000
214 219 10686 5000 8192 0 1000000000
176 247 8737 5000 8192 0 1000000000
101 98 4891 5000 8192 0 1000000000
252 210 12870 5000 8192 0 1000000000
247 132 12652 5000 8192 0 1000000000
280 28 14238 5000 8192 0 1000000000
213 166 10637 5000 8192 0 1000000000
266 152 13509 5000 8192 0 1000000000
4 244 244 5000 8192 0 1000000000
56 44 2707 5000 8192 0 1000000000
225 299 11387 5000 8192 0 1000000000
18 69 900 5000 8192 0 1000000000
174 165 8553 5000 8192 0 1000000000
111 259 5334 5000 8192 0 1000000000
149 246 7351 5000 8192 0 1000000000
315 62 16140 5000 8192 0 1000000000
148 42 7300 5000 8192 0 1000000000
29 44 1425 5000 8192 0 1000000000
30 104 1504 5000 8192 0 1000000000
172 174 8481 5000 8192 0 1000000000
185 259 9063 5000 8192 0 1000000000
274 47 13937 5000 8192 0 1000000000
304 54 15519 5000 8192 0 1000000000
47 131 2263 5000 8192 0 1000000000
244 208 12450 5000 8192 0 1000000000
223 105 11285 5000 8192 0 1000000000
312 164 16008 5000 8192 0 1000000000
161 113 7939 5000 8192 0 1000000000
150 122 7447 5000 8192 0 1000000000
194 7 9577 5000 8192 0 1000000000
272 155 13901 5000 8192 0 1000000000
213 45 10610 5000 8192 0 1000000000
55 103 2628 5000 8192 0 1000000000
248 117 12747 5000 8192 0 1000000000
290 141 14820 5000 8192 0 1000000000
264 120 13386 5000 8192 0 1000000000
35 300 1715 5000 8192 0 1000000000
42 61 2035 5000 8192 0 1000000000
259 262 13128 5000 8192 0 1000000000
289 255 14766 5000 8192 0 1000000000
281 100 14322 5000 8192 0 1000000000
249 61 12770 5000 8192 0 1000000000
249 167 12812 5000 8192 0 1000000000
274 58 13908 5000 8192 0 1000000000
52 92 2545 5000 8192 0 1000000000
255 217 12975 5000 8192 0 1000000000
198 149 9860 5000 8192 0 1000000000
16 201 775 5000 8192 0 1000000000
309 119 15853 5000 8192 0 1000000000
226 248 11472 5000 8192 0 1000000000
280 163 14243 5000 8192 0 1000000000
282 219 14409 5000 8192 0 1000000000
247 298 12682 5000 8192 0 1000000000
90 82 4476 5000 8192 0 1000000000
116 288 5673 5000 8192 0 1000000000
206 311 10250 5000 8192 0 1000000000
27 288 1312 5000 8192 0 1000000000
217 178 10844 5000 8192 0 1000000000
16 10 767 5000 8192 0 1000000000
30 25 1508 5000 8192 0 1000000000
165 234 8206 5000 8192 0 1000000000
47 29 2283 5000 8192 0 1000000000
36 229 1744 5000 8192 0 1000000000
244 196 12485 5000 8192 0 1000000000
87 136 4414 5000 8192 0 1000000000
8 264 409 5000 8192 0 1000000000
56 288 2685 5000 8192 0 1000000000
128 149 6287 5000 8192 0 1000000000
162 140 8010 5000 8192 0 1000000000
297 149 15202 5000 8192 0 1000000000
115 3 5576 5000 8192 0 1000000000
169 209 8385 5000 8192 0 1000000000
187 266 9219 5000 8192 0 1000000000
36 297 1784 5000 8192 0 1000000000
17 21 851 5000 8192 0 1000000000
236 273 11964 5000 8192 0 1000000000
188 47 9261 5000 8192 0 1000000000
238 194 12116 5000 8192 0 1000000000
128 33 6277 5000 8192 0 1000000000
216 134 10794 5000 8192 0 1000000000
278 310 14121 5000 8192 0 1000000000
264 26 13344 5000 8192 0 1000000000
288 38 14694 5000 8192 0 1000000000
22 251 1095 5000 8192 0 1000000000
204 59 10093 5000 8192 0 1000000000
179 127 8840 5000 8192 0 1000000000
259 287 13111 5000 8192 0 1000000000
149 90 7361 5000 8192 0 1000000000
41 28 1970 5000 8192 0 1000000000
130 59 6423 5000 8192 0 1000000000
224 40 11324 5000 8192 0 1000000000
172 229 8482 5000 8192 0 1000000000
159 177 7822 5000 8192 0 1000000000
161 52 7955 5000 8192 0 1000000000
70 180 3626 5000 8192 0 1000000000
42 196 2026 5000 8192 0 1000000000
57 209 2799 5000 8192 0 1000000000
101 227 4905 5000 8192 0 1000000000
249 189 12809 5000 8192 0 1000000000
83 113 4279 5000 8192 0 1000000000
239 223 12178 5000 8192 0 1000000000
70 275 3636 5000 8192 0 1000000000
202 211 9987 5000 8192 0 1000000000
224 81 11291 5000 8192 0 1000000000
184 118 9039 5000 8192 0 1000000000
15 274 737 5000 8192 0 1000000000
284 311 14461 5000 8192 0 1000000000
286 5 14561 5000 8192 0 1000000000
281 230 14317 5000 8192 0 1000000000
195 88 9647 5000 8192 0 1000000000
16 212 792 5000 8192 0 1000000000
81 157 4105 5000 8192 0 1000000000
129 143 6367 5000 8192 0 1000000000
209 257 10378 5000 8192 0 1000000000
149 46 7393 5000 8192 0 1000000000
181 152 8917 5000 8192 0 1000000000
291 227 14870 5000 8192 0 1000000000
173 23 8508 5000 8192 0 1000000000
121 56 5909 5000 8192 0 1000000000
178 199 8783 5000 8192 0 1000000000
137 148 6708 5000 8192 0 1000000000
109 86 5203 5000 8192 0 1000000000
242 142 12333 5000 8192 0 1000000000
167 267 8262 5000 8192 0 1000000000
281 193 14307 5000 8192 0 1000000000
35 247 1722 5000 8192 0 1000000000
246 136 12578 5000 8192 0 1000000000
110 298 5238 5000 8192 0 1000000000
148 173 7293 5000 8192 0 1000000000
31 87 1568 5000 8192 0 1000000000
42 319 1986 5000 8192 0 1000000000
221 47 11161 5000 8192 0 1000000000
221 224 11108 5000 8192 0 1000000000
316 310 16182 5000 8192 0 1000000000
91 197 4584 5000 8192 0 1000000000
240 224 12218 5000 8192 0 1000000000
32 70 1654 5000 8192 0 1000000000
310 117 15940 5000 8192 0 1000000000
259 119 13093 5000 8192 0 1000000000
0 116 42 5000 8192 0 1000000000
183 165 8943 5000 8192 0 1000000000
278 29 14128 5000 8192 0 1000000000
297 121 15229 5000 8192 0 1000000000
233 258 11796 5000 8192 0 1000000000
229 259 11525 5000 8192 0 1000000000
188 100 9269 5000 8192 0 1000000000
286 190 14565 5000 8192 0 1000000000
6 36 301 5000 8192 0 1000000000
47 246 2270 5000 8192 0 1000000000
172 37 8465 5000 8192 0 1000000000
13 21 620 5000 8192 0 1000000000
67 268 3396 5000 8192 0 1000000000
272 135 13867 5000 8192 0 1000000000
115 225 5584 5000 8192 0 1000000000
215 212 10736 5000 8192 0 1000000000
300 214 15326 5000 8192 0 1000000000
70 34 3606 5000 8192 0 1000000000
305 93 15624 5000 8192 0 1000000000
0 158 20 5000 8192 0 1000000000
63 260 3159 5000 8192 0 1000000000
279 190 14206 5000 8192 0 1000000000
232 53 11729 5000 8192 0 1000000000
224 130 11339 5000 8192 0 1000000000
153 219 7594 5000 8192 0 1000000000
127 212 6219 5000 8192 0 1000000000
123 119 5985 5000 8192 0 1000000000
186 152 9161 5000 8192 0 1000000000
304 155 15518 5000 8192 0 1000000000
175 153 8667 5000 8192 0 1000000000
191 12 9494 5000 8192 0 1000000000
195 154 9686 5000 8192 0 1000000000
93 120 16402 5000 16777216 1 1000000000
124 191 6051 5000 8192 0 1000000000
218 300 10947 5000 8192 0 1000000000
148 5 7334 5000 8192 0 1000000000
29 132 1458 5000 8192 0 1000000000
49 85 2339 5000 8192 0 1000000000
31 252 1576 5000 8192 0 1000000000
4 187 206 5000 8192 0 1000000000
303 313 15497 5000 8192 0 1000000000
50 7 2422 5000 8192 0 1000000000
43 2 2070 5000 8192 0 1000000000
241 17 12290 5000 8192 0 1000000000
73 14 3751 5000 8192 0 1000000000
183 98 8952 5000 8192 0 1000000000
281 276 14319 5000 8192 0 1000000000
138 291 6772 5000 8192 0 1000000000
138 68 6792 5000 8192 0 1000000000
60 284 2962 5000 8192 0 1000000000
290 250 14833 5000 8192 0 1000000000
98 1 4809 5000 8192 0 1000000000
297 88 15231 5000 8192 0 1000000000
300 19 15348 5000 8192 0 1000000000
282 22 14402 5000 8192 0 1000000000
215 310 10766 5000 8192 0 1000000000
262 24 13310 5000 8192 0 1000000000
315 86 16104 5000 8192 0 1000000000
280 50 14224 5000 8192 0 1000000000
203 64 10019 5000 8192 0 1000000000
249 58 12764 5000 8192 0 1000000000
13 212 615 5000 8192 0 1000000000
167 304 8271 5000 8192 0 1000000000
40 148 1881 5000 8192 0 1000000000
95 202 4674 5000 8192 0 1000000000
54 188 2615 5000 8192 0 1000000000
116 47 5632 5000 8192 0 1000000000
276 281 13986 5000 8192 0 1000000000
87 237 4451 5000 8192 0 1000000000
272 54 13852 5000 8192 0 1000000000
188 185 9294 5000 8192 0 1000000000
124 3 6041 5000 8192 0 1000000000
145 204 7185 5000 8192 0 1000000000
90 70 4487 5000 8192 0 1000000000
92 192 4617 5000 8192 0 1000000000
16 122 768 5000 8192 0 1000000000
206 127 10222 5000 8192 0 1000000000
264 206 13366 5000 8192 0 1000000000
193 60 9559 5000 8192 0 1000000000
249 99 12782 5000 8192 0 1000000000
208 235 10277 5000 8192 0 1000000000
197 302 9783 5000 8192 0 1000000000
300 99 15362 5000 8192 0 1000000000
213 54 10635 5000 8192 0 1000000000
113 222 5430 5000 8192 0 1000000000
190 170 9383 5000 8192 0 1000000000
24 47 1243 5000 8192 0 1000000000
307 217 15722 5000 8192 0 1000000000
49 213 2316 5000 8192 0 1000000000
66 222 3358 5000 8192 0 1000000000
130 256 6400 5000 8192 0 1000000000
51 106 2459 5000 8192 0 1000000000
78 35 3960 5000 8192 0 1000000000
245 180 12562 5000 8192 0 1000000000
161 239 7929 5000 8192 0 1000000000
138 129 6780 5000 8192 0 1000000000
81 205 4145 5000 8192 0 1000000000
268 238 13592 5000 8192 0 1000000000
201 180 9948 5000 8192 0 1000000000
230 173 11558 5000 8192 0 1000000000
129 47 6347 5000 8192 0 1000000000
51 46 2468 5000 8192 0 1000000000
40 127 1896 5000 8192 0 1000000000
3 246 167 5000 8192 0 1000000000
71 145 3702 5000 8192 0 1000000000
69 15 3530 5000 8192 0 1000000000
249 229 12761 5000 8192 0 1000000000
309 276 15878 5000 8192 0 1000000000
140 107 6863 5000 8192 0 1000000000
201 182 9922 5000 8192 0 1000000000
152 296 7501 5000 8192 0 1000000000
16 274 791 5000 8192 0 1000000000
307 62 15742 5000 8192 0 1000000000
316 289 16152 5000 8192 0 1000000000
85 11 4377 5000 8192 0 1000000000
191 206 9485 5000 8192 0 1000000000
112 70 5372 5000 8192 0 1000000000
194 241 9587 5000 8192 0 1000000000
281 28 14347 5000 8192 0 1000000000
150 198 7463 5000 8192 0 1000000000
249 134 12781 5000 8192 0 1000000000
55 44 2679 5000 8192 0 1000000000
41 96 1943 5000 8192 0 1000000000
167 147 8273 5000 8192 0 1000000000
291 172 14891 5000 8192 0 1000000000
233 13 11754 5000 8192 0 1000000000
292 41 14981 5000 8192 0 1000000000
85 51 4360 5000 8192 0 1000000000
131 276 6458 5000 8192 0 1000000000
8 153 428 5000 8192 0 1000000000
260 14 13142 5000 8192 0 1000000000
195 18 9664 5000 8192 0 1000000000
158 61 7771 5000 8192 0 1000000000
20 5 976 5000 8192 0 1000000000
215 256 10752 5000 8192 0 1000000000
121 225 5910 5000 8192 0 1000000000
293 101 15027 5000 8192 0 1000000000
319 29 16295 5000 8192 0 1000000000
128 166 6294 5000 8192 0 1000000000
313 32 16046 5000 8192 0 1000000000
295 319 15073 5000 8192 0 1000000000
69 19 3527 5000 8192 0 1000000000
84 270 4304 5000 8192 0 1000000000
179 262 8823 5000 8192 0 1000000000
44 289 2144 5000 8192 0 1000000000
41 224 1932 5000 8192 0 1000000000
238 310 12086 5000 8192 0 1000000000
297 72 15211 5000 8192 0 1000000000
159 146 7836 5000 8192 0 1000000000
289 74 14739 5000 8192 0 1000000000
295 318 15069 5000 8192 0 1000000000
69 275 3553 5000 8192 0 1000000000
75 277 3786 5000 8192 0 1000000000
315 14 16109 5000 8192 0 1000000000
306 72 15643 5000 8192 0 1000000000
210 289 10415 5000 8192 0 1000000000
162 44 7980 5000 8192 0 1000000000
150 141 7412 5000 8192 0 1000000000
82 248 4213 5000 8192 0 1000000000
230 24 11604 5000 8192 0 1000000000
107 182 5053 5000 8192 0 1000000000
174 207 8609 5000 8192 0 1000000000
14 61 702 5000 8192 0 1000000000
101 138 4907 5000 8192 0 1000000000
128 143 6316 5000 8192 0 1000000000
104 259 4994 5000 8192 0 1000000000
296 113 15141 5000 8192 0 1000000000
290 317 14801 5000 8192 0 1000000000
114 308 5499 5000 8192 0 1000000000
218 36 10910 5000 8192 0 1000000000
87 171 4439 5000 8192 0 1000000000
240 115 12244 5000 8192 0 1000000000
271 54 13819 5000 8192 0 1000000000
7 100 348 5000 8192 0 1000000000
217 285 10902 5000 8192 0 1000000000
220 207 11065 5000 8192 0 1000000000
307 299 15720 5000 8192 0 1000000000
17 168 836 5000 8192 0 1000000000
104 158 5007 5000 8192 0 1000000000
24 206 1258 5000 8192 0 1000000000
131 63 6508 5000 8192 0 1000000000
37 273 16520 5000 16777216 1 1000000000
209 0 10385 5000 8192 0 1000000000
198 136 9889 5000 8192 0 1000000000
79 82 4023 5000 8192 0 1000000000
108 269 5157 5000 8192 0 1000000000
161 92 7943 5000 8192 0 1000000000
44 268 2138 5000 8192 0 1000000000
119 139 5813 5000 8192 0 1000000000
302 155 15416 5000 8192 0 1000000000
144 248 7126 5000 8192 0 1000000000
261 108 13252 5000 8192 0 1000000000
258 231 13073 5000 8192 0 1000000000
31 318 1567 5000 8192 0 1000000000
209 101 10388 5000 8192 0 1000000000
153 204 7581 5000 8192 0 1000000000
229 208 11531 5000 8192 0 1000000000
42 135 2007 5000 8192 0 1000000000
52 174 2519 5000 8192 0 1000000000
54 268 2604 5000 8192 0 1000000000
214 165 10663 5000 8192 0 1000000000
189 140 9324 5000 8192 0 1000000000
138 186 6799 5000 8192 0 1000000000
197 194 9777 5000 8192 0 1000000000
43 311 2067 5000 8192 0 1000000000
223 33 11264 5000 8192 0 1000000000
187 302 9212 5000 8192 0 1000000000
287 270 14622 5000 8192 0 1000000000
243 188 12409 5000 8192 0 1000000000
51 156 2448 5000 8192 0 1000000000
14 296 683 5000 8192 0 1000000000
51 33 2482 5000 8192 0 1000000000
121 279 5931 5000 8192 0 1000000000
149 258 7367 5000 8192 0 1000000000
292 246 14928 5000 8192 0 1000000000
32 136 1617 5000 8192 0 1000000000
162 27 8021 5000 8192 0 1000000000
209 134 10365 5000 8192 0 1000000000
279 10 14203 5000 8192 0 1000000000
226 284 11446 5000 8192 0 1000000000
215 53 10734 5000 8192 0 1000000000
7 314 325 5000 8192 0 1000000000
285 21 14534 5000 8192 0 1000000000
195 53 9685 5000 8192 0 1000000000
64 220 3215 5000 8192 0 1000000000
148 315 7338 5000 8192 0 1000000000
69 277 3539 5000 8192 0 1000000000
300 120 15319 5000 8192 0 1000000000
197 66 9784 5000 8192 0 1000000000
224 188 11301 5000 8192 0 1000000000
249 219 12771 5000 8192 0 1000000000
315 170 16091 5000 8192 0 1000000000
76 148 3868 5000 8192 0 1000000000
172 203 8459 5000 8192 0 1000000000
241 163 12300 5000 8192 0 1000000000
216 137 10837 5000 8192 0 1000000000
110 198 5276 5000 8192 0 1000000000
267 215 13554 5000 8192 0 1000000000
69 214 3528 5000 8192 0 1000000000
16 108 809 5000 8192 0 1000000000
279 229 14180 5000 8192 0 1000000000
196 143 9708 5000 8192 0 1000000000
32 197 1633 5000 8192 0 1000000000
64 310 3211 5000 8192 0 1000000000
194 31 9590 5000 8192 0 1000000000
316 272 16204 5000 8192 0 1000000000
237 143 12005 5000 8192 0 1000000000
82 1 4216 5000 8192 0 1000000000
136 160 6667 5000 8192 0 1000000000
193 293 9544 5000 8192 0 1000000000
101 107 4913 5000 8192 0 1000000000
187 35 9190 5000 8192 0 1000000000
118 201 5786 5000 8192 0 1000000000
276 218 14012 5000 8192 0 1000000000
280 61 14277 5000 8192 0 1000000000
43 192 2107 5000 8192 0 1000000000
109 153 5196 5000 8192 0 1000000000
188 52 9302 5000 8192 0 1000000000
176 289 8714 5000 8192 0 1000000000
85 184 4357 5000 8192 0 1000000000
230 119 11603 5000 8192 0 1000000000
234 259 11861 5000 8192 0 1000000000
167 190 8247 5000 8192 0 1000000000
59 254 2928 5000 8192 0 1000000000
286 101 14594 5000 8192 0 1000000000
205 172 10191 5000 8192 0 1000000000
226 258 11432 5000 8192 0 1000000000
271 156 13798 5000 8192 0 1000000000
71 16 3667 5000 8192 0 1000000000
259 104 13129 5000 8192 0 1000000000
196 208 9738 5000 8192 0 1000000000
273 5 16418 5000 16777216 1 1000000000
56 264 2684 5000 8192 0 1000000000
202 161 9964 5000 8192 0 1000000000
136 172 6645 5000 8192 0 1000000000
278 209 14146 5000 8192 0 1000000000
66 297 3364 5000 8192 0 1000000000
31 252 1573 5000 8192 0 1000000000
49 151 2358 5000 8192 0 1000000000
260 84 13147 5000 8192 0 1000000000
12 243 524 5000 8192 0 1000000000
259 152 13119 5000 8192 0 1000000000
279 58 14172 5000 8192 0 1000000000
298 20 15284 5000 8192 0 1000000000
274 284 13956 5000 8192 0 1000000000
29 174 1418 5000 8192 0 1000000000
279 23 14208 5000 8192 0 1000000000
313 22 16058 5000 8192 0 1000000000
22 86 1120 5000 8192 0 1000000000
214 281 10672 5000 8192 0 1000000000
244 148 12472 5000 8192 0 1000000000
225 109 11359 5000 8192 0 1000000000
187 118 9236 5000 8192 0 1000000000
90 271 4499 5000 8192 0 1000000000
265 201 13451 5000 8192 0 1000000000
313 210 16060 5000 8192 0 1000000000
12 216 562 5000 8192 0 1000000000
129 95 6352 5000 8192 0 1000000000
121 58 5887 5000 8192 0 1000000000
36 24 1771 5000 8192 0 1000000000
249 158 12811 5000 8192 0 1000000000
264 212 13336 5000 8192 0 1000000000
143 114 7082 5000 8192 0 1000000000
286 287 14552 5000 8192 0 1000000000
302 84 15414 5000 8192 0 1000000000
82 297 4163 5000 8192 0 1000000000
35 3 1679 5000 8192 0 1000000000
55 119 2632 5000 8192 0 1000000000
283 256 16458 5000 16777216 1 1000000000
220 142 11041 5000 8192 0 1000000000
288 122 14696 5000 8192 0 1000000000
276 169 13995 5000 8192 0 1000000000
143 278 7023 5000 8192 0 1000000000
247 214 12671 5000 8192 0 1000000000
39 86 1813 5000 8192 0 1000000000
184 46 9037 5000 8192 0 1000000000
123 69 5966 5000 8192 0 1000000000
147 109 7248 5000 8192 0 1000000000
269 169 13690 5000 8192 0 1000000000
79 191 4018 5000 8192 0 1000000000
147 14 7233 5000 8192 0 1000000000
24 251 1220 5000 8192 0 1000000000
148 138 7303 5000 8192 0 1000000000
247 280 12633 5000 8192 0 1000000000
135 14 6612 5000 8192 0 1000000000
222 236 11181 5000 8192 0 1000000000
127 54 6226 5000 8192 0 1000000000
153 222 7576 5000 8192 0 1000000000
282 126 14356 5000 8192 0 1000000000
285 43 14493 5000 8192 0 1000000000
108 265 5145 5000 8192 0 1000000000
49 231 2329 5000 8192 0 1000000000
233 202 11785 5000 8192 0 1000000000
306 68 15691 5000 8192 0 1000000000
113 242 5491 5000 8192 0 1000000000
65 278 3276 5000 8192 0 1000000000
43 23 2066 5000 8192 0 1000000000
43 285 2050 5000 8192 0 1000000000
162 199 8014 5000 8192 0 1000000000
303 311 15474 5000 8192 0 1000000000
289 252 14792 5000 8192 0 1000000000
28 40 1388 5000 8192 0 1000000000
124 310 6043 5000 8192 0 1000000000
81 64 4128 5000 8192 0 1000000000
108 102 5159 5000 8192 0 1000000000
128 168 6266 5000 8192 0 1000000000
87 279 4467 5000 8192 0 1000000000
290 118 14813 5000 8192 0 1000000000
303 152 15447 5000 8192 0 1000000000
9 217 451 5000 8192 0 1000000000
54 121 2576 5000 8192 0 1000000000
240 160 12239 5000 8192 0 1000000000
296 139 15137 5000 8192 0 1000000000
140 204 6846 5000 8192 0 1000000000
79 275 3984 5000 8192 0 1000000000
288 47 14689 5000 8192 0 1000000000
198 244 9832 5000 8192 0 1000000000
75 117 3783 5000 8192 0 1000000000
282 46 14394 5000 8192 0 1000000000
176 3 8703 5000 8192 0 1000000000
312 301 15974 5000 8192 0 1000000000
112 313 5378 5000 8192 0 1000000000
225 281 11390 5000 8192 0 1000000000
176 78 8680 5000 8192 0 1000000000
292 256 14976 5000 8192 0 1000000000
206 61 10263 5000 8192 0 1000000000
282 227 14392 5000 8192 0 1000000000
102 316 4922 5000 8192 0 1000000000
36 13 1741 5000 8192 0 1000000000
0 295 4 5000 8192 0 1000000000
52 47 2501 5000 8192 0 1000000000
42 81 2025 5000 8192 0 1000000000
91 297 4562 5000 8192 0 1000000000
127 97 6199 5000 8192 0 1000000000
91 38 4596 5000 8192 0 1000000000
234 235 11817 5000 8192 0 1000000000
310 211 15900 5000 8192 0 1000000000
272 167 13844 5000 8192 0 1000000000
312 319 15973 5000 8192 0 1000000000
236 303 11993 5000 8192 0 1000000000
255 266 12974 5000 8192 0 1000000000
97 226 4773 5000 8192 0 1000000000
168 214 8315 5000 8192 0 1000000000
226 298 11479 5000 8192 0 1000000000
113 229 5467 5000 8192 0 1000000000
293 6 15032 5000 8192 0 1000000000
7 121 324 5000 8192 0 1000000000
115 38 5575 5000 8192 0 1000000000
181 257 8874 5000 8192 0 1000000000
281 267 14341 5000 8192 0 1000000000
185 46 9074 5000 8192 0 1000000000
150 64 7450 5000 8192 0 1000000000
9 255 460 5000 8192 0 1000000000
141 234 6911 5000 8192 0 1000000000
148 163 7297 5000 8192 0 1000000000
15 19 761 5000 8192 0 1000000000
104 164 5010 5000 8192 0 1000000000
2 229 127 5000 8192 0 1000000000
235 267 11884 5000 8192 0 1000000000
98 163 4794 5000 8192 0 1000000000
98 154 4795 5000 8192 0 1000000000
30 8 1487 5000 8192 0 1000000000
87 236 4446 5000 8192 0 1000000000
254 172 12946 5000 8192 0 1000000000
220 309 11046 5000 8192 0 1000000000
223 219 11242 5000 8192 0 1000000000
292 231 14941 5000 8192 0 1000000000
274 301 13929 5000 8192 0 1000000000
58 163 2864 5000 8192 0 1000000000
247 99 12669 5000 8192 0 1000000000
241 100 12257 5000 8192 0 1000000000
232 86 11714 5000 8192 0 1000000000
314 103 16414 5000 16777216 1 1000000000
148 126 7326 5000 8192 0 1000000000
114 210 5508 5000 8192 0 1000000000
248 316 12744 5000 8192 0 1000000000
236 198 11967 5000 8192 0 1000000000
167 124 8267 5000 8192 0 1000000000
121 38 5902 5000 8192 0 1000000000
232 260 11692 5000 8192 0 1000000000
67 288 3449 5000 8192 0 1000000000
290 178 14821 5000 8192 0 1000000000
163 262 8083 5000 8192 0 1000000000
279 87 14209 5000 8192 0 1000000000
78 316 3920 5000 8192 0 1000000000
295 215 15063 5000 8192 0 1000000000
64 85 3212 5000 8192 0 1000000000
78 67 3912 5000 8192 0 1000000000
101 3 4889 5000 8192 0 1000000000
118 51 5791 5000 8192 0 1000000000
17 255 890 5000 8192 0 1000000000
150 266 7407 5000 8192 0 1000000000
115 267 5565 5000 8192 0 1000000000
191 204 9461 5000 8192 0 1000000000
238 14 12112 5000 8192 0 1000000000
266 119 13462 5000 8192 0 1000000000
165 218 8208 5000 8192 0 1000000000
238 47 12066 5000 8192 0 1000000000
82 255 4181 5000 8192 0 1000000000
260 238 13181 5000 8192 0 1000000000
49 97 2325 5000 8192 0 1000000000
185 244 9085 5000 8192 0 1000000000
259 66 13081 5000 8192 0 1000000000
185 118 9121 5000 8192 0 1000000000
300 160 15329 5000 8192 0 1000000000
244 159 12453 5000 8192 0 1000000000
135 241 6616 5000 8192 0 1000000000
206 203 10233 5000 8192 0 1000000000
66 281 3352 5000 8192 0 1000000000
135 72 6593 5000 8192 0 1000000000
141 255 6928 5000 8192 0 1000000000
244 254 12467 5000 8192 0 1000000000
134 60 6559 5000 8192 0 1000000000
196 283 9753 5000 8192 0 1000000000
55 135 2645 5000 8192 0 1000000000
288 12 14693 5000 8192 0 1000000000
179 290 8836 5000 8192 0 1000000000
91 191 4542 5000 8192 0 1000000000
165 133 8231 5000 8192 0 1000000000
144 124 7144 5000 8192 0 1000000000
163 65 8043 5000 8192 0 1000000000
85 282 4398 5000 8192 0 1000000000
233 181 11766 5000 8192 0 1000000000
230 222 11596 5000 8192 0 1000000000
238 239 12085 5000 8192 0 1000000000
65 130 3275 5000 8192 0 1000000000
75 162 3777 5000 8192 0 1000000000
286 45 14575 5000 8192 0 1000000000
222 166 11186 5000 8192 0 1000000000
232 46 11679 5000 8192 0 1000000000
248 134 12706 5000 8192 0 1000000000
277 316 14094 5000 8192 0 1000000000
12 181 547 5000 8192 0 1000000000
232 64 11704 5000 8192 0 1000000000
113 146 5489 5000 8192 0 1000000000
276 11 14007 5000 8192 0 1000000000
305 216 15592 5000 8192 0 1000000000
81 205 4120 5000 8192 0 1000000000
235 62 11915 5000 8192 0 1000000000
152 112 7478 5000 8192 0 1000000000
309 237 15828 5000 8192 0 1000000000
285 251 14516 5000 8192 0 1000000000
165 33 8223 5000 8192 0 1000000000
6 256 306 5000 8192 0 1000000000
116 305 5631 5000 8192 0 1000000000
179 1 8821 5000 8192 0 1000000000
178 238 8787 5000 8192 0 1000000000
302 71 15396 5000 8192 0 1000000000
235 246 11870 5000 8192 0 1000000000
50 173 2366 5000 8192 0 1000000000
314 106 16398 5000 16777216 1 1000000000
210 89 10412 5000 8192 0 1000000000
2 121 124 5000 8192 0 1000000000
243 297 12383 5000 8192 0 1000000000
264 257 13393 5000 8192 0 1000000000
234 289 11829 5000 8192 0 1000000000
193 177 9521 5000 8192 0 1000000000
66 247 3360 5000 8192 0 1000000000
223 36 11250 5000 8192 0 1000000000
194 62 9601 5000 8192 0 1000000000
289 139 14771 5000 8192 0 1000000000
188 36 9267 5000 8192 0 1000000000
12 39 515 5000 8192 0 1000000000
259 278 13122 5000 8192 0 1000000000
64 177 3208 5000 8192 0 1000000000
18 150 947 5000 8192 0 1000000000
291 215 14864 5000 8192 0 1000000000
161 17 7965 5000 8192 0 1000000000
58 59 2819 5000 8192 0 1000000000
191 129 9483 5000 8192 0 1000000000
313 6 16036 5000 8192 0 1000000000
134 267 6554 5000 8192 0 1000000000
2 249 68 5000 8192 0 1000000000
295 220 15065 5000 8192 0 1000000000
9 275 510 5000 8192 0 1000000000
84 36 4291 5000 8192 0 1000000000
297 73 15183 5000 8192 0 1000000000
87 84 4410 5000 8192 0 1000000000
237 69 12019 5000 8192 0 1000000000
150 200 7417 5000 8192 0 1000000000
260 226 13180 5000 8192 0 1000000000
24 263 1271 5000 8192 0 1000000000
271 220 13822 5000 8192 0 1000000000
312 48 15980 5000 8192 0 1000000000
58 44 2849 5000 8192 0 1000000000
69 267 3519 5000 8192 0 1000000000
281 312 14323 5000 8192 0 1000000000
249 8 12787 5000 8192 0 1000000000
215 74 10718 5000 8192 0 1000000000
300 293 15340 5000 8192 0 1000000000
141 110 6898 5000 8192 0 1000000000
91 92 4598 5000 8192 0 1000000000
126 259 6148 5000 8192 0 1000000000
222 34 11175 5000 8192 0 1000000000
4 9 254 5000 8192 0 1000000000
113 177 5472 5000 8192 0 1000000000
270 66 13736 5000 8192 0 1000000000
263 177 16436 5000 16777216 1 1000000000
305 48 15588 5000 8192 0 1000000000
220 319 11036 5000 8192 0 1000000000
85 73 4392 5000 8192 0 1000000000
50 68 2412 5000 8192 0 1000000000
234 275 11832 5000 8192 0 1000000000
219 86 11012 5000 8192 0 1000000000
291 225 14905 5000 8192 0 1000000000
127 200 6198 5000 8192 0 1000000000
21 259 1071 5000 8192 0 1000000000
44 294 2111 5000 8192 0 1000000000
194 228 9612 5000 8192 0 1000000000
109 40 5205 5000 8192 0 1000000000
95 319 4668 5000 8192 0 1000000000
83 104 4278 5000 8192 0 1000000000
252 8 12849 5000 8192 0 1000000000
255 122 12998 5000 8192 0 1000000000
82 261 4203 5000 8192 0 1000000000
126 249 6164 5000 8192 0 1000000000
206 305 10213 5000 8192 0 1000000000
57 246 2806 5000 8192 0 1000000000
319 117 16315 5000 8192 0 1000000000
270 38 13725 5000 8192 0 1000000000
124 118 6009 5000 8192 0 1000000000
306 203 15641 5000 8192 0 1000000000
223 192 11231 5000 8192 0 1000000000
27 57 1323 5000 8192 0 1000000000
304 136 15560 5000 8192 0 1000000000
252 281 12826 5000 8192 0 1000000000
67 40 3423 5000 8192 0 1000000000
187 62 9250 5000 8192 0 1000000000
29 178 1426 5000 8192 0 1000000000
224 189 11309 5000 8192 0 1000000000
191 147 9499 5000 8192 0 1000000000
315 76 16127 5000 8192 0 1000000000
31 61 1548 5000 8192 0 1000000000
128 313 6314 5000 8192 0 1000000000
59 106 2882 5000 8192 0 1000000000
293 318 15011 5000 8192 0 1000000000
80 277 4027 5000 8192 0 1000000000
303 240 15465 5000 8192 0 1000000000
9 75 450 5000 8192 0 1000000000
266 223 13474 5000 8192 0 1000000000
126 145 6183 5000 8192 0 1000000000
278 41 14110 5000 8192 0 1000000000
308 214 15809 5000 8192 0 1000000000
274 248 13923 5000 8192 0 1000000000
131 190 6470 5000 8192 0 1000000000
41 74 1975 5000 8192 0 1000000000
305 224 15589 5000 8192 0 1000000000
238 257 12071 5000 8192 0 1000000000
77 89 16475 5000 16777216 1 1000000000
310 35 15939 5000 8192 0 1000000000
185 76 9111 5000 8192 0 1000000000
168 147 8321 5000 8192 0 1000000000
152 191 7516 5000 8192 0 1000000000
310 274 15910 5000 8192 0 1000000000
14 170 697 5000 8192 0 1000000000
225 120 11356 5000 8192 0 1000000000
267 255 13585 5000 8192 0 1000000000
143 305 7034 5000 8192 0 1000000000
127 281 6201 5000 8192 0 1000000000
145 43 7167 5000 8192 0 1000000000
78 103 3932 5000 8192 0 1000000000
24 170 1270 5000 8192 0 1000000000
242 178 12356 5000 8192 0 1000000000
15 300 719 5000 8192 0 1000000000
193 236 9509 5000 8192 0 1000000000
212 67 10537 5000 8192 0 1000000000
109 268 5216 5000 8192 0 1000000000
231 3 11619 5000 8192 0 1000000000
142 195 6964 5000 8192 0 1000000000
112 211 5365 5000 8192 0 1000000000
255 231 12988 5000 8192 0 1000000000
255 125 12951 5000 8192 0 1000000000
39 292 1820 5000 8192 0 1000000000
60 117 3001 5000 8192 0 1000000000
127 96 6216 5000 8192 0 1000000000
45 65 2174 5000 8192 0 1000000000
116 298 5620 5000 8192 0 1000000000
121 130 5885 5000 8192 0 1000000000
288 28 14717 5000 8192 0 1000000000
4 224 201 5000 8192 0 1000000000
212 211 10542 5000 8192 0 1000000000
293 235 15043 5000 8192 0 1000000000
71 166 3658 5000 8192 0 1000000000
121 220 5915 5000 8192 0 1000000000
131 5 6475 5000 8192 0 1000000000
160 36 7912 5000 8192 0 1000000000
176 11 8743 5000 8192 0 1000000000
244 307 12457 5000 8192 0 1000000000
150 93 7424 5000 8192 0 1000000000
163 114 8101 5000 8192 0 1000000000
252 225 12865 5000 8192 0 1000000000
244 276 12500 5000 8192 0 1000000000
193 288 9549 5000 8192 0 1000000000
159 69 7830 5000 8192 0 1000000000
58 94 2813 5000 8192 0 1000000000
217 84 10886 5000 8192 0 1000000000
85 311 4389 5000 8192 0 1000000000
303 310 15478 5000 8192 0 1000000000
60 205 2980 5000 8192 0 1000000000
279 132 14204 5000 8192 0 1000000000
228 34 16507 5000 16777216 1 1000000000
43 199 2087 5000 8192 0 1000000000
2 83 97 5000 8192 0 1000000000
91 159 4560 5000 8192 0 1000000000
3 108 143 5000 8192 0 1000000000
2 131 117 5000 8192 0 1000000000
183 286 8977 5000 8192 0 1000000000
267 253 13575 5000 8192 0 1000000000
279 229 14202 5000 8192 0 1000000000
17 188 845 5000 8192 0 1000000000
57 71 2755 5000 8192 0 1000000000
229 217 11535 5000 8192 0 1000000000
190 115 9409 5000 8192 0 1000000000
252 304 12871 5000 8192 0 1000000000
107 178 5076 5000 8192 0 1000000000
190 6 9390 5000 8192 0 1000000000
84 295 4305 5000 8192 0 1000000000
246 262 12597 5000 8192 0 1000000000
229 106 11489 5000 8192 0 1000000000
203 279 10056 5000 8192 0 1000000000
264 225 13341 5000 8192 0 1000000000
240 49 12229 5000 8192 0 1000000000
229 27 11504 5000 8192 0 1000000000
68 69 3463 5000 8192 0 1000000000
16 153 789 5000 8192 0 1000000000
123 152 5982 5000 8192 0 1000000000
205 285 10198 5000 8192 0 1000000000
134 294 6567 5000 8192 0 1000000000
315 54 16125 5000 8192 0 1000000000
116 310 5649 5000 8192 0 1000000000
80 281 4069 5000 8192 0 1000000000
315 59 16131 5000 8192 0 1000000000
76 134 3863 5000 8192 0 1000000000
49 171 2326 5000 8192 0 1000000000
54 292 2562 5000 8192 0 1000000000
245 255 12530 5000 8192 0 1000000000
9 169 504 5000 8192 0 1000000000
98 239 4843 5000 8192 0 1000000000
262 78 13321 5000 8192 0 1000000000
97 16 4749 5000 8192 0 1000000000
107 92 5067 5000 8192 0 1000000000
212 43 10530 5000 8192 0 1000000000
247 302 12691 5000 8192 0 1000000000
36 53 1737 5000 8192 0 1000000000
58 107 2848 5000 8192 0 1000000000
259 164 13110 5000 8192 0 1000000000
249 273 12794 5000 8192 0 1000000000
244 115 12445 5000 8192 0 1000000000
43 313 2075 5000 8192 0 1000000000
219 206 11001 5000 8192 0 1000000000
59 14 2931 5000 8192 0 1000000000
83 271 4249 5000 8192 0 1000000000
65 85 3281 5000 8192 0 1000000000
221 34 11144 5000 8192 0 1000000000
60 228 2963 5000 8192 0 1000000000
168 60 8301 5000 8192 0 1000000000
190 168 9406 5000 8192 0 1000000000
76 253 3842 5000 8192 0 1000000000
233 55 11764 5000 8192 0 1000000000
173 220 8496 5000 8192 0 1000000000
125 114 6100 5000 8192 0 1000000000
123 71 5979 5000 8192 0 1000000000
243 260 12431 5000 8192 0 1000000000
270 242 13720 5000 8192 0 1000000000
255 14 12978 5000 8192 0 1000000000
212 166 10583 5000 8192 0 1000000000
208 316 10289 5000 8192 0 1000000000
165 125 8220 5000 8192 0 1000000000
198 50 9840 5000 8192 0 1000000000
246 174 12595 5000 8192 0 1000000000
267 50 13568 5000 8192 0 1000000000
163 172 8058 5000 8192 0 1000000000
258 50 13051 5000 8192 0 1000000000
240 204 12235 5000 8192 0 1000000000
60 58 2986 5000 8192 0 1000000000
179 120 8820 5000 8192 0 1000000000
0 115 1 5000 8192 0 1000000000
66 1 3354 5000 8192 0 1000000000
251 89 16490 5000 16777216 1 1000000000
20 243 1017 5000 8192 0 1000000000
265 259 13439 5000 8192 0 1000000000
222 123 11198 5000 8192 0 1000000000
288 187 14678 5000 8192 0 1000000000
181 10 8900 5000 8192 0 1000000000
274 178 13955 5000 8192 0 1000000000
181 210 8873 5000 8192 0 1000000000
266 103 13487 5000 8192 0 1000000000
57 23 2790 5000 8192 0 1000000000
119 77 5831 5000 8192 0 1000000000
165 37 8191 5000 8192 0 1000000000
52 198 2520 5000 8192 0 1000000000
213 25 10624 5000 8192 0 1000000000
45 167 2177 5000 8192 0 1000000000
156 231 7662 5000 8192 0 1000000000
64 111 3255 5000 8192 0 1000000000
0 151 51 5000 8192 0 1000000000
121 2 5899 5000 8192 0 1000000000
24 260 1276 5000 8192 0 1000000000
116 178 5646 5000 8192 0 1000000000
173 151 8509 5000 8192 0 1000000000
153 196 7549 5000 8192 0 1000000000
95 14 4698 5000 8192 0 1000000000
298 188 15282 5000 8192 0 1000000000
178 237 8765 5000 8192 0 1000000000
212 279 10582 5000 8192 0 1000000000
235 191 11890 5000 8192 0 1000000000
243 59 12435 5000 8192 0 1000000000
110 76 5299 5000 8192 0 1000000000
155 54 7629 5000 8192 0 1000000000
116 87 5678 5000 8192 0 1000000000
163 301 8059 5000 8192 0 1000000000
51 176 2456 5000 8192 0 1000000000
163 96 8054 5000 8192 0 1000000000
187 113 9222 5000 8192 0 1000000000
185 136 9108 5000 8192 0 1000000000
153 222 7539 5000 8192 0 1000000000
274 122 13960 5000 8192 0 1000000000
288 185 14679 5000 8192 0 1000000000
280 304 14265 5000 8192 0 1000000000
104 41 5040 5000 8192 0 1000000000
42 209 2017 5000 8192 0 1000000000
58 101 2832 5000 8192 0 1000000000
225 39 11366 5000 8192 0 1000000000
98 151 4796 5000 8192 0 1000000000
233 81 11768 5000 8192 0 1000000000
8 27 425 5000 8192 0 1000000000
109 163 5199 5000 8192 0 1000000000
109 85 5215 5000 8192 0 1000000000
189 144 9378 5000 8192 0 1000000000
168 139 8346 5000 8192 0 1000000000
91 257 4538 5000 8192 0 1000000000
113 107 5486 5000 8192 0 1000000000
75 13 3817 5000 8192 0 1000000000
211 295 10508 5000 8192 0 1000000000
186 129 9174 5000 8192 0 1000000000
270 226 13722 5000 8192 0 1000000000
242 319 12321 5000 8192 0 1000000000
84 53 4296 5000 8192 0 1000000000
35 46 1684 5000 8192 0 1000000000
13 239 594 5000 8192 0 1000000000
196 236 9728 5000 8192 0 1000000000
187 271 9202 5000 8192 0 1000000000
281 261 14348 5000 8192 0 1000000000
62 131 3108 5000 8192 0 1000000000
125 133 6069 5000 8192 0 1000000000
83 10 4261 5000 8192 0 1000000000
55 298 2680 5000 8192 0 1000000000
175 191 8657 5000 8192 0 1000000000
235 202 11869 5000 8192 0 1000000000
13 50 638 5000 8192 0 1000000000
211 119 10473 5000 8192 0 1000000000
16 227 810 5000 8192 0 1000000000
59 7 2903 5000 8192 0 1000000000
78 76 3918 5000 8192 0 1000000000
21 254 1075 5000 8192 0 1000000000
145 123 7190 5000 8192 0 1000000000
254 219 12916 5000 8192 0 1000000000
267 171 13544 5000 8192 0 1000000000
43 145 2046 5000 8192 0 1000000000
239 103 12161 5000 8192 0 1000000000
102 115 4968 5000 8192 0 1000000000
204 194 10127 5000 8192 0 1000000000
75 312 3826 5000 8192 0 1000000000
137 197 6740 5000 8192 0 1000000000
115 47 5609 5000 8192 0 1000000000
110 26 5256 5000 8192 0 1000000000
125 74 6078 5000 8192 0 1000000000
215 281 10737 5000 8192 0 1000000000
32 145 1647 5000 8192 0 1000000000
288 87 14672 5000 8192 0 1000000000
109 59 5224 5000 8192 0 1000000000
243 58 12433 5000 8192 0 1000000000
210 200 10427 5000 8192 0 1000000000
14 224 667 5000 8192 0 1000000000
111 164 5328 5000 8192 0 1000000000
229 44 11532 5000 8192 0 1000000000
28 238 1368 5000 8192 0 1000000000
167 115 8291 5000 8192 0 1000000000
91 143 4578 5000 8192 0 1000000000
242 188 12372 5000 8192 0 1000000000
285 47 14539 5000 8192 0 1000000000
278 72 14132 5000 8192 0 1000000000
205 188 10188 5000 8192 0 1000000000
230 196 11550 5000 8192 0 1000000000
203 314 10039 5000 8192 0 1000000000
56 164 2747 5000 8192 0 1000000000
254 231 12929 5000 8192 0 1000000000
59 93 2935 5000 8192 0 1000000000
185 299 9118 5000 8192 0 1000000000
28 136 1346 5000 8192 0 1000000000
255 119 12962 5000 8192 0 1000000000
15 214 751 5000 8192 0 1000000000
15 263 755 5000 8192 0 1000000000
71 250 3643 5000 8192 0 1000000000
62 168 3130 5000 8192 0 1000000000
63 319 3138 5000 8192 0 1000000000
237 31 12028 5000 8192 0 1000000000
268 261 13626 5000 8192 0 1000000000
278 163 14133 5000 8192 0 1000000000
115 19 5571 5000 8192 0 1000000000
205 226 10179 5000 8192 0 1000000000
40 74 1903 5000 8192 0 1000000000
121 253 5928 5000 8192 0 1000000000
211 313 10487 5000 8192 0 1000000000
107 205 5103 5000 8192 0 1000000000
70 154 3628 5000 8192 0 1000000000
129 70 6378 5000 8192 0 1000000000
303 142 15492 5000 8192 0 1000000000
307 298 15711 5000 8192 0 1000000000
241 313 12250 5000 8192 0 1000000000
58 152 2845 5000 8192 0 1000000000
152 34 7469 5000 8192 0 1000000000
178 43 8761 5000 8192 0 1000000000
201 209 9895 5000 8192 0 1000000000
42 291 2029 5000 8192 0 1000000000
159 77 7817 5000 8192 0 1000000000
260 137 13178 5000 8192 0 1000000000
136 78 6690 5000 8192 0 1000000000
97 67 4744 5000 8192 0 1000000000
181 27 8894 5000 8192 0 1000000000
247 129 12687 5000 8192 0 1000000000
236 161 11937 5000 8192 0 1000000000
97 8 4785 5000 8192 0 1000000000
153 35 7551 5000 8192 0 1000000000
125 172 6071 5000 8192 0 1000000000
69 245 3548 5000 8192 0 1000000000
160 120 7864 5000 8192 0 1000000000
284 37 14456 5000 8192 0 1000000000
267 80 13527 5000 8192 0 1000000000
69 7 3575 5000 8192 0 1000000000
219 244 11009 5000 8192 0 1000000000
293 97 15037 5000 8192 0 1000000000
220 117 11038 5000 8192 0 1000000000
165 271 8216 5000 8192 0 1000000000
68 289 3506 5000 8192 0 1000000000
155 14 7611 5000 8192 0 1000000000
241 22 12265 5000 8192 0 1000000000
308 8 15761 5000 8192 0 1000000000
164 26 8128 5000 8192 0 1000000000
308 143 15795 5000 8192 0 1000000000
175 84 8663 5000 8192 0 1000000000
20 257 992 5000 8192 0 1000000000
7 92 356 5000 8192 0 1000000000
61 51 3036 5000 8192 0 1000000000
8 123 393 5000 8192 0 1000000000
24 222 1221 5000 8192 0 1000000000
22 3 1090 5000 8192 0 1000000000
80 11 4087 5000 8192 0 1000000000
98 196 4827 5000 8192 0 1000000000
59 9 2925 5000 8192 0 1000000000
43 276 2076 5000 8192 0 1000000000
85 67 4379 5000 8192 0 1000000000
54 80 2591 5000 8192 0 1000000000
280 55 14242 5000 8192 0 1000000000
116 80 5655 5000 8192 0 1000000000
145 158 7159 5000 8192 0 1000000000
91 252 4565 5000 8192 0 1000000000
148 113 7289 5000 8192 0 1000000000
80 171 4048 5000 8192 0 1000000000
210 317 10457 5000 8192 0 1000000000
27 5 1300 5000 8192 0 1000000000
309 259 15886 5000 8192 0 1000000000
140 2 6876 5000 8192 0 1000000000
289 303 14736 5000 8192 0 1000000000
242 112 12331 5000 8192 0 1000000000
220 67 11085 5000 8192 0 1000000000
212 170 10575 5000 8192 0 1000000000
45 300 2235 5000 8192 0 1000000000
118 215 5808 5000 8192 0 1000000000
50 313 2390 5000 8192 0 1000000000
307 55 15702 5000 8192 0 1000000000
242 298 12313 5000 8192 0 1000000000
23 94 1174 5000 8192 0 1000000000
232 228 11728 5000 8192 0 1000000000
258 158 13026 5000 8192 0 1000000000
97 0 4743 5000 8192 0 1000000000
247 178 12668 5000 8192 0 1000000000
59 48 2921 5000 8192 0 1000000000
150 247 7438 5000 8192 0 1000000000
40 6 1856 5000 8192 0 1000000000
249 17 12806 5000 8192 0 1000000000
242 194 12342 5000 8192 0 1000000000
210 42 10459 5000 8192 0 1000000000
267 165 13547 5000 8192 0 1000000000
245 144 12523 5000 8192 0 1000000000
218 121 10914 5000 8192 0 1000000000
84 187 4324 5000 8192 0 1000000000
168 103 8313 5000 8192 0 1000000000
111 171 5315 5000 8192 0 1000000000
6 134 287 5000 8192 0 1000000000
179 27 8813 5000 8192 0 1000000000
162 5 7988 5000 8192 0 1000000000
234 34 11808 5000 8192 0 1000000000
54 142 2599 5000 8192 0 1000000000
52 24 2499 5000 8192 0 1000000000
189 102 9371 5000 8192 0 1000000000
17 120 834 5000 8192 0 1000000000
297 164 15185 5000 8192 0 1000000000
255 22 12964 5000 8192 0 1000000000
142 156 7010 5000 8192 0 1000000000
297 127 15244 5000 8192 0 1000000000
52 205 2523 5000 8192 0 1000000000
150 172 7426 5000 8192 0 1000000000
179 293 8844 5000 8192 0 1000000000
113 73 5440 5000 8192 0 1000000000
6 207 285 5000 8192 0 1000000000
179 199 8866 5000 8192 0 1000000000
200 170 16379 5000 16777216 1 1000000000
183 307 8957 5000 8192 0 1000000000
205 125 10174 5000 8192 0 1000000000
293 150 15004 5000 8192 0 1000000000
17 50 894 5000 8192 0 1000000000
164 274 8164 5000 8192 0 1000000000
205 256 10182 5000 8192 0 1000000000
14 96 695 5000 8192 0 1000000000
222 220 11169 5000 8192 0 1000000000
242 224 12328 5000 8192 0 1000000000
175 230 8644 5000 8192 0 1000000000
12 237 527 5000 8192 0 1000000000
224 197 11320 5000 8192 0 1000000000
129 53 6326 5000 8192 0 1000000000
258 49 13047 5000 8192 0 1000000000
286 274 14598 5000 8192 0 1000000000
24 298 1274 5000 8192 0 1000000000
258 131 13059 5000 8192 0 1000000000
91 83 4547 5000 8192 0 1000000000
215 41 10727 5000 8192 0 1000000000
238 114 12064 5000 8192 0 1000000000
225 27 11375 5000 8192 0 1000000000
313 119 16024 5000 8192 0 1000000000
52 64 2498 5000 8192 0 1000000000
204 101 10124 5000 8192 0 1000000000
3 279 176 5000 8192 0 1000000000
240 313 12227 5000 8192 0 1000000000
52 313 2507 5000 8192 0 1000000000
147 319 7241 5000 8192 0 1000000000
169 262 8416 5000 8192 0 1000000000
213 88 10604 5000 8192 0 1000000000
117 22 5721 5000 8192 0 1000000000
286 59 14569 5000 8192 0 1000000000
29 27 1442 5000 8192 0 1000000000
290 75 14834 5000 8192 0 1000000000
225 105 11399 5000 8192 0 1000000000
15 59 732 5000 8192 0 1000000000
234 41 11863 5000 8192 0 1000000000
309 162 15867 5000 8192 0 1000000000
56 35 2739 5000 8192 0 1000000000
222 130 11177 5000 8192 0 1000000000
142 274 6979 5000 8192 0 1000000000
188 272 9266 5000 8192 0 1000000000
66 232 3355 5000 8192 0 1000000000
292 293 14951 5000 8192 0 1000000000
52 273 2522 5000 8192 0 1000000000
57 152 2760 5000 8192 0 1000000000
55 32 2626 5000 8192 0 1000000000
237 259 12043 5000 8192 0 1000000000
111 173 5363 5000 8192 0 1000000000
221 9 11116 5000 8192 0 1000000000
297 132 15228 5000 8192 0 1000000000
2 247 99 5000 8192 0 1000000000
266 271 13507 5000 8192 0 1000000000
121 130 5936 5000 8192 0 1000000000
134 271 6548 5000 8192 0 1000000000
40 195 1855 5000 8192 0 1000000000
153 259 7535 5000 8192 0 1000000000
9 283 459 5000 8192 0 1000000000
67 21 3450 5000 8192 0 1000000000
176 167 8727 5000 8192 0 1000000000
119 191 5863 5000 8192 0 1000000000
84 211 4321 5000 8192 0 1000000000
17 236 846 5000 8192 0 1000000000
16 79 781 5000 8192 0 1000000000
278 273 14102 5000 8192 0 1000000000
150 134 7427 5000 8192 0 1000000000
202 292 9961 5000 8192 0 1000000000
148 183 7279 5000 8192 0 1000000000
203 102 10068 5000 8192 0 1000000000
18 27 903 5000 8192 0 1000000000
144 90 7099 5000 8192 0 1000000000
274 55 13935 5000 8192 0 1000000000
59 119 2923 5000 8192 0 1000000000
81 212 4099 5000 8192 0 1000000000
248 217 12731 5000 8192 0 1000000000
216 242 10802 5000 8192 0 1000000000
28 197 1399 5000 8192 0 1000000000
197 141 9804 5000 8192 0 1000000000
83 181 4221 5000 8192 0 1000000000
302 102 15382 5000 8192 0 1000000000
292 269 14961 5000 8192 0 1000000000
160 248 7906 5000 8192 0 1000000000
302 199 15392 5000 8192 0 1000000000
201 143 9924 5000 8192 0 1000000000
211 88 10472 5000 8192 0 1000000000
232 55 11700 5000 8192 0 1000000000
110 222 5261 5000 8192 0 1000000000
214 179 10657 5000 8192 0 1000000000
90 22 4522 5000 8192 0 1000000000
202 275 9997 5000 8192 0 1000000000
175 0 8677 5000 8192 0 1000000000
297 271 15194 5000 8192 0 1000000000
224 303 11328 5000 8192 0 1000000000
167 120 8284 5000 8192 0 1000000000
130 317 6435 5000 8192 0 1000000000
138 15 6779 5000 8192 0 1000000000
197 34 9808 5000 8192 0 1000000000
155 285 7645 5000 8192 0 1000000000
220 300 11079 5000 8192 0 1000000000
29 228 1443 5000 8192 0 1000000000
113 316 5439 5000 8192 0 1000000000
15 7 733 5000 8192 0 1000000000
125 122 6127 5000 8192 0 1000000000
80 203 4088 5000 8192 0 1000000000
187 64 9203 5000 8192 0 1000000000
55 5 2654 5000 8192 0 1000000000
27 1 1316 5000 8192 0 1000000000
3 116 165 5000 8192 0 1000000000
234 208 11818 5000 8192 0 1000000000
303 123 15471 5000 8192 0 1000000000
224 253 11319 5000 8192 0 1000000000
284 216 14432 5000 8192 0 1000000000
264 234 13359 5000 8192 0 1000000000
174 9 8560 5000 8192 0 1000000000
50 176 2378 5000 8192 0 1000000000
129 41 6334 5000 8192 0 1000000000
84 98 4311 5000 8192 0 1000000000
213 137 10615 5000 8192 0 1000000000
237 196 11997 5000 8192 0 1000000000
175 64 8618 5000 8192 0 1000000000
304 273 15551 5000 8192 0 1000000000
285 89 14537 5000 8192 0 1000000000
271 305 13812 5000 8192 0 1000000000
231 147 11637 5000 8192 0 1000000000
178 263 8791 5000 8192 0 1000000000
306 68 15647 5000 8192 0 1000000000
124 86 6056 5000 8192 0 1000000000
108 242 5139 5000 8192 0 1000000000
298 24 15308 5000 8192 0 1000000000
218 162 10965 5000 8192 0 1000000000
290 118 14854 5000 8192 0 1000000000
28 53 1390 5000 8192 0 1000000000
31 317 1584 5000 8192 0 1000000000
203 152 10021 5000 8192 0 1000000000
147 170 7232 5000 8192 0 1000000000
111 22 5358 5000 8192 0 1000000000
219 79 11000 5000 8192 0 1000000000
54 39 2582 5000 8192 0 1000000000
135 40 6613 5000 8192 0 1000000000
267 0 13580 5000 8192 0 1000000000
232 131 11699 5000 8192 0 1000000000
195 287 9639 5000 8192 0 1000000000
44 53 2112 5000 8192 0 1000000000
271 91 13786 5000 8192 0 1000000000
315 152 16130 5000 8192 0 1000000000
226 120 11423 5000 8192 0 1000000000
59 7 2879 5000 8192 0 1000000000
241 174 12263 5000 8192 0 1000000000
41 139 1966 5000 8192 0 1000000000
172 201 8448 5000 8192 0 1000000000
160 32 7892 5000 8192 0 1000000000
75 212 3833 5000 8192 0 1000000000
143 99 7050 5000 8192 0 1000000000
41 254 1933 5000 8192 0 1000000000
196 84 9722 5000 8192 0 1000000000
217 241 10878 5000 8192 0 1000000000
162 81 8028 5000 8192 0 1000000000
137 270 6742 5000 8192 0 1000000000
90 120 4486 5000 8192 0 1000000000
305 215 15630 5000 8192 0 1000000000
269 167 13679 5000 8192 0 1000000000
153 33 7577 5000 8192 0 1000000000
295 82 15055 5000 8192 0 1000000000
145 256 7187 5000 8192 0 1000000000
225 287 11415 5000 8192 0 1000000000
54 61 2589 5000 8192 0 1000000000
150 162 7422 5000 8192 0 1000000000
257 1 16451 5000 16777216 1 1000000000
62 292 3078 5000 8192 0 1000000000
245 252 12509 5000 8192 0 1000000000
112 146 5397 5000 8192 0 1000000000
130 150 6436 5000 8192 0 1000000000
191 188 9447 5000 8192 0 1000000000
97 253 4789 5000 8192 0 1000000000
64 306 3201 5000 8192 0 1000000000
71 189 3699 5000 8192 0 1000000000
104 55 5029 5000 8192 0 1000000000
2 235 69 5000 8192 0 1000000000
141 305 6957 5000 8192 0 1000000000
193 200 9540 5000 8192 0 1000000000
42 111 2005 5000 8192 0 1000000000
188 44 9304 5000 8192 0 1000000000
189 128 9354 5000 8192 0 1000000000
303 298 15490 5000 8192 0 1000000000
260 188 13175 5000 8192 0 1000000000
258 297 13036 5000 8192 0 1000000000
248 282 12756 5000 8192 0 1000000000
259 112 13139 5000 8192 0 1000000000
249 217 12795 5000 8192 0 1000000000
302 138 15395 5000 8192 0 1000000000
255 110 13007 5000 8192 0 1000000000
274 32 13952 5000 8192 0 1000000000
82 275 4154 5000 8192 0 1000000000
223 279 11283 5000 8192 0 1000000000
225 307 11401 5000 8192 0 1000000000
261 66 13209 5000 8192 0 1000000000
226 74 11475 5000 8192 0 1000000000
125 30 6065 5000 8192 0 1000000000
162 181 8024 5000 8192 0 1000000000
240 66 12202 5000 8192 0 1000000000
258 178 13028 5000 8192 0 1000000000
226 139 11462 5000 8192 0 1000000000
208 317 10317 5000 8192 0 1000000000
36 313 1748 5000 8192 0 1000000000
244 280 12494 5000 8192 0 1000000000
266 98 13493 5000 8192 0 1000000000
268 248 13633 5000 8192 0 1000000000
126 273 6174 5000 8192 0 1000000000
196 176 9743 5000 8192 0 1000000000
220 145 11056 5000 8192 0 1000000000
286 298 14554 5000 8192 0 1000000000
66 265 3365 5000 8192 0 1000000000
196 221 9747 5000 8192 0 1000000000
92 25 4610 5000 8192 0 1000000000
211 258 10512 5000 8192 0 1000000000
268 193 13611 5000 8192 0 1000000000
308 175 15767 5000 8192 0 1000000000
98 113 4803 5000 8192 0 1000000000
35 153 1696 5000 8192 0 1000000000
286 316 14587 5000 8192 0 1000000000
3 187 168 5000 8192 0 1000000000
288 305 14700 5000 8192 0 1000000000
313 69 16059 5000 8192 0 1000000000
260 125 13154 5000 8192 0 1000000000
24 89 1244 5000 8192 0 1000000000
159 13 7791 5000 8192 0 1000000000
36 278 1727 5000 8192 0 1000000000
32 139 1612 5000 8192 0 1000000000
181 63 8913 5000 8192 0 1000000000
169 315 8401 5000 8192 0 1000000000
197 223 9794 5000 8192 0 1000000000
239 316 12142 5000 8192 0 1000000000
176 188 8688 5000 8192 0 1000000000
47 152 2264 5000 8192 0 1000000000
172 118 8461 5000 8192 0 1000000000
220 39 11037 5000 8192 0 1000000000
22 61 1089 5000 8192 0 1000000000
126 19 6179 5000 8192 0 1000000000
110 89 5297 5000 8192 0 1000000000
169 56 8421 5000 8192 0 1000000000
235 155 11904 5000 8192 0 1000000000
223 319 11280 5000 8192 0 1000000000
141 185 6943 5000 8192 0 1000000000
286 96 14553 5000 8192 0 1000000000
173 181 8513 5000 8192 0 1000000000
66 16 3335 5000 8192 0 1000000000
252 218 12862 5000 8192 0 1000000000
44 61 2171 5000 8192 0 1000000000
237 80 12035 5000 8192 0 1000000000
188 271 9260 5000 8192 0 1000000000
217 262 10875 5000 8192 0 1000000000
95 64 4704 5000 8192 0 1000000000
50 51 2414 5000 8192 0 1000000000
80 260 4080 5000 8192 0 1000000000
111 115 5314 5000 8192 0 1000000000
197 268 9809 5000 8192 0 1000000000
227 146 16472 5000 16777216 1 1000000000
50 91 2415 5000 8192 0 1000000000
140 52 6877 5000 8192 0 1000000000
159 102 7803 5000 8192 0 1000000000
304 119 15532 5000 8192 0 1000000000
46 86 16406 5000 16777216 1 1000000000
118 135 5788 5000 8192 0 1000000000
2 241 72 5000 8192 0 1000000000
172 181 8428 5000 8192 0 1000000000
30 161 1482 5000 8192 0 1000000000
185 176 9068 5000 8192 0 1000000000
155 231 7608 5000 8192 0 1000000000
259 135 13120 5000 8192 0 1000000000
144 216 7095 5000 8192 0 1000000000
147 29 7216 5000 8192 0 1000000000
186 316 9138 5000 8192 0 1000000000
121 103 5926 5000 8192 0 1000000000
307 111 15741 5000 8192 0 1000000000
235 206 11927 5000 8192 0 1000000000
221 254 11150 5000 8192 0 1000000000
126 151 6178 5000 8192 0 1000000000
12 272 535 5000 8192 0 1000000000
23 290 1201 5000 8192 0 1000000000
284 212 14454 5000 8192 0 1000000000
292 9 14954 5000 8192 0 1000000000
309 76 15857 5000 8192 0 1000000000
158 300 7783 5000 8192 0 1000000000
7 171 330 5000 8192 0 1000000000
155 306 7614 5000 8192 0 1000000000
58 218 2841 5000 8192 0 1000000000
111 104 5307 5000 8192 0 1000000000
188 179 9262 5000 8192 0 1000000000
269 66 13655 5000 8192 0 1000000000
153 202 7575 5000 8192 0 1000000000
255 61 12973 5000 8192 0 1000000000
269 170 13682 5000 8192 0 1000000000
20 121 998 5000 8192 0 1000000000
230 222 11576 5000 8192 0 1000000000
261 286 13247 5000 8192 0 1000000000
43 14 2060 5000 8192 0 1000000000
268 123 13616 5000 8192 0 1000000000
224 120 11347 5000 8192 0 1000000000
42 156 1999 5000 8192 0 1000000000
318 226 16209 5000 8192 0 1000000000
20 310 966 5000 8192 0 1000000000
51 118 2466 5000 8192 0 1000000000
102 171 4952 5000 8192 0 1000000000
63 262 3176 5000 8192 0 1000000000
21 285 1061 5000 8192 0 1000000000
205 103 10169 5000 8192 0 1000000000
134 282 6518 5000 8192 0 1000000000
233 231 11774 5000 8192 0 1000000000
117 163 5706 5000 8192 0 1000000000
244 95 12464 5000 8192 0 1000000000
186 98 9132 5000 8192 0 1000000000
181 153 8909 5000 8192 0 1000000000
279 13 14168 5000 8192 0 1000000000
179 173 8856 5000 8192 0 1000000000
160 99 7908 5000 8192 0 1000000000
306 297 15650 5000 8192 0 1000000000
225 71 11370 5000 8192 0 1000000000
291 16 14911 5000 8192 0 1000000000
67 169 3430 5000 8192 0 1000000000
85 29 4352 5000 8192 0 1000000000
125 297 6088 5000 8192 0 1000000000
80 311 4044 5000 8192 0 1000000000
195 55 9675 5000 8192 0 1000000000
121 287 5907 5000 8192 0 1000000000
211 56 10509 5000 8192 0 1000000000
134 207 6565 5000 8192 0 1000000000
198 65 9873 5000 8192 0 1000000000
315 311 16083 5000 8192 0 1000000000
300 68 15336 5000 8192 0 1000000000
112 37 5410 5000 8192 0 1000000000
7 2 355 5000 8192 0 1000000000
220 3 11097 5000 8192 0 1000000000
137 235 6752 5000 8192 0 1000000000
45 200 2226 5000 8192 0 1000000000
189 114 9319 5000 8192 0 1000000000
137 30 6729 5000 8192 0 1000000000
318 287 16224 5000 8192 0 1000000000
44 125 2145 5000 8192 0 1000000000
203 76 10023 5000 8192 0 1000000000
175 219 8662 5000 8192 0 1000000000
62 256 3103 5000 8192 0 1000000000
83 150 4258 5000 8192 0 1000000000
183 212 8939 5000 8192 0 1000000000
107 229 5108 5000 8192 0 1000000000
141 152 6905 5000 8192 0 1000000000
221 142 11128 5000 8192 0 1000000000
78 279 3911 5000 8192 0 1000000000
313 286 16062 5000 8192 0 1000000000
266 290 13519 5000 8192 0 1000000000
252 14 12875 5000 8192 0 1000000000
79 207 3999 5000 8192 0 1000000000
164 252 8111 5000 8192 0 1000000000
237 62 11994 5000 8192 0 1000000000
113 49 5447 5000 8192 0 1000000000
152 11 7492 5000 8192 0 1000000000
167 68 8278 5000 8192 0 1000000000
158 251 7747 5000 8192 0 1000000000
165 154 8194 5000 8192 0 1000000000
16 239 794 5000 8192 0 1000000000
316 212 16175 5000 8192 0 1000000000
35 191 1712 5000 8192 0 1000000000
162 55 8011 5000 8192 0 1000000000
126 187 6141 5000 8192 0 1000000000
2 203 82 5000 8192 0 1000000000
113 93 5446 5000 8192 0 1000000000
313 24 16020 5000 8192 0 1000000000
220 152 11042 5000 8192 0 1000000000
138 63 6789 5000 8192 0 1000000000
208 110 10302 5000 8192 0 1000000000
30 298 1480 5000 8192 0 1000000000
169 117 8411 5000 8192 0 1000000000
20 84 960 5000 8192 0 1000000000
204 193 10133 5000 8192 0 1000000000
141 274 6923 5000 8192 0 1000000000
184 9 9046 5000 8192 0 1000000000
302 16 15398 5000 8192 0 1000000000
304 193 15546 5000 8192 0 1000000000
175 122 8658 5000 8192 0 1000000000
318 56 16237 5000 8192 0 1000000000
278 227 14117 5000 8192 0 1000000000
21 178 1058 5000 8192 0 1000000000
28 243 1380 5000 8192 0 1000000000
313 219 16061 5000 8192 0 1000000000
246 233 12582 5000 8192 0 1000000000
64 4 3229 5000 8192 0 1000000000
222 126 11183 5000 8192 0 1000000000
198 243 9826 5000 8192 0 1000000000
178 70 8759 5000 8192 0 1000000000
104 57 5044 5000 8192 0 1000000000
69 208 3554 5000 8192 0 1000000000
183 97 8946 5000 8192 0 1000000000
198 39 9845 5000 8192 0 1000000000
279 176 14218 5000 8192 0 1000000000
274 256 13947 5000 8192 0 1000000000
73 42 3757 5000 8192 0 1000000000
102 76 4962 5000 8192 0 1000000000
27 28 1288 5000 8192 0 1000000000
70 176 3596 5000 8192 0 1000000000
237 162 12002 5000 8192 0 1000000000
226 18 11481 5000 8192 0 1000000000
85 145 4397 5000 8192 0 1000000000
269 299 13683 5000 8192 0 1000000000
312 243 16001 5000 8192 0 1000000000
12 139 538 5000 8192 0 1000000000
101 216 4867 5000 8192 0 1000000000
244 185 12497 5000 8192 0 1000000000
131 5 6480 5000 8192 0 1000000000
185 181 9064 5000 8192 0 1000000000
205 1 10184 5000 8192 0 1000000000
282 40 14414 5000 8192 0 1000000000
137 217 6736 5000 8192 0 1000000000
14 212 675 5000 8192 0 1000000000
201 305 9917 5000 8192 0 1000000000
57 40 2764 5000 8192 0 1000000000
24 127 1267 5000 8192 0 1000000000
31 59 1571 5000 8192 0 1000000000
308 138 15783 5000 8192 0 1000000000
82 176 4215 5000 8192 0 1000000000
210 83 10441 5000 8192 0 1000000000
87 73 4425 5000 8192 0 1000000000
140 103 6885 5000 8192 0 1000000000
29 201 1461 5000 8192 0 1000000000
230 25 11547 5000 8192 0 1000000000
125 270 6079 5000 8192 0 1000000000
193 202 9545 5000 8192 0 1000000000
209 82 10373 5000 8192 0 1000000000
310 52 15905 5000 8192 0 1000000000
219 87 11017 5000 8192 0 1000000000
49 259 2359 5000 8192 0 1000000000
231 120 11645 5000 8192 0 1000000000
222 194 11215 5000 8192 0 1000000000
260 257 13174 5000 8192 0 1000000000
47 21 2291 5000 8192 0 1000000000
161 235 7961 5000 8192 0 1000000000
71 98 3655 5000 8192 0 1000000000
179 169 8842 5000 8192 0 1000000000
264 175 13354 5000 8192 0 1000000000
6 240 278 5000 8192 0 1000000000
268 203 13597 5000 8192 0 1000000000
138 47 6814 5000 8192 0 1000000000
31 62 1579 5000 8192 0 1000000000
104 277 5022 5000 8192 0 1000000000
121 289 5914 5000 8192 0 1000000000
160 52 7882 5000 8192 0 1000000000
62 239 3090 5000 8192 0 1000000000
216 76 10808 5000 8192 0 1000000000
119 256 5820 5000 8192 0 1000000000
30 88 1514 5000 8192 0 1000000000
282 311 14386 5000 8192 0 1000000000
2 294 89 5000 8192 0 1000000000
274 82 13904 5000 8192 0 1000000000
66 170 3373 5000 8192 0 1000000000
97 126 4731 5000 8192 0 1000000000
92 129 4609 5000 8192 0 1000000000
111 242 5326 5000 8192 0 1000000000
162 80 8012 5000 8192 0 1000000000
215 104 10749 5000 8192 0 1000000000
128 202 6290 5000 8192 0 1000000000
262 266 13277 5000 8192 0 1000000000
167 169 8283 5000 8192 0 1000000000
98 66 4828 5000 8192 0 1000000000
217 277 10876 5000 8192 0 1000000000
28 97 1397 5000 8192 0 1000000000
280 223 14264 5000 8192 0 1000000000
102 82 4957 5000 8192 0 1000000000
244 292 12442 5000 8192 0 1000000000
153 302 7561 5000 8192 0 1000000000
222 214 11165 5000 8192 0 1000000000
111 291 5343 5000 8192 0 1000000000
107 272 5095 5000 8192 0 1000000000
118 146 5807 5000 8192 0 1000000000
65 204 3301 5000 8192 0 1000000000
156 136 7705 5000 8192 0 1000000000
234 213 11823 5000 8192 0 1000000000
212 65 10565 5000 8192 0 1000000000
142 165 6999 5000 8192 0 1000000000
36 177 1735 5000 8192 0 1000000000
196 47 9729 5000 8192 0 1000000000
188 42 9253 5000 8192 0 1000000000
131 274 6506 5000 8192 0 1000000000
73 67 3742 5000 8192 0 1000000000
291 54 14876 5000 8192 0 1000000000
239 59 12179 5000 8192 0 1000000000
255 187 13010 5000 8192 0 1000000000
267 115 13528 5000 8192 0 1000000000
158 93 7731 5000 8192 0 1000000000
197 271 9795 5000 8192 0 1000000000
185 278 9070 5000 8192 0 1000000000
235 65 11899 5000 8192 0 1000000000
44 63 2155 5000 8192 0 1000000000
310 237 15912 5000 8192 0 1000000000
303 8 15476 5000 8192 0 1000000000
123 6 5958 5000 8192 0 1000000000
213 191 10601 5000 8192 0 1000000000
216 245 10801 5000 8192 0 1000000000
85 160 4362 5000 8192 0 1000000000
244 102 12455 5000 8192 0 1000000000
318 92 16222 5000 8192 0 1000000000
238 267 12110 5000 8192 0 1000000000
232 239 11718 5000 8192 0 1000000000
191 46 9470 5000 8192 0 1000000000
285 278 14538 5000 8192 0 1000000000
306 170 15648 5000 8192 0 1000000000
246 157 12631 5000 8192 0 1000000000
216 315 10785 5000 8192 0 1000000000
102 112 4945 5000 8192 0 1000000000
110 91 5239 5000 8192 0 1000000000
239 127 12162 5000 8192 0 1000000000
111 240 5329 5000 8192 0 1000000000
236 293 11975 5000 8192 0 1000000000
45 315 2230 5000 8192 0 1000000000
41 178 1947 5000 8192 0 1000000000
61 70 3049 5000 8192 0 1000000000
193 82 9550 5000 8192 0 1000000000
40 261 1872 5000 8192 0 1000000000
296 114 15156 5000 8192 0 1000000000
302 30 15426 5000 8192 0 1000000000
206 97 10251 5000 8192 0 1000000000
119 282 5855 5000 8192 0 1000000000
9 4 508 5000 8192 0 1000000000
208 75 10315 5000 8192 0 1000000000
142 282 6986 5000 8192 0 1000000000
310 164 15926 5000 8192 0 1000000000
187 23 9217 5000 8192 0 1000000000
160 55 7862 5000 8192 0 1000000000
262 292 13273 5000 8192 0 1000000000
129 209 6339 5000 8192 0 1000000000
12 27 517 5000 8192 0 1000000000
214 289 10673 5000 8192 0 1000000000
261 221 13241 5000 8192 0 1000000000
60 157 2967 5000 8192 0 1000000000
85 2 4365 5000 8192 0 1000000000
187 78 9199 5000 8192 0 1000000000
118 260 5781 5000 8192 0 1000000000
95 109 4711 5000 8192 0 1000000000
57 84 2797 5000 8192 0 1000000000
143 293 7042 5000 8192 0 1000000000
116 276 5664 5000 8192 0 1000000000
32 192 1639 5000 8192 0 1000000000
285 91 14490 5000 8192 0 1000000000
137 306 6749 5000 8192 0 1000000000
138 103 6775 5000 8192 0 1000000000
127 237 6206 5000 8192 0 1000000000
236 2 11951 5000 8192 0 1000000000
13 190 635 5000 8192 0 1000000000
138 131 6782 5000 8192 0 1000000000
159 25 7804 5000 8192 0 1000000000
209 296 10374 5000 8192 0 1000000000
234 255 11847 5000 8192 0 1000000000
108 81 5142 5000 8192 0 1000000000
293 50 14994 5000 8192 0 1000000000
73 38 3767 5000 8192 0 1000000000
125 263 6074 5000 8192 0 1000000000
174 124 8572 5000 8192 0 1000000000
196 97 9718 5000 8192 0 1000000000
179 252 8817 5000 8192 0 1000000000
16 218 784 5000 8192 0 1000000000
58 51 2867 5000 8192 0 1000000000
163 79 8097 5000 8192 0 1000000000
195 157 9692 5000 8192 0 1000000000
188 168 9287 5000 8192 0 1000000000
306 266 15673 5000 8192 0 1000000000
31 13 1559 5000 8192 0 1000000000
212 36 10544 5000 8192 0 1000000000
212 251 10554 5000 8192 0 1000000000
155 200 7647 5000 8192 0 1000000000
8 239 445 5000 8192 0 1000000000
117 140 5717 5000 8192 0 1000000000
62 244 3113 5000 8192 0 1000000000
98 210 4822 5000 8192 0 1000000000
176 152 8690 5000 8192 0 1000000000
162 95 7983 5000 8192 0 1000000000
261 96 13261 5000 8192 0 1000000000
203 49 10033 5000 8192 0 1000000000
204 173 10080 5000 8192 0 1000000000
164 80 8114 5000 8192 0 1000000000
121 52 5927 5000 8192 0 1000000000
217 274 10901 5000 8192 0 1000000000
95 266 4688 5000 8192 0 1000000000
36 66 1785 5000 8192 0 1000000000
44 264 2152 5000 8192 0 1000000000
242 113 12376 5000 8192 0 1000000000
85 177 4403 5000 8192 0 1000000000
194 231 9619 5000 8192 0 1000000000
47 142 2281 5000 8192 0 1000000000
23 308 1173 5000 8192 0 1000000000
262 112 13324 5000 8192 0 1000000000
109 183 5213 5000 8192 0 1000000000
107 154 5088 5000 8192 0 1000000000
152 184 7474 5000 8192 0 1000000000
40 287 1859 5000 8192 0 1000000000
175 121 8643 5000 8192 0 1000000000
188 40 9298 5000 8192 0 1000000000
63 88 3136 5000 8192 0 1000000000
153 29 7589 5000 8192 0 1000000000
312 184 16003 5000 8192 0 1000000000
54 175 2575 5000 8192 0 1000000000
287 205 14627 5000 8192 0 1000000000
28 42 1355 5000 8192 0 1000000000
82 127 4164 5000 8192 0 1000000000
39 5 1807 5000 8192 0 1000000000
64 75 3240 5000 8192 0 1000000000
141 162 6952 5000 8192 0 1000000000
14 56 662 5000 8192 0 1000000000
29 186 1411 5000 8192 0 1000000000
142 181 6996 5000 8192 0 1000000000
288 241 14691 5000 8192 0 1000000000
147 156 7228 5000 8192 0 1000000000
306 177 15651 5000 8192 0 1000000000
190 216 9424 5000 8192 0 1000000000
76 80 3896 5000 8192 0 1000000000
184 109 9031 5000 8192 0 1000000000
197 24 9776 5000 8192 0 1000000000
131 184 6478 5000 8192 0 1000000000
158 80 7779 5000 8192 0 1000000000
319 54 16280 5000 8192 0 1000000000
56 278 2745 5000 8192 0 1000000000
141 242 6935 5000 8192 0 1000000000
118 151 5749 5000 8192 0 1000000000
202 18 9994 5000 8192 0 1000000000
198 29 9855 5000 8192 0 1000000000
35 111 1702 5000 8192 0 1000000000
54 41 2611 5000 8192 0 1000000000
44 110 2126 5000 8192 0 1000000000
313 275 16035 5000 8192 0 1000000000
202 107 10015 5000 8192 0 1000000000
234 7 11805 5000 8192 0 1000000000
116 227 5637 5000 8192 0 1000000000
32 274 1629 5000 8192 0 1000000000
39 153 1834 5000 8192 0 1000000000
52 131 2497 5000 8192 0 1000000000
119 8 5814 5000 8192 0 1000000000
59 174 2907 5000 8192 0 1000000000
43 122 2047 5000 8192 0 1000000000
27 115 1307 5000 8192 0 1000000000
191 100 9503 5000 8192 0 1000000000
309 143 15854 5000 8192 0 1000000000
27 161 1329 5000 8192 0 1000000000
310 63 15908 5000 8192 0 1000000000
163 100 8094 5000 8192 0 1000000000
241 257 12262 5000 8192 0 1000000000
258 146 13038 5000 8192 0 1000000000
236 97 11962 5000 8192 0 1000000000
93 106 16506 5000 16777216 1 1000000000
118 244 5761 5000 8192 0 1000000000
14 37 700 5000 8192 0 1000000000
127 241 6193 5000 8192 0 1000000000
184 30 9059 5000 8192 0 1000000000
16 49 817 5000 8192 0 1000000000
3 59 181 5000 8192 0 1000000000
135 250 6608 5000 8192 0 1000000000
315 297 16118 5000 8192 0 1000000000
241 130 12275 5000 8192 0 1000000000
196 76 9741 5000 8192 0 1000000000
15 71 709 5000 8192 0 1000000000
223 38 11261 5000 8192 0 1000000000
261 239 13239 5000 8192 0 1000000000
148 152 7325 5000 8192 0 1000000000
135 233 6580 5000 8192 0 1000000000
71 47 3652 5000 8192 0 1000000000
34 273 16512 5000 16777216 1 1000000000
156 248 7716 5000 8192 0 1000000000
259 196 13097 5000 8192 0 1000000000
67 61 3397 5000 8192 0 1000000000
136 90 6682 5000 8192 0 1000000000
243 174 12430 5000 8192 0 1000000000
42 140 2022 5000 8192 0 1000000000
135 220 6627 5000 8192 0 1000000000
194 203 9572 5000 8192 0 1000000000
92 251 4652 5000 8192 0 1000000000
208 151 10322 5000 8192 0 1000000000
141 68 6946 5000 8192 0 1000000000
186 147 9180 5000 8192 0 1000000000
142 138 6983 5000 8192 0 1000000000
29 212 1422 5000 8192 0 1000000000
102 96 4967 5000 8192 0 1000000000
0 275 19 5000 8192 0 1000000000
22 165 1147 5000 8192 0 1000000000
142 171 6963 5000 8192 0 1000000000
50 172 2408 5000 8192 0 1000000000
305 209 15615 5000 8192 0 1000000000
233 276 11753 5000 8192 0 1000000000
242 32 12351 5000 8192 0 1000000000
109 158 5210 5000 8192 0 1000000000
0 159 26 5000 8192 0 1000000000
3 190 130 5000 8192 0 1000000000
305 50 15595 5000 8192 0 1000000000
248 144 12705 5000 8192 0 1000000000
164 245 8127 5000 8192 0 1000000000
117 191 5720 5000 8192 0 1000000000
126 50 6149 5000 8192 0 1000000000
197 176 9793 5000 8192 0 1000000000
265 65 13457 5000 8192 0 1000000000
128 85 6303 5000 8192 0 1000000000
2 60 91 5000 8192 0 1000000000
30 177 1484 5000 8192 0 1000000000
231 200 11649 5000 8192 0 1000000000
101 141 4895 5000 8192 0 1000000000
32 85 1605 5000 8192 0 1000000000
229 290 11515 5000 8192 0 1000000000
121 67 5930 5000 8192 0 1000000000
102 244 4946 5000 8192 0 1000000000
98 97 4834 5000 8192 0 1000000000
56 60 2704 5000 8192 0 1000000000
175 164 8659 5000 8192 0 1000000000
61 175 3032 5000 8192 0 1000000000
39 237 1819 5000 8192 0 1000000000
59 226 2939 5000 8192 0 1000000000
23 7 1176 5000 8192 0 1000000000
239 116 12154 5000 8192 0 1000000000
9 84 505 5000 8192 0 1000000000
278 97 14100 5000 8192 0 1000000000
190 14 9386 5000 8192 0 1000000000
134 87 6517 5000 8192 0 1000000000
209 56 10392 5000 8192 0 1000000000
2 287 65 5000 8192 0 1000000000
153 310 7536 5000 8192 0 1000000000
51 230 2467 5000 8192 0 1000000000
58 203 2868 5000 8192 0 1000000000
90 247 4495 5000 8192 0 1000000000
4 204 223 5000 8192 0 1000000000
104 36 4999 5000 8192 0 1000000000
158 130 7784 5000 8192 0 1000000000
313 269 16043 5000 8192 0 1000000000
15 270 725 5000 8192 0 1000000000
242 121 12319 5000 8192 0 1000000000
156 206 7678 5000 8192 0 1000000000
42 2 2016 5000 8192 0 1000000000
127 69 6221 5000 8192 0 1000000000
66 137 3345 5000 8192 0 1000000000
26 19 16432 5000 16777216 1 1000000000
14 176 692 5000 8192 0 1000000000
298 133 15249 5000 8192 0 1000000000
20 198 959 5000 8192 0 1000000000
51 81 2481 5000 8192 0 1000000000
285 293 14523 5000 8192 0 1000000000
15 2 705 5000 8192 0 1000000000
239 84 12163 5000 8192 0 1000000000
91 97 4589 5000 8192 0 1000000000
247 34 12695 5000 8192 0 1000000000
57 206 2791 5000 8192 0 1000000000
153 280 7572 5000 8192 0 1000000000
302 230 15422 5000 8192 0 1000000000
65 154 3288 5000 8192 0 1000000000
82 20 4192 5000 8192 0 1000000000
16 193 793 5000 8192 0 1000000000
23 22 1166 5000 8192 0 1000000000
9 16 499 5000 8192 0 1000000000
181 103 8902 5000 8192 0 1000000000
173 61 8516 5000 8192 0 1000000000
171 146 16417 5000 16777216 1 1000000000
266 302 13495 5000 8192 0 1000000000
141 310 6950 5000 8192 0 1000000000
190 40 9408 5000 8192 0 1000000000
127 191 6253 5000 8192 0 1000000000
181 10 8930 5000 8192 0 1000000000
138 86 6824 5000 8192 0 1000000000
231 182 11644 5000 8192 0 1000000000
302 230 15393 5000 8192 0 1000000000
247 28 12653 5000 8192 0 1000000000
109 116 5183 5000 8192 0 1000000000
144 37 7115 5000 8192 0 1000000000
247 277 12643 5000 8192 0 1000000000
245 220 12526 5000 8192 0 1000000000
237 296 12007 5000 8192 0 1000000000
225 178 11361 5000 8192 0 1000000000
85 186 4348 5000 8192 0 1000000000
85 93 4409 5000 8192 0 1000000000
195 176 9693 5000 8192 0 1000000000
44 272 2133 5000 8192 0 1000000000
204 65 10129 5000 8192 0 1000000000
277 119 14084 5000 8192 0 1000000000
134 93 6540 5000 8192 0 1000000000
78 219 3915 5000 8192 0 1000000000
124 25 6038 5000 8192 0 1000000000
282 217 14363 5000 8192 0 1000000000
225 9 11412 5000 8192 0 1000000000
216 261 10820 5000 8192 0 1000000000
197 70 9806 5000 8192 0 1000000000
308 270 15792 5000 8192 0 1000000000
18 79 958 5000 8192 0 1000000000
289 260 14797 5000 8192 0 1000000000
134 85 6573 5000 8192 0 1000000000
155 78 7628 5000 8192 0 1000000000
223 85 11266 5000 8192 0 1000000000
2 47 92 5000 8192 0 1000000000
190 11 9414 5000 8192 0 1000000000
213 218 10625 5000 8192 0 1000000000
27 301 1281 5000 8192 0 1000000000
138 27 6770 5000 8192 0 1000000000
316 231 16173 5000 8192 0 1000000000
242 11 12337 5000 8192 0 1000000000
18 158 922 5000 8192 0 1000000000
293 56 14999 5000 8192 0 1000000000
233 276 11780 5000 8192 0 1000000000
220 179 11054 5000 8192 0 1000000000
42 166 1989 5000 8192 0 1000000000
194 259 9591 5000 8192 0 1000000000
238 72 12065 5000 8192 0 1000000000
235 210 11874 5000 8192 0 1000000000
238 91 12073 5000 8192 0 1000000000
303 22 15484 5000 8192 0 1000000000
173 47 8540 5000 8192 0 1000000000
237 70 12052 5000 8192 0 1000000000
110 291 5283 5000 8192 0 1000000000
218 163 10923 5000 8192 0 1000000000
267 289 13573 5000 8192 0 1000000000
287 86 14648 5000 8192 0 1000000000
300 232 15339 5000 8192 0 1000000000
318 55 16263 5000 8192 0 1000000000
300 14 15357 5000 8192 0 1000000000
70 292 3621 5000 8192 0 1000000000
205 259 10196 5000 8192 0 1000000000
78 278 3933 5000 8192 0 1000000000
300 281 15341 5000 8192 0 1000000000
167 128 8280 5000 8192 0 1000000000
218 73 10970 5000 8192 0 1000000000
187 149 9233 5000 8192 0 1000000000
98 177 4849 5000 8192 0 1000000000
125 178 6101 5000 8192 0 1000000000
112 233 5417 5000 8192 0 1000000000
35 230 1721 5000 8192 0 1000000000
119 97 5864 5000 8192 0 1000000000
156 10 7673 5000 8192 0 1000000000
319 164 16285 5000 8192 0 1000000000
22 223 1097 5000 8192 0 1000000000
217 36 10903 5000 8192 0 1000000000
262 12 13276 5000 8192 0 1000000000
78 163 3929 5000 8192 0 1000000000
186 76 9175 5000 8192 0 1000000000
215 34 10728 5000 8192 0 1000000000
264 130 13357 5000 8192 0 1000000000
252 20 12867 5000 8192 0 1000000000
79 128 3964 5000 8192 0 1000000000
237 28 12004 5000 8192 0 1000000000
117 198 5697 5000 8192 0 1000000000
65 135 3322 5000 8192 0 1000000000
292 287 14944 5000 8192 0 1000000000
235 274 11922 5000 8192 0 1000000000
45 179 2218 5000 8192 0 1000000000
83 246 4235 5000 8192 0 1000000000
118 122 5765 5000 8192 0 1000000000
14 176 645 5000 8192 0 1000000000
67 32 3426 5000 8192 0 1000000000
237 63 12017 5000 8192 0 1000000000
6 24 309 5000 8192 0 1000000000
284 42 14443 5000 8192 0 1000000000
310 311 15930 5000 8192 0 1000000000
226 256 11442 5000 8192 0 1000000000
226 277 11429 5000 8192 0 1000000000
111 62 5359 5000 8192 0 1000000000
305 185 15579 5000 8192 0 1000000000
285 39 14494 5000 8192 0 1000000000
52 137 2547 5000 8192 0 1000000000
190 53 9411 5000 8192 0 1000000000
24 246 1222 5000 8192 0 1000000000
45 135 2233 5000 8192 0 1000000000
276 231 14009 5000 8192 0 1000000000
169 68 8390 5000 8192 0 1000000000
195 293 9655 5000 8192 0 1000000000
291 117 14926 5000 8192 0 1000000000
151 38 16385 5000 16777216 1 1000000000
104 203 5030 5000 8192 0 1000000000
287 167 14666 5000 8192 0 1000000000
295 17 15096 5000 8192 0 1000000000
276 29 14017 5000 8192 0 1000000000
215 92 10778 5000 8192 0 1000000000
236 76 11954 5000 8192 0 1000000000
130 209 6385 5000 8192 0 1000000000
281 238 14306 5000 8192 0 1000000000
209 68 10398 5000 8192 0 1000000000
285 96 14499 5000 8192 0 1000000000
123 302 5960 5000 8192 0 1000000000
107 175 5105 5000 8192 0 1000000000
64 8 3223 5000 8192 0 1000000000
297 64 15189 5000 8192 0 1000000000
247 38 12658 5000 8192 0 1000000000
271 213 13795 5000 8192 0 1000000000
184 6 9036 5000 8192 0 1000000000
258 32 13068 5000 8192 0 1000000000
15 134 739 5000 8192 0 1000000000
6 266 303 5000 8192 0 1000000000
307 177 15706 5000 8192 0 1000000000
194 299 9615 5000 8192 0 1000000000
268 230 13601 5000 8192 0 1000000000
204 114 10114 5000 8192 0 1000000000
184 263 9026 5000 8192 0 1000000000
226 18 11443 5000 8192 0 1000000000
239 282 12177 5000 8192 0 1000000000
156 58 7714 5000 8192 0 1000000000
29 203 1457 5000 8192 0 1000000000
27 213 1301 5000 8192 0 1000000000
40 233 1880 5000 8192 0 1000000000
170 72 16508 5000 16777216 1 1000000000
89 192 16518 5000 16777216 1 1000000000
307 257 15708 5000 8192 0 1000000000
121 230 5900 5000 8192 0 1000000000
61 194 3018 5000 8192 0 1000000000
254 122 12927 5000 8192 0 1000000000
17 9 854 5000 8192 0 1000000000
118 223 5773 5000 8192 0 1000000000
101 265 4901 5000 8192 0 1000000000
211 219 10522 5000 8192 0 1000000000
226 14 11468 5000 8192 0 1000000000
216 235 10834 5000 8192 0 1000000000
22 115 1091 5000 8192 0 1000000000
137 114 6733 5000 8192 0 1000000000
147 89 7236 5000 8192 0 1000000000
318 17 16248 5000 8192 0 1000000000
254 178 12947 5000 8192 0 1000000000
316 237 16174 5000 8192 0 1000000000
230 243 11602 5000 8192 0 1000000000
127 92 6230 5000 8192 0 1000000000
145 35 7162 5000 8192 0 1000000000
196 4 9724 5000 8192 0 1000000000
84 201 4315 5000 8192 0 1000000000
78 226 3922 5000 8192 0 1000000000
12 280 556 5000 8192 0 1000000000
213 228 10591 5000 8192 0 1000000000
289 80 14744 5000 8192 0 1000000000
143 0 7025 5000 8192 0 1000000000
167 274 8290 5000 8192 0 1000000000
315 298 16114 5000 8192 0 1000000000
83 59 4280 5000 8192 0 1000000000
298 55 15309 5000 8192 0 1000000000
198 292 9884 5000 8192 0 1000000000
313 179 16054 5000 8192 0 1000000000
234 1 11809 5000 8192 0 1000000000
218 68 10945 5000 8192 0 1000000000
290 310 14810 5000 8192 0 1000000000
211 127 10517 5000 8192 0 1000000000
231 105 11629 5000 8192 0 1000000000
186 89 9172 5000 8192 0 1000000000
219 200 10983 5000 8192 0 1000000000
39 313 1825 5000 8192 0 1000000000
161 173 7957 5000 8192 0 1000000000
313 155 16048 5000 8192 0 1000000000
0 100 34 5000 8192 0 1000000000
172 153 8452 5000 8192 0 1000000000
23 80 1202 5000 8192 0 1000000000
310 208 15906 5000 8192 0 1000000000
118 277 5768 5000 8192 0 1000000000
277 299 14079 5000 8192 0 1000000000
137 10 6713 5000 8192 0 1000000000
307 319 15729 5000 8192 0 1000000000
45 64 2198 5000 8192 0 1000000000
87 4 4432 5000 8192 0 1000000000
261 66 13254 5000 8192 0 1000000000
95 160 4671 5000 8192 0 1000000000
115 32 5559 5000 8192 0 1000000000
78 6 3906 5000 8192 0 1000000000
187 290 9249 5000 8192 0 1000000000
79 249 4017 5000 8192 0 1000000000
315 269 16095 5000 8192 0 1000000000
214 175 10688 5000 8192 0 1000000000
218 165 10962 5000 8192 0 1000000000
12 81 521 5000 8192 0 1000000000
182 228 16447 5000 16777216 1 1000000000
266 41 13484 5000 8192 0 1000000000
196 278 9700 5000 8192 0 1000000000
272 287 13860 5000 8192 0 1000000000
184 266 9022 5000 8192 0 1000000000
218 234 10948 5000 8192 0 1000000000
234 2 11819 5000 8192 0 1000000000
6 162 293 5000 8192 0 1000000000
211 69 10500 5000 8192 0 1000000000
20 206 980 5000 8192 0 1000000000
210 70 10448 5000 8192 0 1000000000
286 65 14595 5000 8192 0 1000000000
73 15 3746 5000 8192 0 1000000000
308 272 15805 5000 8192 0 1000000000
186 278 9159 5000 8192 0 1000000000
90 106 4481 5000 8192 0 1000000000
210 257 10430 5000 8192 0 1000000000
268 37 13614 5000 8192 0 1000000000
183 206 8982 5000 8192 0 1000000000
165 85 8173 5000 8192 0 1000000000
189 224 9350 5000 8192 0 1000000000
6 4 274 5000 8192 0 1000000000
280 298 14272 5000 8192 0 1000000000
249 119 12813 5000 8192 0 1000000000
160 71 7894 5000 8192 0 1000000000
129 308 6337 5000 8192 0 1000000000
162 135 8030 5000 8192 0 1000000000
54 278 2588 5000 8192 0 1000000000
14 297 696 5000 8192 0 1000000000
123 24 5938 5000 8192 0 1000000000
32 49 1636 5000 8192 0 1000000000
113 275 5456 5000 8192 0 1000000000
148 86 7299 5000 8192 0 1000000000
282 299 14383 5000 8192 0 1000000000
290 316 14806 5000 8192 0 1000000000
269 306 13701 5000 8192 0 1000000000
221 227 11118 5000 8192 0 1000000000
60 12 2957 5000 8192 0 1000000000
142 230 6990 5000 8192 0 1000000000
31 200 1538 5000 8192 0 1000000000
147 301 7270 5000 8192 0 1000000000
161 145 7927 5000 8192 0 1000000000
161 196 7950 5000 8192 0 1000000000
107 51 5077 5000 8192 0 1000000000
236 167 11979 5000 8192 0 1000000000
156 82 7676 5000 8192 0 1000000000
144 1 7121 5000 8192 0 1000000000
291 28 14899 5000 8192 0 1000000000
50 262 2404 5000 8192 0 1000000000
286 245 14603 5000 8192 0 1000000000
40 276 1917 5000 8192 0 1000000000
97 61 4758 5000 8192 0 1000000000
136 133 6663 5000 8192 0 1000000000
218 311 10912 5000 8192 0 1000000000
296 4 15148 5000 8192 0 1000000000
135 175 6635 5000 8192 0 1000000000
304 102 15547 5000 8192 0 1000000000
215 221 10720 5000 8192 0 1000000000
197 72 9819 5000 8192 0 1000000000
69 34 3543 5000 8192 0 1000000000
81 276 4097 5000 8192 0 1000000000
117 108 5695 5000 8192 0 1000000000
28 298 1392 5000 8192 0 1000000000
167 229 8277 5000 8192 0 1000000000
255 188 12952 5000 8192 0 1000000000
315 154 16138 5000 8192 0 1000000000
115 128 5599 5000 8192 0 1000000000
138 97 6803 5000 8192 0 1000000000
66 314 3332 5000 8192 0 1000000000
97 104 4771 5000 8192 0 1000000000
173 75 8539 5000 8192 0 1000000000
137 275 6746 5000 8192 0 1000000000
18 98 943 5000 8192 0 1000000000
146 207 16460 5000 16777216 1 1000000000
140 293 6842 5000 8192 0 1000000000
241 107 12258 5000 8192 0 1000000000
113 119 5485 5000 8192 0 1000000000
203 136 10072 5000 8192 0 1000000000
163 86 8056 5000 8192 0 1000000000
205 149 10145 5000 8192 0 1000000000
211 187 10467 5000 8192 0 1000000000
185 186 9066 5000 8192 0 1000000000
232 265 11680 5000 8192 0 1000000000
229 62 11546 5000 8192 0 1000000000
44 56 2109 5000 8192 0 1000000000
138 268 6808 5000 8192 0 1000000000
69 198 3541 5000 8192 0 1000000000
121 164 5925 5000 8192 0 1000000000
160 250 7854 5000 8192 0 1000000000
156 230 7689 5000 8192 0 1000000000
39 2 1837 5000 8192 0 1000000000
264 289 13345 5000 8192 0 1000000000
101 212 4893 5000 8192 0 1000000000
270 70 13751 5000 8192 0 1000000000
79 155 3963 5000 8192 0 1000000000
188 50 9252 5000 8192 0 1000000000
97 5 4728 5000 8192 0 1000000000
298 81 15287 5000 8192 0 1000000000
85 293 4346 5000 8192 0 1000000000
69 194 3551 5000 8192 0 1000000000
56 155 2695 5000 8192 0 1000000000
147 292 7243 5000 8192 0 1000000000
0 243 31 5000 8192 0 1000000000
189 50 9372 5000 8192 0 1000000000
165 290 8183 5000 8192 0 1000000000
186 159 9166 5000 8192 0 1000000000
4 153 247 5000 8192 0 1000000000
318 159 16231 5000 8192 0 1000000000
205 179 10186 5000 8192 0 1000000000
115 136 5606 5000 8192 0 1000000000
215 209 10751 5000 8192 0 1000000000
161 188 7930 5000 8192 0 1000000000
79 153 3997 5000 8192 0 1000000000
119 184 5832 5000 8192 0 1000000000
277 50 14061 5000 8192 0 1000000000
3 238 166 5000 8192 0 1000000000
87 185 4464 5000 8192 0 1000000000
144 20 7143 5000 8192 0 1000000000
23 168 1161 5000 8192 0 1000000000
83 82 4220 5000 8192 0 1000000000
115 94 5556 5000 8192 0 1000000000
107 252 5063 5000 8192 0 1000000000
136 121 6700 5000 8192 0 1000000000
28 247 1405 5000 8192 0 1000000000
240 170 12214 5000 8192 0 1000000000
224 64 11340 5000 8192 0 1000000000
165 259 8197 5000 8192 0 1000000000
52 4 2541 5000 8192 0 1000000000
76 127 3894 5000 8192 0 1000000000
262 212 13326 5000 8192 0 1000000000
237 295 12026 5000 8192 0 1000000000
295 305 15111 5000 8192 0 1000000000
252 44 12869 5000 8192 0 1000000000
56 240 2718 5000 8192 0 1000000000
319 296 16323 5000 8192 0 1000000000
135 219 6604 5000 8192 0 1000000000
206 147 10247 5000 8192 0 1000000000
85 20 4394 5000 8192 0 1000000000
247 213 12636 5000 8192 0 1000000000
302 100 15410 5000 8192 0 1000000000
112 277 5392 5000 8192 0 1000000000
211 247 10489 5000 8192 0 1000000000
176 191 8685 5000 8192 0 1000000000
240 106 12248 5000 8192 0 1000000000
156 41 7701 5000 8192 0 1000000000
291 8 14892 5000 8192 0 1000000000
293 211 15006 5000 8192 0 1000000000
201 154 9934 5000 8192 0 1000000000
178 106 8775 5000 8192 0 1000000000
197 2 9792 5000 8192 0 1000000000
302 186 15418 5000 8192 0 1000000000
40 314 1900 5000 8192 0 1000000000
117 14 5689 5000 8192 0 1000000000
86 207 16388 5000 16777216 1 1000000000
97 170 4732 5000 8192 0 1000000000
231 63 11650 5000 8192 0 1000000000
79 286 3977 5000 8192 0 1000000000
16 78 771 5000 8192 0 1000000000
271 43 13825 5000 8192 0 1000000000
56 82 2716 5000 8192 0 1000000000
312 176 15953 5000 8192 0 1000000000
279 127 14212 5000 8192 0 1000000000
142 314 6969 5000 8192 0 1000000000
210 12 10433 5000 8192 0 1000000000
304 317 15520 5000 8192 0 1000000000
51 197 2470 5000 8192 0 1000000000
194 219 9617 5000 8192 0 1000000000
140 251 6868 5000 8192 0 1000000000
66 175 3331 5000 8192 0 1000000000
252 144 12864 5000 8192 0 1000000000
64 167 3206 5000 8192 0 1000000000
232 88 11684 5000 8192 0 1000000000
169 27 8409 5000 8192 0 1000000000
300 243 15335 5000 8192 0 1000000000
206 2 10209 5000 8192 0 1000000000
129 275 6336 5000 8192 0 1000000000
305 55 15578 5000 8192 0 1000000000
195 136 9648 5000 8192 0 1000000000
155 297 7635 5000 8192 0 1000000000
8 277 435 5000 8192 0 1000000000
185 197 9077 5000 8192 0 1000000000
210 3 10449 5000 8192 0 1000000000
95 177 4677 5000 8192 0 1000000000
68 292 3494 5000 8192 0 1000000000
62 28 3104 5000 8192 0 1000000000
194 186 9578 5000 8192 0 1000000000
211 191 10464 5000 8192 0 1000000000
144 287 7089 5000 8192 0 1000000000
141 317 6904 5000 8192 0 1000000000
131 254 6502 5000 8192 0 1000000000
101 2 4862 5000 8192 0 1000000000
3 249 192 5000 8192 0 1000000000
312 112 15960 5000 8192 0 1000000000
68 99 3479 5000 8192 0 1000000000
310 12 15893 5000 8192 0 1000000000
252 105 12843 5000 8192 0 1000000000
303 7 15479 5000 8192 0 1000000000
267 241 13537 5000 8192 0 1000000000
200 275 16430 5000 16777216 1 1000000000
254 281 12906 5000 8192 0 1000000000
313 98 16019 5000 8192 0 1000000000
196 49 9705 5000 8192 0 1000000000
296 242 15120 5000 8192 0 1000000000
39 25 1835 5000 8192 0 1000000000
82 263 4156 5000 8192 0 1000000000
114 221 5516 5000 8192 0 1000000000
160 203 7871 5000 8192 0 1000000000
193 77 9551 5000 8192 0 1000000000
238 248 12089 5000 8192 0 1000000000
97 289 4787 5000 8192 0 1000000000
296 203 15150 5000 8192 0 1000000000
295 63 15064 5000 8192 0 1000000000
226 253 11447 5000 8192 0 1000000000
226 60 11419 5000 8192 0 1000000000
43 96 2081 5000 8192 0 1000000000
30 193 1495 5000 8192 0 1000000000
91 260 4590 5000 8192 0 1000000000
214 287 10683 5000 8192 0 1000000000
39 73 1792 5000 8192 0 1000000000
0 142 10 5000 8192 0 1000000000
107 132 5054 5000 8192 0 1000000000
178 262 8767 5000 8192 0 1000000000
137 296 6728 5000 8192 0 1000000000
124 73 6034 5000 8192 0 1000000000
13 168 593 5000 8192 0 1000000000
296 246 15123 5000 8192 0 1000000000
0 94 37 5000 8192 0 1000000000
197 209 9766 5000 8192 0 1000000000
197 34 9781 5000 8192 0 1000000000
44 100 2134 5000 8192 0 1000000000
168 306 8332 5000 8192 0 1000000000
232 162 11735 5000 8192 0 1000000000
243 199 12398 5000 8192 0 1000000000
208 214 10330 5000 8192 0 1000000000
316 207 16198 5000 8192 0 1000000000
211 304 10475 5000 8192 0 1000000000
183 20 8966 5000 8192 0 1000000000
63 204 3142 5000 8192 0 1000000000
109 151 5212 5000 8192 0 1000000000
35 81 1665 5000 8192 0 1000000000
21 40 1080 5000 8192 0 1000000000
308 58 15819 5000 8192 0 1000000000
18 82 926 5000 8192 0 1000000000
270 100 13775 5000 8192 0 1000000000
258 159 13074 5000 8192 0 1000000000
237 84 12025 5000 8192 0 1000000000
126 133 6189 5000 8192 0 1000000000
54 51 2568 5000 8192 0 1000000000
118 174 5794 5000 8192 0 1000000000
252 65 12878 5000 8192 0 1000000000
234 96 11856 5000 8192 0 1000000000
241 107 12307 5000 8192 0 1000000000
316 57 16155 5000 8192 0 1000000000
23 315 1196 5000 8192 0 1000000000
80 102 4031 5000 8192 0 1000000000
188 36 9284 5000 8192 0 1000000000
158 211 7751 5000 8192 0 1000000000
60 157 2997 5000 8192 0 1000000000
68 146 3461 5000 8192 0 1000000000
73 235 3714 5000 8192 0 1000000000
222 46 11188 5000 8192 0 1000000000
198 319 9829 5000 8192 0 1000000000
255 276 12954 5000 8192 0 1000000000
243 216 12416 5000 8192 0 1000000000
159 197 7821 5000 8192 0 1000000000
108 215 5151 5000 8192 0 1000000000
159 28 7831 5000 8192 0 1000000000
287 144 14661 5000 8192 0 1000000000
145 52 7151 5000 8192 0 1000000000
214 264 10710 5000 8192 0 1000000000
45 130 2205 5000 8192 0 1000000000
119 28 5812 5000 8192 0 1000000000
201 216 9946 5000 8192 0 1000000000
2 317 76 5000 8192 0 1000000000
49 57 2354 5000 8192 0 1000000000
172 250 8468 5000 8192 0 1000000000
233 103 11750 5000 8192 0 1000000000
137 160 6745 5000 8192 0 1000000000
179 164 8863 5000 8192 0 1000000000
305 224 15610 5000 8192 0 1000000000
241 78 12264 5000 8192 0 1000000000
28 252 1353 5000 8192 0 1000000000
168 237 8354 5000 8192 0 1000000000
183 259 8990 5000 8192 0 1000000000
2 35 102 5000 8192 0 1000000000
293 197 15003 5000 8192 0 1000000000
276 316 13973 5000 8192 0 1000000000
175 147 8622 5000 8192 0 1000000000
84 209 4302 5000 8192 0 1000000000
318 274 16236 5000 8192 0 1000000000
293 75 15009 5000 8192 0 1000000000
276 52 14019 5000 8192 0 1000000000
2 214 84 5000 8192 0 1000000000
296 190 15165 5000 8192 0 1000000000
319 42 16311 5000 8192 0 1000000000
114 31 5533 5000 8192 0 1000000000
22 257 1108 5000 8192 0 1000000000
252 175 12874 5000 8192 0 1000000000
76 60 3895 5000 8192 0 1000000000
87 3 4458 5000 8192 0 1000000000
209 130 10383 5000 8192 0 1000000000
277 162 14051 5000 8192 0 1000000000
147 156 7245 5000 8192 0 1000000000
147 229 7272 5000 8192 0 1000000000
226 248 11439 5000 8192 0 1000000000
109 72 5208 5000 8192 0 1000000000
140 105 6892 5000 8192 0 1000000000
31 56 1549 5000 8192 0 1000000000
203 127 10065 5000 8192 0 1000000000
35 137 1707 5000 8192 0 1000000000
276 295 13983 5000 8192 0 1000000000
176 318 8694 5000 8192 0 1000000000
282 67 14410 5000 8192 0 1000000000
297 284 15187 5000 8192 0 1000000000
281 316 14291 5000 8192 0 1000000000
208 27 10271 5000 8192 0 1000000000
248 110 12696 5000 8192 0 1000000000
220 132 11060 5000 8192 0 1000000000
198 253 9854 5000 8192 0 1000000000
124 319 6014 5000 8192 0 1000000000
67 18 3406 5000 8192 0 1000000000
260 265 13199 5000 8192 0 1000000000
52 235 2535 5000 8192 0 1000000000
259 29 13136 5000 8192 0 1000000000
319 220 16326 5000 8192 0 1000000000
83 97 4247 5000 8192 0 1000000000
31 124 1537 5000 8192 0 1000000000
225 189 11380 5000 8192 0 1000000000
197 159 9780 5000 8192 0 1000000000
71 254 3653 5000 8192 0 1000000000
114 44 5542 5000 8192 0 1000000000
24 79 1261 5000 8192 0 1000000000
306 216 15677 5000 8192 0 1000000000
287 267 14623 5000 8192 0 1000000000
73 278 3747 5000 8192 0 1000000000
255 184 12986 5000 8192 0 1000000000
29 38 1421 5000 8192 0 1000000000
265 241 13447 5000 8192 0 1000000000
112 239 5409 5000 8192 0 1000000000
194 296 9605 5000 8192 0 1000000000
151 86 16371 5000 16777216 1 1000000000
195 301 9672 5000 8192 0 1000000000
115 32 5570 5000 8192 0 1000000000
27 306 1296 5000 8192 0 1000000000
187 1 9211 5000 8192 0 1000000000
305 271 15604 5000 8192 0 1000000000
138 128 6827 5000 8192 0 1000000000
274 62 13943 5000 8192 0 1000000000
193 23 9516 5000 8192 0 1000000000
109 201 5174 5000 8192 0 1000000000
21 30 1045 5000 8192 0 1000000000
238 152 12072 5000 8192 0 1000000000
82 103 4158 5000 8192 0 1000000000
232 107 11722 5000 8192 0 1000000000
287 118 14625 5000 8192 0 1000000000
0 293 2 5000 8192 0 1000000000
290 42 14819 5000 8192 0 1000000000
39 239 1838 5000 8192 0 1000000000
213 285 10603 5000 8192 0 1000000000
50 134 2410 5000 8192 0 1000000000
104 210 4982 5000 8192 0 1000000000
36 281 1767 5000 8192 0 1000000000
27 319 1310 5000 8192 0 1000000000
79 129 4008 5000 8192 0 1000000000
90 209 4532 5000 8192 0 1000000000
13 166 607 5000 8192 0 1000000000
145 175 7156 5000 8192 0 1000000000
7 94 333 5000 8192 0 1000000000
39 7 1812 5000 8192 0 1000000000
309 53 15832 5000 8192 0 1000000000
233 172 11779 5000 8192 0 1000000000
252 11 12857 5000 8192 0 1000000000
156 42 7671 5000 8192 0 1000000000
203 214 10079 5000 8192 0 1000000000
8 139 417 5000 8192 0 1000000000
85 34 4380 5000 8192 0 1000000000
14 59 686 5000 8192 0 1000000000
90 186 4496 5000 8192 0 1000000000
245 240 12563 5000 8192 0 1000000000
23 100 1158 5000 8192 0 1000000000
176 219 8719 5000 8192 0 1000000000
81 159 4096 5000 8192 0 1000000000
169 242 8406 5000 8192 0 1000000000
35 135 1724 5000 8192 0 1000000000
113 118 5448 5000 8192 0 1000000000
196 142 9727 5000 8192 0 1000000000
247 309 12634 5000 8192 0 1000000000
155 68 7616 5000 8192 0 1000000000
32 65 1630 5000 8192 0 1000000000
261 198 13238 5000 8192 0 1000000000
190 220 9435 5000 8192 0 1000000000
39 118 1831 5000 8192 0 1000000000
271 161 13823 5000 8192 0 1000000000
216 39 10812 5000 8192 0 1000000000
91 44 4568 5000 8192 0 1000000000
306 19 15689 5000 8192 0 1000000000
111 144 5301 5000 8192 0 1000000000
242 218 12375 5000 8192 0 1000000000
229 36 11526 5000 8192 0 1000000000
97 282 4735 5000 8192 0 1000000000
224 98 11325 5000 8192 0 1000000000
143 46 7054 5000 8192 0 1000000000
277 266 14050 5000 8192 0 1000000000
232 144 11695 5000 8192 0 1000000000
190 221 9429 5000 8192 0 1000000000
73 198 3722 5000 8192 0 1000000000
197 199 9818 5000 8192 0 1000000000
29 236 1459 5000 8192 0 1000000000
140 59 6839 5000 8192 0 1000000000
83 12 4250 5000 8192 0 1000000000
41 112 1944 5000 8192 0 1000000000
194 315 9620 5000 8192 0 1000000000
216 58 10803 5000 8192 0 1000000000
20 48 1013 5000 8192 0 1000000000
42 197 1988 5000 8192 0 1000000000
55 306 2678 5000 8192 0 1000000000
109 284 5185 5000 8192 0 1000000000
66 256 3375 5000 8192 0 1000000000
176 8 8724 5000 8192 0 1000000000
44 75 2150 5000 8192 0 1000000000
9 174 489 5000 8192 0 1000000000
61 105 3034 5000 8192 0 1000000000
240 265 12207 5000 8192 0 1000000000
112 224 5396 5000 8192 0 1000000000
222 73 11200 5000 8192 0 1000000000
250 99 16515 5000 16777216 1 1000000000
194 275 9630 5000 8192 0 1000000000
69 235 3533 5000 8192 0 1000000000
303 34 15499 5000 8192 0 1000000000
265 221 13415 5000 8192 0 1000000000
214 97 10658 5000 8192 0 1000000000
257 250 16403 5000 16777216 1 1000000000
175 28 8672 5000 8192 0 1000000000
239 64 12135 5000 8192 0 1000000000
167 66 8294 5000 8192 0 1000000000
163 30 8098 5000 8192 0 1000000000
204 94 10122 5000 8192 0 1000000000
195 169 9691 5000 8192 0 1000000000
315 207 16080 5000 8192 0 1000000000
206 128 10218 5000 8192 0 1000000000
276 98 13978 5000 8192 0 1000000000
17 189 889 5000 8192 0 1000000000
155 181 7654 5000 8192 0 1000000000
215 301 10773 5000 8192 0 1000000000
244 18 12491 5000 8192 0 1000000000
302 285 15378 5000 8192 0 1000000000
288 21 14730 5000 8192 0 1000000000
28 121 1403 5000 8192 0 1000000000
298 152 15290 5000 8192 0 1000000000
186 89 9169 5000 8192 0 1000000000
288 149 14681 5000 8192 0 1000000000
131 76 6495 5000 8192 0 1000000000
104 45 5024 5000 8192 0 1000000000
181 301 8898 5000 8192 0 1000000000
102 94 4931 5000 8192 0 1000000000
304 63 15542 5000 8192 0 1000000000
69 300 3558 5000 8192 0 1000000000
310 135 15938 5000 8192 0 1000000000
211 80 10483 5000 8192 0 1000000000
136 133 6644 5000 8192 0 1000000000
108 272 5164 5000 8192 0 1000000000
195 12 9694 5000 8192 0 1000000000
307 319 15754 5000 8192 0 1000000000
116 295 5638 5000 8192 0 1000000000
274 85 13909 5000 8192 0 1000000000
263 132 16352 5000 16777216 1 1000000000
44 166 2119 5000 8192 0 1000000000
265 186 13397 5000 8192 0 1000000000
95 233 4706 5000 8192 0 1000000000
272 30 13873 5000 8192 0 1000000000
104 132 5043 5000 8192 0 1000000000
113 23 5461 5000 8192 0 1000000000
272 24 13880 5000 8192 0 1000000000
21 147 1073 5000 8192 0 1000000000
290 100 14856 5000 8192 0 1000000000
47 74 2245 5000 8192 0 1000000000
140 63 6859 5000 8192 0 1000000000
41 205 1945 5000 8192 0 1000000000
244 312 12499 5000 8192 0 1000000000
136 90 6701 5000 8192 0 1000000000
42 92 2021 5000 8192 0 1000000000
70 236 3613 5000 8192 0 1000000000
73 233 3716 5000 8192 0 1000000000
57 103 2793 5000 8192 0 1000000000
232 279 11693 5000 8192 0 1000000000
40 95 1870 5000 8192 0 1000000000
150 15 7409 5000 8192 0 1000000000
61 166 3067 5000 8192 0 1000000000
179 147 8814 5000 8192 0 1000000000
181 13 8923 5000 8192 0 1000000000
75 98 3818 5000 8192 0 1000000000
61 159 3050 5000 8192 0 1000000000
209 243 10341 5000 8192 0 1000000000
117 44 5726 5000 8192 0 1000000000
15 257 757 5000 8192 0 1000000000
319 40 16309 5000 8192 0 1000000000
286 158 14550 5000 8192 0 1000000000
27 42 1304 5000 8192 0 1000000000
125 285 6081 5000 8192 0 1000000000
254 193 12904 5000 8192 0 1000000000
84 41 4332 5000 8192 0 1000000000
75 80 3804 5000 8192 0 1000000000
137 316 6754 5000 8192 0 1000000000
16 92 824 5000 8192 0 1000000000
140 59 6871 5000 8192 0 1000000000
241 154 12293 5000 8192 0 1000000000
155 294 7653 5000 8192 0 1000000000
173 123 8512 5000 8192 0 1000000000
40 226 1916 5000 8192 0 1000000000
22 193 1148 5000 8192 0 1000000000
286 193 14555 5000 8192 0 1000000000
292 297 14959 5000 8192 0 1000000000
149 252 7349 5000 8192 0 1000000000
79 96 4000 5000 8192 0 1000000000
248 151 12728 5000 8192 0 1000000000
296 83 15161 5000 8192 0 1000000000
97 175 4729 5000 8192 0 1000000000
2 96 70 5000 8192 0 1000000000
309 42 15860 5000 8192 0 1000000000
81 145 4100 5000 8192 0 1000000000
202 295 9992 5000 8192 0 1000000000
232 305 11723 5000 8192 0 1000000000
241 70 12251 5000 8192 0 1000000000
49 26 2338 5000 8192 0 1000000000
21 265 1057 5000 8192 0 1000000000
67 11 3425 5000 8192 0 1000000000
260 161 13186 5000 8192 0 1000000000
188 261 9313 5000 8192 0 1000000000
270 242 13766 5000 8192 0 1000000000
220 303 11096 5000 8192 0 1000000000
238 150 12076 5000 8192 0 1000000000
71 48 3644 5000 8192 0 1000000000
280 229 14271 5000 8192 0 1000000000
285 255 14541 5000 8192 0 1000000000
0 163 50 5000 8192 0 1000000000
83 69 4245 5000 8192 0 1000000000
55 108 2675 5000 8192 0 1000000000
47 314 2251 5000 8192 0 1000000000
20 220 993 5000 8192 0 1000000000
305 200 15619 5000 8192 0 1000000000
267 265 13526 5000 8192 0 1000000000
225 208 11417 5000 8192 0 1000000000
39 246 1843 5000 8192 0 1000000000
279 242 14223 5000 8192 0 1000000000
149 208 7386 5000 8192 0 1000000000
115 296 5563 5000 8192 0 1000000000
143 257 7053 5000 8192 0 1000000000
101 289 4915 5000 8192 0 1000000000
198 161 9875 5000 8192 0 1000000000
232 214 11681 5000 8192 0 1000000000
23 240 1186 5000 8192 0 1000000000
202 316 9971 5000 8192 0 1000000000
152 301 7471 5000 8192 0 1000000000
193 180 9513 5000 8192 0 1000000000
276 145 14021 5000 8192 0 1000000000
297 172 15193 5000 8192 0 1000000000
66 124 3357 5000 8192 0 1000000000
60 267 2964 5000 8192 0 1000000000
150 13 7425 5000 8192 0 1000000000
162 202 7981 5000 8192 0 1000000000
32 278 1606 5000 8192 0 1000000000
261 44 13256 5000 8192 0 1000000000
290 312 14812 5000 8192 0 1000000000
114 5 5549 5000 8192 0 1000000000
179 25 8835 5000 8192 0 1000000000
83 185 4228 5000 8192 0 1000000000
161 200 7956 5000 8192 0 1000000000
244 28 12501 5000 8192 0 1000000000
17 43 872 5000 8192 0 1000000000
131 117 6469 5000 8192 0 1000000000
308 125 15769 5000 8192 0 1000000000
0 110 38 5000 8192 0 1000000000
310 59 15929 5000 8192 0 1000000000
13 76 576 5000 8192 0 1000000000
58 302 2817 5000 8192 0 1000000000
87 11 4453 5000 8192 0 1000000000
118 59 5750 5000 8192 0 1000000000
213 289 10616 5000 8192 0 1000000000
2 20 93 5000 8192 0 1000000000
36 217 1766 5000 8192 0 1000000000
169 280 8417 5000 8192 0 1000000000
318 235 16213 5000 8192 0 1000000000
237 57 12023 5000 8192 0 1000000000
175 303 8621 5000 8192 0 1000000000
269 247 13713 5000 8192 0 1000000000
104 49 5041 5000 8192 0 1000000000
293 125 15044 5000 8192 0 1000000000
201 146 9952 5000 8192 0 1000000000
231 86 11659 5000 8192 0 1000000000
219 203 11018 5000 8192 0 1000000000
267 282 13570 5000 8192 0 1000000000
303 121 15466 5000 8192 0 1000000000
111 273 5325 5000 8192 0 1000000000
297 206 15222 5000 8192 0 1000000000
41 173 1925 5000 8192 0 1000000000
213 230 10606 5000 8192 0 1000000000
51 176 2438 5000 8192 0 1000000000
198 265 9857 5000 8192 0 1000000000
152 126 7513 5000 8192 0 1000000000
41 155 1974 5000 8192 0 1000000000
35 65 1706 5000 8192 0 1000000000
204 77 10118 5000 8192 0 1000000000
165 96 8224 5000 8192 0 1000000000
195 19 9642 5000 8192 0 1000000000
303 165 15446 5000 8192 0 1000000000
29 134 1445 5000 8192 0 1000000000
185 173 9113 5000 8192 0 1000000000
193 227 9530 5000 8192 0 1000000000
265 216 13428 5000 8192 0 1000000000
297 118 15192 5000 8192 0 1000000000
76 260 3853 5000 8192 0 1000000000
75 259 3780 5000 8192 0 1000000000
127 187 6223 5000 8192 0 1000000000
84 97 4308 5000 8192 0 1000000000
270 194 13770 5000 8192 0 1000000000
272 101 13868 5000 8192 0 1000000000
128 276 6272 5000 8192 0 1000000000
217 266 10877 5000 8192 0 1000000000
73 231 3738 5000 8192 0 1000000000
239 232 12166 5000 8192 0 1000000000
159 231 7825 5000 8192 0 1000000000
126 175 6135 5000 8192 0 1000000000
169 214 8400 5000 8192 0 1000000000
138 214 6830 5000 8192 0 1000000000
130 210 6430 5000 8192 0 1000000000
186 209 9124 5000 8192 0 1000000000
174 244 8597 5000 8192 0 1000000000
285 81 14484 5000 8192 0 1000000000
244 88 12458 5000 8192 0 1000000000
8 286 384 5000 8192 0 1000000000
156 316 7711 5000 8192 0 1000000000
78 187 3904 5000 8192 0 1000000000
95 59 4712 5000 8192 0 1000000000
291 201 14922 5000 8192 0 1000000000
188 126 9285 5000 8192 0 1000000000
261 116 13244 5000 8192 0 1000000000
295 79 15095 5000 8192 0 1000000000
305 292 15587 5000 8192 0 1000000000
69 296 3542 5000 8192 0 1000000000
43 24 2092 5000 8192 0 1000000000
303 293 15493 5000 8192 0 1000000000
158 64 7760 5000 8192 0 1000000000
282 297 14357 5000 8192 0 1000000000
316 90 16203 5000 8192 0 1000000000
114 147 5539 5000 8192 0 1000000000
231 318 11638 5000 8192 0 1000000000
164 95 8155 5000 8192 0 1000000000
22 47 1129 5000 8192 0 1000000000
65 260 3300 5000 8192 0 1000000000
290 304 14855 5000 8192 0 1000000000
130 271 6392 5000 8192 0 1000000000
90 15 4497 5000 8192 0 1000000000
316 148 16202 5000 8192 0 1000000000
232 212 11719 5000 8192 0 1000000000
4 286 243 5000 8192 0 1000000000
226 291 11448 5000 8192 0 1000000000
43 131 2056 5000 8192 0 1000000000
2 228 83 5000 8192 0 1000000000
20 8 989 5000 8192 0 1000000000
174 77 8610 5000 8192 0 1000000000
274 189 13940 5000 8192 0 1000000000
219 277 11019 5000 8192 0 1000000000
127 249 6244 5000 8192 0 1000000000
288 114 14727 5000 8192 0 1000000000
81 171 4152 5000 8192 0 1000000000
243 151 12388 5000 8192 0 1000000000
75 148 3782 5000 8192 0 1000000000
115 75 5568 5000 8192 0 1000000000
290 96 14837 5000 8192 0 1000000000
51 296 2491 5000 8192 0 1000000000
83 167 4232 5000 8192 0 1000000000
87 177 4420 5000 8192 0 1000000000
128 201 6259 5000 8192 0 1000000000
285 35 14536 5000 8192 0 1000000000
176 138 8741 5000 8192 0 1000000000
313 265 16031 5000 8192 0 1000000000
194 109 9633 5000 8192 0 1000000000
20 315 974 5000 8192 0 1000000000
82 183 4166 5000 8192 0 1000000000
193 2 9560 5000 8192 0 1000000000
278 26 14137 5000 8192 0 1000000000
4 39 253 5000 8192 0 1000000000
16 311 785 5000 8192 0 1000000000
140 302 6887 5000 8192 0 1000000000
312 266 15987 5000 8192 0 1000000000
238 43 12060 5000 8192 0 1000000000
205 32 10178 5000 8192 0 1000000000
229 174 11509 5000 8192 0 1000000000
271 42 13799 5000 8192 0 1000000000
80 244 4055 5000 8192 0 1000000000
242 290 12338 5000 8192 0 1000000000
181 280 8879 5000 8192 0 1000000000
138 17 6796 5000 8192 0 1000000000
266 257 13482 5000 8192 0 1000000000
98 151 4836 5000 8192 0 1000000000
262 40 13299 5000 8192 0 1000000000
90 167 4502 5000 8192 0 1000000000
231 214 11671 5000 8192 0 1000000000
61 83 3060 5000 8192 0 1000000000
258 246 13055 5000 8192 0 1000000000
284 253 14455 5000 8192 0 1000000000
242 53 12367 5000 8192 0 1000000000
229 149 11533 5000 8192 0 1000000000
14 156 660 5000 8192 0 1000000000
24 109 1223 5000 8192 0 1000000000
60 189 2952 5000 8192 0 1000000000
252 254 12860 5000 8192 0 1000000000
262 75 13303 5000 8192 0 1000000000
116 199 5650 5000 8192 0 1000000000
226 26 11449 5000 8192 0 1000000000
127 9 6243 5000 8192 0 1000000000
285 56 14542 5000 8192 0 1000000000
143 269 7041 5000 8192 0 1000000000
81 186 4110 5000 8192 0 1000000000
136 261 6685 5000 8192 0 1000000000
69 20 3549 5000 8192 0 1000000000
83 59 4255 5000 8192 0 1000000000
21 88 1030 5000 8192 0 1000000000
171 317 16401 5000 16777216 1 1000000000
284 4 14427 5000 8192 0 1000000000
288 78 14708 5000 8192 0 1000000000
73 295 3725 5000 8192 0 1000000000
127 289 6213 5000 8192 0 1000000000
221 294 11143 5000 8192 0 1000000000
42 120 2024 5000 8192 0 1000000000
20 134 1007 5000 8192 0 1000000000
249 20 12762 5000 8192 0 1000000000
64 5 3222 5000 8192 0 1000000000
73 307 3752 5000 8192 0 1000000000
112 102 5402 5000 8192 0 1000000000
279 144 14201 5000 8192 0 1000000000
126 143 6152 5000 8192 0 1000000000
268 8 13634 5000 8192 0 1000000000
210 226 10403 5000 8192 0 1000000000
155 191 7651 5000 8192 0 1000000000
274 21 13953 5000 8192 0 1000000000
15 92 738 5000 8192 0 1000000000
140 258 6884 5000 8192 0 1000000000
186 298 9156 5000 8192 0 1000000000
50 278 2417 5000 8192 0 1000000000
81 130 4136 5000 8192 0 1000000000
158 289 7750 5000 8192 0 1000000000
36 219 1758 5000 8192 0 1000000000
194 285 9631 5000 8192 0 1000000000
62 66 3085 5000 8192 0 1000000000
219 206 11025 5000 8192 0 1000000000
141 170 6925 5000 8192 0 1000000000
107 26 5099 5000 8192 0 1000000000
282 31 14367 5000 8192 0 1000000000
39 273 1844 5000 8192 0 1000000000
212 192 10550 5000 8192 0 1000000000
27 53 1340 5000 8192 0 1000000000
185 165 9065 5000 8192 0 1000000000
280 41 14239 5000 8192 0 1000000000
109 235 5221 5000 8192 0 1000000000
81 230 4129 5000 8192 0 1000000000
240 175 12204 5000 8192 0 1000000000
57 183 2767 5000 8192 0 1000000000
174 233 8606 5000 8192 0 1000000000
16 166 826 5000 8192 0 1000000000
305 249 15584 5000 8192 0 1000000000
264 243 13362 5000 8192 0 1000000000
30 24 1529 5000 8192 0 1000000000
204 60 10119 5000 8192 0 1000000000
56 200 2702 5000 8192 0 1000000000
98 179 4792 5000 8192 0 1000000000
185 47 9071 5000 8192 0 1000000000
222 308 11207 5000 8192 0 1000000000
55 165 2644 5000 8192 0 1000000000
123 242 5956 5000 8192 0 1000000000
87 128 4434 5000 8192 0 1000000000
51 103 2439 5000 8192 0 1000000000
208 56 10318 5000 8192 0 1000000000
149 283 7374 5000 8192 0 1000000000
114 111 5523 5000 8192 0 1000000000
174 21 8602 5000 8192 0 1000000000
196 248 9730 5000 8192 0 1000000000
211 163 10498 5000 8192 0 1000000000
217 153 10868 5000 8192 0 1000000000
76 206 3866 5000 8192 0 1000000000
158 299 7773 5000 8192 0 1000000000
204 299 10110 5000 8192 0 1000000000
193 216 9518 5000 8192 0 1000000000
245 283 12508 5000 8192 0 1000000000
17 83 861 5000 8192 0 1000000000
291 318 14880 5000 8192 0 1000000000
126 103 6176 5000 8192 0 1000000000
95 10 4669 5000 8192 0 1000000000
217 118 10898 5000 8192 0 1000000000
260 276 13163 5000 8192 0 1000000000
101 27 4866 5000 8192 0 1000000000
276 117 13977 5000 8192 0 1000000000
205 57 10147 5000 8192 0 1000000000
164 6 8152 5000 8192 0 1000000000
297 277 15234 5000 8192 0 1000000000
8 319 398 5000 8192 0 1000000000
237 91 12033 5000 8192 0 1000000000
52 10 2526 5000 8192 0 1000000000
266 61 13488 5000 8192 0 1000000000
249 205 12810 5000 8192 0 1000000000
262 146 13313 5000 8192 0 1000000000
188 88 9278 5000 8192 0 1000000000
150 193 7410 5000 8192 0 1000000000
292 226 14968 5000 8192 0 1000000000
174 18 8574 5000 8192 0 1000000000
270 53 13747 5000 8192 0 1000000000
210 63 10429 5000 8192 0 1000000000
204 54 10117 5000 8192 0 1000000000
168 198 8320 5000 8192 0 1000000000
187 176 9210 5000 8192 0 1000000000
121 227 5901 5000 8192 0 1000000000
144 133 7091 5000 8192 0 1000000000
277 0 14048 5000 8192 0 1000000000
30 219 1515 5000 8192 0 1000000000
309 56 15882 5000 8192 0 1000000000
290 175 14822 5000 8192 0 1000000000
191 71 9495 5000 8192 0 1000000000
65 277 3280 5000 8192 0 1000000000
67 228 3428 5000 8192 0 1000000000
172 274 8485 5000 8192 0 1000000000
126 194 6133 5000 8192 0 1000000000
204 40 10135 5000 8192 0 1000000000
83 236 4257 5000 8192 0 1000000000
110 234 5250 5000 8192 0 1000000000
47 215 2247 5000 8192 0 1000000000
241 314 12270 5000 8192 0 1000000000
61 227 3026 5000 8192 0 1000000000
97 71 4757 5000 8192 0 1000000000
271 256 13793 5000 8192 0 1000000000
185 1 9086 5000 8192 0 1000000000
176 91 8729 5000 8192 0 1000000000
239 217 12173 5000 8192 0 1000000000
209 93 10340 5000 8192 0 1000000000
17 241 842 5000 8192 0 1000000000
142 147 7021 5000 8192 0 1000000000
63 281 3171 5000 8192 0 1000000000
319 88 16302 5000 8192 0 1000000000
144 97 7138 5000 8192 0 1000000000
110 41 5298 5000 8192 0 1000000000
111 180 5356 5000 8192 0 1000000000
190 280 9381 5000 8192 0 1000000000
42 160 2030 5000 8192 0 1000000000
174 232 8557 5000 8192 0 1000000000
130 303 6441 5000 8192 0 1000000000
235 292 11926 5000 8192 0 1000000000
204 158 10123 5000 8192 0 1000000000
149 146 7380 5000 8192 0 1000000000
243 6 12389 5000 8192 0 1000000000
267 60 13563 5000 8192 0 1000000000
107 88 5047 5000 8192 0 1000000000
172 82 8456 5000 8192 0 1000000000
277 163 14090 5000 8192 0 1000000000
76 172 3860 5000 8192 0 1000000000
269 82 13692 5000 8192 0 1000000000
125 31 6123 5000 8192 0 1000000000
82 115 4159 5000 8192 0 1000000000
172 15 8464 5000 8192 0 1000000000
189 222 9358 5000 8192 0 1000000000
78 208 3931 5000 8192 0 1000000000
204 159 10082 5000 8192 0 1000000000
121 166 5878 5000 8192 0 1000000000
248 307 12698 5000 8192 0 1000000000
63 70 3182 5000 8192 0 1000000000
214 117 10696 5000 8192 0 1000000000
3 265 161 5000 8192 0 1000000000
92 250 4648 5000 8192 0 1000000000
258 128 13027 5000 8192 0 1000000000
319 301 16325 5000 8192 0 1000000000
267 298 13561 5000 8192 0 1000000000
300 34 15331 5000 8192 0 1000000000
71 9 3657 5000 8192 0 1000000000
189 310 9368 5000 8192 0 1000000000
31 218 1560 5000 8192 0 1000000000
140 67 6882 5000 8192 0 1000000000
289 76 14761 5000 8192 0 1000000000
12 71 543 5000 8192 0 1000000000
315 213 16094 5000 8192 0 1000000000
221 179 11147 5000 8192 0 1000000000
63 55 3139 5000 8192 0 1000000000
274 126 13924 5000 8192 0 1000000000
126 14 6131 5000 8192 0 1000000000
204 104 10107 5000 8192 0 1000000000
43 273 2057 5000 8192 0 1000000000
126 274 6153 5000 8192 0 1000000000
22 301 1124 5000 8192 0 1000000000
57 271 2792 5000 8192 0 1000000000
40 69 1914 5000 8192 0 1000000000
156 295 7663 5000 8192 0 1000000000
319 163 16276 5000 8192 0 1000000000
258 177 13053 5000 8192 0 1000000000
40 82 1863 5000 8192 0 1000000000
195 243 9641 5000 8192 0 1000000000
52 93 2539 5000 8192 0 1000000000
83 202 4239 5000 8192 0 1000000000
155 232 7656 5000 8192 0 1000000000
165 188 8217 5000 8192 0 1000000000
234 297 11828 5000 8192 0 1000000000
289 69 14760 5000 8192 0 1000000000
82 73 4211 5000 8192 0 1000000000
21 83 1068 5000 8192 0 1000000000
32 129 1615 5000 8192 0 1000000000
61 95 3013 5000 8192 0 1000000000
168 77 8303 5000 8192 0 1000000000
292 312 14939 5000 8192 0 1000000000
135 39 6603 5000 8192 0 1000000000
296 65 15132 5000 8192 0 1000000000
112 232 5366 5000 8192 0 1000000000
59 200 2883 5000 8192 0 1000000000
159 280 7801 5000 8192 0 1000000000
60 301 2982 5000 8192 0 1000000000
131 218 6461 5000 8192 0 1000000000
267 163 13540 5000 8192 0 1000000000
28 91 1345 5000 8192 0 1000000000
117 259 5722 5000 8192 0 1000000000
45 44 2224 5000 8192 0 1000000000
113 106 5438 5000 8192 0 1000000000
6 195 270 5000 8192 0 1000000000
239 48 12143 5000 8192 0 1000000000
219 1 11024 5000 8192 0 1000000000
173 154 8519 5000 8192 0 1000000000
282 133 14411 5000 8192 0 1000000000
61 208 3028 5000 8192 0 1000000000
121 20 5892 5000 8192 0 1000000000
66 108 3376 5000 8192 0 1000000000
286 109 14556 5000 8192 0 1000000000
287 190 14650 5000 8192 0 1000000000
255 216 12989 5000 8192 0 1000000000
102 156 4960 5000 8192 0 1000000000
212 201 10560 5000 8192 0 1000000000
231 128 11615 5000 8192 0 1000000000
61 51 3008 5000 8192 0 1000000000
292 97 14978 5000 8192 0 1000000000
189 207 9374 5000 8192 0 1000000000
124 185 6018 5000 8192 0 1000000000
193 26 9541 5000 8192 0 1000000000
0 282 22 5000 8192 0 1000000000
21 123 1039 5000 8192 0 1000000000
240 222 12225 5000 8192 0 1000000000
163 287 8055 5000 8192 0 1000000000
138 55 6828 5000 8192 0 1000000000
115 121 5586 5000 8192 0 1000000000
175 155 8639 5000 8192 0 1000000000
198 213 9870 5000 8192 0 1000000000
101 73 4887 5000 8192 0 1000000000
291 119 14904 5000 8192 0 1000000000
130 214 6404 5000 8192 0 1000000000
213 46 10599 5000 8192 0 1000000000
282 49 14403 5000 8192 0 1000000000
172 14 8478 5000 8192 0 1000000000
248 116 12732 5000 8192 0 1000000000
39 140 1791 5000 8192 0 1000000000
252 135 12831 5000 8192 0 1000000000
213 117 10652 5000 8192 0 1000000000
222 258 11170 5000 8192 0 1000000000
27 262 1289 5000 8192 0 1000000000
29 290 1452 5000 8192 0 1000000000
60 32 2991 5000 8192 0 1000000000
68 105 3487 5000 8192 0 1000000000
241 182 12281 5000 8192 0 1000000000
155 136 7638 5000 8192 0 1000000000
30 74 1505 5000 8192 0 1000000000
87 254 4422 5000 8192 0 1000000000
202 187 9975 5000 8192 0 1000000000
259 248 13140 5000 8192 0 1000000000
249 203 12817 5000 8192 0 1000000000
116 66 5621 5000 8192 0 1000000000
303 46 15472 5000 8192 0 1000000000
76 65 3890 5000 8192 0 1000000000
282 292 14391 5000 8192 0 1000000000
215 79 10725 5000 8192 0 1000000000
188 88 9289 5000 8192 0 1000000000
191 313 9504 5000 8192 0 1000000000
59 271 2909 5000 8192 0 1000000000
112 111 5406 5000 8192 0 1000000000
206 227 10257 5000 8192 0 1000000000
58 46 2821 5000 8192 0 1000000000
36 63 1746 5000 8192 0 1000000000
190 267 9415 5000 8192 0 1000000000
98 55 4800 5000 8192 0 1000000000
141 319 6929 5000 8192 0 1000000000
185 70 9079 5000 8192 0 1000000000
241 50 12309 5000 8192 0 1000000000
118 293 5801 5000 8192 0 1000000000
97 40 4775 5000 8192 0 1000000000
135 23 6620 5000 8192 0 1000000000
169 139 8375 5000 8192 0 1000000000
168 130 8309 5000 8192 0 1000000000
87 109 4466 5000 8192 0 1000000000
18 40 955 5000 8192 0 1000000000
115 136 5591 5000 8192 0 1000000000
95 36 4701 5000 8192 0 1000000000
235 257 11912 5000 8192 0 1000000000
85 148 4355 5000 8192 0 1000000000
239 49 12153 5000 8192 0 1000000000
209 284 10386 5000 8192 0 1000000000
202 216 9974 5000 8192 0 1000000000
174 230 8579 5000 8192 0 1000000000
225 96 11403 5000 8192 0 1000000000
85 19 4367 5000 8192 0 1000000000
271 215 13788 5000 8192 0 1000000000
187 290 9196 5000 8192 0 1000000000
128 259 6304 5000 8192 0 1000000000
135 300 6594 5000 8192 0 1000000000
298 221 15251 5000 8192 0 1000000000
82 46 4198 5000 8192 0 1000000000
212 121 10556 5000 8192 0 1000000000
144 9 7116 5000 8192 0 1000000000
164 224 8123 5000 8192 0 1000000000
131 286 6482 5000 8192 0 1000000000
220 286 11099 5000 8192 0 1000000000
159 255 7844 5000 8192 0 1000000000
269 203 13663 5000 8192 0 1000000000
17 223 849 5000 8192 0 1000000000
21 107 1072 5000 8192 0 1000000000
211 231 10506 5000 8192 0 1000000000
108 128 5170 5000 8192 0 1000000000
44 168 2125 5000 8192 0 1000000000
308 299 15801 5000 8192 0 1000000000
42 230 2042 5000 8192 0 1000000000
210 83 10437 5000 8192 0 1000000000
246 296 12593 5000 8192 0 1000000000
27 150 1309 5000 8192 0 1000000000
236 248 11942 5000 8192 0 1000000000
161 3 7915 5000 8192 0 1000000000
305 15 15601 5000 8192 0 1000000000
165 241 8186 5000 8192 0 1000000000
241 232 12254 5000 8192 0 1000000000
214 181 10692 5000 8192 0 1000000000
232 143 11736 5000 8192 0 1000000000
248 42 12740 5000 8192 0 1000000000
41 26 1934 5000 8192 0 1000000000
45 180 2223 5000 8192 0 1000000000
125 246 6122 5000 8192 0 1000000000
16 56 808 5000 8192 0 1000000000
242 293 12322 5000 8192 0 1000000000
229 281 11488 5000 8192 0 1000000000
159 84 7800 5000 8192 0 1000000000
75 166 3772 5000 8192 0 1000000000
156 237 7692 5000 8192 0 1000000000
181 177 8916 5000 8192 0 1000000000
198 130 9837 5000 8192 0 1000000000
37 170 16381 5000 16777216 1 1000000000
189 288 9343 5000 8192 0 1000000000
101 233 4916 5000 8192 0 1000000000
303 105 15441 5000 8192 0 1000000000
162 95 8027 5000 8192 0 1000000000
35 262 1663 5000 8192 0 1000000000
183 255 8976 5000 8192 0 1000000000
36 242 1775 5000 8192 0 1000000000
223 259 11229 5000 8192 0 1000000000
169 190 8387 5000 8192 0 1000000000
217 188 10890 5000 8192 0 1000000000
14 193 680 5000 8192 0 1000000000
42 171 1991 5000 8192 0 1000000000
238 292 12084 5000 8192 0 1000000000
41 272 1960 5000 8192 0 1000000000
71 36 3679 5000 8192 0 1000000000
304 194 15537 5000 8192 0 1000000000
316 247 16142 5000 8192 0 1000000000
55 66 2634 5000 8192 0 1000000000
209 266 10353 5000 8192 0 1000000000
149 37 7382 5000 8192 0 1000000000
276 16 14023 5000 8192 0 1000000000
239 241 12176 5000 8192 0 1000000000
179 51 8846 5000 8192 0 1000000000
289 156 14770 5000 8192 0 1000000000
186 183 9123 5000 8192 0 1000000000
21 70 1078 5000 8192 0 1000000000
135 56 6600 5000 8192 0 1000000000
52 58 2508 5000 8192 0 1000000000
42 296 2036 5000 8192 0 1000000000
241 310 12288 5000 8192 0 1000000000
130 106 6394 5000 8192 0 1000000000
81 102 4148 5000 8192 0 1000000000
168 174 8330 5000 8192 0 1000000000
219 195 10984 5000 8192 0 1000000000
245 234 12542 5000 8192 0 1000000000
225 293 11389 5000 8192 0 1000000000
160 241 7850 5000 8192 0 1000000000
233 164 11799 5000 8192 0 1000000000
108 263 5150 5000 8192 0 1000000000
202 6 9958 5000 8192 0 1000000000
40 10 1901 5000 8192 0 1000000000
258 279 13039 5000 8192 0 1000000000
155 76 7612 5000 8192 0 1000000000
36 88 1739 5000 8192 0 1000000000
173 160 8529 5000 8192 0 1000000000
85 279 4370 5000 8192 0 1000000000
145 296 7204 5000 8192 0 1000000000
222 262 11164 5000 8192 0 1000000000
135 79 6585 5000 8192 0 1000000000
285 309 14506 5000 8192 0 1000000000
107 58 5056 5000 8192 0 1000000000
313 97 16022 5000 8192 0 1000000000
238 304 12094 5000 8192 0 1000000000
291 203 14920 5000 8192 0 1000000000
30 196 1532 5000 8192 0 1000000000
292 169 14950 5000 8192 0 1000000000
41 159 1922 5000 8192 0 1000000000
147 127 7250 5000 8192 0 1000000000
9 296 472 5000 8192 0 1000000000
190 294 9432 5000 8192 0 1000000000
65 41 3274 5000 8192 0 1000000000
8 268 431 5000 8192 0 1000000000
163 68 8044 5000 8192 0 1000000000
117 84 5746 5000 8192 0 1000000000
270 279 13758 5000 8192 0 1000000000
57 249 2807 5000 8192 0 1000000000
69 139 3556 5000 8192 0 1000000000
29 262 1435 5000 8192 0 1000000000
69 20 3537 5000 8192 0 1000000000
315 211 16093 5000 8192 0 1000000000
197 99 9778 5000 8192 0 1000000000
318 68 16259 5000 8192 0 1000000000
177 199 16474 5000 16777216 1 1000000000
54 133 2579 5000 8192 0 1000000000
60 133 2970 5000 8192 0 1000000000
307 200 15713 5000 8192 0 1000000000
297 231 15219 5000 8192 0 1000000000
179 23 8870 5000 8192 0 1000000000
222 123 11171 5000 8192 0 1000000000
28 311 1383 5000 8192 0 1000000000
117 24 5688 5000 8192 0 1000000000
307 130 15721 5000 8192 0 1000000000
309 212 15825 5000 8192 0 1000000000
118 164 5753 5000 8192 0 1000000000
32 46 1620 5000 8192 0 1000000000
309 48 15876 5000 8192 0 1000000000
202 108 10010 5000 8192 0 1000000000
266 56 13483 5000 8192 0 1000000000
50 239 2385 5000 8192 0 1000000000
61 221 3023 5000 8192 0 1000000000
220 16 11040 5000 8192 0 1000000000
248 306 12699 5000 8192 0 1000000000
210 98 10438 5000 8192 0 1000000000
42 75 1987 5000 8192 0 1000000000
117 12 5715 5000 8192 0 1000000000
318 49 16215 5000 8192 0 1000000000
248 224 12713 5000 8192 0 1000000000
264 279 13371 5000 8192 0 1000000000
64 151 3197 5000 8192 0 1000000000
71 59 3672 5000 8192 0 1000000000
136 51 6642 5000 8192 0 1000000000
44 280 2153 5000 8192 0 1000000000
61 203 3040 5000 8192 0 1000000000
149 62 7388 5000 8192 0 1000000000
216 129 10781 5000 8192 0 1000000000
52 15 2509 5000 8192 0 1000000000
32 275 1626 5000 8192 0 1000000000
187 291 9246 5000 8192 0 1000000000
235 245 11894 5000 8192 0 1000000000
241 298 12285 5000 8192 0 1000000000
175 41 8654 5000 8192 0 1000000000
218 112 10928 5000 8192 0 1000000000
18 281 921 5000 8192 0 1000000000
246 100 12572 5000 8192 0 1000000000
246 80 12568 5000 8192 0 1000000000
230 202 11582 5000 8192 0 1000000000
91 29 4585 5000 8192 0 1000000000
297 13 15243 5000 8192 0 1000000000
306 174 15640 5000 8192 0 1000000000
262 148 13323 5000 8192 0 1000000000
119 308 5830 5000 8192 0 1000000000
84 54 4298 5000 8192 0 1000000000
303 202 15467 5000 8192 0 1000000000
242 258 12361 5000 8192 0 1000000000
164 130 8165 5000 8192 0 1000000000
49 241 2345 5000 8192 0 1000000000
125 167 6089 5000 8192 0 1000000000
143 72 7068 5000 8192 0 1000000000
84 66 4337 5000 8192 0 1000000000
14 319 681 5000 8192 0 1000000000
201 56 9945 5000 8192 0 1000000000
64 312 3239 5000 8192 0 1000000000
226 303 11440 5000 8192 0 1000000000
313 113 16055 5000 8192 0 1000000000
36 260 1772 5000 8192 0 1000000000
148 13 7327 5000 8192 0 1000000000
12 105 572 5000 8192 0 1000000000
84 148 4319 5000 8192 0 1000000000
130 242 6399 5000 8192 0 1000000000
56 90 2721 5000 8192 0 1000000000
111 45 5321 5000 8192 0 1000000000
62 66 3101 5000 8192 0 1000000000
148 237 7331 5000 8192 0 1000000000
270 295 13721 5000 8192 0 1000000000
90 308 4501 5000 8192 0 1000000000
87 235 4469 5000 8192 0 1000000000
165 157 8226 5000 8192 0 1000000000
118 72 5764 5000 8192 0 1000000000
123 77 5998 5000 8192 0 1000000000
298 221 15281 5000 8192 0 1000000000
31 55 1554 5000 8192 0 1000000000
4 44 232 5000 8192 0 1000000000
193 216 9547 5000 8192 0 1000000000
40 259 1908 5000 8192 0 1000000000
179 207 8826 5000 8192 0 1000000000
50 266 2384 5000 8192 0 1000000000
69 287 3534 5000 8192 0 1000000000
24 259 1224 5000 8192 0 1000000000
247 151 12654 5000 8192 0 1000000000
221 254 11102 5000 8192 0 1000000000
61 52 3010 5000 8192 0 1000000000
188 37 9259 5000 8192 0 1000000000
114 79 5504 5000 8192 0 1000000000
160 83 7886 5000 8192 0 1000000000
68 298 3512 5000 8192 0 1000000000
95 62 4686 5000 8192 0 1000000000
149 218 7369 5000 8192 0 1000000000
318 208 16229 5000 8192 0 1000000000
126 110 6187 5000 8192 0 1000000000
116 239 5662 5000 8192 0 1000000000
36 257 1776 5000 8192 0 1000000000
107 307 5089 5000 8192 0 1000000000
316 189 16153 5000 8192 0 1000000000
92 182 4635 5000 8192 0 1000000000
230 171 11565 5000 8192 0 1000000000
243 158 12423 5000 8192 0 1000000000
27 232 1315 5000 8192 0 1000000000
288 166 14684 5000 8192 0 1000000000
194 152 9610 5000 8192 0 1000000000
145 105 7158 5000 8192 0 1000000000
259 282 13096 5000 8192 0 1000000000
72 34 16364 5000 16777216 1 1000000000
309 11 15855 5000 8192 0 1000000000
173 303 8500 5000 8192 0 1000000000
196 171 9723 5000 8192 0 1000000000
135 127 6626 5000 8192 0 1000000000
114 68 5506 5000 8192 0 1000000000
319 276 16272 5000 8192 0 1000000000
292 319 14930 5000 8192 0 1000000000
153 196 7587 5000 8192 0 1000000000
187 100 9216 5000 8192 0 1000000000
284 187 14436 5000 8192 0 1000000000
175 269 8619 5000 8192 0 1000000000
27 251 1313 5000 8192 0 1000000000
9 21 471 5000 8192 0 1000000000
316 311 16177 5000 8192 0 1000000000
156 64 7674 5000 8192 0 1000000000
28 11 1385 5000 8192 0 1000000000
22 116 1117 5000 8192 0 1000000000
318 23 16262 5000 8192 0 1000000000
276 236 14015 5000 8192 0 1000000000
233 262 11761 5000 8192 0 1000000000
22 33 1098 5000 8192 0 1000000000
183 241 8970 5000 8192 0 1000000000
189 200 9337 5000 8192 0 1000000000
211 164 10503 5000 8192 0 1000000000
54 283 2566 5000 8192 0 1000000000
71 95 3686 5000 8192 0 1000000000
173 150 8522 5000 8192 0 1000000000
233 10 11775 5000 8192 0 1000000000
113 292 5451 5000 8192 0 1000000000
229 237 11484 5000 8192 0 1000000000
125 150 6103 5000 8192 0 1000000000
313 176 16028 5000 8192 0 1000000000
163 282 8079 5000 8192 0 1000000000
98 209 4831 5000 8192 0 1000000000
118 231 5806 5000 8192 0 1000000000
316 241 16178 5000 8192 0 1000000000
92 31 4631 5000 8192 0 1000000000
68 84 3460 5000 8192 0 1000000000
134 1 6519 5000 8192 0 1000000000
225 317 11374 5000 8192 0 1000000000
90 127 4498 5000 8192 0 1000000000
145 81 7174 5000 8192 0 1000000000
174 263 8581 5000 8192 0 1000000000
191 264 9449 5000 8192 0 1000000000
217 181 10899 5000 8192 0 1000000000
62 291 3096 5000 8192 0 1000000000
314 93 16394 5000 16777216 1 1000000000
296 314 15179 5000 8192 0 1000000000
24 224 1272 5000 8192 0 1000000000
282 193 14355 5000 8192 0 1000000000
31 4 1582 5000 8192 0 1000000000
296 15 15157 5000 8192 0 1000000000
76 52 3839 5000 8192 0 1000000000
135 92 6637 5000 8192 0 1000000000
45 216 2173 5000 8192 0 1000000000
176 236 8716 5000 8192 0 1000000000
195 317 9654 5000 8192 0 1000000000
261 137 13207 5000 8192 0 1000000000
167 143 8239 5000 8192 0 1000000000
99 88 16455 5000 16777216 1 1000000000
58 282 2869 5000 8192 0 1000000000
137 170 6760 5000 8192 0 1000000000
162 49 8022 5000 8192 0 1000000000
137 174 6764 5000 8192 0 1000000000
121 188 5919 5000 8192 0 1000000000
237 61 12044 5000 8192 0 1000000000
289 140 14738 5000 8192 0 1000000000
65 100 3302 5000 8192 0 1000000000
210 82 10418 5000 8192 0 1000000000
17 311 864 5000 8192 0 1000000000
51 175 2430 5000 8192 0 1000000000
316 234 16171 5000 8192 0 1000000000
310 172 15931 5000 8192 0 1000000000
13 86 584 5000 8192 0 1000000000
254 249 12924 5000 8192 0 1000000000
64 55 3198 5000 8192 0 1000000000
80 258 4049 5000 8192 0 1000000000
31 116 1592 5000 8192 0 1000000000
312 313 15959 5000 8192 0 1000000000
237 125 12032 5000 8192 0 1000000000
67 68 3413 5000 8192 0 1000000000
233 304 11749 5000 8192 0 1000000000
87 164 4413 5000 8192 0 1000000000
259 171 13094 5000 8192 0 1000000000
239 138 12151 5000 8192 0 1000000000
262 287 13272 5000 8192 0 1000000000
271 315 13792 5000 8192 0 1000000000
3 18 191 5000 8192 0 1000000000
143 198 7063 5000 8192 0 1000000000
137 132 6726 5000 8192 0 1000000000
102 27 4978 5000 8192 0 1000000000
169 245 8366 5000 8192 0 1000000000
237 248 12003 5000 8192 0 1000000000
302 215 15399 5000 8192 0 1000000000
210 93 10462 5000 8192 0 1000000000
63 292 3150 5000 8192 0 1000000000
97 107 4779 5000 8192 0 1000000000
169 104 8373 5000 8192 0 1000000000
70 75 3599 5000 8192 0 1000000000
226 279 11420 5000 8192 0 1000000000
285 110 14495 5000 8192 0 1000000000
162 124 7987 5000 8192 0 1000000000
32 224 1648 5000 8192 0 1000000000
288 249 14728 5000 8192 0 1000000000
264 52 13361 5000 8192 0 1000000000
241 308 12303 5000 8192 0 1000000000
225 259 11393 5000 8192 0 1000000000
36 2 1789 5000 8192 0 1000000000
198 37 9836 5000 8192 0 1000000000
79 318 4002 5000 8192 0 1000000000
59 208 2898 5000 8192 0 1000000000
79 12 3965 5000 8192 0 1000000000
61 251 3058 5000 8192 0 1000000000
247 102 12664 5000 8192 0 1000000000
102 173 4948 5000 8192 0 1000000000
36 95 1740 5000 8192 0 1000000000
3 150 182 5000 8192 0 1000000000
302 305 15384 5000 8192 0 1000000000
138 118 6776 5000 8192 0 1000000000
68 282 3498 5000 8192 0 1000000000
156 308 7685 5000 8192 0 1000000000
221 5 11107 5000 8192 0 1000000000
0 108 21 5000 8192 0 1000000000
55 187 2646 5000 8192 0 1000000000
319 87 16299 5000 8192 0 1000000000
54 232 2600 5000 8192 0 1000000000
213 171 10639 5000 8192 0 1000000000
98 225 4846 5000 8192 0 1000000000
164 82 8147 5000 8192 0 1000000000
307 63 15699 5000 8192 0 1000000000
306 107 15676 5000 8192 0 1000000000
264 168 13376 5000 8192 0 1000000000
278 123 14127 5000 8192 0 1000000000
104 262 5037 5000 8192 0 1000000000
41 317 1926 5000 8192 0 1000000000
123 160 5941 5000 8192 0 1000000000
163 251 8047 5000 8192 0 1000000000
271 261 13807 5000 8192 0 1000000000
289 294 14780 5000 8192 0 1000000000
214 20 10704 5000 8192 0 1000000000
125 234 6086 5000 8192 0 1000000000
296 77 15162 5000 8192 0 1000000000
31 107 1597 5000 8192 0 1000000000
169 125 8391 5000 8192 0 1000000000
175 243 8650 5000 8192 0 1000000000
152 181 7480 5000 8192 0 1000000000
104 107 5023 5000 8192 0 1000000000
309 187 15835 5000 8192 0 1000000000
144 273 7119 5000 8192 0 1000000000
149 298 7383 5000 8192 0 1000000000
241 145 12312 5000 8192 0 1000000000
119 262 5823 5000 8192 0 1000000000
102 133 4935 5000 8192 0 1000000000
91 140 4592 5000 8192 0 1000000000
82 131 4205 5000 8192 0 1000000000
54 232 2578 5000 8192 0 1000000000
254 299 12898 5000 8192 0 1000000000
64 28 3202 5000 8192 0 1000000000
203 77 10066 5000 8192 0 1000000000
40 191 1888 5000 8192 0 1000000000
61 58 3042 5000 8192 0 1000000000
201 143 9891 5000 8192 0 1000000000
153 150 7568 5000 8192 0 1000000000
155 233 7613 5000 8192 0 1000000000
143 73 7078 5000 8192 0 1000000000
124 36 6057 5000 8192 0 1000000000
125 64 6121 5000 8192 0 1000000000
40 143 1883 5000 8192 0 1000000000
224 103 11349 5000 8192 0 1000000000
259 246 13095 5000 8192 0 1000000000
52 20 2505 5000 8192 0 1000000000
303 99 15445 5000 8192 0 1000000000
267 215 13574 5000 8192 0 1000000000
30 78 1498 5000 8192 0 1000000000
138 34 6809 5000 8192 0 1000000000
217 227 10885 5000 8192 0 1000000000
4 297 208 5000 8192 0 1000000000
185 116 9082 5000 8192 0 1000000000
10 180 16476 5000 16777216 1 1000000000
145 176 7182 5000 8192 0 1000000000
287 57 14669 5000 8192 0 1000000000
18 185 942 5000 8192 0 1000000000
148 187 7276 5000 8192 0 1000000000
211 187 10518 5000 8192 0 1000000000
36 286 1770 5000 8192 0 1000000000
23 233 1210 5000 8192 0 1000000000
135 276 6606 5000 8192 0 1000000000
142 263 7005 5000 8192 0 1000000000
129 106 6343 5000 8192 0 1000000000
303 302 15487 5000 8192 0 1000000000
245 231 12514 5000 8192 0 1000000000
313 4 16021 5000 8192 0 1000000000
209 305 10343 5000 8192 0 1000000000
50 79 2405 5000 8192 0 1000000000
292 156 14958 5000 8192 0 1000000000
218 34 10935 5000 8192 0 1000000000
164 74 8141 5000 8192 0 1000000000
102 229 4933 5000 8192 0 1000000000
110 270 5279 5000 8192 0 1000000000
144 126 7124 5000 8192 0 1000000000
16 8 805 5000 8192 0 1000000000
84 33 4329 5000 8192 0 1000000000
110 248 5288 5000 8192 0 1000000000
300 237 15354 5000 8192 0 1000000000
4 299 251 5000 8192 0 1000000000
188 142 9307 5000 8192 0 1000000000
265 319 13456 5000 8192 0 1000000000
104 289 4989 5000 8192 0 1000000000
249 35 12792 5000 8192 0 1000000000
216 315 10817 5000 8192 0 1000000000
189 208 9332 5000 8192 0 1000000000
119 109 5845 5000 8192 0 1000000000
35 109 1688 5000 8192 0 1000000000
134 26 6544 5000 8192 0 1000000000
39 66 1804 5000 8192 0 1000000000
52 200 2511 5000 8192 0 1000000000
82 214 4195 5000 8192 0 1000000000
280 131 14229 5000 8192 0 1000000000
170 146 16513 5000 16777216 1 1000000000
319 18 16293 5000 8192 0 1000000000
290 15 14800 5000 8192 0 1000000000
119 274 5833 5000 8192 0 1000000000
23 62 1184 5000 8192 0 1000000000
208 98 10332 5000 8192 0 1000000000
306 158 15644 5000 8192 0 1000000000
114 255 5535 5000 8192 0 1000000000
243 124 12427 5000 8192 0 1000000000
70 154 3584 5000 8192 0 1000000000
238 55 12096 5000 8192 0 1000000000
158 108 7782 5000 8192 0 1000000000
286 164 14566 5000 8192 0 1000000000
163 33 8052 5000 8192 0 1000000000
164 121 8163 5000 8192 0 1000000000
208 207 10298 5000 8192 0 1000000000
136 112 6675 5000 8192 0 1000000000
60 260 2951 5000 8192 0 1000000000
260 103 13184 5000 8192 0 1000000000
58 60 2827 5000 8192 0 1000000000
296 307 15172 5000 8192 0 1000000000
187 156 9238 5000 8192 0 1000000000
284 298 14448 5000 8192 0 1000000000
265 235 13434 5000 8192 0 1000000000
21 256 1079 5000 8192 0 1000000000
109 231 5228 5000 8192 0 1000000000
125 248 6096 5000 8192 0 1000000000
245 228 12556 5000 8192 0 1000000000
15 22 706 5000 8192 0 1000000000
244 188 12487 5000 8192 0 1000000000
260 68 13167 5000 8192 0 1000000000
58 297 2837 5000 8192 0 1000000000
214 38 10660 5000 8192 0 1000000000
174 165 8593 5000 8192 0 1000000000
41 76 1949 5000 8192 0 1000000000
198 60 9888 5000 8192 0 1000000000
52 270 2548 5000 8192 0 1000000000
285 24 14481 5000 8192 0 1000000000
242 72 12320 5000 8192 0 1000000000
269 64 13661 5000 8192 0 1000000000
221 194 11122 5000 8192 0 1000000000
126 132 6170 5000 8192 0 1000000000
290 156 14828 5000 8192 0 1000000000
209 309 10360 5000 8192 0 1000000000
71 1 3661 5000 8192 0 1000000000
51 174 2454 5000 8192 0 1000000000
109 286 5223 5000 8192 0 1000000000
148 131 7323 5000 8192 0 1000000000
277 273 14083 5000 8192 0 1000000000
172 111 8430 5000 8192 0 1000000000
156 116 7675 5000 8192 0 1000000000
81 118 4101 5000 8192 0 1000000000
66 28 3385 5000 8192 0 1000000000
260 268 13189 5000 8192 0 1000000000
185 303 9105 5000 8192 0 1000000000
239 191 12134 5000 8192 0 1000000000
281 140 14337 5000 8192 0 1000000000
226 91 11428 5000 8192 0 1000000000
236 24 11948 5000 8192 0 1000000000
239 11 12155 5000 8192 0 1000000000
191 28 9479 5000 8192 0 1000000000
204 91 10134 5000 8192 0 1000000000
49 103 2335 5000 8192 0 1000000000
272 70 13845 5000 8192 0 1000000000
183 38 8961 5000 8192 0 1000000000
193 281 9562 5000 8192 0 1000000000
194 2 9594 5000 8192 0 1000000000
51 242 2432 5000 8192 0 1000000000
290 112 14849 5000 8192 0 1000000000
70 249 3598 5000 8192 0 1000000000
62 260 3115 5000 8192 0 1000000000
62 4 3114 5000 8192 0 1000000000
284 193 14477 5000 8192 0 1000000000
235 133 11868 5000 8192 0 1000000000
54 85 2573 5000 8192 0 1000000000
149 36 7360 5000 8192 0 1000000000
20 198 975 5000 8192 0 1000000000
271 217 13834 5000 8192 0 1000000000
165 258 8200 5000 8192 0 1000000000
287 9 14630 5000 8192 0 1000000000
164 191 8105 5000 8192 0 1000000000
309 37 15840 5000 8192 0 1000000000
270 224 13763 5000 8192 0 1000000000
18 114 898 5000 8192 0 1000000000
45 71 2206 5000 8192 0 1000000000
137 114 6722 5000 8192 0 1000000000
8 65 390 5000 8192 0 1000000000
179 182 8848 5000 8192 0 1000000000
92 318 4605 5000 8192 0 1000000000
108 234 5162 5000 8192 0 1000000000
91 79 4546 5000 8192 0 1000000000
118 89 5774 5000 8192 0 1000000000
127 0 6228 5000 8192 0 1000000000
305 243 15613 5000 8192 0 1000000000
232 118 11738 5000 8192 0 1000000000
40 64 1898 5000 8192 0 1000000000
265 301 13430 5000 8192 0 1000000000
187 279 9228 5000 8192 0 1000000000
79 93 3966 5000 8192 0 1000000000
97 70 4774 5000 8192 0 1000000000
150 169 7462 5000 8192 0 1000000000
47 177 2276 5000 8192 0 1000000000
15 217 728 5000 8192 0 1000000000
308 141 15772 5000 8192 0 1000000000
307 52 15697 5000 8192 0 1000000000
71 24 3683 5000 8192 0 1000000000
110 38 5296 5000 8192 0 1000000000
264 186 13347 5000 8192 0 1000000000
158 278 7781 5000 8192 0 1000000000
249 165 12788 5000 8192 0 1000000000
310 117 15948 5000 8192 0 1000000000
240 219 12194 5000 8192 0 1000000000
270 208 13768 5000 8192 0 1000000000
79 182 3993 5000 8192 0 1000000000
276 230 14003 5000 8192 0 1000000000
292 44 14953 5000 8192 0 1000000000
318 103 16241 5000 8192 0 1000000000
208 241 10325 5000 8192 0 1000000000
137 272 6741 5000 8192 0 1000000000
131 100 6485 5000 8192 0 1000000000
23 191 1156 5000 8192 0 1000000000
116 149 5634 5000 8192 0 1000000000
85 89 4402 5000 8192 0 1000000000
290 18 14808 5000 8192 0 1000000000
237 189 12001 5000 8192 0 1000000000
52 182 2555 5000 8192 0 1000000000
237 130 12010 5000 8192 0 1000000000
39 250 1802 5000 8192 0 1000000000
3 290 140 5000 8192 0 1000000000
249 61 12814 5000 8192 0 1000000000
252 259 12882 5000 8192 0 1000000000
298 314 15292 5000 8192 0 1000000000
249 95 12799 5000 8192 0 1000000000
309 312 15869 5000 8192 0 1000000000
54 274 2602 5000 8192 0 1000000000
230 5 11561 5000 8192 0 1000000000
269 317 13705 5000 8192 0 1000000000
54 237 2616 5000 8192 0 1000000000
267 248 13546 5000 8192 0 1000000000
243 174 12401 5000 8192 0 1000000000
232 272 11730 5000 8192 0 1000000000
202 104 9989 5000 8192 0 1000000000
191 285 9464 5000 8192 0 1000000000
286 252 14559 5000 8192 0 1000000000
158 89 7743 5000 8192 0 1000000000
43 294 2098 5000 8192 0 1000000000
110 226 5263 5000 8192 0 1000000000
259 235 13100 5000 8192 0 1000000000
163 19 8078 5000 8192 0 1000000000
121 38 5879 5000 8192 0 1000000000
17 175 839 5000 8192 0 1000000000
144 140 7098 5000 8192 0 1000000000
140 93 6873 5000 8192 0 1000000000
6 260 312 5000 8192 0 1000000000
155 145 7604 5000 8192 0 1000000000
6 58 294 5000 8192 0 1000000000
217 207 10845 5000 8192 0 1000000000
210 166 10409 5000 8192 0 1000000000
307 247 15749 5000 8192 0 1000000000
171 26 16471 5000 16777216 1 1000000000
300 92 15363 5000 8192 0 1000000000
233 133 11801 5000 8192 0 1000000000
187 82 9224 5000 8192 0 1000000000
157 251 16494 5000 16777216 1 1000000000
59 160 2915 5000 8192 0 1000000000
285 243 14512 5000 8192 0 1000000000
265 19 13419 5000 8192 0 1000000000
92 117 4619 5000 8192 0 1000000000
155 103 7617 5000 8192 0 1000000000
24 286 1273 5000 8192 0 1000000000
113 228 5457 5000 8192 0 1000000000
212 170 10571 5000 8192 0 1000000000
149 96 7400 5000 8192 0 1000000000
24 222 1245 5000 8192 0 1000000000
15 25 724 5000 8192 0 1000000000
298 143 15268 5000 8192 0 1000000000
279 63 14198 5000 8192 0 1000000000
61 241 3006 5000 8192 0 1000000000
134 95 6560 5000 8192 0 1000000000
3 309 188 5000 8192 0 1000000000
12 90 520 5000 8192 0 1000000000
269 292 13667 5000 8192 0 1000000000
101 52 4899 5000 8192 0 1000000000
7 307 343 5000 8192 0 1000000000
108 109 5140 5000 8192 0 1000000000
187 133 9243 5000 8192 0 1000000000
302 82 15375 5000 8192 0 1000000000
319 11 16271 5000 8192 0 1000000000
160 308 7903 5000 8192 0 1000000000
145 128 7171 5000 8192 0 1000000000
27 224 1295 5000 8192 0 1000000000
27 177 1305 5000 8192 0 1000000000
202 190 10013 5000 8192 0 1000000000
109 236 5186 5000 8192 0 1000000000
57 282 2796 5000 8192 0 1000000000
118 85 5784 5000 8192 0 1000000000
234 93 11845 5000 8192 0 1000000000
130 52 6413 5000 8192 0 1000000000
7 256 363 5000 8192 0 1000000000
56 303 2733 5000 8192 0 1000000000
58 243 2842 5000 8192 0 1000000000
309 28 15848 5000 8192 0 1000000000
202 156 9955 5000 8192 0 1000000000
36 61 1728 5000 8192 0 1000000000
179 53 8809 5000 8192 0 1000000000
226 241 11467 5000 8192 0 1000000000
110 272 5286 5000 8192 0 1000000000
197 136 9817 5000 8192 0 1000000000
203 280 10063 5000 8192 0 1000000000
277 239 14038 5000 8192 0 1000000000
229 198 11485 5000 8192 0 1000000000
7 231 347 5000 8192 0 1000000000
203 164 10028 5000 8192 0 1000000000
109 15 5236 5000 8192 0 1000000000
167 60 8287 5000 8192 0 1000000000
118 259 5785 5000 8192 0 1000000000
289 51 14765 5000 8192 0 1000000000
178 256 8785 5000 8192 0 1000000000
22 82 1132 5000 8192 0 1000000000
229 192 11499 5000 8192 0 1000000000
64 61 3244 5000 8192 0 1000000000
306 136 15684 5000 8192 0 1000000000
12 190 514 5000 8192 0 1000000000
138 249 6822 5000 8192 0 1000000000
295 308 15106 5000 8192 0 1000000000
121 89 5917 5000 8192 0 1000000000
181 173 8899 5000 8192 0 1000000000
153 301 7540 5000 8192 0 1000000000
308 224 15787 5000 8192 0 1000000000
140 234 6841 5000 8192 0 1000000000
279 305 14162 5000 8192 0 1000000000
0 57 3 5000 8192 0 1000000000
280 252 14252 5000 8192 0 1000000000
65 290 3294 5000 8192 0 1000000000
75 238 3814 5000 8192 0 1000000000
171 157 16484 5000 16777216 1 1000000000
14 122 691 5000 8192 0 1000000000
102 117 4940 5000 8192 0 1000000000
291 226 14872 5000 8192 0 1000000000
80 167 4029 5000 8192 0 1000000000
150 315 7418 5000 8192 0 1000000000
212 191 10539 5000 8192 0 1000000000
9 231 511 5000 8192 0 1000000000
270 281 13767 5000 8192 0 1000000000
59 150 2937 5000 8192 0 1000000000
7 30 365 5000 8192 0 1000000000
68 154 3470 5000 8192 0 1000000000
39 100 1793 5000 8192 0 1000000000
235 89 11909 5000 8192 0 1000000000
259 14 13103 5000 8192 0 1000000000
286 46 14544 5000 8192 0 1000000000
287 34 14621 5000 8192 0 1000000000
169 270 8365 5000 8192 0 1000000000
152 20 7487 5000 8192 0 1000000000
172 76 8453 5000 8192 0 1000000000
110 183 5268 5000 8192 0 1000000000
115 70 5605 5000 8192 0 1000000000
218 49 10957 5000 8192 0 1000000000
20 252 1001 5000 8192 0 1000000000
246 89 12577 5000 8192 0 1000000000
189 62 9326 5000 8192 0 1000000000
274 257 13910 5000 8192 0 1000000000
222 283 11193 5000 8192 0 1000000000
92 52 4656 5000 8192 0 1000000000
181 134 8892 5000 8192 0 1000000000
32 111 1652 5000 8192 0 1000000000
190 284 9412 5000 8192 0 1000000000
51 2 2460 5000 8192 0 1000000000
119 174 5856 5000 8192 0 1000000000
6 166 277 5000 8192 0 1000000000
191 94 9500 5000 8192 0 1000000000
238 178 12097 5000 8192 0 1000000000
163 220 8102 5000 8192 0 1000000000
183 151 8951 5000 8192 0 1000000000
90 161 4506 5000 8192 0 1000000000
102 172 4929 5000 8192 0 1000000000
176 138 8709 5000 8192 0 1000000000
42 59 2014 5000 8192 0 1000000000
26 122 16339 5000 16777216 1 1000000000
249 312 12773 5000 8192 0 1000000000
92 260 4636 5000 8192 0 1000000000
318 43 16217 5000 8192 0 1000000000
291 98 14906 5000 8192 0 1000000000
161 227 7919 5000 8192 0 1000000000
306 15 15659 5000 8192 0 1000000000
235 74 11877 5000 8192 0 1000000000
116 192 5654 5000 8192 0 1000000000
31 230 1577 5000 8192 0 1000000000
16 160 787 5000 8192 0 1000000000
195 206 9661 5000 8192 0 1000000000
254 7 12926 5000 8192 0 1000000000
287 313 14664 5000 8192 0 1000000000
262 74 13275 5000 8192 0 1000000000
66 102 3334 5000 8192 0 1000000000
307 68 15738 5000 8192 0 1000000000
186 101 9130 5000 8192 0 1000000000
161 76 7962 5000 8192 0 1000000000
261 312 13231 5000 8192 0 1000000000
255 4 13009 5000 8192 0 1000000000
20 68 1009 5000 8192 0 1000000000
158 143 7721 5000 8192 0 1000000000
4 132 239 5000 8192 0 1000000000
55 292 2649 5000 8192 0 1000000000
270 162 13771 5000 8192 0 1000000000
220 214 11095 5000 8192 0 1000000000
136 314 6673 5000 8192 0 1000000000
109 111 5220 5000 8192 0 1000000000
121 123 5911 5000 8192 0 1000000000
306 176 15674 5000 8192 0 1000000000
69 85 3568 5000 8192 0 1000000000
109 295 5192 5000 8192 0 1000000000
295 319 15056 5000 8192 0 1000000000
85 131 4356 5000 8192 0 1000000000
278 210 14105 5000 8192 0 1000000000
194 35 9616 5000 8192 0 1000000000
126 134 6140 5000 8192 0 1000000000
54 297 2580 5000 8192 0 1000000000
130 119 6444 5000 8192 0 1000000000
45 225 2221 5000 8192 0 1000000000
15 196 729 5000 8192 0 1000000000
213 282 10650 5000 8192 0 1000000000
269 225 13708 5000 8192 0 1000000000
224 318 11338 5000 8192 0 1000000000
241 223 12280 5000 8192 0 1000000000
134 166 6532 5000 8192 0 1000000000
57 315 2757 5000 8192 0 1000000000
85 17 4384 5000 8192 0 1000000000
222 18 11196 5000 8192 0 1000000000
243 209 12440 5000 8192 0 1000000000
67 243 3424 5000 8192 0 1000000000
224 64 11313 5000 8192 0 1000000000
246 4 12613 5000 8192 0 1000000000
123 19 5971 5000 8192 0 1000000000
313 233 16037 5000 8192 0 1000000000
259 42 13113 5000 8192 0 1000000000
167 231 8263 5000 8192 0 1000000000
317 10 16338 5000 16777216 1 1000000000
115 317 5560 5000 8192 0 1000000000
309 35 15862 5000 8192 0 1000000000
197 24 9815 5000 8192 0 1000000000
67 200 3432 5000 8192 0 1000000000
91 225 4575 5000 8192 0 1000000000
51 198 2434 5000 8192 0 1000000000
49 232 2348 5000 8192 0 1000000000
168 137 8352 5000 8192 0 1000000000
83 24 4252 5000 8192 0 1000000000
28 76 1386 5000 8192 0 1000000000
95 224 4703 5000 8192 0 1000000000
104 101 4985 5000 8192 0 1000000000
291 89 14916 5000 8192 0 1000000000
153 100 7562 5000 8192 0 1000000000
269 57 13670 5000 8192 0 1000000000
61 158 3005 5000 8192 0 1000000000
234 6 11854 5000 8192 0 1000000000
24 26 1252 5000 8192 0 1000000000
12 218 532 5000 8192 0 1000000000
289 228 14762 5000 8192 0 1000000000
71 121 3671 5000 8192 0 1000000000
152 161 7490 5000 8192 0 1000000000
239 217 12144 5000 8192 0 1000000000
15 241 704 5000 8192 0 1000000000
209 180 10395 5000 8192 0 1000000000
45 290 2222 5000 8192 0 1000000000
218 169 10930 5000 8192 0 1000000000
184 311 9054 5000 8192 0 1000000000
128 92 6256 5000 8192 0 1000000000
233 146 11740 5000 8192 0 1000000000
52 102 2527 5000 8192 0 1000000000
144 317 7131 5000 8192 0 1000000000
313 227 16064 5000 8192 0 1000000000
277 239 14042 5000 8192 0 1000000000
265 168 13414 5000 8192 0 1000000000
298 170 15296 5000 8192 0 1000000000
70 223 3640 5000 8192 0 1000000000
235 76 11866 5000 8192 0 1000000000
49 65 2333 5000 8192 0 1000000000
113 253 5470 5000 8192 0 1000000000
193 73 9548 5000 8192 0 1000000000
135 309 6602 5000 8192 0 1000000000
186 197 9126 5000 8192 0 1000000000
54 236 2556 5000 8192 0 1000000000
307 34 15710 5000 8192 0 1000000000
24 114 1237 5000 8192 0 1000000000
119 111 5815 5000 8192 0 1000000000
220 96 11039 5000 8192 0 1000000000
108 1 5161 5000 8192 0 1000000000
289 112 14774 5000 8192 0 1000000000
287 125 14644 5000 8192 0 1000000000
292 148 14975 5000 8192 0 1000000000
107 166 5090 5000 8192 0 1000000000
198 67 9851 5000 8192 0 1000000000
234 19 11804 5000 8192 0 1000000000
104 308 5039 5000 8192 0 1000000000
205 45 10200 5000 8192 0 1000000000
214 134 10669 5000 8192 0 1000000000
76 191 3865 5000 8192 0 1000000000
202 302 10007 5000 8192 0 1000000000
168 194 8339 5000 8192 0 1000000000
27 144 1306 5000 8192 0 1000000000
168 163 8350 5000 8192 0 1000000000
190 255 9413 5000 8192 0 1000000000
268 120 13638 5000 8192 0 1000000000
108 296 5125 5000 8192 0 1000000000
268 176 13599 5000 8192 0 1000000000
212 34 10577 5000 8192 0 1000000000
22 126 1130 5000 8192 0 1000000000
253 100 16332 5000 16777216 1 1000000000
262 312 13328 5000 8192 0 1000000000
244 51 12495 5000 8192 0 1000000000
276 259 13996 5000 8192 0 1000000000
218 274 10951 5000 8192 0 1000000000
112 230 5375 5000 8192 0 1000000000
61 160 3011 5000 8192 0 1000000000
83 286 4265 5000 8192 0 1000000000
17 215 848 5000 8192 0 1000000000
142 22 7006 5000 8192 0 1000000000
312 23 15966 5000 8192 0 1000000000
196 204 9720 5000 8192 0 1000000000
136 227 6669 5000 8192 0 1000000000
83 67 4277 5000 8192 0 1000000000
51 187 2449 5000 8192 0 1000000000
123 2 5999 5000 8192 0 1000000000
75 14 3790 5000 8192 0 1000000000
119 280 5818 5000 8192 0 1000000000
128 266 6299 5000 8192 0 1000000000
203 55 10058 5000 8192 0 1000000000
231 224 11614 5000 8192 0 1000000000
189 74 9351 5000 8192 0 1000000000
269 169 13666 5000 8192 0 1000000000
307 159 15744 5000 8192 0 1000000000
61 126 3063 5000 8192 0 1000000000
64 52 3248 5000 8192 0 1000000000
309 44 15824 5000 8192 0 1000000000
32 235 1607 5000 8192 0 1000000000
297 290 15242 5000 8192 0 1000000000
276 93 13976 5000 8192 0 1000000000
149 5 7394 5000 8192 0 1000000000
74 72 16421 5000 16777216 1 1000000000
319 309 16267 5000 8192 0 1000000000
248 103 12714 5000 8192 0 1000000000
147 260 7234 5000 8192 0 1000000000
272 226 13876 5000 8192 0 1000000000
292 163 14963 5000 8192 0 1000000000
308 75 15815 5000 8192 0 1000000000
134 20 6516 5000 8192 0 1000000000
112 21 5380 5000 8192 0 1000000000
112 275 5414 5000 8192 0 1000000000
61 256 3014 5000 8192 0 1000000000
298 150 15303 5000 8192 0 1000000000
185 44 9089 5000 8192 0 1000000000
302 33 15415 5000 8192 0 1000000000
205 1 10207 5000 8192 0 1000000000
102 42 4956 5000 8192 0 1000000000
62 255 3117 5000 8192 0 1000000000
208 264 10300 5000 8192 0 1000000000
303 211 15457 5000 8192 0 1000000000
176 13 8731 5000 8192 0 1000000000
121 51 5905 5000 8192 0 1000000000
239 164 12160 5000 8192 0 1000000000
2 304 104 5000 8192 0 1000000000
118 18 5787 5000 8192 0 1000000000
22 38 1149 5000 8192 0 1000000000
279 134 14167 5000 8192 0 1000000000
118 115 5793 5000 8192 0 1000000000
29 166 1447 5000 8192 0 1000000000
289 223 14788 5000 8192 0 1000000000
197 181 9825 5000 8192 0 1000000000
186 230 9148 5000 8192 0 1000000000
268 294 13598 5000 8192 0 1000000000
277 268 14060 5000 8192 0 1000000000
18 187 918 5000 8192 0 1000000000
101 151 4896 5000 8192 0 1000000000
24 184 1260 5000 8192 0 1000000000
313 163 16068 5000 8192 0 1000000000
247 153 12690 5000 8192 0 1000000000
0 83 40 5000 8192 0 1000000000
3 83 135 5000 8192 0 1000000000
119 152 5866 5000 8192 0 1000000000
163 183 8099 5000 8192 0 1000000000
188 230 9295 5000 8192 0 1000000000
315 158 16132 5000 8192 0 1000000000
143 296 7071 5000 8192 0 1000000000
6 150 300 5000 8192 0 1000000000
222 144 11217 5000 8192 0 1000000000
134 130 6566 5000 8192 0 1000000000
262 79 13329 5000 8192 0 1000000000
194 26 9603 5000 8192 0 1000000000
165 236 8215 5000 8192 0 1000000000
212 38 10528 5000 8192 0 1000000000
288 109 14731 5000 8192 0 1000000000
252 40 12850 5000 8192 0 1000000000
126 267 6160 5000 8192 0 1000000000
278 189 14101 5000 8192 0 1000000000
94 273 16491 5000 16777216 1 1000000000
276 67 14014 5000 8192 0 1000000000
261 209 13246 5000 8192 0 1000000000
265 302 13418 5000 8192 0 1000000000
214 239 10681 5000 8192 0 1000000000
68 137 3486 5000 8192 0 1000000000
288 230 14685 5000 8192 0 1000000000
202 277 10002 5000 8192 0 1000000000
215 196 10740 5000 8192 0 1000000000
203 287 10025 5000 8192 0 1000000000
216 130 10840 5000 8192 0 1000000000
164 47 8134 5000 8192 0 1000000000
213 224 10644 5000 8192 0 1000000000
167 298 8236 5000 8192 0 1000000000
277 49 14078 5000 8192 0 1000000000
215 167 10744 5000 8192 0 1000000000
216 117 10842 5000 8192 0 1000000000
268 133 13644 5000 8192 0 1000000000
254 193 12914 5000 8192 0 1000000000
158 60 7726 5000 8192 0 1000000000
167 274 8265 5000 8192 0 1000000000
183 37 8959 5000 8192 0 1000000000
248 38 12722 5000 8192 0 1000000000
303 122 15440 5000 8192 0 1000000000
241 303 12297 5000 8192 0 1000000000
164 196 8132 5000 8192 0 1000000000
147 80 7231 5000 8192 0 1000000000
121 9 5898 5000 8192 0 1000000000
209 302 10390 5000 8192 0 1000000000
137 270 6705 5000 8192 0 1000000000
15 236 759 5000 8192 0 1000000000
51 68 2485 5000 8192 0 1000000000
148 268 7280 5000 8192 0 1000000000
178 147 8770 5000 8192 0 1000000000
181 278 8907 5000 8192 0 1000000000
21 148 1060 5000 8192 0 1000000000
9 90 461 5000 8192 0 1000000000
260 176 13168 5000 8192 0 1000000000
291 117 14884 5000 8192 0 1000000000
280 88 14245 5000 8192 0 1000000000
13 224 609 5000 8192 0 1000000000
155 300 7620 5000 8192 0 1000000000
45 32 2227 5000 8192 0 1000000000
220 212 11058 5000 8192 0 1000000000
305 167 15576 5000 8192 0 1000000000
304 15 15552 5000 8192 0 1000000000
238 47 12058 5000 8192 0 1000000000
208 199 10308 5000 8192 0 1000000000
125 71 6128 5000 8192 0 1000000000
78 227 3928 5000 8192 0 1000000000
274 116 13957 5000 8192 0 1000000000
56 36 2717 5000 8192 0 1000000000
184 194 9056 5000 8192 0 1000000000
67 235 3434 5000 8192 0 1000000000
50 97 2419 5000 8192 0 1000000000
292 103 14987 5000 8192 0 1000000000
173 262 8517 5000 8192 0 1000000000
265 292 13410 5000 8192 0 1000000000
70 56 3620 5000 8192 0 1000000000
13 100 582 5000 8192 0 1000000000
142 265 7002 5000 8192 0 1000000000
4 106 229 5000 8192 0 1000000000
39 277 1851 5000 8192 0 1000000000
141 99 6906 5000 8192 0 1000000000
3 258 183 5000 8192 0 1000000000
198 58 9863 5000 8192 0 1000000000
130 113 6405 5000 8192 0 1000000000
295 13 15093 5000 8192 0 1000000000
304 77 15510 5000 8192 0 1000000000
306 55 15662 5000 8192 0 1000000000
269 9 13697 5000 8192 0 1000000000
63 123 3161 5000 8192 0 1000000000
153 209 7584 5000 8192 0 1000000000
288 86 14705 5000 8192 0 1000000000
198 73 9866 5000 8192 0 1000000000
169 115 8383 5000 8192 0 1000000000
231 140 11612 5000 8192 0 1000000000
7 273 372 5000 8192 0 1000000000
259 183 13114 5000 8192 0 1000000000
185 8 9090 5000 8192 0 1000000000
128 50 6257 5000 8192 0 1000000000
41 218 1918 5000 8192 0 1000000000
47 248 2260 5000 8192 0 1000000000
198 288 9859 5000 8192 0 1000000000
174 145 8612 5000 8192 0 1000000000
198 148 9879 5000 8192 0 1000000000
91 308 4569 5000 8192 0 1000000000
40 266 1910 5000 8192 0 1000000000
36 121 1763 5000 8192 0 1000000000
259 304 13126 5000 8192 0 1000000000
17 28 874 5000 8192 0 1000000000
60 39 2978 5000 8192 0 1000000000
198 144 9834 5000 8192 0 1000000000
303 214 15468 5000 8192 0 1000000000
36 146 1749 5000 8192 0 1000000000
50 49 2396 5000 8192 0 1000000000
214 164 10713 5000 8192 0 1000000000
71 118 3693 5000 8192 0 1000000000
239 230 12158 5000 8192 0 1000000000
160 208 7885 5000 8192 0 1000000000
307 14 15723 5000 8192 0 1000000000
221 163 11158 5000 8192 0 1000000000
144 154 7106 5000 8192 0 1000000000
39 25 1849 5000 8192 0 1000000000
303 220 15482 5000 8192 0 1000000000
167 188 8292 5000 8192 0 1000000000
143 198 7029 5000 8192 0 1000000000
172 83 8432 5000 8192 0 1000000000
249 315 12790 5000 8192 0 1000000000
209 145 10379 5000 8192 0 1000000000
206 31 10214 5000 8192 0 1000000000
290 76 14799 5000 8192 0 1000000000
135 256 6601 5000 8192 0 1000000000
153 144 7563 5000 8192 0 1000000000
9 302 458 5000 8192 0 1000000000
118 109 5766 5000 8192 0 1000000000
197 47 9768 5000 8192 0 1000000000
108 32 5163 5000 8192 0 1000000000
34 227 16391 5000 16777216 1 1000000000
269 219 13656 5000 8192 0 1000000000
69 212 3535 5000 8192 0 1000000000
131 240 6499 5000 8192 0 1000000000
3 215 169 5000 8192 0 1000000000
17 105 868 5000 8192 0 1000000000
29 105 1417 5000 8192 0 1000000000
234 171 11865 5000 8192 0 1000000000
304 266 15524 5000 8192 0 1000000000
92 152 4628 5000 8192 0 1000000000
278 309 14104 5000 8192 0 1000000000
276 242 14026 5000 8192 0 1000000000
237 62 12006 5000 8192 0 1000000000
292 8 14929 5000 8192 0 1000000000
159 14 7845 5000 8192 0 1000000000
164 0 8116 5000 8192 0 1000000000
32 306 1641 5000 8192 0 1000000000
245 114 12536 5000 8192 0 1000000000
293 20 15031 5000 8192 0 1000000000
178 122 8772 5000 8192 0 1000000000
79 98 4020 5000 8192 0 1000000000
66 162 3369 5000 8192 0 1000000000
153 314 7534 5000 8192 0 1000000000
259 85 13108 5000 8192 0 1000000000
130 153 6429 5000 8192 0 1000000000
50 132 2370 5000 8192 0 1000000000
258 293 13049 5000 8192 0 1000000000
118 30 5758 5000 8192 0 1000000000
291 115 14885 5000 8192 0 1000000000
289 259 14777 5000 8192 0 1000000000
179 92 8864 5000 8192 0 1000000000
109 258 5178 5000 8192 0 1000000000
44 255 2127 5000 8192 0 1000000000
291 62 14893 5000 8192 0 1000000000
175 253 8636 5000 8192 0 1000000000
254 315 12920 5000 8192 0 1000000000
24 8 1225 5000 8192 0 1000000000
97 174 4753 5000 8192 0 1000000000
233 273 11781 5000 8192 0 1000000000
85 249 4351 5000 8192 0 1000000000
104 124 5034 5000 8192 0 1000000000
147 201 7262 5000 8192 0 1000000000
36 84 1752 5000 8192 0 1000000000
233 211 11782 5000 8192 0 1000000000
167 169 8251 5000 8192 0 1000000000
186 279 9134 5000 8192 0 1000000000
13 219 628 5000 8192 0 1000000000
92 162 4601 5000 8192 0 1000000000
245 14 12567 5000 8192 0 1000000000
117 24 5696 5000 8192 0 1000000000
69 294 3521 5000 8192 0 1000000000
138 159 6787 5000 8192 0 1000000000
186 86 9142 5000 8192 0 1000000000
214 103 10709 5000 8192 0 1000000000
287 146 14663 5000 8192 0 1000000000
116 158 5640 5000 8192 0 1000000000
15 67 715 5000 8192 0 1000000000
260 214 13145 5000 8192 0 1000000000
206 100 10248 5000 8192 0 1000000000
52 23 2516 5000 8192 0 1000000000
291 85 14889 5000 8192 0 1000000000
236 162 11930 5000 8192 0 1000000000
235 284 11888 5000 8192 0 1000000000
312 129 15996 5000 8192 0 1000000000
258 266 13054 5000 8192 0 1000000000
142 58 6975 5000 8192 0 1000000000
74 94 16386 5000 16777216 1 1000000000
160 216 7884 5000 8192 0 1000000000
110 291 5248 5000 8192 0 1000000000
218 241 10916 5000 8192 0 1000000000
203 172 10035 5000 8192 0 1000000000
197 182 9790 5000 8192 0 1000000000
2 203 100 5000 8192 0 1000000000
205 175 10150 5000 8192 0 1000000000
82 75 4217 5000 8192 0 1000000000
143 155 7024 5000 8192 0 1000000000
278 236 14122 5000 8192 0 1000000000
316 89 16147 5000 8192 0 1000000000
218 177 10934 5000 8192 0 1000000000
153 39 7583 5000 8192 0 1000000000
55 225 2635 5000 8192 0 1000000000
0 38 25 5000 8192 0 1000000000
113 227 5487 5000 8192 0 1000000000
169 288 8412 5000 8192 0 1000000000
23 226 1163 5000 8192 0 1000000000
135 111 6630 5000 8192 0 1000000000
40 250 1895 5000 8192 0 1000000000
202 43 9983 5000 8192 0 1000000000
280 188 14261 5000 8192 0 1000000000
224 11 11305 5000 8192 0 1000000000
71 149 3698 5000 8192 0 1000000000
67 126 3437 5000 8192 0 1000000000
306 172 15687 5000 8192 0 1000000000
78 225 3917 5000 8192 0 1000000000
209 145 10352 5000 8192 0 1000000000
29 248 1466 5000 8192 0 1000000000
201 130 9947 5000 8192 0 1000000000
265 228 13441 5000 8192 0 1000000000
313 88 16018 5000 8192 0 1000000000
91 66 4573 5000 8192 0 1000000000
7 253 321 5000 8192 0 1000000000
282 168 14373 5000 8192 0 1000000000
189 27 9359 5000 8192 0 1000000000
66 249 3356 5000 8192 0 1000000000
234 66 11858 5000 8192 0 1000000000
160 199 7867 5000 8192 0 1000000000
260 93 13157 5000 8192 0 1000000000
264 32 13369 5000 8192 0 1000000000
274 276 13959 5000 8192 0 1000000000
145 217 7157 5000 8192 0 1000000000
286 224 14590 5000 8192 0 1000000000
284 54 14418 5000 8192 0 1000000000
49 175 2317 5000 8192 0 1000000000
30 316 1511 5000 8192 0 1000000000
41 304 1927 5000 8192 0 1000000000
79 119 3992 5000 8192 0 1000000000
296 297 15136 5000 8192 0 1000000000
206 21 10212 5000 8192 0 1000000000
63 91 3132 5000 8192 0 1000000000
97 207 4734 5000 8192 0 1000000000
293 309 15008 5000 8192 0 1000000000
75 314 3825 5000 8192 0 1000000000
137 53 6732 5000 8192 0 1000000000
304 207 15564 5000 8192 0 1000000000
209 258 10336 5000 8192 0 1000000000
24 229 1251 5000 8192 0 1000000000
156 182 7703 5000 8192 0 1000000000
175 134 8661 5000 8192 0 1000000000
22 163 1101 5000 8192 0 1000000000
280 74 14237 5000 8192 0 1000000000
57 224 2789 5000 8192 0 1000000000
201 123 9908 5000 8192 0 1000000000
237 253 12047 5000 8192 0 1000000000
162 287 7993 5000 8192 0 1000000000
237 276 12041 5000 8192 0 1000000000
73 219 3733 5000 8192 0 1000000000
117 278 5739 5000 8192 0 1000000000
285 148 14519 5000 8192 0 1000000000
244 27 12481 5000 8192 0 1000000000
138 72 6794 5000 8192 0 1000000000
224 184 11332 5000 8192 0 1000000000
229 318 11495 5000 8192 0 1000000000
190 170 9419 5000 8192 0 1000000000
279 193 14219 5000 8192 0 1000000000
111 21 5309 5000 8192 0 1000000000
315 16 16112 5000 8192 0 1000000000
220 149 11063 5000 8192 0 1000000000
292 294 14946 5000 8192 0 1000000000
261 264 13248 5000 8192 0 1000000000
87 80 4468 5000 8192 0 1000000000
134 211 6531 5000 8192 0 1000000000
181 63 8895 5000 8192 0 1000000000
185 164 9100 5000 8192 0 1000000000
229 182 11497 5000 8192 0 1000000000
78 19 3945 5000 8192 0 1000000000
305 139 15567 5000 8192 0 1000000000
280 5 14227 5000 8192 0 1000000000
290 301 14803 5000 8192 0 1000000000
223 269 11269 5000 8192 0 1000000000
116 28 5653 5000 8192 0 1000000000
215 224 10764 5000 8192 0 1000000000
138 162 6825 5000 8192 0 1000000000
174 26 8568 5000 8192 0 1000000000
158 245 7737 5000 8192 0 1000000000
42 290 2011 5000 8192 0 1000000000
162 309 8026 5000 8192 0 1000000000
202 145 9960 5000 8192 0 1000000000
30 143 1516 5000 8192 0 1000000000
41 38 1920 5000 8192 0 1000000000
291 233 14913 5000 8192 0 1000000000
221 207 11160 5000 8192 0 1000000000
295 121 15062 5000 8192 0 1000000000
64 276 3217 5000 8192 0 1000000000
278 316 14103 5000 8192 0 1000000000
190 133 9421 5000 8192 0 1000000000
293 212 15012 5000 8192 0 1000000000
206 319 10267 5000 8192 0 1000000000
54 180 2563 5000 8192 0 1000000000
306 35 15642 5000 8192 0 1000000000
95 213 4726 5000 8192 0 1000000000
179 280 8816 5000 8192 0 1000000000
187 140 9225 5000 8192 0 1000000000
13 80 623 5000 8192 0 1000000000
57 218 2786 5000 8192 0 1000000000
208 40 10282 5000 8192 0 1000000000
42 173 1981 5000 8192 0 1000000000
158 221 7732 5000 8192 0 1000000000
232 286 11716 5000 8192 0 1000000000
31 311 1550 5000 8192 0 1000000000
215 148 10726 5000 8192 0 1000000000
215 261 10762 5000 8192 0 1000000000
130 50 6446 5000 8192 0 1000000000
108 200 5149 5000 8192 0 1000000000
95 133 4716 5000 8192 0 1000000000
55 313 2665 5000 8192 0 1000000000
123 37 5983 5000 8192 0 1000000000
247 186 12635 5000 8192 0 1000000000
20 258 973 5000 8192 0 1000000000
272 268 13858 5000 8192 0 1000000000
35 252 1725 5000 8192 0 1000000000
276 51 13999 5000 8192 0 1000000000
211 307 10485 5000 8192 0 1000000000
297 38 15206 5000 8192 0 1000000000
269 236 13693 5000 8192 0 1000000000
152 311 7529 5000 8192 0 1000000000
22 251 1140 5000 8192 0 1000000000
92 221 4630 5000 8192 0 1000000000
73 38 3715 5000 8192 0 1000000000
60 302 2985 5000 8192 0 1000000000
261 257 13236 5000 8192 0 1000000000
25 227 16425 5000 16777216 1 1000000000
44 285 2158 5000 8192 0 1000000000
279 137 14175 5000 8192 0 1000000000
232 281 11701 5000 8192 0 1000000000
163 39 8073 5000 8192 0 1000000000
287 59 14612 5000 8192 0 1000000000
203 56 10047 5000 8192 0 1000000000
131 141 6483 5000 8192 0 1000000000
75 22 3796 5000 8192 0 1000000000
49 166 2340 5000 8192 0 1000000000
97 29 4776 5000 8192 0 1000000000
131 26 6490 5000 8192 0 1000000000
246 197 12625 5000 8192 0 1000000000
198 74 9838 5000 8192 0 1000000000
90 84 4507 5000 8192 0 1000000000
24 307 1218 5000 8192 0 1000000000
160 293 7904 5000 8192 0 1000000000
148 29 7309 5000 8192 0 1000000000
3 104 178 5000 8192 0 1000000000
140 134 6870 5000 8192 0 1000000000
20 112 995 5000 8192 0 1000000000
235 48 11907 5000 8192 0 1000000000
45 154 2220 5000 8192 0 1000000000
241 131 12286 5000 8192 0 1000000000
280 252 14284 5000 8192 0 1000000000
172 96 8474 5000 8192 0 1000000000
52 219 2496 5000 8192 0 1000000000
92 300 4643 5000 8192 0 1000000000
191 197 9501 5000 8192 0 1000000000
92 222 4632 5000 8192 0 1000000000
62 60 3076 5000 8192 0 1000000000
181 294 8904 5000 8192 0 1000000000
313 90 16074 5000 8192 0 1000000000
205 219 10175 5000 8192 0 1000000000
259 73 13138 5000 8192 0 1000000000
196 188 9703 5000 8192 0 1000000000
121 115 5896 5000 8192 0 1000000000
24 236 1227 5000 8192 0 1000000000
309 219 15875 5000 8192 0 1000000000
63 298 3167 5000 8192 0 1000000000
223 40 11271 5000 8192 0 1000000000
22 181 1134 5000 8192 0 1000000000
262 160 13302 5000 8192 0 1000000000
13 105 585 5000 8192 0 1000000000
43 110 2080 5000 8192 0 1000000000
195 226 9635 5000 8192 0 1000000000
201 246 9899 5000 8192 0 1000000000
231 169 11653 5000 8192 0 1000000000
316 32 16164 5000 8192 0 1000000000
316 75 16186 5000 8192 0 1000000000
20 11 999 5000 8192 0 1000000000
232 275 11733 5000 8192 0 1000000000
51 136 2429 5000 8192 0 1000000000
287 37 14641 5000 8192 0 1000000000
289 56 14785 5000 8192 0 1000000000
104 305 5013 5000 8192 0 1000000000
215 276 10742 5000 8192 0 1000000000
81 232 4113 5000 8192 0 1000000000
41 171 1921 5000 8192 0 1000000000
115 173 5601 5000 8192 0 1000000000
151 74 16410 5000 16777216 1 1000000000
115 243 5615 5000 8192 0 1000000000
218 224 10959 5000 8192 0 1000000000
286 139 14558 5000 8192 0 1000000000
118 110 5759 5000 8192 0 1000000000
27 213 1341 5000 8192 0 1000000000
57 12 2776 5000 8192 0 1000000000
87 235 4417 5000 8192 0 1000000000
28 293 1376 5000 8192 0 1000000000
95 186 4679 5000 8192 0 1000000000
23 210 1195 5000 8192 0 1000000000
78 205 3935 5000 8192 0 1000000000
44 319 2114 5000 8192 0 1000000000
282 11 14406 5000 8192 0 1000000000
198 39 9830 5000 8192 0 1000000000
280 186 14251 5000 8192 0 1000000000
255 88 12957 5000 8192 0 1000000000
230 259 11600 5000 8192 0 1000000000
304 125 15543 5000 8192 0 1000000000
29 10 1460 5000 8192 0 1000000000
91 174 4566 5000 8192 0 1000000000
60 295 2976 5000 8192 0 1000000000
290 104 14840 5000 8192 0 1000000000
204 203 10112 5000 8192 0 1000000000
110 23 5275 5000 8192 0 1000000000
287 262 14615 5000 8192 0 1000000000
104 17 5038 5000 8192 0 1000000000
160 192 7891 5000 8192 0 1000000000
218 237 10967 5000 8192 0 1000000000
52 69 2534 5000 8192 0 1000000000
295 142 15112 5000 8192 0 1000000000
281 302 14293 5000 8192 0 1000000000
15 29 753 5000 8192 0 1000000000
45 225 2186 5000 8192 0 1000000000
130 224 6420 5000 8192 0 1000000000
300 22 15343 5000 8192 0 1000000000
16 64 777 5000 8192 0 1000000000
276 279 14000 5000 8192 0 1000000000
315 282 16092 5000 8192 0 1000000000
213 15 10642 5000 8192 0 1000000000
297 266 15188 5000 8192 0 1000000000
274 224 13927 5000 8192 0 1000000000
21 298 1076 5000 8192 0 1000000000
224 270 11353 5000 8192 0 1000000000
284 31 14444 5000 8192 0 1000000000
310 239 15903 5000 8192 0 1000000000
232 204 11687 5000 8192 0 1000000000
128 200 6315 5000 8192 0 1000000000
56 164 2689 5000 8192 0 1000000000
68 114 3469 5000 8192 0 1000000000
147 44 7256 5000 8192 0 1000000000
137 13 6747 5000 8192 0 1000000000
52 125 2503 5000 8192 0 1000000000
148 141 7288 5000 8192 0 1000000000
211 238 10471 5000 8192 0 1000000000
219 288 11014 5000 8192 0 1000000000
178 316 8803 5000 8192 0 1000000000
159 73 7837 5000 8192 0 1000000000
69 134 3567 5000 8192 0 1000000000
65 73 3261 5000 8192 0 1000000000
258 67 13029 5000 8192 0 1000000000
6 43 297 5000 8192 0 1000000000
221 31 11133 5000 8192 0 1000000000
176 50 8687 5000 8192 0 1000000000
40 25 1864 5000 8192 0 1000000000
240 163 12198 5000 8192 0 1000000000
92 111 4625 5000 8192 0 1000000000
264 256 13373 5000 8192 0 1000000000
231 190 11674 5000 8192 0 1000000000
260 77 13155 5000 8192 0 1000000000
173 273 8548 5000 8192 0 1000000000
246 206 12629 5000 8192 0 1000000000
305 34 15611 5000 8192 0 1000000000
242 1 12332 5000 8192 0 1000000000
274 309 13932 5000 8192 0 1000000000
113 3 5474 5000 8192 0 1000000000
117 7 5728 5000 8192 0 1000000000
306 149 15667 5000 8192 0 1000000000
158 232 7739 5000 8192 0 1000000000
287 135 14637 5000 8192 0 1000000000
149 298 7372 5000 8192 0 1000000000
71 265 3673 5000 8192 0 1000000000
241 132 12274 5000 8192 0 1000000000
185 3 9120 5000 8192 0 1000000000
97 260 4764 5000 8192 0 1000000000
194 8 9582 5000 8192 0 1000000000
312 80 15962 5000 8192 0 1000000000
137 51 6750 5000 8192 0 1000000000
150 215 7441 5000 8192 0 1000000000
143 95 7045 5000 8192 0 1000000000
302 305 15436 5000 8192 0 1000000000
161 203 7914 5000 8192 0 1000000000
136 170 6662 5000 8192 0 1000000000
193 313 9512 5000 8192 0 1000000000
292 65 14955 5000 8192 0 1000000000
303 296 15491 5000 8192 0 1000000000
172 278 8473 5000 8192 0 1000000000
147 206 7265 5000 8192 0 1000000000
239 8 12170 5000 8192 0 1000000000
230 217 11606 5000 8192 0 1000000000
186 236 9149 5000 8192 0 1000000000
24 1 1269 5000 8192 0 1000000000
50 284 2364 5000 8192 0 1000000000
215 219 10774 5000 8192 0 1000000000
240 6 12212 5000 8192 0 1000000000
54 293 2597 5000 8192 0 1000000000
158 229 7767 5000 8192 0 1000000000
41 126 1964 5000 8192 0 1000000000
60 255 2969 5000 8192 0 1000000000
185 109 9114 5000 8192 0 1000000000
81 175 4091 5000 8192 0 1000000000
28 194 1350 5000 8192 0 1000000000
205 102 10161 5000 8192 0 1000000000
141 53 6955 5000 8192 0 1000000000
20 222 969 5000 8192 0 1000000000
137 276 6737 5000 8192 0 1000000000
197 106 9807 5000 8192 0 1000000000
50 98 2367 5000 8192 0 1000000000
58 92 2860 5000 8192 0 1000000000
91 266 4544 5000 8192 0 1000000000
60 51 2954 5000 8192 0 1000000000
22 46 1116 5000 8192 0 1000000000
23 192 1208 5000 8192 0 1000000000
84 178 4295 5000 8192 0 1000000000
112 11 5390 5000 8192 0 1000000000
129 211 6348 5000 8192 0 1000000000
107 55 5093 5000 8192 0 1000000000
201 309 9898 5000 8192 0 1000000000
310 26 15892 5000 8192 0 1000000000
102 113 4928 5000 8192 0 1000000000
280 263 14270 5000 8192 0 1000000000
92 272 4664 5000 8192 0 1000000000
32 228 1618 5000 8192 0 1000000000
178 76 8774 5000 8192 0 1000000000
181 157 8887 5000 8192 0 1000000000
20 61 1016 5000 8192 0 1000000000
6 291 263 5000 8192 0 1000000000
168 61 8355 5000 8192 0 1000000000
208 144 10275 5000 8192 0 1000000000
205 56 10181 5000 8192 0 1000000000
187 303 9227 5000 8192 0 1000000000
131 247 6503 5000 8192 0 1000000000
168 142 8329 5000 8192 0 1000000000
119 314 5848 5000 8192 0 1000000000
274 162 13950 5000 8192 0 1000000000
287 175 14660 5000 8192 0 1000000000
270 266 13737 5000 8192 0 1000000000
264 29 13392 5000 8192 0 1000000000
168 294 8335 5000 8192 0 1000000000
259 49 13106 5000 8192 0 1000000000
282 104 14370 5000 8192 0 1000000000
279 99 14192 5000 8192 0 1000000000
36 2 1764 5000 8192 0 1000000000
21 311 1065 5000 8192 0 1000000000
148 201 7332 5000 8192 0 1000000000
7 76 383 5000 8192 0 1000000000
18 108 895 5000 8192 0 1000000000
277 125 14052 5000 8192 0 1000000000
255 262 12953 5000 8192 0 1000000000
52 95 2515 5000 8192 0 1000000000
9 49 490 5000 8192 0 1000000000
128 306 6318 5000 8192 0 1000000000
54 120 2571 5000 8192 0 1000000000
21 27 1040 5000 8192 0 1000000000
202 98 9973 5000 8192 0 1000000000
2 292 78 5000 8192 0 1000000000
104 94 5036 5000 8192 0 1000000000
162 127 8017 5000 8192 0 1000000000
141 189 6918 5000 8192 0 1000000000
0 256 45 5000 8192 0 1000000000
164 168 8167 5000 8192 0 1000000000
97 153 4763 5000 8192 0 1000000000
95 257 4702 5000 8192 0 1000000000
165 204 8199 5000 8192 0 1000000000
217 174 10865 5000 8192 0 1000000000
18 152 919 5000 8192 0 1000000000
243 151 12379 5000 8192 0 1000000000
282 304 14382 5000 8192 0 1000000000
108 206 5167 5000 8192 0 1000000000
71 11 3666 5000 8192 0 1000000000
149 81 7370 5000 8192 0 1000000000
32 53 1616 5000 8192 0 1000000000
127 126 6192 5000 8192 0 1000000000
91 150 4559 5000 8192 0 1000000000
85 139 4349 5000 8192 0 1000000000
197 291 9811 5000 8192 0 1000000000
191 234 9488 5000 8192 0 1000000000
118 49 5789 5000 8192 0 1000000000
14 260 703 5000 8192 0 1000000000
155 177 7655 5000 8192 0 1000000000
61 48 3043 5000 8192 0 1000000000
196 138 9751 5000 8192 0 1000000000
277 143 14086 5000 8192 0 1000000000
267 153 13560 5000 8192 0 1000000000
278 186 14157 5000 8192 0 1000000000
91 147 4597 5000 8192 0 1000000000
153 145 7560 5000 8192 0 1000000000
212 218 10563 5000 8192 0 1000000000
230 113 11605 5000 8192 0 1000000000
28 306 1377 5000 8192 0 1000000000
239 22 12167 5000 8192 0 1000000000
114 310 5538 5000 8192 0 1000000000
73 35 3753 5000 8192 0 1000000000
43 10 2103 5000 8192 0 1000000000
149 159 7384 5000 8192 0 1000000000
287 308 14634 5000 8192 0 1000000000
123 272 5980 5000 8192 0 1000000000
42 105 1994 5000 8192 0 1000000000
137 239 6743 5000 8192 0 1000000000
285 86 14482 5000 8192 0 1000000000
113 171 5466 5000 8192 0 1000000000
258 103 13050 5000 8192 0 1000000000
61 156 3009 5000 8192 0 1000000000
144 260 7090 5000 8192 0 1000000000
95 303 4705 5000 8192 0 1000000000
274 16 13938 5000 8192 0 1000000000
49 114 2341 5000 8192 0 1000000000
303 99 15448 5000 8192 0 1000000000
128 116 6293 5000 8192 0 1000000000
66 108 3343 5000 8192 0 1000000000
244 275 12483 5000 8192 0 1000000000
208 267 10287 5000 8192 0 1000000000
115 169 5612 5000 8192 0 1000000000
73 2 3728 5000 8192 0 1000000000
22 76 1138 5000 8192 0 1000000000
184 266 9041 5000 8192 0 1000000000
142 137 6973 5000 8192 0 1000000000
15 180 741 5000 8192 0 1000000000
179 170 8859 5000 8192 0 1000000000
319 155 16294 5000 8192 0 1000000000
137 96 6748 5000 8192 0 1000000000
22 55 1133 5000 8192 0 1000000000
234 146 11803 5000 8192 0 1000000000
3 288 144 5000 8192 0 1000000000
84 121 4343 5000 8192 0 1000000000
204 38 10121 5000 8192 0 1000000000
123 252 5944 5000 8192 0 1000000000
244 158 12498 5000 8192 0 1000000000
56 173 2698 5000 8192 0 1000000000
91 70 4579 5000 8192 0 1000000000
172 276 8467 5000 8192 0 1000000000
183 97 8971 5000 8192 0 1000000000
184 135 9023 5000 8192 0 1000000000
242 272 12341 5000 8192 0 1000000000
14 280 670 5000 8192 0 1000000000
124 139 6015 5000 8192 0 1000000000
217 88 10870 5000 8192 0 1000000000
78 240 3916 5000 8192 0 1000000000
4 248 245 5000 8192 0 1000000000
278 256 14116 5000 8192 0 1000000000
172 84 8483 5000 8192 0 1000000000
42 305 1984 5000 8192 0 1000000000
45 279 2219 5000 8192 0 1000000000
62 23 3086 5000 8192 0 1000000000
12 23 518 5000 8192 0 1000000000
159 76 7816 5000 8192 0 1000000000
179 103 8854 5000 8192 0 1000000000
84 52 4288 5000 8192 0 1000000000
136 159 6641 5000 8192 0 1000000000
298 218 15265 5000 8192 0 1000000000
238 228 12102 5000 8192 0 1000000000
124 122 6028 5000 8192 0 1000000000
30 287 1523 5000 8192 0 1000000000
121 232 5893 5000 8192 0 1000000000
185 156 9081 5000 8192 0 1000000000
265 9 13406 5000 8192 0 1000000000
265 2 13448 5000 8192 0 1000000000
30 292 1486 5000 8192 0 1000000000
284 62 14471 5000 8192 0 1000000000
16 84 801 5000 8192 0 1000000000
17 22 837 5000 8192 0 1000000000
51 315 2490 5000 8192 0 1000000000
22 292 1131 5000 8192 0 1000000000
51 297 2435 5000 8192 0 1000000000
298 284 15256 5000 8192 0 1000000000
181 317 8931 5000 8192 0 1000000000
309 47 15874 5000 8192 0 1000000000
3 95 133 5000 8192 0 1000000000
165 300 8221 5000 8192 0 1000000000
307 85 15739 5000 8192 0 1000000000
137 263 6744 5000 8192 0 1000000000
124 148 6011 5000 8192 0 1000000000
223 29 11255 5000 8192 0 1000000000
176 45 8734 5000 8192 0 1000000000
208 255 10286 5000 8192 0 1000000000
178 83 8796 5000 8192 0 1000000000
4 243 195 5000 8192 0 1000000000
261 237 13218 5000 8192 0 1000000000
178 233 8777 5000 8192 0 1000000000
62 13 3071 5000 8192 0 1000000000
222 223 11176 5000 8192 0 1000000000
268 310 13586 5000 8192 0 1000000000
172 184 8429 5000 8192 0 1000000000
249 7 12822 5000 8192 0 1000000000
153 72 7569 5000 8192 0 1000000000
65 176 3312 5000 8192 0 1000000000
78 238 3948 5000 8192 0 1000000000
124 252 6029 5000 8192 0 1000000000
219 311 11032 5000 8192 0 1000000000
308 160 15764 5000 8192 0 1000000000
288 304 14706 5000 8192 0 1000000000
260 72 13193 5000 8192 0 1000000000
288 31 14674 5000 8192 0 1000000000
220 13 11092 5000 8192 0 1000000000
175 188 8653 5000 8192 0 1000000000
195 111 9656 5000 8192 0 1000000000
76 314 3844 5000 8192 0 1000000000
35 174 1666 5000 8192 0 1000000000
292 208 14936 5000 8192 0 1000000000
101 171 4871 5000 8192 0 1000000000
22 215 1146 5000 8192 0 1000000000
80 53 4067 5000 8192 0 1000000000
107 217 5068 5000 8192 0 1000000000
21 302 1026 5000 8192 0 1000000000
255 135 12969 5000 8192 0 1000000000
219 169 11029 5000 8192 0 1000000000
130 133 6439 5000 8192 0 1000000000
248 302 12717 5000 8192 0 1000000000
165 27 8175 5000 8192 0 1000000000
254 81 12899 5000 8192 0 1000000000
3 254 129 5000 8192 0 1000000000
50 222 2397 5000 8192 0 1000000000
252 142 12836 5000 8192 0 1000000000
226 268 11437 5000 8192 0 1000000000
223 153 11245 5000 8192 0 1000000000
230 138 11578 5000 8192 0 1000000000
29 44 1453 5000 8192 0 1000000000
242 210 12330 5000 8192 0 1000000000
226 104 11424 5000 8192 0 1000000000
83 201 4240 5000 8192 0 1000000000
161 284 7960 5000 8192 0 1000000000
129 112 6321 5000 8192 0 1000000000
145 241 7208 5000 8192 0 1000000000
201 102 9949 5000 8192 0 1000000000
79 212 4001 5000 8192 0 1000000000
152 291 7503 5000 8192 0 1000000000
47 178 2248 5000 8192 0 1000000000
286 26 14607 5000 8192 0 1000000000
61 252 3056 5000 8192 0 1000000000
209 279 10397 5000 8192 0 1000000000
73 82 3758 5000 8192 0 1000000000
128 149 6258 5000 8192 0 1000000000
162 299 8031 5000 8192 0 1000000000
194 317 9613 5000 8192 0 1000000000
12 69 574 5000 8192 0 1000000000
4 246 235 5000 8192 0 1000000000
76 109 3871 5000 8192 0 1000000000
138 1 6778 5000 8192 0 1000000000
215 166 10760 5000 8192 0 1000000000
44 237 2165 5000 8192 0 1000000000
140 163 6878 5000 8192 0 1000000000
204 91 10091 5000 8192 0 1000000000
266 83 13461 5000 8192 0 1000000000
73 84 3736 5000 8192 0 1000000000
117 114 5744 5000 8192 0 1000000000
2 12 115 5000 8192 0 1000000000
79 216 4024 5000 8192 0 1000000000
163 269 8085 5000 8192 0 1000000000
75 93 3785 5000 8192 0 1000000000
221 200 11125 5000 8192 0 1000000000
92 301 4612 5000 8192 0 1000000000
252 175 12884 5000 8192 0 1000000000
298 75 15267 5000 8192 0 1000000000
285 105 14510 5000 8192 0 1000000000
85 172 4353 5000 8192 0 1000000000
41 251 1919 5000 8192 0 1000000000
210 112 10450 5000 8192 0 1000000000
71 289 3651 5000 8192 0 1000000000
55 239 2656 5000 8192 0 1000000000
144 7 7130 5000 8192 0 1000000000
311 263 16462 5000 16777216 1 1000000000
143 191 7083 5000 8192 0 1000000000
239 72 12184 5000 8192 0 1000000000
28 170 1374 5000 8192 0 1000000000
68 273 3472 5000 8192 0 1000000000
196 198 9733 5000 8192 0 1000000000
289 22 14757 5000 8192 0 1000000000
119 172 5853 5000 8192 0 1000000000
233 124 11789 5000 8192 0 1000000000
58 111 2822 5000 8192 0 1000000000
7 212 326 5000 8192 0 1000000000
274 275 13946 5000 8192 0 1000000000
52 134 2510 5000 8192 0 1000000000
119 175 5826 5000 8192 0 1000000000
150 35 7423 5000 8192 0 1000000000
8 281 392 5000 8192 0 1000000000
57 84 2782 5000 8192 0 1000000000
274 48 13930 5000 8192 0 1000000000
60 283 2993 5000 8192 0 1000000000
308 158 15768 5000 8192 0 1000000000
162 134 8035 5000 8192 0 1000000000
167 4 8253 5000 8192 0 1000000000
306 62 15675 5000 8192 0 1000000000
300 5 15373 5000 8192 0 1000000000
0 199 29 5000 8192 0 1000000000
64 76 3257 5000 8192 0 1000000000
197 192 9769 5000 8192 0 1000000000
44 192 2115 5000 8192 0 1000000000
9 234 474 5000 8192 0 1000000000
285 233 14532 5000 8192 0 1000000000
288 197 14722 5000 8192 0 1000000000
296 253 15143 5000 8192 0 1000000000
112 75 5421 5000 8192 0 1000000000
241 40 12284 5000 8192 0 1000000000
303 228 15463 5000 8192 0 1000000000
97 42 4741 5000 8192 0 1000000000
16 75 825 5000 8192 0 1000000000
213 236 10593 5000 8192 0 1000000000
20 193 1005 5000 8192 0 1000000000
13 118 612 5000 8192 0 1000000000
75 311 3774 5000 8192 0 1000000000
79 138 3980 5000 8192 0 1000000000
30 310 1530 5000 8192 0 1000000000
43 177 2094 5000 8192 0 1000000000
244 212 12478 5000 8192 0 1000000000
66 26 3341 5000 8192 0 1000000000
303 137 15496 5000 8192 0 1000000000
181 156 8927 5000 8192 0 1000000000
68 163 3474 5000 8192 0 1000000000
36 59 1759 5000 8192 0 1000000000
258 33 13061 5000 8192 0 1000000000
58 11 2847 5000 8192 0 1000000000
101 152 4886 5000 8192 0 1000000000
97 268 4782 5000 8192 0 1000000000
244 145 12454 5000 8192 0 1000000000
50 56 2377 5000 8192 0 1000000000
263 133 16505 5000 16777216 1 1000000000
223 154 11258 5000 8192 0 1000000000
222 30 11167 5000 8192 0 1000000000
13 107 618 5000 8192 0 1000000000
68 263 3456 5000 8192 0 1000000000
21 125 1050 5000 8192 0 1000000000
319 183 16282 5000 8192 0 1000000000
305 201 15600 5000 8192 0 1000000000
278 53 14112 5000 8192 0 1000000000
201 261 9935 5000 8192 0 1000000000
298 286 15259 5000 8192 0 1000000000
90 28 4500 5000 8192 0 1000000000
223 66 11272 5000 8192 0 1000000000
305 299 15609 5000 8192 0 1000000000
252 81 12861 5000 8192 0 1000000000
284 206 14428 5000 8192 0 1000000000
186 311 9136 5000 8192 0 1000000000
156 67 7666 5000 8192 0 1000000000
140 24 6849 5000 8192 0 1000000000
281 56 14297 5000 8192 0 1000000000
137 108 6765 5000 8192 0 1000000000
243 163 12382 5000 8192 0 1000000000
190 265 9417 5000 8192 0 1000000000
223 197 11243 5000 8192 0 1000000000
274 56 13941 5000 8192 0 1000000000
208 184 10329 5000 8192 0 1000000000
201 161 9919 5000 8192 0 1000000000
76 71 3885 5000 8192 0 1000000000
189 40 9316 5000 8192 0 1000000000
146 253 16433 5000 16777216 1 1000000000
0 164 61 5000 8192 0 1000000000
246 304 12580 5000 8192 0 1000000000
27 122 1332 5000 8192 0 1000000000
112 221 5412 5000 8192 0 1000000000
162 12 8016 5000 8192 0 1000000000
194 229 9625 5000 8192 0 1000000000
6 276 267 5000 8192 0 1000000000
4 55 231 5000 8192 0 1000000000
102 93 4955 5000 8192 0 1000000000
201 256 9901 5000 8192 0 1000000000
224 183 11296 5000 8192 0 1000000000
44 181 2131 5000 8192 0 1000000000
8 132 427 5000 8192 0 1000000000
222 170 11205 5000 8192 0 1000000000
172 219 8480 5000 8192 0 1000000000
210 111 10431 5000 8192 0 1000000000
267 160 13582 5000 8192 0 1000000000
149 290 7378 5000 8192 0 1000000000
44 222 2140 5000 8192 0 1000000000
202 38 9976 5000 8192 0 1000000000
221 287 11117 5000 8192 0 1000000000
135 134 6578 5000 8192 0 1000000000
267 93 13550 5000 8192 0 1000000000
61 154 3057 5000 8192 0 1000000000
214 51 10715 5000 8192 0 1000000000
147 243 7218 5000 8192 0 1000000000
57 27 2766 5000 8192 0 1000000000
0 151 62 5000 8192 0 1000000000
144 40 7094 5000 8192 0 1000000000
43 104 2059 5000 8192 0 1000000000
213 15 10653 5000 8192 0 1000000000
248 202 12755 5000 8192 0 1000000000
79 172 4015 5000 8192 0 1000000000
269 185 13698 5000 8192 0 1000000000
78 316 3951 5000 8192 0 1000000000
118 282 5754 5000 8192 0 1000000000
249 94 12778 5000 8192 0 1000000000
137 255 6759 5000 8192 0 1000000000
240 154 12226 5000 8192 0 1000000000
206 60 10243 5000 8192 0 1000000000
149 234 7390 5000 8192 0 1000000000
313 139 16070 5000 8192 0 1000000000
95 182 4713 5000 8192 0 1000000000
268 83 13609 5000 8192 0 1000000000
159 88 7842 5000 8192 0 1000000000
76 129 3872 5000 8192 0 1000000000
131 206 6474 5000 8192 0 1000000000
312 261 16000 5000 8192 0 1000000000
262 297 13284 5000 8192 0 1000000000
319 52 16269 5000 8192 0 1000000000
79 205 3987 5000 8192 0 1000000000
284 133 14430 5000 8192 0 1000000000
223 79 11278 5000 8192 0 1000000000
108 196 5126 5000 8192 0 1000000000
7 42 360 5000 8192 0 1000000000
141 210 6908 5000 8192 0 1000000000
8 212 394 5000 8192 0 1000000000
111 130 5345 5000 8192 0 1000000000
302 26 15380 5000 8192 0 1000000000
288 147 14688 5000 8192 0 1000000000
130 269 6418 5000 8192 0 1000000000
66 126 3353 5000 8192 0 1000000000
28 60 1369 5000 8192 0 1000000000
134 47 6533 5000 8192 0 1000000000
249 78 12772 5000 8192 0 1000000000
277 210 14069 5000 8192 0 1000000000
15 165 752 5000 8192 0 1000000000
168 46 8314 5000 8192 0 1000000000
23 257 1206 5000 8192 0 1000000000
22 127 1144 5000 8192 0 1000000000
14 257 646 5000 8192 0 1000000000
240 114 12241 5000 8192 0 1000000000
70 243 3590 5000 8192 0 1000000000
101 248 4869 5000 8192 0 1000000000
295 2 15084 5000 8192 0 1000000000
153 201 7537 5000 8192 0 1000000000
117 82 5745 5000 8192 0 1000000000
79 170 3972 5000 8192 0 1000000000
63 158 3133 5000 8192 0 1000000000
214 222 10661 5000 8192 0 1000000000
210 263 10452 5000 8192 0 1000000000
97 319 4756 5000 8192 0 1000000000
64 263 3246 5000 8192 0 1000000000
66 255 3377 5000 8192 0 1000000000
261 253 13237 5000 8192 0 1000000000
104 155 4997 5000 8192 0 1000000000
238 141 12098 5000 8192 0 1000000000
160 309 7873 5000 8192 0 1000000000
127 309 6240 5000 8192 0 1000000000
140 168 6869 5000 8192 0 1000000000
316 247 16194 5000 8192 0 1000000000
262 129 13322 5000 8192 0 1000000000
4 315 219 5000 8192 0 1000000000
269 6 13686 5000 8192 0 1000000000
211 17 10490 5000 8192 0 1000000000
148 267 7290 5000 8192 0 1000000000
219 135 11016 5000 8192 0 1000000000
42 131 1983 5000 8192 0 1000000000
35 175 1670 5000 8192 0 1000000000
169 61 8414 5000 8192 0 1000000000
209 158 10370 5000 8192 0 1000000000
166 53 16448 5000 16777216 1 1000000000
308 139 15816 5000 8192 0 1000000000
73 17 3768 5000 8192 0 1000000000
215 183 10723 5000 8192 0 1000000000
164 197 8135 5000 8192 0 1000000000
289 156 14753 5000 8192 0 1000000000
84 319 4320 5000 8192 0 1000000000
215 150 10732 5000 8192 0 1000000000
218 20 10913 5000 8192 0 1000000000
226 208 11445 5000 8192 0 1000000000
82 229 4183 5000 8192 0 1000000000
4 140 241 5000 8192 0 1000000000
191 48 9497 5000 8192 0 1000000000
141 171 6924 5000 8192 0 1000000000
293 270 15033 5000 8192 0 1000000000
258 282 13072 5000 8192 0 1000000000
45 94 2214 5000 8192 0 1000000000
78 128 3914 5000 8192 0 1000000000
23 297 1197 5000 8192 0 1000000000
278 290 14154 5000 8192 0 1000000000
218 126 10918 5000 8192 0 1000000000
69 235 3573 5000 8192 0 1000000000
6 144 272 5000 8192 0 1000000000
80 128 4033 5000 8192 0 1000000000
307 40 15747 5000 8192 0 1000000000
210 191 10424 5000 8192 0 1000000000
215 169 10775 5000 8192 0 1000000000
172 136 8444 5000 8192 0 1000000000
112 211 5424 5000 8192 0 1000000000
49 0 2311 5000 8192 0 1000000000
2 37 120 5000 8192 0 1000000000
267 80 13559 5000 8192 0 1000000000
102 83 4954 5000 8192 0 1000000000
221 115 11127 5000 8192 0 1000000000
28 137 1373 5000 8192 0 1000000000
212 261 10567 5000 8192 0 1000000000
224 236 11297 5000 8192 0 1000000000
68 63 3452 5000 8192 0 1000000000
316 311 16168 5000 8192 0 1000000000
202 165 9981 5000 8192 0 1000000000
233 125 11771 5000 8192 0 1000000000
286 113 14599 5000 8192 0 1000000000
212 199 10589 5000 8192 0 1000000000
154 207 16492 5000 16777216 1 1000000000
310 74 15896 5000 8192 0 1000000000
116 95 5672 5000 8192 0 1000000000
119 60 5821 5000 8192 0 1000000000
44 261 2148 5000 8192 0 1000000000
71 93 3685 5000 8192 0 1000000000
270 197 13740 5000 8192 0 1000000000
247 44 12638 5000 8192 0 1000000000
201 193 9925 5000 8192 0 1000000000
291 187 14887 5000 8192 0 1000000000
265 294 13396 5000 8192 0 1000000000
111 125 5323 5000 8192 0 1000000000
214 148 10690 5000 8192 0 1000000000
18 229 934 5000 8192 0 1000000000
4 183 194 5000 8192 0 1000000000
191 210 9486 5000 8192 0 1000000000
175 234 8668 5000 8192 0 1000000000
149 205 7392 5000 8192 0 1000000000
217 208 10864 5000 8192 0 1000000000
36 263 1780 5000 8192 0 1000000000
316 28 16197 5000 8192 0 1000000000
4 281 233 5000 8192 0 1000000000
123 299 5978 5000 8192 0 1000000000
292 319 14948 5000 8192 0 1000000000
112 269 5368 5000 8192 0 1000000000
118 37 5757 5000 8192 0 1000000000
217 5 10871 5000 8192 0 1000000000
17 137 862 5000 8192 0 1000000000
3 98 163 5000 8192 0 1000000000
61 36 3051 5000 8192 0 1000000000
20 246 961 5000 8192 0 1000000000
161 317 7944 5000 8192 0 1000000000
27 146 1318 5000 8192 0 1000000000
149 313 7373 5000 8192 0 1000000000
276 28 13974 5000 8192 0 1000000000
112 164 5413 5000 8192 0 1000000000
67 143 3404 5000 8192 0 1000000000
203 292 10041 5000 8192 0 1000000000
281 135 14320 5000 8192 0 1000000000
12 13 523 5000 8192 0 1000000000
158 196 7730 5000 8192 0 1000000000
217 45 10867 5000 8192 0 1000000000
258 31 13024 5000 8192 0 1000000000
111 143 5352 5000 8192 0 1000000000
240 183 12243 5000 8192 0 1000000000
61 239 3017 5000 8192 0 1000000000
160 19 7889 5000 8192 0 1000000000
236 30 11966 5000 8192 0 1000000000
274 289 13954 5000 8192 0 1000000000
14 207 688 5000 8192 0 1000000000
280 307 14258 5000 8192 0 1000000000
140 28 6865 5000 8192 0 1000000000
312 200 16012 5000 8192 0 1000000000
112 278 5415 5000 8192 0 1000000000
143 229 7079 5000 8192 0 1000000000
236 75 11974 5000 8192 0 1000000000
203 194 10053 5000 8192 0 1000000000
232 71 11717 5000 8192 0 1000000000
2 177 109 5000 8192 0 1000000000
64 87 3243 5000 8192 0 1000000000
128 163 6282 5000 8192 0 1000000000
224 130 11330 5000 8192 0 1000000000
241 231 12310 5000 8192 0 1000000000
21 122 1063 5000 8192 0 1000000000
57 310 2768 5000 8192 0 1000000000
150 214 7421 5000 8192 0 1000000000
175 197 8640 5000 8192 0 1000000000
217 290 10855 5000 8192 0 1000000000
234 312 11864 5000 8192 0 1000000000
205 217 10162 5000 8192 0 1000000000
198 184 9885 5000 8192 0 1000000000
4 286 220 5000 8192 0 1000000000
309 284 15842 5000 8192 0 1000000000
194 123 9586 5000 8192 0 1000000000
141 140 6913 5000 8192 0 1000000000
281 245 14325 5000 8192 0 1000000000
266 303 13478 5000 8192 0 1000000000
175 294 8678 5000 8192 0 1000000000
163 76 8095 5000 8192 0 1000000000
288 266 14698 5000 8192 0 1000000000
264 308 13387 5000 8192 0 1000000000
202 149 9977 5000 8192 0 1000000000
79 33 4025 5000 8192 0 1000000000
142 200 6965 5000 8192 0 1000000000
88 53 16464 5000 16777216 1 1000000000
295 251 15070 5000 8192 0 1000000000
179 167 8847 5000 8192 0 1000000000
68 255 3504 5000 8192 0 1000000000
284 209 14431 5000 8192 0 1000000000
231 290 11620 5000 8192 0 1000000000
14 79 658 5000 8192 0 1000000000
6 272 291 5000 8192 0 1000000000
243 202 12387 5000 8192 0 1000000000
62 137 3077 5000 8192 0 1000000000
35 309 1720 5000 8192 0 1000000000
219 303 10976 5000 8192 0 1000000000
225 50 11363 5000 8192 0 1000000000
265 121 13444 5000 8192 0 1000000000
160 135 7866 5000 8192 0 1000000000
262 119 13281 5000 8192 0 1000000000
240 31 12199 5000 8192 0 1000000000
119 120 5825 5000 8192 0 1000000000
9 37 488 5000 8192 0 1000000000
215 179 10722 5000 8192 0 1000000000
134 89 6552 5000 8192 0 1000000000
266 178 13497 5000 8192 0 1000000000
17 141 840 5000 8192 0 1000000000
18 125 916 5000 8192 0 1000000000
219 280 10989 5000 8192 0 1000000000
35 159 1687 5000 8192 0 1000000000
184 57 9053 5000 8192 0 1000000000
124 156 6062 5000 8192 0 1000000000
123 117 5967 5000 8192 0 1000000000
111 255 5308 5000 8192 0 1000000000
76 94 3897 5000 8192 0 1000000000
272 72 13863 5000 8192 0 1000000000
116 213 5674 5000 8192 0 1000000000
27 24 1337 5000 8192 0 1000000000
222 33 11226 5000 8192 0 1000000000
118 299 5798 5000 8192 0 1000000000
134 242 6534 5000 8192 0 1000000000
175 45 8620 5000 8192 0 1000000000
114 44 5518 5000 8192 0 1000000000
296 132 15139 5000 8192 0 1000000000
135 317 6587 5000 8192 0 1000000000
28 151 1404 5000 8192 0 1000000000
226 95 11466 5000 8192 0 1000000000
8 218 419 5000 8192 0 1000000000
308 40 15759 5000 8192 0 1000000000
127 219 6218 5000 8192 0 1000000000
247 292 12637 5000 8192 0 1000000000
110 9 5271 5000 8192 0 1000000000
218 232 10925 5000 8192 0 1000000000
137 30 6725 5000 8192 0 1000000000
266 117 13475 5000 8192 0 1000000000
127 219 6245 5000 8192 0 1000000000
198 46 9839 5000 8192 0 1000000000
233 224 11770 5000 8192 0 1000000000
236 70 11943 5000 8192 0 1000000000
300 66 15359 5000 8192 0 1000000000
202 8 10001 5000 8192 0 1000000000
161 74 7917 5000 8192 0 1000000000
278 268 14123 5000 8192 0 1000000000
254 230 12942 5000 8192 0 1000000000
203 170 10026 5000 8192 0 1000000000
51 155 2428 5000 8192 0 1000000000
172 208 8487 5000 8192 0 1000000000
92 102 4627 5000 8192 0 1000000000
30 158 1472 5000 8192 0 1000000000
12 120 553 5000 8192 0 1000000000
265 264 13416 5000 8192 0 1000000000
45 171 2178 5000 8192 0 1000000000
193 94 9546 5000 8192 0 1000000000
213 44 10612 5000 8192 0 1000000000
273 133 16357 5000 16777216 1 1000000000
267 93 13530 5000 8192 0 1000000000
185 45 9088 5000 8192 0 1000000000
308 274 15779 5000 8192 0 1000000000
205 131 10156 5000 8192 0 1000000000
66 264 3323 5000 8192 0 1000000000
116 212 5666 5000 8192 0 1000000000
145 270 7175 5000 8192 0 1000000000
211 262 10479 5000 8192 0 1000000000
87 228 4459 5000 8192 0 1000000000
91 72 4561 5000 8192 0 1000000000
259 301 13135 5000 8192 0 1000000000
155 277 7610 5000 8192 0 1000000000
248 109 12734 5000 8192 0 1000000000
209 241 10372 5000 8192 0 1000000000
210 277 10413 5000 8192 0 1000000000
236 275 11968 5000 8192 0 1000000000
101 302 4874 5000 8192 0 1000000000
244 229 12471 5000 8192 0 1000000000
219 309 11031 5000 8192 0 1000000000
83 192 4242 5000 8192 0 1000000000
181 79 8911 5000 8192 0 1000000000
78 207 3938 5000 8192 0 1000000000
112 96 5399 5000 8192 0 1000000000
90 108 4509 5000 8192 0 1000000000
312 49 15983 5000 8192 0 1000000000
142 280 7013 5000 8192 0 1000000000
221 26 11103 5000 8192 0 1000000000
184 303 9029 5000 8192 0 1000000000
52 255 2502 5000 8192 0 1000000000
293 158 14998 5000 8192 0 1000000000
55 26 2672 5000 8192 0 1000000000
225 264 11386 5000 8192 0 1000000000
69 131 3555 5000 8192 0 1000000000
22 30 1119 5000 8192 0 1000000000
310 80 15918 5000 8192 0 1000000000
145 181 7200 5000 8192 0 1000000000
261 170 13214 5000 8192 0 1000000000
16 97 812 5000 8192 0 1000000000
156 304 7664 5000 8192 0 1000000000
39 25 1800 5000 8192 0 1000000000
175 120 8656 5000 8192 0 1000000000
17 110 867 5000 8192 0 1000000000
108 314 5134 5000 8192 0 1000000000
138 161 6821 5000 8192 0 1000000000
39 287 1816 5000 8192 0 1000000000
258 42 13064 5000 8192 0 1000000000
184 93 9049 5000 8192 0 1000000000
9 198 503 5000 8192 0 1000000000
258 128 13014 5000 8192 0 1000000000
41 307 1938 5000 8192 0 1000000000
109 114 5230 5000 8192 0 1000000000
65 61 3291 5000 8192 0 1000000000
198 12 9842 5000 8192 0 1000000000
23 263 1170 5000 8192 0 1000000000
41 56 1965 5000 8192 0 1000000000
264 45 13378 5000 8192 0 1000000000
284 59 14426 5000 8192 0 1000000000
265 32 13426 5000 8192 0 1000000000
128 111 6274 5000 8192 0 1000000000
292 269 14957 5000 8192 0 1000000000
204 194 10092 5000 8192 0 1000000000
161 219 7932 5000 8192 0 1000000000
108 223 5156 5000 8192 0 1000000000
203 74 10032 5000 8192 0 1000000000
306 37 15679 5000 8192 0 1000000000
303 229 15477 5000 8192 0 1000000000
274 30 13913 5000 8192 0 1000000000
214 49 10701 5000 8192 0 1000000000
82 222 4177 5000 8192 0 1000000000
290 180 14846 5000 8192 0 1000000000
245 66 12524 5000 8192 0 1000000000
28 229 1362 5000 8192 0 1000000000
17 179 855 5000 8192 0 1000000000
269 38 13696 5000 8192 0 1000000000
155 8 7607 5000 8192 0 1000000000
57 229 2800 5000 8192 0 1000000000
272 190 13895 5000 8192 0 1000000000
306 77 15665 5000 8192 0 1000000000
149 165 7402 5000 8192 0 1000000000
220 49 11064 5000 8192 0 1000000000
196 132 9714 5000 8192 0 1000000000
124 46 6044 5000 8192 0 1000000000
274 175 13905 5000 8192 0 1000000000
236 119 11935 5000 8192 0 1000000000
305 168 15620 5000 8192 0 1000000000
173 94 8536 5000 8192 0 1000000000
90 133 4491 5000 8192 0 1000000000
272 44 13865 5000 8192 0 1000000000
113 107 5433 5000 8192 0 1000000000
164 77 8140 5000 8192 0 1000000000
44 304 2135 5000 8192 0 1000000000
189 39 9356 5000 8192 0 1000000000
28 160 1395 5000 8192 0 1000000000
267 244 13557 5000 8192 0 1000000000
6 207 292 5000 8192 0 1000000000
102 245 4970 5000 8192 0 1000000000
189 259 9335 5000 8192 0 1000000000
80 242 4052 5000 8192 0 1000000000
247 32 12639 5000 8192 0 1000000000
245 28 12545 5000 8192 0 1000000000
212 197 10566 5000 8192 0 1000000000
308 111 15798 5000 8192 0 1000000000
300 97 15350 5000 8192 0 1000000000
116 14 5642 5000 8192 0 1000000000
85 277 4387 5000 8192 0 1000000000
149 159 7359 5000 8192 0 1000000000
64 234 3200 5000 8192 0 1000000000
104 161 5009 5000 8192 0 1000000000
229 129 11508 5000 8192 0 1000000000
126 143 6171 5000 8192 0 1000000000
271 303 13797 5000 8192 0 1000000000
21 20 1055 5000 8192 0 1000000000
230 49 11552 5000 8192 0 1000000000
229 215 11513 5000 8192 0 1000000000
101 193 4861 5000 8192 0 1000000000
57 20 2781 5000 8192 0 1000000000
54 154 2609 5000 8192 0 1000000000
78 235 3946 5000 8192 0 1000000000
17 195 860 5000 8192 0 1000000000
162 179 7997 5000 8192 0 1000000000
61 154 3015 5000 8192 0 1000000000
185 250 9117 5000 8192 0 1000000000
172 96 8458 5000 8192 0 1000000000
187 213 9191 5000 8192 0 1000000000
220 217 11087 5000 8192 0 1000000000
179 24 8845 5000 8192 0 1000000000
305 9 15583 5000 8192 0 1000000000
28 51 1358 5000 8192 0 1000000000
24 239 1241 5000 8192 0 1000000000
299 72 16399 5000 16777216 1 1000000000
39 87 1833 5000 8192 0 1000000000
162 297 8025 5000 8192 0 1000000000
304 224 15507 5000 8192 0 1000000000
98 280 4801 5000 8192 0 1000000000
35 217 1686 5000 8192 0 1000000000
293 213 15030 5000 8192 0 1000000000
315 4 16089 5000 8192 0 1000000000
68 97 3484 5000 8192 0 1000000000
312 115 16005 5000 8192 0 1000000000
233 126 11758 5000 8192 0 1000000000
184 318 9019 5000 8192 0 1000000000
4 251 228 5000 8192 0 1000000000
70 86 3597 5000 8192 0 1000000000
306 192 15685 5000 8192 0 1000000000
0 51 15 5000 8192 0 1000000000
109 44 5231 5000 8192 0 1000000000
306 69 15657 5000 8192 0 1000000000
147 76 7249 5000 8192 0 1000000000
236 19 11987 5000 8192 0 1000000000
76 311 3881 5000 8192 0 1000000000
255 274 12977 5000 8192 0 1000000000
75 135 3797 5000 8192 0 1000000000
101 283 4865 5000 8192 0 1000000000
262 65 13287 5000 8192 0 1000000000
196 27 9757 5000 8192 0 1000000000
205 120 10172 5000 8192 0 1000000000
102 251 4943 5000 8192 0 1000000000
160 279 7881 5000 8192 0 1000000000
266 219 13500 5000 8192 0 1000000000
206 226 10225 5000 8192 0 1000000000
79 195 3971 5000 8192 0 1000000000
318 187 16219 5000 8192 0 1000000000
152 195 7494 5000 8192 0 1000000000
129 229 6356 5000 8192 0 1000000000
147 202 7269 5000 8192 0 1000000000
67 188 3438 5000 8192 0 1000000000
240 130 12197 5000 8192 0 1000000000
143 238 7064 5000 8192 0 1000000000
309 232 15863 5000 8192 0 1000000000
290 248 14845 5000 8192 0 1000000000
231 99 11617 5000 8192 0 1000000000
160 280 7911 5000 8192 0 1000000000
129 298 6346 5000 8192 0 1000000000
141 171 6914 5000 8192 0 1000000000
179 146 8819 5000 8192 0 1000000000
79 179 4006 5000 8192 0 1000000000
298 20 15307 5000 8192 0 1000000000
260 52 13165 5000 8192 0 1000000000
188 7 9254 5000 8192 0 1000000000
14 73 694 5000 8192 0 1000000000
280 76 14234 5000 8192 0 1000000000
229 111 11520 5000 8192 0 1000000000
101 90 4872 5000 8192 0 1000000000
68 260 3482 5000 8192 0 1000000000
23 60 1198 5000 8192 0 1000000000
233 170 11741 5000 8192 0 1000000000
169 180 8367 5000 8192 0 1000000000
198 118 9846 5000 8192 0 1000000000
148 246 7339 5000 8192 0 1000000000
201 154 9942 5000 8192 0 1000000000
56 197 2742 5000 8192 0 1000000000
255 111 13011 5000 8192 0 1000000000
287 15 14642 5000 8192 0 1000000000
173 211 8499 5000 8192 0 1000000000
293 304 15014 5000 8192 0 1000000000
306 155 15631 5000 8192 0 1000000000
272 112 13842 5000 8192 0 1000000000
143 187 7033 5000 8192 0 1000000000
70 304 3641 5000 8192 0 1000000000
216 28 10829 5000 8192 0 1000000000
194 226 9602 5000 8192 0 1000000000
238 222 12101 5000 8192 0 1000000000
29 210 1427 5000 8192 0 1000000000
232 221 11725 5000 8192 0 1000000000
190 273 9438 5000 8192 0 1000000000
259 277 13090 5000 8192 0 1000000000
298 210 15248 5000 8192 0 1000000000
298 98 15310 5000 8192 0 1000000000
17 25 852 5000 8192 0 1000000000
316 262 16199 5000 8192 0 1000000000
240 297 12232 5000 8192 0 1000000000
247 6 12673 5000 8192 0 1000000000
173 16 8503 5000 8192 0 1000000000
23 36 1191 5000 8192 0 1000000000
313 213 16016 5000 8192 0 1000000000
136 199 6670 5000 8192 0 1000000000
29 157 1437 5000 8192 0 1000000000
161 57 7928 5000 8192 0 1000000000
266 200 13490 5000 8192 0 1000000000
153 174 7574 5000 8192 0 1000000000
142 311 6977 5000 8192 0 1000000000
186 254 9129 5000 8192 0 1000000000
22 136 1142 5000 8192 0 1000000000
136 212 6672 5000 8192 0 1000000000
97 297 4742 5000 8192 0 1000000000
196 27 9737 5000 8192 0 1000000000
18 42 950 5000 8192 0 1000000000
162 56 8001 5000 8192 0 1000000000
130 233 6440 5000 8192 0 1000000000
54 135 2586 5000 8192 0 1000000000
13 129 604 5000 8192 0 1000000000
168 245 8345 5000 8192 0 1000000000
76 241 3887 5000 8192 0 1000000000
260 97 13160 5000 8192 0 1000000000
61 225 3030 5000 8192 0 1000000000
248 70 12738 5000 8192 0 1000000000
155 195 7602 5000 8192 0 1000000000
223 283 11249 5000 8192 0 1000000000
40 23 1875 5000 8192 0 1000000000
309 189 15852 5000 8192 0 1000000000
236 43 11944 5000 8192 0 1000000000
277 196 14044 5000 8192 0 1000000000
215 41 10768 5000 8192 0 1000000000
39 119 1842 5000 8192 0 1000000000
184 18 9047 5000 8192 0 1000000000
163 179 8069 5000 8192 0 1000000000
230 85 11556 5000 8192 0 1000000000
242 81 12365 5000 8192 0 1000000000
155 156 7625 5000 8192 0 1000000000
55 225 2657 5000 8192 0 1000000000
152 204 7493 5000 8192 0 1000000000
310 226 15922 5000 8192 0 1000000000
233 52 11777 5000 8192 0 1000000000
197 83 9765 5000 8192 0 1000000000
115 254 5582 5000 8192 0 1000000000
109 179 5189 5000 8192 0 1000000000
78 137 3901 5000 8192 0 1000000000
31 86 1551 5000 8192 0 1000000000
194 249 9607 5000 8192 0 1000000000
183 63 8964 5000 8192 0 1000000000
305 16 15621 5000 8192 0 1000000000
315 291 16137 5000 8192 0 1000000000
242 82 12355 5000 8192 0 1000000000
78 272 3956 5000 8192 0 1000000000
307 55 15732 5000 8192 0 1000000000
43 308 2055 5000 8192 0 1000000000
262 85 13300 5000 8192 0 1000000000
165 235 8230 5000 8192 0 1000000000
143 296 7059 5000 8192 0 1000000000
218 16 10961 5000 8192 0 1000000000
262 307 13268 5000 8192 0 1000000000
134 184 6535 5000 8192 0 1000000000
22 159 1100 5000 8192 0 1000000000
206 261 10262 5000 8192 0 1000000000
3 214 186 5000 8192 0 1000000000
252 197 12824 5000 8192 0 1000000000
247 203 12663 5000 8192 0 1000000000
289 72 14783 5000 8192 0 1000000000
286 118 14574 5000 8192 0 1000000000
297 154 15205 5000 8192 0 1000000000
104 206 4986 5000 8192 0 1000000000
147 129 7273 5000 8192 0 1000000000
163 265 8091 5000 8192 0 1000000000
254 220 12894 5000 8192 0 1000000000
291 57 14898 5000 8192 0 1000000000
3 99 147 5000 8192 0 1000000000
168 40 8298 5000 8192 0 1000000000
232 237 11705 5000 8192 0 1000000000
237 65 12031 5000 8192 0 1000000000
55 144 2637 5000 8192 0 1000000000
50 288 2375 5000 8192 0 1000000000
114 100 5507 5000 8192 0 1000000000
150 3 7439 5000 8192 0 1000000000
254 269 12895 5000 8192 0 1000000000
153 47 7532 5000 8192 0 1000000000
18 98 901 5000 8192 0 1000000000
229 240 11545 5000 8192 0 1000000000
150 204 7453 5000 8192 0 1000000000
8 200 429 5000 8192 0 1000000000
13 244 587 5000 8192 0 1000000000
135 221 6589 5000 8192 0 1000000000
195 67 9696 5000 8192 0 1000000000
20 284 983 5000 8192 0 1000000000
127 53 6224 5000 8192 0 1000000000
61 88 3066 5000 8192 0 1000000000
174 193 8570 5000 8192 0 1000000000
212 182 10533 5000 8192 0 1000000000
109 299 5195 5000 8192 0 1000000000
95 270 4696 5000 8192 0 1000000000
20 295 986 5000 8192 0 1000000000
35 1 1692 5000 8192 0 1000000000
152 289 7476 5000 8192 0 1000000000
247 167 12665 5000 8192 0 1000000000
231 173 11624 5000 8192 0 1000000000
97 31 4767 5000 8192 0 1000000000
208 303 10303 5000 8192 0 1000000000
23 287 1153 5000 8192 0 1000000000
270 129 13746 5000 8192 0 1000000000
172 304 8450 5000 8192 0 1000000000
210 185 10442 5000 8192 0 1000000000
62 285 3073 5000 8192 0 1000000000
20 153 971 5000 8192 0 1000000000
176 41 8726 5000 8192 0 1000000000
247 271 12686 5000 8192 0 1000000000
150 58 7440 5000 8192 0 1000000000
101 62 4880 5000 8192 0 1000000000
223 57 11244 5000 8192 0 1000000000
61 52 3022 5000 8192 0 1000000000
58 93 2853 5000 8192 0 1000000000
127 147 6251 5000 8192 0 1000000000
236 68 11989 5000 8192 0 1000000000
220 197 11069 5000 8192 0 1000000000
249 45 12785 5000 8192 0 1000000000
52 92 2533 5000 8192 0 1000000000
230 145 11587 5000 8192 0 1000000000
128 10 6269 5000 8192 0 1000000000
158 37 7778 5000 8192 0 1000000000
292 121 14989 5000 8192 0 1000000000
266 72 13508 5000 8192 0 1000000000
184 27 9012 5000 8192 0 1000000000
248 180 12724 5000 8192 0 1000000000
90 107 4484 5000 8192 0 1000000000
225 10 11410 5000 8192 0 1000000000
29 119 1434 5000 8192 0 1000000000
147 76 7271 5000 8192 0 1000000000
8 92 385 5000 8192 0 1000000000
126 129 6157 5000 8192 0 1000000000
189 169 9370 5000 8192 0 1000000000
116 78 5643 5000 8192 0 1000000000
63 140 3131 5000 8192 0 1000000000
305 154 15582 5000 8192 0 1000000000
197 251 9802 5000 8192 0 1000000000
306 209 15636 5000 8192 0 1000000000
128 100 6319 5000 8192 0 1000000000
276 221 14013 5000 8192 0 1000000000
213 14 10607 5000 8192 0 1000000000
218 73 10956 5000 8192 0 1000000000
248 183 12736 5000 8192 0 1000000000
310 80 15897 5000 8192 0 1000000000
267 142 13564 5000 8192 0 1000000000
249 240 12816 5000 8192 0 1000000000
32 148 1631 5000 8192 0 1000000000
4 229 212 5000 8192 0 1000000000
298 232 15289 5000 8192 0 1000000000
208 7 10331 5000 8192 0 1000000000
81 76 4131 5000 8192 0 1000000000
307 65 15731 5000 8192 0 1000000000
148 75 7310 5000 8192 0 1000000000
230 147 11581 5000 8192 0 1000000000
238 208 12113 5000 8192 0 1000000000
208 181 10327 5000 8192 0 1000000000
10 132 16481 5000 16777216 1 1000000000
246 56 12570 5000 8192 0 1000000000
281 304 14345 5000 8192 0 1000000000
216 86 10798 5000 8192 0 1000000000
8 261 416 5000 8192 0 1000000000
79 114 3985 5000 8192 0 1000000000
270 32 13730 5000 8192 0 1000000000
272 14 13893 5000 8192 0 1000000000
49 235 2300 5000 8192 0 1000000000
249 170 12760 5000 8192 0 1000000000
145 155 7211 5000 8192 0 1000000000
215 289 10776 5000 8192 0 1000000000
24 163 1217 5000 8192 0 1000000000
140 35 6831 5000 8192 0 1000000000
87 200 4460 5000 8192 0 1000000000
102 13 4930 5000 8192 0 1000000000
284 71 14420 5000 8192 0 1000000000
36 299 1756 5000 8192 0 1000000000
160 276 7875 5000 8192 0 1000000000
259 246 13131 5000 8192 0 1000000000
316 151 16151 5000 8192 0 1000000000
245 60 12564 5000 8192 0 1000000000
243 201 12419 5000 8192 0 1000000000
266 258 13498 5000 8192 0 1000000000
191 102 9476 5000 8192 0 1000000000
239 227 12145 5000 8192 0 1000000000
44 182 2132 5000 8192 0 1000000000
145 284 7155 5000 8192 0 1000000000
234 295 11848 5000 8192 0 1000000000
209 152 10369 5000 8192 0 1000000000
226 283 11478 5000 8192 0 1000000000
235 263 11913 5000 8192 0 1000000000
308 100 15812 5000 8192 0 1000000000
31 223 1581 5000 8192 0 1000000000
54 207 2583 5000 8192 0 1000000000
222 41 11212 5000 8192 0 1000000000
304 228 15517 5000 8192 0 1000000000
173 181 8530 5000 8192 0 1000000000
295 144 15094 5000 8192 0 1000000000
3 230 137 5000 8192 0 1000000000
206 116 10253 5000 8192 0 1000000000
83 280 4274 5000 8192 0 1000000000
110 36 5258 5000 8192 0 1000000000
32 2 1643 5000 8192 0 1000000000
168 5 8300 5000 8192 0 1000000000
277 172 14091 5000 8192 0 1000000000
293 287 15016 5000 8192 0 1000000000
238 312 12069 5000 8192 0 1000000000
318 262 16212 5000 8192 0 1000000000
143 301 7080 5000 8192 0 1000000000
73 253 3708 5000 8192 0 1000000000
121 58 5890 5000 8192 0 1000000000
2 11 114 5000 8192 0 1000000000
95 49 4722 5000 8192 0 1000000000
116 273 5670 5000 8192 0 1000000000
81 42 4106 5000 8192 0 1000000000
222 106 11191 5000 8192 0 1000000000
60 233 2988 5000 8192 0 1000000000
63 285 3183 5000 8192 0 1000000000
240 278 12246 5000 8192 0 1000000000
121 123 5922 5000 8192 0 1000000000
104 257 5025 5000 8192 0 1000000000
280 15 14226 5000 8192 0 1000000000
114 163 5543 5000 8192 0 1000000000
138 239 6820 5000 8192 0 1000000000
35 300 1695 5000 8192 0 1000000000
16 45 783 5000 8192 0 1000000000
173 120 8515 5000 8192 0 1000000000
62 156 3089 5000 8192 0 1000000000
160 150 7909 5000 8192 0 1000000000
50 99 2389 5000 8192 0 1000000000
156 44 7715 5000 8192 0 1000000000
109 290 5233 5000 8192 0 1000000000
137 306 6715 5000 8192 0 1000000000
17 24 885 5000 8192 0 1000000000
173 114 8532 5000 8192 0 1000000000
249 88 12786 5000 8192 0 1000000000
4 223 197 5000 8192 0 1000000000
71 300 3680 5000 8192 0 1000000000
158 239 7776 5000 8192 0 1000000000
284 123 14479 5000 8192 0 1000000000
111 138 5318 5000 8192 0 1000000000
229 200 11496 5000 8192 0 1000000000
293 77 15017 5000 8192 0 1000000000
265 72 13433 5000 8192 0 1000000000
242 195 12364 5000 8192 0 1000000000
20 208 1012 5000 8192 0 1000000000
52 305 2529 5000 8192 0 1000000000
203 140 10017 5000 8192 0 1000000000
107 113 5087 5000 8192 0 1000000000
54 161 2559 5000 8192 0 1000000000
22 229 1145 5000 8192 0 1000000000
241 190 12298 5000 8192 0 1000000000
189 99 9329 5000 8192 0 1000000000
4 135 215 5000 8192 0 1000000000
1 314 16439 5000 16777216 1 1000000000
212 26 10555 5000 8192 0 1000000000
218 160 10932 5000 8192 0 1000000000
35 40 1664 5000 8192 0 1000000000
228 177 16485 5000 16777216 1 1000000000
212 263 10587 5000 8192 0 1000000000
209 197 10337 5000 8192 0 1000000000
111 74 5311 5000 8192 0 1000000000
30 153 1510 5000 8192 0 1000000000
68 5 3483 5000 8192 0 1000000000
213 93 10640 5000 8192 0 1000000000
60 53 2968 5000 8192 0 1000000000
2 29 103 5000 8192 0 1000000000
59 270 2902 5000 8192 0 1000000000
18 8 911 5000 8192 0 1000000000
167 77 8257 5000 8192 0 1000000000
112 154 5426 5000 8192 0 1000000000
176 139 8710 5000 8192 0 1000000000
243 258 12404 5000 8192 0 1000000000
288 69 14701 5000 8192 0 1000000000
221 317 11129 5000 8192 0 1000000000
109 176 5227 5000 8192 0 1000000000
219 74 11034 5000 8192 0 1000000000
287 141 14617 5000 8192 0 1000000000
212 124 10561 5000 8192 0 1000000000
51 248 2443 5000 8192 0 1000000000
190 294 9407 5000 8192 0 1000000000
229 154 11483 5000 8192 0 1000000000
191 153 9453 5000 8192 0 1000000000
215 127 10729 5000 8192 0 1000000000
307 149 15709 5000 8192 0 1000000000
290 129 14841 5000 8192 0 1000000000
292 74 14967 5000 8192 0 1000000000
195 94 9666 5000 8192 0 1000000000
292 291 14949 5000 8192 0 1000000000
235 169 11892 5000 8192 0 1000000000
231 280 11669 5000 8192 0 1000000000
259 174 13088 5000 8192 0 1000000000
220 10 11089 5000 8192 0 1000000000
138 7 6795 5000 8192 0 1000000000
210 14 10406 5000 8192 0 1000000000
305 258 15572 5000 8192 0 1000000000
178 303 8792 5000 8192 0 1000000000
60 312 2981 5000 8192 0 1000000000
265 105 13429 5000 8192 0 1000000000
59 180 2880 5000 8192 0 1000000000
30 38 1491 5000 8192 0 1000000000
194 76 9608 5000 8192 0 1000000000
82 85 4194 5000 8192 0 1000000000
23 69 1192 5000 8192 0 1000000000
44 197 2141 5000 8192 0 1000000000
23 53 1168 5000 8192 0 1000000000
126 166 6155 5000 8192 0 1000000000
101 85 4903 5000 8192 0 1000000000
266 61 13520 5000 8192 0 1000000000
29 204 1439 5000 8192 0 1000000000
6 218 313 5000 8192 0 1000000000
49 171 2318 5000 8192 0 1000000000
241 269 12306 5000 8192 0 1000000000
218 294 10937 5000 8192 0 1000000000
129 220 6344 5000 8192 0 1000000000
75 85 3792 5000 8192 0 1000000000
236 142 11973 5000 8192 0 1000000000
83 108 4248 5000 8192 0 1000000000
243 242 12410 5000 8192 0 1000000000
274 289 13920 5000 8192 0 1000000000
219 268 11013 5000 8192 0 1000000000
29 314 1463 5000 8192 0 1000000000
179 185 8834 5000 8192 0 1000000000
144 71 7086 5000 8192 0 1000000000
68 315 3478 5000 8192 0 1000000000
47 215 2293 5000 8192 0 1000000000
210 117 10426 5000 8192 0 1000000000
267 182 13576 5000 8192 0 1000000000
145 42 7173 5000 8192 0 1000000000
241 176 12289 5000 8192 0 1000000000
271 89 13828 5000 8192 0 1000000000
108 190 5132 5000 8192 0 1000000000
167 280 8286 5000 8192 0 1000000000
191 231 9487 5000 8192 0 1000000000
60 178 2955 5000 8192 0 1000000000
243 196 12428 5000 8192 0 1000000000
176 23 8725 5000 8192 0 1000000000
12 111 544 5000 8192 0 1000000000
76 297 3870 5000 8192 0 1000000000
161 2 7959 5000 8192 0 1000000000
152 9 7472 5000 8192 0 1000000000
165 40 8178 5000 8192 0 1000000000
158 214 7736 5000 8192 0 1000000000
256 1 16431 5000 16777216 1 1000000000
209 184 10338 5000 8192 0 1000000000
318 197 16254 5000 8192 0 1000000000
134 209 6539 5000 8192 0 1000000000
46 257 16359 5000 16777216 1 1000000000
148 192 7317 5000 8192 0 1000000000
60 144 2965 5000 8192 0 1000000000
56 235 2711 5000 8192 0 1000000000
168 195 8359 5000 8192 0 1000000000
249 122 12780 5000 8192 0 1000000000
219 14 10996 5000 8192 0 1000000000
200 33 16346 5000 16777216 1 1000000000
173 124 8495 5000 8192 0 1000000000
80 302 4035 5000 8192 0 1000000000
127 73 6215 5000 8192 0 1000000000
126 96 6191 5000 8192 0 1000000000
119 305 5835 5000 8192 0 1000000000
79 303 3991 5000 8192 0 1000000000
80 244 4086 5000 8192 0 1000000000
269 50 13702 5000 8192 0 1000000000
218 45 10919 5000 8192 0 1000000000
108 315 5168 5000 8192 0 1000000000
150 136 7406 5000 8192 0 1000000000
92 61 4607 5000 8192 0 1000000000
219 92 11003 5000 8192 0 1000000000
242 94 12317 5000 8192 0 1000000000
165 91 8187 5000 8192 0 1000000000
136 215 6676 5000 8192 0 1000000000
203 1 10029 5000 8192 0 1000000000
32 272 1624 5000 8192 0 1000000000
272 76 13843 5000 8192 0 1000000000
307 267 15707 5000 8192 0 1000000000
224 157 11308 5000 8192 0 1000000000
319 42 16290 5000 8192 0 1000000000
75 149 3808 5000 8192 0 1000000000
258 292 13045 5000 8192 0 1000000000
220 249 11072 5000 8192 0 1000000000
167 185 8250 5000 8192 0 1000000000
234 120 11850 5000 8192 0 1000000000
31 184 1546 5000 8192 0 1000000000
174 5 8601 5000 8192 0 1000000000
209 22 10381 5000 8192 0 1000000000
278 241 14131 5000 8192 0 1000000000
137 289 6720 5000 8192 0 1000000000
279 61 14176 5000 8192 0 1000000000
242 144 12363 5000 8192 0 1000000000
12 122 530 5000 8192 0 1000000000
240 208 12211 5000 8192 0 1000000000
90 118 4488 5000 8192 0 1000000000
115 158 5590 5000 8192 0 1000000000
92 173 4622 5000 8192 0 1000000000
184 144 9027 5000 8192 0 1000000000
172 217 8424 5000 8192 0 1000000000
119 180 5852 5000 8192 0 1000000000
75 67 3794 5000 8192 0 1000000000
181 185 8891 5000 8192 0 1000000000
270 120 13739 5000 8192 0 1000000000
128 251 6292 5000 8192 0 1000000000
68 120 3458 5000 8192 0 1000000000
80 263 4061 5000 8192 0 1000000000
235 266 11885 5000 8192 0 1000000000
209 235 10355 5000 8192 0 1000000000
210 61 10453 5000 8192 0 1000000000
121 202 5877 5000 8192 0 1000000000
152 6 7496 5000 8192 0 1000000000
160 20 7865 5000 8192 0 1000000000
226 223 11441 5000 8192 0 1000000000
245 38 12557 5000 8192 0 1000000000
82 35 4209 5000 8192 0 1000000000
243 24 12378 5000 8192 0 1000000000
69 318 3516 5000 8192 0 1000000000
297 224 15218 5000 8192 0 1000000000
85 241 4390 5000 8192 0 1000000000
188 276 9265 5000 8192 0 1000000000
259 111 13085 5000 8192 0 1000000000
183 308 8937 5000 8192 0 1000000000
248 290 12702 5000 8192 0 1000000000
61 161 3061 5000 8192 0 1000000000
271 86 13821 5000 8192 0 1000000000
13 314 580 5000 8192 0 1000000000
29 207 1428 5000 8192 0 1000000000
160 247 7861 5000 8192 0 1000000000
210 192 10444 5000 8192 0 1000000000
21 231 1069 5000 8192 0 1000000000
174 105 8596 5000 8192 0 1000000000
231 42 11661 5000 8192 0 1000000000
49 119 2353 5000 8192 0 1000000000
76 139 3854 5000 8192 0 1000000000
190 277 9404 5000 8192 0 1000000000
220 48 11044 5000 8192 0 1000000000
169 120 8381 5000 8192 0 1000000000
181 90 8897 5000 8192 0 1000000000
300 135 15322 5000 8192 0 1000000000
297 106 15191 5000 8192 0 1000000000
101 154 4854 5000 8192 0 1000000000
210 190 10416 5000 8192 0 1000000000
179 138 8808 5000 8192 0 1000000000
60 134 2950 5000 8192 0 1000000000
69 292 3544 5000 8192 0 1000000000
206 11 10242 5000 8192 0 1000000000
209 164 10351 5000 8192 0 1000000000
212 233 10570 5000 8192 0 1000000000
161 136 7913 5000 8192 0 1000000000
316 3 16156 5000 8192 0 1000000000
290 112 14802 5000 8192 0 1000000000
264 286 13374 5000 8192 0 1000000000
280 217 14248 5000 8192 0 1000000000
114 274 5544 5000 8192 0 1000000000
155 100 7639 5000 8192 0 1000000000
185 316 9097 5000 8192 0 1000000000
184 55 9010 5000 8192 0 1000000000
290 138 14823 5000 8192 0 1000000000
209 61 10376 5000 8192 0 1000000000
202 30 10009 5000 8192 0 1000000000
125 312 6125 5000 8192 0 1000000000
16 237 778 5000 8192 0 1000000000
147 198 7229 5000 8192 0 1000000000
101 179 4879 5000 8192 0 1000000000
142 198 7007 5000 8192 0 1000000000
36 265 1762 5000 8192 0 1000000000
68 246 3513 5000 8192 0 1000000000
285 96 14517 5000 8192 0 1000000000
210 169 10458 5000 8192 0 1000000000
189 64 9367 5000 8192 0 1000000000
293 98 15010 5000 8192 0 1000000000
232 40 11706 5000 8192 0 1000000000
113 197 5432 5000 8192 0 1000000000
261 222 13210 5000 8192 0 1000000000
112 308 5369 5000 8192 0 1000000000
128 29 6264 5000 8192 0 1000000000
267 98 13549 5000 8192 0 1000000000
8 254 410 5000 8192 0 1000000000
5 105 16434 5000 16777216 1 1000000000
27 81 1325 5000 8192 0 1000000000
165 235 8211 5000 8192 0 1000000000
239 36 12146 5000 8192 0 1000000000
153 193 7557 5000 8192 0 1000000000
297 51 15245 5000 8192 0 1000000000
87 307 4424 5000 8192 0 1000000000
55 194 2623 5000 8192 0 1000000000
156 221 7708 5000 8192 0 1000000000
186 192 9150 5000 8192 0 1000000000
221 225 11155 5000 8192 0 1000000000
181 202 8924 5000 8192 0 1000000000
293 37 15000 5000 8192 0 1000000000
62 96 3102 5000 8192 0 1000000000
84 172 4340 5000 8192 0 1000000000
211 257 10505 5000 8192 0 1000000000
201 71 9904 5000 8192 0 1000000000
178 35 8784 5000 8192 0 1000000000
242 222 12345 5000 8192 0 1000000000
221 259 11105 5000 8192 0 1000000000
57 266 2758 5000 8192 0 1000000000
292 0 14927 5000 8192 0 1000000000
98 141 4851 5000 8192 0 1000000000
155 80 7600 5000 8192 0 1000000000
150 276 7460 5000 8192 0 1000000000
40 150 1854 5000 8192 0 1000000000
69 165 3571 5000 8192 0 1000000000
161 20 7952 5000 8192 0 1000000000
153 117 7565 5000 8192 0 1000000000
45 254 2212 5000 8192 0 1000000000
271 100 13833 5000 8192 0 1000000000
302 252 15425 5000 8192 0 1000000000
55 288 2676 5000 8192 0 1000000000
69 113 3538 5000 8192 0 1000000000
91 107 4570 5000 8192 0 1000000000
3 138 173 5000 8192 0 1000000000
259 306 13125 5000 8192 0 1000000000
168 37 8319 5000 8192 0 1000000000
138 248 6807 5000 8192 0 1000000000
23 234 1203 5000 8192 0 1000000000
176 310 8683 5000 8192 0 1000000000
179 152 8831 5000 8192 0 1000000000
81 166 4135 5000 8192 0 1000000000
163 28 8076 5000 8192 0 1000000000
145 17 7209 5000 8192 0 1000000000
15 238 763 5000 8192 0 1000000000
255 14 12991 5000 8192 0 1000000000
125 133 6126 5000 8192 0 1000000000
58 96 2825 5000 8192 0 1000000000
295 52 15103 5000 8192 0 1000000000
183 294 8947 5000 8192 0 1000000000
268 305 13618 5000 8192 0 1000000000
309 69 15864 5000 8192 0 1000000000
315 144 16119 5000 8192 0 1000000000
42 279 2012 5000 8192 0 1000000000
79 17 4010 5000 8192 0 1000000000
137 65 6721 5000 8192 0 1000000000
284 68 14423 5000 8192 0 1000000000
184 150 9007 5000 8192 0 1000000000
186 30 9139 5000 8192 0 1000000000
54 168 2610 5000 8192 0 1000000000
245 191 12555 5000 8192 0 1000000000
28 17 1396 5000 8192 0 1000000000
147 36 7263 5000 8192 0 1000000000
55 203 2638 5000 8192 0 1000000000
181 115 8908 5000 8192 0 1000000000
50 48 2403 5000 8192 0 1000000000
136 246 6687 5000 8192 0 1000000000
150 38 7414 5000 8192 0 1000000000
191 164 9481 5000 8192 0 1000000000
16 131 786 5000 8192 0 1000000000
308 288 15777 5000 8192 0 1000000000
130 94 6407 5000 8192 0 1000000000
75 203 3811 5000 8192 0 1000000000
80 203 4036 5000 8192 0 1000000000
213 190 10609 5000 8192 0 1000000000
136 50 6693 5000 8192 0 1000000000
116 150 5658 5000 8192 0 1000000000
8 307 408 5000 8192 0 1000000000
207 192 16438 5000 16777216 1 1000000000
214 91 10697 5000 8192 0 1000000000
268 259 13639 5000 8192 0 1000000000
187 308 9218 5000 8192 0 1000000000
288 84 14723 5000 8192 0 1000000000
289 233 14773 5000 8192 0 1000000000
288 280 14686 5000 8192 0 1000000000
76 186 3877 5000 8192 0 1000000000
161 120 7941 5000 8192 0 1000000000
267 283 13525 5000 8192 0 1000000000
186 191 9155 5000 8192 0 1000000000
138 145 6816 5000 8192 0 1000000000
230 221 11594 5000 8192 0 1000000000
18 53 912 5000 8192 0 1000000000
302 165 15400 5000 8192 0 1000000000
260 139 13159 5000 8192 0 1000000000
84 8 4326 5000 8192 0 1000000000
272 125 13854 5000 8192 0 1000000000
118 161 5805 5000 8192 0 1000000000
266 128 13471 5000 8192 0 1000000000
172 8 8475 5000 8192 0 1000000000
32 66 1640 5000 8192 0 1000000000
196 208 9726 5000 8192 0 1000000000
231 164 11623 5000 8192 0 1000000000
148 206 7324 5000 8192 0 1000000000
277 33 14035 5000 8192 0 1000000000
55 202 2670 5000 8192 0 1000000000
258 143 13063 5000 8192 0 1000000000
116 216 5656 5000 8192 0 1000000000
91 180 4554 5000 8192 0 1000000000
202 16 9993 5000 8192 0 1000000000
246 127 12616 5000 8192 0 1000000000
211 185 10474 5000 8192 0 1000000000
274 33 13963 5000 8192 0 1000000000
310 123 15891 5000 8192 0 1000000000
290 13 14809 5000 8192 0 1000000000
237 295 12039 5000 8192 0 1000000000
156 304 7680 5000 8192 0 1000000000
24 228 1253 5000 8192 0 1000000000
204 195 10126 5000 8192 0 1000000000
278 11 14108 5000 8192 0 1000000000
30 298 1512 5000 8192 0 1000000000
144 5 7136 5000 8192 0 1000000000
215 251 10771 5000 8192 0 1000000000
44 83 2121 5000 8192 0 1000000000
70 13 3625 5000 8192 0 1000000000
221 77 11121 5000 8192 0 1000000000
313 317 16015 5000 8192 0 1000000000
257 294 16384 5000 16777216 1 1000000000
143 83 7058 5000 8192 0 1000000000
168 31 8358 5000 8192 0 1000000000
41 136 1954 5000 8192 0 1000000000
60 135 2959 5000 8192 0 1000000000
263 192 16503 5000 16777216 1 1000000000
284 128 14438 5000 8192 0 1000000000
279 258 14160 5000 8192 0 1000000000
266 282 13485 5000 8192 0 1000000000
225 23 11400 5000 8192 0 1000000000
62 236 3121 5000 8192 0 1000000000
161 257 7958 5000 8192 0 1000000000
226 295 11470 5000 8192 0 1000000000
194 108 9618 5000 8192 0 1000000000
136 95 6647 5000 8192 0 1000000000
153 168 7579 5000 8192 0 1000000000
45 210 2210 5000 8192 0 1000000000
269 139 13684 5000 8192 0 1000000000
70 260 3622 5000 8192 0 1000000000
197 146 9797 5000 8192 0 1000000000
45 131 2216 5000 8192 0 1000000000
121 192 5932 5000 8192 0 1000000000
80 184 4047 5000 8192 0 1000000000
111 143 5335 5000 8192 0 1000000000
9 88 473 5000 8192 0 1000000000
281 293 14321 5000 8192 0 1000000000
127 231 6234 5000 8192 0 1000000000
49 109 2334 5000 8192 0 1000000000
285 80 14531 5000 8192 0 1000000000
92 125 4613 5000 8192 0 1000000000
309 317 15843 5000 8192 0 1000000000
296 20 15135 5000 8192 0 1000000000
300 126 15314 5000 8192 0 1000000000
277 143 14068 5000 8192 0 1000000000
248 227 12725 5000 8192 0 1000000000
203 173 10050 5000 8192 0 1000000000
242 172 12353 5000 8192 0 1000000000
84 16 4316 5000 8192 0 1000000000
27 111 1287 5000 8192 0 1000000000
130 1 6433 5000 8192 0 1000000000
204 306 10111 5000 8192 0 1000000000
225 216 11409 5000 8192 0 1000000000
123 251 5961 5000 8192 0 1000000000
205 174 10203 5000 8192 0 1000000000
112 107 5379 5000 8192 0 1000000000
90 65 4477 5000 8192 0 1000000000
208 74 10311 5000 8192 0 1000000000
83 303 4237 5000 8192 0 1000000000
190 164 9428 5000 8192 0 1000000000
24 98 1233 5000 8192 0 1000000000
279 235 14165 5000 8192 0 1000000000
265 216 13442 5000 8192 0 1000000000
152 269 7511 5000 8192 0 1000000000
223 287 11251 5000 8192 0 1000000000
190 203 9397 5000 8192 0 1000000000
191 278 9468 5000 8192 0 1000000000
222 17 11225 5000 8192 0 1000000000
303 66 15459 5000 8192 0 1000000000
40 259 1857 5000 8192 0 1000000000
163 176 8072 5000 8192 0 1000000000
87 247 4452 5000 8192 0 1000000000
108 221 5111 5000 8192 0 1000000000
22 255 1099 5000 8192 0 1000000000
305 312 15590 5000 8192 0 1000000000
143 69 7072 5000 8192 0 1000000000
188 16 9275 5000 8192 0 1000000000
302 139 15413 5000 8192 0 1000000000
67 232 3433 5000 8192 0 1000000000
134 35 6513 5000 8192 0 1000000000
245 261 12504 5000 8192 0 1000000000
233 65 11757 5000 8192 0 1000000000
248 141 12723 5000 8192 0 1000000000
220 177 11051 5000 8192 0 1000000000
245 198 12538 5000 8192 0 1000000000
277 156 14064 5000 8192 0 1000000000
175 179 8660 5000 8192 0 1000000000
95 162 4673 5000 8192 0 1000000000
278 139 14145 5000 8192 0 1000000000
305 311 15618 5000 8192 0 1000000000
237 200 12057 5000 8192 0 1000000000
108 49 5121 5000 8192 0 1000000000
165 276 8184 5000 8192 0 1000000000
178 130 8754 5000 8192 0 1000000000
194 237 9573 5000 8192 0 1000000000
194 18 9623 5000 8192 0 1000000000
197 144 9823 5000 8192 0 1000000000
296 146 15144 5000 8192 0 1000000000
161 114 7970 5000 8192 0 1000000000
218 297 10927 5000 8192 0 1000000000
110 256 5284 5000 8192 0 1000000000
119 100 5810 5000 8192 0 1000000000
107 249 5102 5000 8192 0 1000000000
45 173 2215 5000 8192 0 1000000000
165 35 8170 5000 8192 0 1000000000
60 5 3002 5000 8192 0 1000000000
319 224 16328 5000 8192 0 1000000000
155 314 7621 5000 8192 0 1000000000
85 104 4368 5000 8192 0 1000000000
298 160 15298 5000 8192 0 1000000000
195 75 9669 5000 8192 0 1000000000
230 161 11590 5000 8192 0 1000000000
298 192 15270 5000 8192 0 1000000000
269 124 13689 5000 8192 0 1000000000
292 125 14966 5000 8192 0 1000000000
144 70 7100 5000 8192 0 1000000000
4 281 202 5000 8192 0 1000000000
308 261 15822 5000 8192 0 1000000000
223 103 11235 5000 8192 0 1000000000
69 140 3557 5000 8192 0 1000000000
237 260 12018 5000 8192 0 1000000000
306 300 15671 5000 8192 0 1000000000
141 59 6919 5000 8192 0 1000000000
215 289 10738 5000 8192 0 1000000000
165 264 8171 5000 8192 0 1000000000
141 79 6934 5000 8192 0 1000000000
62 103 3075 5000 8192 0 1000000000
140 20 6854 5000 8192 0 1000000000
292 65 14971 5000 8192 0 1000000000
111 179 5305 5000 8192 0 1000000000
30 50 1524 5000 8192 0 1000000000
62 164 3109 5000 8192 0 1000000000
23 193 1193 5000 8192 0 1000000000
209 319 10363 5000 8192 0 1000000000
254 136 12945 5000 8192 0 1000000000
287 216 14633 5000 8192 0 1000000000
189 171 9348 5000 8192 0 1000000000
217 139 10856 5000 8192 0 1000000000
248 205 12730 5000 8192 0 1000000000
285 169 14520 5000 8192 0 1000000000
45 34 2232 5000 8192 0 1000000000
244 201 12502 5000 8192 0 1000000000
12 123 525 5000 8192 0 1000000000
173 262 8506 5000 8192 0 1000000000
136 206 6661 5000 8192 0 1000000000
152 279 7475 5000 8192 0 1000000000
213 29 10595 5000 8192 0 1000000000
316 231 16159 5000 8192 0 1000000000
60 178 2977 5000 8192 0 1000000000
208 66 10294 5000 8192 0 1000000000
201 157 9894 5000 8192 0 1000000000
310 189 15887 5000 8192 0 1000000000
218 220 10943 5000 8192 0 1000000000
203 221 10048 5000 8192 0 1000000000
187 44 9207 5000 8192 0 1000000000
144 127 7085 5000 8192 0 1000000000
116 73 5645 5000 8192 0 1000000000
145 144 7195 5000 8192 0 1000000000
270 153 13732 5000 8192 0 1000000000
276 138 13991 5000 8192 0 1000000000
244 35 12473 5000 8192 0 1000000000
131 89 6510 5000 8192 0 1000000000
290 110 14861 5000 8192 0 1000000000
162 210 8007 5000 8192 0 1000000000
165 34 8227 5000 8192 0 1000000000
29 162 1449 5000 8192 0 1000000000
261 161 13243 5000 8192 0 1000000000
295 167 15117 5000 8192 0 1000000000
67 237 3395 5000 8192 0 1000000000
61 104 3065 5000 8192 0 1000000000
184 78 9045 5000 8192 0 1000000000
293 241 15015 5000 8192 0 1000000000
82 274 4189 5000 8192 0 1000000000
71 43 3664 5000 8192 0 1000000000
64 204 3249 5000 8192 0 1000000000
191 286 9480 5000 8192 0 1000000000
193 149 9520 5000 8192 0 1000000000
118 14 5763 5000 8192 0 1000000000
165 236 8181 5000 8192 0 1000000000
66 301 3378 5000 8192 0 1000000000
70 8 3587 5000 8192 0 1000000000
36 256 1779 5000 8192 0 1000000000
205 274 10189 5000 8192 0 1000000000
123 318 5993 5000 8192 0 1000000000
184 264 9035 5000 8192 0 1000000000
318 319 16266 5000 8192 0 1000000000
102 64 4917 5000 8192 0 1000000000
312 306 15969 5000 8192 0 1000000000
290 224 14816 5000 8192 0 1000000000
262 71 13279 5000 8192 0 1000000000
108 58 5171 5000 8192 0 1000000000
52 293 2538 5000 8192 0 1000000000
80 53 4037 5000 8192 0 1000000000
284 16 14439 5000 8192 0 1000000000
87 195 4421 5000 8192 0 1000000000
219 240 10990 5000 8192 0 1000000000
55 30 2659 5000 8192 0 1000000000
159 179 7794 5000 8192 0 1000000000
197 109 9787 5000 8192 0 1000000000
92 112 4649 5000 8192 0 1000000000
144 183 7087 5000 8192 0 1000000000
141 196 6927 5000 8192 0 1000000000
240 47 12193 5000 8192 0 1000000000
262 14 13306 5000 8192 0 1000000000
181 292 8918 5000 8192 0 1000000000
205 318 10176 5000 8192 0 1000000000
178 56 8771 5000 8192 0 1000000000
55 47 2620 5000 8192 0 1000000000
249 65 12791 5000 8192 0 1000000000
205 167 10192 5000 8192 0 1000000000
47 52 2296 5000 8192 0 1000000000
160 120 7902 5000 8192 0 1000000000
57 113 2808 5000 8192 0 1000000000
167 62 8235 5000 8192 0 1000000000
45 239 2201 5000 8192 0 1000000000
265 132 13407 5000 8192 0 1000000000
35 139 1689 5000 8192 0 1000000000
117 32 5687 5000 8192 0 1000000000
98 130 4823 5000 8192 0 1000000000
88 199 16378 5000 16777216 1 1000000000
232 225 11698 5000 8192 0 1000000000
260 314 13171 5000 8192 0 1000000000
300 24 15344 5000 8192 0 1000000000
296 161 15163 5000 8192 0 1000000000
12 278 546 5000 8192 0 1000000000
95 199 4718 5000 8192 0 1000000000
142 203 6961 5000 8192 0 1000000000
211 160 10499 5000 8192 0 1000000000
18 165 929 5000 8192 0 1000000000
97 128 4770 5000 8192 0 1000000000
141 21 6897 5000 8192 0 1000000000
23 203 1160 5000 8192 0 1000000000
260 191 13143 5000 8192 0 1000000000
222 161 11179 5000 8192 0 1000000000
169 179 8397 5000 8192 0 1000000000
127 178 6238 5000 8192 0 1000000000
155 216 7641 5000 8192 0 1000000000
20 206 1015 5000 8192 0 1000000000
143 157 7076 5000 8192 0 1000000000
43 172 2096 5000 8192 0 1000000000
161 109 7973 5000 8192 0 1000000000
18 273 957 5000 8192 0 1000000000
3 144 184 5000 8192 0 1000000000
36 2 1777 5000 8192 0 1000000000
130 83 6442 5000 8192 0 1000000000
121 135 5891 5000 8192 0 1000000000
35 90 1703 5000 8192 0 1000000000
193 226 9556 5000 8192 0 1000000000
310 183 15927 5000 8192 0 1000000000
297 72 15199 5000 8192 0 1000000000
158 155 7754 5000 8192 0 1000000000
126 73 6177 5000 8192 0 1000000000
314 275 16382 5000 16777216 1 1000000000
291 129 14865 5000 8192 0 1000000000
175 176 8629 5000 8192 0 1000000000
222 32 11224 5000 8192 0 1000000000
31 150 1552 5000 8192 0 1000000000
51 306 2477 5000 8192 0 1000000000
73 39 3756 5000 8192 0 1000000000
24 305 1214 5000 8192 0 1000000000
70 269 3579 5000 8192 0 1000000000
298 242 15288 5000 8192 0 1000000000
211 205 10514 5000 8192 0 1000000000
217 40 10895 5000 8192 0 1000000000
223 173 11263 5000 8192 0 1000000000
266 110 13517 5000 8192 0 1000000000
86 139 16409 5000 16777216 1 1000000000
83 31 4222 5000 8192 0 1000000000
42 243 1993 5000 8192 0 1000000000
261 285 13204 5000 8192 0 1000000000
309 237 15834 5000 8192 0 1000000000
123 287 5955 5000 8192 0 1000000000
23 249 1165 5000 8192 0 1000000000
209 262 10396 5000 8192 0 1000000000
240 95 12217 5000 8192 0 1000000000
89 314 16449 5000 16777216 1 1000000000
229 295 11487 5000 8192 0 1000000000
212 216 10546 5000 8192 0 1000000000
82 204 4196 5000 8192 0 1000000000
204 252 10095 5000 8192 0 1000000000
98 284 4826 5000 8192 0 1000000000
252 109 12853 5000 8192 0 1000000000
297 102 15241 5000 8192 0 1000000000
262 261 13304 5000 8192 0 1000000000
221 223 11149 5000 8192 0 1000000000
238 149 12105 5000 8192 0 1000000000
48 94 16479 5000 16777216 1 1000000000
124 105 6030 5000 8192 0 1000000000
235 98 11911 5000 8192 0 1000000000
196 149 9731 5000 8192 0 1000000000
102 4 4947 5000 8192 0 1000000000
255 171 13001 5000 8192 0 1000000000
274 116 13967 5000 8192 0 1000000000
188 109 9305 5000 8192 0 1000000000
153 187 7545 5000 8192 0 1000000000
30 20 1494 5000 8192 0 1000000000
22 60 1121 5000 8192 0 1000000000
246 304 12594 5000 8192 0 1000000000
107 290 5106 5000 8192 0 1000000000
200 146 16461 5000 16777216 1 1000000000
95 40 4708 5000 8192 0 1000000000
268 159 13629 5000 8192 0 1000000000
73 61 3730 5000 8192 0 1000000000
76 50 3874 5000 8192 0 1000000000
55 245 2625 5000 8192 0 1000000000
47 261 2294 5000 8192 0 1000000000
85 160 4400 5000 8192 0 1000000000
159 167 7807 5000 8192 0 1000000000
168 314 8324 5000 8192 0 1000000000
293 7 15023 5000 8192 0 1000000000
135 235 6596 5000 8192 0 1000000000
141 226 6921 5000 8192 0 1000000000
130 108 6428 5000 8192 0 1000000000
61 295 3012 5000 8192 0 1000000000
282 91 14384 5000 8192 0 1000000000
144 47 7120 5000 8192 0 1000000000
29 126 1416 5000 8192 0 1000000000
206 150 10270 5000 8192 0 1000000000
233 74 11763 5000 8192 0 1000000000
219 122 11033 5000 8192 0 1000000000
173 114 8525 5000 8192 0 1000000000
252 92 12855 5000 8192 0 1000000000
239 294 12180 5000 8192 0 1000000000
234 265 11838 5000 8192 0 1000000000
217 38 10852 5000 8192 0 1000000000
178 69 8748 5000 8192 0 1000000000
262 33 13317 5000 8192 0 1000000000
152 22 7526 5000 8192 0 1000000000
42 58 1985 5000 8192 0 1000000000
302 163 15407 5000 8192 0 1000000000
262 192 13311 5000 8192 0 1000000000
41 297 1930 5000 8192 0 1000000000
276 127 14024 5000 8192 0 1000000000
22 54 1104 5000 8192 0 1000000000
128 25 6278 5000 8192 0 1000000000
23 105 1159 5000 8192 0 1000000000
144 201 7135 5000 8192 0 1000000000
13 240 606 5000 8192 0 1000000000
214 263 10654 5000 8192 0 1000000000
264 249 13375 5000 8192 0 1000000000
167 140 8264 5000 8192 0 1000000000
316 225 16181 5000 8192 0 1000000000
254 159 12902 5000 8192 0 1000000000
194 287 9596 5000 8192 0 1000000000
194 69 9611 5000 8192 0 1000000000
0 31 8 5000 8192 0 1000000000
215 140 10763 5000 8192 0 1000000000
164 294 8113 5000 8192 0 1000000000
126 208 6180 5000 8192 0 1000000000
259 214 13132 5000 8192 0 1000000000
76 24 3875 5000 8192 0 1000000000
109 42 5177 5000 8192 0 1000000000
58 238 2839 5000 8192 0 1000000000
181 219 8903 5000 8192 0 1000000000
159 0 7838 5000 8192 0 1000000000
181 121 8885 5000 8192 0 1000000000
15 51 744 5000 8192 0 1000000000
183 277 8968 5000 8192 0 1000000000
225 15 11388 5000 8192 0 1000000000
190 302 9403 5000 8192 0 1000000000
138 135 6791 5000 8192 0 1000000000
219 300 10982 5000 8192 0 1000000000
55 57 2650 5000 8192 0 1000000000
97 242 4750 5000 8192 0 1000000000
9 260 497 5000 8192 0 1000000000
206 197 10221 5000 8192 0 1000000000
172 50 8466 5000 8192 0 1000000000
224 121 11326 5000 8192 0 1000000000
190 61 9423 5000 8192 0 1000000000
43 47 2077 5000 8192 0 1000000000
288 122 14703 5000 8192 0 1000000000
3 281 190 5000 8192 0 1000000000
14 97 650 5000 8192 0 1000000000
51 52 2442 5000 8192 0 1000000000
117 300 5724 5000 8192 0 1000000000
52 108 2492 5000 8192 0 1000000000
217 67 10862 5000 8192 0 1000000000
13 151 625 5000 8192 0 1000000000
232 112 11720 5000 8192 0 1000000000
297 55 15223 5000 8192 0 1000000000
63 267 3156 5000 8192 0 1000000000
108 85 5113 5000 8192 0 1000000000
31 127 1596 5000 8192 0 1000000000
294 19 16412 5000 16777216 1 1000000000
55 273 2633 5000 8192 0 1000000000
175 312 8673 5000 8192 0 1000000000
223 46 11232 5000 8192 0 1000000000
221 227 11126 5000 8192 0 1000000000
3 243 171 5000 8192 0 1000000000
165 115 8228 5000 8192 0 1000000000
291 185 14879 5000 8192 0 1000000000
184 125 9025 5000 8192 0 1000000000
316 199 16180 5000 8192 0 1000000000
295 207 15100 5000 8192 0 1000000000
302 13 15427 5000 8192 0 1000000000
230 213 11560 5000 8192 0 1000000000
224 69 11334 5000 8192 0 1000000000
73 144 3712 5000 8192 0 1000000000
259 295 13118 5000 8192 0 1000000000
43 213 2071 5000 8192 0 1000000000
163 157 8092 5000 8192 0 1000000000
225 105 11371 5000 8192 0 1000000000
35 162 1723 5000 8192 0 1000000000
102 143 4964 5000 8192 0 1000000000
203 89 10022 5000 8192 0 1000000000
186 90 9144 5000 8192 0 1000000000
261 266 13266 5000 8192 0 1000000000
277 116 14082 5000 8192 0 1000000000
178 280 8763 5000 8192 0 1000000000
219 281 10995 5000 8192 0 1000000000
83 103 4229 5000 8192 0 1000000000
195 64 9653 5000 8192 0 1000000000
169 58 8380 5000 8192 0 1000000000
185 154 9075 5000 8192 0 1000000000
216 161 10841 5000 8192 0 1000000000
186 103 9185 5000 8192 0 1000000000
212 220 10535 5000 8192 0 1000000000
303 222 15473 5000 8192 0 1000000000
289 81 14755 5000 8192 0 1000000000
9 70 485 5000 8192 0 1000000000
258 196 13065 5000 8192 0 1000000000
39 300 1805 5000 8192 0 1000000000
240 72 12191 5000 8192 0 1000000000
68 294 3462 5000 8192 0 1000000000
127 180 6205 5000 8192 0 1000000000
126 180 6134 5000 8192 0 1000000000
244 216 12456 5000 8192 0 1000000000
141 217 6937 5000 8192 0 1000000000
101 67 4857 5000 8192 0 1000000000
176 68 8728 5000 8192 0 1000000000
190 51 9410 5000 8192 0 1000000000
29 106 1469 5000 8192 0 1000000000
111 26 5342 5000 8192 0 1000000000
143 318 7022 5000 8192 0 1000000000
107 247 5069 5000 8192 0 1000000000
163 178 8057 5000 8192 0 1000000000
286 85 14563 5000 8192 0 1000000000
109 255 5176 5000 8192 0 1000000000
315 271 16105 5000 8192 0 1000000000
193 33 9522 5000 8192 0 1000000000
316 201 16201 5000 8192 0 1000000000
31 212 1572 5000 8192 0 1000000000
195 1 9638 5000 8192 0 1000000000
179 177 8861 5000 8192 0 1000000000
111 221 5331 5000 8192 0 1000000000
241 174 12277 5000 8192 0 1000000000
242 100 12346 5000 8192 0 1000000000
255 297 12960 5000 8192 0 1000000000
153 261 7592 5000 8192 0 1000000000
315 176 16081 5000 8192 0 1000000000
61 214 3033 5000 8192 0 1000000000
83 157 4259 5000 8192 0 1000000000
164 43 8125 5000 8192 0 1000000000
191 51 9489 5000 8192 0 1000000000
266 278 13491 5000 8192 0 1000000000
286 125 14586 5000 8192 0 1000000000
312 221 15979 5000 8192 0 1000000000
164 8 8149 5000 8192 0 1000000000
124 176 6050 5000 8192 0 1000000000
27 170 1283 5000 8192 0 1000000000
84 286 4306 5000 8192 0 1000000000
113 47 5462 5000 8192 0 1000000000
236 5 11970 5000 8192 0 1000000000
79 200 4009 5000 8192 0 1000000000
190 54 9398 5000 8192 0 1000000000
121 184 5920 5000 8192 0 1000000000
3 94 156 5000 8192 0 1000000000
44 296 2129 5000 8192 0 1000000000
272 84 13903 5000 8192 0 1000000000
302 187 15386 5000 8192 0 1000000000
242 226 12340 5000 8192 0 1000000000
35 53 1668 5000 8192 0 1000000000
149 74 7368 5000 8192 0 1000000000
49 278 2350 5000 8192 0 1000000000
140 266 6857 5000 8192 0 1000000000
87 71 4448 5000 8192 0 1000000000
131 231 6477 5000 8192 0 1000000000
57 94 2779 5000 8192 0 1000000000
156 201 7690 5000 8192 0 1000000000
240 18 12223 5000 8192 0 1000000000
186 37 9137 5000 8192 0 1000000000
206 207 10230 5000 8192 0 1000000000
15 93 762 5000 8192 0 1000000000
0 256 54 5000 8192 0 1000000000
286 146 14548 5000 8192 0 1000000000
304 22 15523 5000 8192 0 1000000000
233 302 11773 5000 8192 0 1000000000
187 107 9240 5000 8192 0 1000000000
318 240 16226 5000 8192 0 1000000000
241 71 12295 5000 8192 0 1000000000
292 124 14982 5000 8192 0 1000000000
36 90 1787 5000 8192 0 1000000000
113 145 5445 5000 8192 0 1000000000
237 50 12014 5000 8192 0 1000000000
7 84 332 5000 8192 0 1000000000
209 204 10368 5000 8192 0 1000000000
271 206 13805 5000 8192 0 1000000000
208 89 10272 5000 8192 0 1000000000
85 169 4404 5000 8192 0 1000000000
298 200 15255 5000 8192 0 1000000000
319 46 16318 5000 8192 0 1000000000
248 234 12701 5000 8192 0 1000000000
131 264 6509 5000 8192 0 1000000000
63 230 3188 5000 8192 0 1000000000
13 118 629 5000 8192 0 1000000000
213 32 10651 5000 8192 0 1000000000
79 36 3979 5000 8192 0 1000000000
284 82 14459 5000 8192 0 1000000000
2 195 123 5000 8192 0 1000000000
249 17 12766 5000 8192 0 1000000000
229 176 11522 5000 8192 0 1000000000
264 215 13337 5000 8192 0 1000000000
205 179 10180 5000 8192 0 1000000000
59 295 2892 5000 8192 0 1000000000
262 6 13301 5000 8192 0 1000000000
129 12 6366 5000 8192 0 1000000000
109 308 5197 5000 8192 0 1000000000
243 292 12439 5000 8192 0 1000000000
302 62 15377 5000 8192 0 1000000000
58 179 2816 5000 8192 0 1000000000
121 33 5873 5000 8192 0 1000000000
71 80 3674 5000 8192 0 1000000000
152 282 7479 5000 8192 0 1000000000
7 184 377 5000 8192 0 1000000000
167 171 8234 5000 8192 0 1000000000
274 307 13936 5000 8192 0 1000000000
137 49 6731 5000 8192 0 1000000000
112 67 5398 5000 8192 0 1000000000
9 22 479 5000 8192 0 1000000000
210 60 10404 5000 8192 0 1000000000
303 186 15502 5000 8192 0 1000000000
261 277 13216 5000 8192 0 1000000000
102 98 4939 5000 8192 0 1000000000
232 56 11710 5000 8192 0 1000000000
245 310 12544 5000 8192 0 1000000000
125 274 6091 5000 8192 0 1000000000
239 101 12169 5000 8192 0 1000000000
196 304 9706 5000 8192 0 1000000000
191 103 9445 5000 8192 0 1000000000
164 34 8166 5000 8192 0 1000000000
234 76 11807 5000 8192 0 1000000000
254 271 12918 5000 8192 0 1000000000
45 227 2209 5000 8192 0 1000000000
312 42 15982 5000 8192 0 1000000000
201 244 9914 5000 8192 0 1000000000
134 212 6512 5000 8192 0 1000000000
36 93 1781 5000 8192 0 1000000000
66 74 3347 5000 8192 0 1000000000
305 282 15574 5000 8192 0 1000000000
203 110 10052 5000 8192 0 1000000000
169 296 8363 5000 8192 0 1000000000
235 125 11916 5000 8192 0 1000000000
247 21 12640 5000 8192 0 1000000000
261 108 13220 5000 8192 0 1000000000
285 58 14522 5000 8192 0 1000000000
43 20 2051 5000 8192 0 1000000000
213 125 10597 5000 8192 0 1000000000
260 237 13194 5000 8192 0 1000000000
236 90 11939 5000 8192 0 1000000000
67 81 3411 5000 8192 0 1000000000
261 102 13257 5000 8192 0 1000000000
291 42 14902 5000 8192 0 1000000000
285 295 14485 5000 8192 0 1000000000
161 38 7967 5000 8192 0 1000000000
224 236 11300 5000 8192 0 1000000000
196 58 9752 5000 8192 0 1000000000
184 272 9002 5000 8192 0 1000000000
260 199 13170 5000 8192 0 1000000000
140 129 6844 5000 8192 0 1000000000
183 48 8980 5000 8192 0 1000000000
64 104 3252 5000 8192 0 1000000000
211 282 10494 5000 8192 0 1000000000
260 251 13156 5000 8192 0 1000000000
160 78 7888 5000 8192 0 1000000000
51 62 2444 5000 8192 0 1000000000
319 297 16305 5000 8192 0 1000000000
145 0 7206 5000 8192 0 1000000000
233 94 11746 5000 8192 0 1000000000
304 142 15559 5000 8192 0 1000000000
285 231 14521 5000 8192 0 1000000000
144 152 7113 5000 8192 0 1000000000
13 146 634 5000 8192 0 1000000000
102 16 4977 5000 8192 0 1000000000
68 61 3471 5000 8192 0 1000000000
60 262 2947 5000 8192 0 1000000000
161 58 7947 5000 8192 0 1000000000
137 38 6761 5000 8192 0 1000000000
247 3 12678 5000 8192 0 1000000000
158 314 7733 5000 8192 0 1000000000
268 17 13645 5000 8192 0 1000000000
302 196 15381 5000 8192 0 1000000000
219 149 11021 5000 8192 0 1000000000
39 242 1839 5000 8192 0 1000000000
50 121 2372 5000 8192 0 1000000000
21 119 1059 5000 8192 0 1000000000
131 4 6481 5000 8192 0 1000000000
116 279 5682 5000 8192 0 1000000000
128 201 6291 5000 8192 0 1000000000
297 288 15240 5000 8192 0 1000000000
245 189 12513 5000 8192 0 1000000000
127 253 6254 5000 8192 0 1000000000
312 310 15968 5000 8192 0 1000000000
238 62 12082 5000 8192 0 1000000000
186 241 9158 5000 8192 0 1000000000
136 30 6691 5000 8192 0 1000000000
92 164 4654 5000 8192 0 1000000000
300 126 15364 5000 8192 0 1000000000
315 24 16126 5000 8192 0 1000000000
22 14 1114 5000 8192 0 1000000000
196 259 9709 5000 8192 0 1000000000
190 216 9427 5000 8192 0 1000000000
155 149 7631 5000 8192 0 1000000000
243 206 12393 5000 8192 0 1000000000
308 193 15820 5000 8192 0 1000000000
277 287 14043 5000 8192 0 1000000000
220 46 11067 5000 8192 0 1000000000
80 309 4045 5000 8192 0 1000000000
20 111 1022 5000 8192 0 1000000000
298 264 15252 5000 8192 0 1000000000
113 102 5465 5000 8192 0 1000000000
281 168 14288 5000 8192 0 1000000000
129 198 6349 5000 8192 0 1000000000
210 175 10428 5000 8192 0 1000000000
70 118 3637 5000 8192 0 1000000000
284 145 14440 5000 8192 0 1000000000
176 220 8738 5000 8192 0 1000000000
214 5 10685 5000 8192 0 1000000000
107 2 5052 5000 8192 0 1000000000
167 173 8279 5000 8192 0 1000000000
23 279 1157 5000 8192 0 1000000000
175 133 8648 5000 8192 0 1000000000
245 192 12510 5000 8192 0 1000000000
41 239 1936 5000 8192 0 1000000000
4 123 214 5000 8192 0 1000000000
279 183 14220 5000 8192 0 1000000000
300 257 15365 5000 8192 0 1000000000
121 158 5912 5000 8192 0 1000000000
141 225 6941 5000 8192 0 1000000000
217 157 10882 5000 8192 0 1000000000
45 50 2189 5000 8192 0 1000000000
224 86 11341 5000 8192 0 1000000000
62 49 3098 5000 8192 0 1000000000
71 128 3678 5000 8192 0 1000000000
186 44 9184 5000 8192 0 1000000000
114 25 5496 5000 8192 0 1000000000
191 194 9472 5000 8192 0 1000000000
70 225 3631 5000 8192 0 1000000000
73 159 3717 5000 8192 0 1000000000
220 31 11075 5000 8192 0 1000000000
112 126 5391 5000 8192 0 1000000000
28 237 1370 5000 8192 0 1000000000
229 141 11510 5000 8192 0 1000000000
3 72 164 5000 8192 0 1000000000
201 113 9890 5000 8192 0 1000000000
298 278 15294 5000 8192 0 1000000000
97 202 4778 5000 8192 0 1000000000
108 111 5117 5000 8192 0 1000000000
130 72 6415 5000 8192 0 1000000000
107 203 5064 5000 8192 0 1000000000
78 41 3930 5000 8192 0 1000000000
263 11 16499 5000 16777216 1 1000000000
78 291 3903 5000 8192 0 1000000000
6 28 265 5000 8192 0 1000000000
191 148 9493 5000 8192 0 1000000000
6 214 264 5000 8192 0 1000000000
239 280 12174 5000 8192 0 1000000000
318 244 16265 5000 8192 0 1000000000
262 207 13320 5000 8192 0 1000000000
70 197 3607 5000 8192 0 1000000000
303 274 15469 5000 8192 0 1000000000
45 271 2179 5000 8192 0 1000000000
246 173 12575 5000 8192 0 1000000000
71 276 3681 5000 8192 0 1000000000
24 144 1242 5000 8192 0 1000000000
231 195 11657 5000 8192 0 1000000000
152 29 7488 5000 8192 0 1000000000
128 105 6268 5000 8192 0 1000000000
7 248 345 5000 8192 0 1000000000
117 82 5703 5000 8192 0 1000000000
258 40 13016 5000 8192 0 1000000000
145 259 7199 5000 8192 0 1000000000
190 229 9420 5000 8192 0 1000000000
187 223 9189 5000 8192 0 1000000000
115 3 5593 5000 8192 0 1000000000
258 134 13035 5000 8192 0 1000000000
176 115 8684 5000 8192 0 1000000000
78 57 3952 5000 8192 0 1000000000
54 260 2585 5000 8192 0 1000000000
114 75 5515 5000 8192 0 1000000000
285 211 14501 5000 8192 0 1000000000
280 40 14283 5000 8192 0 1000000000
310 297 15898 5000 8192 0 1000000000
298 309 15247 5000 8192 0 1000000000
147 72 7238 5000 8192 0 1000000000
258 131 13021 5000 8192 0 1000000000
214 289 10711 5000 8192 0 1000000000
218 253 10941 5000 8192 0 1000000000
91 217 4583 5000 8192 0 1000000000
209 211 10349 5000 8192 0 1000000000
116 28 5625 5000 8192 0 1000000000
82 200 4210 5000 8192 0 1000000000
195 233 9684 5000 8192 0 1000000000
183 264 8979 5000 8192 0 1000000000
30 179 1490 5000 8192 0 1000000000
183 250 8969 5000 8192 0 1000000000
65 228 3307 5000 8192 0 1000000000
69 54 3565 5000 8192 0 1000000000
195 153 9646 5000 8192 0 1000000000
76 155 3838 5000 8192 0 1000000000
288 73 14721 5000 8192 0 1000000000
248 180 12754 5000 8192 0 1000000000
129 125 6383 5000 8192 0 1000000000
80 231 4079 5000 8192 0 1000000000
224 16 11311 5000 8192 0 1000000000
79 310 4019 5000 8192 0 1000000000
291 17 14873 5000 8192 0 1000000000
152 43 7509 5000 8192 0 1000000000
289 76 14748 5000 8192 0 1000000000
95 153 4683 5000 8192 0 1000000000
23 149 1169 5000 8192 0 1000000000
64 135 3203 5000 8192 0 1000000000
223 34 11230 5000 8192 0 1000000000
245 267 12512 5000 8192 0 1000000000
277 167 14055 5000 8192 0 1000000000
258 15 13076 5000 8192 0 1000000000
236 137 11955 5000 8192 0 1000000000
221 74 11120 5000 8192 0 1000000000
242 164 12335 5000 8192 0 1000000000
209 41 10361 5000 8192 0 1000000000
18 275 904 5000 8192 0 1000000000
158 122 7741 5000 8192 0 1000000000
212 1 10527 5000 8192 0 1000000000
71 148 3646 5000 8192 0 1000000000
245 172 12539 5000 8192 0 1000000000
3 200 153 5000 8192 0 1000000000
8 293 443 5000 8192 0 1000000000
175 19 8647 5000 8192 0 1000000000
270 129 13773 5000 8192 0 1000000000
58 169 2858 5000 8192 0 1000000000
28 23 1379 5000 8192 0 1000000000
206 99 10226 5000 8192 0 1000000000
208 81 10288 5000 8192 0 1000000000
165 316 8222 5000 8192 0 1000000000
304 213 15511 5000 8192 0 1000000000
66 251 3337 5000 8192 0 1000000000
254 8 12937 5000 8192 0 1000000000
128 104 6312 5000 8192 0 1000000000
217 240 10846 5000 8192 0 1000000000
44 240 2157 5000 8192 0 1000000000
91 167 4543 5000 8192 0 1000000000
149 114 7348 5000 8192 0 1000000000
6 89 282 5000 8192 0 1000000000
195 96 9682 5000 8192 0 1000000000
289 36 14772 5000 8192 0 1000000000
126 300 6168 5000 8192 0 1000000000
142 169 6958 5000 8192 0 1000000000
239 158 12164 5000 8192 0 1000000000
196 79 9716 5000 8192 0 1000000000
235 139 11919 5000 8192 0 1000000000
293 311 14992 5000 8192 0 1000000000
52 241 2495 5000 8192 0 1000000000
83 78 4224 5000 8192 0 1000000000
272 261 13894 5000 8192 0 1000000000
143 157 7035 5000 8192 0 1000000000
128 183 6281 5000 8192 0 1000000000
272 34 13887 5000 8192 0 1000000000
81 266 4090 5000 8192 0 1000000000
61 226 3035 5000 8192 0 1000000000
283 311 16470 5000 16777216 1 1000000000
145 38 7153 5000 8192 0 1000000000
97 103 4762 5000 8192 0 1000000000
110 132 5247 5000 8192 0 1000000000
79 23 4005 5000 8192 0 1000000000
131 122 6473 5000 8192 0 1000000000
179 153 8832 5000 8192 0 1000000000
114 241 5497 5000 8192 0 1000000000
231 266 11664 5000 8192 0 1000000000
201 294 9931 5000 8192 0 1000000000
6 274 258 5000 8192 0 1000000000
91 208 4574 5000 8192 0 1000000000
71 241 3669 5000 8192 0 1000000000
79 267 3975 5000 8192 0 1000000000
149 311 7377 5000 8192 0 1000000000
262 217 13331 5000 8192 0 1000000000
43 220 2101 5000 8192 0 1000000000
266 144 13503 5000 8192 0 1000000000
183 17 8974 5000 8192 0 1000000000
71 314 3649 5000 8192 0 1000000000
196 278 9735 5000 8192 0 1000000000
204 103 10132 5000 8192 0 1000000000
31 108 1566 5000 8192 0 1000000000
206 213 10265 5000 8192 0 1000000000
220 256 11091 5000 8192 0 1000000000
218 193 10960 5000 8192 0 1000000000
98 144 4840 5000 8192 0 1000000000
162 224 8004 5000 8192 0 1000000000
22 232 1102 5000 8192 0 1000000000
292 165 14985 5000 8192 0 1000000000
131 250 6462 5000 8192 0 1000000000
34 25 16387 5000 16777216 1 1000000000
59 16 2914 5000 8192 0 1000000000
57 293 2772 5000 8192 0 1000000000
297 98 15212 5000 8192 0 1000000000
49 65 2322 5000 8192 0 1000000000
237 112 11995 5000 8192 0 1000000000
7 16 371 5000 8192 0 1000000000
57 303 2788 5000 8192 0 1000000000
255 269 13003 5000 8192 0 1000000000
22 147 1143 5000 8192 0 1000000000
41 5 1955 5000 8192 0 1000000000
68 289 3507 5000 8192 0 1000000000
159 240 7809 5000 8192 0 1000000000
237 0 11999 5000 8192 0 1000000000
187 23 9221 5000 8192 0 1000000000
313 135 16050 5000 8192 0 1000000000
28 200 1343 5000 8192 0 1000000000
16 140 782 5000 8192 0 1000000000
234 35 11820 5000 8192 0 1000000000
82 77 4188 5000 8192 0 1000000000
223 245 11252 5000 8192 0 1000000000
318 163 16228 5000 8192 0 1000000000
265 4 13404 5000 8192 0 1000000000
134 100 6550 5000 8192 0 1000000000
78 218 3936 5000 8192 0 1000000000
289 126 14750 5000 8192 0 1000000000
162 138 8033 5000 8192 0 1000000000
143 31 7066 5000 8192 0 1000000000
63 256 3180 5000 8192 0 1000000000
237 162 12049 5000 8192 0 1000000000
47 164 2269 5000 8192 0 1000000000
79 53 4016 5000 8192 0 1000000000
60 151 2961 5000 8192 0 1000000000
120 257 16521 5000 16777216 1 1000000000
76 172 3892 5000 8192 0 1000000000
202 246 9986 5000 8192 0 1000000000
190 166 9388 5000 8192 0 1000000000
305 135 15607 5000 8192 0 1000000000
126 136 6165 5000 8192 0 1000000000
20 281 985 5000 8192 0 1000000000
229 97 11519 5000 8192 0 1000000000
145 172 7164 5000 8192 0 1000000000
111 252 5340 5000 8192 0 1000000000
268 241 13641 5000 8192 0 1000000000
318 39 16240 5000 8192 0 1000000000
230 17 11609 5000 8192 0 1000000000
179 16 8827 5000 8192 0 1000000000
276 157 13979 5000 8192 0 1000000000
204 309 10130 5000 8192 0 1000000000
31 68 1543 5000 8192 0 1000000000
272 42 13897 5000 8192 0 1000000000
135 58 6610 5000 8192 0 1000000000
57 145 2749 5000 8192 0 1000000000
300 193 15337 5000 8192 0 1000000000
214 115 10714 5000 8192 0 1000000000
236 253 11956 5000 8192 0 1000000000
158 25 7724 5000 8192 0 1000000000
219 191 10980 5000 8192 0 1000000000
27 203 1320 5000 8192 0 1000000000
248 56 12737 5000 8192 0 1000000000
2 1 74 5000 8192 0 1000000000
123 177 6000 5000 8192 0 1000000000
50 300 2380 5000 8192 0 1000000000
134 67 6520 5000 8192 0 1000000000
310 243 15920 5000 8192 0 1000000000
152 83 7470 5000 8192 0 1000000000
225 108 11379 5000 8192 0 1000000000
307 238 15724 5000 8192 0 1000000000
145 155 7149 5000 8192 0 1000000000
6 209 266 5000 8192 0 1000000000
300 81 15316 5000 8192 0 1000000000
259 218 13102 5000 8192 0 1000000000
60 299 2953 5000 8192 0 1000000000
264 281 13380 5000 8192 0 1000000000
217 234 10884 5000 8192 0 1000000000
316 106 16183 5000 8192 0 1000000000
148 198 7333 5000 8192 0 1000000000
235 291 11901 5000 8192 0 1000000000
58 219 2836 5000 8192 0 1000000000
126 23 6167 5000 8192 0 1000000000
45 159 2197 5000 8192 0 1000000000
116 10 5676 5000 8192 0 1000000000
71 305 3660 5000 8192 0 1000000000
305 317 15628 5000 8192 0 1000000000
225 112 11398 5000 8192 0 1000000000
7 278 352 5000 8192 0 1000000000
174 111 8573 5000 8192 0 1000000000
184 204 9058 5000 8192 0 1000000000
247 183 12646 5000 8192 0 1000000000
159 191 7808 5000 8192 0 1000000000
210 55 10419 5000 8192 0 1000000000
110 144 5294 5000 8192 0 1000000000
191 250 9473 5000 8192 0 1000000000
110 138 5277 5000 8192 0 1000000000
78 192 3921 5000 8192 0 1000000000
248 31 12715 5000 8192 0 1000000000
123 248 5992 5000 8192 0 1000000000
16 114 828 5000 8192 0 1000000000
265 47 13449 5000 8192 0 1000000000
54 37 2572 5000 8192 0 1000000000
2 312 79 5000 8192 0 1000000000
239 210 12140 5000 8192 0 1000000000
306 42 15638 5000 8192 0 1000000000
104 212 4988 5000 8192 0 1000000000
296 91 15124 5000 8192 0 1000000000
240 276 12205 5000 8192 0 1000000000
284 164 14467 5000 8192 0 1000000000
47 252 2273 5000 8192 0 1000000000
92 102 4662 5000 8192 0 1000000000
167 261 8285 5000 8192 0 1000000000
30 13 1521 5000 8192 0 1000000000
213 27 10647 5000 8192 0 1000000000
265 99 13421 5000 8192 0 1000000000
112 268 5404 5000 8192 0 1000000000
303 11 15483 5000 8192 0 1000000000
43 205 2048 5000 8192 0 1000000000
8 33 391 5000 8192 0 1000000000
173 293 8542 5000 8192 0 1000000000
85 196 4407 5000 8192 0 1000000000
241 173 12269 5000 8192 0 1000000000
127 58 6204 5000 8192 0 1000000000
184 5 9052 5000 8192 0 1000000000
159 177 7799 5000 8192 0 1000000000
174 187 8614 5000 8192 0 1000000000
104 122 4983 5000 8192 0 1000000000
208 62 10333 5000 8192 0 1000000000
266 169 13510 5000 8192 0 1000000000
248 202 12721 5000 8192 0 1000000000
69 258 3577 5000 8192 0 1000000000
127 76 6241 5000 8192 0 1000000000
41 118 1941 5000 8192 0 1000000000
49 204 2344 5000 8192 0 1000000000
117 186 5716 5000 8192 0 1000000000
145 81 7152 5000 8192 0 1000000000
136 315 6686 5000 8192 0 1000000000
292 87 14988 5000 8192 0 1000000000
197 201 9800 5000 8192 0 1000000000
223 32 11274 5000 8192 0 1000000000
122 133 16445 5000 16777216 1 1000000000
274 99 13919 5000 8192 0 1000000000
172 103 8484 5000 8192 0 1000000000
236 315 11971 5000 8192 0 1000000000
12 131 534 5000 8192 0 1000000000
296 16 15175 5000 8192 0 1000000000
178 12 8757 5000 8192 0 1000000000
128 122 6276 5000 8192 0 1000000000
123 16 5939 5000 8192 0 1000000000
286 174 14604 5000 8192 0 1000000000
236 172 11934 5000 8192 0 1000000000
197 80 9775 5000 8192 0 1000000000
308 292 15814 5000 8192 0 1000000000
155 218 7622 5000 8192 0 1000000000
65 131 3315 5000 8192 0 1000000000
229 213 11500 5000 8192 0 1000000000
150 70 7444 5000 8192 0 1000000000
225 63 11367 5000 8192 0 1000000000
128 8 6298 5000 8192 0 1000000000
252 312 12883 5000 8192 0 1000000000
234 21 11840 5000 8192 0 1000000000
156 201 7682 5000 8192 0 1000000000
169 182 8398 5000 8192 0 1000000000
254 259 12935 5000 8192 0 1000000000
123 101 5996 5000 8192 0 1000000000
286 290 14597 5000 8192 0 1000000000
186 66 9164 5000 8192 0 1000000000
260 289 13202 5000 8192 0 1000000000
204 303 10138 5000 8192 0 1000000000
127 303 6227 5000 8192 0 1000000000
297 215 15220 5000 8192 0 1000000000
153 1 7585 5000 8192 0 1000000000
60 116 2942 5000 8192 0 1000000000
193 1 9543 5000 8192 0 1000000000
214 304 10656 5000 8192 0 1000000000
181 52 8912 5000 8192 0 1000000000
305 281 15608 5000 8192 0 1000000000
76 148 3847 5000 8192 0 1000000000
135 164 6582 5000 8192 0 1000000000
316 14 16196 5000 8192 0 1000000000
245 50 12531 5000 8192 0 1000000000
155 160 7633 5000 8192 0 1000000000
28 126 1356 5000 8192 0 1000000000
117 45 5683 5000 8192 0 1000000000
202 21 9966 5000 8192 0 1000000000
39 53 1845 5000 8192 0 1000000000
85 72 4381 5000 8192 0 1000000000
226 102 11457 5000 8192 0 1000000000
43 268 2065 5000 8192 0 1000000000
126 14 6147 5000 8192 0 1000000000
111 257 5362 5000 8192 0 1000000000
62 88 3107 5000 8192 0 1000000000
267 263 13572 5000 8192 0 1000000000
201 130 9930 5000 8192 0 1000000000
175 78 8665 5000 8192 0 1000000000
64 66 3218 5000 8192 0 1000000000
116 46 5641 5000 8192 0 1000000000
179 78 8833 5000 8192 0 1000000000
229 299 11540 5000 8192 0 1000000000
138 132 6805 5000 8192 0 1000000000
254 140 12887 5000 8192 0 1000000000
110 143 5285 5000 8192 0 1000000000
189 245 9361 5000 8192 0 1000000000
64 76 3241 5000 8192 0 1000000000
181 141 8886 5000 8192 0 1000000000
246 291 12628 5000 8192 0 1000000000
21 290 1033 5000 8192 0 1000000000
316 299 16192 5000 8192 0 1000000000
217 185 10857 5000 8192 0 1000000000
57 64 2753 5000 8192 0 1000000000
80 155 4074 5000 8192 0 1000000000
56 156 2726 5000 8192 0 1000000000
191 162 9492 5000 8192 0 1000000000
164 275 8120 5000 8192 0 1000000000
312 85 15995 5000 8192 0 1000000000
234 290 11841 5000 8192 0 1000000000
318 149 16253 5000 8192 0 1000000000
205 245 10165 5000 8192 0 1000000000
297 154 15230 5000 8192 0 1000000000
92 264 4614 5000 8192 0 1000000000
145 312 7186 5000 8192 0 1000000000
280 284 14230 5000 8192 0 1000000000
84 193 4286 5000 8192 0 1000000000
197 251 9812 5000 8192 0 1000000000
36 0 1736 5000 8192 0 1000000000
108 209 5109 5000 8192 0 1000000000
181 147 8921 5000 8192 0 1000000000
47 74 2299 5000 8192 0 1000000000
128 152 6301 5000 8192 0 1000000000
305 300 15585 5000 8192 0 1000000000
28 242 1402 5000 8192 0 1000000000
97 312 4727 5000 8192 0 1000000000
216 259 10813 5000 8192 0 1000000000
186 12 9140 5000 8192 0 1000000000
63 13 3158 5000 8192 0 1000000000
287 127 14657 5000 8192 0 1000000000
176 313 8730 5000 8192 0 1000000000
295 20 15080 5000 8192 0 1000000000
260 56 13141 5000 8192 0 1000000000
319 37 16281 5000 8192 0 1000000000
111 262 5355 5000 8192 0 1000000000
291 42 14912 5000 8192 0 1000000000
15 314 743 5000 8192 0 1000000000
7 63 359 5000 8192 0 1000000000
185 35 9119 5000 8192 0 1000000000
149 86 7356 5000 8192 0 1000000000
309 142 15883 5000 8192 0 1000000000
210 132 10400 5000 8192 0 1000000000
277 31 14049 5000 8192 0 1000000000
242 307 12329 5000 8192 0 1000000000
116 259 5622 5000 8192 0 1000000000
63 199 3178 5000 8192 0 1000000000
125 43 6087 5000 8192 0 1000000000
35 176 1693 5000 8192 0 1000000000
17 115 879 5000 8192 0 1000000000
65 304 3278 5000 8192 0 1000000000
176 55 8682 5000 8192 0 1000000000
3 164 146 5000 8192 0 1000000000
30 266 1492 5000 8192 0 1000000000
13 182 577 5000 8192 0 1000000000
23 151 1211 5000 8192 0 1000000000
140 250 6862 5000 8192 0 1000000000
179 134 8829 5000 8192 0 1000000000
64 9 3214 5000 8192 0 1000000000
130 112 6421 5000 8192 0 1000000000
41 175 1973 5000 8192 0 1000000000
32 82 1635 5000 8192 0 1000000000
290 199 14859 5000 8192 0 1000000000
63 163 3140 5000 8192 0 1000000000
5 33 16370 5000 16777216 1 1000000000
152 28 7518 5000 8192 0 1000000000
187 304 9205 5000 8192 0 1000000000
265 35 13409 5000 8192 0 1000000000
173 170 8501 5000 8192 0 1000000000
240 137 12189 5000 8192 0 1000000000
45 88 2176 5000 8192 0 1000000000
32 312 1625 5000 8192 0 1000000000
15 91 710 5000 8192 0 1000000000
152 93 7530 5000 8192 0 1000000000
183 13 8973 5000 8192 0 1000000000
222 196 11199 5000 8192 0 1000000000
267 316 13529 5000 8192 0 1000000000
158 7 7777 5000 8192 0 1000000000
95 310 4690 5000 8192 0 1000000000
3 313 172 5000 8192 0 1000000000
18 90 923 5000 8192 0 1000000000
233 138 11767 5000 8192 0 1000000000
165 46 8169 5000 8192 0 1000000000
134 295 6558 5000 8192 0 1000000000
240 124 12240 5000 8192 0 1000000000
108 280 5116 5000 8192 0 1000000000
276 98 13987 5000 8192 0 1000000000
259 51 13121 5000 8192 0 1000000000
150 215 7435 5000 8192 0 1000000000
176 278 8692 5000 8192 0 1000000000
204 198 10128 5000 8192 0 1000000000
0 123 16 5000 8192 0 1000000000
52 241 2532 5000 8192 0 1000000000
23 261 1177 5000 8192 0 1000000000
123 41 5969 5000 8192 0 1000000000
56 261 2687 5000 8192 0 1000000000
112 172 5425 5000 8192 0 1000000000
64 282 3232 5000 8192 0 1000000000
222 255 11214 5000 8192 0 1000000000
202 274 9984 5000 8192 0 1000000000
203 22 10064 5000 8192 0 1000000000
18 117 936 5000 8192 0 1000000000
47 114 2289 5000 8192 0 1000000000
242 279 12347 5000 8192 0 1000000000
152 191 7497 5000 8192 0 1000000000
58 78 2874 5000 8192 0 1000000000
4 266 227 5000 8192 0 1000000000
184 104 9048 5000 8192 0 1000000000
178 50 8781 5000 8192 0 1000000000
189 224 9320 5000 8192 0 1000000000
160 75 7863 5000 8192 0 1000000000
124 292 6052 5000 8192 0 1000000000
244 144 12489 5000 8192 0 1000000000
318 97 16211 5000 8192 0 1000000000
56 185 2700 5000 8192 0 1000000000
30 110 1483 5000 8192 0 1000000000
107 219 5060 5000 8192 0 1000000000
288 177 14671 5000 8192 0 1000000000
27 35 1298 5000 8192 0 1000000000
84 110 4322 5000 8192 0 1000000000
282 268 14385 5000 8192 0 1000000000
191 283 9469 5000 8192 0 1000000000
76 20 3864 5000 8192 0 1000000000
80 171 4040 5000 8192 0 1000000000
276 199 14031 5000 8192 0 1000000000
212 257 10572 5000 8192 0 1000000000
62 229 3124 5000 8192 0 1000000000
152 161 7502 5000 8192 0 1000000000
147 183 7268 5000 8192 0 1000000000
287 10 14668 5000 8192 0 1000000000
14 36 656 5000 8192 0 1000000000
29 167 1413 5000 8192 0 1000000000
63 141 3164 5000 8192 0 1000000000
8 70 412 5000 8192 0 1000000000
134 101 6553 5000 8192 0 1000000000
290 277 14851 5000 8192 0 1000000000
102 130 4942 5000 8192 0 1000000000
208 200 10310 5000 8192 0 1000000000
287 314 14667 5000 8192 0 1000000000
15 22 749 5000 8192 0 1000000000
292 86 14947 5000 8192 0 1000000000
288 23 14716 5000 8192 0 1000000000
73 200 3720 5000 8192 0 1000000000
152 187 7468 5000 8192 0 1000000000
65 200 3268 5000 8192 0 1000000000
291 177 14866 5000 8192 0 1000000000
79 69 3990 5000 8192 0 1000000000
65 56 3304 5000 8192 0 1000000000
118 194 5790 5000 8192 0 1000000000
97 88 4746 5000 8192 0 1000000000
127 243 6248 5000 8192 0 1000000000
244 161 12460 5000 8192 0 1000000000
129 198 6372 5000 8192 0 1000000000
176 160 8712 5000 8192 0 1000000000
203 240 10059 5000 8192 0 1000000000
35 201 1662 5000 8192 0 1000000000
254 270 12908 5000 8192 0 1000000000
229 171 11494 5000 8192 0 1000000000
264 270 13352 5000 8192 0 1000000000
304 149 15548 5000 8192 0 1000000000
160 51 7895 5000 8192 0 1000000000
137 97 6757 5000 8192 0 1000000000
234 55 11855 5000 8192 0 1000000000
141 20 6933 5000 8192 0 1000000000
159 239 7841 5000 8192 0 1000000000
218 163 10926 5000 8192 0 1000000000
7 78 342 5000 8192 0 1000000000
84 303 4334 5000 8192 0 1000000000
267 240 13567 5000 8192 0 1000000000
30 141 1493 5000 8192 0 1000000000
49 229 2314 5000 8192 0 1000000000
305 79 15602 5000 8192 0 1000000000
280 247 14228 5000 8192 0 1000000000
24 17 1229 5000 8192 0 1000000000
39 269 1822 5000 8192 0 1000000000
262 77 13316 5000 8192 0 1000000000
0 203 53 5000 8192 0 1000000000
264 179 13365 5000 8192 0 1000000000
102 283 4972 5000 8192 0 1000000000
280 263 14231 5000 8192 0 1000000000
62 147 3128 5000 8192 0 1000000000
246 216 12587 5000 8192 0 1000000000
159 59 7827 5000 8192 0 1000000000
265 140 13446 5000 8192 0 1000000000
218 58 10933 5000 8192 0 1000000000
280 258 14256 5000 8192 0 1000000000
308 107 15778 5000 8192 0 1000000000
237 13 12030 5000 8192 0 1000000000
176 188 8708 5000 8192 0 1000000000
286 94 14551 5000 8192 0 1000000000
278 24 14136 5000 8192 0 1000000000
40 256 1894 5000 8192 0 1000000000
268 191 13627 5000 8192 0 1000000000
138 117 6811 5000 8192 0 1000000000
155 116 7606 5000 8192 0 1000000000
107 133 5081 5000 8192 0 1000000000
211 233 10520 5000 8192 0 1000000000
246 251 12604 5000 8192 0 1000000000
150 15 7452 5000 8192 0 1000000000
76 262 3859 5000 8192 0 1000000000
220 202 11088 5000 8192 0 1000000000
58 83 2866 5000 8192 0 1000000000
109 284 5232 5000 8192 0 1000000000
181 199 8922 5000 8192 0 1000000000
103 94 16408 5000 16777216 1 1000000000
298 5 15253 5000 8192 0 1000000000
161 268 7971 5000 8192 0 1000000000
282 312 14395 5000 8192 0 1000000000
309 217 15850 5000 8192 0 1000000000
8 127 400 5000 8192 0 1000000000
193 96 9533 5000 8192 0 1000000000
245 193 12546 5000 8192 0 1000000000
318 313 16221 5000 8192 0 1000000000
278 152 14135 5000 8192 0 1000000000
6 224 259 5000 8192 0 1000000000
59 296 2894 5000 8192 0 1000000000
23 317 1162 5000 8192 0 1000000000
287 251 14638 5000 8192 0 1000000000
27 103 1334 5000 8192 0 1000000000
108 51 5135 5000 8192 0 1000000000
174 136 8584 5000 8192 0 1000000000
149 19 7385 5000 8192 0 1000000000
201 214 9923 5000 8192 0 1000000000
224 301 11293 5000 8192 0 1000000000
63 106 3162 5000 8192 0 1000000000
12 275 558 5000 8192 0 1000000000
239 93 12181 5000 8192 0 1000000000
274 233 13911 5000 8192 0 1000000000
73 309 3744 5000 8192 0 1000000000
265 176 13400 5000 8192 0 1000000000
308 1 15786 5000 8192 0 1000000000
36 89 1773 5000 8192 0 1000000000
220 112 11077 5000 8192 0 1000000000
65 116 3306 5000 8192 0 1000000000
128 136 6313 5000 8192 0 1000000000
220 110 11066 5000 8192 0 1000000000
54 216 2570 5000 8192 0 1000000000
291 47 14878 5000 8192 0 1000000000
287 158 14614 5000 8192 0 1000000000
186 285 9182 5000 8192 0 1000000000
155 278 7599 5000 8192 0 1000000000
286 88 14557 5000 8192 0 1000000000
51 98 2474 5000 8192 0 1000000000
17 177 882 5000 8192 0 1000000000
236 237 11963 5000 8192 0 1000000000
254 253 12905 5000 8192 0 1000000000
285 256 14483 5000 8192 0 1000000000
274 155 13942 5000 8192 0 1000000000
76 280 3879 5000 8192 0 1000000000
310 282 15923 5000 8192 0 1000000000
65 115 3262 5000 8192 0 1000000000
70 89 3585 5000 8192 0 1000000000
202 287 9972 5000 8192 0 1000000000
156 187 7694 5000 8192 0 1000000000
307 301 15733 5000 8192 0 1000000000
144 65 7102 5000 8192 0 1000000000
85 75 4363 5000 8192 0 1000000000
230 253 11586 5000 8192 0 1000000000
264 241 13370 5000 8192 0 1000000000
268 291 13606 5000 8192 0 1000000000
183 45 8994 5000 8192 0 1000000000
221 247 11162 5000 8192 0 1000000000
83 80 4234 5000 8192 0 1000000000
49 174 2356 5000 8192 0 1000000000
136 308 6640 5000 8192 0 1000000000
62 34 3106 5000 8192 0 1000000000
271 113 13839 5000 8192 0 1000000000
42 166 2040 5000 8192 0 1000000000
185 141 9096 5000 8192 0 1000000000
315 295 16097 5000 8192 0 1000000000
150 36 7457 5000 8192 0 1000000000
270 212 13750 5000 8192 0 1000000000
204 88 10099 5000 8192 0 1000000000
59 92 2908 5000 8192 0 1000000000
297 63 15232 5000 8192 0 1000000000
116 308 5626 5000 8192 0 1000000000
143 202 7026 5000 8192 0 1000000000
308 51 15804 5000 8192 0 1000000000
216 16 10819 5000 8192 0 1000000000
117 47 5685 5000 8192 0 1000000000
308 292 15789 5000 8192 0 1000000000
42 249 2037 5000 8192 0 1000000000
218 229 10915 5000 8192 0 1000000000
278 232 14098 5000 8192 0 1000000000
241 275 12278 5000 8192 0 1000000000
28 16 1394 5000 8192 0 1000000000
117 214 5718 5000 8192 0 1000000000
56 42 2731 5000 8192 0 1000000000
197 88 9803 5000 8192 0 1000000000
212 225 10529 5000 8192 0 1000000000
254 204 12917 5000 8192 0 1000000000
131 118 6487 5000 8192 0 1000000000
265 80 13455 5000 8192 0 1000000000
117 158 5712 5000 8192 0 1000000000
319 198 16317 5000 8192 0 1000000000
81 121 4138 5000 8192 0 1000000000
18 127 935 5000 8192 0 1000000000
81 52 4139 5000 8192 0 1000000000
252 106 12876 5000 8192 0 1000000000
211 122 10516 5000 8192 0 1000000000
234 292 11821 5000 8192 0 1000000000
160 121 7896 5000 8192 0 1000000000
137 282 6719 5000 8192 0 1000000000
304 312 15508 5000 8192 0 1000000000
262 55 13285 5000 8192 0 1000000000
163 102 8088 5000 8192 0 1000000000
205 133 10193 5000 8192 0 1000000000
118 159 5792 5000 8192 0 1000000000
83 48 4276 5000 8192 0 1000000000
2 238 86 5000 8192 0 1000000000
60 165 2979 5000 8192 0 1000000000
41 222 1962 5000 8192 0 1000000000
142 307 7004 5000 8192 0 1000000000
184 251 9005 5000 8192 0 1000000000
148 213 7315 5000 8192 0 1000000000
80 214 4060 5000 8192 0 1000000000
219 259 11030 5000 8192 0 1000000000
136 208 6683 5000 8192 0 1000000000
128 303 6305 5000 8192 0 1000000000
189 183 9321 5000 8192 0 1000000000
276 243 13980 5000 8192 0 1000000000
230 185 11570 5000 8192 0 1000000000
131 6 6501 5000 8192 0 1000000000
75 23 3800 5000 8192 0 1000000000
57 257 2759 5000 8192 0 1000000000
240 288 12236 5000 8192 0 1000000000
127 262 6229 5000 8192 0 1000000000
239 26 12136 5000 8192 0 1000000000
147 101 7240 5000 8192 0 1000000000
155 213 7595 5000 8192 0 1000000000
87 96 4441 5000 8192 0 1000000000
225 108 11357 5000 8192 0 1000000000
101 27 4855 5000 8192 0 1000000000
245 254 12550 5000 8192 0 1000000000
277 318 14037 5000 8192 0 1000000000
264 258 13377 5000 8192 0 1000000000
66 167 3386 5000 8192 0 1000000000
278 202 14148 5000 8192 0 1000000000
27 63 1322 5000 8192 0 1000000000
280 13 14263 5000 8192 0 1000000000
117 288 5719 5000 8192 0 1000000000
150 106 7458 5000 8192 0 1000000000
243 40 12385 5000 8192 0 1000000000
131 192 6467 5000 8192 0 1000000000
143 168 7055 5000 8192 0 1000000000
190 314 9399 5000 8192 0 1000000000
162 307 7986 5000 8192 0 1000000000
119 304 5871 5000 8192 0 1000000000
131 118 6465 5000 8192 0 1000000000
148 152 7308 5000 8192 0 1000000000
296 212 15147 5000 8192 0 1000000000
51 314 2486 5000 8192 0 1000000000
15 271 756 5000 8192 0 1000000000
33 103 16456 5000 16777216 1 1000000000
254 144 12944 5000 8192 0 1000000000
98 76 4805 5000 8192 0 1000000000
221 33 11156 5000 8192 0 1000000000
137 247 6753 5000 8192 0 1000000000
84 306 4284 5000 8192 0 1000000000
24 1 1259 5000 8192 0 1000000000
65 122 3305 5000 8192 0 1000000000
45 214 2188 5000 8192 0 1000000000
45 134 2199 5000 8192 0 1000000000
159 16 7805 5000 8192 0 1000000000
102 107 4971 5000 8192 0 1000000000
262 19 13330 5000 8192 0 1000000000
269 5 13694 5000 8192 0 1000000000
13 191 614 5000 8192 0 1000000000
111 17 5304 5000 8192 0 1000000000
118 7 5762 5000 8192 0 1000000000
136 251 6689 5000 8192 0 1000000000
271 18 13777 5000 8192 0 1000000000
293 173 15001 5000 8192 0 1000000000
152 133 7505 5000 8192 0 1000000000
35 60 1713 5000 8192 0 1000000000
155 241 7605 5000 8192 0 1000000000
7 110 382 5000 8192 0 1000000000
42 256 2038 5000 8192 0 1000000000
152 206 7525 5000 8192 0 1000000000
306 72 15653 5000 8192 0 1000000000
223 122 11281 5000 8192 0 1000000000
225 288 11416 5000 8192 0 1000000000
114 258 5546 5000 8192 0 1000000000
107 234 5073 5000 8192 0 1000000000
63 102 3190 5000 8192 0 1000000000
163 197 8051 5000 8192 0 1000000000
254 174 12936 5000 8192 0 1000000000
8 310 387 5000 8192 0 1000000000
293 270 15051 5000 8192 0 1000000000
300 31 15333 5000 8192 0 1000000000
300 24 15352 5000 8192 0 1000000000
144 7 7111 5000 8192 0 1000000000
242 114 12374 5000 8192 0 1000000000
292 97 14970 5000 8192 0 1000000000
109 298 5194 5000 8192 0 1000000000
165 301 8180 5000 8192 0 1000000000
129 139 6382 5000 8192 0 1000000000
289 92 14759 5000 8192 0 1000000000
57 283 2771 5000 8192 0 1000000000
252 116 12858 5000 8192 0 1000000000
162 130 8034 5000 8192 0 1000000000
150 65 7430 5000 8192 0 1000000000
210 21 10436 5000 8192 0 1000000000
71 76 3694 5000 8192 0 1000000000
196 203 9759 5000 8192 0 1000000000
23 265 1150 5000 8192 0 1000000000
3 95 179 5000 8192 0 1000000000
288 4 14675 5000 8192 0 1000000000
202 139 10012 5000 8192 0 1000000000
308 75 15813 5000 8192 0 1000000000
304 196 15528 5000 8192 0 1000000000
114 120 5527 5000 8192 0 1000000000
107 233 5051 5000 8192 0 1000000000
125 181 6072 5000 8192 0 1000000000
6 32 299 5000 8192 0 1000000000
39 108 1827 5000 8192 0 1000000000
81 43 4115 5000 8192 0 1000000000
2 17 105 5000 8192 0 1000000000
313 34 16056 5000 8192 0 1000000000
187 268 9192 5000 8192 0 1000000000
101 94 4908 5000 8192 0 1000000000
82 89 4173 5000 8192 0 1000000000
267 146 13541 5000 8192 0 1000000000
307 292 15755 5000 8192 0 1000000000
137 295 6706 5000 8192 0 1000000000
54 109 2561 5000 8192 0 1000000000
248 72 12700 5000 8192 0 1000000000
194 123 9583 5000 8192 0 1000000000
246 298 12574 5000 8192 0 1000000000
242 222 12369 5000 8192 0 1000000000
129 166 6327 5000 8192 0 1000000000
287 153 14611 5000 8192 0 1000000000
82 45 4161 5000 8192 0 1000000000
268 102 13600 5000 8192 0 1000000000
65 308 3292 5000 8192 0 1000000000
195 134 9668 5000 8192 0 1000000000
18 24 940 5000 8192 0 1000000000
194 104 9593 5000 8192 0 1000000000
97 34 4786 5000 8192 0 1000000000
236 55 11938 5000 8192 0 1000000000
66 186 3340 5000 8192 0 1000000000
82 146 4167 5000 8192 0 1000000000
45 279 2192 5000 8192 0 1000000000
61 188 3046 5000 8192 0 1000000000
92 34 4620 5000 8192 0 1000000000
163 150 8061 5000 8192 0 1000000000
178 174 8805 5000 8192 0 1000000000
279 5 14170 5000 8192 0 1000000000
84 184 4323 5000 8192 0 1000000000
193 280 9519 5000 8192 0 1000000000
68 315 3502 5000 8192 0 1000000000
130 19 6389 5000 8192 0 1000000000
119 295 5868 5000 8192 0 1000000000
312 93 15976 5000 8192 0 1000000000
70 31 3633 5000 8192 0 1000000000
271 14 13800 5000 8192 0 1000000000
49 133 2327 5000 8192 0 1000000000
144 155 7134 5000 8192 0 1000000000
173 171 8538 5000 8192 0 1000000000
32 284 1660 5000 8192 0 1000000000
214 317 10662 5000 8192 0 1000000000
229 227 11523 5000 8192 0 1000000000
58 113 2838 5000 8192 0 1000000000
278 196 14147 5000 8192 0 1000000000
247 244 12680 5000 8192 0 1000000000
165 7 8204 5000 8192 0 1000000000
259 109 13101 5000 8192 0 1000000000
123 239 5989 5000 8192 0 1000000000
233 229 11747 5000 8192 0 1000000000
176 182 8735 5000 8192 0 1000000000
280 238 14266 5000 8192 0 1000000000
79 166 3974 5000 8192 0 1000000000
198 83 9886 5000 8192 0 1000000000
136 54 6657 5000 8192 0 1000000000
129 172 6323 5000 8192 0 1000000000
56 179 2730 5000 8192 0 1000000000
153 238 7571 5000 8192 0 1000000000
229 213 11518 5000 8192 0 1000000000
16 91 822 5000 8192 0 1000000000
223 49 11268 5000 8192 0 1000000000
292 202 14984 5000 8192 0 1000000000
51 111 2473 5000 8192 0 1000000000
135 161 6575 5000 8192 0 1000000000
286 158 14562 5000 8192 0 1000000000
244 94 12447 5000 8192 0 1000000000
304 118 15530 5000 8192 0 1000000000
224 161 11352 5000 8192 0 1000000000
8 268 405 5000 8192 0 1000000000
64 116 3258 5000 8192 0 1000000000
50 262 2399 5000 8192 0 1000000000
131 2 6498 5000 8192 0 1000000000
80 283 4071 5000 8192 0 1000000000
312 297 15998 5000 8192 0 1000000000
272 258 13892 5000 8192 0 1000000000
66 312 3324 5000 8192 0 1000000000
124 147 6063 5000 8192 0 1000000000
175 61 8617 5000 8192 0 1000000000
49 67 2336 5000 8192 0 1000000000
291 116 14914 5000 8192 0 1000000000
60 203 2992 5000 8192 0 1000000000
228 151 16522 5000 16777216 1 1000000000
158 234 7770 5000 8192 0 1000000000
246 306 12621 5000 8192 0 1000000000
258 167 13044 5000 8192 0 1000000000
7 73 366 5000 8192 0 1000000000
198 194 9848 5000 8192 0 1000000000
97 288 4766 5000 8192 0 1000000000
161 290 7923 5000 8192 0 1000000000
85 208 4386 5000 8192 0 1000000000
161 106 7925 5000 8192 0 1000000000
32 185 1598 5000 8192 0 1000000000
164 19 8144 5000 8192 0 1000000000
225 25 11392 5000 8192 0 1000000000
29 45 1407 5000 8192 0 1000000000
185 52 9098 5000 8192 0 1000000000
267 241 13569 5000 8192 0 1000000000
7 161 375 5000 8192 0 1000000000
161 243 7964 5000 8192 0 1000000000
172 110 8455 5000 8192 0 1000000000
95 190 4694 5000 8192 0 1000000000
83 56 4251 5000 8192 0 1000000000
276 282 13997 5000 8192 0 1000000000
161 191 7945 5000 8192 0 1000000000
243 201 12414 5000 8192 0 1000000000
315 70 16110 5000 8192 0 1000000000
303 204 15439 5000 8192 0 1000000000
87 155 4450 5000 8192 0 1000000000
118 42 5777 5000 8192 0 1000000000
117 311 5713 5000 8192 0 1000000000
181 269 8884 5000 8192 0 1000000000
28 317 1365 5000 8192 0 1000000000
13 6 639 5000 8192 0 1000000000
286 138 14584 5000 8192 0 1000000000
9 181 493 5000 8192 0 1000000000
198 285 9844 5000 8192 0 1000000000
23 192 1181 5000 8192 0 1000000000
70 169 3630 5000 8192 0 1000000000
266 201 13480 5000 8192 0 1000000000
195 301 9665 5000 8192 0 1000000000
50 99 2420 5000 8192 0 1000000000
162 159 8019 5000 8192 0 1000000000
197 131 9786 5000 8192 0 1000000000
173 252 8510 5000 8192 0 1000000000
175 252 8646 5000 8192 0 1000000000
269 29 13700 5000 8192 0 1000000000
24 120 1236 5000 8192 0 1000000000
286 225 14573 5000 8192 0 1000000000
111 283 5364 5000 8192 0 1000000000
231 172 11665 5000 8192 0 1000000000
290 47 14853 5000 8192 0 1000000000
289 181 14767 5000 8192 0 1000000000
260 261 13195 5000 8192 0 1000000000
7 197 339 5000 8192 0 1000000000
193 103 9535 5000 8192 0 1000000000
83 188 4230 5000 8192 0 1000000000
215 122 10747 5000 8192 0 1000000000
268 105 13647 5000 8192 0 1000000000
216 34 10818 5000 8192 0 1000000000
225 78 11414 5000 8192 0 1000000000
71 276 3670 5000 8192 0 1000000000
219 138 10981 5000 8192 0 1000000000
23 158 1164 5000 8192 0 1000000000
234 266 11814 5000 8192 0 1000000000
221 257 11106 5000 8192 0 1000000000
282 35 14361 5000 8192 0 1000000000
196 138 9742 5000 8192 0 1000000000
184 144 9042 5000 8192 0 1000000000
298 176 15260 5000 8192 0 1000000000
16 134 811 5000 8192 0 1000000000
214 6 10682 5000 8192 0 1000000000
266 317 13511 5000 8192 0 1000000000
163 293 8041 5000 8192 0 1000000000
43 139 2063 5000 8192 0 1000000000
201 202 9896 5000 8192 0 1000000000
291 171 14895 5000 8192 0 1000000000
22 130 1126 5000 8192 0 1000000000
27 275 1291 5000 8192 0 1000000000
95 44 4693 5000 8192 0 1000000000
127 177 6197 5000 8192 0 1000000000
187 196 9200 5000 8192 0 1000000000
290 54 14858 5000 8192 0 1000000000
297 213 15204 5000 8192 0 1000000000
129 269 6335 5000 8192 0 1000000000
302 273 15385 5000 8192 0 1000000000
296 177 15125 5000 8192 0 1000000000
237 69 12040 5000 8192 0 1000000000
277 4 14041 5000 8192 0 1000000000
12 182 555 5000 8192 0 1000000000
281 264 14340 5000 8192 0 1000000000
81 199 4119 5000 8192 0 1000000000
8 297 396 5000 8192 0 1000000000
3 142 160 5000 8192 0 1000000000
164 73 8124 5000 8192 0 1000000000
297 172 15217 5000 8192 0 1000000000
210 315 10455 5000 8192 0 1000000000
110 77 5244 5000 8192 0 1000000000
247 284 12650 5000 8192 0 1000000000
149 54 7365 5000 8192 0 1000000000
232 224 11697 5000 8192 0 1000000000
44 130 2146 5000 8192 0 1000000000
229 260 11498 5000 8192 0 1000000000
250 133 16473 5000 16777216 1 1000000000
307 154 15719 5000 8192 0 1000000000
101 177 4906 5000 8192 0 1000000000
158 154 7775 5000 8192 0 1000000000
35 296 1704 5000 8192 0 1000000000
179 60 8830 5000 8192 0 1000000000
316 103 16149 5000 8192 0 1000000000
17 199 878 5000 8192 0 1000000000
174 180 8561 5000 8192 0 1000000000
28 29 1354 5000 8192 0 1000000000
193 138 9525 5000 8192 0 1000000000
29 118 1456 5000 8192 0 1000000000
198 65 9874 5000 8192 0 1000000000
99 26 16487 5000 16777216 1 1000000000
272 276 13851 5000 8192 0 1000000000
213 214 10634 5000 8192 0 1000000000
304 261 15562 5000 8192 0 1000000000
17 154 869 5000 8192 0 1000000000
185 210 9083 5000 8192 0 1000000000
68 245 3473 5000 8192 0 1000000000
308 31 15808 5000 8192 0 1000000000
62 44 3068 5000 8192 0 1000000000
98 138 4830 5000 8192 0 1000000000
300 102 15351 5000 8192 0 1000000000
145 17 7193 5000 8192 0 1000000000
316 60 16187 5000 8192 0 1000000000
303 79 15453 5000 8192 0 1000000000
131 293 6489 5000 8192 0 1000000000
71 278 3662 5000 8192 0 1000000000
225 264 11404 5000 8192 0 1000000000
229 265 11538 5000 8192 0 1000000000
85 37 4374 5000 8192 0 1000000000
234 261 11849 5000 8192 0 1000000000
262 78 13327 5000 8192 0 1000000000
6 223 317 5000 8192 0 1000000000
217 296 10893 5000 8192 0 1000000000
233 16 11792 5000 8192 0 1000000000
172 9 8435 5000 8192 0 1000000000
57 316 2774 5000 8192 0 1000000000
55 296 2629 5000 8192 0 1000000000
158 29 7722 5000 8192 0 1000000000
216 270 10828 5000 8192 0 1000000000
232 148 11675 5000 8192 0 1000000000
113 12 5483 5000 8192 0 1000000000
183 213 8953 5000 8192 0 1000000000
307 131 15753 5000 8192 0 1000000000
40 294 1906 5000 8192 0 1000000000
50 186 2383 5000 8192 0 1000000000
98 4 4842 5000 8192 0 1000000000
236 187 11980 5000 8192 0 1000000000
135 209 6605 5000 8192 0 1000000000
291 181 14874 5000 8192 0 1000000000
282 239 14369 5000 8192 0 1000000000
161 203 7936 5000 8192 0 1000000000
300 253 15338 5000 8192 0 1000000000
281 160 14343 5000 8192 0 1000000000
63 149 3141 5000 8192 0 1000000000
130 229 6437 5000 8192 0 1000000000
184 115 9001 5000 8192 0 1000000000
79 313 3969 5000 8192 0 1000000000
47 281 2286 5000 8192 0 1000000000
62 43 3083 5000 8192 0 1000000000
114 101 5526 5000 8192 0 1000000000
153 220 7570 5000 8192 0 1000000000
212 181 10532 5000 8192 0 1000000000
223 116 11256 5000 8192 0 1000000000
266 260 13472 5000 8192 0 1000000000
319 34 16330 5000 8192 0 1000000000
224 11 11327 5000 8192 0 1000000000
216 237 10788 5000 8192 0 1000000000
193 86 9558 5000 8192 0 1000000000
244 145 12469 5000 8192 0 1000000000
129 317 6322 5000 8192 0 1000000000
295 74 15061 5000 8192 0 1000000000
261 202 13263 5000 8192 0 1000000000
8 134 397 5000 8192 0 1000000000
39 303 1790 5000 8192 0 1000000000
95 4 4707 5000 8192 0 1000000000
106 5 16405 5000 16777216 1 1000000000
242 125 12366 5000 8192 0 1000000000
9 166 500 5000 8192 0 1000000000
40 319 1879 5000 8192 0 1000000000
244 269 12465 5000 8192 0 1000000000
141 151 6939 5000 8192 0 1000000000
318 120 16246 5000 8192 0 1000000000
47 285 2277 5000 8192 0 1000000000
118 101 5770 5000 8192 0 1000000000
210 259 10405 5000 8192 0 1000000000
18 249 949 5000 8192 0 1000000000
9 142 498 5000 8192 0 1000000000
144 158 7108 5000 8192 0 1000000000
238 61 12079 5000 8192 0 1000000000
279 114 14191 5000 8192 0 1000000000
60 22 2966 5000 8192 0 1000000000
221 76 11111 5000 8192 0 1000000000
20 11 970 5000 8192 0 1000000000
308 305 15776 5000 8192 0 1000000000
158 284 7765 5000 8192 0 1000000000
235 238 11883 5000 8192 0 1000000000
202 204 9956 5000 8192 0 1000000000
178 75 8745 5000 8192 0 1000000000
165 76 8218 5000 8192 0 1000000000
174 50 8607 5000 8192 0 1000000000
47 182 2261 5000 8192 0 1000000000
225 116 11364 5000 8192 0 1000000000
214 56 10659 5000 8192 0 1000000000
264 119 13350 5000 8192 0 1000000000
210 264 10399 5000 8192 0 1000000000
54 204 2558 5000 8192 0 1000000000
73 187 3764 5000 8192 0 1000000000
215 191 10770 5000 8192 0 1000000000
3 58 136 5000 8192 0 1000000000
215 137 10759 5000 8192 0 1000000000
150 274 7420 5000 8192 0 1000000000
240 221 12201 5000 8192 0 1000000000
221 244 11113 5000 8192 0 1000000000
76 319 3850 5000 8192 0 1000000000
50 54 2368 5000 8192 0 1000000000
280 207 14244 5000 8192 0 1000000000
42 138 2023 5000 8192 0 1000000000
61 34 3041 5000 8192 0 1000000000
47 292 2241 5000 8192 0 1000000000
242 86 12349 5000 8192 0 1000000000
307 273 15756 5000 8192 0 1000000000
0 24 44 5000 8192 0 1000000000
247 109 12649 5000 8192 0 1000000000
280 17 14241 5000 8192 0 1000000000
44 20 2166 5000 8192 0 1000000000
189 92 9318 5000 8192 0 1000000000
161 5 7946 5000 8192 0 1000000000
189 110 9357 5000 8192 0 1000000000
43 8 2090 5000 8192 0 1000000000
80 259 4070 5000 8192 0 1000000000
81 82 4118 5000 8192 0 1000000000
90 210 4492 5000 8192 0 1000000000
211 79 10486 5000 8192 0 1000000000
280 107 14276 5000 8192 0 1000000000
9 107 495 5000 8192 0 1000000000
264 247 13348 5000 8192 0 1000000000
190 39 9418 5000 8192 0 1000000000
255 117 12983 5000 8192 0 1000000000
292 219 14943 5000 8192 0 1000000000
23 267 1179 5000 8192 0 1000000000
81 203 4137 5000 8192 0 1000000000
292 50 14945 5000 8192 0 1000000000
116 154 5644 5000 8192 0 1000000000
144 228 7137 5000 8192 0 1000000000
12 255 512 5000 8192 0 1000000000
123 11 5937 5000 8192 0 1000000000
73 256 3755 5000 8192 0 1000000000
175 18 8671 5000 8192 0 1000000000
254 258 12928 5000 8192 0 1000000000
78 243 3898 5000 8192 0 1000000000
318 1 16251 5000 8192 0 1000000000
118 155 5797 5000 8192 0 1000000000
148 111 7336 5000 8192 0 1000000000
261 185 13232 5000 8192 0 1000000000
295 250 15088 5000 8192 0 1000000000
119 32 5838 5000 8192 0 1000000000
293 191 15013 5000 8192 0 1000000000
201 85 9941 5000 8192 0 1000000000
269 194 13659 5000 8192 0 1000000000
254 118 12934 5000 8192 0 1000000000
57 30 2802 5000 8192 0 1000000000
319 231 16279 5000 8192 0 1000000000
67 245 3436 5000 8192 0 1000000000
104 204 5032 5000 8192 0 1000000000
158 99 7755 5000 8192 0 1000000000
92 196 4615 5000 8192 0 1000000000
245 221 12560 5000 8192 0 1000000000
116 110 5619 5000 8192 0 1000000000
305 168 15570 5000 8192 0 1000000000
168 291 8307 5000 8192 0 1000000000
79 261 3998 5000 8192 0 1000000000
266 256 13479 5000 8192 0 1000000000
292 202 14977 5000 8192 0 1000000000
117 197 5743 5000 8192 0 1000000000
208 22 10297 5000 8192 0 1000000000
49 29 2337 5000 8192 0 1000000000
167 268 8255 5000 8192 0 1000000000
140 237 6893 5000 8192 0 1000000000
276 287 14030 5000 8192 0 1000000000
231 16 11673 5000 8192 0 1000000000
201 296 9912 5000 8192 0 1000000000
65 156 3263 5000 8192 0 1000000000
101 227 4859 5000 8192 0 1000000000
303 263 15442 5000 8192 0 1000000000
75 66 3779 5000 8192 0 1000000000
130 232 6411 5000 8192 0 1000000000
245 91 12528 5000 8192 0 1000000000
124 188 6001 5000 8192 0 1000000000
277 219 14046 5000 8192 0 1000000000
57 45 2752 5000 8192 0 1000000000
47 207 2275 5000 8192 0 1000000000
70 224 3614 5000 8192 0 1000000000
104 318 4996 5000 8192 0 1000000000
72 200 16519 5000 16777216 1 1000000000
75 288 3801 5000 8192 0 1000000000
291 195 14867 5000 8192 0 1000000000
184 192 9018 5000 8192 0 1000000000
249 229 12805 5000 8192 0 1000000000
283 120 16404 5000 16777216 1 1000000000
18 277 914 5000 8192 0 1000000000
312 47 15994 5000 8192 0 1000000000
140 282 6880 5000 8192 0 1000000000
95 235 4670 5000 8192 0 1000000000
231 77 11656 5000 8192 0 1000000000
232 240 11685 5000 8192 0 1000000000
6 206 281 5000 8192 0 1000000000
281 303 14344 5000 8192 0 1000000000
246 168 12619 5000 8192 0 1000000000
298 219 15278 5000 8192 0 1000000000
45 237 2172 5000 8192 0 1000000000
303 171 15486 5000 8192 0 1000000000
101 285 4890 5000 8192 0 1000000000
214 143 10703 5000 8192 0 1000000000
173 300 8520 5000 8192 0 1000000000
6 151 280 5000 8192 0 1000000000
254 119 12910 5000 8192 0 1000000000
185 103 9099 5000 8192 0 1000000000
30 233 1506 5000 8192 0 1000000000
104 214 5031 5000 8192 0 1000000000
8 152 444 5000 8192 0 1000000000
315 33 16090 5000 8192 0 1000000000
190 9 9394 5000 8192 0 1000000000
259 16 13086 5000 8192 0 1000000000
286 138 14567 5000 8192 0 1000000000
55 123 2664 5000 8192 0 1000000000
162 221 8038 5000 8192 0 1000000000
260 10 13151 5000 8192 0 1000000000
64 246 3231 5000 8192 0 1000000000
3 166 177 5000 8192 0 1000000000
114 282 5494 5000 8192 0 1000000000
165 3 8203 5000 8192 0 1000000000
185 226 9116 5000 8192 0 1000000000
179 219 8853 5000 8192 0 1000000000
186 203 9153 5000 8192 0 1000000000
13 59 619 5000 8192 0 1000000000
97 77 4733 5000 8192 0 1000000000
271 94 13830 5000 8192 0 1000000000
113 29 5444 5000 8192 0 1000000000
205 192 10199 5000 8192 0 1000000000
297 62 15208 5000 8192 0 1000000000
136 86 6651 5000 8192 0 1000000000
147 156 7260 5000 8192 0 1000000000
104 117 5033 5000 8192 0 1000000000
219 107 10994 5000 8192 0 1000000000
18 205 944 5000 8192 0 1000000000
236 168 11949 5000 8192 0 1000000000
153 282 7547 5000 8192 0 1000000000
196 91 9760 5000 8192 0 1000000000
229 139 11503 5000 8192 0 1000000000
290 159 14825 5000 8192 0 1000000000
303 23 15451 5000 8192 0 1000000000
176 284 8686 5000 8192 0 1000000000
7 191 340 5000 8192 0 1000000000
298 239 15299 5000 8192 0 1000000000
67 309 3446 5000 8192 0 1000000000
6 272 310 5000 8192 0 1000000000
8 73 426 5000 8192 0 1000000000
59 145 2877 5000 8192 0 1000000000
40 241 1897 5000 8192 0 1000000000
2 232 110 5000 8192 0 1000000000
186 318 9177 5000 8192 0 1000000000
140 76 6838 5000 8192 0 1000000000
238 208 12090 5000 8192 0 1000000000
202 297 9979 5000 8192 0 1000000000
218 128 10969 5000 8192 0 1000000000
4 167 230 5000 8192 0 1000000000
235 114 11903 5000 8192 0 1000000000
107 79 5097 5000 8192 0 1000000000
312 76 15950 5000 8192 0 1000000000
142 171 7003 5000 8192 0 1000000000
63 236 3134 5000 8192 0 1000000000
271 226 13826 5000 8192 0 1000000000
282 186 14412 5000 8192 0 1000000000
300 45 15360 5000 8192 0 1000000000
172 306 8440 5000 8192 0 1000000000
242 235 12325 5000 8192 0 1000000000
225 261 11376 5000 8192 0 1000000000
260 304 13191 5000 8192 0 1000000000
209 56 10366 5000 8192 0 1000000000
140 104 6852 5000 8192 0 1000000000
315 18 16124 5000 8192 0 1000000000
212 264 10562 5000 8192 0 1000000000
276 199 14018 5000 8192 0 1000000000
12 82 531 5000 8192 0 1000000000
117 59 5699 5000 8192 0 1000000000
295 297 15097 5000 8192 0 1000000000
91 225 4551 5000 8192 0 1000000000
117 60 5705 5000 8192 0 1000000000
159 139 7829 5000 8192 0 1000000000
308 267 15781 5000 8192 0 1000000000
31 122 1562 5000 8192 0 1000000000
313 181 16051 5000 8192 0 1000000000
118 169 5771 5000 8192 0 1000000000
148 156 7330 5000 8192 0 1000000000
41 173 1956 5000 8192 0 1000000000
277 308 14070 5000 8192 0 1000000000
289 306 14787 5000 8192 0 1000000000
167 129 8238 5000 8192 0 1000000000
135 68 6588 5000 8192 0 1000000000
49 105 2305 5000 8192 0 1000000000
84 42 4345 5000 8192 0 1000000000
163 143 8068 5000 8192 0 1000000000
6 224 271 5000 8192 0 1000000000
269 49 13711 5000 8192 0 1000000000
81 23 4133 5000 8192 0 1000000000
189 37 9344 5000 8192 0 1000000000
58 317 2856 5000 8192 0 1000000000
68 55 3492 5000 8192 0 1000000000
185 46 9115 5000 8192 0 1000000000
81 218 4109 5000 8192 0 1000000000
63 310 3145 5000 8192 0 1000000000
204 60 10094 5000 8192 0 1000000000
164 161 8108 5000 8192 0 1000000000
191 313 9452 5000 8192 0 1000000000
191 314 9484 5000 8192 0 1000000000
285 218 14511 5000 8192 0 1000000000
58 9 2818 5000 8192 0 1000000000
196 42 9745 5000 8192 0 1000000000
239 66 12133 5000 8192 0 1000000000
173 2 8535 5000 8192 0 1000000000
4 70 211 5000 8192 0 1000000000
45 293 2229 5000 8192 0 1000000000
141 100 6938 5000 8192 0 1000000000
244 55 12503 5000 8192 0 1000000000
173 114 8537 5000 8192 0 1000000000
156 116 7704 5000 8192 0 1000000000
229 268 11501 5000 8192 0 1000000000
212 105 10551 5000 8192 0 1000000000
40 43 1869 5000 8192 0 1000000000
163 269 8077 5000 8192 0 1000000000
272 31 13861 5000 8192 0 1000000000
208 131 10328 5000 8192 0 1000000000
68 236 3508 5000 8192 0 1000000000
173 18 8514 5000 8192 0 1000000000
115 104 5596 5000 8192 0 1000000000
214 282 10698 5000 8192 0 1000000000
144 252 7139 5000 8192 0 1000000000
162 264 8018 5000 8192 0 1000000000
187 196 9242 5000 8192 0 1000000000
8 14 442 5000 8192 0 1000000000
45 176 2207 5000 8192 0 1000000000
238 40 12104 5000 8192 0 1000000000
40 54 1902 5000 8192 0 1000000000
195 35 9643 5000 8192 0 1000000000
43 25 2064 5000 8192 0 1000000000
7 179 322 5000 8192 0 1000000000
32 84 1623 5000 8192 0 1000000000
70 123 3600 5000 8192 0 1000000000
104 79 5021 5000 8192 0 1000000000
126 120 6145 5000 8192 0 1000000000
216 260 10836 5000 8192 0 1000000000
90 270 4535 5000 8192 0 1000000000
101 130 4877 5000 8192 0 1000000000
281 259 14301 5000 8192 0 1000000000
128 90 6279 5000 8192 0 1000000000
55 67 2622 5000 8192 0 1000000000
73 227 3706 5000 8192 0 1000000000
189 34 9331 5000 8192 0 1000000000
21 43 1064 5000 8192 0 1000000000
50 193 2373 5000 8192 0 1000000000
110 214 5293 5000 8192 0 1000000000
147 84 7254 5000 8192 0 1000000000
266 168 13492 5000 8192 0 1000000000
221 22 11137 5000 8192 0 1000000000
184 156 9013 5000 8192 0 1000000000
280 216 14268 5000 8192 0 1000000000
239 315 12149 5000 8192 0 1000000000
109 273 5198 5000 8192 0 1000000000
175 120 8649 5000 8192 0 1000000000
7 109 361 5000 8192 0 1000000000
316 1 16184 5000 8192 0 1000000000
234 99 11833 5000 8192 0 1000000000
300 66 15321 5000 8192 0 1000000000
76 84 3884 5000 8192 0 1000000000
279 218 14200 5000 8192 0 1000000000
186 221 9186 5000 8192 0 1000000000
286 274 14579 5000 8192 0 1000000000
114 296 5509 5000 8192 0 1000000000
98 11 4845 5000 8192 0 1000000000
47 199 2258 5000 8192 0 1000000000
295 75 15071 5000 8192 0 1000000000
135 23 6611 5000 8192 0 1000000000
65 41 3296 5000 8192 0 1000000000
24 127 1234 5000 8192 0 1000000000
288 303 14682 5000 8192 0 1000000000
109 58 5181 5000 8192 0 1000000000
165 80 8210 5000 8192 0 1000000000
98 168 4852 5000 8192 0 1000000000
174 14 8552 5000 8192 0 1000000000
54 84 2565 5000 8192 0 1000000000
84 88 4287 5000 8192 0 1000000000
3 110 158 5000 8192 0 1000000000
266 57 13516 5000 8192 0 1000000000
155 6 7618 5000 8192 0 1000000000
282 1 14377 5000 8192 0 1000000000
50 303 2427 5000 8192 0 1000000000
54 71 2617 5000 8192 0 1000000000
97 64 4736 5000 8192 0 1000000000
293 258 15034 5000 8192 0 1000000000
7 25 364 5000 8192 0 1000000000
269 113 13657 5000 8192 0 1000000000
45 130 2228 5000 8192 0 1000000000
102 279 4969 5000 8192 0 1000000000
16 277 827 5000 8192 0 1000000000
54 305 2564 5000 8192 0 1000000000
62 286 3092 5000 8192 0 1000000000
271 27 13815 5000 8192 0 1000000000
272 166 13841 5000 8192 0 1000000000
117 158 5686 5000 8192 0 1000000000
255 130 12956 5000 8192 0 1000000000
135 72 6638 5000 8192 0 1000000000
241 4 12272 5000 8192 0 1000000000
178 292 8804 5000 8192 0 1000000000
141 273 6940 5000 8192 0 1000000000
8 171 418 5000 8192 0 1000000000
2 302 111 5000 8192 0 1000000000
215 148 10719 5000 8192 0 1000000000
60 314 2941 5000 8192 0 1000000000
281 122 14305 5000 8192 0 1000000000
293 108 15048 5000 8192 0 1000000000
267 17 13558 5000 8192 0 1000000000
245 154 12507 5000 8192 0 1000000000
124 275 6054 5000 8192 0 1000000000
136 11 6650 5000 8192 0 1000000000
14 3 663 5000 8192 0 1000000000
271 38 13817 5000 8192 0 1000000000
118 119 5751 5000 8192 0 1000000000
144 246 7125 5000 8192 0 1000000000
104 315 4998 5000 8192 0 1000000000
155 283 7640 5000 8192 0 1000000000
221 236 11119 5000 8192 0 1000000000
4 290 213 5000 8192 0 1000000000
272 91 13879 5000 8192 0 1000000000
28 264 1382 5000 8192 0 1000000000
307 81 15728 5000 8192 0 1000000000
231 10 11647 5000 8192 0 1000000000
161 42 7951 5000 8192 0 1000000000
281 93 14339 5000 8192 0 1000000000
57 167 2809 5000 8192 0 1000000000
115 17 5587 5000 8192 0 1000000000
28 73 1357 5000 8192 0 1000000000
70 187 3615 5000 8192 0 1000000000
102 109 4963 5000 8192 0 1000000000
304 131 15558 5000 8192 0 1000000000
201 22 9905 5000 8192 0 1000000000
162 66 7990 5000 8192 0 1000000000
189 175 9323 5000 8192 0 1000000000
194 188 9574 5000 8192 0 1000000000
152 22 7500 5000 8192 0 1000000000
112 64 5388 5000 8192 0 1000000000
20 160 991 5000 8192 0 1000000000
7 248 379 5000 8192 0 1000000000
101 66 4863 5000 8192 0 1000000000
287 213 14618 5000 8192 0 1000000000
107 262 5079 5000 8192 0 1000000000
30 186 1502 5000 8192 0 1000000000
131 65 6471 5000 8192 0 1000000000
255 188 12980 5000 8192 0 1000000000
204 56 10131 5000 8192 0 1000000000
158 297 7757 5000 8192 0 1000000000
114 186 5540 5000 8192 0 1000000000
208 142 10326 5000 8192 0 1000000000
292 97 14962 5000 8192 0 1000000000
214 38 10677 5000 8192 0 1000000000
65 138 3279 5000 8192 0 1000000000
229 179 11544 5000 8192 0 1000000000
40 142 1909 5000 8192 0 1000000000
241 187 12301 5000 8192 0 1000000000
274 252 13934 5000 8192 0 1000000000
59 89 2916 5000 8192 0 1000000000
107 216 5091 5000 8192 0 1000000000
287 224 14647 5000 8192 0 1000000000
68 109 3468 5000 8192 0 1000000000
178 108 8769 5000 8192 0 1000000000
212 201 10541 5000 8192 0 1000000000
150 247 7433 5000 8192 0 1000000000
108 115 5146 5000 8192 0 1000000000
62 138 3080 5000 8192 0 1000000000
4 201 204 5000 8192 0 1000000000
110 171 5255 5000 8192 0 1000000000
212 285 10549 5000 8192 0 1000000000
101 225 4884 5000 8192 0 1000000000
52 24 2513 5000 8192 0 1000000000
121 96 5881 5000 8192 0 1000000000
248 124 12750 5000 8192 0 1000000000
9 290 478 5000 8192 0 1000000000
31 293 1553 5000 8192 0 1000000000
168 266 8306 5000 8192 0 1000000000
163 58 8065 5000 8192 0 1000000000
254 4 12886 5000 8192 0 1000000000
35 93 1700 5000 8192 0 1000000000
174 120 8611 5000 8192 0 1000000000
115 120 5558 5000 8192 0 1000000000
62 95 3105 5000 8192 0 1000000000
269 124 13669 5000 8192 0 1000000000
295 123 15102 5000 8192 0 1000000000
243 226 12399 5000 8192 0 1000000000
48 317 16377 5000 16777216 1 1000000000
21 175 1037 5000 8192 0 1000000000
187 179 9209 5000 8192 0 1000000000
307 312 15704 5000 8192 0 1000000000
39 297 1806 5000 8192 0 1000000000
156 240 7665 5000 8192 0 1000000000
39 17 1830 5000 8192 0 1000000000
277 164 14036 5000 8192 0 1000000000
175 99 8651 5000 8192 0 1000000000
244 217 12484 5000 8192 0 1000000000
65 264 3270 5000 8192 0 1000000000
315 317 16078 5000 8192 0 1000000000
305 315 15603 5000 8192 0 1000000000
236 158 11969 5000 8192 0 1000000000
55 180 2643 5000 8192 0 1000000000
229 205 11490 5000 8192 0 1000000000
160 14 7893 5000 8192 0 1000000000
296 227 15174 5000 8192 0 1000000000
150 198 7415 5000 8192 0 1000000000
47 52 2279 5000 8192 0 1000000000
61 190 3048 5000 8192 0 1000000000
109 62 5200 5000 8192 0 1000000000
32 14 1613 5000 8192 0 1000000000
160 212 7879 5000 8192 0 1000000000
105 182 16440 5000 16777216 1 1000000000
296 242 15154 5000 8192 0 1000000000
214 232 10705 5000 8192 0 1000000000
9 264 481 5000 8192 0 1000000000
271 305 13804 5000 8192 0 1000000000
184 305 9015 5000 8192 0 1000000000
147 66 7221 5000 8192 0 1000000000
309 25 15856 5000 8192 0 1000000000
277 31 14057 5000 8192 0 1000000000
196 130 9721 5000 8192 0 1000000000
190 237 9402 5000 8192 0 1000000000
306 91 15664 5000 8192 0 1000000000
109 33 5193 5000 8192 0 1000000000
44 122 2160 5000 8192 0 1000000000
126 181 6151 5000 8192 0 1000000000
203 62 10074 5000 8192 0 1000000000
308 26 15803 5000 8192 0 1000000000
237 20 11996 5000 8192 0 1000000000
80 165 4081 5000 8192 0 1000000000
272 8 13855 5000 8192 0 1000000000
110 184 5282 5000 8192 0 1000000000
270 282 13748 5000 8192 0 1000000000
217 152 10880 5000 8192 0 1000000000
102 99 4924 5000 8192 0 1000000000
268 130 13603 5000 8192 0 1000000000
150 251 7451 5000 8192 0 1000000000
129 152 6361 5000 8192 0 1000000000
57 286 2761 5000 8192 0 1000000000
218 151 10936 5000 8192 0 1000000000
156 267 7691 5000 8192 0 1000000000
270 165 13729 5000 8192 0 1000000000
8 178 433 5000 8192 0 1000000000
218 231 10917 5000 8192 0 1000000000
195 135 9663 5000 8192 0 1000000000
71 244 3677 5000 8192 0 1000000000
23 60 1172 5000 8192 0 1000000000
119 4 5860 5000 8192 0 1000000000
136 295 6655 5000 8192 0 1000000000
289 125 14751 5000 8192 0 1000000000
87 293 4429 5000 8192 0 1000000000
75 78 3807 5000 8192 0 1000000000
295 159 15058 5000 8192 0 1000000000
254 190 12941 5000 8192 0 1000000000
307 261 15757 5000 8192 0 1000000000
205 122 10195 5000 8192 0 1000000000
235 156 11881 5000 8192 0 1000000000
156 111 7719 5000 8192 0 1000000000
16 97 823 5000 8192 0 1000000000
246 36 12598 5000 8192 0 1000000000
312 29 15992 5000 8192 0 1000000000
286 84 14570 5000 8192 0 1000000000
308 85 15770 5000 8192 0 1000000000
14 160 682 5000 8192 0 1000000000
68 9 3476 5000 8192 0 1000000000
295 122 15118 5000 8192 0 1000000000
267 76 13522 5000 8192 0 1000000000
211 93 10491 5000 8192 0 1000000000
266 186 13494 5000 8192 0 1000000000
60 268 2994 5000 8192 0 1000000000
189 271 9340 5000 8192 0 1000000000
95 279 4685 5000 8192 0 1000000000
271 88 13791 5000 8192 0 1000000000
164 149 8142 5000 8192 0 1000000000
98 183 4816 5000 8192 0 1000000000
70 132 3638 5000 8192 0 1000000000
123 271 5959 5000 8192 0 1000000000
3 14 154 5000 8192 0 1000000000
107 180 5065 5000 8192 0 1000000000
236 18 11957 5000 8192 0 1000000000
65 109 3271 5000 8192 0 1000000000
117 153 5723 5000 8192 0 1000000000
13 262 636 5000 8192 0 1000000000
206 132 10255 5000 8192 0 1000000000
309 234 15865 5000 8192 0 1000000000
293 285 14995 5000 8192 0 1000000000
94 317 16444 5000 16777216 1 1000000000
188 51 9283 5000 8192 0 1000000000
305 58 15575 5000 8192 0 1000000000
235 146 11895 5000 8192 0 1000000000
315 184 16101 5000 8192 0 1000000000
319 249 16270 5000 8192 0 1000000000
226 287 11433 5000 8192 0 1000000000
117 225 5740 5000 8192 0 1000000000
82 105 4193 5000 8192 0 1000000000
210 234 10435 5000 8192 0 1000000000
216 56 10831 5000 8192 0 1000000000
168 45 8317 5000 8192 0 1000000000
239 295 12157 5000 8192 0 1000000000
115 72 5581 5000 8192 0 1000000000
186 157 9133 5000 8192 0 1000000000
137 129 6735 5000 8192 0 1000000000
29 211 1454 5000 8192 0 1000000000
81 209 4142 5000 8192 0 1000000000
246 268 12590 5000 8192 0 1000000000
54 90 2613 5000 8192 0 1000000000
164 116 8126 5000 8192 0 1000000000
110 142 5274 5000 8192 0 1000000000
193 274 9531 5000 8192 0 1000000000
242 283 12348 5000 8192 0 1000000000
224 299 11322 5000 8192 0 1000000000
291 20 14919 5000 8192 0 1000000000
107 293 5055 5000 8192 0 1000000000
258 227 13022 5000 8192 0 1000000000
204 283 10089 5000 8192 0 1000000000
4 123 238 5000 8192 0 1000000000
158 83 7738 5000 8192 0 1000000000
9 196 496 5000 8192 0 1000000000
319 13 16313 5000 8192 0 1000000000
303 220 15450 5000 8192 0 1000000000
185 20 9092 5000 8192 0 1000000000
22 7 1115 5000 8192 0 1000000000
240 242 12222 5000 8192 0 1000000000
89 177 16426 5000 16777216 1 1000000000
204 244 10097 5000 8192 0 1000000000
142 129 6989 5000 8192 0 1000000000
168 252 8326 5000 8192 0 1000000000
168 311 8305 5000 8192 0 1000000000
226 127 11430 5000 8192 0 1000000000
266 63 13512 5000 8192 0 1000000000
70 213 3612 5000 8192 0 1000000000
40 288 1915 5000 8192 0 1000000000
24 230 1215 5000 8192 0 1000000000
45 15 2193 5000 8192 0 1000000000
43 264 2104 5000 8192 0 1000000000
51 192 2436 5000 8192 0 1000000000
310 205 15925 5000 8192 0 1000000000
3 244 152 5000 8192 0 1000000000
315 81 16100 5000 8192 0 1000000000
23 114 1178 5000 8192 0 1000000000
92 239 4626 5000 8192 0 1000000000
310 254 15947 5000 8192 0 1000000000
161 169 7966 5000 8192 0 1000000000
124 261 6021 5000 8192 0 1000000000
109 199 5204 5000 8192 0 1000000000
60 82 2983 5000 8192 0 1000000000
265 70 13443 5000 8192 0 1000000000
56 158 2722 5000 8192 0 1000000000
141 293 6917 5000 8192 0 1000000000
73 97 3737 5000 8192 0 1000000000
22 75 1141 5000 8192 0 1000000000
239 69 12183 5000 8192 0 1000000000
162 31 7996 5000 8192 0 1000000000
58 31 2840 5000 8192 0 1000000000
236 271 11988 5000 8192 0 1000000000
284 213 14435 5000 8192 0 1000000000
167 0 8261 5000 8192 0 1000000000
7 39 336 5000 8192 0 1000000000
32 280 1634 5000 8192 0 1000000000
69 201 3547 5000 8192 0 1000000000
148 36 7337 5000 8192 0 1000000000
220 272 11050 5000 8192 0 1000000000
272 45 13850 5000 8192 0 1000000000
308 248 15807 5000 8192 0 1000000000
284 81 14457 5000 8192 0 1000000000
113 282 5436 5000 8192 0 1000000000
252 139 12877 5000 8192 0 1000000000
7 58 350 5000 8192 0 1000000000
156 271 7667 5000 8192 0 1000000000
188 84 9258 5000 8192 0 1000000000
196 35 9746 5000 8192 0 1000000000
284 154 14465 5000 8192 0 1000000000
238 155 12081 5000 8192 0 1000000000
32 70 1608 5000 8192 0 1000000000
194 214 9606 5000 8192 0 1000000000
36 304 1778 5000 8192 0 1000000000
196 265 9702 5000 8192 0 1000000000
87 16 4430 5000 8192 0 1000000000
3 141 180 5000 8192 0 1000000000
143 316 7043 5000 8192 0 1000000000
150 256 7434 5000 8192 0 1000000000
281 174 14315 5000 8192 0 1000000000
3 11 145 5000 8192 0 1000000000
270 174 13764 5000 8192 0 1000000000
79 32 3994 5000 8192 0 1000000000
40 299 1860 5000 8192 0 1000000000
14 83 668 5000 8192 0 1000000000
252 124 12851 5000 8192 0 1000000000
149 308 7347 5000 8192 0 1000000000
249 207 12777 5000 8192 0 1000000000
293 233 15026 5000 8192 0 1000000000
6 220 311 5000 8192 0 1000000000
169 249 8361 5000 8192 0 1000000000
78 97 3925 5000 8192 0 1000000000
189 196 9377 5000 8192 0 1000000000
198 291 9871 5000 8192 0 1000000000
247 14 12651 5000 8192 0 1000000000
162 179 8006 5000 8192 0 1000000000
150 303 7461 5000 8192 0 1000000000
216 168 10791 5000 8192 0 1000000000
210 311 10414 5000 8192 0 1000000000
293 9 15020 5000 8192 0 1000000000
69 19 3515 5000 8192 0 1000000000
141 63 6915 5000 8192 0 1000000000
147 126 7257 5000 8192 0 1000000000
87 317 4426 5000 8192 0 1000000000
208 100 10313 5000 8192 0 1000000000
97 143 4777 5000 8192 0 1000000000
205 264 10167 5000 8192 0 1000000000
49 92 2309 5000 8192 0 1000000000
201 219 9893 5000 8192 0 1000000000
36 87 1782 5000 8192 0 1000000000
202 116 9985 5000 8192 0 1000000000
179 3 8862 5000 8192 0 1000000000
218 116 10946 5000 8192 0 1000000000
87 287 4442 5000 8192 0 1000000000
15 146 735 5000 8192 0 1000000000
312 111 15981 5000 8192 0 1000000000
176 49 8691 5000 8192 0 1000000000
293 288 15038 5000 8192 0 1000000000
269 311 13676 5000 8192 0 1000000000
316 248 16188 5000 8192 0 1000000000
20 43 982 5000 8192 0 1000000000
159 143 7846 5000 8192 0 1000000000
174 101 8585 5000 8192 0 1000000000
260 59 13185 5000 8192 0 1000000000
91 267 4553 5000 8192 0 1000000000
13 162 626 5000 8192 0 1000000000
153 189 7590 5000 8192 0 1000000000
98 54 4802 5000 8192 0 1000000000
130 196 6414 5000 8192 0 1000000000
78 5 3927 5000 8192 0 1000000000
138 192 6801 5000 8192 0 1000000000
13 35 610 5000 8192 0 1000000000
17 62 858 5000 8192 0 1000000000
65 85 3259 5000 8192 0 1000000000
153 179 7580 5000 8192 0 1000000000
60 244 2998 5000 8192 0 1000000000
272 245 13856 5000 8192 0 1000000000
303 95 15444 5000 8192 0 1000000000
102 93 4932 5000 8192 0 1000000000
135 118 6609 5000 8192 0 1000000000
90 131 4493 5000 8192 0 1000000000
162 81 7998 5000 8192 0 1000000000
304 212 15531 5000 8192 0 1000000000
312 238 15990 5000 8192 0 1000000000
117 11 5735 5000 8192 0 1000000000
22 112 1096 5000 8192 0 1000000000
113 307 5477 5000 8192 0 1000000000
203 79 10077 5000 8192 0 1000000000
110 121 5300 5000 8192 0 1000000000
4 176 198 5000 8192 0 1000000000
298 93 15295 5000 8192 0 1000000000
172 181 8479 5000 8192 0 1000000000
290 273 14817 5000 8192 0 1000000000
22 9 1112 5000 8192 0 1000000000
167 269 8254 5000 8192 0 1000000000
241 307 12253 5000 8192 0 1000000000
312 87 15952 5000 8192 0 1000000000
115 175 5564 5000 8192 0 1000000000
224 98 11318 5000 8192 0 1000000000
198 250 9868 5000 8192 0 1000000000
296 52 15176 5000 8192 0 1000000000
194 133 9599 5000 8192 0 1000000000
261 302 13253 5000 8192 0 1000000000
268 23 13620 5000 8192 0 1000000000
208 114 10306 5000 8192 0 1000000000
203 293 10036 5000 8192 0 1000000000
55 171 2648 5000 8192 0 1000000000
184 33 9003 5000 8192 0 1000000000
268 222 13643 5000 8192 0 1000000000
111 60 5347 5000 8192 0 1000000000
20 314 967 5000 8192 0 1000000000
174 312 8592 5000 8192 0 1000000000
240 148 12213 5000 8192 0 1000000000
111 192 5349 5000 8192 0 1000000000
73 222 3765 5000 8192 0 1000000000
216 111 10786 5000 8192 0 1000000000
218 268 10954 5000 8192 0 1000000000
66 2 3351 5000 8192 0 1000000000
161 31 7974 5000 8192 0 1000000000
173 254 8541 5000 8192 0 1000000000
221 45 11134 5000 8192 0 1000000000
316 69 16193 5000 8192 0 1000000000
67 232 3442 5000 8192 0 1000000000
64 75 3221 5000 8192 0 1000000000
79 64 3983 5000 8192 0 1000000000
289 319 14776 5000 8192 0 1000000000
181 14 8914 5000 8192 0 1000000000
204 32 10085 5000 8192 0 1000000000
236 153 11991 5000 8192 0 1000000000
185 56 9060 5000 8192 0 1000000000
79 276 4004 5000 8192 0 1000000000
218 41 10952 5000 8192 0 1000000000
233 231 11798 5000 8192 0 1000000000
241 183 12279 5000 8192 0 1000000000
240 98 12245 5000 8192 0 1000000000
298 285 15305 5000 8192 0 1000000000
188 190 9282 5000 8192 0 1000000000
236 114 11932 5000 8192 0 1000000000
241 60 12259 5000 8192 0 1000000000
277 110 14075 5000 8192 0 1000000000
310 59 15909 5000 8192 0 1000000000
220 12 11061 5000 8192 0 1000000000
8 238 424 5000 8192 0 1000000000
90 29 4479 5000 8192 0 1000000000
104 173 4993 5000 8192 0 1000000000
80 91 4038 5000 8192 0 1000000000
271 149 13784 5000 8192 0 1000000000
62 223 3097 5000 8192 0 1000000000
49 61 2301 5000 8192 0 1000000000
138 154 6788 5000 8192 0 1000000000
204 279 10083 5000 8192 0 1000000000
17 40 850 5000 8192 0 1000000000
112 292 5385 5000 8192 0 1000000000
188 165 9290 5000 8192 0 1000000000
35 150 1669 5000 8192 0 1000000000
111 263 5353 5000 8192 0 1000000000
63 247 3148 5000 8192 0 1000000000
239 96 12122 5000 8192 0 1000000000
75 250 3820 5000 8192 0 1000000000
44 148 2128 5000 8192 0 1000000000
70 92 3591 5000 8192 0 1000000000
153 156 7559 5000 8192 0 1000000000
214 196 10680 5000 8192 0 1000000000
183 23 8962 5000 8192 0 1000000000
40 59 1867 5000 8192 0 1000000000
262 243 13290 5000 8192 0 1000000000
64 163 3253 5000 8192 0 1000000000
304 316 15503 5000 8192 0 1000000000
30 264 1518 5000 8192 0 1000000000
237 119 12048 5000 8192 0 1000000000
203 200 10049 5000 8192 0 1000000000
81 41 4124 5000 8192 0 1000000000
2 269 107 5000 8192 0 1000000000
252 156 12830 5000 8192 0 1000000000
155 318 7601 5000 8192 0 1000000000
176 194 8681 5000 8192 0 1000000000
295 49 15081 5000 8192 0 1000000000
124 134 6032 5000 8192 0 1000000000
308 39 15774 5000 8192 0 1000000000
288 300 14704 5000 8192 0 1000000000
84 95 4307 5000 8192 0 1000000000
168 215 8311 5000 8192 0 1000000000
243 213 12418 5000 8192 0 1000000000
69 117 3574 5000 8192 0 1000000000
261 157 13255 5000 8192 0 1000000000
18 198 908 5000 8192 0 1000000000
95 58 4667 5000 8192 0 1000000000
186 68 9154 5000 8192 0 1000000000
269 153 13674 5000 8192 0 1000000000
45 185 2190 5000 8192 0 1000000000
24 85 1275 5000 8192 0 1000000000
224 302 11307 5000 8192 0 1000000000
225 110 11391 5000 8192 0 1000000000
165 117 8179 5000 8192 0 1000000000
247 137 12655 5000 8192 0 1000000000
113 255 5460 5000 8192 0 1000000000
208 277 10281 5000 8192 0 1000000000
91 269 4540 5000 8192 0 1000000000
62 83 3129 5000 8192 0 1000000000
83 294 4268 5000 8192 0 1000000000
246 8 12603 5000 8192 0 1000000000
116 224 5629 5000 8192 0 1000000000
236 251 11931 5000 8192 0 1000000000
271 177 13818 5000 8192 0 1000000000
229 199 11536 5000 8192 0 1000000000
223 293 11227 5000 8192 0 1000000000
194 221 9571 5000 8192 0 1000000000
157 10 16411 5000 16777216 1 1000000000
181 194 8906 5000 8192 0 1000000000
79 153 3978 5000 8192 0 1000000000
261 49 13267 5000 8192 0 1000000000
194 86 9632 5000 8192 0 1000000000
303 140 15495 5000 8192 0 1000000000
174 79 8556 5000 8192 0 1000000000
143 229 7065 5000 8192 0 1000000000
183 63 8938 5000 8192 0 1000000000
42 142 2002 5000 8192 0 1000000000
305 228 15629 5000 8192 0 1000000000
296 263 15140 5000 8192 0 1000000000
24 142 1240 5000 8192 0 1000000000
174 3 8604 5000 8192 0 1000000000
161 9 7976 5000 8192 0 1000000000
65 48 3299 5000 8192 0 1000000000
131 67 6497 5000 8192 0 1000000000
13 95 602 5000 8192 0 1000000000
21 140 1025 5000 8192 0 1000000000
158 78 7725 5000 8192 0 1000000000
240 23 12188 5000 8192 0 1000000000
31 313 1589 5000 8192 0 1000000000
4 44 207 5000 8192 0 1000000000
195 241 9662 5000 8192 0 1000000000
284 92 14424 5000 8192 0 1000000000
51 91 2465 5000 8192 0 1000000000
223 34 11277 5000 8192 0 1000000000
80 249 4046 5000 8192 0 1000000000
44 13 2122 5000 8192 0 1000000000
185 151 9080 5000 8192 0 1000000000
81 36 4107 5000 8192 0 1000000000
101 235 4910 5000 8192 0 1000000000
186 199 9152 5000 8192 0 1000000000
64 141 3195 5000 8192 0 1000000000
56 151 2740 5000 8192 0 1000000000
95 287 4687 5000 8192 0 1000000000
59 81 2886 5000 8192 0 1000000000
262 236 13325 5000 8192 0 1000000000
214 317 10706 5000 8192 0 1000000000
205 214 10146 5000 8192 0 1000000000
312 154 16007 5000 8192 0 1000000000
73 230 3723 5000 8192 0 1000000000
69 302 3517 5000 8192 0 1000000000
233 217 11760 5000 8192 0 1000000000
303 255 15461 5000 8192 0 1000000000
121 315 5923 5000 8192 0 1000000000
304 91 15556 5000 8192 0 1000000000
159 197 7790 5000 8192 0 1000000000
3 78 159 5000 8192 0 1000000000
285 253 14508 5000 8192 0 1000000000
149 251 7363 5000 8192 0 1000000000
216 68 10843 5000 8192 0 1000000000
54 238 2587 5000 8192 0 1000000000
152 79 7515 5000 8192 0 1000000000
176 159 8697 5000 8192 0 1000000000
66 268 3342 5000 8192 0 1000000000
196 233 9758 5000 8192 0 1000000000
208 156 10276 5000 8192 0 1000000000
292 278 14934 5000 8192 0 1000000000
91 222 4558 5000 8192 0 1000000000
233 99 11787 5000 8192 0 1000000000
259 205 13078 5000 8192 0 1000000000
160 292 7900 5000 8192 0 1000000000
285 302 14503 5000 8192 0 1000000000
306 34 15655 5000 8192 0 1000000000
217 54 10881 5000 8192 0 1000000000
241 315 12282 5000 8192 0 1000000000
16 210 797 5000 8192 0 1000000000
79 41 3995 5000 8192 0 1000000000
116 240 5668 5000 8192 0 1000000000
109 137 5187 5000 8192 0 1000000000
223 182 11246 5000 8192 0 1000000000
307 35 15726 5000 8192 0 1000000000
289 270 14768 5000 8192 0 1000000000
319 215 16316 5000 8192 0 1000000000
119 272 5861 5000 8192 0 1000000000
280 221 14257 5000 8192 0 1000000000
13 10 595 5000 8192 0 1000000000
2 80 128 5000 8192 0 1000000000
269 125 13707 5000 8192 0 1000000000
276 242 13971 5000 8192 0 1000000000
270 109 13733 5000 8192 0 1000000000
55 109 2666 5000 8192 0 1000000000
39 69 1817 5000 8192 0 1000000000
42 47 2010 5000 8192 0 1000000000
169 238 8420 5000 8192 0 1000000000
217 259 10889 5000 8192 0 1000000000
136 306 6681 5000 8192 0 1000000000
147 13 7275 5000 8192 0 1000000000
114 308 5552 5000 8192 0 1000000000
148 208 7277 5000 8192 0 1000000000
209 62 10362 5000 8192 0 1000000000
224 79 11333 5000 8192 0 1000000000
113 251 5449 5000 8192 0 1000000000
123 222 5973 5000 8192 0 1000000000
261 153 13230 5000 8192 0 1000000000
220 107 11048 5000 8192 0 1000000000
117 269 5690 5000 8192 0 1000000000
220 225 11078 5000 8192 0 1000000000
144 250 7128 5000 8192 0 1000000000
45 58 2181 5000 8192 0 1000000000
119 100 5843 5000 8192 0 1000000000
313 196 16017 5000 8192 0 1000000000
195 142 9681 5000 8192 0 1000000000
287 204 14656 5000 8192 0 1000000000
50 76 2379 5000 8192 0 1000000000
143 119 7074 5000 8192 0 1000000000
21 279 1062 5000 8192 0 1000000000
150 257 7431 5000 8192 0 1000000000
4 46 222 5000 8192 0 1000000000
123 92 5975 5000 8192 0 1000000000
83 202 4260 5000 8192 0 1000000000
156 294 7710 5000 8192 0 1000000000
143 74 7028 5000 8192 0 1000000000
245 159 12505 5000 8192 0 1000000000
193 113 9528 5000 8192 0 1000000000
188 299 9286 5000 8192 0 1000000000
267 66 13524 5000 8192 0 1000000000
4 225 193 5000 8192 0 1000000000
150 192 7443 5000 8192 0 1000000000
91 253 4564 5000 8192 0 1000000000
83 37 4236 5000 8192 0 1000000000
43 296 2049 5000 8192 0 1000000000
292 64 14979 5000 8192 0 1000000000
51 231 2480 5000 8192 0 1000000000
246 94 12586 5000 8192 0 1000000000
260 218 13166 5000 8192 0 1000000000
307 86 15714 5000 8192 0 1000000000
292 188 14969 5000 8192 0 1000000000
17 275 847 5000 8192 0 1000000000
59 82 2927 5000 8192 0 1000000000
134 12 6556 5000 8192 0 1000000000
319 95 16292 5000 8192 0 1000000000
63 184 3169 5000 8192 0 1000000000
148 298 7285 5000 8192 0 1000000000
260 101 13188 5000 8192 0 1000000000
18 315 924 5000 8192 0 1000000000
235 187 11880 5000 8192 0 1000000000
163 174 8089 5000 8192 0 1000000000
229 123 11512 5000 8192 0 1000000000
286 307 14588 5000 8192 0 1000000000
36 165 1765 5000 8192 0 1000000000
204 150 10087 5000 8192 0 1000000000
0 183 35 5000 8192 0 1000000000
209 150 10350 5000 8192 0 1000000000
70 67 3617 5000 8192 0 1000000000
125 170 6066 5000 8192 0 1000000000
302 243 15438 5000 8192 0 1000000000
24 235 1263 5000 8192 0 1000000000
284 126 14472 5000 8192 0 1000000000
81 285 4134 5000 8192 0 1000000000
214 31 10684 5000 8192 0 1000000000
85 264 4406 5000 8192 0 1000000000
285 147 14504 5000 8192 0 1000000000
252 257 12863 5000 8192 0 1000000000
304 191 15561 5000 8192 0 1000000000
55 80 2683 5000 8192 0 1000000000
27 298 1297 5000 8192 0 1000000000
225 309 11405 5000 8192 0 1000000000
149 266 7403 5000 8192 0 1000000000
138 295 6768 5000 8192 0 1000000000
162 261 8013 5000 8192 0 1000000000
156 145 7684 5000 8192 0 1000000000
179 296 8838 5000 8192 0 1000000000
35 177 1677 5000 8192 0 1000000000
12 220 522 5000 8192 0 1000000000
59 286 2888 5000 8192 0 1000000000
181 96 8926 5000 8192 0 1000000000
271 123 13794 5000 8192 0 1000000000
80 39 4032 5000 8192 0 1000000000
242 171 12323 5000 8192 0 1000000000
309 264 15881 5000 8192 0 1000000000
108 146 5136 5000 8192 0 1000000000
70 298 3616 5000 8192 0 1000000000
90 217 4480 5000 8192 0 1000000000
143 53 7081 5000 8192 0 1000000000
190 281 9442 5000 8192 0 1000000000
185 214 9078 5000 8192 0 1000000000
17 306 856 5000 8192 0 1000000000
197 204 9763 5000 8192 0 1000000000
285 289 14526 5000 8192 0 1000000000
234 144 11806 5000 8192 0 1000000000
174 127 8599 5000 8192 0 1000000000
289 70 14743 5000 8192 0 1000000000
183 100 8993 5000 8192 0 1000000000
248 235 12749 5000 8192 0 1000000000
138 279 6800 5000 8192 0 1000000000
76 304 3840 5000 8192 0 1000000000
225 60 11384 5000 8192 0 1000000000
110 223 5262 5000 8192 0 1000000000
234 256 11802 5000 8192 0 1000000000
293 317 15042 5000 8192 0 1000000000
284 279 14419 5000 8192 0 1000000000
277 161 14056 5000 8192 0 1000000000
12 70 570 5000 8192 0 1000000000
54 290 2567 5000 8192 0 1000000000
262 221 13298 5000 8192 0 1000000000
261 159 13250 5000 8192 0 1000000000
214 14 10675 5000 8192 0 1000000000
282 148 14374 5000 8192 0 1000000000
150 241 7459 5000 8192 0 1000000000
297 248 15227 5000 8192 0 1000000000
126 81 6132 5000 8192 0 1000000000
124 149 6026 5000 8192 0 1000000000
276 178 14028 5000 8192 0 1000000000
234 198 11834 5000 8192 0 1000000000
205 151 10166 5000 8192 0 1000000000
14 193 649 5000 8192 0 1000000000
163 211 8080 5000 8192 0 1000000000
208 145 10293 5000 8192 0 1000000000
216 141 10838 5000 8192 0 1000000000
45 318 2183 5000 8192 0 1000000000
217 102 10906 5000 8192 0 1000000000
51 4 2489 5000 8192 0 1000000000
95 249 4700 5000 8192 0 1000000000
236 94 11953 5000 8192 0 1000000000
224 220 11354 5000 8192 0 1000000000
37 11 16435 5000 16777216 1 1000000000
112 230 5403 5000 8192 0 1000000000
30 81 1526 5000 8192 0 1000000000
20 184 996 5000 8192 0 1000000000
312 166 16010 5000 8192 0 1000000000
196 13 9744 5000 8192 0 1000000000
264 54 13368 5000 8192 0 1000000000
184 137 9011 5000 8192 0 1000000000
292 304 14938 5000 8192 0 1000000000
115 297 5566 5000 8192 0 1000000000
153 198 7558 5000 8192 0 1000000000
230 267 11592 5000 8192 0 1000000000
144 48 7133 5000 8192 0 1000000000
230 238 11610 5000 8192 0 1000000000
282 253 14399 5000 8192 0 1000000000
172 265 8449 5000 8192 0 1000000000
282 283 14371 5000 8192 0 1000000000
243 74 12403 5000 8192 0 1000000000
204 116 10137 5000 8192 0 1000000000
131 218 6464 5000 8192 0 1000000000
90 27 4525 5000 8192 0 1000000000
68 100 3477 5000 8192 0 1000000000
226 78 11476 5000 8192 0 1000000000
149 270 7340 5000 8192 0 1000000000
208 172 10285 5000 8192 0 1000000000
119 118 5811 5000 8192 0 1000000000
183 221 8995 5000 8192 0 1000000000
222 299 11168 5000 8192 0 1000000000
254 283 12890 5000 8192 0 1000000000
7 157 335 5000 8192 0 1000000000
189 88 9366 5000 8192 0 1000000000
28 190 1359 5000 8192 0 1000000000
73 288 3750 5000 8192 0 1000000000
97 34 4737 5000 8192 0 1000000000
277 224 14058 5000 8192 0 1000000000
207 166 16337 5000 16777216 1 1000000000
79 182 3962 5000 8192 0 1000000000
152 142 7489 5000 8192 0 1000000000
302 208 15435 5000 8192 0 1000000000
81 238 4103 5000 8192 0 1000000000
295 35 15077 5000 8192 0 1000000000
279 88 14174 5000 8192 0 1000000000
212 108 10558 5000 8192 0 1000000000
124 213 6058 5000 8192 0 1000000000
168 111 8357 5000 8192 0 1000000000
248 11 12711 5000 8192 0 1000000000
247 248 12684 5000 8192 0 1000000000
179 98 8839 5000 8192 0 1000000000
312 13 15988 5000 8192 0 1000000000
173 32 8523 5000 8192 0 1000000000
270 233 13745 5000 8192 0 1000000000
59 257 2889 5000 8192 0 1000000000
248 210 12741 5000 8192 0 1000000000
148 306 7301 5000 8192 0 1000000000
189 141 9322 5000 8192 0 1000000000
129 72 6353 5000 8192 0 1000000000
242 199 12373 5000 8192 0 1000000000
35 137 1690 5000 8192 0 1000000000
292 160 14942 5000 8192 0 1000000000
308 177 15773 5000 8192 0 1000000000
203 36 10070 5000 8192 0 1000000000
76 273 3834 5000 8192 0 1000000000
267 151 13551 5000 8192 0 1000000000
282 101 14413 5000 8192 0 1000000000
300 313 15370 5000 8192 0 1000000000
246 65 12571 5000 8192 0 1000000000
134 42 6530 5000 8192 0 1000000000
230 131 11553 5000 8192 0 1000000000
226 134 11477 5000 8192 0 1000000000
201 69 9950 5000 8192 0 1000000000
204 209 10088 5000 8192 0 1000000000
296 190 15134 5000 8192 0 1000000000
279 255 14183 5000 8192 0 1000000000
186 114 9127 5000 8192 0 1000000000
115 157 5597 5000 8192 0 1000000000
55 235 2661 5000 8192 0 1000000000
216 127 10814 5000 8192 0 1000000000
115 153 5608 5000 8192 0 1000000000
32 294 1614 5000 8192 0 1000000000
159 9 7820 5000 8192 0 1000000000
254 252 12930 5000 8192 0 1000000000
295 17 15066 5000 8192 0 1000000000
60 144 2995 5000 8192 0 1000000000
206 92 10245 5000 8192 0 1000000000
225 92 11377 5000 8192 0 1000000000
66 119 3371 5000 8192 0 1000000000
239 178 12156 5000 8192 0 1000000000
78 126 3907 5000 8192 0 1000000000
148 48 7286 5000 8192 0 1000000000
304 88 15512 5000 8192 0 1000000000
265 88 13436 5000 8192 0 1000000000
173 35 8550 5000 8192 0 1000000000
216 257 10793 5000 8192 0 1000000000
99 227 16450 5000 16777216 1 1000000000
17 72 832 5000 8192 0 1000000000
39 85 1808 5000 8192 0 1000000000
179 248 8843 5000 8192 0 1000000000
67 78 3398 5000 8192 0 1000000000
246 202 12569 5000 8192 0 1000000000
149 258 7381 5000 8192 0 1000000000
306 3 15633 5000 8192 0 1000000000
50 212 2381 5000 8192 0 1000000000
117 76 5691 5000 8192 0 1000000000
260 33 13201 5000 8192 0 1000000000
39 128 1826 5000 8192 0 1000000000
7 18 328 5000 8192 0 1000000000
81 275 4123 5000 8192 0 1000000000
45 47 2213 5000 8192 0 1000000000
169 112 8396 5000 8192 0 1000000000
291 39 14903 5000 8192 0 1000000000
262 180 13319 5000 8192 0 1000000000
6 52 320 5000 8192 0 1000000000
54 33 2581 5000 8192 0 1000000000
143 10 7057 5000 8192 0 1000000000
51 227 2453 5000 8192 0 1000000000
197 158 9816 5000 8192 0 1000000000
17 18 853 5000 8192 0 1000000000
64 10 3216 5000 8192 0 1000000000
81 319 4121 5000 8192 0 1000000000
65 182 3313 5000 8192 0 1000000000
129 178 6357 5000 8192 0 1000000000
54 60 2614 5000 8192 0 1000000000
209 159 10344 5000 8192 0 1000000000
212 132 10573 5000 8192 0 1000000000
229 29 11524 5000 8192 0 1000000000
64 88 3225 5000 8192 0 1000000000
204 106 10102 5000 8192 0 1000000000
318 264 16252 5000 8192 0 1000000000
0 272 32 5000 8192 0 1000000000
140 74 6889 5000 8192 0 1000000000
203 35 10044 5000 8192 0 1000000000
196 53 9754 5000 8192 0 1000000000
176 12 8733 5000 8192 0 1000000000
111 52 5330 5000 8192 0 1000000000
32 72 1650 5000 8192 0 1000000000
209 73 10394 5000 8192 0 1000000000
178 153 8752 5000 8192 0 1000000000
262 146 13271 5000 8192 0 1000000000
36 243 1751 5000 8192 0 1000000000
75 220 3813 5000 8192 0 1000000000
129 68 6331 5000 8192 0 1000000000
194 14 9622 5000 8192 0 1000000000
130 180 6425 5000 8192 0 1000000000
249 138 12768 5000 8192 0 1000000000
84 146 4290 5000 8192 0 1000000000
232 116 11688 5000 8192 0 1000000000
51 182 2475 5000 8192 0 1000000000
52 59 2500 5000 8192 0 1000000000
76 291 3862 5000 8192 0 1000000000
81 142 4141 5000 8192 0 1000000000
126 296 6166 5000 8192 0 1000000000
224 311 11315 5000 8192 0 1000000000
319 104 16288 5000 8192 0 1000000000
173 89 8547 5000 8192 0 1000000000
97 36 4781 5000 8192 0 1000000000
137 280 6717 5000 8192 0 1000000000
302 205 15406 5000 8192 0 1000000000
110 130 5240 5000 8192 0 1000000000
36 66 1757 5000 8192 0 1000000000
147 80 7251 5000 8192 0 1000000000
163 302 8046 5000 8192 0 1000000000
28 261 1367 5000 8192 0 1000000000
162 138 7989 5000 8192 0 1000000000
286 302 14547 5000 8192 0 1000000000
101 172 4912 5000 8192 0 1000000000
145 268 7207 5000 8192 0 1000000000
115 137 5598 5000 8192 0 1000000000
181 202 8878 5000 8192 0 1000000000
9 73 484 5000 8192 0 1000000000
288 85 14726 5000 8192 0 1000000000
108 42 5112 5000 8192 0 1000000000
147 121 7237 5000 8192 0 1000000000
306 140 15681 5000 8192 0 1000000000
124 238 6004 5000 8192 0 1000000000
76 179 3857 5000 8192 0 1000000000
181 18 8910 5000 8192 0 1000000000
102 49 4980 5000 8192 0 1000000000
270 280 13749 5000 8192 0 1000000000
225 291 11396 5000 8192 0 1000000000
69 295 3525 5000 8192 0 1000000000
196 71 9732 5000 8192 0 1000000000
234 293 11826 5000 8192 0 1000000000
302 195 15394 5000 8192 0 1000000000
259 212 13091 5000 8192 0 1000000000
144 88 7140 5000 8192 0 1000000000
35 163 1717 5000 8192 0 1000000000
63 142 3185 5000 8192 0 1000000000
249 15 12821 5000 8192 0 1000000000
189 47 9362 5000 8192 0 1000000000
92 137 4657 5000 8192 0 1000000000
63 102 3175 5000 8192 0 1000000000
8 232 414 5000 8192 0 1000000000
313 218 16042 5000 8192 0 1000000000
145 77 7192 5000 8192 0 1000000000
156 298 7695 5000 8192 0 1000000000
196 152 9736 5000 8192 0 1000000000
229 268 11542 5000 8192 0 1000000000
277 293 14093 5000 8192 0 1000000000
140 196 6856 5000 8192 0 1000000000
304 22 15504 5000 8192 0 1000000000
158 301 7728 5000 8192 0 1000000000
130 113 6388 5000 8192 0 1000000000
248 264 12739 5000 8192 0 1000000000
189 247 9364 5000 8192 0 1000000000
235 256 11887 5000 8192 0 1000000000
47 216 2242 5000 8192 0 1000000000
254 33 12901 5000 8192 0 1000000000
230 225 11589 5000 8192 0 1000000000
16 130 796 5000 8192 0 1000000000
41 24 1940 5000 8192 0 1000000000
224 223 11302 5000 8192 0 1000000000
142 241 6966 5000 8192 0 1000000000
2 293 75 5000 8192 0 1000000000
211 16 10466 5000 8192 0 1000000000
226 234 11444 5000 8192 0 1000000000
219 15 10985 5000 8192 0 1000000000
195 12 9671 5000 8192 0 1000000000
291 12 14908 5000 8192 0 1000000000
42 0 2009 5000 8192 0 1000000000
128 316 6309 5000 8192 0 1000000000
295 48 15079 5000 8192 0 1000000000
216 307 10823 5000 8192 0 1000000000
21 24 1074 5000 8192 0 1000000000
279 69 14181 5000 8192 0 1000000000
285 133 14535 5000 8192 0 1000000000
60 262 2972 5000 8192 0 1000000000
229 88 11517 5000 8192 0 1000000000
192 275 16437 5000 16777216 1 1000000000
22 4 1127 5000 8192 0 1000000000
268 189 13590 5000 8192 0 1000000000
242 52 12357 5000 8192 0 1000000000
246 272 12618 5000 8192 0 1000000000
319 83 16283 5000 8192 0 1000000000
8 308 438 5000 8192 0 1000000000
174 294 8566 5000 8192 0 1000000000
185 183 9106 5000 8192 0 1000000000
281 274 14326 5000 8192 0 1000000000
30 50 1503 5000 8192 0 1000000000
302 141 15388 5000 8192 0 1000000000
35 277 1674 5000 8192 0 1000000000
244 306 12444 5000 8192 0 1000000000
4 197 216 5000 8192 0 1000000000
66 224 3344 5000 8192 0 1000000000
42 284 2019 5000 8192 0 1000000000
158 109 7742 5000 8192 0 1000000000
302 178 15403 5000 8192 0 1000000000
242 150 12314 5000 8192 0 1000000000
281 31 14338 5000 8192 0 1000000000
0 279 24 5000 8192 0 1000000000
278 200 14107 5000 8192 0 1000000000
81 173 4092 5000 8192 0 1000000000
204 7 10141 5000 8192 0 1000000000
190 217 9441 5000 8192 0 1000000000
186 56 9162 5000 8192 0 1000000000
84 34 4327 5000 8192 0 1000000000
45 311 2208 5000 8192 0 1000000000
117 225 5737 5000 8192 0 1000000000
244 116 12452 5000 8192 0 1000000000
126 149 6130 5000 8192 0 1000000000
125 268 6118 5000 8192 0 1000000000
41 256 1979 5000 8192 0 1000000000
54 151 2574 5000 8192 0 1000000000
290 219 14835 5000 8192 0 1000000000
30 106 1496 5000 8192 0 1000000000
276 193 13990 5000 8192 0 1000000000
176 87 8742 5000 8192 0 1000000000
305 80 15571 5000 8192 0 1000000000
109 39 5191 5000 8192 0 1000000000
230 18 11599 5000 8192 0 1000000000
262 30 13274 5000 8192 0 1000000000
63 89 3149 5000 8192 0 1000000000
296 234 15133 5000 8192 0 1000000000
20 95 984 5000 8192 0 1000000000
164 36 8131 5000 8192 0 1000000000
316 139 16179 5000 8192 0 1000000000
247 184 12685 5000 8192 0 1000000000
225 97 11358 5000 8192 0 1000000000
118 77 5802 5000 8192 0 1000000000
50 1 2402 5000 8192 0 1000000000
101 250 4885 5000 8192 0 1000000000
279 270 14205 5000 8192 0 1000000000
66 129 3338 5000 8192 0 1000000000
125 10 6073 5000 8192 0 1000000000
265 27 13432 5000 8192 0 1000000000
188 96 9311 5000 8192 0 1000000000
184 249 9032 5000 8192 0 1000000000
197 152 9791 5000 8192 0 1000000000
8 300 402 5000 8192 0 1000000000
270 49 13755 5000 8192 0 1000000000
145 97 7201 5000 8192 0 1000000000
147 45 7227 5000 8192 0 1000000000
304 136 15533 5000 8192 0 1000000000
231 227 11663 5000 8192 0 1000000000
79 249 3996 5000 8192 0 1000000000
270 235 13759 5000 8192 0 1000000000
237 88 12051 5000 8192 0 1000000000
242 174 12336 5000 8192 0 1000000000
57 77 2778 5000 8192 0 1000000000
71 245 3654 5000 8192 0 1000000000
206 40 10244 5000 8192 0 1000000000
60 206 2999 5000 8192 0 1000000000
260 228 13172 5000 8192 0 1000000000
76 288 3843 5000 8192 0 1000000000
266 148 13468 5000 8192 0 1000000000
173 219 8491 5000 8192 0 1000000000
262 158 13270 5000 8192 0 1000000000
202 98 9963 5000 8192 0 1000000000
156 161 7717 5000 8192 0 1000000000
218 53 10953 5000 8192 0 1000000000
169 97 8382 5000 8192 0 1000000000
240 312 12215 5000 8192 0 1000000000
69 225 3569 5000 8192 0 1000000000
52 215 2494 5000 8192 0 1000000000
313 238 16027 5000 8192 0 1000000000
0 246 41 5000 8192 0 1000000000
318 255 16205 5000 8192 0 1000000000
252 223 12828 5000 8192 0 1000000000
80 307 4054 5000 8192 0 1000000000
113 304 5450 5000 8192 0 1000000000
136 308 6678 5000 8192 0 1000000000
264 24 13342 5000 8192 0 1000000000
104 153 5035 5000 8192 0 1000000000
197 92 9773 5000 8192 0 1000000000
31 241 1587 5000 8192 0 1000000000
126 258 6150 5000 8192 0 1000000000
42 169 2039 5000 8192 0 1000000000
307 47 15695 5000 8192 0 1000000000
308 263 15771 5000 8192 0 1000000000
87 238 4431 5000 8192 0 1000000000
254 149 12889 5000 8192 0 1000000000
43 203 2083 5000 8192 0 1000000000
224 46 11346 5000 8192 0 1000000000
21 49 1054 5000 8192 0 1000000000
243 146 12395 5000 8192 0 1000000000
82 4 4174 5000 8192 0 1000000000
190 137 9384 5000 8192 0 1000000000
222 299 11189 5000 8192 0 1000000000
8 199 407 5000 8192 0 1000000000
2 13 108 5000 8192 0 1000000000
61 253 3052 5000 8192 0 1000000000
167 284 8248 5000 8192 0 1000000000
114 233 5529 5000 8192 0 1000000000
110 306 5270 5000 8192 0 1000000000
92 220 4639 5000 8192 0 1000000000
318 191 16238 5000 8192 0 1000000000
240 10 12249 5000 8192 0 1000000000
15 62 765 5000 8192 0 1000000000
22 285 1135 5000 8192 0 1000000000
281 43 14346 5000 8192 0 1000000000
84 269 4318 5000 8192 0 1000000000
274 81 13964 5000 8192 0 1000000000
42 280 2000 5000 8192 0 1000000000
41 192 1971 5000 8192 0 1000000000
214 105 10668 5000 8192 0 1000000000
126 76 6181 5000 8192 0 1000000000
7 226 374 5000 8192 0 1000000000
28 83 1351 5000 8192 0 1000000000
62 5 3069 5000 8192 0 1000000000
316 212 16166 5000 8192 0 1000000000
21 148 1052 5000 8192 0 1000000000
47 67 2280 5000 8192 0 1000000000
221 120 11115 5000 8192 0 1000000000
18 251 902 5000 8192 0 1000000000
108 300 5130 5000 8192 0 1000000000
279 297 14173 5000 8192 0 1000000000
70 172 3582 5000 8192 0 1000000000
136 5 6696 5000 8192 0 1000000000
41 267 1978 5000 8192 0 1000000000
302 247 15411 5000 8192 0 1000000000
82 295 4170 5000 8192 0 1000000000
223 120 11290 5000 8192 0 1000000000
22 33 1107 5000 8192 0 1000000000
51 116 2472 5000 8192 0 1000000000
141 209 6949 5000 8192 0 1000000000
159 152 7828 5000 8192 0 1000000000
291 276 14915 5000 8192 0 1000000000
268 296 13622 5000 8192 0 1000000000
145 222 7176 5000 8192 0 1000000000
114 38 5548 5000 8192 0 1000000000
143 276 7075 5000 8192 0 1000000000
214 216 10674 5000 8192 0 1000000000
123 116 5949 5000 8192 0 1000000000
138 89 6802 5000 8192 0 1000000000
159 182 7785 5000 8192 0 1000000000
55 28 2624 5000 8192 0 1000000000
90 217 4494 5000 8192 0 1000000000
236 6 11941 5000 8192 0 1000000000
39 91 1832 5000 8192 0 1000000000
207 146 16374 5000 16777216 1 1000000000
59 159 2912 5000 8192 0 1000000000
129 135 6362 5000 8192 0 1000000000
39 108 1799 5000 8192 0 1000000000
172 89 8469 5000 8192 0 1000000000
309 227 15866 5000 8192 0 1000000000
221 34 11148 5000 8192 0 1000000000
159 319 7823 5000 8192 0 1000000000
241 213 12252 5000 8192 0 1000000000
28 159 1398 5000 8192 0 1000000000
216 209 10816 5000 8192 0 1000000000
218 274 10966 5000 8192 0 1000000000
66 47 3368 5000 8192 0 1000000000
237 191 12015 5000 8192 0 1000000000
243 237 12421 5000 8192 0 1000000000
50 24 2392 5000 8192 0 1000000000
302 32 15401 5000 8192 0 1000000000
47 298 2254 5000 8192 0 1000000000
82 207 4204 5000 8192 0 1000000000
125 90 6113 5000 8192 0 1000000000
90 138 4517 5000 8192 0 1000000000
70 248 3592 5000 8192 0 1000000000
44 306 2164 5000 8192 0 1000000000
79 41 4021 5000 8192 0 1000000000
297 195 15215 5000 8192 0 1000000000
195 73 9657 5000 8192 0 1000000000
169 254 8402 5000 8192 0 1000000000
224 134 11321 5000 8192 0 1000000000
267 13 13543 5000 8192 0 1000000000
57 65 2765 5000 8192 0 1000000000
313 36 16069 5000 8192 0 1000000000
183 252 8944 5000 8192 0 1000000000
162 95 8009 5000 8192 0 1000000000
253 263 16441 5000 16777216 1 1000000000
319 306 16319 5000 8192 0 1000000000
23 177 1182 5000 8192 0 1000000000
137 319 6763 5000 8192 0 1000000000
271 286 13814 5000 8192 0 1000000000
152 54 7521 5000 8192 0 1000000000
55 138 2631 5000 8192 0 1000000000
10 105 16423 5000 16777216 1 1000000000
92 274 4634 5000 8192 0 1000000000
261 231 13242 5000 8192 0 1000000000
4 145 242 5000 8192 0 1000000000
261 18 13208 5000 8192 0 1000000000
168 12 8338 5000 8192 0 1000000000
16 8 818 5000 8192 0 1000000000
67 57 3439 5000 8192 0 1000000000
117 64 5730 5000 8192 0 1000000000
31 219 1545 5000 8192 0 1000000000
235 145 11910 5000 8192 0 1000000000
57 208 2787 5000 8192 0 1000000000
277 204 14072 5000 8192 0 1000000000
7 122 353 5000 8192 0 1000000000
290 72 14829 5000 8192 0 1000000000
97 197 4783 5000 8192 0 1000000000
29 195 1432 5000 8192 0 1000000000
27 156 1308 5000 8192 0 1000000000
302 36 15383 5000 8192 0 1000000000
307 315 15740 5000 8192 0 1000000000
312 14 15955 5000 8192 0 1000000000
135 128 6598 5000 8192 0 1000000000
125 14 6092 5000 8192 0 1000000000
293 287 15049 5000 8192 0 1000000000
242 84 12358 5000 8192 0 1000000000
221 216 11124 5000 8192 0 1000000000
61 284 3031 5000 8192 0 1000000000
198 142 9841 5000 8192 0 1000000000
203 97 10030 5000 8192 0 1000000000
232 200 11682 5000 8192 0 1000000000
179 195 8837 5000 8192 0 1000000000
17 207 844 5000 8192 0 1000000000
65 132 3264 5000 8192 0 1000000000
267 47 13534 5000 8192 0 1000000000
9 299 476 5000 8192 0 1000000000
141 257 6910 5000 8192 0 1000000000
222 219 11220 5000 8192 0 1000000000
41 290 1924 5000 8192 0 1000000000
267 25 13538 5000 8192 0 1000000000
249 129 12808 5000 8192 0 1000000000
62 134 3112 5000 8192 0 1000000000
62 160 3094 5000 8192 0 1000000000
56 201 2719 5000 8192 0 1000000000
312 167 15986 5000 8192 0 1000000000
271 65 13838 5000 8192 0 1000000000
42 29 2013 5000 8192 0 1000000000
216 37 10821 5000 8192 0 1000000000
318 263 16264 5000 8192 0 1000000000
178 228 8773 5000 8192 0 1000000000
282 235 14387 5000 8192 0 1000000000
202 164 9995 5000 8192 0 1000000000
293 221 15018 5000 8192 0 1000000000
308 278 15811 5000 8192 0 1000000000
212 240 10588 5000 8192 0 1000000000
118 103 5783 5000 8192 0 1000000000
209 210 10335 5000 8192 0 1000000000
50 238 2401 5000 8192 0 1000000000
32 129 1655 5000 8192 0 1000000000
135 241 6599 5000 8192 0 1000000000
236 8 11965 5000 8192 0 1000000000
249 104 12769 5000 8192 0 1000000000
90 22 4513 5000 8192 0 1000000000
201 299 9937 5000 8192 0 1000000000
235 91 11918 5000 8192 0 1000000000
50 279 2418 5000 8192 0 1000000000
83 113 4263 5000 8192 0 1000000000
254 169 12891 5000 8192 0 1000000000
137 231 6709 5000 8192 0 1000000000
211 120 10519 5000 8192 0 1000000000
270 283 13772 5000 8192 0 1000000000
308 91 15796 5000 8192 0 1000000000
164 40 8143 5000 8192 0 1000000000
206 188 10266 5000 8192 0 1000000000
76 271 3836 5000 8192 0 1000000000
306 14 15637 5000 8192 0 1000000000
276 88 14022 5000 8192 0 1000000000
167 221 8272 5000 8192 0 1000000000
164 254 8138 5000 8192 0 1000000000
17 9 886 5000 8192 0 1000000000
66 115 3372 5000 8192 0 1000000000
0 225 36 5000 8192 0 1000000000
235 14 11898 5000 8192 0 1000000000
258 255 13067 5000 8192 0 1000000000
79 304 3967 5000 8192 0 1000000000
138 315 6810 5000 8192 0 1000000000
309 107 15873 5000 8192 0 1000000000
216 232 10792 5000 8192 0 1000000000
267 190 13539 5000 8192 0 1000000000
44 263 2154 5000 8192 0 1000000000
222 13 11174 5000 8192 0 1000000000
193 89 9527 5000 8192 0 1000000000
64 127 3219 5000 8192 0 1000000000
185 48 9069 5000 8192 0 1000000000
276 35 13984 5000 8192 0 1000000000
12 89 559 5000 8192 0 1000000000
281 184 14300 5000 8192 0 1000000000
279 53 14178 5000 8192 0 1000000000
213 139 10594 5000 8192 0 1000000000
159 107 7835 5000 8192 0 1000000000
291 202 14888 5000 8192 0 1000000000
124 181 6007 5000 8192 0 1000000000
7 189 331 5000 8192 0 1000000000
211 224 10488 5000 8192 0 1000000000
57 28 2770 5000 8192 0 1000000000
279 26 14221 5000 8192 0 1000000000
316 285 16172 5000 8192 0 1000000000
118 267 5747 5000 8192 0 1000000000
64 65 3245 5000 8192 0 1000000000
3 79 132 5000 8192 0 1000000000
319 304 16327 5000 8192 0 1000000000
12 214 567 5000 8192 0 1000000000
197 107 9821 5000 8192 0 1000000000
50 44 2411 5000 8192 0 1000000000
310 25 15914 5000 8192 0 1000000000
111 216 5361 5000 8192 0 1000000000
101 98 4875 5000 8192 0 1000000000
162 281 8003 5000 8192 0 1000000000
17 271 859 5000 8192 0 1000000000
64 233 3205 5000 8192 0 1000000000
29 93 1415 5000 8192 0 1000000000
119 9 5862 5000 8192 0 1000000000
203 19 10018 5000 8192 0 1000000000
235 147 11886 5000 8192 0 1000000000
41 91 1952 5000 8192 0 1000000000
82 79 4165 5000 8192 0 1000000000
217 36 10863 5000 8192 0 1000000000
194 295 9579 5000 8192 0 1000000000
217 68 10847 5000 8192 0 1000000000
238 286 12109 5000 8192 0 1000000000
20 0 968 5000 8192 0 1000000000
310 169 15932 5000 8192 0 1000000000
163 276 8050 5000 8192 0 1000000000
211 229 10515 5000 8192 0 1000000000
104 268 5027 5000 8192 0 1000000000
221 165 11141 5000 8192 0 1000000000
265 111 13437 5000 8192 0 1000000000
49 212 2303 5000 8192 0 1000000000
150 81 7411 5000 8192 0 1000000000
76 51 3845 5000 8192 0 1000000000
12 138 571 5000 8192 0 1000000000
16 178 769 5000 8192 0 1000000000
193 54 9517 5000 8192 0 1000000000
60 308 2943 5000 8192 0 1000000000
165 304 8172 5000 8192 0 1000000000
135 283 6577 5000 8192 0 1000000000
39 80 1801 5000 8192 0 1000000000
76 89 3878 5000 8192 0 1000000000
220 64 11043 5000 8192 0 1000000000
228 139 16367 5000 16777216 1 1000000000
271 249 13790 5000 8192 0 1000000000
176 239 8715 5000 8192 0 1000000000
66 126 3381 5000 8192 0 1000000000
289 308 14791 5000 8192 0 1000000000
76 316 3882 5000 8192 0 1000000000
76 315 3893 5000 8192 0 1000000000
43 1 2095 5000 8192 0 1000000000
272 39 13874 5000 8192 0 1000000000
138 203 6819 5000 8192 0 1000000000
123 175 5950 5000 8192 0 1000000000
260 50 13164 5000 8192 0 1000000000
244 110 12475 5000 8192 0 1000000000
173 293 8549 5000 8192 0 1000000000
41 58 1950 5000 8192 0 1000000000
211 19 10502 5000 8192 0 1000000000
95 239 4665 5000 8192 0 1000000000
32 83 1651 5000 8192 0 1000000000
296 42 15142 5000 8192 0 1000000000
98 52 4814 5000 8192 0 1000000000
12 174 564 5000 8192 0 1000000000
160 281 7907 5000 8192 0 1000000000
50 77 2376 5000 8192 0 1000000000
233 226 11755 5000 8192 0 1000000000
137 318 6707 5000 8192 0 1000000000
296 223 15152 5000 8192 0 1000000000
197 226 9822 5000 8192 0 1000000000
305 75 15606 5000 8192 0 1000000000
70 119 3609 5000 8192 0 1000000000
44 186 2139 5000 8192 0 1000000000
168 122 8337 5000 8192 0 1000000000
184 69 9055 5000 8192 0 1000000000
202 254 10004 5000 8192 0 1000000000
287 298 14613 5000 8192 0 1000000000
169 290 8395 5000 8192 0 1000000000
110 18 5242 5000 8192 0 1000000000
279 150 14214 5000 8192 0 1000000000
182 100 16467 5000 16777216 1 1000000000
111 82 5332 5000 8192 0 1000000000
141 18 6956 5000 8192 0 1000000000
156 144 7720 5000 8192 0 1000000000
42 230 2006 5000 8192 0 1000000000
205 285 10154 5000 8192 0 1000000000
82 253 4212 5000 8192 0 1000000000
198 5 9853 5000 8192 0 1000000000
274 301 13922 5000 8192 0 1000000000
152 173 7486 5000 8192 0 1000000000
149 286 7397 5000 8192 0 1000000000
58 306 2815 5000 8192 0 1000000000
32 219 1621 5000 8192 0 1000000000
298 210 15291 5000 8192 0 1000000000
224 281 11306 5000 8192 0 1000000000
183 197 8987 5000 8192 0 1000000000
152 115 7467 5000 8192 0 1000000000
316 129 16200 5000 8192 0 1000000000
288 129 14719 5000 8192 0 1000000000
20 287 997 5000 8192 0 1000000000
24 278 1255 5000 8192 0 1000000000
270 148 13728 5000 8192 0 1000000000
129 226 6371 5000 8192 0 1000000000
101 82 4858 5000 8192 0 1000000000
126 48 6185 5000 8192 0 1000000000
179 285 8825 5000 8192 0 1000000000
66 25 3348 5000 8192 0 1000000000
239 253 12124 5000 8192 0 1000000000
129 306 6375 5000 8192 0 1000000000
235 311 11920 5000 8192 0 1000000000
183 231 8984 5000 8192 0 1000000000
261 128 13233 5000 8192 0 1000000000
259 219 13112 5000 8192 0 1000000000
130 38 6408 5000 8192 0 1000000000
81 204 4144 5000 8192 0 1000000000
148 36 7320 5000 8192 0 1000000000
4 34 256 5000 8192 0 1000000000
248 201 12758 5000 8192 0 1000000000
65 64 3285 5000 8192 0 1000000000
316 302 16157 5000 8192 0 1000000000
313 35 16032 5000 8192 0 1000000000
188 190 9256 5000 8192 0 1000000000
308 193 15762 5000 8192 0 1000000000
90 61 4514 5000 8192 0 1000000000
246 104 12601 5000 8192 0 1000000000
285 142 14514 5000 8192 0 1000000000
42 201 1996 5000 8192 0 1000000000
194 264 9592 5000 8192 0 1000000000
28 40 1381 5000 8192 0 1000000000
315 103 16082 5000 8192 0 1000000000
272 85 13864 5000 8192 0 1000000000
23 67 1180 5000 8192 0 1000000000
116 144 5659 5000 8192 0 1000000000
224 227 11294 5000 8192 0 1000000000
211 288 10513 5000 8192 0 1000000000
206 171 10239 5000 8192 0 1000000000
219 36 11035 5000 8192 0 1000000000
306 281 15688 5000 8192 0 1000000000
218 258 10955 5000 8192 0 1000000000
220 213 11052 5000 8192 0 1000000000
4 91 209 5000 8192 0 1000000000
172 290 8472 5000 8192 0 1000000000
169 82 8374 5000 8192 0 1000000000
260 250 13161 5000 8192 0 1000000000
178 95 8756 5000 8192 0 1000000000
21 225 1067 5000 8192 0 1000000000
155 254 7615 5000 8192 0 1000000000
232 257 11703 5000 8192 0 1000000000
98 295 4810 5000 8192 0 1000000000
195 110 9674 5000 8192 0 1000000000
223 198 11267 5000 8192 0 1000000000
303 2 15454 5000 8192 0 1000000000
276 241 14006 5000 8192 0 1000000000
312 267 15978 5000 8192 0 1000000000
2 72 106 5000 8192 0 1000000000
109 10 5188 5000 8192 0 1000000000
292 145 14933 5000 8192 0 1000000000
237 51 11998 5000 8192 0 1000000000
145 195 7189 5000 8192 0 1000000000
40 71 1871 5000 8192 0 1000000000
213 164 10631 5000 8192 0 1000000000
319 225 16324 5000 8192 0 1000000000
183 220 8988 5000 8192 0 1000000000
237 316 12055 5000 8192 0 1000000000
47 233 2252 5000 8192 0 1000000000
130 319 6426 5000 8192 0 1000000000
307 54 15700 5000 8192 0 1000000000
76 284 3846 5000 8192 0 1000000000
173 208 8531 5000 8192 0 1000000000
176 309 8699 5000 8192 0 1000000000
303 22 15470 5000 8192 0 1000000000
222 47 11222 5000 8192 0 1000000000
167 310 8256 5000 8192 0 1000000000
97 232 4784 5000 8192 0 1000000000
7 26 370 5000 8192 0 1000000000
128 23 6302 5000 8192 0 1000000000
208 13 10309 5000 8192 0 1000000000
302 19 15412 5000 8192 0 1000000000
87 186 4447 5000 8192 0 1000000000
155 202 7626 5000 8192 0 1000000000
143 292 7032 5000 8192 0 1000000000
279 210 14177 5000 8192 0 1000000000
237 111 12037 5000 8192 0 1000000000
174 106 8598 5000 8192 0 1000000000
116 104 5651 5000 8192 0 1000000000
266 267 13506 5000 8192 0 1000000000
169 288 8371 5000 8192 0 1000000000
43 304 2058 5000 8192 0 1000000000
206 218 10224 5000 8192 0 1000000000
279 162 14207 5000 8192 0 1000000000
230 109 11575 5000 8192 0 1000000000
64 215 3230 5000 8192 0 1000000000
14 95 651 5000 8192 0 1000000000
67 134 3412 5000 8192 0 1000000000
135 81 6623 5000 8192 0 1000000000
208 216 10312 5000 8192 0 1000000000
67 170 3431 5000 8192 0 1000000000
247 269 12667 5000 8192 0 1000000000
165 315 8207 5000 8192 0 1000000000
295 10 15068 5000 8192 0 1000000000
281 157 14335 5000 8192 0 1000000000
316 318 16163 5000 8192 0 1000000000
212 254 10552 5000 8192 0 1000000000
270 124 13734 5000 8192 0 1000000000
40 294 1862 5000 8192 0 1000000000
255 302 12968 5000 8192 0 1000000000
284 33 14473 5000 8192 0 1000000000
45 59 2184 5000 8192 0 1000000000
81 97 4095 5000 8192 0 1000000000
278 13 14155 5000 8192 0 1000000000
65 253 3260 5000 8192 0 1000000000
18 55 920 5000 8192 0 1000000000
158 314 7766 5000 8192 0 1000000000
173 297 8493 5000 8192 0 1000000000
156 297 7707 5000 8192 0 1000000000
58 252 2859 5000 8192 0 1000000000
217 32 10849 5000 8192 0 1000000000
17 84 831 5000 8192 0 1000000000
137 298 6712 5000 8192 0 1000000000
280 73 14240 5000 8192 0 1000000000
302 290 15429 5000 8192 0 1000000000
237 55 12016 5000 8192 0 1000000000
65 98 3284 5000 8192 0 1000000000
295 109 15115 5000 8192 0 1000000000
155 279 7636 5000 8192 0 1000000000
308 103 15784 5000 8192 0 1000000000
223 197 11288 5000 8192 0 1000000000
190 220 9434 5000 8192 0 1000000000
181 137 8915 5000 8192 0 1000000000
17 107 833 5000 8192 0 1000000000
63 120 3154 5000 8192 0 1000000000
279 42 14211 5000 8192 0 1000000000
243 216 12438 5000 8192 0 1000000000
9 148 452 5000 8192 0 1000000000
289 192 14764 5000 8192 0 1000000000
9 137 462 5000 8192 0 1000000000
110 4 5259 5000 8192 0 1000000000
315 253 16084 5000 8192 0 1000000000
47 301 2271 5000 8192 0 1000000000
110 229 5269 5000 8192 0 1000000000
316 151 16162 5000 8192 0 1000000000
245 104 12519 5000 8192 0 1000000000
60 17 2990 5000 8192 0 1000000000
206 179 10264 5000 8192 0 1000000000
93 106 16400 5000 16777216 1 1000000000
198 237 9843 5000 8192 0 1000000000
75 87 3771 5000 8192 0 1000000000
231 15 11626 5000 8192 0 1000000000
269 19 13680 5000 8192 0 1000000000
114 40 5500 5000 8192 0 1000000000
264 180 13349 5000 8192 0 1000000000
44 195 2124 5000 8192 0 1000000000
119 22 5816 5000 8192 0 1000000000
267 180 13548 5000 8192 0 1000000000
119 184 5822 5000 8192 0 1000000000
268 49 13623 5000 8192 0 1000000000
159 0 7796 5000 8192 0 1000000000
21 95 1066 5000 8192 0 1000000000
279 61 14217 5000 8192 0 1000000000
245 118 12543 5000 8192 0 1000000000
175 26 8631 5000 8192 0 1000000000
235 129 11872 5000 8192 0 1000000000
98 107 4791 5000 8192 0 1000000000
95 12 4672 5000 8192 0 1000000000
130 238 6390 5000 8192 0 1000000000
197 234 9805 5000 8192 0 1000000000
145 105 7191 5000 8192 0 1000000000
7 290 323 5000 8192 0 1000000000
56 117 2723 5000 8192 0 1000000000
63 154 3163 5000 8192 0 1000000000
244 257 12459 5000 8192 0 1000000000
194 142 9604 5000 8192 0 1000000000
20 264 1014 5000 8192 0 1000000000
86 25 16345 5000 16777216 1 1000000000
229 193 11530 5000 8192 0 1000000000
292 6 14983 5000 8192 0 1000000000
303 172 15485 5000 8192 0 1000000000
295 224 15098 5000 8192 0 1000000000
175 23 8616 5000 8192 0 1000000000
300 291 15369 5000 8192 0 1000000000
191 195 9505 5000 8192 0 1000000000
181 311 8876 5000 8192 0 1000000000
316 37 16191 5000 8192 0 1000000000
234 252 11836 5000 8192 0 1000000000
243 234 12411 5000 8192 0 1000000000
172 156 8445 5000 8192 0 1000000000
127 230 6211 5000 8192 0 1000000000
313 31 16057 5000 8192 0 1000000000
178 227 8786 5000 8192 0 1000000000
165 17 8213 5000 8192 0 1000000000
42 297 1990 5000 8192 0 1000000000
90 141 4516 5000 8192 0 1000000000
306 269 15666 5000 8192 0 1000000000
237 262 12000 5000 8192 0 1000000000
189 46 9341 5000 8192 0 1000000000
114 312 5551 5000 8192 0 1000000000
98 183 4806 5000 8192 0 1000000000
209 228 10384 5000 8192 0 1000000000
304 6 15534 5000 8192 0 1000000000
145 194 7212 5000 8192 0 1000000000
162 92 8029 5000 8192 0 1000000000
258 20 13020 5000 8192 0 1000000000
158 23 7761 5000 8192 0 1000000000
276 17 13992 5000 8192 0 1000000000
179 218 8828 5000 8192 0 1000000000
87 170 4444 5000 8192 0 1000000000
23 293 1200 5000 8192 0 1000000000
107 138 5062 5000 8192 0 1000000000
302 61 15417 5000 8192 0 1000000000
131 278 6496 5000 8192 0 1000000000
75 29 3795 5000 8192 0 1000000000
220 113 11076 5000 8192 0 1000000000
124 279 6039 5000 8192 0 1000000000
206 91 10231 5000 8192 0 1000000000
49 117 2307 5000 8192 0 1000000000
126 242 6162 5000 8192 0 1000000000
51 82 2487 5000 8192 0 1000000000
144 52 7123 5000 8192 0 1000000000
16 61 799 5000 8192 0 1000000000
104 254 5015 5000 8192 0 1000000000
70 196 3608 5000 8192 0 1000000000
181 50 8883 5000 8192 0 1000000000
296 41 15151 5000 8192 0 1000000000
13 255 600 5000 8192 0 1000000000
300 23 15324 5000 8192 0 1000000000
153 123 7553 5000 8192 0 1000000000
238 74 12117 5000 8192 0 1000000000
203 22 10024 5000 8192 0 1000000000
288 58 14687 5000 8192 0 1000000000
309 302 15880 5000 8192 0 1000000000
204 120 10096 5000 8192 0 1000000000
211 86 10484 5000 8192 0 1000000000
64 274 3228 5000 8192 0 1000000000
58 133 2857 5000 8192 0 1000000000
50 193 2387 5000 8192 0 1000000000
175 6 8623 5000 8192 0 1000000000
161 285 7916 5000 8192 0 1000000000
114 279 5514 5000 8192 0 1000000000
63 179 3165 5000 8192 0 1000000000
61 60 3053 5000 8192 0 1000000000
29 106 1446 5000 8192 0 1000000000
12 106 542 5000 8192 0 1000000000
267 156 13533 5000 8192 0 1000000000
124 251 6049 5000 8192 0 1000000000
239 72 12147 5000 8192 0 1000000000
135 91 6622 5000 8192 0 1000000000
222 275 11213 5000 8192 0 1000000000
81 76 4111 5000 8192 0 1000000000
191 285 9446 5000 8192 0 1000000000
191 187 9450 5000 8192 0 1000000000
296 248 15158 5000 8192 0 1000000000
190 299 9422 5000 8192 0 1000000000
231 233 11621 5000 8192 0 1000000000
42 11 2008 5000 8192 0 1000000000
284 223 14433 5000 8192 0 1000000000
147 264 7264 5000 8192 0 1000000000
136 51 6698 5000 8192 0 1000000000
66 316 3325 5000 8192 0 1000000000
14 98 642 5000 8192 0 1000000000
268 140 13605 5000 8192 0 1000000000
185 301 9101 5000 8192 0 1000000000
49 34 2320 5000 8192 0 1000000000
266 255 13473 5000 8192 0 1000000000
159 249 7792 5000 8192 0 1000000000
300 289 15355 5000 8192 0 1000000000
135 127 6634 5000 8192 0 1000000000
264 71 13385 5000 8192 0 1000000000
188 83 9268 5000 8192 0 1000000000
147 251 7247 5000 8192 0 1000000000
62 275 3110 5000 8192 0 1000000000
265 90 13402 5000 8192 0 1000000000
208 277 10314 5000 8192 0 1000000000
286 18 14572 5000 8192 0 1000000000
160 208 7878 5000 8192 0 1000000000
281 106 14336 5000 8192 0 1000000000
319 217 16289 5000 8192 0 1000000000
220 28 11073 5000 8192 0 1000000000
4 173 200 5000 8192 0 1000000000
291 114 14883 5000 8192 0 1000000000
305 71 15596 5000 8192 0 1000000000
145 48 7197 5000 8192 0 1000000000
135 7 6624 5000 8192 0 1000000000
225 124 11368 5000 8192 0 1000000000
160 312 7855 5000 8192 0 1000000000
291 64 14917 5000 8192 0 1000000000
131 256 6488 5000 8192 0 1000000000
179 8 8849 5000 8192 0 1000000000
75 105 3816 5000 8192 0 1000000000
118 27 5755 5000 8192 0 1000000000
17 295 871 5000 8192 0 1000000000
90 202 4475 5000 8192 0 1000000000
66 182 3363 5000 8192 0 1000000000
161 7 7921 5000 8192 0 1000000000
297 120 15236 5000 8192 0 1000000000
216 129 10839 5000 8192 0 1000000000
266 15 13476 5000 8192 0 1000000000
167 286 8276 5000 8192 0 1000000000
156 176 7713 5000 8192 0 1000000000
167 5 8275 5000 8192 0 1000000000
306 210 15646 5000 8192 0 1000000000
282 201 14381 5000 8192 0 1000000000
169 192 8422 5000 8192 0 1000000000
164 13 8110 5000 8192 0 1000000000
21 270 1038 5000 8192 0 1000000000
284 185 14453 5000 8192 0 1000000000
71 246 3668 5000 8192 0 1000000000
204 166 10109 5000 8192 0 1000000000
196 213 9712 5000 8192 0 1000000000
110 262 5257 5000 8192 0 1000000000
319 108 16312 5000 8192 0 1000000000
108 152 5119 5000 8192 0 1000000000
221 161 11130 5000 8192 0 1000000000
308 18 15763 5000 8192 0 1000000000
159 213 7848 5000 8192 0 1000000000
50 196 2388 5000 8192 0 1000000000
44 96 2136 5000 8192 0 1000000000
55 206 2636 5000 8192 0 1000000000
169 305 8386 5000 8192 0 1000000000
173 276 8502 5000 8192 0 1000000000
291 180 14871 5000 8192 0 1000000000
300 137 15349 5000 8192 0 1000000000
123 142 5986 5000 8192 0 1000000000
159 55 7793 5000 8192 0 1000000000
15 200 750 5000 8192 0 1000000000
92 159 4658 5000 8192 0 1000000000
184 22 9009 5000 8192 0 1000000000
304 48 15563 5000 8192 0 1000000000
4 153 205 5000 8192 0 1000000000
13 52 611 5000 8192 0 1000000000
247 1 12662 5000 8192 0 1000000000
45 152 2217 5000 8192 0 1000000000
22 297 1137 5000 8192 0 1000000000
3 79 185 5000 8192 0 1000000000
309 9 15844 5000 8192 0 1000000000
12 228 550 5000 8192 0 1000000000
254 148 12931 5000 8192 0 1000000000
115 286 5572 5000 8192 0 1000000000
45 84 2185 5000 8192 0 1000000000
285 243 14530 5000 8192 0 1000000000
287 2 14624 5000 8192 0 1000000000
150 36 7408 5000 8192 0 1000000000
50 282 2398 5000 8192 0 1000000000
140 58 6847 5000 8192 0 1000000000
135 69 6633 5000 8192 0 1000000000
214 63 10664 5000 8192 0 1000000000
203 311 10045 5000 8192 0 1000000000
198 112 9864 5000 8192 0 1000000000
14 242 652 5000 8192 0 1000000000
44 309 2120 5000 8192 0 1000000000
295 171 15108 5000 8192 0 1000000000
67 214 3441 5000 8192 0 1000000000
61 267 3055 5000 8192 0 1000000000
123 81 5972 5000 8192 0 1000000000
44 229 2108 5000 8192 0 1000000000
201 225 9929 5000 8192 0 1000000000
138 114 6804 5000 8192 0 1000000000
56 202 2714 5000 8192 0 1000000000
159 260 7810 5000 8192 0 1000000000
289 146 14740 5000 8192 0 1000000000
160 183 7880 5000 8192 0 1000000000
280 223 14235 5000 8192 0 1000000000
18 240 933 5000 8192 0 1000000000
222 71 11173 5000 8192 0 1000000000
205 67 10148 5000 8192 0 1000000000
212 64 10543 5000 8192 0 1000000000
216 145 10833 5000 8192 0 1000000000
61 143 3027 5000 8192 0 1000000000
136 207 6697 5000 8192 0 1000000000
29 210 1436 5000 8192 0 1000000000
198 305 9850 5000 8192 0 1000000000
153 224 7591 5000 8192 0 1000000000
124 5 6033 5000 8192 0 1000000000
51 94 2463 5000 8192 0 1000000000
68 28 3480 5000 8192 0 1000000000
306 196 15670 5000 8192 0 1000000000
156 175 7660 5000 8192 0 1000000000
17 252 843 5000 8192 0 1000000000
121 81 5935 5000 8192 0 1000000000
174 133 8586 5000 8192 0 1000000000
186 283 9135 5000 8192 0 1000000000
174 170 8569 5000 8192 0 1000000000
102 84 4925 5000 8192 0 1000000000
123 101 5943 5000 8192 0 1000000000
4 227 248 5000 8192 0 1000000000
49 112 2352 5000 8192 0 1000000000
277 133 14053 5000 8192 0 1000000000
290 139 14827 5000 8192 0 1000000000
187 87 9226 5000 8192 0 1000000000
289 263 14779 5000 8192 0 1000000000
298 251 15269 5000 8192 0 1000000000
225 246 11394 5000 8192 0 1000000000
121 301 5894 5000 8192 0 1000000000
297 291 15184 5000 8192 0 1000000000
143 105 7061 5000 8192 0 1000000000
107 171 5094 5000 8192 0 1000000000
221 284 11140 5000 8192 0 1000000000
188 107 9297 5000 8192 0 1000000000
85 3 4383 5000 8192 0 1000000000
117 243 5727 5000 8192 0 1000000000
190 115 9389 5000 8192 0 1000000000
143 24 7036 5000 8192 0 1000000000
247 287 12677 5000 8192 0 1000000000
90 298 4523 5000 8192 0 1000000000
128 1 6308 5000 8192 0 1000000000
68 265 3455 5000 8192 0 1000000000
203 275 10069 5000 8192 0 1000000000
300 187 15327 5000 8192 0 1000000000
78 106 3947 5000 8192 0 1000000000
246 29 12626 5000 8192 0 1000000000
78 204 3959 5000 8192 0 1000000000
281 55 14351 5000 8192 0 1000000000
282 223 14354 5000 8192 0 1000000000
48 299 16373 5000 16777216 1 1000000000
52 251 2551 5000 8192 0 1000000000
127 30 6194 5000 8192 0 1000000000
80 39 4066 5000 8192 0 1000000000
205 261 10194 5000 8192 0 1000000000
67 27 3422 5000 8192 0 1000000000
272 165 13899 5000 8192 0 1000000000
108 134 5154 5000 8192 0 1000000000
24 34 1266 5000 8192 0 1000000000
215 112 10743 5000 8192 0 1000000000
173 38 8505 5000 8192 0 1000000000
112 59 5420 5000 8192 0 1000000000
137 155 6727 5000 8192 0 1000000000
137 256 6703 5000 8192 0 1000000000
127 140 6235 5000 8192 0 1000000000
298 154 15277 5000 8192 0 1000000000
181 283 8877 5000 8192 0 1000000000
18 34 939 5000 8192 0 1000000000
17 260 870 5000 8192 0 1000000000
282 52 14405 5000 8192 0 1000000000
185 251 9112 5000 8192 0 1000000000
261 175 13251 5000 8192 0 1000000000
297 140 15210 5000 8192 0 1000000000
281 209 14295 5000 8192 0 1000000000
80 203 4030 5000 8192 0 1000000000
252 300 12834 5000 8192 0 1000000000
90 1 4489 5000 8192 0 1000000000
13 308 608 5000 8192 0 1000000000
97 34 4780 5000 8192 0 1000000000
174 214 8567 5000 8192 0 1000000000
82 0 4191 5000 8192 0 1000000000
119 313 5837 5000 8192 0 1000000000
310 21 15936 5000 8192 0 1000000000
289 246 14741 5000 8192 0 1000000000
24 289 1238 5000 8192 0 1000000000
160 14 7851 5000 8192 0 1000000000
179 276 8822 5000 8192 0 1000000000
214 10 10707 5000 8192 0 1000000000
216 57 10830 5000 8192 0 1000000000
183 260 8989 5000 8192 0 1000000000
183 95 8954 5000 8192 0 1000000000
202 18 10006 5000 8192 0 1000000000
281 100 14332 5000 8192 0 1000000000
243 108 12426 5000 8192 0 1000000000
276 172 13981 5000 8192 0 1000000000
259 272 13134 5000 8192 0 1000000000
92 34 4644 5000 8192 0 1000000000
148 219 7284 5000 8192 0 1000000000
289 189 14793 5000 8192 0 1000000000
18 140 906 5000 8192 0 1000000000
0 149 28 5000 8192 0 1000000000
31 262 1565 5000 8192 0 1000000000
165 300 8202 5000 8192 0 1000000000
214 141 10699 5000 8192 0 1000000000
313 32 16034 5000 8192 0 1000000000
261 191 13221 5000 8192 0 1000000000
298 282 15271 5000 8192 0 1000000000
111 257 5339 5000 8192 0 1000000000
145 204 7161 5000 8192 0 1000000000
49 190 2351 5000 8192 0 1000000000
31 282 1544 5000 8192 0 1000000000
70 253 3580 5000 8192 0 1000000000
80 228 4072 5000 8192 0 1000000000
264 231 13355 5000 8192 0 1000000000
210 156 10421 5000 8192 0 1000000000
172 84 8476 5000 8192 0 1000000000
198 159 9849 5000 8192 0 1000000000
217 169 10851 5000 8192 0 1000000000
210 188 10451 5000 8192 0 1000000000
312 174 15997 5000 8192 0 1000000000
50 294 2425 5000 8192 0 1000000000
9 40 494 5000 8192 0 1000000000
211 32 10476 5000 8192 0 1000000000
313 94 16044 5000 8192 0 1000000000
221 306 11123 5000 8192 0 1000000000
270 26 13762 5000 8192 0 1000000000
67 194 3391 5000 8192 0 1000000000
150 103 7465 5000 8192 0 1000000000
190 235 9416 5000 8192 0 1000000000
255 245 12955 5000 8192 0 1000000000
244 143 12448 5000 8192 0 1000000000
72 256 16342 5000 16777216 1 1000000000
303 96 15494 5000 8192 0 1000000000
119 122 5841 5000 8192 0 1000000000
47 242 2284 5000 8192 0 1000000000
140 99 6875 5000 8192 0 1000000000
150 235 7413 5000 8192 0 1000000000
287 271 14610 5000 8192 0 1000000000
213 132 10618 5000 8192 0 1000000000
252 199 12845 5000 8192 0 1000000000
244 227 12470 5000 8192 0 1000000000
290 229 14848 5000 8192 0 1000000000
293 186 15047 5000 8192 0 1000000000
287 231 14628 5000 8192 0 1000000000
32 231 1659 5000 8192 0 1000000000
142 163 6993 5000 8192 0 1000000000
246 179 12609 5000 8192 0 1000000000
269 52 13681 5000 8192 0 1000000000
276 184 14010 5000 8192 0 1000000000
35 188 1716 5000 8192 0 1000000000
61 220 3054 5000 8192 0 1000000000
289 70 14735 5000 8192 0 1000000000
28 233 1344 5000 8192 0 1000000000
295 43 15067 5000 8192 0 1000000000
269 20 13699 5000 8192 0 1000000000
238 0 12067 5000 8192 0 1000000000
308 212 15794 5000 8192 0 1000000000
67 79 3403 5000 8192 0 1000000000
265 99 13440 5000 8192 0 1000000000
176 150 8732 5000 8192 0 1000000000
260 25 13190 5000 8192 0 1000000000
18 56 896 5000 8192 0 1000000000
282 275 14362 5000 8192 0 1000000000
71 199 3656 5000 8192 0 1000000000
23 218 1152 5000 8192 0 1000000000
270 268 13718 5000 8192 0 1000000000
258 199 13056 5000 8192 0 1000000000
278 0 14151 5000 8192 0 1000000000
242 34 12344 5000 8192 0 1000000000
42 177 2027 5000 8192 0 1000000000
35 281 1719 5000 8192 0 1000000000
264 36 13363 5000 8192 0 1000000000
247 145 12666 5000 8192 0 1000000000
243 229 12434 5000 8192 0 1000000000
202 48 9957 5000 8192 0 1000000000
229 137 11539 5000 8192 0 1000000000
68 286 3467 5000 8192 0 1000000000
113 301 5479 5000 8192 0 1000000000
185 256 9091 5000 8192 0 1000000000
279 16 14187 5000 8192 0 1000000000
312 302 15993 5000 8192 0 1000000000
117 171 5725 5000 8192 0 1000000000
191 42 9458 5000 8192 0 1000000000
204 21 10106 5000 8192 0 1000000000
240 134 12206 5000 8192 0 1000000000
90 155 4482 5000 8192 0 1000000000
81 300 4130 5000 8192 0 1000000000
315 160 16123 5000 8192 0 1000000000
222 122 11208 5000 8192 0 1000000000
152 199 7524 5000 8192 0 1000000000
158 51 7729 5000 8192 0 1000000000
85 248 4388 5000 8192 0 1000000000
298 76 15254 5000 8192 0 1000000000
70 35 3601 5000 8192 0 1000000000
21 128 1023 5000 8192 0 1000000000
292 291 14965 5000 8192 0 1000000000
243 203 12425 5000 8192 0 1000000000
188 282 9277 5000 8192 0 1000000000
175 249 8674 5000 8192 0 1000000000
210 157 10422 5000 8192 0 1000000000
272 24 13847 5000 8192 0 1000000000
289 12 14775 5000 8192 0 1000000000
308 2 15799 5000 8192 0 1000000000
32 159 1609 5000 8192 0 1000000000
195 109 9660 5000 8192 0 1000000000
189 81 9365 5000 8192 0 1000000000
114 215 5541 5000 8192 0 1000000000
165 72 8195 5000 8192 0 1000000000
181 242 8872 5000 8192 0 1000000000
117 144 5732 5000 8192 0 1000000000
119 173 5817 5000 8192 0 1000000000
287 276 14636 5000 8192 0 1000000000
123 23 5952 5000 8192 0 1000000000
305 212 15568 5000 8192 0 1000000000
167 89 8246 5000 8192 0 1000000000
73 265 3749 5000 8192 0 1000000000
115 22 5617 5000 8192 0 1000000000
110 318 5290 5000 8192 0 1000000000
14 251 655 5000 8192 0 1000000000
130 205 6387 5000 8192 0 1000000000
45 222 2202 5000 8192 0 1000000000
135 66 6629 5000 8192 0 1000000000
219 269 11027 5000 8192 0 1000000000
235 92 11896 5000 8192 0 1000000000
95 284 4695 5000 8192 0 1000000000
291 284 14923 5000 8192 0 1000000000
121 85 5888 5000 8192 0 1000000000
95 311 4697 5000 8192 0 1000000000
42 199 1997 5000 8192 0 1000000000
116 303 5636 5000 8192 0 1000000000
244 299 12449 5000 8192 0 1000000000
78 199 3954 5000 8192 0 1000000000
82 10 4187 5000 8192 0 1000000000
183 5 8985 5000 8192 0 1000000000
95 30 4717 5000 8192 0 1000000000
127 142 6232 5000 8192 0 1000000000
170 154 16488 5000 16777216 1 1000000000
147 221 7244 5000 8192 0 1000000000
243 200 12432 5000 8192 0 1000000000
137 314 6738 5000 8192 0 1000000000
211 145 10495 5000 8192 0 1000000000
54 17 2584 5000 8192 0 1000000000
60 87 2960 5000 8192 0 1000000000
248 172 12708 5000 8192 0 1000000000
98 265 4850 5000 8192 0 1000000000
212 272 10578 5000 8192 0 1000000000
159 141 7789 5000 8192 0 1000000000
158 33 7749 5000 8192 0 1000000000
235 214 11929 5000 8192 0 1000000000
65 70 3265 5000 8192 0 1000000000
109 141 5229 5000 8192 0 1000000000
272 54 13902 5000 8192 0 1000000000
51 317 2479 5000 8192 0 1000000000
311 146 16416 5000 16777216 1 1000000000
288 108 14725 5000 8192 0 1000000000
231 68 11635 5000 8192 0 1000000000
61 297 3004 5000 8192 0 1000000000
110 51 5254 5000 8192 0 1000000000
194 254 9580 5000 8192 0 1000000000
205 72 10190 5000 8192 0 1000000000
307 68 15701 5000 8192 0 1000000000
91 89 4588 5000 8192 0 1000000000
214 98 10712 5000 8192 0 1000000000
141 63 6954 5000 8192 0 1000000000
160 85 7887 5000 8192 0 1000000000
104 96 4991 5000 8192 0 1000000000
67 77 3421 5000 8192 0 1000000000
288 142 14715 5000 8192 0 1000000000
191 41 9471 5000 8192 0 1000000000
167 32 8252 5000 8192 0 1000000000
70 314 3634 5000 8192 0 1000000000
306 310 15680 5000 8192 0 1000000000
282 113 14404 5000 8192 0 1000000000
12 317 561 5000 8192 0 1000000000
281 230 14311 5000 8192 0 1000000000
121 189 5882 5000 8192 0 1000000000
310 290 15935 5000 8192 0 1000000000
209 49 10375 5000 8192 0 1000000000
223 220 11239 5000 8192 0 1000000000
248 286 12753 5000 8192 0 1000000000
107 237 5050 5000 8192 0 1000000000
209 241 10393 5000 8192 0 1000000000
101 222 4868 5000 8192 0 1000000000
56 135 2708 5000 8192 0 1000000000
147 229 7246 5000 8192 0 1000000000
52 278 2549 5000 8192 0 1000000000
70 146 3632 5000 8192 0 1000000000
61 207 3044 5000 8192 0 1000000000
193 182 9554 5000 8192 0 1000000000
101 131 4902 5000 8192 0 1000000000
140 297 6840 5000 8192 0 1000000000
267 271 13536 5000 8192 0 1000000000
232 9 11677 5000 8192 0 1000000000
55 59 2677 5000 8192 0 1000000000
43 97 2082 5000 8192 0 1000000000
55 106 2651 5000 8192 0 1000000000
38 207 16422 5000 16777216 1 1000000000
306 256 15658 5000 8192 0 1000000000
30 280 1477 5000 8192 0 1000000000
211 74 10524 5000 8192 0 1000000000
81 259 4094 5000 8192 0 1000000000
223 103 11259 5000 8192 0 1000000000
310 293 15917 5000 8192 0 1000000000
109 159 5206 5000 8192 0 1000000000
20 246 990 5000 8192 0 1000000000
20 163 1018 5000 8192 0 1000000000
14 317 684 5000 8192 0 1000000000
258 263 13033 5000 8192 0 1000000000
83 147 4244 5000 8192 0 1000000000
92 232 4638 5000 8192 0 1000000000
242 189 12371 5000 8192 0 1000000000
308 66 15775 5000 8192 0 1000000000
155 274 7637 5000 8192 0 1000000000
289 169 14763 5000 8192 0 1000000000
285 222 14527 5000 8192 0 1000000000
258 299 13030 5000 8192 0 1000000000
212 63 10590 5000 8192 0 1000000000
84 307 4330 5000 8192 0 1000000000
278 124 14114 5000 8192 0 1000000000
176 13 8736 5000 8192 0 1000000000
29 154 1423 5000 8192 0 1000000000
225 215 11372 5000 8192 0 1000000000
124 199 6023 5000 8192 0 1000000000
305 211 15580 5000 8192 0 1000000000
24 256 1248 5000 8192 0 1000000000
50 147 2374 5000 8192 0 1000000000
312 15 15967 5000 8192 0 1000000000
21 251 1086 5000 8192 0 1000000000
14 288 687 5000 8192 0 1000000000
149 261 7358 5000 8192 0 1000000000
237 39 12029 5000 8192 0 1000000000
181 160 8881 5000 8192 0 1000000000
141 123 6930 5000 8192 0 1000000000
237 291 12038 5000 8192 0 1000000000
71 263 3689 5000 8192 0 1000000000
291 44 14881 5000 8192 0 1000000000
194 297 9576 5000 8192 0 1000000000
186 131 9131 5000 8192 0 1000000000
318 270 16261 5000 8192 0 1000000000
139 317 16420 5000 16777216 1 1000000000
9 213 449 5000 8192 0 1000000000
242 262 12318 5000 8192 0 1000000000
260 47 13198 5000 8192 0 1000000000
245 211 12554 5000 8192 0 1000000000
280 165 14225 5000 8192 0 1000000000
223 167 11275 5000 8192 0 1000000000
288 275 14702 5000 8192 0 1000000000
4 146 196 5000 8192 0 1000000000
225 82 11411 5000 8192 0 1000000000
87 48 4416 5000 8192 0 1000000000
277 152 14059 5000 8192 0 1000000000
18 19 938 5000 8192 0 1000000000
261 81 13228 5000 8192 0 1000000000
316 152 16170 5000 8192 0 1000000000
144 74 7112 5000 8192 0 1000000000
208 122 10284 5000 8192 0 1000000000
290 109 14843 5000 8192 0 1000000000
43 177 2045 5000 8192 0 1000000000
238 178 12115 5000 8192 0 1000000000
189 162 9375 5000 8192 0 1000000000
245 13 12518 5000 8192 0 1000000000
56 257 2712 5000 8192 0 1000000000
243 62 12415 5000 8192 0 1000000000
40 120 1891 5000 8192 0 1000000000
173 117 8533 5000 8192 0 1000000000
63 67 3153 5000 8192 0 1000000000
110 265 5295 5000 8192 0 1000000000
95 22 4681 5000 8192 0 1000000000
285 276 14528 5000 8192 0 1000000000
167 49 8260 5000 8192 0 1000000000
210 56 10447 5000 8192 0 1000000000
44 54 2149 5000 8192 0 1000000000
62 301 3099 5000 8192 0 1000000000
269 186 13706 5000 8192 0 1000000000
310 190 15911 5000 8192 0 1000000000
162 174 7978 5000 8192 0 1000000000
232 270 11731 5000 8192 0 1000000000
218 188 10971 5000 8192 0 1000000000
266 311 13513 5000 8192 0 1000000000
202 317 9965 5000 8192 0 1000000000
55 97 2681 5000 8192 0 1000000000
128 233 6306 5000 8192 0 1000000000
173 24 8488 5000 8192 0 1000000000
220 244 11045 5000 8192 0 1000000000
98 297 4811 5000 8192 0 1000000000
36 230 1730 5000 8192 0 1000000000
219 109 10991 5000 8192 0 1000000000
27 177 1282 5000 8192 0 1000000000
90 151 4503 5000 8192 0 1000000000
102 17 4959 5000 8192 0 1000000000
156 19 7706 5000 8192 0 1000000000
3 233 155 5000 8192 0 1000000000
208 240 10323 5000 8192 0 1000000000
60 319 3003 5000 8192 0 1000000000
206 270 10219 5000 8192 0 1000000000
289 111 14758 5000 8192 0 1000000000
23 190 1213 5000 8192 0 1000000000
165 73 8182 5000 8192 0 1000000000
47 10 2236 5000 8192 0 1000000000
280 56 14280 5000 8192 0 1000000000
47 188 2282 5000 8192 0 1000000000
188 27 9309 5000 8192 0 1000000000
313 210 16045 5000 8192 0 1000000000
312 61 15961 5000 8192 0 1000000000
52 109 2544 5000 8192 0 1000000000
60 120 3000 5000 8192 0 1000000000
81 176 4116 5000 8192 0 1000000000
144 248 7097 5000 8192 0 1000000000
82 219 4176 5000 8192 0 1000000000
115 134 5614 5000 8192 0 1000000000
35 238 1682 5000 8192 0 1000000000
87 20 4454 5000 8192 0 1000000000
232 52 11708 5000 8192 0 1000000000
159 171 7813 5000 8192 0 1000000000
47 77 2262 5000 8192 0 1000000000
79 3 4012 5000 8192 0 1000000000
18 232 930 5000 8192 0 1000000000
90 18 4520 5000 8192 0 1000000000
271 104 13779 5000 8192 0 1000000000
113 199 5431 5000 8192 0 1000000000
107 218 5107 5000 8192 0 1000000000
27 110 1292 5000 8192 0 1000000000
296 193 15128 5000 8192 0 1000000000
179 308 8865 5000 8192 0 1000000000
63 223 3144 5000 8192 0 1000000000
238 123 12091 5000 8192 0 1000000000
44 251 2169 5000 8192 0 1000000000
84 97 4339 5000 8192 0 1000000000
101 132 4914 5000 8192 0 1000000000
27 193 1331 5000 8192 0 1000000000
205 39 10144 5000 8192 0 1000000000
248 175 12712 5000 8192 0 1000000000
21 179 1043 5000 8192 0 1000000000
52 183 2530 5000 8192 0 1000000000
39 176 1794 5000 8192 0 1000000000
64 319 3250 5000 8192 0 1000000000
305 9 15623 5000 8192 0 1000000000
9 271 468 5000 8192 0 1000000000
144 253 7122 5000 8192 0 1000000000
22 31 1113 5000 8192 0 1000000000
313 190 16075 5000 8192 0 1000000000
248 277 12709 5000 8192 0 1000000000
168 138 8328 5000 8192 0 1000000000
67 167 3415 5000 8192 0 1000000000
138 263 6777 5000 8192 0 1000000000
124 284 6016 5000 8192 0 1000000000
47 159 2240 5000 8192 0 1000000000
52 11 2550 5000 8192 0 1000000000
82 107 4155 5000 8192 0 1000000000
131 188 6479 5000 8192 0 1000000000
202 68 9953 5000 8192 0 1000000000
13 56 591 5000 8192 0 1000000000
162 63 8020 5000 8192 0 1000000000
234 226 11825 5000 8192 0 1000000000
304 213 15539 5000 8192 0 1000000000
155 190 7627 5000 8192 0 1000000000
80 236 4084 5000 8192 0 1000000000
108 248 5124 5000 8192 0 1000000000
102 56 4944 5000 8192 0 1000000000
149 275 7362 5000 8192 0 1000000000
243 183 12429 5000 8192 0 1000000000
127 232 6207 5000 8192 0 1000000000
119 64 5829 5000 8192 0 1000000000
279 111 14222 5000 8192 0 1000000000
158 258 7740 5000 8192 0 1000000000
258 132 13043 5000 8192 0 1000000000
219 223 11002 5000 8192 0 1000000000
3 2 157 5000 8192 0 1000000000
71 319 3691 5000 8192 0 1000000000
49 310 2306 5000 8192 0 1000000000
32 220 1646 5000 8192 0 1000000000
313 186 16052 5000 8192 0 1000000000
196 80 9750 5000 8192 0 1000000000
113 154 5455 5000 8192 0 1000000000
63 78 3187 5000 8192 0 1000000000
143 289 7040 5000 8192 0 1000000000
246 213 12611 5000 8192 0 1000000000
302 248 15376 5000 8192 0 1000000000
173 93 8526 5000 8192 0 1000000000
179 122 8868 5000 8192 0 1000000000
316 37 16165 5000 8192 0 1000000000
142 296 7019 5000 8192 0 1000000000
179 150 8824 5000 8192 0 1000000000
189 149 9315 5000 8192 0 1000000000
274 202 13916 5000 8192 0 1000000000
208 257 10324 5000 8192 0 1000000000
78 6 3942 5000 8192 0 1000000000
258 133 13069 5000 8192 0 1000000000
8 117 386 5000 8192 0 1000000000
31 77 1536 5000 8192 0 1000000000
75 214 3812 5000 8192 0 1000000000
32 249 1642 5000 8192 0 1000000000
123 264 5964 5000 8192 0 1000000000
125 283 6077 5000 8192 0 1000000000
205 316 10160 5000 8192 0 1000000000
204 185 10108 5000 8192 0 1000000000
279 253 14179 5000 8192 0 1000000000
62 12 3116 5000 8192 0 1000000000
156 246 7702 5000 8192 0 1000000000
14 243 647 5000 8192 0 1000000000
164 307 8115 5000 8192 0 1000000000
194 85 9628 5000 8192 0 1000000000
191 54 9467 5000 8192 0 1000000000
2 152 118 5000 8192 0 1000000000
140 28 6879 5000 8192 0 1000000000
76 89 3891 5000 8192 0 1000000000
285 72 14507 5000 8192 0 1000000000
198 98 9856 5000 8192 0 1000000000
240 281 12219 5000 8192 0 1000000000
144 49 7101 5000 8192 0 1000000000
265 277 13424 5000 8192 0 1000000000
54 181 2605 5000 8192 0 1000000000
206 262 10259 5000 8192 0 1000000000
295 25 15105 5000 8192 0 1000000000
193 176 9508 5000 8192 0 1000000000
277 153 14063 5000 8192 0 1000000000
255 302 12984 5000 8192 0 1000000000
225 39 11383 5000 8192 0 1000000000
245 253 12551 5000 8192 0 1000000000
35 143 1675 5000 8192 0 1000000000
44 111 2167 5000 8192 0 1000000000
115 306 5607 5000 8192 0 1000000000
35 153 1708 5000 8192 0 1000000000
21 45 1082 5000 8192 0 1000000000
252 21 12872 5000 8192 0 1000000000
54 131 2569 5000 8192 0 1000000000
303 311 15498 5000 8192 0 1000000000
97 166 4768 5000 8192 0 1000000000
255 149 13002 5000 8192 0 1000000000
161 239 7922 5000 8192 0 1000000000
230 109 11595 5000 8192 0 1000000000
39 251 1846 5000 8192 0 1000000000
79 40 3968 5000 8192 0 1000000000
315 96 16111 5000 8192 0 1000000000
316 283 16189 5000 8192 0 1000000000
143 296 7030 5000 8192 0 1000000000
63 67 3146 5000 8192 0 1000000000
229 183 11528 5000 8192 0 1000000000
118 162 5767 5000 8192 0 1000000000
124 264 6024 5000 8192 0 1000000000
41 45 1937 5000 8192 0 1000000000
158 22 7762 5000 8192 0 1000000000
158 216 7769 5000 8192 0 1000000000
30 306 1497 5000 8192 0 1000000000
23 278 1190 5000 8192 0 1000000000
247 86 12689 5000 8192 0 1000000000
278 59 14113 5000 8192 0 1000000000
91 89 4563 5000 8192 0 1000000000
52 85 2542 5000 8192 0 1000000000
222 242 11172 5000 8192 0 1000000000
287 185 14608 5000 8192 0 1000000000
50 240 2424 5000 8192 0 1000000000
209 45 10389 5000 8192 0 1000000000
313 179 16076 5000 8192 0 1000000000
193 86 9524 5000 8192 0 1000000000
21 162 1024 5000 8192 0 1000000000
13 175 605 5000 8192 0 1000000000
80 218 4059 5000 8192 0 1000000000
206 126 10234 5000 8192 0 1000000000
293 269 15022 5000 8192 0 1000000000
80 215 4039 5000 8192 0 1000000000
271 159 13811 5000 8192 0 1000000000
244 168 12493 5000 8192 0 1000000000
136 96 6659 5000 8192 0 1000000000
115 296 5555 5000 8192 0 1000000000
49 88 2315 5000 8192 0 1000000000
152 159 7473 5000 8192 0 1000000000
59 296 2891 5000 8192 0 1000000000
186 128 9143 5000 8192 0 1000000000
280 177 14278 5000 8192 0 1000000000
276 226 14008 5000 8192 0 1000000000
128 299 6311 5000 8192 0 1000000000
49 183 2308 5000 8192 0 1000000000
169 168 8377 5000 8192 0 1000000000
90 186 4521 5000 8192 0 1000000000
32 204 1637 5000 8192 0 1000000000
124 110 6059 5000 8192 0 1000000000
142 66 6976 5000 8192 0 1000000000
189 229 9339 5000 8192 0 1000000000
135 26 6621 5000 8192 0 1000000000
235 193 11867 5000 8192 0 1000000000
241 37 12308 5000 8192 0 1000000000
20 299 1000 5000 8192 0 1000000000
98 56 4833 5000 8192 0 1000000000
116 286 5657 5000 8192 0 1000000000
8 97 423 5000 8192 0 1000000000
307 120 15734 5000 8192 0 1000000000
268 307 13632 5000 8192 0 1000000000
73 64 3727 5000 8192 0 1000000000
230 88 11567 5000 8192 0 1000000000
68 4 3466 5000 8192 0 1000000000
101 49 4864 5000 8192 0 1000000000
271 43 13796 5000 8192 0 1000000000
304 96 15555 5000 8192 0 1000000000
143 252 7070 5000 8192 0 1000000000
16 6 807 5000 8192 0 1000000000
300 173 15371 5000 8192 0 1000000000
118 112 5796 5000 8192 0 1000000000
134 254 6543 5000 8192 0 1000000000
213 58 10648 5000 8192 0 1000000000
32 109 1661 5000 8192 0 1000000000
255 49 12958 5000 8192 0 1000000000
85 72 4408 5000 8192 0 1000000000
140 138 6858 5000 8192 0 1000000000
119 17 5834 5000 8192 0 1000000000
47 191 2244 5000 8192 0 1000000000
123 190 5962 5000 8192 0 1000000000
261 0 13229 5000 8192 0 1000000000
21 282 1046 5000 8192 0 1000000000
310 18 15913 5000 8192 0 1000000000
27 40 1311 5000 8192 0 1000000000
220 166 11047 5000 8192 0 1000000000
81 29 4126 5000 8192 0 1000000000
75 246 3809 5000 8192 0 1000000000
296 246 15164 5000 8192 0 1000000000
293 47 15002 5000 8192 0 1000000000
222 193 11221 5000 8192 0 1000000000
214 27 10687 5000 8192 0 1000000000
193 140 9542 5000 8192 0 1000000000
300 39 15318 5000 8192 0 1000000000
126 120 6158 5000 8192 0 1000000000
66 195 3359 5000 8192 0 1000000000
234 199 11824 5000 8192 0 1000000000
134 221 6537 5000 8192 0 1000000000
168 297 8312 5000 8192 0 1000000000
61 70 3016 5000 8192 0 1000000000
302 278 15389 5000 8192 0 1000000000
223 8 11286 5000 8192 0 1000000000
289 147 14782 5000 8192 0 1000000000
277 55 14081 5000 8192 0 1000000000
206 65 10216 5000 8192 0 1000000000
187 199 9239 5000 8192 0 1000000000
67 125 3419 5000 8192 0 1000000000
114 127 5524 5000 8192 0 1000000000
306 312 15694 5000 8192 0 1000000000
186 14 9151 5000 8192 0 1000000000
289 88 14742 5000 8192 0 1000000000
135 198 6591 5000 8192 0 1000000000
67 81 3410 5000 8192 0 1000000000
143 53 7039 5000 8192 0 1000000000
20 306 965 5000 8192 0 1000000000
126 286 6142 5000 8192 0 1000000000
162 176 8040 5000 8192 0 1000000000
92 290 4660 5000 8192 0 1000000000
162 44 7992 5000 8192 0 1000000000
206 291 10254 5000 8192 0 1000000000
79 124 4003 5000 8192 0 1000000000
92 233 4602 5000 8192 0 1000000000
312 267 16006 5000 8192 0 1000000000
196 282 9710 5000 8192 0 1000000000
270 186 13723 5000 8192 0 1000000000
107 151 5048 5000 8192 0 1000000000
258 55 13037 5000 8192 0 1000000000
213 301 10613 5000 8192 0 1000000000
298 281 15286 5000 8192 0 1000000000
308 230 15793 5000 8192 0 1000000000
70 190 3593 5000 8192 0 1000000000
214 14 10691 5000 8192 0 1000000000
73 208 3719 5000 8192 0 1000000000
178 94 8749 5000 8192 0 1000000000
284 153 14460 5000 8192 0 1000000000
113 79 5482 5000 8192 0 1000000000
14 264 669 5000 8192 0 1000000000
206 82 10256 5000 8192 0 1000000000
308 287 15806 5000 8192 0 1000000000
163 87 8067 5000 8192 0 1000000000
264 301 13381 5000 8192 0 1000000000
115 255 5616 5000 8192 0 1000000000
305 313 15577 5000 8192 0 1000000000
206 195 10268 5000 8192 0 1000000000
214 276 10695 5000 8192 0 1000000000
75 305 3822 5000 8192 0 1000000000
17 319 866 5000 8192 0 1000000000
16 123 820 5000 8192 0 1000000000
217 215 10879 5000 8192 0 1000000000
24 133 1257 5000 8192 0 1000000000
284 94 14441 5000 8192 0 1000000000
261 31 13223 5000 8192 0 1000000000
145 291 7194 5000 8192 0 1000000000
30 241 1520 5000 8192 0 1000000000
190 238 9395 5000 8192 0 1000000000
255 92 12993 5000 8192 0 1000000000
92 153 4640 5000 8192 0 1000000000
66 134 3327 5000 8192 0 1000000000
83 233 4231 5000 8192 0 1000000000
65 26 3321 5000 8192 0 1000000000
302 63 15379 5000 8192 0 1000000000
13 61 589 5000 8192 0 1000000000
149 107 7341 5000 8192 0 1000000000
209 90 10347 5000 8192 0 1000000000
271 239 13832 5000 8192 0 1000000000
115 63 5592 5000 8192 0 1000000000
40 207 1892 5000 8192 0 1000000000
118 89 5756 5000 8192 0 1000000000
114 203 5550 5000 8192 0 1000000000
175 50 8638 5000 8192 0 1000000000
246 174 12614 5000 8192 0 1000000000
122 53 16380 5000 16777216 1 1000000000
59 27 2884 5000 8192 0 1000000000
57 3 2804 5000 8192 0 1000000000
164 220 8118 5000 8192 0 1000000000
144 263 7109 5000 8192 0 1000000000
237 147 12022 5000 8192 0 1000000000
203 104 10061 5000 8192 0 1000000000
187 79 9230 5000 8192 0 1000000000
288 184 14695 5000 8192 0 1000000000
54 242 2557 5000 8192 0 1000000000
215 89 10745 5000 8192 0 1000000000
156 255 7698 5000 8192 0 1000000000
2 191 126 5000 8192 0 1000000000
22 48 1088 5000 8192 0 1000000000
304 12 15529 5000 8192 0 1000000000
216 22 10832 5000 8192 0 1000000000
205 266 10204 5000 8192 0 1000000000
315 37 16115 5000 8192 0 1000000000
17 202 876 5000 8192 0 1000000000
168 58 8323 5000 8192 0 1000000000
18 143 928 5000 8192 0 1000000000
30 33 1471 5000 8192 0 1000000000
98 131 4813 5000 8192 0 1000000000
302 221 15391 5000 8192 0 1000000000
142 56 6962 5000 8192 0 1000000000
2 9 87 5000 8192 0 1000000000
236 65 11990 5000 8192 0 1000000000
148 243 7304 5000 8192 0 1000000000
277 10 14040 5000 8192 0 1000000000
295 154 15090 5000 8192 0 1000000000
185 27 9093 5000 8192 0 1000000000
214 48 10693 5000 8192 0 1000000000
185 238 9072 5000 8192 0 1000000000
140 296 6881 5000 8192 0 1000000000
240 278 12216 5000 8192 0 1000000000
206 308 10229 5000 8192 0 1000000000
217 91 10888 5000 8192 0 1000000000
140 138 6864 5000 8192 0 1000000000
160 186 7872 5000 8192 0 1000000000
296 262 15153 5000 8192 0 1000000000
161 192 7931 5000 8192 0 1000000000
137 241 6723 5000 8192 0 1000000000
90 123 4528 5000 8192 0 1000000000
55 111 2658 5000 8192 0 1000000000
304 88 15550 5000 8192 0 1000000000
272 32 13898 5000 8192 0 1000000000
0 86 13 5000 8192 0 1000000000
73 12 3718 5000 8192 0 1000000000
78 169 3913 5000 8192 0 1000000000
12 124 549 5000 8192 0 1000000000
262 80 13312 5000 8192 0 1000000000
156 217 7670 5000 8192 0 1000000000
168 7 8343 5000 8192 0 1000000000
8 295 413 5000 8192 0 1000000000
80 168 4065 5000 8192 0 1000000000
276 314 13972 5000 8192 0 1000000000
123 177 5968 5000 8192 0 1000000000
31 76 1590 5000 8192 0 1000000000
75 262 3815 5000 8192 0 1000000000
18 260 897 5000 8192 0 1000000000
31 167 1593 5000 8192 0 1000000000
237 140 12013 5000 8192 0 1000000000
115 306 5573 5000 8192 0 1000000000
225 63 11378 5000 8192 0 1000000000
235 151 11924 5000 8192 0 1000000000
45 136 2196 5000 8192 0 1000000000
266 228 13504 5000 8192 0 1000000000
245 103 12521 5000 8192 0 1000000000
136 75 6649 5000 8192 0 1000000000
270 180 13753 5000 8192 0 1000000000
279 291 14184 5000 8192 0 1000000000
270 95 13760 5000 8192 0 1000000000
130 25 6386 5000 8192 0 1000000000
43 13 2100 5000 8192 0 1000000000
265 198 13459 5000 8192 0 1000000000
69 48 3526 5000 8192 0 1000000000
276 181 13975 5000 8192 0 1000000000
6 47 290 5000 8192 0 1000000000
126 115 6163 5000 8192 0 1000000000
119 230 5870 5000 8192 0 1000000000
20 164 1002 5000 8192 0 1000000000
318 187 16208 5000 8192 0 1000000000
247 103 12661 5000 8192 0 1000000000
204 196 10142 5000 8192 0 1000000000
197 9 9774 5000 8192 0 1000000000
108 297 5127 5000 8192 0 1000000000
177 100 16419 5000 16777216 1 1000000000
9 156 475 5000 8192 0 1000000000
271 2 13808 5000 8192 0 1000000000
296 100 15130 5000 8192 0 1000000000
184 244 9024 5000 8192 0 1000000000
235 76 11902 5000 8192 0 1000000000
198 29 9869 5000 8192 0 1000000000
41 277 1968 5000 8192 0 1000000000
114 216 5510 5000 8192 0 1000000000
191 98 9496 5000 8192 0 1000000000
2 191 113 5000 8192 0 1000000000
236 3 11986 5000 8192 0 1000000000
217 3 10873 5000 8192 0 1000000000
280 236 14254 5000 8192 0 1000000000
226 81 11456 5000 8192 0 1000000000
268 109 13593 5000 8192 0 1000000000
205 4 10149 5000 8192 0 1000000000
126 244 6129 5000 8192 0 1000000000
258 87 13031 5000 8192 0 1000000000
169 151 8360 5000 8192 0 1000000000
152 308 7481 5000 8192 0 1000000000
114 287 5525 5000 8192 0 1000000000
269 145 13677 5000 8192 0 1000000000
92 251 4621 5000 8192 0 1000000000
238 245 12070 5000 8192 0 1000000000
21 213 1032 5000 8192 0 1000000000
204 131 10104 5000 8192 0 1000000000
229 156 11534 5000 8192 0 1000000000
272 295 13885 5000 8192 0 1000000000
136 146 6694 5000 8192 0 1000000000
287 255 14645 5000 8192 0 1000000000
107 133 5058 5000 8192 0 1000000000
138 224 6817 5000 8192 0 1000000000
164 27 8139 5000 8192 0 1000000000
92 261 4653 5000 8192 0 1000000000
222 58 11204 5000 8192 0 1000000000
190 248 9425 5000 8192 0 1000000000
62 232 3088 5000 8192 0 1000000000
224 70 11310 5000 8192 0 1000000000
47 7 2266 5000 8192 0 1000000000
129 186 6320 5000 8192 0 1000000000
112 10 5416 5000 8192 0 1000000000
287 138 14626 5000 8192 0 1000000000
252 74 12881 5000 8192 0 1000000000
121 51 5933 5000 8192 0 1000000000
121 167 5929 5000 8192 0 1000000000
30 185 1528 5000 8192 0 1000000000
296 279 15166 5000 8192 0 1000000000
148 224 7328 5000 8192 0 1000000000
112 157 5373 5000 8192 0 1000000000
222 284 11211 5000 8192 0 1000000000
271 297 13829 5000 8192 0 1000000000
155 267 7648 5000 8192 0 1000000000
164 92 8129 5000 8192 0 1000000000
232 241 11737 5000 8192 0 1000000000
225 55 11365 5000 8192 0 1000000000
16 2 806 5000 8192 0 1000000000
13 230 597 5000 8192 0 1000000000
129 213 6330 5000 8192 0 1000000000
248 127 12757 5000 8192 0 1000000000
169 63 8399 5000 8192 0 1000000000
296 238 15160 5000 8192 0 1000000000
139 314 16354 5000 16777216 1 1000000000
297 185 15214 5000 8192 0 1000000000
140 116 6872 5000 8192 0 1000000000
205 283 10151 5000 8192 0 1000000000
3 235 148 5000 8192 0 1000000000
319 48 16304 5000 8192 0 1000000000
51 24 2461 5000 8192 0 1000000000
259 210 13079 5000 8192 0 1000000000
42 311 2033 5000 8192 0 1000000000
51 187 2431 5000 8192 0 1000000000
223 166 11240 5000 8192 0 1000000000
189 145 9369 5000 8192 0 1000000000
274 141 13939 5000 8192 0 1000000000
210 134 10401 5000 8192 0 1000000000
208 105 10283 5000 8192 0 1000000000
83 293 4226 5000 8192 0 1000000000
164 35 8122 5000 8192 0 1000000000
66 111 3336 5000 8192 0 1000000000
2 140 119 5000 8192 0 1000000000
246 37 12591 5000 8192 0 1000000000
289 182 14790 5000 8192 0 1000000000
3 276 139 5000 8192 0 1000000000
35 244 1676 5000 8192 0 1000000000
255 129 12992 5000 8192 0 1000000000
111 73 5313 5000 8192 0 1000000000
30 294 1525 5000 8192 0 1000000000
128 27 6261 5000 8192 0 1000000000
63 214 3191 5000 8192 0 1000000000
30 307 1499 5000 8192 0 1000000000
144 166 7105 5000 8192 0 1000000000
210 260 10445 5000 8192 0 1000000000
241 90 12261 5000 8192 0 1000000000
285 90 14489 5000 8192 0 1000000000
252 115 12835 5000 8192 0 1000000000
235 310 11928 5000 8192 0 1000000000
111 293 5350 5000 8192 0 1000000000
234 97 11862 5000 8192 0 1000000000
188 181 9264 5000 8192 0 1000000000
80 228 4034 5000 8192 0 1000000000
223 270 11233 5000 8192 0 1000000000
203 240 10075 5000 8192 0 1000000000
59 108 2917 5000 8192 0 1000000000
137 216 6734 5000 8192 0 1000000000
309 210 15861 5000 8192 0 1000000000
196 51 9755 5000 8192 0 1000000000
269 150 13673 5000 8192 0 1000000000
232 261 11683 5000 8192 0 1000000000
15 65 711 5000 8192 0 1000000000
142 4 6982 5000 8192 0 1000000000
30 8 1527 5000 8192 0 1000000000
230 11 11571 5000 8192 0 1000000000
29 150 1444 5000 8192 0 1000000000
179 176 8867 5000 8192 0 1000000000
288 163 14732 5000 8192 0 1000000000
298 217 15264 5000 8192 0 1000000000
231 259 11643 5000 8192 0 1000000000
12 239 533 5000 8192 0 1000000000
211 307 10511 5000 8192 0 1000000000
205 197 10187 5000 8192 0 1000000000
50 106 2393 5000 8192 0 1000000000
259 200 13099 5000 8192 0 1000000000
249 72 12807 5000 8192 0 1000000000
282 273 14408 5000 8192 0 1000000000
63 210 3160 5000 8192 0 1000000000
307 92 15703 5000 8192 0 1000000000
278 292 14126 5000 8192 0 1000000000
92 14 4650 5000 8192 0 1000000000
97 254 4747 5000 8192 0 1000000000
226 14 11464 5000 8192 0 1000000000
174 269 8582 5000 8192 0 1000000000
91 184 4572 5000 8192 0 1000000000
265 9 13452 5000 8192 0 1000000000
224 75 11350 5000 8192 0 1000000000
40 189 1861 5000 8192 0 1000000000
24 287 1247 5000 8192 0 1000000000
313 200 16025 5000 8192 0 1000000000
225 5 11360 5000 8192 0 1000000000
266 95 13499 5000 8192 0 1000000000
124 116 6037 5000 8192 0 1000000000
216 283 10789 5000 8192 0 1000000000
287 33 14655 5000 8192 0 1000000000
223 185 11254 5000 8192 0 1000000000
178 252 8780 5000 8192 0 1000000000
237 144 12045 5000 8192 0 1000000000
210 184 10408 5000 8192 0 1000000000
117 64 5742 5000 8192 0 1000000000
22 231 1087 5000 8192 0 1000000000
272 179 13870 5000 8192 0 1000000000
268 81 13610 5000 8192 0 1000000000
152 80 7504 5000 8192 0 1000000000
262 229 13305 5000 8192 0 1000000000
174 259 8590 5000 8192 0 1000000000
201 253 9927 5000 8192 0 1000000000
52 157 2546 5000 8192 0 1000000000
140 242 6845 5000 8192 0 1000000000
113 7 5488 5000 8192 0 1000000000
82 312 4182 5000 8192 0 1000000000
68 26 3457 5000 8192 0 1000000000
69 73 3518 5000 8192 0 1000000000
97 18 4761 5000 8192 0 1000000000
310 84 15934 5000 8192 0 1000000000
135 205 6618 5000 8192 0 1000000000
62 267 3074 5000 8192 0 1000000000
185 117 9062 5000 8192 0 1000000000
246 287 12599 5000 8192 0 1000000000
194 298 9609 5000 8192 0 1000000000
238 11 12092 5000 8192 0 1000000000
70 69 3581 5000 8192 0 1000000000
219 253 10992 5000 8192 0 1000000000
18 131 907 5000 8192 0 1000000000
244 255 12474 5000 8192 0 1000000000
108 132 5120 5000 8192 0 1000000000
211 286 10497 5000 8192 0 1000000000
167 166 8266 5000 8192 0 1000000000
16 218 830 5000 8192 0 1000000000
14 39 701 5000 8192 0 1000000000
278 1 14149 5000 8192 0 1000000000
193 112 9511 5000 8192 0 1000000000
262 218 13314 5000 8192 0 1000000000
303 28 15458 5000 8192 0 1000000000
87 157 4470 5000 8192 0 1000000000
232 119 11726 5000 8192 0 1000000000
206 105 10211 5000 8192 0 1000000000
35 197 1698 5000 8192 0 1000000000
44 9 2118 5000 8192 0 1000000000
183 230 8945 5000 8192 0 1000000000
60 102 2987 5000 8192 0 1000000000
287 93 14616 5000 8192 0 1000000000
297 219 15195 5000 8192 0 1000000000
102 23 4958 5000 8192 0 1000000000
168 192 8333 5000 8192 0 1000000000
238 0 12107 5000 8192 0 1000000000
219 3 10987 5000 8192 0 1000000000
60 42 2948 5000 8192 0 1000000000
242 67 12316 5000 8192 0 1000000000
107 140 5070 5000 8192 0 1000000000
22 314 1106 5000 8192 0 1000000000
233 37 11756 5000 8192 0 1000000000
60 242 2945 5000 8192 0 1000000000
18 22 945 5000 8192 0 1000000000
84 270 4314 5000 8192 0 1000000000
78 190 3900 5000 8192 0 1000000000
52 280 2528 5000 8192 0 1000000000
47 167 2290 5000 8192 0 1000000000
47 126 2249 5000 8192 0 1000000000
202 61 9954 5000 8192 0 1000000000
217 3 10854 5000 8192 0 1000000000
104 143 4990 5000 8192 0 1000000000
2 28 116 5000 8192 0 1000000000
29 317 1424 5000 8192 0 1000000000
266 273 13515 5000 8192 0 1000000000
252 9 12846 5000 8192 0 1000000000
214 11 10700 5000 8192 0 1000000000
274 209 13951 5000 8192 0 1000000000
30 12 1485 5000 8192 0 1000000000
119 220 5828 5000 8192 0 1000000000
261 23 13211 5000 8192 0 1000000000
267 155 13583 5000 8192 0 1000000000
272 63 13896 5000 8192 0 1000000000
112 203 5393 5000 8192 0 1000000000
78 295 3909 5000 8192 0 1000000000
191 11 9444 5000 8192 0 1000000000
87 145 4415 5000 8192 0 1000000000
143 19 7027 5000 8192 0 1000000000
219 67 10979 5000 8192 0 1000000000
152 172 7510 5000 8192 0 1000000000
219 244 10977 5000 8192 0 1000000000
219 65 10993 5000 8192 0 1000000000
102 202 4936 5000 8192 0 1000000000
43 228 2093 5000 8192 0 1000000000
123 251 5988 5000 8192 0 1000000000
56 137 2727 5000 8192 0 1000000000
57 166 2748 5000 8192 0 1000000000
144 29 7141 5000 8192 0 1000000000
21 78 1035 5000 8192 0 1000000000
298 194 15300 5000 8192 0 1000000000
124 57 6031 5000 8192 0 1000000000
187 254 9231 5000 8192 0 1000000000
65 41 3310 5000 8192 0 1000000000
308 261 15782 5000 8192 0 1000000000
215 70 10735 5000 8192 0 1000000000
210 87 10402 5000 8192 0 1000000000
153 305 7586 5000 8192 0 1000000000
92 112 4606 5000 8192 0 1000000000
264 284 13364 5000 8192 0 1000000000
35 295 1714 5000 8192 0 1000000000
23 13 1205 5000 8192 0 1000000000
168 315 8322 5000 8192 0 1000000000
35 164 1699 5000 8192 0 1000000000
150 190 7454 5000 8192 0 1000000000
43 301 2085 5000 8192 0 1000000000
196 275 9719 5000 8192 0 1000000000
247 267 12683 5000 8192 0 1000000000
49 69 2328 5000 8192 0 1000000000
304 111 15541 5000 8192 0 1000000000
204 279 10103 5000 8192 0 1000000000
178 21 8750 5000 8192 0 1000000000
165 310 8214 5000 8192 0 1000000000
8 34 388 5000 8192 0 1000000000
310 47 15915 5000 8192 0 1000000000
277 309 14047 5000 8192 0 1000000000
304 71 15513 5000 8192 0 1000000000
117 176 5692 5000 8192 0 1000000000
115 265 5585 5000 8192 0 1000000000
60 305 2956 5000 8192 0 1000000000
184 264 9020 5000 8192 0 1000000000
306 70 15693 5000 8192 0 1000000000
235 98 11875 5000 8192 0 1000000000
297 199 15216 5000 8192 0 1000000000
