52 183 2507 5000 8192 0 1000000000
18 185 908 5000 8192 0 1000000000
220 184 11091 5000 8192 0 1000000000
161 33 7924 5000 8192 0 1000000000
305 89 15571 5000 8192 0 1000000000
140 179 6864 5000 8192 0 1000000000
138 300 6828 5000 8192 0 1000000000
54 7 2580 5000 8192 0 1000000000
82 46 4187 5000 8192 0 1000000000
184 16 9022 5000 8192 0 1000000000
236 249 11977 5000 8192 0 1000000000
194 165 9620 5000 8192 0 1000000000
35 5 1674 5000 8192 0 1000000000
196 223 9744 5000 8192 0 1000000000
262 319 13289 5000 8192 0 1000000000
64 103 3230 5000 8192 0 1000000000
313 186 16041 5000 8192 0 1000000000
68 45 3470 5000 8192 0 1000000000
23 75 1181 5000 8192 0 1000000000
277 293 14050 5000 8192 0 1000000000
20 190 988 5000 8192 0 1000000000
164 57 8153 5000 8192 0 1000000000
264 76 13334 5000 8192 0 1000000000
313 183 16042 5000 8192 0 1000000000
125 117 6083 5000 8192 0 1000000000
206 123 10224 5000 8192 0 1000000000
242 63 12312 5000 8192 0 1000000000
31 111 1570 5000 8192 0 1000000000
7 88 353 5000 8192 0 1000000000
215 303 10740 5000 8192 0 1000000000
264 81 13344 5000 8192 0 1000000000
226 146 11468 5000 8192 0 1000000000
51 49 2469 5000 8192 0 1000000000
41 115 1962 5000 8192 0 1000000000
12 246 572 5000 8192 0 1000000000
208 6 10271 5000 8192 0 1000000000
224 304 11295 5000 8192 0 1000000000
277 281 14095 5000 8192 0 1000000000
318 250 16246 5000 8192 0 1000000000
160 123 7851 5000 8192 0 1000000000
2 300 66 5000 8192 0 1000000000
222 100 11163 5000 8192 0 1000000000
45 158 2209 5000 8192 0 1000000000
276 47 13984 5000 8192 0 1000000000
282 311 14407 5000 8192 0 1000000000
307 231 15746 5000 8192 0 1000000000
234 192 11799 5000 8192 0 1000000000
255 80 12956 5000 8192 0 1000000000
123 265 5962 5000 8192 0 1000000000
101 39 4892 5000 8192 0 1000000000
217 226 10887 5000 8192 0 1000000000
129 257 6381 5000 8192 0 1000000000
113 228 5451 5000 8192 0 1000000000
81 57 4109 5000 8192 0 1000000000
51 106 2457 5000 8192 0 1000000000
62 218 3107 5000 8192 0 1000000000
12 42 526 5000 8192 0 1000000000
293 281 15011 5000 8192 0 1000000000
187 303 9230 5000 8192 0 1000000000
87 235 4451 5000 8192 0 1000000000
165 191 8222 5000 8192 0 1000000000
265 203 13450 5000 8192 0 1000000000
142 100 6977 5000 8192 0 1000000000
261 16 13257 5000 8192 0 1000000000
111 28 5348 5000 8192 0 1000000000
181 47 8863 5000 8192 0 1000000000
98 95 4801 5000 8192 0 1000000000
23 165 1172 5000 8192 0 1000000000
212 23 10525 5000 8192 0 1000000000
129 141 6323 5000 8192 0 1000000000
258 271 13066 5000 8192 0 1000000000
115 100 5564 5000 8192 0 1000000000
145 311 7199 5000 8192 0 1000000000
240 304 12204 5000 8192 0 1000000000
220 48 11052 5000 8192 0 1000000000
242 161 12324 5000 8192 0 1000000000
47 223 2246 5000 8192 0 1000000000
298 275 15255 5000 8192 0 1000000000
115 190 5586 5000 8192 0 1000000000
116 265 5637 5000 8192 0 1000000000
205 87 10198 5000 8192 0 1000000000
181 98 8888 5000 8192 0 1000000000
297 228 15242 5000 8192 0 1000000000
224 72 11351 5000 8192 0 1000000000
237 111 12027 5000 8192 0 1000000000
318 117 16252 5000 8192 0 1000000000
129 111 6348 5000 8192 0 1000000000
162 191 7981 5000 8192 0 1000000000
202 194 9969 5000 8192 0 1000000000
198 255 9871 5000 8192 0 1000000000
236 101 11947 5000 8192 0 1000000000
43 250 2083 5000 8192 0 1000000000
156 308 7671 5000 8192 0 1000000000
286 268 14570 5000 8192 0 1000000000
63 110 3147 5000 8192 0 1000000000
277 298 14079 5000 8192 0 1000000000
12 286 544 5000 8192 0 1000000000
174 319 8549 5000 8192 0 1000000000
17 133 847 5000 8192 0 1000000000
56 11 2683 5000 8192 0 1000000000
211 210 10489 5000 8192 0 1000000000
165 295 8197 5000 8192 0 1000000000
29 188 1417 5000 8192 0 1000000000
69 265 3546 5000 8192 0 1000000000
288 233 14704 5000 8192 0 1000000000
67 81 3385 5000 8192 0 1000000000
238 251 12100 5000 8192 0 1000000000
293 150 15045 5000 8192 0 1000000000
223 46 11271 5000 8192 0 1000000000
175 106 8665 5000 8192 0 1000000000
240 21 12236 5000 8192 0 1000000000
181 281 8884 5000 8192 0 1000000000
267 136 13571 5000 8192 0 1000000000
193 69 9506 5000 8192 0 1000000000
248 274 12746 5000 8192 0 1000000000
261 205 13218 5000 8192 0 1000000000
144 262 7100 5000 8192 0 1000000000
152 40 7486 5000 8192 0 1000000000
235 250 11868 5000 8192 0 1000000000
21 221 1069 5000 8192 0 1000000000
288 0 14687 5000 8192 0 1000000000
260 96 13168 5000 8192 0 1000000000
224 173 11309 5000 8192 0 1000000000
281 108 14350 5000 8192 0 1000000000
261 259 13238 5000 8192 0 1000000000
50 244 2418 5000 8192 0 1000000000
277 70 14075 5000 8192 0 1000000000
158 288 7727 5000 8192 0 1000000000
23 173 1211 5000 8192 0 1000000000
218 173 10944 5000 8192 0 1000000000
39 207 1798 5000 8192 0 1000000000
161 35 7923 5000 8192 0 1000000000
260 137 13148 5000 8192 0 1000000000
21 302 1027 5000 8192 0 1000000000
285 92 14509 5000 8192 0 1000000000
249 90 12765 5000 8192 0 1000000000
28 293 1400 5000 8192 0 1000000000
167 251 8235 5000 8192 0 1000000000
15 210 761 5000 8192 0 1000000000
211 188 10517 5000 8192 0 1000000000
194 142 9615 5000 8192 0 1000000000
51 288 2454 5000 8192 0 1000000000
292 49 14984 5000 8192 0 1000000000
272 173 13878 5000 8192 0 1000000000
205 215 10153 5000 8192 0 1000000000
298 99 15265 5000 8192 0 1000000000
191 198 9469 5000 8192 0 1000000000
65 1 3299 5000 8192 0 1000000000
130 23 6405 5000 8192 0 1000000000
27 305 1331 5000 8192 0 1000000000
43 180 2050 5000 8192 0 1000000000
179 13 8852 5000 8192 0 1000000000
155 251 7622 5000 8192 0 1000000000
16 140 772 5000 8192 0 1000000000
300 278 15340 5000 8192 0 1000000000
282 182 14410 5000 8192 0 1000000000
239 284 12125 5000 8192 0 1000000000
281 104 14303 5000 8192 0 1000000000
280 293 14226 5000 8192 0 1000000000
113 130 5476 5000 8192 0 1000000000
82 17 4154 5000 8192 0 1000000000
0 36 21 5000 8192 0 1000000000
128 199 6282 5000 8192 0 1000000000
194 53 9580 5000 8192 0 1000000000
164 197 8097 5000 8192 0 1000000000
236 209 11946 5000 8192 0 1000000000
124 75 6011 5000 8192 0 1000000000
308 142 15818 5000 8192 0 1000000000
147 121 7223 5000 8192 0 1000000000
113 236 5486 5000 8192 0 1000000000
121 120 5888 5000 8192 0 1000000000
243 129 12390 5000 8192 0 1000000000
14 263 653 5000 8192 0 1000000000
293 133 15004 5000 8192 0 1000000000
14 204 665 5000 8192 0 1000000000
229 107 11529 5000 8192 0 1000000000
172 71 8471 5000 8192 0 1000000000
174 48 8576 5000 8192 0 1000000000
184 122 9019 5000 8192 0 1000000000
242 16 12367 5000 8192 0 1000000000
316 278 16144 5000 8192 0 1000000000
63 97 3149 5000 8192 0 1000000000
232 8 11710 5000 8192 0 1000000000
226 256 11478 5000 8192 0 1000000000
73 174 3762 5000 8192 0 1000000000
224 30 11343 5000 8192 0 1000000000
51 172 2444 5000 8192 0 1000000000
31 295 1545 5000 8192 0 1000000000
13 235 600 5000 8192 0 1000000000
196 234 9745 5000 8192 0 1000000000
150 154 7440 5000 8192 0 1000000000
130 95 6413 5000 8192 0 1000000000
298 21 15301 5000 8192 0 1000000000
52 74 2513 5000 8192 0 1000000000
80 27 4049 5000 8192 0 1000000000
248 25 12754 5000 8192 0 1000000000
140 193 6846 5000 8192 0 1000000000
16 319 814 5000 8192 0 1000000000
318 49 16264 5000 8192 0 1000000000
306 93 15633 5000 8192 0 1000000000
165 194 8188 5000 8192 0 1000000000
319 244 16311 5000 8192 0 1000000000
235 22 11892 5000 8192 0 1000000000
230 170 11571 5000 8192 0 1000000000
209 113 10352 5000 8192 0 1000000000
291 241 14906 5000 8192 0 1000000000
254 87 12930 5000 8192 0 1000000000
129 65 6377 5000 8192 0 1000000000
290 17 14846 5000 8192 0 1000000000
274 279 13947 5000 8192 0 1000000000
194 299 9614 5000 8192 0 1000000000
125 207 6115 5000 8192 0 1000000000
244 310 12496 5000 8192 0 1000000000
167 206 8244 5000 8192 0 1000000000
284 108 14475 5000 8192 0 1000000000
313 311 16046 5000 8192 0 1000000000
191 259 9445 5000 8192 0 1000000000
98 294 4842 5000 8192 0 1000000000
42 16 1996 5000 8192 0 1000000000
138 93 6825 5000 8192 0 1000000000
318 263 16208 5000 8192 0 1000000000
280 286 14239 5000 8192 0 1000000000
154 132 16400 5000 16777216 1 1000000000
144 245 7117 5000 8192 0 1000000000
293 55 15048 5000 8192 0 1000000000
286 274 14582 5000 8192 0 1000000000
18 36 956 5000 8192 0 1000000000
23 170 1182 5000 8192 0 1000000000
231 8 11635 5000 8192 0 1000000000
285 213 14531 5000 8192 0 1000000000
148 107 7316 5000 8192 0 1000000000
155 223 7589 5000 8192 0 1000000000
113 123 5482 5000 8192 0 1000000000
191 69 9493 5000 8192 0 1000000000
57 18 2800 5000 8192 0 1000000000
158 163 7720 5000 8192 0 1000000000
265 205 13396 5000 8192 0 1000000000
153 242 7565 5000 8192 0 1000000000
55 112 2641 5000 8192 0 1000000000
124 178 6047 5000 8192 0 1000000000
315 268 16087 5000 8192 0 1000000000
197 301 9798 5000 8192 0 1000000000
107 251 5043 5000 8192 0 1000000000
194 9 9600 5000 8192 0 1000000000
109 145 5228 5000 8192 0 1000000000
58 299 2850 5000 8192 0 1000000000
60 118 2985 5000 8192 0 1000000000
136 293 6666 5000 8192 0 1000000000
45 220 2232 5000 8192 0 1000000000
235 173 11869 5000 8192 0 1000000000
143 110 7020 5000 8192 0 1000000000
290 271 14844 5000 8192 0 1000000000
109 210 5174 5000 8192 0 1000000000
236 104 11979 5000 8192 0 1000000000
313 37 16072 5000 8192 0 1000000000
153 127 7585 5000 8192 0 1000000000
6 60 294 5000 8192 0 1000000000
16 153 776 5000 8192 0 1000000000
205 86 10154 5000 8192 0 1000000000
73 2 3758 5000 8192 0 1000000000
60 121 2942 5000 8192 0 1000000000
304 39 15540 5000 8192 0 1000000000
288 197 14710 5000 8192 0 1000000000
36 9 1758 5000 8192 0 1000000000
68 178 3498 5000 8192 0 1000000000
97 46 4751 5000 8192 0 1000000000
119 293 5822 5000 8192 0 1000000000
224 84 11333 5000 8192 0 1000000000
7 33 334 5000 8192 0 1000000000
165 263 8220 5000 8192 0 1000000000
149 75 7345 5000 8192 0 1000000000
265 150 13410 5000 8192 0 1000000000
313 233 16026 5000 8192 0 1000000000
281 304 14314 5000 8192 0 1000000000
2 318 101 5000 8192 0 1000000000
60 284 2988 5000 8192 0 1000000000
40 307 1899 5000 8192 0 1000000000
183 163 8988 5000 8192 0 1000000000
235 257 11863 5000 8192 0 1000000000
203 68 10021 5000 8192 0 1000000000
32 63 1604 5000 8192 0 1000000000
153 206 7528 5000 8192 0 1000000000
76 232 3870 5000 8192 0 1000000000
221 232 11136 5000 8192 0 1000000000
296 69 15144 5000 8192 0 1000000000
122 46 16422 5000 16777216 1 1000000000
141 307 6930 5000 8192 0 1000000000
290 226 14856 5000 8192 0 1000000000
69 221 3514 5000 8192 0 1000000000
57 54 2783 5000 8192 0 1000000000
70 141 3576 5000 8192 0 1000000000
56 284 2735 5000 8192 0 1000000000
216 5 10803 5000 8192 0 1000000000
203 256 10024 5000 8192 0 1000000000
312 177 15983 5000 8192 0 1000000000
162 301 8002 5000 8192 0 1000000000
163 292 8072 5000 8192 0 1000000000
178 37 8748 5000 8192 0 1000000000
185 144 9062 5000 8192 0 1000000000
244 313 12439 5000 8192 0 1000000000
42 304 1994 5000 8192 0 1000000000
194 159 9587 5000 8192 0 1000000000
4 310 251 5000 8192 0 1000000000
63 233 3166 5000 8192 0 1000000000
247 261 12646 5000 8192 0 1000000000
264 132 13358 5000 8192 0 1000000000
234 54 11842 5000 8192 0 1000000000
15 243 746 5000 8192 0 1000000000
138 100 6811 5000 8192 0 1000000000
293 139 14995 5000 8192 0 1000000000
9 284 487 5000 8192 0 1000000000
134 271 6513 5000 8192 0 1000000000
305 283 15612 5000 8192 0 1000000000
36 218 1747 5000 8192 0 1000000000
202 43 9979 5000 8192 0 1000000000
79 184 4001 5000 8192 0 1000000000
13 40 576 5000 8192 0 1000000000
84 92 4275 5000 8192 0 1000000000
79 188 3989 5000 8192 0 1000000000
184 276 9017 5000 8192 0 1000000000
108 112 5140 5000 8192 0 1000000000
295 118 15096 5000 8192 0 1000000000
60 67 2944 5000 8192 0 1000000000
215 80 10713 5000 8192 0 1000000000
197 127 9815 5000 8192 0 1000000000
243 84 12429 5000 8192 0 1000000000
266 27 13473 5000 8192 0 1000000000
67 259 3440 5000 8192 0 1000000000
168 235 8299 5000 8192 0 1000000000
84 2 4300 5000 8192 0 1000000000
282 180 14380 5000 8192 0 1000000000
236 292 11983 5000 8192 0 1000000000
259 75 13088 5000 8192 0 1000000000
21 97 1047 5000 8192 0 1000000000
236 216 11965 5000 8192 0 1000000000
213 113 10598 5000 8192 0 1000000000
59 151 2935 5000 8192 0 1000000000
179 82 8845 5000 8192 0 1000000000
190 101 9385 5000 8192 0 1000000000
121 270 5877 5000 8192 0 1000000000
4 319 215 5000 8192 0 1000000000
121 59 5923 5000 8192 0 1000000000
176 97 8710 5000 8192 0 1000000000
286 135 14585 5000 8192 0 1000000000
40 153 1909 5000 8192 0 1000000000
17 175 863 5000 8192 0 1000000000
237 311 12014 5000 8192 0 1000000000
138 271 6769 5000 8192 0 1000000000
204 182 10093 5000 8192 0 1000000000
70 181 3595 5000 8192 0 1000000000
150 217 7427 5000 8192 0 1000000000
3 156 168 5000 8192 0 1000000000
305 23 15605 5000 8192 0 1000000000
52 9 2491 5000 8192 0 1000000000
220 97 11077 5000 8192 0 1000000000
204 231 10112 5000 8192 0 1000000000
144 257 7138 5000 8192 0 1000000000
155 138 7632 5000 8192 0 1000000000
80 6 4064 5000 8192 0 1000000000
235 38 11919 5000 8192 0 1000000000
218 223 10930 5000 8192 0 1000000000
230 229 11600 5000 8192 0 1000000000
190 129 9383 5000 8192 0 1000000000
302 285 15419 5000 8192 0 1000000000
264 20 13340 5000 8192 0 1000000000
3 41 155 5000 8192 0 1000000000
35 284 1663 5000 8192 0 1000000000
91 134 4592 5000 8192 0 1000000000
162 289 7976 5000 8192 0 1000000000
150 222 7424 5000 8192 0 1000000000
30 198 1507 5000 8192 0 1000000000
267 186 13562 5000 8192 0 1000000000
68 304 3506 5000 8192 0 1000000000
49 79 2328 5000 8192 0 1000000000
137 235 6759 5000 8192 0 1000000000
107 195 5083 5000 8192 0 1000000000
307 277 15725 5000 8192 0 1000000000
51 149 2483 5000 8192 0 1000000000
40 23 1864 5000 8192 0 1000000000
231 44 11638 5000 8192 0 1000000000
291 248 14902 5000 8192 0 1000000000
215 124 10734 5000 8192 0 1000000000
8 174 415 5000 8192 0 1000000000
68 34 3447 5000 8192 0 1000000000
136 37 6669 5000 8192 0 1000000000
85 230 4360 5000 8192 0 1000000000
261 105 13217 5000 8192 0 1000000000
126 130 6138 5000 8192 0 1000000000
29 106 1455 5000 8192 0 1000000000
272 223 13860 5000 8192 0 1000000000
238 142 12097 5000 8192 0 1000000000
56 85 2729 5000 8192 0 1000000000
197 220 9769 5000 8192 0 1000000000
205 96 10184 5000 8192 0 1000000000
186 29 9154 5000 8192 0 1000000000
68 166 3460 5000 8192 0 1000000000
28 296 1344 5000 8192 0 1000000000
49 14 2347 5000 8192 0 1000000000
29 37 1441 5000 8192 0 1000000000
147 271 7227 5000 8192 0 1000000000
66 153 3358 5000 8192 0 1000000000
28 216 1366 5000 8192 0 1000000000
147 270 7268 5000 8192 0 1000000000
287 263 14608 5000 8192 0 1000000000
261 312 13208 5000 8192 0 1000000000
194 120 9625 5000 8192 0 1000000000
305 48 15586 5000 8192 0 1000000000
246 176 12606 5000 8192 0 1000000000
8 285 405 5000 8192 0 1000000000
278 174 14115 5000 8192 0 1000000000
235 181 11871 5000 8192 0 1000000000
66 135 3342 5000 8192 0 1000000000
137 38 6747 5000 8192 0 1000000000
201 198 9888 5000 8192 0 1000000000
178 298 8758 5000 8192 0 1000000000
293 26 15024 5000 8192 0 1000000000
284 281 14443 5000 8192 0 1000000000
246 142 12619 5000 8192 0 1000000000
62 178 3120 5000 8192 0 1000000000
45 201 2185 5000 8192 0 1000000000
6 175 299 5000 8192 0 1000000000
119 22 5847 5000 8192 0 1000000000
226 8 11452 5000 8192 0 1000000000
23 135 1188 5000 8192 0 1000000000
315 245 16119 5000 8192 0 1000000000
279 254 14205 5000 8192 0 1000000000
297 269 15211 5000 8192 0 1000000000
49 266 2354 5000 8192 0 1000000000
185 19 9078 5000 8192 0 1000000000
186 293 9169 5000 8192 0 1000000000
68 305 3457 5000 8192 0 1000000000
172 87 8445 5000 8192 0 1000000000
220 247 11058 5000 8192 0 1000000000
20 227 1014 5000 8192 0 1000000000
109 34 5221 5000 8192 0 1000000000
87 124 4444 5000 8192 0 1000000000
137 66 6717 5000 8192 0 1000000000
181 256 8868 5000 8192 0 1000000000
123 18 5988 5000 8192 0 1000000000
45 166 2174 5000 8192 0 1000000000
147 228 7235 5000 8192 0 1000000000
246 248 12599 5000 8192 0 1000000000
243 160 12410 5000 8192 0 1000000000
218 128 10929 5000 8192 0 1000000000
144 259 7127 5000 8192 0 1000000000
118 33 5755 5000 8192 0 1000000000
181 53 8910 5000 8192 0 1000000000
121 298 5916 5000 8192 0 1000000000
240 145 12220 5000 8192 0 1000000000
313 310 16047 5000 8192 0 1000000000
27 128 1320 5000 8192 0 1000000000
255 246 12992 5000 8192 0 1000000000
43 231 2081 5000 8192 0 1000000000
287 165 14632 5000 8192 0 1000000000
195 24 9661 5000 8192 0 1000000000
252 171 12860 5000 8192 0 1000000000
51 69 2466 5000 8192 0 1000000000
20 122 1011 5000 8192 0 1000000000
2 66 128 5000 8192 0 1000000000
113 315 5429 5000 8192 0 1000000000
206 165 10223 5000 8192 0 1000000000
70 114 3619 5000 8192 0 1000000000
115 51 5583 5000 8192 0 1000000000
50 220 2391 5000 8192 0 1000000000
302 115 15425 5000 8192 0 1000000000
4 316 197 5000 8192 0 1000000000
84 56 4323 5000 8192 0 1000000000
0 21 49 5000 8192 0 1000000000
208 317 10270 5000 8192 0 1000000000
30 215 1487 5000 8192 0 1000000000
69 54 3527 5000 8192 0 1000000000
226 162 11427 5000 8192 0 1000000000
238 297 12085 5000 8192 0 1000000000
136 179 6662 5000 8192 0 1000000000
128 296 6318 5000 8192 0 1000000000
176 3 8717 5000 8192 0 1000000000
271 203 13821 5000 8192 0 1000000000
316 63 16159 5000 8192 0 1000000000
78 296 3903 5000 8192 0 1000000000
129 7 6356 5000 8192 0 1000000000
246 184 12617 5000 8192 0 1000000000
153 253 7554 5000 8192 0 1000000000
203 55 10075 5000 8192 0 1000000000
51 302 2450 5000 8192 0 1000000000
247 49 12667 5000 8192 0 1000000000
284 218 14479 5000 8192 0 1000000000
141 191 6915 5000 8192 0 1000000000
163 34 8075 5000 8192 0 1000000000
68 85 3499 5000 8192 0 1000000000
42 292 2023 5000 8192 0 1000000000
16 178 821 5000 8192 0 1000000000
293 311 15000 5000 8192 0 1000000000
260 123 13159 5000 8192 0 1000000000
216 111 10785 5000 8192 0 1000000000
300 215 15355 5000 8192 0 1000000000
230 253 11598 5000 8192 0 1000000000
287 281 14643 5000 8192 0 1000000000
318 172 16241 5000 8192 0 1000000000
39 252 1818 5000 8192 0 1000000000
278 178 14140 5000 8192 0 1000000000
274 88 13943 5000 8192 0 1000000000
282 134 14356 5000 8192 0 1000000000
312 235 15992 5000 8192 0 1000000000
134 60 6542 5000 8192 0 1000000000
196 151 9717 5000 8192 0 1000000000
136 172 6680 5000 8192 0 1000000000
280 114 14271 5000 8192 0 1000000000
32 200 1646 5000 8192 0 1000000000
233 85 11747 5000 8192 0 1000000000
110 166 5291 5000 8192 0 1000000000
43 31 2097 5000 8192 0 1000000000
116 18 5663 5000 8192 0 1000000000
211 47 10511 5000 8192 0 1000000000
156 67 7665 5000 8192 0 1000000000
128 263 6299 5000 8192 0 1000000000
127 192 6220 5000 8192 0 1000000000
50 190 2381 5000 8192 0 1000000000
97 290 4763 5000 8192 0 1000000000
140 186 6888 5000 8192 0 1000000000
215 111 10736 5000 8192 0 1000000000
108 194 5109 5000 8192 0 1000000000
63 239 3139 5000 8192 0 1000000000
92 105 4607 5000 8192 0 1000000000
62 298 3079 5000 8192 0 1000000000
215 81 10714 5000 8192 0 1000000000
79 205 3984 5000 8192 0 1000000000
158 104 7732 5000 8192 0 1000000000
45 160 2218 5000 8192 0 1000000000
248 51 12730 5000 8192 0 1000000000
85 251 4368 5000 8192 0 1000000000
76 243 3831 5000 8192 0 1000000000
261 265 13223 5000 8192 0 1000000000
147 74 7251 5000 8192 0 1000000000
291 246 14867 5000 8192 0 1000000000
3 210 180 5000 8192 0 1000000000
286 209 14546 5000 8192 0 1000000000
285 75 14499 5000 8192 0 1000000000
9 237 488 5000 8192 0 1000000000
160 116 7906 5000 8192 0 1000000000
90 241 4473 5000 8192 0 1000000000
213 167 10626 5000 8192 0 1000000000
307 64 15745 5000 8192 0 1000000000
63 74 3177 5000 8192 0 1000000000
201 88 9931 5000 8192 0 1000000000
249 278 12763 5000 8192 0 1000000000
108 3 5131 5000 8192 0 1000000000
56 179 2732 5000 8192 0 1000000000
13 303 634 5000 8192 0 1000000000
291 43 14916 5000 8192 0 1000000000
44 261 2127 5000 8192 0 1000000000
293 257 15027 5000 8192 0 1000000000
236 217 11949 5000 8192 0 1000000000
90 176 4526 5000 8192 0 1000000000
210 215 10454 5000 8192 0 1000000000
276 90 14003 5000 8192 0 1000000000
237 251 12007 5000 8192 0 1000000000
12 195 569 5000 8192 0 1000000000
254 90 12885 5000 8192 0 1000000000
136 157 6651 5000 8192 0 1000000000
41 197 1916 5000 8192 0 1000000000
153 142 7543 5000 8192 0 1000000000
178 279 8743 5000 8192 0 1000000000
262 318 13319 5000 8192 0 1000000000
108 106 5149 5000 8192 0 1000000000
131 116 6486 5000 8192 0 1000000000
80 117 4073 5000 8192 0 1000000000
119 281 5817 5000 8192 0 1000000000
208 44 10268 5000 8192 0 1000000000
219 14 10975 5000 8192 0 1000000000
90 231 4506 5000 8192 0 1000000000
41 318 1942 5000 8192 0 1000000000
201 119 9923 5000 8192 0 1000000000
91 285 4550 5000 8192 0 1000000000
111 249 5311 5000 8192 0 1000000000
58 118 2828 5000 8192 0 1000000000
142 44 7017 5000 8192 0 1000000000
187 85 9195 5000 8192 0 1000000000
247 227 12663 5000 8192 0 1000000000
47 40 2275 5000 8192 0 1000000000
223 173 11261 5000 8192 0 1000000000
194 230 9578 5000 8192 0 1000000000
21 252 1026 5000 8192 0 1000000000
124 39 6004 5000 8192 0 1000000000
190 118 9415 5000 8192 0 1000000000
312 107 15974 5000 8192 0 1000000000
252 218 12842 5000 8192 0 1000000000
51 29 2447 5000 8192 0 1000000000
281 111 14348 5000 8192 0 1000000000
166 10 16364 5000 16777216 1 1000000000
134 109 6541 5000 8192 0 1000000000
2 125 119 5000 8192 0 1000000000
269 284 13664 5000 8192 0 1000000000
125 55 6113 5000 8192 0 1000000000
6 308 297 5000 8192 0 1000000000
153 227 7566 5000 8192 0 1000000000
36 34 1779 5000 8192 0 1000000000
54 128 2586 5000 8192 0 1000000000
277 22 14094 5000 8192 0 1000000000
143 251 7060 5000 8192 0 1000000000
174 111 8583 5000 8192 0 1000000000
70 160 3577 5000 8192 0 1000000000
92 281 4629 5000 8192 0 1000000000
230 224 11545 5000 8192 0 1000000000
255 79 13001 5000 8192 0 1000000000
210 110 10455 5000 8192 0 1000000000
233 144 11740 5000 8192 0 1000000000
112 18 5411 5000 8192 0 1000000000
113 67 5463 5000 8192 0 1000000000
97 242 4721 5000 8192 0 1000000000
44 249 2171 5000 8192 0 1000000000
242 225 12357 5000 8192 0 1000000000
114 246 5508 5000 8192 0 1000000000
142 242 6980 5000 8192 0 1000000000
194 278 9599 5000 8192 0 1000000000
230 240 11560 5000 8192 0 1000000000
262 171 13297 5000 8192 0 1000000000
249 73 12818 5000 8192 0 1000000000
43 208 2076 5000 8192 0 1000000000
130 309 6446 5000 8192 0 1000000000
78 239 3940 5000 8192 0 1000000000
114 175 5505 5000 8192 0 1000000000
291 288 14870 5000 8192 0 1000000000
174 93 8591 5000 8192 0 1000000000
264 76 13363 5000 8192 0 1000000000
162 42 8003 5000 8192 0 1000000000
104 295 4984 5000 8192 0 1000000000
15 24 763 5000 8192 0 1000000000
236 155 11940 5000 8192 0 1000000000
225 200 11372 5000 8192 0 1000000000
116 176 5651 5000 8192 0 1000000000
219 243 10996 5000 8192 0 1000000000
51 246 2426 5000 8192 0 1000000000
55 135 2618 5000 8192 0 1000000000
307 227 15712 5000 8192 0 1000000000
57 248 2791 5000 8192 0 1000000000
229 254 11532 5000 8192 0 1000000000
204 279 10114 5000 8192 0 1000000000
137 278 6712 5000 8192 0 1000000000
124 69 6034 5000 8192 0 1000000000
24 124 1239 5000 8192 0 1000000000
209 166 10376 5000 8192 0 1000000000
125 314 6084 5000 8192 0 1000000000
43 213 2045 5000 8192 0 1000000000
134 164 6548 5000 8192 0 1000000000
289 186 14783 5000 8192 0 1000000000
112 281 5362 5000 8192 0 1000000000
22 3 1113 5000 8192 0 1000000000
131 305 6470 5000 8192 0 1000000000
76 317 3874 5000 8192 0 1000000000
49 245 2327 5000 8192 0 1000000000
38 314 16379 5000 16777216 1 1000000000
195 200 9686 5000 8192 0 1000000000
18 237 940 5000 8192 0 1000000000
280 272 14231 5000 8192 0 1000000000
135 306 6604 5000 8192 0 1000000000
167 281 8234 5000 8192 0 1000000000
59 102 2893 5000 8192 0 1000000000
102 257 4915 5000 8192 0 1000000000
214 126 10693 5000 8192 0 1000000000
158 48 7777 5000 8192 0 1000000000
203 17 10049 5000 8192 0 1000000000
95 297 4663 5000 8192 0 1000000000
191 258 9487 5000 8192 0 1000000000
85 107 4383 5000 8192 0 1000000000
248 268 12741 5000 8192 0 1000000000
85 82 4372 5000 8192 0 1000000000
274 240 13927 5000 8192 0 1000000000
164 282 8151 5000 8192 0 1000000000
241 230 12289 5000 8192 0 1000000000
60 202 2948 5000 8192 0 1000000000
213 296 10613 5000 8192 0 1000000000
82 23 4163 5000 8192 0 1000000000
150 233 7459 5000 8192 0 1000000000
206 120 10229 5000 8192 0 1000000000
286 285 14555 5000 8192 0 1000000000
164 122 8128 5000 8192 0 1000000000
212 255 10580 5000 8192 0 1000000000
135 48 6622 5000 8192 0 1000000000
312 27 15958 5000 8192 0 1000000000
35 14 1700 5000 8192 0 1000000000
172 220 8477 5000 8192 0 1000000000
225 34 11381 5000 8192 0 1000000000
169 79 8364 5000 8192 0 1000000000
204 34 10134 5000 8192 0 1000000000
39 171 1830 5000 8192 0 1000000000
298 54 15293 5000 8192 0 1000000000
218 139 10941 5000 8192 0 1000000000
221 242 11140 5000 8192 0 1000000000
24 105 1214 5000 8192 0 1000000000
148 188 7317 5000 8192 0 1000000000
292 244 14954 5000 8192 0 1000000000
196 146 9721 5000 8192 0 1000000000
210 226 10404 5000 8192 0 1000000000
246 103 12608 5000 8192 0 1000000000
238 32 12060 5000 8192 0 1000000000
107 116 5048 5000 8192 0 1000000000
243 34 12379 5000 8192 0 1000000000
149 79 7395 5000 8192 0 1000000000
22 219 1089 5000 8192 0 1000000000
161 246 7944 5000 8192 0 1000000000
66 169 3350 5000 8192 0 1000000000
55 134 2642 5000 8192 0 1000000000
152 100 7484 5000 8192 0 1000000000
21 50 1074 5000 8192 0 1000000000
64 76 3240 5000 8192 0 1000000000
184 142 9052 5000 8192 0 1000000000
208 66 10280 5000 8192 0 1000000000
273 96 16359 5000 16777216 1 1000000000
65 9 3271 5000 8192 0 1000000000
185 76 9111 5000 8192 0 1000000000
183 19 8982 5000 8192 0 1000000000
117 118 5684 5000 8192 0 1000000000
202 256 10001 5000 8192 0 1000000000
206 48 10205 5000 8192 0 1000000000
202 70 9954 5000 8192 0 1000000000
232 169 11673 5000 8192 0 1000000000
186 307 9151 5000 8192 0 1000000000
212 25 10585 5000 8192 0 1000000000
117 101 5723 5000 8192 0 1000000000
286 124 14590 5000 8192 0 1000000000
9 291 463 5000 8192 0 1000000000
318 105 16247 5000 8192 0 1000000000
223 273 11278 5000 8192 0 1000000000
173 257 8506 5000 8192 0 1000000000
281 132 14293 5000 8192 0 1000000000
304 9 15555 5000 8192 0 1000000000
159 257 7782 5000 8192 0 1000000000
279 118 14162 5000 8192 0 1000000000
300 74 15373 5000 8192 0 1000000000
28 236 1348 5000 8192 0 1000000000
193 95 9529 5000 8192 0 1000000000
285 245 14497 5000 8192 0 1000000000
44 165 2161 5000 8192 0 1000000000
130 65 6392 5000 8192 0 1000000000
156 129 7687 5000 8192 0 1000000000
6 235 315 5000 8192 0 1000000000
98 236 4796 5000 8192 0 1000000000
303 281 15486 5000 8192 0 1000000000
219 15 10986 5000 8192 0 1000000000
76 93 3835 5000 8192 0 1000000000
258 150 13072 5000 8192 0 1000000000
298 230 15295 5000 8192 0 1000000000
107 189 5071 5000 8192 0 1000000000
101 106 4909 5000 8192 0 1000000000
272 13 13890 5000 8192 0 1000000000
201 224 9890 5000 8192 0 1000000000
198 0 9837 5000 8192 0 1000000000
160 281 7862 5000 8192 0 1000000000
129 77 6337 5000 8192 0 1000000000
125 10 6110 5000 8192 0 1000000000
42 247 1981 5000 8192 0 1000000000
272 9 13885 5000 8192 0 1000000000
285 192 14480 5000 8192 0 1000000000
16 17 771 5000 8192 0 1000000000
211 160 10471 5000 8192 0 1000000000
309 165 15839 5000 8192 0 1000000000
292 282 14947 5000 8192 0 1000000000
42 267 2027 5000 8192 0 1000000000
219 83 11013 5000 8192 0 1000000000
181 10 8899 5000 8192 0 1000000000
35 135 1660 5000 8192 0 1000000000
49 18 2313 5000 8192 0 1000000000
63 86 3140 5000 8192 0 1000000000
270 229 13729 5000 8192 0 1000000000
58 117 2837 5000 8192 0 1000000000
201 244 9900 5000 8192 0 1000000000
189 298 9373 5000 8192 0 1000000000
54 111 2553 5000 8192 0 1000000000
128 186 6261 5000 8192 0 1000000000
35 67 1688 5000 8192 0 1000000000
138 186 6795 5000 8192 0 1000000000
47 106 2291 5000 8192 0 1000000000
68 311 3451 5000 8192 0 1000000000
101 303 4887 5000 8192 0 1000000000
108 143 5122 5000 8192 0 1000000000
84 309 4330 5000 8192 0 1000000000
220 14 11046 5000 8192 0 1000000000
281 184 14324 5000 8192 0 1000000000
212 189 10558 5000 8192 0 1000000000
23 259 1159 5000 8192 0 1000000000
163 188 8035 5000 8192 0 1000000000
164 182 8139 5000 8192 0 1000000000
59 17 2899 5000 8192 0 1000000000
246 240 12627 5000 8192 0 1000000000
184 210 9037 5000 8192 0 1000000000
126 52 6145 5000 8192 0 1000000000
295 225 15072 5000 8192 0 1000000000
92 294 4614 5000 8192 0 1000000000
260 168 13184 5000 8192 0 1000000000
233 153 11770 5000 8192 0 1000000000
159 179 7826 5000 8192 0 1000000000
98 104 4812 5000 8192 0 1000000000
188 135 9257 5000 8192 0 1000000000
300 80 15319 5000 8192 0 1000000000
40 239 1911 5000 8192 0 1000000000
150 189 7451 5000 8192 0 1000000000
233 269 11798 5000 8192 0 1000000000
202 3 9955 5000 8192 0 1000000000
83 169 4229 5000 8192 0 1000000000
22 11 1136 5000 8192 0 1000000000
126 40 6185 5000 8192 0 1000000000
217 196 10841 5000 8192 0 1000000000
134 20 6551 5000 8192 0 1000000000
42 165 2043 5000 8192 0 1000000000
167 42 8259 5000 8192 0 1000000000
236 128 11966 5000 8192 0 1000000000
62 131 3091 5000 8192 0 1000000000
184 284 8999 5000 8192 0 1000000000
16 153 813 5000 8192 0 1000000000
40 281 1868 5000 8192 0 1000000000
196 115 9704 5000 8192 0 1000000000
127 307 6206 5000 8192 0 1000000000
264 122 13335 5000 8192 0 1000000000
248 84 12698 5000 8192 0 1000000000
282 269 14414 5000 8192 0 1000000000
9 45 493 5000 8192 0 1000000000
69 168 3538 5000 8192 0 1000000000
125 113 6086 5000 8192 0 1000000000
95 176 4692 5000 8192 0 1000000000
97 31 4764 5000 8192 0 1000000000
241 128 12295 5000 8192 0 1000000000
178 171 8790 5000 8192 0 1000000000
254 282 12932 5000 8192 0 1000000000
97 69 4771 5000 8192 0 1000000000
143 128 7019 5000 8192 0 1000000000
130 164 6432 5000 8192 0 1000000000
187 16 9243 5000 8192 0 1000000000
241 302 12298 5000 8192 0 1000000000
95 58 4683 5000 8192 0 1000000000
2 238 76 5000 8192 0 1000000000
73 224 3741 5000 8192 0 1000000000
70 118 3592 5000 8192 0 1000000000
9 15 476 5000 8192 0 1000000000
58 119 2843 5000 8192 0 1000000000
68 281 3490 5000 8192 0 1000000000
81 28 4104 5000 8192 0 1000000000
91 255 4571 5000 8192 0 1000000000
239 167 12150 5000 8192 0 1000000000
31 226 1578 5000 8192 0 1000000000
13 64 620 5000 8192 0 1000000000
172 200 8437 5000 8192 0 1000000000
285 160 14518 5000 8192 0 1000000000
148 262 7277 5000 8192 0 1000000000
270 203 13740 5000 8192 0 1000000000
145 2 7205 5000 8192 0 1000000000
241 200 12294 5000 8192 0 1000000000
209 56 10356 5000 8192 0 1000000000
313 114 16048 5000 8192 0 1000000000
153 95 7537 5000 8192 0 1000000000
316 278 16158 5000 8192 0 1000000000
56 109 2703 5000 8192 0 1000000000
230 266 11602 5000 8192 0 1000000000
300 127 15320 5000 8192 0 1000000000
22 116 1141 5000 8192 0 1000000000
240 223 12196 5000 8192 0 1000000000
78 257 3902 5000 8192 0 1000000000
107 35 5079 5000 8192 0 1000000000
258 245 13071 5000 8192 0 1000000000
2 190 110 5000 8192 0 1000000000
220 2 11065 5000 8192 0 1000000000
78 238 3925 5000 8192 0 1000000000
108 4 5129 5000 8192 0 1000000000
285 138 14540 5000 8192 0 1000000000
87 150 4462 5000 8192 0 1000000000
40 311 1854 5000 8192 0 1000000000
292 8 14939 5000 8192 0 1000000000
75 172 3806 5000 8192 0 1000000000
287 196 14612 5000 8192 0 1000000000
175 38 8635 5000 8192 0 1000000000
76 43 3855 5000 8192 0 1000000000
266 163 13486 5000 8192 0 1000000000
131 151 6456 5000 8192 0 1000000000
274 108 13959 5000 8192 0 1000000000
92 166 4645 5000 8192 0 1000000000
246 211 12583 5000 8192 0 1000000000
49 306 2355 5000 8192 0 1000000000
172 263 8454 5000 8192 0 1000000000
242 197 12338 5000 8192 0 1000000000
278 32 14155 5000 8192 0 1000000000
29 6 1423 5000 8192 0 1000000000
278 169 14154 5000 8192 0 1000000000
208 250 10284 5000 8192 0 1000000000
316 128 16165 5000 8192 0 1000000000
267 193 13541 5000 8192 0 1000000000
209 177 10359 5000 8192 0 1000000000
316 286 16149 5000 8192 0 1000000000
56 242 2691 5000 8192 0 1000000000
317 77 16397 5000 16777216 1 1000000000
109 287 5181 5000 8192 0 1000000000
236 303 11927 5000 8192 0 1000000000
168 300 8297 5000 8192 0 1000000000
3 204 181 5000 8192 0 1000000000
24 86 1247 5000 8192 0 1000000000
181 23 8877 5000 8192 0 1000000000
276 152 14002 5000 8192 0 1000000000
49 238 2344 5000 8192 0 1000000000
300 133 15345 5000 8192 0 1000000000
69 66 3516 5000 8192 0 1000000000
43 83 2057 5000 8192 0 1000000000
238 217 12071 5000 8192 0 1000000000
203 87 10041 5000 8192 0 1000000000
186 80 9133 5000 8192 0 1000000000
223 318 11236 5000 8192 0 1000000000
121 95 5883 5000 8192 0 1000000000
232 163 11719 5000 8192 0 1000000000
240 296 12219 5000 8192 0 1000000000
4 216 217 5000 8192 0 1000000000
235 212 11884 5000 8192 0 1000000000
65 24 3285 5000 8192 0 1000000000
169 1 8398 5000 8192 0 1000000000
90 14 4478 5000 8192 0 1000000000
143 174 7029 5000 8192 0 1000000000
254 181 12948 5000 8192 0 1000000000
318 292 16260 5000 8192 0 1000000000
246 114 12593 5000 8192 0 1000000000
237 4 12020 5000 8192 0 1000000000
262 271 13292 5000 8192 0 1000000000
149 78 7378 5000 8192 0 1000000000
124 42 6022 5000 8192 0 1000000000
290 211 14863 5000 8192 0 1000000000
138 175 6766 5000 8192 0 1000000000
264 285 13393 5000 8192 0 1000000000
75 234 3828 5000 8192 0 1000000000
159 103 7831 5000 8192 0 1000000000
18 63 942 5000 8192 0 1000000000
43 220 2056 5000 8192 0 1000000000
259 70 13115 5000 8192 0 1000000000
238 37 12080 5000 8192 0 1000000000
141 272 6917 5000 8192 0 1000000000
126 73 6187 5000 8192 0 1000000000
212 27 10574 5000 8192 0 1000000000
319 124 16288 5000 8192 0 1000000000
101 201 4911 5000 8192 0 1000000000
29 289 1421 5000 8192 0 1000000000
212 23 10537 5000 8192 0 1000000000
113 87 5478 5000 8192 0 1000000000
282 191 14377 5000 8192 0 1000000000
97 153 4731 5000 8192 0 1000000000
193 311 9526 5000 8192 0 1000000000
272 232 13902 5000 8192 0 1000000000
42 111 2032 5000 8192 0 1000000000
302 172 15374 5000 8192 0 1000000000
210 237 10401 5000 8192 0 1000000000
202 7 9950 5000 8192 0 1000000000
261 198 13246 5000 8192 0 1000000000
213 84 10635 5000 8192 0 1000000000
201 256 9907 5000 8192 0 1000000000
254 268 12889 5000 8192 0 1000000000
286 153 14572 5000 8192 0 1000000000
235 216 11873 5000 8192 0 1000000000
258 23 13019 5000 8192 0 1000000000
293 289 15025 5000 8192 0 1000000000
42 5 2025 5000 8192 0 1000000000
50 102 2422 5000 8192 0 1000000000
245 213 12514 5000 8192 0 1000000000
281 153 14299 5000 8192 0 1000000000
121 183 5875 5000 8192 0 1000000000
264 228 13373 5000 8192 0 1000000000
68 164 3465 5000 8192 0 1000000000
2 285 78 5000 8192 0 1000000000
276 125 14020 5000 8192 0 1000000000
211 167 10488 5000 8192 0 1000000000
297 81 15234 5000 8192 0 1000000000
24 238 1269 5000 8192 0 1000000000
296 308 15146 5000 8192 0 1000000000
83 312 4237 5000 8192 0 1000000000
29 83 1405 5000 8192 0 1000000000
56 123 2740 5000 8192 0 1000000000
216 122 10783 5000 8192 0 1000000000
172 39 8431 5000 8192 0 1000000000
128 151 6258 5000 8192 0 1000000000
18 179 902 5000 8192 0 1000000000
13 287 608 5000 8192 0 1000000000
243 198 12428 5000 8192 0 1000000000
90 87 4524 5000 8192 0 1000000000
149 174 7374 5000 8192 0 1000000000
153 269 7574 5000 8192 0 1000000000
123 48 5993 5000 8192 0 1000000000
107 157 5086 5000 8192 0 1000000000
302 271 15386 5000 8192 0 1000000000
211 288 10506 5000 8192 0 1000000000
161 61 7954 5000 8192 0 1000000000
223 270 11238 5000 8192 0 1000000000
196 138 9706 5000 8192 0 1000000000
244 40 12473 5000 8192 0 1000000000
52 78 2502 5000 8192 0 1000000000
318 58 16248 5000 8192 0 1000000000
248 276 12696 5000 8192 0 1000000000
84 317 4279 5000 8192 0 1000000000
47 161 2241 5000 8192 0 1000000000
51 148 2443 5000 8192 0 1000000000
119 80 5857 5000 8192 0 1000000000
169 318 8405 5000 8192 0 1000000000
188 284 9300 5000 8192 0 1000000000
92 304 4605 5000 8192 0 1000000000
191 282 9484 5000 8192 0 1000000000
252 37 12824 5000 8192 0 1000000000
71 313 3699 5000 8192 0 1000000000
144 100 7101 5000 8192 0 1000000000
85 274 4370 5000 8192 0 1000000000
221 308 11132 5000 8192 0 1000000000
278 79 14153 5000 8192 0 1000000000
292 182 14942 5000 8192 0 1000000000
70 219 3614 5000 8192 0 1000000000
292 185 14981 5000 8192 0 1000000000
279 295 14197 5000 8192 0 1000000000
313 25 16074 5000 8192 0 1000000000
218 163 10914 5000 8192 0 1000000000
6 258 258 5000 8192 0 1000000000
121 160 5928 5000 8192 0 1000000000
90 287 4485 5000 8192 0 1000000000
150 188 7405 5000 8192 0 1000000000
45 125 2230 5000 8192 0 1000000000
62 132 3092 5000 8192 0 1000000000
218 3 10949 5000 8192 0 1000000000
13 125 590 5000 8192 0 1000000000
177 120 16377 5000 16777216 1 1000000000
239 67 12179 5000 8192 0 1000000000
117 180 5696 5000 8192 0 1000000000
49 98 2337 5000 8192 0 1000000000
194 67 9624 5000 8192 0 1000000000
153 196 7579 5000 8192 0 1000000000
66 105 3330 5000 8192 0 1000000000
101 105 4853 5000 8192 0 1000000000
97 46 4737 5000 8192 0 1000000000
58 233 2861 5000 8192 0 1000000000
145 307 7176 5000 8192 0 1000000000
234 65 11851 5000 8192 0 1000000000
14 9 663 5000 8192 0 1000000000
65 6 3286 5000 8192 0 1000000000
222 138 11187 5000 8192 0 1000000000
237 155 12033 5000 8192 0 1000000000
243 298 12396 5000 8192 0 1000000000
143 52 7068 5000 8192 0 1000000000
270 125 13759 5000 8192 0 1000000000
68 3 3509 5000 8192 0 1000000000
195 309 9650 5000 8192 0 1000000000
202 186 9965 5000 8192 0 1000000000
276 116 13991 5000 8192 0 1000000000
242 62 12339 5000 8192 0 1000000000
152 145 7495 5000 8192 0 1000000000
319 81 16307 5000 8192 0 1000000000
148 228 7330 5000 8192 0 1000000000
92 261 4652 5000 8192 0 1000000000
2 292 106 5000 8192 0 1000000000
307 3 15731 5000 8192 0 1000000000
258 302 13018 5000 8192 0 1000000000
295 258 15091 5000 8192 0 1000000000
302 316 15437 5000 8192 0 1000000000
43 26 2088 5000 8192 0 1000000000
264 96 13383 5000 8192 0 1000000000
217 173 10897 5000 8192 0 1000000000
66 0 3331 5000 8192 0 1000000000
295 166 15057 5000 8192 0 1000000000
169 19 8379 5000 8192 0 1000000000
149 240 7351 5000 8192 0 1000000000
9 252 483 5000 8192 0 1000000000
213 229 10627 5000 8192 0 1000000000
90 124 4500 5000 8192 0 1000000000
215 197 10717 5000 8192 0 1000000000
85 278 4384 5000 8192 0 1000000000
235 215 11887 5000 8192 0 1000000000
79 203 3978 5000 8192 0 1000000000
90 229 4527 5000 8192 0 1000000000
258 306 13074 5000 8192 0 1000000000
87 221 4407 5000 8192 0 1000000000
305 293 15609 5000 8192 0 1000000000
95 94 4709 5000 8192 0 1000000000
160 249 7863 5000 8192 0 1000000000
67 121 3435 5000 8192 0 1000000000
161 49 7962 5000 8192 0 1000000000
169 58 8362 5000 8192 0 1000000000
206 65 10222 5000 8192 0 1000000000
102 100 4913 5000 8192 0 1000000000
123 197 5977 5000 8192 0 1000000000
220 78 11051 5000 8192 0 1000000000
235 122 11894 5000 8192 0 1000000000
56 314 2718 5000 8192 0 1000000000
162 96 8007 5000 8192 0 1000000000
179 157 8820 5000 8192 0 1000000000
162 249 8010 5000 8192 0 1000000000
218 258 10928 5000 8192 0 1000000000
30 224 1501 5000 8192 0 1000000000
203 141 10030 5000 8192 0 1000000000
87 107 4454 5000 8192 0 1000000000
190 314 9393 5000 8192 0 1000000000
159 300 7801 5000 8192 0 1000000000
196 258 9750 5000 8192 0 1000000000
45 130 2211 5000 8192 0 1000000000
63 34 3175 5000 8192 0 1000000000
27 7 1325 5000 8192 0 1000000000
279 247 14167 5000 8192 0 1000000000
187 69 9185 5000 8192 0 1000000000
39 72 1819 5000 8192 0 1000000000
73 56 3727 5000 8192 0 1000000000
47 21 2249 5000 8192 0 1000000000
293 108 15006 5000 8192 0 1000000000
229 114 11540 5000 8192 0 1000000000
305 2 15616 5000 8192 0 1000000000
240 227 12207 5000 8192 0 1000000000
222 139 11218 5000 8192 0 1000000000
69 201 3539 5000 8192 0 1000000000
292 319 14963 5000 8192 0 1000000000
69 121 3568 5000 8192 0 1000000000
244 79 12500 5000 8192 0 1000000000
49 274 2319 5000 8192 0 1000000000
226 139 11424 5000 8192 0 1000000000
110 86 5278 5000 8192 0 1000000000
49 114 2346 5000 8192 0 1000000000
84 316 4282 5000 8192 0 1000000000
52 79 2515 5000 8192 0 1000000000
90 64 4523 5000 8192 0 1000000000
215 294 10768 5000 8192 0 1000000000
14 274 656 5000 8192 0 1000000000
261 319 13230 5000 8192 0 1000000000
149 300 7347 5000 8192 0 1000000000
222 203 11162 5000 8192 0 1000000000
59 178 2876 5000 8192 0 1000000000
7 52 352 5000 8192 0 1000000000
174 37 8552 5000 8192 0 1000000000
102 253 4955 5000 8192 0 1000000000
197 174 9819 5000 8192 0 1000000000
125 182 6091 5000 8192 0 1000000000
198 26 9880 5000 8192 0 1000000000
150 260 7434 5000 8192 0 1000000000
183 259 8979 5000 8192 0 1000000000
219 20 10984 5000 8192 0 1000000000
35 271 1662 5000 8192 0 1000000000
223 188 11251 5000 8192 0 1000000000
144 149 7113 5000 8192 0 1000000000
136 120 6645 5000 8192 0 1000000000
27 255 1281 5000 8192 0 1000000000
189 14 9314 5000 8192 0 1000000000
290 114 14832 5000 8192 0 1000000000
239 24 12118 5000 8192 0 1000000000
261 295 13243 5000 8192 0 1000000000
13 62 598 5000 8192 0 1000000000
137 12 6710 5000 8192 0 1000000000
194 210 9598 5000 8192 0 1000000000
63 301 3161 5000 8192 0 1000000000
162 252 7993 5000 8192 0 1000000000
4 46 237 5000 8192 0 1000000000
229 234 11499 5000 8192 0 1000000000
242 169 12315 5000 8192 0 1000000000
78 128 3926 5000 8192 0 1000000000
223 238 11262 5000 8192 0 1000000000
102 33 4956 5000 8192 0 1000000000
295 255 15082 5000 8192 0 1000000000
0 304 11 5000 8192 0 1000000000
56 45 2720 5000 8192 0 1000000000
49 58 2300 5000 8192 0 1000000000
290 218 14838 5000 8192 0 1000000000
225 231 11359 5000 8192 0 1000000000
159 102 7805 5000 8192 0 1000000000
270 216 13730 5000 8192 0 1000000000
246 146 12577 5000 8192 0 1000000000
268 171 13620 5000 8192 0 1000000000
217 252 10861 5000 8192 0 1000000000
80 194 4043 5000 8192 0 1000000000
98 303 4819 5000 8192 0 1000000000
90 28 4509 5000 8192 0 1000000000
211 300 10516 5000 8192 0 1000000000
58 178 2855 5000 8192 0 1000000000
237 85 12013 5000 8192 0 1000000000
193 214 9527 5000 8192 0 1000000000
108 199 5150 5000 8192 0 1000000000
45 200 2222 5000 8192 0 1000000000
55 209 2634 5000 8192 0 1000000000
218 12 10938 5000 8192 0 1000000000
31 76 1538 5000 8192 0 1000000000
39 273 1808 5000 8192 0 1000000000
114 71 5535 5000 8192 0 1000000000
129 275 6327 5000 8192 0 1000000000
261 175 13215 5000 8192 0 1000000000
209 147 10367 5000 8192 0 1000000000
67 9 3434 5000 8192 0 1000000000
66 50 3378 5000 8192 0 1000000000
213 224 10586 5000 8192 0 1000000000
71 96 3690 5000 8192 0 1000000000
208 12 10269 5000 8192 0 1000000000
18 56 945 5000 8192 0 1000000000
248 220 12716 5000 8192 0 1000000000
45 36 2187 5000 8192 0 1000000000
277 299 14055 5000 8192 0 1000000000
161 138 7909 5000 8192 0 1000000000
279 201 14202 5000 8192 0 1000000000
178 181 8774 5000 8192 0 1000000000
82 87 4161 5000 8192 0 1000000000
165 41 8184 5000 8192 0 1000000000
68 19 3496 5000 8192 0 1000000000
245 86 12522 5000 8192 0 1000000000
113 68 5439 5000 8192 0 1000000000
145 105 7165 5000 8192 0 1000000000
188 105 9307 5000 8192 0 1000000000
161 138 7965 5000 8192 0 1000000000
204 221 10125 5000 8192 0 1000000000
144 317 7115 5000 8192 0 1000000000
149 263 7343 5000 8192 0 1000000000
109 175 5214 5000 8192 0 1000000000
115 275 5566 5000 8192 0 1000000000
3 261 173 5000 8192 0 1000000000
187 49 9192 5000 8192 0 1000000000
254 41 12922 5000 8192 0 1000000000
234 90 11858 5000 8192 0 1000000000
203 19 10059 5000 8192 0 1000000000
79 73 3991 5000 8192 0 1000000000
35 281 1695 5000 8192 0 1000000000
31 302 1565 5000 8192 0 1000000000
318 4 16257 5000 8192 0 1000000000
272 122 13863 5000 8192 0 1000000000
309 231 15860 5000 8192 0 1000000000
214 97 10698 5000 8192 0 1000000000
288 80 14681 5000 8192 0 1000000000
142 91 6992 5000 8192 0 1000000000
17 219 887 5000 8192 0 1000000000
297 219 15243 5000 8192 0 1000000000
203 253 10019 5000 8192 0 1000000000
60 128 2943 5000 8192 0 1000000000
129 257 6354 5000 8192 0 1000000000
24 282 1215 5000 8192 0 1000000000
265 253 13416 5000 8192 0 1000000000
126 207 6132 5000 8192 0 1000000000
2 129 71 5000 8192 0 1000000000
254 13 12907 5000 8192 0 1000000000
212 159 10553 5000 8192 0 1000000000
187 70 9218 5000 8192 0 1000000000
244 114 12478 5000 8192 0 1000000000
30 154 1494 5000 8192 0 1000000000
268 266 13609 5000 8192 0 1000000000
76 119 3865 5000 8192 0 1000000000
297 140 15210 5000 8192 0 1000000000
119 256 5821 5000 8192 0 1000000000
290 18 14841 5000 8192 0 1000000000
144 221 7109 5000 8192 0 1000000000
211 181 10460 5000 8192 0 1000000000
179 297 8829 5000 8192 0 1000000000
91 169 4534 5000 8192 0 1000000000
188 125 9253 5000 8192 0 1000000000
219 139 10995 5000 8192 0 1000000000
126 316 6175 5000 8192 0 1000000000
248 81 12713 5000 8192 0 1000000000
80 240 4057 5000 8192 0 1000000000
272 118 13871 5000 8192 0 1000000000
24 143 1226 5000 8192 0 1000000000
240 17 12232 5000 8192 0 1000000000
98 279 4798 5000 8192 0 1000000000
206 299 10257 5000 8192 0 1000000000
254 92 12944 5000 8192 0 1000000000
293 9 15009 5000 8192 0 1000000000
80 211 4047 5000 8192 0 1000000000
309 255 15875 5000 8192 0 1000000000
113 76 5464 5000 8192 0 1000000000
136 107 6694 5000 8192 0 1000000000
160 3 7858 5000 8192 0 1000000000
130 241 6415 5000 8192 0 1000000000
24 215 1263 5000 8192 0 1000000000
60 168 2957 5000 8192 0 1000000000
127 68 6225 5000 8192 0 1000000000
173 223 8541 5000 8192 0 1000000000
150 254 7410 5000 8192 0 1000000000
126 62 6131 5000 8192 0 1000000000
40 221 1852 5000 8192 0 1000000000
238 15 12098 5000 8192 0 1000000000
70 250 3632 5000 8192 0 1000000000
271 256 13783 5000 8192 0 1000000000
292 268 14987 5000 8192 0 1000000000
160 46 7875 5000 8192 0 1000000000
309 243 15844 5000 8192 0 1000000000
291 6 14883 5000 8192 0 1000000000
0 225 26 5000 8192 0 1000000000
45 46 2203 5000 8192 0 1000000000
143 122 7052 5000 8192 0 1000000000
45 174 2184 5000 8192 0 1000000000
47 197 2296 5000 8192 0 1000000000
21 18 1043 5000 8192 0 1000000000
165 244 8221 5000 8192 0 1000000000
195 144 9651 5000 8192 0 1000000000
313 168 16037 5000 8192 0 1000000000
315 164 16102 5000 8192 0 1000000000
31 105 1586 5000 8192 0 1000000000
175 302 8623 5000 8192 0 1000000000
9 23 477 5000 8192 0 1000000000
144 252 7134 5000 8192 0 1000000000
236 120 11968 5000 8192 0 1000000000
254 315 12901 5000 8192 0 1000000000
160 297 7900 5000 8192 0 1000000000
76 161 3872 5000 8192 0 1000000000
147 239 7266 5000 8192 0 1000000000
7 32 374 5000 8192 0 1000000000
236 207 11973 5000 8192 0 1000000000
142 201 6970 5000 8192 0 1000000000
41 192 1948 5000 8192 0 1000000000
49 195 2315 5000 8192 0 1000000000
185 159 9101 5000 8192 0 1000000000
64 268 3229 5000 8192 0 1000000000
196 173 9696 5000 8192 0 1000000000
175 129 8608 5000 8192 0 1000000000
160 117 7885 5000 8192 0 1000000000
205 39 10178 5000 8192 0 1000000000
262 206 13313 5000 8192 0 1000000000
186 240 9122 5000 8192 0 1000000000
263 34 16376 5000 16777216 1 1000000000
153 246 7542 5000 8192 0 1000000000
317 154 16444 5000 16777216 1 1000000000
29 129 1443 5000 8192 0 1000000000
298 294 15260 5000 8192 0 1000000000
138 18 6781 5000 8192 0 1000000000
265 236 13449 5000 8192 0 1000000000
194 284 9566 5000 8192 0 1000000000
162 151 8024 5000 8192 0 1000000000
110 83 5239 5000 8192 0 1000000000
272 174 13870 5000 8192 0 1000000000
255 151 12989 5000 8192 0 1000000000
118 240 5781 5000 8192 0 1000000000
155 263 7637 5000 8192 0 1000000000
91 180 4582 5000 8192 0 1000000000
116 41 5653 5000 8192 0 1000000000
264 90 13349 5000 8192 0 1000000000
117 86 5692 5000 8192 0 1000000000
312 47 15995 5000 8192 0 1000000000
75 219 3770 5000 8192 0 1000000000
248 149 12749 5000 8192 0 1000000000
225 190 11352 5000 8192 0 1000000000
152 82 7493 5000 8192 0 1000000000
14 140 692 5000 8192 0 1000000000
178 106 8773 5000 8192 0 1000000000
104 132 5025 5000 8192 0 1000000000
280 170 14267 5000 8192 0 1000000000
185 131 9109 5000 8192 0 1000000000
178 219 8785 5000 8192 0 1000000000
56 23 2736 5000 8192 0 1000000000
22 232 1100 5000 8192 0 1000000000
17 291 866 5000 8192 0 1000000000
71 44 3672 5000 8192 0 1000000000
167 69 8231 5000 8192 0 1000000000
135 71 6582 5000 8192 0 1000000000
265 239 13427 5000 8192 0 1000000000
292 225 14941 5000 8192 0 1000000000
136 187 6692 5000 8192 0 1000000000
310 9 15904 5000 8192 0 1000000000
69 234 3513 5000 8192 0 1000000000
284 163 14459 5000 8192 0 1000000000
274 115 13961 5000 8192 0 1000000000
116 185 5621 5000 8192 0 1000000000
230 314 11573 5000 8192 0 1000000000
145 102 7149 5000 8192 0 1000000000
220 284 11064 5000 8192 0 1000000000
20 209 1001 5000 8192 0 1000000000
298 113 15305 5000 8192 0 1000000000
134 293 6524 5000 8192 0 1000000000
156 42 7705 5000 8192 0 1000000000
241 295 12250 5000 8192 0 1000000000
267 61 13554 5000 8192 0 1000000000
145 63 7162 5000 8192 0 1000000000
208 250 10281 5000 8192 0 1000000000
309 53 15845 5000 8192 0 1000000000
226 157 11449 5000 8192 0 1000000000
84 232 4283 5000 8192 0 1000000000
233 317 11753 5000 8192 0 1000000000
14 218 655 5000 8192 0 1000000000
12 68 541 5000 8192 0 1000000000
165 74 8182 5000 8192 0 1000000000
277 288 14083 5000 8192 0 1000000000
30 119 1477 5000 8192 0 1000000000
64 42 3231 5000 8192 0 1000000000
172 117 8417 5000 8192 0 1000000000
69 143 3525 5000 8192 0 1000000000
130 283 6411 5000 8192 0 1000000000
214 202 10696 5000 8192 0 1000000000
206 172 10207 5000 8192 0 1000000000
148 190 7335 5000 8192 0 1000000000
108 231 5114 5000 8192 0 1000000000
39 54 1850 5000 8192 0 1000000000
245 183 12507 5000 8192 0 1000000000
30 47 1505 5000 8192 0 1000000000
248 257 12732 5000 8192 0 1000000000
6 192 314 5000 8192 0 1000000000
229 38 11507 5000 8192 0 1000000000
70 168 3608 5000 8192 0 1000000000
291 91 14886 5000 8192 0 1000000000
204 134 10078 5000 8192 0 1000000000
204 233 10117 5000 8192 0 1000000000
153 47 7536 5000 8192 0 1000000000
266 239 13476 5000 8192 0 1000000000
117 236 5744 5000 8192 0 1000000000
145 2 7155 5000 8192 0 1000000000
73 124 3703 5000 8192 0 1000000000
14 275 693 5000 8192 0 1000000000
220 38 11057 5000 8192 0 1000000000
117 194 5738 5000 8192 0 1000000000
80 248 4023 5000 8192 0 1000000000
83 89 4251 5000 8192 0 1000000000
155 299 7650 5000 8192 0 1000000000
249 292 12800 5000 8192 0 1000000000
306 269 15639 5000 8192 0 1000000000
293 133 14994 5000 8192 0 1000000000
2 12 80 5000 8192 0 1000000000
11 25 16349 5000 16777216 1 1000000000
172 55 8436 5000 8192 0 1000000000
75 34 3816 5000 8192 0 1000000000
178 133 8798 5000 8192 0 1000000000
35 170 1690 5000 8192 0 1000000000
45 187 2172 5000 8192 0 1000000000
137 1 6753 5000 8192 0 1000000000
287 14 14630 5000 8192 0 1000000000
204 165 10085 5000 8192 0 1000000000
249 266 12766 5000 8192 0 1000000000
223 38 11252 5000 8192 0 1000000000
111 124 5354 5000 8192 0 1000000000
159 147 7803 5000 8192 0 1000000000
176 239 8714 5000 8192 0 1000000000
166 86 16416 5000 16777216 1 1000000000
224 199 11291 5000 8192 0 1000000000
304 297 15553 5000 8192 0 1000000000
136 252 6689 5000 8192 0 1000000000
217 51 10863 5000 8192 0 1000000000
91 309 4540 5000 8192 0 1000000000
265 224 13453 5000 8192 0 1000000000
126 112 6174 5000 8192 0 1000000000
187 46 9220 5000 8192 0 1000000000
252 22 12847 5000 8192 0 1000000000
262 178 13295 5000 8192 0 1000000000
237 96 12001 5000 8192 0 1000000000
142 303 7006 5000 8192 0 1000000000
223 244 11277 5000 8192 0 1000000000
244 113 12477 5000 8192 0 1000000000
252 194 12865 5000 8192 0 1000000000
230 261 11584 5000 8192 0 1000000000
306 98 15668 5000 8192 0 1000000000
310 258 15937 5000 8192 0 1000000000
319 93 16279 5000 8192 0 1000000000
183 170 8929 5000 8192 0 1000000000
24 33 1277 5000 8192 0 1000000000
165 294 8202 5000 8192 0 1000000000
142 272 6958 5000 8192 0 1000000000
215 149 10738 5000 8192 0 1000000000
61 203 3031 5000 8192 0 1000000000
169 189 8383 5000 8192 0 1000000000
70 254 3620 5000 8192 0 1000000000
173 81 8501 5000 8192 0 1000000000
29 246 1420 5000 8192 0 1000000000
245 132 12538 5000 8192 0 1000000000
159 55 7798 5000 8192 0 1000000000
246 163 12574 5000 8192 0 1000000000
185 18 9063 5000 8192 0 1000000000
190 302 9434 5000 8192 0 1000000000
233 15 11791 5000 8192 0 1000000000
265 4 13433 5000 8192 0 1000000000
143 43 7046 5000 8192 0 1000000000
187 125 9203 5000 8192 0 1000000000
174 257 8543 5000 8192 0 1000000000
271 111 13813 5000 8192 0 1000000000
163 238 8088 5000 8192 0 1000000000
131 154 6501 5000 8192 0 1000000000
28 98 1385 5000 8192 0 1000000000
285 13 14532 5000 8192 0 1000000000
14 81 688 5000 8192 0 1000000000
189 290 9352 5000 8192 0 1000000000
159 5 7794 5000 8192 0 1000000000
159 113 7830 5000 8192 0 1000000000
142 120 7014 5000 8192 0 1000000000
3 290 151 5000 8192 0 1000000000
156 210 7680 5000 8192 0 1000000000
32 313 1639 5000 8192 0 1000000000
181 34 8867 5000 8192 0 1000000000
43 100 2105 5000 8192 0 1000000000
248 30 12740 5000 8192 0 1000000000
284 0 14463 5000 8192 0 1000000000
125 24 6117 5000 8192 0 1000000000
289 234 14757 5000 8192 0 1000000000
29 16 1434 5000 8192 0 1000000000
213 90 10640 5000 8192 0 1000000000
9 1 460 5000 8192 0 1000000000
39 50 1795 5000 8192 0 1000000000
113 115 5471 5000 8192 0 1000000000
280 8 14282 5000 8192 0 1000000000
235 200 11874 5000 8192 0 1000000000
272 176 13877 5000 8192 0 1000000000
271 197 13793 5000 8192 0 1000000000
156 128 7697 5000 8192 0 1000000000
155 214 7608 5000 8192 0 1000000000
90 229 4484 5000 8192 0 1000000000
216 68 10804 5000 8192 0 1000000000
158 92 7772 5000 8192 0 1000000000
212 35 10527 5000 8192 0 1000000000
277 166 14051 5000 8192 0 1000000000
50 246 2419 5000 8192 0 1000000000
224 211 11296 5000 8192 0 1000000000
153 262 7535 5000 8192 0 1000000000
286 118 14560 5000 8192 0 1000000000
113 199 5475 5000 8192 0 1000000000
302 47 15417 5000 8192 0 1000000000
280 163 14236 5000 8192 0 1000000000
259 240 13134 5000 8192 0 1000000000
181 32 8890 5000 8192 0 1000000000
70 36 3624 5000 8192 0 1000000000
36 203 1780 5000 8192 0 1000000000
150 173 7413 5000 8192 0 1000000000
279 135 14201 5000 8192 0 1000000000
90 159 4529 5000 8192 0 1000000000
270 49 13773 5000 8192 0 1000000000
143 30 7044 5000 8192 0 1000000000
143 138 7024 5000 8192 0 1000000000
213 79 10588 5000 8192 0 1000000000
59 198 2884 5000 8192 0 1000000000
39 277 1811 5000 8192 0 1000000000
229 72 11538 5000 8192 0 1000000000
90 173 4513 5000 8192 0 1000000000
247 240 12661 5000 8192 0 1000000000
234 249 11859 5000 8192 0 1000000000
226 44 11457 5000 8192 0 1000000000
50 311 2394 5000 8192 0 1000000000
83 177 4223 5000 8192 0 1000000000
12 143 571 5000 8192 0 1000000000
190 72 9395 5000 8192 0 1000000000
168 136 8334 5000 8192 0 1000000000
185 257 9070 5000 8192 0 1000000000
118 143 5786 5000 8192 0 1000000000
64 87 3232 5000 8192 0 1000000000
80 186 4082 5000 8192 0 1000000000
130 106 6440 5000 8192 0 1000000000
156 130 7682 5000 8192 0 1000000000
15 143 753 5000 8192 0 1000000000
112 235 5383 5000 8192 0 1000000000
54 272 2602 5000 8192 0 1000000000
14 175 654 5000 8192 0 1000000000
295 209 15059 5000 8192 0 1000000000
191 212 9437 5000 8192 0 1000000000
110 247 5277 5000 8192 0 1000000000
286 224 14557 5000 8192 0 1000000000
238 126 12081 5000 8192 0 1000000000
231 212 11649 5000 8192 0 1000000000
18 129 948 5000 8192 0 1000000000
232 54 11718 5000 8192 0 1000000000
8 213 418 5000 8192 0 1000000000
12 200 532 5000 8192 0 1000000000
260 306 13160 5000 8192 0 1000000000
110 46 5267 5000 8192 0 1000000000
219 277 11024 5000 8192 0 1000000000
304 59 15536 5000 8192 0 1000000000
262 238 13300 5000 8192 0 1000000000
307 0 15717 5000 8192 0 1000000000
181 120 8926 5000 8192 0 1000000000
76 223 3829 5000 8192 0 1000000000
145 17 7151 5000 8192 0 1000000000
281 236 14297 5000 8192 0 1000000000
197 312 9757 5000 8192 0 1000000000
136 92 6641 5000 8192 0 1000000000
2 245 84 5000 8192 0 1000000000
184 97 9027 5000 8192 0 1000000000
60 41 2965 5000 8192 0 1000000000
315 116 16095 5000 8192 0 1000000000
41 243 1950 5000 8192 0 1000000000
137 311 6720 5000 8192 0 1000000000
31 191 1583 5000 8192 0 1000000000
245 57 12560 5000 8192 0 1000000000
240 54 12227 5000 8192 0 1000000000
163 34 8069 5000 8192 0 1000000000
116 239 5636 5000 8192 0 1000000000
206 311 10259 5000 8192 0 1000000000
282 80 14359 5000 8192 0 1000000000
32 35 1598 5000 8192 0 1000000000
118 149 5798 5000 8192 0 1000000000
112 210 5373 5000 8192 0 1000000000
279 148 14213 5000 8192 0 1000000000
66 9 3372 5000 8192 0 1000000000
142 11 7015 5000 8192 0 1000000000
91 216 4588 5000 8192 0 1000000000
3 190 187 5000 8192 0 1000000000
287 190 14670 5000 8192 0 1000000000
129 218 6343 5000 8192 0 1000000000
267 16 13534 5000 8192 0 1000000000
115 276 5592 5000 8192 0 1000000000
191 98 9449 5000 8192 0 1000000000
28 203 1341 5000 8192 0 1000000000
245 136 12523 5000 8192 0 1000000000
244 104 12457 5000 8192 0 1000000000
40 258 1883 5000 8192 0 1000000000
139 273 16450 5000 16777216 1 1000000000
184 317 9013 5000 8192 0 1000000000
131 304 6480 5000 8192 0 1000000000
69 36 3515 5000 8192 0 1000000000
315 316 16120 5000 8192 0 1000000000
174 97 8571 5000 8192 0 1000000000
204 201 10096 5000 8192 0 1000000000
70 290 3596 5000 8192 0 1000000000
280 19 14273 5000 8192 0 1000000000
59 163 2908 5000 8192 0 1000000000
230 145 11574 5000 8192 0 1000000000
138 157 6819 5000 8192 0 1000000000
148 134 7284 5000 8192 0 1000000000
40 235 1904 5000 8192 0 1000000000
47 110 2280 5000 8192 0 1000000000
65 68 3291 5000 8192 0 1000000000
73 128 3716 5000 8192 0 1000000000
191 243 9468 5000 8192 0 1000000000
303 267 15458 5000 8192 0 1000000000
126 38 6142 5000 8192 0 1000000000
142 250 6993 5000 8192 0 1000000000
129 271 6344 5000 8192 0 1000000000
304 185 15542 5000 8192 0 1000000000
54 155 2578 5000 8192 0 1000000000
90 109 4512 5000 8192 0 1000000000
201 255 9915 5000 8192 0 1000000000
64 178 3239 5000 8192 0 1000000000
319 7 16269 5000 8192 0 1000000000
85 52 4355 5000 8192 0 1000000000
239 204 12161 5000 8192 0 1000000000
187 298 9240 5000 8192 0 1000000000
161 144 7953 5000 8192 0 1000000000
114 76 5497 5000 8192 0 1000000000
204 277 10128 5000 8192 0 1000000000
186 319 9161 5000 8192 0 1000000000
31 178 1560 5000 8192 0 1000000000
211 180 10514 5000 8192 0 1000000000
164 213 8145 5000 8192 0 1000000000
97 84 4757 5000 8192 0 1000000000
12 132 533 5000 8192 0 1000000000
214 287 10687 5000 8192 0 1000000000
286 125 14579 5000 8192 0 1000000000
187 261 9193 5000 8192 0 1000000000
248 43 12703 5000 8192 0 1000000000
116 219 5675 5000 8192 0 1000000000
69 124 3562 5000 8192 0 1000000000
193 117 9519 5000 8192 0 1000000000
91 204 4557 5000 8192 0 1000000000
165 157 8169 5000 8192 0 1000000000
296 248 15161 5000 8192 0 1000000000
248 226 12729 5000 8192 0 1000000000
116 241 5670 5000 8192 0 1000000000
240 163 12187 5000 8192 0 1000000000
170 317 16435 5000 16777216 1 1000000000
14 182 680 5000 8192 0 1000000000
304 316 15563 5000 8192 0 1000000000
214 137 10699 5000 8192 0 1000000000
209 45 10370 5000 8192 0 1000000000
313 216 16062 5000 8192 0 1000000000
242 254 12360 5000 8192 0 1000000000
202 205 9992 5000 8192 0 1000000000
309 17 15838 5000 8192 0 1000000000
75 255 3772 5000 8192 0 1000000000
47 55 2273 5000 8192 0 1000000000
209 258 10339 5000 8192 0 1000000000
281 293 14346 5000 8192 0 1000000000
134 202 6561 5000 8192 0 1000000000
298 228 15256 5000 8192 0 1000000000
41 157 1954 5000 8192 0 1000000000
81 271 4133 5000 8192 0 1000000000
7 114 376 5000 8192 0 1000000000
183 254 8953 5000 8192 0 1000000000
270 49 13717 5000 8192 0 1000000000
29 206 1464 5000 8192 0 1000000000
211 232 10519 5000 8192 0 1000000000
35 185 1677 5000 8192 0 1000000000
140 265 6869 5000 8192 0 1000000000
315 264 16131 5000 8192 0 1000000000
230 30 11583 5000 8192 0 1000000000
219 37 10981 5000 8192 0 1000000000
108 192 5142 5000 8192 0 1000000000
85 202 4393 5000 8192 0 1000000000
9 103 473 5000 8192 0 1000000000
140 260 6830 5000 8192 0 1000000000
231 248 11650 5000 8192 0 1000000000
3 47 172 5000 8192 0 1000000000
54 314 2562 5000 8192 0 1000000000
223 191 11240 5000 8192 0 1000000000
272 105 13874 5000 8192 0 1000000000
238 175 12109 5000 8192 0 1000000000
265 75 13419 5000 8192 0 1000000000
288 304 14685 5000 8192 0 1000000000
84 236 4287 5000 8192 0 1000000000
29 59 1461 5000 8192 0 1000000000
205 24 10173 5000 8192 0 1000000000
44 240 2120 5000 8192 0 1000000000
176 282 8671 5000 8192 0 1000000000
76 85 3892 5000 8192 0 1000000000
243 277 12389 5000 8192 0 1000000000
75 110 3778 5000 8192 0 1000000000
313 266 16060 5000 8192 0 1000000000
174 139 8567 5000 8192 0 1000000000
172 129 8458 5000 8192 0 1000000000
216 261 10786 5000 8192 0 1000000000
119 257 5840 5000 8192 0 1000000000
302 314 15392 5000 8192 0 1000000000
149 175 7383 5000 8192 0 1000000000
119 163 5851 5000 8192 0 1000000000
30 116 1482 5000 8192 0 1000000000
163 176 8085 5000 8192 0 1000000000
32 85 1614 5000 8192 0 1000000000
302 25 15412 5000 8192 0 1000000000
278 93 14132 5000 8192 0 1000000000
2 70 65 5000 8192 0 1000000000
57 287 2769 5000 8192 0 1000000000
247 211 12665 5000 8192 0 1000000000
135 129 6625 5000 8192 0 1000000000
194 291 9621 5000 8192 0 1000000000
254 255 12921 5000 8192 0 1000000000
101 226 4855 5000 8192 0 1000000000
116 169 5656 5000 8192 0 1000000000
29 285 1462 5000 8192 0 1000000000
63 183 3170 5000 8192 0 1000000000
302 9 15435 5000 8192 0 1000000000
70 132 3600 5000 8192 0 1000000000
318 35 16235 5000 8192 0 1000000000
60 132 2978 5000 8192 0 1000000000
43 162 2086 5000 8192 0 1000000000
175 221 8658 5000 8192 0 1000000000
71 137 3693 5000 8192 0 1000000000
109 236 5226 5000 8192 0 1000000000
161 134 7956 5000 8192 0 1000000000
78 231 3923 5000 8192 0 1000000000
280 199 14286 5000 8192 0 1000000000
169 82 8389 5000 8192 0 1000000000
98 257 4786 5000 8192 0 1000000000
297 273 15188 5000 8192 0 1000000000
76 77 3887 5000 8192 0 1000000000
30 231 1488 5000 8192 0 1000000000
92 278 4624 5000 8192 0 1000000000
16 69 808 5000 8192 0 1000000000
183 114 8973 5000 8192 0 1000000000
102 251 4970 5000 8192 0 1000000000
159 44 7833 5000 8192 0 1000000000
131 230 6490 5000 8192 0 1000000000
135 275 6595 5000 8192 0 1000000000
278 202 14107 5000 8192 0 1000000000
8 63 436 5000 8192 0 1000000000
83 171 4228 5000 8192 0 1000000000
22 313 1112 5000 8192 0 1000000000
84 59 4301 5000 8192 0 1000000000
260 43 13177 5000 8192 0 1000000000
87 161 4425 5000 8192 0 1000000000
230 11 11587 5000 8192 0 1000000000
108 184 5168 5000 8192 0 1000000000
160 189 7888 5000 8192 0 1000000000
241 305 12296 5000 8192 0 1000000000
149 186 7380 5000 8192 0 1000000000
50 16 2408 5000 8192 0 1000000000
156 44 7693 5000 8192 0 1000000000
158 235 7760 5000 8192 0 1000000000
47 228 2261 5000 8192 0 1000000000
183 21 8977 5000 8192 0 1000000000
109 294 5205 5000 8192 0 1000000000
15 315 707 5000 8192 0 1000000000
143 306 7064 5000 8192 0 1000000000
112 263 5415 5000 8192 0 1000000000
217 314 10892 5000 8192 0 1000000000
272 89 13868 5000 8192 0 1000000000
237 211 12000 5000 8192 0 1000000000
213 81 10628 5000 8192 0 1000000000
124 71 6027 5000 8192 0 1000000000
173 110 8513 5000 8192 0 1000000000
162 22 8021 5000 8192 0 1000000000
73 55 3729 5000 8192 0 1000000000
312 60 15965 5000 8192 0 1000000000
55 300 2661 5000 8192 0 1000000000
197 232 9760 5000 8192 0 1000000000
124 83 6014 5000 8192 0 1000000000
189 146 9336 5000 8192 0 1000000000
69 287 3551 5000 8192 0 1000000000
3 40 147 5000 8192 0 1000000000
173 316 8542 5000 8192 0 1000000000
44 171 2123 5000 8192 0 1000000000
309 274 15856 5000 8192 0 1000000000
293 224 15023 5000 8192 0 1000000000
255 213 12957 5000 8192 0 1000000000
233 164 11786 5000 8192 0 1000000000
67 98 3393 5000 8192 0 1000000000
21 196 1061 5000 8192 0 1000000000
52 190 2528 5000 8192 0 1000000000
114 118 5533 5000 8192 0 1000000000
290 273 14809 5000 8192 0 1000000000
137 304 6704 5000 8192 0 1000000000
300 43 15349 5000 8192 0 1000000000
302 288 15402 5000 8192 0 1000000000
269 144 13698 5000 8192 0 1000000000
13 47 612 5000 8192 0 1000000000
133 132 16447 5000 16777216 1 1000000000
73 165 3761 5000 8192 0 1000000000
73 305 3733 5000 8192 0 1000000000
66 168 3381 5000 8192 0 1000000000
211 193 10459 5000 8192 0 1000000000
313 76 16066 5000 8192 0 1000000000
318 35 16213 5000 8192 0 1000000000
24 202 1256 5000 8192 0 1000000000
78 213 3937 5000 8192 0 1000000000
245 295 12535 5000 8192 0 1000000000
35 179 1678 5000 8192 0 1000000000
255 303 12999 5000 8192 0 1000000000
196 296 9754 5000 8192 0 1000000000
281 196 14335 5000 8192 0 1000000000
174 273 8587 5000 8192 0 1000000000
285 218 14536 5000 8192 0 1000000000
64 127 3212 5000 8192 0 1000000000
164 144 8131 5000 8192 0 1000000000
285 87 14502 5000 8192 0 1000000000
295 170 15113 5000 8192 0 1000000000
214 308 10707 5000 8192 0 1000000000
224 135 11347 5000 8192 0 1000000000
40 294 1878 5000 8192 0 1000000000
181 310 8893 5000 8192 0 1000000000
205 70 10160 5000 8192 0 1000000000
249 130 12805 5000 8192 0 1000000000
147 53 7245 5000 8192 0 1000000000
63 308 3169 5000 8192 0 1000000000
213 258 10587 5000 8192 0 1000000000
259 35 13136 5000 8192 0 1000000000
243 34 12393 5000 8192 0 1000000000
40 180 1869 5000 8192 0 1000000000
111 174 5353 5000 8192 0 1000000000
3 298 179 5000 8192 0 1000000000
78 6 3909 5000 8192 0 1000000000
217 205 10865 5000 8192 0 1000000000
289 46 14768 5000 8192 0 1000000000
82 316 4171 5000 8192 0 1000000000
270 38 13752 5000 8192 0 1000000000
277 167 14054 5000 8192 0 1000000000
22 84 1121 5000 8192 0 1000000000
310 86 15918 5000 8192 0 1000000000
95 263 4685 5000 8192 0 1000000000
269 128 13666 5000 8192 0 1000000000
169 165 8394 5000 8192 0 1000000000
204 129 10105 5000 8192 0 1000000000
261 16 13211 5000 8192 0 1000000000
43 244 2048 5000 8192 0 1000000000
268 133 13645 5000 8192 0 1000000000
297 250 15227 5000 8192 0 1000000000
28 203 1357 5000 8192 0 1000000000
23 56 1199 5000 8192 0 1000000000
124 247 6005 5000 8192 0 1000000000
189 194 9371 5000 8192 0 1000000000
66 2 3345 5000 8192 0 1000000000
267 68 13550 5000 8192 0 1000000000
71 300 3663 5000 8192 0 1000000000
24 51 1224 5000 8192 0 1000000000
201 128 9925 5000 8192 0 1000000000
107 174 5099 5000 8192 0 1000000000
230 222 11579 5000 8192 0 1000000000
198 259 9821 5000 8192 0 1000000000
98 156 4820 5000 8192 0 1000000000
221 83 11104 5000 8192 0 1000000000
187 147 9183 5000 8192 0 1000000000
241 112 12256 5000 8192 0 1000000000
95 82 4693 5000 8192 0 1000000000
248 167 12719 5000 8192 0 1000000000
39 272 1840 5000 8192 0 1000000000
214 44 10682 5000 8192 0 1000000000
241 200 12288 5000 8192 0 1000000000
312 142 15997 5000 8192 0 1000000000
213 242 10636 5000 8192 0 1000000000
307 132 15697 5000 8192 0 1000000000
198 105 9845 5000 8192 0 1000000000
218 230 10939 5000 8192 0 1000000000
206 143 10248 5000 8192 0 1000000000
281 126 14347 5000 8192 0 1000000000
18 227 900 5000 8192 0 1000000000
129 21 6357 5000 8192 0 1000000000
147 64 7216 5000 8192 0 1000000000
15 171 712 5000 8192 0 1000000000
58 12 2814 5000 8192 0 1000000000
248 157 12723 5000 8192 0 1000000000
69 295 3533 5000 8192 0 1000000000
101 176 4897 5000 8192 0 1000000000
304 42 15558 5000 8192 0 1000000000
181 10 8916 5000 8192 0 1000000000
293 287 15039 5000 8192 0 1000000000
214 44 10654 5000 8192 0 1000000000
316 101 16153 5000 8192 0 1000000000
296 280 15148 5000 8192 0 1000000000
258 284 13014 5000 8192 0 1000000000
84 127 4319 5000 8192 0 1000000000
201 259 9921 5000 8192 0 1000000000
290 54 14810 5000 8192 0 1000000000
217 85 10859 5000 8192 0 1000000000
163 254 8033 5000 8192 0 1000000000
123 272 5998 5000 8192 0 1000000000
230 269 11595 5000 8192 0 1000000000
179 41 8812 5000 8192 0 1000000000
91 14 4586 5000 8192 0 1000000000
175 189 8646 5000 8192 0 1000000000
230 181 11585 5000 8192 0 1000000000
172 6 8470 5000 8192 0 1000000000
49 302 2314 5000 8192 0 1000000000
179 156 8836 5000 8192 0 1000000000
220 225 11073 5000 8192 0 1000000000
249 122 12804 5000 8192 0 1000000000
225 87 11399 5000 8192 0 1000000000
240 273 12235 5000 8192 0 1000000000
4 65 247 5000 8192 0 1000000000
75 18 3789 5000 8192 0 1000000000
121 258 5889 5000 8192 0 1000000000
268 230 13646 5000 8192 0 1000000000
35 245 1667 5000 8192 0 1000000000
309 127 15883 5000 8192 0 1000000000
119 226 5831 5000 8192 0 1000000000
92 276 4636 5000 8192 0 1000000000
22 239 1119 5000 8192 0 1000000000
21 305 1070 5000 8192 0 1000000000
178 309 8788 5000 8192 0 1000000000
214 152 10651 5000 8192 0 1000000000
243 271 12375 5000 8192 0 1000000000
57 246 2793 5000 8192 0 1000000000
232 128 11674 5000 8192 0 1000000000
129 177 6376 5000 8192 0 1000000000
85 285 4389 5000 8192 0 1000000000
288 80 14728 5000 8192 0 1000000000
258 182 13062 5000 8192 0 1000000000
3 44 156 5000 8192 0 1000000000
16 36 779 5000 8192 0 1000000000
50 18 2374 5000 8192 0 1000000000
71 168 3700 5000 8192 0 1000000000
108 267 5141 5000 8192 0 1000000000
65 214 3288 5000 8192 0 1000000000
32 69 1652 5000 8192 0 1000000000
237 215 11995 5000 8192 0 1000000000
308 74 15796 5000 8192 0 1000000000
308 216 15819 5000 8192 0 1000000000
61 271 3022 5000 8192 0 1000000000
142 149 6964 5000 8192 0 1000000000
137 310 6721 5000 8192 0 1000000000
121 199 5886 5000 8192 0 1000000000
173 55 8531 5000 8192 0 1000000000
286 140 14607 5000 8192 0 1000000000
145 10 7175 5000 8192 0 1000000000
23 156 1184 5000 8192 0 1000000000
160 267 7874 5000 8192 0 1000000000
208 130 10327 5000 8192 0 1000000000
43 205 2092 5000 8192 0 1000000000
233 160 11780 5000 8192 0 1000000000
267 64 13574 5000 8192 0 1000000000
304 15 15561 5000 8192 0 1000000000
169 54 8353 5000 8192 0 1000000000
117 123 5699 5000 8192 0 1000000000
300 49 15310 5000 8192 0 1000000000
241 34 12247 5000 8192 0 1000000000
54 36 2591 5000 8192 0 1000000000
280 90 14265 5000 8192 0 1000000000
280 73 14228 5000 8192 0 1000000000
197 60 9807 5000 8192 0 1000000000
272 72 13858 5000 8192 0 1000000000
35 54 1670 5000 8192 0 1000000000
281 228 14295 5000 8192 0 1000000000
296 98 15149 5000 8192 0 1000000000
135 139 6618 5000 8192 0 1000000000
217 57 10849 5000 8192 0 1000000000
92 66 4648 5000 8192 0 1000000000
318 237 16212 5000 8192 0 1000000000
140 135 6876 5000 8192 0 1000000000
227 301 16339 5000 16777216 1 1000000000
269 307 13665 5000 8192 0 1000000000
284 255 14471 5000 8192 0 1000000000
28 141 1349 5000 8192 0 1000000000
3 236 178 5000 8192 0 1000000000
92 284 4604 5000 8192 0 1000000000
244 224 12486 5000 8192 0 1000000000
109 168 5206 5000 8192 0 1000000000
47 274 2237 5000 8192 0 1000000000
76 277 3878 5000 8192 0 1000000000
2 187 123 5000 8192 0 1000000000
115 113 5605 5000 8192 0 1000000000
163 310 8064 5000 8192 0 1000000000
14 307 687 5000 8192 0 1000000000
98 122 4803 5000 8192 0 1000000000
264 105 13356 5000 8192 0 1000000000
81 23 4141 5000 8192 0 1000000000
185 54 9076 5000 8192 0 1000000000
49 107 2339 5000 8192 0 1000000000
265 85 13452 5000 8192 0 1000000000
187 14 9233 5000 8192 0 1000000000
313 115 16038 5000 8192 0 1000000000
238 71 12055 5000 8192 0 1000000000
278 58 14148 5000 8192 0 1000000000
217 57 10869 5000 8192 0 1000000000
270 58 13734 5000 8192 0 1000000000
237 2 11994 5000 8192 0 1000000000
261 254 13227 5000 8192 0 1000000000
59 168 2879 5000 8192 0 1000000000
98 284 4828 5000 8192 0 1000000000
174 213 8565 5000 8192 0 1000000000
98 111 4848 5000 8192 0 1000000000
134 107 6540 5000 8192 0 1000000000
141 203 6899 5000 8192 0 1000000000
12 217 552 5000 8192 0 1000000000
259 78 13100 5000 8192 0 1000000000
318 220 16236 5000 8192 0 1000000000
121 128 5876 5000 8192 0 1000000000
138 88 6793 5000 8192 0 1000000000
42 168 2033 5000 8192 0 1000000000
222 136 11182 5000 8192 0 1000000000
108 259 5110 5000 8192 0 1000000000
51 205 2460 5000 8192 0 1000000000
188 28 9306 5000 8192 0 1000000000
223 184 11243 5000 8192 0 1000000000
244 82 12455 5000 8192 0 1000000000
73 214 3754 5000 8192 0 1000000000
310 285 15911 5000 8192 0 1000000000
124 92 6058 5000 8192 0 1000000000
229 232 11491 5000 8192 0 1000000000
115 204 5572 5000 8192 0 1000000000
183 184 8984 5000 8192 0 1000000000
45 8 2231 5000 8192 0 1000000000
126 279 6176 5000 8192 0 1000000000
264 210 13332 5000 8192 0 1000000000
275 177 16426 5000 16777216 1 1000000000
83 264 4233 5000 8192 0 1000000000
141 117 6916 5000 8192 0 1000000000
309 297 15834 5000 8192 0 1000000000
271 278 13820 5000 8192 0 1000000000
304 204 15510 5000 8192 0 1000000000
164 61 8150 5000 8192 0 1000000000
82 13 4169 5000 8192 0 1000000000
293 308 15047 5000 8192 0 1000000000
87 269 4431 5000 8192 0 1000000000
79 89 3997 5000 8192 0 1000000000
307 27 15724 5000 8192 0 1000000000
230 144 11555 5000 8192 0 1000000000
62 236 3078 5000 8192 0 1000000000
279 61 14211 5000 8192 0 1000000000
270 286 13747 5000 8192 0 1000000000
242 296 12347 5000 8192 0 1000000000
265 30 13408 5000 8192 0 1000000000
98 78 4846 5000 8192 0 1000000000
305 39 15576 5000 8192 0 1000000000
291 10 14910 5000 8192 0 1000000000
14 41 682 5000 8192 0 1000000000
107 173 5100 5000 8192 0 1000000000
109 92 5197 5000 8192 0 1000000000
83 298 4252 5000 8192 0 1000000000
153 226 7559 5000 8192 0 1000000000
65 270 3297 5000 8192 0 1000000000
238 98 12090 5000 8192 0 1000000000
169 314 8358 5000 8192 0 1000000000
114 204 5515 5000 8192 0 1000000000
97 72 4730 5000 8192 0 1000000000
236 41 11929 5000 8192 0 1000000000
16 105 811 5000 8192 0 1000000000
211 173 10513 5000 8192 0 1000000000
304 276 15524 5000 8192 0 1000000000
276 27 14027 5000 8192 0 1000000000
302 19 15401 5000 8192 0 1000000000
310 17 15887 5000 8192 0 1000000000
269 113 13707 5000 8192 0 1000000000
309 148 15847 5000 8192 0 1000000000
197 228 9792 5000 8192 0 1000000000
47 25 2279 5000 8192 0 1000000000
162 229 7979 5000 8192 0 1000000000
232 105 11687 5000 8192 0 1000000000
262 156 13324 5000 8192 0 1000000000
61 122 3046 5000 8192 0 1000000000
142 236 7007 5000 8192 0 1000000000
21 292 1035 5000 8192 0 1000000000
111 195 5321 5000 8192 0 1000000000
265 17 13454 5000 8192 0 1000000000
35 147 1665 5000 8192 0 1000000000
165 251 8195 5000 8192 0 1000000000
102 70 4942 5000 8192 0 1000000000
143 302 7027 5000 8192 0 1000000000
281 46 14302 5000 8192 0 1000000000
125 183 6119 5000 8192 0 1000000000
9 67 469 5000 8192 0 1000000000
308 73 15793 5000 8192 0 1000000000
43 73 2066 5000 8192 0 1000000000
75 8 3800 5000 8192 0 1000000000
43 309 2067 5000 8192 0 1000000000
296 166 15176 5000 8192 0 1000000000
4 1 203 5000 8192 0 1000000000
8 207 437 5000 8192 0 1000000000
158 208 7763 5000 8192 0 1000000000
28 57 1365 5000 8192 0 1000000000
165 125 8210 5000 8192 0 1000000000
22 109 1105 5000 8192 0 1000000000
212 279 10538 5000 8192 0 1000000000
279 66 14172 5000 8192 0 1000000000
266 94 13489 5000 8192 0 1000000000
68 208 3463 5000 8192 0 1000000000
162 122 7996 5000 8192 0 1000000000
28 278 1342 5000 8192 0 1000000000
291 190 14868 5000 8192 0 1000000000
181 104 8906 5000 8192 0 1000000000
269 22 13663 5000 8192 0 1000000000
231 309 11636 5000 8192 0 1000000000
241 219 12255 5000 8192 0 1000000000
316 259 16182 5000 8192 0 1000000000
221 136 11120 5000 8192 0 1000000000
164 271 8132 5000 8192 0 1000000000
51 193 2468 5000 8192 0 1000000000
35 271 1696 5000 8192 0 1000000000
286 121 14600 5000 8192 0 1000000000
206 97 10244 5000 8192 0 1000000000
98 44 4811 5000 8192 0 1000000000
168 296 8333 5000 8192 0 1000000000
164 277 8149 5000 8192 0 1000000000
221 85 11138 5000 8192 0 1000000000
21 217 1083 5000 8192 0 1000000000
269 7 13680 5000 8192 0 1000000000
15 98 741 5000 8192 0 1000000000
169 125 8366 5000 8192 0 1000000000
268 76 13638 5000 8192 0 1000000000
241 2 12297 5000 8192 0 1000000000
178 158 8781 5000 8192 0 1000000000
284 141 14432 5000 8192 0 1000000000
298 96 15306 5000 8192 0 1000000000
58 315 2813 5000 8192 0 1000000000
196 261 9733 5000 8192 0 1000000000
195 224 9683 5000 8192 0 1000000000
165 310 8162 5000 8192 0 1000000000
190 67 9413 5000 8192 0 1000000000
123 151 5980 5000 8192 0 1000000000
238 229 12111 5000 8192 0 1000000000
47 186 2238 5000 8192 0 1000000000
52 231 2531 5000 8192 0 1000000000
254 222 12911 5000 8192 0 1000000000
190 152 9417 5000 8192 0 1000000000
16 53 788 5000 8192 0 1000000000
307 272 15748 5000 8192 0 1000000000
42 85 1987 5000 8192 0 1000000000
208 243 10296 5000 8192 0 1000000000
75 118 3779 5000 8192 0 1000000000
60 199 2961 5000 8192 0 1000000000
107 62 5059 5000 8192 0 1000000000
233 308 11766 5000 8192 0 1000000000
195 29 9647 5000 8192 0 1000000000
156 287 7659 5000 8192 0 1000000000
175 91 8639 5000 8192 0 1000000000
310 88 15940 5000 8192 0 1000000000
59 64 2911 5000 8192 0 1000000000
18 152 934 5000 8192 0 1000000000
101 122 4880 5000 8192 0 1000000000
95 67 4695 5000 8192 0 1000000000
50 24 2402 5000 8192 0 1000000000
231 258 11623 5000 8192 0 1000000000
258 29 13024 5000 8192 0 1000000000
246 215 12578 5000 8192 0 1000000000
304 6 15528 5000 8192 0 1000000000
242 46 12336 5000 8192 0 1000000000
79 268 3994 5000 8192 0 1000000000
121 218 5903 5000 8192 0 1000000000
70 236 3578 5000 8192 0 1000000000
249 17 12807 5000 8192 0 1000000000
102 204 4929 5000 8192 0 1000000000
222 270 11171 5000 8192 0 1000000000
303 307 15498 5000 8192 0 1000000000
219 45 11012 5000 8192 0 1000000000
189 279 9358 5000 8192 0 1000000000
73 297 3763 5000 8192 0 1000000000
143 250 7079 5000 8192 0 1000000000
40 63 1891 5000 8192 0 1000000000
315 115 16123 5000 8192 0 1000000000
164 242 8146 5000 8192 0 1000000000
291 257 14890 5000 8192 0 1000000000
91 146 4556 5000 8192 0 1000000000
116 48 5645 5000 8192 0 1000000000
252 83 12833 5000 8192 0 1000000000
297 73 15183 5000 8192 0 1000000000
149 230 7386 5000 8192 0 1000000000
134 235 6565 5000 8192 0 1000000000
205 276 10185 5000 8192 0 1000000000
215 178 10759 5000 8192 0 1000000000
278 93 14108 5000 8192 0 1000000000
274 293 13921 5000 8192 0 1000000000
258 54 13028 5000 8192 0 1000000000
286 289 14591 5000 8192 0 1000000000
111 130 5320 5000 8192 0 1000000000
304 59 15556 5000 8192 0 1000000000
310 181 15922 5000 8192 0 1000000000
168 166 8327 5000 8192 0 1000000000
173 155 8492 5000 8192 0 1000000000
233 221 11784 5000 8192 0 1000000000
190 201 9410 5000 8192 0 1000000000
31 174 1536 5000 8192 0 1000000000
52 160 2499 5000 8192 0 1000000000
76 227 3867 5000 8192 0 1000000000
196 319 9752 5000 8192 0 1000000000
255 268 13004 5000 8192 0 1000000000
78 165 3904 5000 8192 0 1000000000
12 284 568 5000 8192 0 1000000000
173 297 8520 5000 8192 0 1000000000
262 98 13299 5000 8192 0 1000000000
47 234 2245 5000 8192 0 1000000000
108 130 5111 5000 8192 0 1000000000
117 309 5707 5000 8192 0 1000000000
66 50 3339 5000 8192 0 1000000000
185 183 9056 5000 8192 0 1000000000
254 34 12898 5000 8192 0 1000000000
126 217 6151 5000 8192 0 1000000000
130 103 6394 5000 8192 0 1000000000
45 209 2229 5000 8192 0 1000000000
184 58 8997 5000 8192 0 1000000000
308 217 15800 5000 8192 0 1000000000
69 120 3558 5000 8192 0 1000000000
231 146 11611 5000 8192 0 1000000000
140 122 6881 5000 8192 0 1000000000
28 118 1378 5000 8192 0 1000000000
254 87 12900 5000 8192 0 1000000000
289 155 14750 5000 8192 0 1000000000
52 211 2546 5000 8192 0 1000000000
54 209 2613 5000 8192 0 1000000000
40 289 1874 5000 8192 0 1000000000
231 123 11648 5000 8192 0 1000000000
241 51 12272 5000 8192 0 1000000000
176 29 8715 5000 8192 0 1000000000
179 269 8815 5000 8192 0 1000000000
234 29 11830 5000 8192 0 1000000000
183 75 8936 5000 8192 0 1000000000
240 106 12211 5000 8192 0 1000000000
232 190 11686 5000 8192 0 1000000000
141 113 6937 5000 8192 0 1000000000
240 188 12203 5000 8192 0 1000000000
267 59 13539 5000 8192 0 1000000000
143 16 7034 5000 8192 0 1000000000
0 171 64 5000 8192 0 1000000000
169 39 8374 5000 8192 0 1000000000
308 76 15816 5000 8192 0 1000000000
193 127 9556 5000 8192 0 1000000000
62 123 3077 5000 8192 0 1000000000
63 312 3128 5000 8192 0 1000000000
135 205 6615 5000 8192 0 1000000000
81 194 4128 5000 8192 0 1000000000
214 266 10664 5000 8192 0 1000000000
266 15 13494 5000 8192 0 1000000000
280 36 14252 5000 8192 0 1000000000
147 28 7217 5000 8192 0 1000000000
13 242 614 5000 8192 0 1000000000
8 155 394 5000 8192 0 1000000000
235 191 11922 5000 8192 0 1000000000
16 2 778 5000 8192 0 1000000000
295 186 15086 5000 8192 0 1000000000
64 75 3192 5000 8192 0 1000000000
258 65 13017 5000 8192 0 1000000000
126 208 6139 5000 8192 0 1000000000
30 114 1472 5000 8192 0 1000000000
148 224 7327 5000 8192 0 1000000000
265 151 13435 5000 8192 0 1000000000
172 305 8474 5000 8192 0 1000000000
30 40 1478 5000 8192 0 1000000000
202 246 9994 5000 8192 0 1000000000
51 212 2430 5000 8192 0 1000000000
156 149 7691 5000 8192 0 1000000000
0 229 31 5000 8192 0 1000000000
187 243 9200 5000 8192 0 1000000000
204 98 10101 5000 8192 0 1000000000
286 142 14599 5000 8192 0 1000000000
236 56 11976 5000 8192 0 1000000000
124 3 6053 5000 8192 0 1000000000
111 1 5310 5000 8192 0 1000000000
143 206 7038 5000 8192 0 1000000000
189 116 9367 5000 8192 0 1000000000
205 56 10145 5000 8192 0 1000000000
205 156 10151 5000 8192 0 1000000000
281 83 14313 5000 8192 0 1000000000
303 90 15450 5000 8192 0 1000000000
193 86 9504 5000 8192 0 1000000000
249 240 12784 5000 8192 0 1000000000
308 148 15776 5000 8192 0 1000000000
2 301 102 5000 8192 0 1000000000
16 224 782 5000 8192 0 1000000000
279 256 14218 5000 8192 0 1000000000
211 264 10501 5000 8192 0 1000000000
147 70 7254 5000 8192 0 1000000000
43 238 2059 5000 8192 0 1000000000
3 240 169 5000 8192 0 1000000000
69 259 3517 5000 8192 0 1000000000
143 93 7051 5000 8192 0 1000000000
194 107 9626 5000 8192 0 1000000000
298 124 15299 5000 8192 0 1000000000
6 42 261 5000 8192 0 1000000000
117 27 5731 5000 8192 0 1000000000
165 122 8206 5000 8192 0 1000000000
80 52 4024 5000 8192 0 1000000000
304 184 15517 5000 8192 0 1000000000
83 73 4273 5000 8192 0 1000000000
143 127 7070 5000 8192 0 1000000000
197 112 9801 5000 8192 0 1000000000
313 25 16033 5000 8192 0 1000000000
167 234 8279 5000 8192 0 1000000000
287 301 14633 5000 8192 0 1000000000
295 238 15095 5000 8192 0 1000000000
268 171 13596 5000 8192 0 1000000000
27 96 1340 5000 8192 0 1000000000
156 204 7654 5000 8192 0 1000000000
113 82 5448 5000 8192 0 1000000000
164 134 8156 5000 8192 0 1000000000
313 129 16015 5000 8192 0 1000000000
143 5 7078 5000 8192 0 1000000000
4 246 213 5000 8192 0 1000000000
156 188 7700 5000 8192 0 1000000000
248 197 12753 5000 8192 0 1000000000
216 23 10812 5000 8192 0 1000000000
220 89 11094 5000 8192 0 1000000000
169 146 8388 5000 8192 0 1000000000
136 132 6667 5000 8192 0 1000000000
304 255 15529 5000 8192 0 1000000000
213 244 10618 5000 8192 0 1000000000
302 30 15385 5000 8192 0 1000000000
298 297 15252 5000 8192 0 1000000000
271 11 13801 5000 8192 0 1000000000
143 246 7045 5000 8192 0 1000000000
8 281 393 5000 8192 0 1000000000
91 5 4565 5000 8192 0 1000000000
293 5 15019 5000 8192 0 1000000000
147 181 7259 5000 8192 0 1000000000
187 14 9214 5000 8192 0 1000000000
298 133 15276 5000 8192 0 1000000000
123 51 5950 5000 8192 0 1000000000
82 225 4182 5000 8192 0 1000000000
255 117 12986 5000 8192 0 1000000000
176 282 8725 5000 8192 0 1000000000
155 5 7596 5000 8192 0 1000000000
111 59 5314 5000 8192 0 1000000000
14 0 643 5000 8192 0 1000000000
231 214 11631 5000 8192 0 1000000000
143 301 7065 5000 8192 0 1000000000
143 176 7031 5000 8192 0 1000000000
237 227 12032 5000 8192 0 1000000000
91 95 4574 5000 8192 0 1000000000
281 307 14337 5000 8192 0 1000000000
274 201 13944 5000 8192 0 1000000000
95 31 4698 5000 8192 0 1000000000
292 20 14969 5000 8192 0 1000000000
243 92 12409 5000 8192 0 1000000000
242 108 12316 5000 8192 0 1000000000
217 45 10847 5000 8192 0 1000000000
3 160 154 5000 8192 0 1000000000
136 254 6682 5000 8192 0 1000000000
6 318 289 5000 8192 0 1000000000
134 65 6535 5000 8192 0 1000000000
140 202 6861 5000 8192 0 1000000000
143 266 7066 5000 8192 0 1000000000
68 226 3483 5000 8192 0 1000000000
209 1 10380 5000 8192 0 1000000000
197 260 9791 5000 8192 0 1000000000
161 73 7920 5000 8192 0 1000000000
265 203 13415 5000 8192 0 1000000000
315 295 16085 5000 8192 0 1000000000
196 230 9755 5000 8192 0 1000000000
169 171 8393 5000 8192 0 1000000000
114 18 5544 5000 8192 0 1000000000
130 269 6399 5000 8192 0 1000000000
79 205 3961 5000 8192 0 1000000000
70 107 3633 5000 8192 0 1000000000
204 175 10098 5000 8192 0 1000000000
241 38 12293 5000 8192 0 1000000000
145 300 7146 5000 8192 0 1000000000
255 130 13011 5000 8192 0 1000000000
187 101 9208 5000 8192 0 1000000000
30 170 1489 5000 8192 0 1000000000
40 52 1886 5000 8192 0 1000000000
57 6 2780 5000 8192 0 1000000000
272 221 13847 5000 8192 0 1000000000
220 255 11093 5000 8192 0 1000000000
90 66 4505 5000 8192 0 1000000000
83 2 4249 5000 8192 0 1000000000
104 239 4980 5000 8192 0 1000000000
164 24 8137 5000 8192 0 1000000000
259 256 13099 5000 8192 0 1000000000
315 86 16121 5000 8192 0 1000000000
165 295 8191 5000 8192 0 1000000000
265 61 13411 5000 8192 0 1000000000
83 140 4214 5000 8192 0 1000000000
240 17 12200 5000 8192 0 1000000000
208 126 10311 5000 8192 0 1000000000
231 182 11662 5000 8192 0 1000000000
52 35 2545 5000 8192 0 1000000000
63 59 3141 5000 8192 0 1000000000
128 0 6275 5000 8192 0 1000000000
39 110 1822 5000 8192 0 1000000000
49 204 2351 5000 8192 0 1000000000
43 212 2046 5000 8192 0 1000000000
174 41 8601 5000 8192 0 1000000000
214 120 10690 5000 8192 0 1000000000
164 85 8120 5000 8192 0 1000000000
142 22 6995 5000 8192 0 1000000000
69 264 3519 5000 8192 0 1000000000
67 92 3419 5000 8192 0 1000000000
66 212 3377 5000 8192 0 1000000000
186 82 9170 5000 8192 0 1000000000
279 272 14175 5000 8192 0 1000000000
217 112 10848 5000 8192 0 1000000000
272 120 13866 5000 8192 0 1000000000
276 271 13994 5000 8192 0 1000000000
178 254 8796 5000 8192 0 1000000000
42 211 1998 5000 8192 0 1000000000
73 285 3755 5000 8192 0 1000000000
266 79 13500 5000 8192 0 1000000000
178 254 8780 5000 8192 0 1000000000
43 166 2062 5000 8192 0 1000000000
87 246 4465 5000 8192 0 1000000000
82 130 4166 5000 8192 0 1000000000
22 304 1095 5000 8192 0 1000000000
6 254 266 5000 8192 0 1000000000
281 256 14300 5000 8192 0 1000000000
147 104 7236 5000 8192 0 1000000000
27 21 1283 5000 8192 0 1000000000
130 100 6385 5000 8192 0 1000000000
159 78 7796 5000 8192 0 1000000000
196 249 9713 5000 8192 0 1000000000
52 22 2538 5000 8192 0 1000000000
288 97 14697 5000 8192 0 1000000000
186 47 9180 5000 8192 0 1000000000
81 85 4097 5000 8192 0 1000000000
131 105 6500 5000 8192 0 1000000000
124 130 6051 5000 8192 0 1000000000
65 262 3276 5000 8192 0 1000000000
29 164 1454 5000 8192 0 1000000000
153 139 7530 5000 8192 0 1000000000
285 148 14524 5000 8192 0 1000000000
221 100 11113 5000 8192 0 1000000000
112 292 5414 5000 8192 0 1000000000
66 300 3365 5000 8192 0 1000000000
91 184 4553 5000 8192 0 1000000000
69 2 3566 5000 8192 0 1000000000
288 241 14674 5000 8192 0 1000000000
216 37 10790 5000 8192 0 1000000000
240 209 12231 5000 8192 0 1000000000
298 107 15285 5000 8192 0 1000000000
13 119 604 5000 8192 0 1000000000
240 263 12208 5000 8192 0 1000000000
163 300 8068 5000 8192 0 1000000000
47 197 2256 5000 8192 0 1000000000
109 295 5193 5000 8192 0 1000000000
160 223 7861 5000 8192 0 1000000000
40 210 1914 5000 8192 0 1000000000
84 268 4286 5000 8192 0 1000000000
309 146 15825 5000 8192 0 1000000000
242 293 12364 5000 8192 0 1000000000
78 310 3935 5000 8192 0 1000000000
173 297 8518 5000 8192 0 1000000000
172 269 8430 5000 8192 0 1000000000
278 135 14128 5000 8192 0 1000000000
277 109 14070 5000 8192 0 1000000000
312 103 15961 5000 8192 0 1000000000
195 171 9679 5000 8192 0 1000000000
319 17 16308 5000 8192 0 1000000000
65 19 3295 5000 8192 0 1000000000
235 166 11882 5000 8192 0 1000000000
68 169 3479 5000 8192 0 1000000000
51 134 2439 5000 8192 0 1000000000
309 247 15855 5000 8192 0 1000000000
295 197 15060 5000 8192 0 1000000000
45 18 2198 5000 8192 0 1000000000
117 212 5704 5000 8192 0 1000000000
76 37 3842 5000 8192 0 1000000000
29 176 1435 5000 8192 0 1000000000
57 198 2757 5000 8192 0 1000000000
172 174 8423 5000 8192 0 1000000000
42 275 2041 5000 8192 0 1000000000
41 132 1935 5000 8192 0 1000000000
101 148 4875 5000 8192 0 1000000000
238 245 12077 5000 8192 0 1000000000
119 222 5809 5000 8192 0 1000000000
248 313 12697 5000 8192 0 1000000000
145 15 7184 5000 8192 0 1000000000
183 59 8985 5000 8192 0 1000000000
247 85 12636 5000 8192 0 1000000000
117 315 5681 5000 8192 0 1000000000
248 279 12726 5000 8192 0 1000000000
81 130 4096 5000 8192 0 1000000000
221 79 11139 5000 8192 0 1000000000
187 41 9199 5000 8192 0 1000000000
3 0 176 5000 8192 0 1000000000
300 248 15343 5000 8192 0 1000000000
224 13 11293 5000 8192 0 1000000000
233 34 11778 5000 8192 0 1000000000
113 90 5428 5000 8192 0 1000000000
277 245 14089 5000 8192 0 1000000000
104 140 4994 5000 8192 0 1000000000
306 54 15692 5000 8192 0 1000000000
237 180 12006 5000 8192 0 1000000000
49 309 2352 5000 8192 0 1000000000
160 144 7891 5000 8192 0 1000000000
36 269 1763 5000 8192 0 1000000000
239 70 12168 5000 8192 0 1000000000
68 158 3448 5000 8192 0 1000000000
155 266 7641 5000 8192 0 1000000000
276 174 14024 5000 8192 0 1000000000
249 106 12791 5000 8192 0 1000000000
218 167 10948 5000 8192 0 1000000000
45 153 2183 5000 8192 0 1000000000
237 268 12030 5000 8192 0 1000000000
286 225 14566 5000 8192 0 1000000000
137 159 6762 5000 8192 0 1000000000
162 15 7997 5000 8192 0 1000000000
48 180 16404 5000 16777216 1 1000000000
232 296 11734 5000 8192 0 1000000000
45 176 2205 5000 8192 0 1000000000
307 58 15743 5000 8192 0 1000000000
79 193 3985 5000 8192 0 1000000000
270 132 13731 5000 8192 0 1000000000
110 193 5292 5000 8192 0 1000000000
129 49 6341 5000 8192 0 1000000000
70 174 3602 5000 8192 0 1000000000
230 72 11586 5000 8192 0 1000000000
45 317 2190 5000 8192 0 1000000000
312 71 15970 5000 8192 0 1000000000
140 254 6854 5000 8192 0 1000000000
209 276 10336 5000 8192 0 1000000000
179 122 8839 5000 8192 0 1000000000
107 275 5082 5000 8192 0 1000000000
165 291 8199 5000 8192 0 1000000000
85 153 4361 5000 8192 0 1000000000
212 219 10530 5000 8192 0 1000000000
234 176 11860 5000 8192 0 1000000000
313 294 16040 5000 8192 0 1000000000
51 78 2435 5000 8192 0 1000000000
70 19 3631 5000 8192 0 1000000000
23 163 1186 5000 8192 0 1000000000
233 127 11736 5000 8192 0 1000000000
134 59 6522 5000 8192 0 1000000000
175 33 8661 5000 8192 0 1000000000
129 231 6374 5000 8192 0 1000000000
144 20 7089 5000 8192 0 1000000000
101 183 4903 5000 8192 0 1000000000
254 149 12934 5000 8192 0 1000000000
195 282 9644 5000 8192 0 1000000000
104 210 5027 5000 8192 0 1000000000
107 137 5068 5000 8192 0 1000000000
78 225 3915 5000 8192 0 1000000000
261 60 13256 5000 8192 0 1000000000
278 201 14138 5000 8192 0 1000000000
260 233 13183 5000 8192 0 1000000000
30 300 1475 5000 8192 0 1000000000
79 134 3998 5000 8192 0 1000000000
278 129 14117 5000 8192 0 1000000000
153 278 7533 5000 8192 0 1000000000
292 249 14977 5000 8192 0 1000000000
183 43 8970 5000 8192 0 1000000000
141 180 6943 5000 8192 0 1000000000
64 220 3196 5000 8192 0 1000000000
55 101 2646 5000 8192 0 1000000000
185 300 9073 5000 8192 0 1000000000
224 280 11349 5000 8192 0 1000000000
20 303 1022 5000 8192 0 1000000000
124 285 6015 5000 8192 0 1000000000
138 59 6817 5000 8192 0 1000000000
185 233 9068 5000 8192 0 1000000000
31 104 1552 5000 8192 0 1000000000
8 42 420 5000 8192 0 1000000000
238 176 12103 5000 8192 0 1000000000
308 15 15765 5000 8192 0 1000000000
303 26 15442 5000 8192 0 1000000000
260 286 13171 5000 8192 0 1000000000
184 166 9018 5000 8192 0 1000000000
9 204 503 5000 8192 0 1000000000
238 48 12062 5000 8192 0 1000000000
268 196 13594 5000 8192 0 1000000000
233 37 11793 5000 8192 0 1000000000
175 236 8653 5000 8192 0 1000000000
191 209 9472 5000 8192 0 1000000000
232 183 11676 5000 8192 0 1000000000
264 165 13382 5000 8192 0 1000000000
308 300 15759 5000 8192 0 1000000000
270 81 13741 5000 8192 0 1000000000
43 226 2099 5000 8192 0 1000000000
47 258 2269 5000 8192 0 1000000000
36 40 1760 5000 8192 0 1000000000
125 62 6081 5000 8192 0 1000000000
136 296 6661 5000 8192 0 1000000000
56 64 2692 5000 8192 0 1000000000
16 223 802 5000 8192 0 1000000000
43 19 2071 5000 8192 0 1000000000
90 199 4467 5000 8192 0 1000000000
61 114 3037 5000 8192 0 1000000000
52 193 2511 5000 8192 0 1000000000
83 150 4250 5000 8192 0 1000000000
87 40 4445 5000 8192 0 1000000000
210 140 10453 5000 8192 0 1000000000
56 309 2712 5000 8192 0 1000000000
128 44 6264 5000 8192 0 1000000000
284 56 14457 5000 8192 0 1000000000
224 197 11308 5000 8192 0 1000000000
51 151 2449 5000 8192 0 1000000000
188 271 9284 5000 8192 0 1000000000
209 35 10347 5000 8192 0 1000000000
286 134 14584 5000 8192 0 1000000000
78 267 3955 5000 8192 0 1000000000
198 72 9828 5000 8192 0 1000000000
59 283 2885 5000 8192 0 1000000000
267 77 13587 5000 8192 0 1000000000
179 272 8854 5000 8192 0 1000000000
27 294 1295 5000 8192 0 1000000000
224 52 11301 5000 8192 0 1000000000
140 86 6856 5000 8192 0 1000000000
163 268 8086 5000 8192 0 1000000000
4 167 250 5000 8192 0 1000000000
6 107 288 5000 8192 0 1000000000
128 55 6286 5000 8192 0 1000000000
130 28 6437 5000 8192 0 1000000000
113 110 5473 5000 8192 0 1000000000
58 120 2862 5000 8192 0 1000000000
286 231 14577 5000 8192 0 1000000000
315 107 16135 5000 8192 0 1000000000
284 271 14460 5000 8192 0 1000000000
161 211 7913 5000 8192 0 1000000000
312 170 15968 5000 8192 0 1000000000
245 246 12519 5000 8192 0 1000000000
315 155 16106 5000 8192 0 1000000000
302 32 15400 5000 8192 0 1000000000
255 122 12973 5000 8192 0 1000000000
36 254 1729 5000 8192 0 1000000000
141 190 6921 5000 8192 0 1000000000
215 187 10721 5000 8192 0 1000000000
49 79 2336 5000 8192 0 1000000000
297 220 15184 5000 8192 0 1000000000
117 45 5682 5000 8192 0 1000000000
18 147 952 5000 8192 0 1000000000
304 138 15507 5000 8192 0 1000000000
279 229 14166 5000 8192 0 1000000000
190 288 9400 5000 8192 0 1000000000
224 217 11311 5000 8192 0 1000000000
165 18 8183 5000 8192 0 1000000000
235 59 11907 5000 8192 0 1000000000
149 291 7364 5000 8192 0 1000000000
315 225 16116 5000 8192 0 1000000000
305 238 15603 5000 8192 0 1000000000
295 189 15062 5000 8192 0 1000000000
67 163 3416 5000 8192 0 1000000000
239 45 12159 5000 8192 0 1000000000
12 50 566 5000 8192 0 1000000000
260 117 13152 5000 8192 0 1000000000
21 18 1060 5000 8192 0 1000000000
195 264 9631 5000 8192 0 1000000000
134 158 6564 5000 8192 0 1000000000
126 206 6159 5000 8192 0 1000000000
156 166 7704 5000 8192 0 1000000000
173 15 8530 5000 8192 0 1000000000
217 83 10846 5000 8192 0 1000000000
130 160 6439 5000 8192 0 1000000000
131 7 6462 5000 8192 0 1000000000
239 137 12176 5000 8192 0 1000000000
43 294 2070 5000 8192 0 1000000000
255 307 12969 5000 8192 0 1000000000
118 226 5771 5000 8192 0 1000000000
161 154 7946 5000 8192 0 1000000000
176 20 8690 5000 8192 0 1000000000
308 224 15773 5000 8192 0 1000000000
58 79 2869 5000 8192 0 1000000000
148 63 7278 5000 8192 0 1000000000
297 77 15231 5000 8192 0 1000000000
143 81 7049 5000 8192 0 1000000000
27 172 1329 5000 8192 0 1000000000
95 151 4714 5000 8192 0 1000000000
70 197 3589 5000 8192 0 1000000000
28 72 1343 5000 8192 0 1000000000
118 218 5756 5000 8192 0 1000000000
208 26 10320 5000 8192 0 1000000000
71 95 3670 5000 8192 0 1000000000
42 58 2012 5000 8192 0 1000000000
101 18 4876 5000 8192 0 1000000000
87 8 4456 5000 8192 0 1000000000
163 301 8070 5000 8192 0 1000000000
176 86 8677 5000 8192 0 1000000000
219 21 10989 5000 8192 0 1000000000
319 61 16303 5000 8192 0 1000000000
153 156 7577 5000 8192 0 1000000000
116 272 5674 5000 8192 0 1000000000
47 97 2265 5000 8192 0 1000000000
313 251 16044 5000 8192 0 1000000000
295 206 15073 5000 8192 0 1000000000
218 119 10926 5000 8192 0 1000000000
222 150 11197 5000 8192 0 1000000000
138 29 6794 5000 8192 0 1000000000
215 247 10753 5000 8192 0 1000000000
58 175 2834 5000 8192 0 1000000000
222 284 11172 5000 8192 0 1000000000
148 283 7293 5000 8192 0 1000000000
173 87 8495 5000 8192 0 1000000000
42 133 1993 5000 8192 0 1000000000
286 113 14605 5000 8192 0 1000000000
186 116 9156 5000 8192 0 1000000000
287 20 14629 5000 8192 0 1000000000
243 102 12384 5000 8192 0 1000000000
87 38 4418 5000 8192 0 1000000000
59 77 2873 5000 8192 0 1000000000
291 239 14919 5000 8192 0 1000000000
45 240 2214 5000 8192 0 1000000000
115 136 5560 5000 8192 0 1000000000
76 172 3851 5000 8192 0 1000000000
239 254 12155 5000 8192 0 1000000000
249 39 12774 5000 8192 0 1000000000
278 247 14131 5000 8192 0 1000000000
81 145 4108 5000 8192 0 1000000000
172 25 8426 5000 8192 0 1000000000
67 222 3418 5000 8192 0 1000000000
268 39 13636 5000 8192 0 1000000000
234 35 11807 5000 8192 0 1000000000
265 50 13413 5000 8192 0 1000000000
97 13 4727 5000 8192 0 1000000000
254 119 12917 5000 8192 0 1000000000
214 117 10683 5000 8192 0 1000000000
179 225 8827 5000 8192 0 1000000000
296 304 15140 5000 8192 0 1000000000
83 156 4247 5000 8192 0 1000000000
98 134 4785 5000 8192 0 1000000000
127 43 6230 5000 8192 0 1000000000
247 269 12666 5000 8192 0 1000000000
85 118 4354 5000 8192 0 1000000000
303 89 15479 5000 8192 0 1000000000
167 285 8242 5000 8192 0 1000000000
24 260 1254 5000 8192 0 1000000000
82 190 4190 5000 8192 0 1000000000
14 248 659 5000 8192 0 1000000000
62 89 3074 5000 8192 0 1000000000
243 18 12427 5000 8192 0 1000000000
203 303 10022 5000 8192 0 1000000000
221 232 11122 5000 8192 0 1000000000
307 113 15749 5000 8192 0 1000000000
83 197 4248 5000 8192 0 1000000000
315 87 16096 5000 8192 0 1000000000
242 28 12348 5000 8192 0 1000000000
312 59 15993 5000 8192 0 1000000000
126 132 6181 5000 8192 0 1000000000
189 10 9372 5000 8192 0 1000000000
110 172 5256 5000 8192 0 1000000000
272 88 13845 5000 8192 0 1000000000
42 33 2018 5000 8192 0 1000000000
196 202 9743 5000 8192 0 1000000000
220 128 11066 5000 8192 0 1000000000
258 147 13013 5000 8192 0 1000000000
119 302 5865 5000 8192 0 1000000000
95 30 4717 5000 8192 0 1000000000
134 255 6527 5000 8192 0 1000000000
49 291 2357 5000 8192 0 1000000000
276 269 13987 5000 8192 0 1000000000
181 293 8894 5000 8192 0 1000000000
144 287 7143 5000 8192 0 1000000000
176 10 8688 5000 8192 0 1000000000
298 102 15307 5000 8192 0 1000000000
266 201 13490 5000 8192 0 1000000000
308 155 15784 5000 8192 0 1000000000
127 311 6228 5000 8192 0 1000000000
270 76 13757 5000 8192 0 1000000000
39 149 1810 5000 8192 0 1000000000
91 319 4575 5000 8192 0 1000000000
223 166 11266 5000 8192 0 1000000000
66 130 3332 5000 8192 0 1000000000
204 128 10082 5000 8192 0 1000000000
78 218 3913 5000 8192 0 1000000000
45 27 2177 5000 8192 0 1000000000
27 22 1297 5000 8192 0 1000000000
59 100 2874 5000 8192 0 1000000000
144 219 7133 5000 8192 0 1000000000
75 275 3775 5000 8192 0 1000000000
210 123 10451 5000 8192 0 1000000000
168 180 8311 5000 8192 0 1000000000
208 112 10283 5000 8192 0 1000000000
116 121 5643 5000 8192 0 1000000000
68 310 3469 5000 8192 0 1000000000
198 222 9858 5000 8192 0 1000000000
318 110 16220 5000 8192 0 1000000000
98 262 4845 5000 8192 0 1000000000
7 97 378 5000 8192 0 1000000000
282 274 14364 5000 8192 0 1000000000
54 120 2594 5000 8192 0 1000000000
212 286 10545 5000 8192 0 1000000000
145 223 7154 5000 8192 0 1000000000
52 277 2550 5000 8192 0 1000000000
57 204 2765 5000 8192 0 1000000000
32 94 1596 5000 8192 0 1000000000
312 217 15990 5000 8192 0 1000000000
22 221 1125 5000 8192 0 1000000000
114 12 5511 5000 8192 0 1000000000
242 283 12368 5000 8192 0 1000000000
220 255 11034 5000 8192 0 1000000000
262 260 13282 5000 8192 0 1000000000
151 314 16358 5000 16777216 1 1000000000
147 175 7262 5000 8192 0 1000000000
288 118 14735 5000 8192 0 1000000000
61 295 3062 5000 8192 0 1000000000
252 159 12867 5000 8192 0 1000000000
315 92 16094 5000 8192 0 1000000000
272 212 13864 5000 8192 0 1000000000
190 113 9394 5000 8192 0 1000000000
41 64 1967 5000 8192 0 1000000000
198 96 9853 5000 8192 0 1000000000
28 159 1396 5000 8192 0 1000000000
7 100 332 5000 8192 0 1000000000
12 260 547 5000 8192 0 1000000000
87 274 4434 5000 8192 0 1000000000
95 68 4679 5000 8192 0 1000000000
240 7 12217 5000 8192 0 1000000000
258 147 13046 5000 8192 0 1000000000
42 136 2028 5000 8192 0 1000000000
167 113 8258 5000 8192 0 1000000000
3 185 144 5000 8192 0 1000000000
97 311 4768 5000 8192 0 1000000000
15 306 728 5000 8192 0 1000000000
178 131 8750 5000 8192 0 1000000000
69 126 3529 5000 8192 0 1000000000
225 43 11367 5000 8192 0 1000000000
219 45 10998 5000 8192 0 1000000000
252 214 12853 5000 8192 0 1000000000
78 253 3928 5000 8192 0 1000000000
169 213 8396 5000 8192 0 1000000000
41 150 1968 5000 8192 0 1000000000
6 87 307 5000 8192 0 1000000000
178 117 8784 5000 8192 0 1000000000
191 59 9446 5000 8192 0 1000000000
237 317 12011 5000 8192 0 1000000000
49 264 2345 5000 8192 0 1000000000
195 211 9687 5000 8192 0 1000000000
302 282 15416 5000 8192 0 1000000000
134 308 6547 5000 8192 0 1000000000
247 110 12654 5000 8192 0 1000000000
75 191 3805 5000 8192 0 1000000000
262 283 13273 5000 8192 0 1000000000
211 6 10490 5000 8192 0 1000000000
213 123 10642 5000 8192 0 1000000000
215 37 10732 5000 8192 0 1000000000
248 271 12701 5000 8192 0 1000000000
237 298 12051 5000 8192 0 1000000000
6 91 318 5000 8192 0 1000000000
111 205 5318 5000 8192 0 1000000000
20 9 1017 5000 8192 0 1000000000
58 232 2864 5000 8192 0 1000000000
224 310 11300 5000 8192 0 1000000000
134 112 6533 5000 8192 0 1000000000
239 277 12136 5000 8192 0 1000000000
32 24 1657 5000 8192 0 1000000000
288 299 14676 5000 8192 0 1000000000
72 166 16456 5000 16777216 1 1000000000
211 253 10472 5000 8192 0 1000000000
78 295 3894 5000 8192 0 1000000000
118 55 5801 5000 8192 0 1000000000
266 179 13487 5000 8192 0 1000000000
15 36 719 5000 8192 0 1000000000
127 232 6193 5000 8192 0 1000000000
4 269 196 5000 8192 0 1000000000
214 125 10674 5000 8192 0 1000000000
305 306 15614 5000 8192 0 1000000000
158 106 7739 5000 8192 0 1000000000
307 125 15756 5000 8192 0 1000000000
65 167 3264 5000 8192 0 1000000000
158 315 7774 5000 8192 0 1000000000
131 254 6506 5000 8192 0 1000000000
173 154 8539 5000 8192 0 1000000000
240 46 12202 5000 8192 0 1000000000
229 191 11484 5000 8192 0 1000000000
128 168 6304 5000 8192 0 1000000000
138 195 6775 5000 8192 0 1000000000
49 177 2361 5000 8192 0 1000000000
209 169 10338 5000 8192 0 1000000000
123 191 5987 5000 8192 0 1000000000
278 92 14156 5000 8192 0 1000000000
163 100 8078 5000 8192 0 1000000000
160 296 7866 5000 8192 0 1000000000
247 296 12686 5000 8192 0 1000000000
73 197 3751 5000 8192 0 1000000000
204 141 10100 5000 8192 0 1000000000
304 256 15544 5000 8192 0 1000000000
196 317 9739 5000 8192 0 1000000000
211 210 10466 5000 8192 0 1000000000
243 144 12407 5000 8192 0 1000000000
70 206 3584 5000 8192 0 1000000000
179 152 8860 5000 8192 0 1000000000
145 182 7200 5000 8192 0 1000000000
123 67 5945 5000 8192 0 1000000000
191 156 9440 5000 8192 0 1000000000
38 25 16384 5000 16777216 1 1000000000
161 12 7919 5000 8192 0 1000000000
291 7 14926 5000 8192 0 1000000000
152 55 7488 5000 8192 0 1000000000
9 180 466 5000 8192 0 1000000000
149 154 7393 5000 8192 0 1000000000
31 198 1544 5000 8192 0 1000000000
42 55 2011 5000 8192 0 1000000000
301 11 16410 5000 16777216 1 1000000000
238 115 12099 5000 8192 0 1000000000
318 174 16207 5000 8192 0 1000000000
242 13 12345 5000 8192 0 1000000000
280 242 14238 5000 8192 0 1000000000
70 160 3617 5000 8192 0 1000000000
32 14 1632 5000 8192 0 1000000000
213 84 10616 5000 8192 0 1000000000
108 99 5161 5000 8192 0 1000000000
36 88 1738 5000 8192 0 1000000000
87 89 4433 5000 8192 0 1000000000
193 267 9545 5000 8192 0 1000000000
186 8 9125 5000 8192 0 1000000000
119 20 5855 5000 8192 0 1000000000
62 309 3110 5000 8192 0 1000000000
187 182 9189 5000 8192 0 1000000000
218 165 10913 5000 8192 0 1000000000
14 243 675 5000 8192 0 1000000000
49 268 2324 5000 8192 0 1000000000
57 27 2785 5000 8192 0 1000000000
226 148 11461 5000 8192 0 1000000000
141 107 6939 5000 8192 0 1000000000
285 105 14513 5000 8192 0 1000000000
78 290 3910 5000 8192 0 1000000000
6 269 290 5000 8192 0 1000000000
261 232 13240 5000 8192 0 1000000000
147 40 7270 5000 8192 0 1000000000
284 5 14461 5000 8192 0 1000000000
54 132 2583 5000 8192 0 1000000000
20 52 1019 5000 8192 0 1000000000
114 139 5498 5000 8192 0 1000000000
61 111 3003 5000 8192 0 1000000000
174 286 8574 5000 8192 0 1000000000
167 153 8280 5000 8192 0 1000000000
114 95 5539 5000 8192 0 1000000000
269 307 13677 5000 8192 0 1000000000
310 218 15943 5000 8192 0 1000000000
252 0 12838 5000 8192 0 1000000000
28 118 1382 5000 8192 0 1000000000
124 185 6044 5000 8192 0 1000000000
303 43 15492 5000 8192 0 1000000000
155 167 7649 5000 8192 0 1000000000
219 161 10991 5000 8192 0 1000000000
98 35 4789 5000 8192 0 1000000000
258 202 13067 5000 8192 0 1000000000
219 223 11007 5000 8192 0 1000000000
14 318 690 5000 8192 0 1000000000
316 38 16142 5000 8192 0 1000000000
305 186 15625 5000 8192 0 1000000000
247 286 12662 5000 8192 0 1000000000
135 180 6576 5000 8192 0 1000000000
12 301 573 5000 8192 0 1000000000
300 203 15362 5000 8192 0 1000000000
193 110 9525 5000 8192 0 1000000000
183 140 8983 5000 8192 0 1000000000
81 293 4125 5000 8192 0 1000000000
248 75 12738 5000 8192 0 1000000000
155 285 7631 5000 8192 0 1000000000
260 307 13170 5000 8192 0 1000000000
216 119 10836 5000 8192 0 1000000000
128 116 6293 5000 8192 0 1000000000
163 13 8063 5000 8192 0 1000000000
2 122 73 5000 8192 0 1000000000
316 187 16171 5000 8192 0 1000000000
185 7 9097 5000 8192 0 1000000000
280 201 14279 5000 8192 0 1000000000
226 196 11443 5000 8192 0 1000000000
51 114 2484 5000 8192 0 1000000000
243 55 12383 5000 8192 0 1000000000
114 221 5493 5000 8192 0 1000000000
215 23 10746 5000 8192 0 1000000000
261 92 13250 5000 8192 0 1000000000
306 255 15666 5000 8192 0 1000000000
252 178 12883 5000 8192 0 1000000000
134 7 6553 5000 8192 0 1000000000
57 207 2747 5000 8192 0 1000000000
289 318 14749 5000 8192 0 1000000000
161 238 7948 5000 8192 0 1000000000
17 232 837 5000 8192 0 1000000000
55 227 2660 5000 8192 0 1000000000
254 264 12902 5000 8192 0 1000000000
215 90 10742 5000 8192 0 1000000000
150 168 7452 5000 8192 0 1000000000
278 150 14136 5000 8192 0 1000000000
145 95 7150 5000 8192 0 1000000000
239 27 12120 5000 8192 0 1000000000
249 224 12764 5000 8192 0 1000000000
315 316 16133 5000 8192 0 1000000000
239 77 12132 5000 8192 0 1000000000
59 187 2902 5000 8192 0 1000000000
307 164 15721 5000 8192 0 1000000000
286 129 14583 5000 8192 0 1000000000
169 196 8390 5000 8192 0 1000000000
52 51 2508 5000 8192 0 1000000000
126 312 6143 5000 8192 0 1000000000
46 207 16433 5000 16777216 1 1000000000
35 62 1707 5000 8192 0 1000000000
305 79 15590 5000 8192 0 1000000000
233 121 11788 5000 8192 0 1000000000
236 114 11950 5000 8192 0 1000000000
64 281 3250 5000 8192 0 1000000000
80 20 4027 5000 8192 0 1000000000
289 93 14736 5000 8192 0 1000000000
131 307 6505 5000 8192 0 1000000000
7 26 350 5000 8192 0 1000000000
102 152 4965 5000 8192 0 1000000000
50 230 2380 5000 8192 0 1000000000
58 139 2870 5000 8192 0 1000000000
211 139 10500 5000 8192 0 1000000000
145 317 7159 5000 8192 0 1000000000
115 250 5603 5000 8192 0 1000000000
152 211 7525 5000 8192 0 1000000000
118 11 5770 5000 8192 0 1000000000
87 272 4437 5000 8192 0 1000000000
54 17 2563 5000 8192 0 1000000000
137 152 6713 5000 8192 0 1000000000
126 67 6166 5000 8192 0 1000000000
159 205 7799 5000 8192 0 1000000000
150 318 7422 5000 8192 0 1000000000
47 148 2250 5000 8192 0 1000000000
287 186 14644 5000 8192 0 1000000000
40 298 1913 5000 8192 0 1000000000
145 318 7170 5000 8192 0 1000000000
189 183 9328 5000 8192 0 1000000000
208 181 10286 5000 8192 0 1000000000
237 152 12019 5000 8192 0 1000000000
262 104 13307 5000 8192 0 1000000000
295 181 15081 5000 8192 0 1000000000
162 301 8011 5000 8192 0 1000000000
22 182 1093 5000 8192 0 1000000000
187 5 9235 5000 8192 0 1000000000
229 299 11534 5000 8192 0 1000000000
30 166 1474 5000 8192 0 1000000000
316 15 16174 5000 8192 0 1000000000
222 186 11177 5000 8192 0 1000000000
148 13 7308 5000 8192 0 1000000000
128 140 6267 5000 8192 0 1000000000
196 148 9748 5000 8192 0 1000000000
39 67 1791 5000 8192 0 1000000000
269 85 13655 5000 8192 0 1000000000
289 8 14747 5000 8192 0 1000000000
124 241 6042 5000 8192 0 1000000000
290 266 14820 5000 8192 0 1000000000
158 9 7771 5000 8192 0 1000000000
178 182 8787 5000 8192 0 1000000000
229 315 11536 5000 8192 0 1000000000
289 168 14778 5000 8192 0 1000000000
16 202 812 5000 8192 0 1000000000
195 317 9638 5000 8192 0 1000000000
85 318 4399 5000 8192 0 1000000000
312 137 15948 5000 8192 0 1000000000
102 11 4931 5000 8192 0 1000000000
222 38 11213 5000 8192 0 1000000000
71 169 3681 5000 8192 0 1000000000
67 241 3443 5000 8192 0 1000000000
210 236 10410 5000 8192 0 1000000000
319 142 16326 5000 8192 0 1000000000
156 235 7656 5000 8192 0 1000000000
218 184 10968 5000 8192 0 1000000000
3 215 145 5000 8192 0 1000000000
116 183 5680 5000 8192 0 1000000000
226 70 11465 5000 8192 0 1000000000
80 239 4029 5000 8192 0 1000000000
279 25 14220 5000 8192 0 1000000000
290 97 14800 5000 8192 0 1000000000
161 97 7934 5000 8192 0 1000000000
188 168 9276 5000 8192 0 1000000000
280 194 14233 5000 8192 0 1000000000
312 63 15989 5000 8192 0 1000000000
71 251 3645 5000 8192 0 1000000000
234 306 11812 5000 8192 0 1000000000
50 155 2398 5000 8192 0 1000000000
17 111 832 5000 8192 0 1000000000
185 209 9104 5000 8192 0 1000000000
47 275 2289 5000 8192 0 1000000000
118 49 5796 5000 8192 0 1000000000
202 118 9977 5000 8192 0 1000000000
289 40 14751 5000 8192 0 1000000000
91 83 4577 5000 8192 0 1000000000
198 22 9869 5000 8192 0 1000000000
21 198 1049 5000 8192 0 1000000000
310 257 15890 5000 8192 0 1000000000
110 277 5274 5000 8192 0 1000000000
262 286 13296 5000 8192 0 1000000000
238 50 12115 5000 8192 0 1000000000
31 289 1540 5000 8192 0 1000000000
233 92 11761 5000 8192 0 1000000000
216 95 10808 5000 8192 0 1000000000
236 288 11963 5000 8192 0 1000000000
215 99 10733 5000 8192 0 1000000000
111 234 5346 5000 8192 0 1000000000
313 290 16035 5000 8192 0 1000000000
109 86 5215 5000 8192 0 1000000000
219 61 11026 5000 8192 0 1000000000
303 319 15457 5000 8192 0 1000000000
59 313 2921 5000 8192 0 1000000000
14 56 644 5000 8192 0 1000000000
230 208 11592 5000 8192 0 1000000000
210 216 10430 5000 8192 0 1000000000
115 104 5557 5000 8192 0 1000000000
140 217 6829 5000 8192 0 1000000000
194 26 9590 5000 8192 0 1000000000
271 97 13797 5000 8192 0 1000000000
60 217 2970 5000 8192 0 1000000000
309 145 15872 5000 8192 0 1000000000
141 0 6944 5000 8192 0 1000000000
12 121 555 5000 8192 0 1000000000
134 35 6512 5000 8192 0 1000000000
305 44 15628 5000 8192 0 1000000000
153 127 7529 5000 8192 0 1000000000
319 212 16323 5000 8192 0 1000000000
7 241 358 5000 8192 0 1000000000
153 47 7563 5000 8192 0 1000000000
80 77 4045 5000 8192 0 1000000000
195 228 9637 5000 8192 0 1000000000
58 92 2852 5000 8192 0 1000000000
64 149 3202 5000 8192 0 1000000000
160 169 7844 5000 8192 0 1000000000
20 168 977 5000 8192 0 1000000000
312 254 15999 5000 8192 0 1000000000
291 77 14899 5000 8192 0 1000000000
285 226 14491 5000 8192 0 1000000000
318 46 16232 5000 8192 0 1000000000
67 183 3438 5000 8192 0 1000000000
203 275 10017 5000 8192 0 1000000000
7 105 321 5000 8192 0 1000000000
240 186 12213 5000 8192 0 1000000000
41 273 1964 5000 8192 0 1000000000
121 113 5872 5000 8192 0 1000000000
181 184 8913 5000 8192 0 1000000000
284 80 14425 5000 8192 0 1000000000
62 12 3109 5000 8192 0 1000000000
213 182 10608 5000 8192 0 1000000000
281 39 14291 5000 8192 0 1000000000
245 90 12546 5000 8192 0 1000000000
172 168 8476 5000 8192 0 1000000000
266 64 13470 5000 8192 0 1000000000
52 134 2539 5000 8192 0 1000000000
35 318 1713 5000 8192 0 1000000000
63 137 3180 5000 8192 0 1000000000
27 249 1324 5000 8192 0 1000000000
63 163 3158 5000 8192 0 1000000000
82 164 4199 5000 8192 0 1000000000
254 113 12918 5000 8192 0 1000000000
232 161 11702 5000 8192 0 1000000000
295 142 15104 5000 8192 0 1000000000
233 232 11755 5000 8192 0 1000000000
238 171 12058 5000 8192 0 1000000000
282 254 14416 5000 8192 0 1000000000
98 20 4816 5000 8192 0 1000000000
136 129 6655 5000 8192 0 1000000000
119 283 5829 5000 8192 0 1000000000
285 293 14493 5000 8192 0 1000000000
290 202 14860 5000 8192 0 1000000000
17 125 893 5000 8192 0 1000000000
302 200 15418 5000 8192 0 1000000000
138 185 6808 5000 8192 0 1000000000
3 205 164 5000 8192 0 1000000000
319 280 16312 5000 8192 0 1000000000
239 260 12169 5000 8192 0 1000000000
42 51 2006 5000 8192 0 1000000000
45 263 2226 5000 8192 0 1000000000
203 270 10020 5000 8192 0 1000000000
152 1 7509 5000 8192 0 1000000000
118 95 5746 5000 8192 0 1000000000
12 174 521 5000 8192 0 1000000000
224 58 11292 5000 8192 0 1000000000
291 155 14920 5000 8192 0 1000000000
175 81 8609 5000 8192 0 1000000000
165 170 8167 5000 8192 0 1000000000
75 31 3786 5000 8192 0 1000000000
277 212 14047 5000 8192 0 1000000000
302 101 15433 5000 8192 0 1000000000
175 248 8667 5000 8192 0 1000000000
249 50 12811 5000 8192 0 1000000000
156 230 7653 5000 8192 0 1000000000
119 155 5833 5000 8192 0 1000000000
91 273 4583 5000 8192 0 1000000000
121 207 5927 5000 8192 0 1000000000
59 286 2904 5000 8192 0 1000000000
270 289 13737 5000 8192 0 1000000000
85 238 4345 5000 8192 0 1000000000
235 289 11893 5000 8192 0 1000000000
316 118 16141 5000 8192 0 1000000000
194 211 9622 5000 8192 0 1000000000
224 42 11314 5000 8192 0 1000000000
205 180 10196 5000 8192 0 1000000000
24 267 1236 5000 8192 0 1000000000
196 256 9694 5000 8192 0 1000000000
109 35 5172 5000 8192 0 1000000000
39 246 1807 5000 8192 0 1000000000
197 13 9817 5000 8192 0 1000000000
217 110 10858 5000 8192 0 1000000000
109 139 5182 5000 8192 0 1000000000
298 52 15308 5000 8192 0 1000000000
220 76 11078 5000 8192 0 1000000000
91 82 4589 5000 8192 0 1000000000
59 189 2923 5000 8192 0 1000000000
83 172 4268 5000 8192 0 1000000000
118 251 5805 5000 8192 0 1000000000
101 188 4888 5000 8192 0 1000000000
289 3 14776 5000 8192 0 1000000000
216 144 10819 5000 8192 0 1000000000
2 162 97 5000 8192 0 1000000000
282 42 14370 5000 8192 0 1000000000
265 148 13400 5000 8192 0 1000000000
164 66 8152 5000 8192 0 1000000000
23 299 1177 5000 8192 0 1000000000
293 94 14993 5000 8192 0 1000000000
310 24 15898 5000 8192 0 1000000000
189 125 9342 5000 8192 0 1000000000
45 190 2192 5000 8192 0 1000000000
102 110 4964 5000 8192 0 1000000000
35 217 1694 5000 8192 0 1000000000
247 261 12680 5000 8192 0 1000000000
68 53 3486 5000 8192 0 1000000000
271 263 13838 5000 8192 0 1000000000
220 257 11092 5000 8192 0 1000000000
235 133 11917 5000 8192 0 1000000000
83 228 4246 5000 8192 0 1000000000
254 36 12942 5000 8192 0 1000000000
67 282 3423 5000 8192 0 1000000000
167 288 8277 5000 8192 0 1000000000
40 79 1867 5000 8192 0 1000000000
164 104 8125 5000 8192 0 1000000000
98 279 4829 5000 8192 0 1000000000
17 153 879 5000 8192 0 1000000000
172 127 8428 5000 8192 0 1000000000
292 123 14964 5000 8192 0 1000000000
209 301 10394 5000 8192 0 1000000000
168 266 8325 5000 8192 0 1000000000
111 264 5336 5000 8192 0 1000000000
282 32 14360 5000 8192 0 1000000000
117 284 5714 5000 8192 0 1000000000
221 257 11110 5000 8192 0 1000000000
27 205 1313 5000 8192 0 1000000000
115 73 5600 5000 8192 0 1000000000
44 101 2125 5000 8192 0 1000000000
203 126 10064 5000 8192 0 1000000000
71 111 3648 5000 8192 0 1000000000
197 199 9810 5000 8192 0 1000000000
218 143 10907 5000 8192 0 1000000000
36 80 1733 5000 8192 0 1000000000
102 14 4947 5000 8192 0 1000000000
153 265 7562 5000 8192 0 1000000000
315 268 16101 5000 8192 0 1000000000
287 191 14621 5000 8192 0 1000000000
312 313 15954 5000 8192 0 1000000000
197 25 9800 5000 8192 0 1000000000
175 18 8645 5000 8192 0 1000000000
217 101 10903 5000 8192 0 1000000000
287 64 14626 5000 8192 0 1000000000
214 153 10684 5000 8192 0 1000000000
61 216 3047 5000 8192 0 1000000000
59 96 2922 5000 8192 0 1000000000
189 260 9310 5000 8192 0 1000000000
270 212 13719 5000 8192 0 1000000000
270 38 13725 5000 8192 0 1000000000
255 210 13010 5000 8192 0 1000000000
288 206 14686 5000 8192 0 1000000000
132 26 16393 5000 16777216 1 1000000000
149 288 7373 5000 8192 0 1000000000
144 136 7088 5000 8192 0 1000000000
92 234 4642 5000 8192 0 1000000000
155 78 7597 5000 8192 0 1000000000
221 170 11142 5000 8192 0 1000000000
71 98 3641 5000 8192 0 1000000000
269 6 13688 5000 8192 0 1000000000
101 29 4898 5000 8192 0 1000000000
42 137 2004 5000 8192 0 1000000000
246 103 12588 5000 8192 0 1000000000
259 201 13082 5000 8192 0 1000000000
65 82 3258 5000 8192 0 1000000000
67 227 3430 5000 8192 0 1000000000
83 41 4261 5000 8192 0 1000000000
32 175 1654 5000 8192 0 1000000000
233 236 11756 5000 8192 0 1000000000
95 251 4713 5000 8192 0 1000000000
212 157 10531 5000 8192 0 1000000000
134 310 6528 5000 8192 0 1000000000
153 99 7552 5000 8192 0 1000000000
44 233 2124 5000 8192 0 1000000000
272 82 13882 5000 8192 0 1000000000
279 4 14181 5000 8192 0 1000000000
266 294 13462 5000 8192 0 1000000000
186 114 9139 5000 8192 0 1000000000
67 141 3431 5000 8192 0 1000000000
172 295 8434 5000 8192 0 1000000000
197 182 9771 5000 8192 0 1000000000
12 168 538 5000 8192 0 1000000000
215 49 10719 5000 8192 0 1000000000
265 54 13398 5000 8192 0 1000000000
81 196 4100 5000 8192 0 1000000000
62 76 3070 5000 8192 0 1000000000
264 191 13364 5000 8192 0 1000000000
57 227 2801 5000 8192 0 1000000000
175 20 8636 5000 8192 0 1000000000
153 231 7526 5000 8192 0 1000000000
118 212 5797 5000 8192 0 1000000000
230 126 11570 5000 8192 0 1000000000
3 6 132 5000 8192 0 1000000000
202 12 9949 5000 8192 0 1000000000
221 196 11117 5000 8192 0 1000000000
79 103 3982 5000 8192 0 1000000000
61 162 3050 5000 8192 0 1000000000
116 47 5671 5000 8192 0 1000000000
159 232 7842 5000 8192 0 1000000000
195 22 9680 5000 8192 0 1000000000
61 70 3019 5000 8192 0 1000000000
245 174 12529 5000 8192 0 1000000000
91 244 4549 5000 8192 0 1000000000
238 88 12095 5000 8192 0 1000000000
248 224 12752 5000 8192 0 1000000000
187 161 9219 5000 8192 0 1000000000
304 110 15509 5000 8192 0 1000000000
224 75 11302 5000 8192 0 1000000000
108 136 5145 5000 8192 0 1000000000
160 27 7850 5000 8192 0 1000000000
150 285 7428 5000 8192 0 1000000000
41 80 1958 5000 8192 0 1000000000
266 202 13460 5000 8192 0 1000000000
136 85 6668 5000 8192 0 1000000000
8 128 434 5000 8192 0 1000000000
47 304 2290 5000 8192 0 1000000000
203 304 10042 5000 8192 0 1000000000
49 52 2359 5000 8192 0 1000000000
231 27 11633 5000 8192 0 1000000000
297 4 15194 5000 8192 0 1000000000
185 163 9060 5000 8192 0 1000000000
117 3 5712 5000 8192 0 1000000000
7 272 333 5000 8192 0 1000000000
41 207 1953 5000 8192 0 1000000000
297 126 15236 5000 8192 0 1000000000
285 176 14507 5000 8192 0 1000000000
282 246 14369 5000 8192 0 1000000000
92 10 4647 5000 8192 0 1000000000
57 139 2774 5000 8192 0 1000000000
249 239 12770 5000 8192 0 1000000000
101 27 4861 5000 8192 0 1000000000
267 15 13555 5000 8192 0 1000000000
211 209 10487 5000 8192 0 1000000000
315 133 16083 5000 8192 0 1000000000
300 69 15322 5000 8192 0 1000000000
209 214 10393 5000 8192 0 1000000000
82 107 4210 5000 8192 0 1000000000
240 71 12240 5000 8192 0 1000000000
76 37 3836 5000 8192 0 1000000000
78 212 3899 5000 8192 0 1000000000
70 312 3606 5000 8192 0 1000000000
117 289 5697 5000 8192 0 1000000000
310 167 15921 5000 8192 0 1000000000
87 226 4464 5000 8192 0 1000000000
56 230 2704 5000 8192 0 1000000000
315 91 16082 5000 8192 0 1000000000
117 78 5693 5000 8192 0 1000000000
292 19 14986 5000 8192 0 1000000000
0 24 30 5000 8192 0 1000000000
161 202 7911 5000 8192 0 1000000000
31 208 1589 5000 8192 0 1000000000
211 263 10476 5000 8192 0 1000000000
260 92 13169 5000 8192 0 1000000000
50 155 2389 5000 8192 0 1000000000
97 4 4741 5000 8192 0 1000000000
225 199 11412 5000 8192 0 1000000000
80 29 4034 5000 8192 0 1000000000
232 14 11704 5000 8192 0 1000000000
204 72 10137 5000 8192 0 1000000000
282 255 14368 5000 8192 0 1000000000
155 198 7634 5000 8192 0 1000000000
264 310 13342 5000 8192 0 1000000000
181 33 8914 5000 8192 0 1000000000
270 70 13724 5000 8192 0 1000000000
248 218 12731 5000 8192 0 1000000000
203 290 10070 5000 8192 0 1000000000
231 128 11669 5000 8192 0 1000000000
85 96 4378 5000 8192 0 1000000000
15 202 740 5000 8192 0 1000000000
293 302 15033 5000 8192 0 1000000000
234 4 11806 5000 8192 0 1000000000
59 51 2905 5000 8192 0 1000000000
55 80 2657 5000 8192 0 1000000000
278 163 14109 5000 8192 0 1000000000
153 139 7568 5000 8192 0 1000000000
42 270 2034 5000 8192 0 1000000000
21 62 1044 5000 8192 0 1000000000
68 186 3456 5000 8192 0 1000000000
231 44 11627 5000 8192 0 1000000000
145 303 7187 5000 8192 0 1000000000
142 105 6962 5000 8192 0 1000000000
252 148 12825 5000 8192 0 1000000000
29 262 1418 5000 8192 0 1000000000
264 247 13379 5000 8192 0 1000000000
240 14 12241 5000 8192 0 1000000000
280 202 14264 5000 8192 0 1000000000
43 137 2101 5000 8192 0 1000000000
69 240 3567 5000 8192 0 1000000000
102 6 4932 5000 8192 0 1000000000
83 318 4274 5000 8192 0 1000000000
150 104 7430 5000 8192 0 1000000000
175 37 8647 5000 8192 0 1000000000
278 152 14143 5000 8192 0 1000000000
224 130 11329 5000 8192 0 1000000000
121 107 5896 5000 8192 0 1000000000
217 270 10857 5000 8192 0 1000000000
162 48 7992 5000 8192 0 1000000000
189 299 9321 5000 8192 0 1000000000
175 297 8670 5000 8192 0 1000000000
203 97 10069 5000 8192 0 1000000000
295 45 15098 5000 8192 0 1000000000
3 280 183 5000 8192 0 1000000000
206 27 10230 5000 8192 0 1000000000
68 226 3464 5000 8192 0 1000000000
302 9 15395 5000 8192 0 1000000000
292 71 14978 5000 8192 0 1000000000
40 64 1870 5000 8192 0 1000000000
304 48 15539 5000 8192 0 1000000000
210 148 10452 5000 8192 0 1000000000
87 85 4453 5000 8192 0 1000000000
4 256 240 5000 8192 0 1000000000
121 148 5901 5000 8192 0 1000000000
117 188 5722 5000 8192 0 1000000000
32 124 1655 5000 8192 0 1000000000
155 104 7636 5000 8192 0 1000000000
111 75 5352 5000 8192 0 1000000000
172 132 8441 5000 8192 0 1000000000
58 137 2817 5000 8192 0 1000000000
230 278 11563 5000 8192 0 1000000000
233 232 11735 5000 8192 0 1000000000
152 190 7482 5000 8192 0 1000000000
40 121 1871 5000 8192 0 1000000000
268 187 13599 5000 8192 0 1000000000
259 226 13079 5000 8192 0 1000000000
118 101 5780 5000 8192 0 1000000000
160 163 7893 5000 8192 0 1000000000
236 177 11962 5000 8192 0 1000000000
224 212 11337 5000 8192 0 1000000000
193 291 9547 5000 8192 0 1000000000
18 166 909 5000 8192 0 1000000000
142 57 6982 5000 8192 0 1000000000
114 3 5549 5000 8192 0 1000000000
111 52 5323 5000 8192 0 1000000000
116 222 5660 5000 8192 0 1000000000
150 286 7454 5000 8192 0 1000000000
32 275 1645 5000 8192 0 1000000000
291 175 14901 5000 8192 0 1000000000
17 11 861 5000 8192 0 1000000000
101 247 4864 5000 8192 0 1000000000
217 258 10867 5000 8192 0 1000000000
115 6 5578 5000 8192 0 1000000000
178 34 8767 5000 8192 0 1000000000
164 303 8119 5000 8192 0 1000000000
274 285 13942 5000 8192 0 1000000000
92 142 4596 5000 8192 0 1000000000
184 291 9015 5000 8192 0 1000000000
252 30 12848 5000 8192 0 1000000000
205 253 10177 5000 8192 0 1000000000
242 259 12353 5000 8192 0 1000000000
220 208 11033 5000 8192 0 1000000000
191 54 9455 5000 8192 0 1000000000
75 209 3782 5000 8192 0 1000000000
124 302 6024 5000 8192 0 1000000000
39 48 1847 5000 8192 0 1000000000
308 6 15764 5000 8192 0 1000000000
57 306 2767 5000 8192 0 1000000000
85 314 4349 5000 8192 0 1000000000
167 129 8236 5000 8192 0 1000000000
64 15 3206 5000 8192 0 1000000000
243 254 12378 5000 8192 0 1000000000
55 47 2645 5000 8192 0 1000000000
40 238 1902 5000 8192 0 1000000000
197 81 9802 5000 8192 0 1000000000
160 196 7876 5000 8192 0 1000000000
243 180 12399 5000 8192 0 1000000000
24 5 1262 5000 8192 0 1000000000
295 215 15069 5000 8192 0 1000000000
202 214 9961 5000 8192 0 1000000000
218 25 10934 5000 8192 0 1000000000
76 265 3889 5000 8192 0 1000000000
43 252 2094 5000 8192 0 1000000000
23 109 1192 5000 8192 0 1000000000
203 45 10067 5000 8192 0 1000000000
297 316 15225 5000 8192 0 1000000000
142 297 6960 5000 8192 0 1000000000
39 9 1794 5000 8192 0 1000000000
309 7 15867 5000 8192 0 1000000000
114 62 5503 5000 8192 0 1000000000
237 124 12047 5000 8192 0 1000000000
212 317 10549 5000 8192 0 1000000000
261 157 13254 5000 8192 0 1000000000
61 252 3010 5000 8192 0 1000000000
247 56 12642 5000 8192 0 1000000000
125 93 6089 5000 8192 0 1000000000
19 317 16334 5000 16777216 1 1000000000
112 270 5404 5000 8192 0 1000000000
97 237 4725 5000 8192 0 1000000000
302 165 15390 5000 8192 0 1000000000
32 132 1635 5000 8192 0 1000000000
169 227 8414 5000 8192 0 1000000000
268 102 13607 5000 8192 0 1000000000
249 150 12780 5000 8192 0 1000000000
144 21 7141 5000 8192 0 1000000000
307 205 15719 5000 8192 0 1000000000
125 189 6066 5000 8192 0 1000000000
242 107 12351 5000 8192 0 1000000000
297 127 15230 5000 8192 0 1000000000
27 63 1333 5000 8192 0 1000000000
236 144 11972 5000 8192 0 1000000000
272 42 13867 5000 8192 0 1000000000
236 248 11938 5000 8192 0 1000000000
92 59 4638 5000 8192 0 1000000000
57 37 2805 5000 8192 0 1000000000
82 302 4183 5000 8192 0 1000000000
116 109 5628 5000 8192 0 1000000000
82 93 4176 5000 8192 0 1000000000
119 135 5845 5000 8192 0 1000000000
238 184 12101 5000 8192 0 1000000000
290 310 14803 5000 8192 0 1000000000
156 190 7655 5000 8192 0 1000000000
0 211 41 5000 8192 0 1000000000
307 186 15705 5000 8192 0 1000000000
189 222 9359 5000 8192 0 1000000000
71 100 3676 5000 8192 0 1000000000
313 133 16022 5000 8192 0 1000000000
123 161 5954 5000 8192 0 1000000000
128 158 6280 5000 8192 0 1000000000
76 114 3852 5000 8192 0 1000000000
8 302 408 5000 8192 0 1000000000
193 111 9518 5000 8192 0 1000000000
215 92 10722 5000 8192 0 1000000000
262 132 13285 5000 8192 0 1000000000
31 20 1585 5000 8192 0 1000000000
267 222 13524 5000 8192 0 1000000000
217 39 10904 5000 8192 0 1000000000
201 299 9943 5000 8192 0 1000000000
291 168 14887 5000 8192 0 1000000000
205 93 10202 5000 8192 0 1000000000
173 224 8481 5000 8192 0 1000000000
109 96 5183 5000 8192 0 1000000000
215 93 10747 5000 8192 0 1000000000
107 170 5098 5000 8192 0 1000000000
27 313 1311 5000 8192 0 1000000000
315 15 16076 5000 8192 0 1000000000
215 93 10757 5000 8192 0 1000000000
172 241 8425 5000 8192 0 1000000000
85 109 4365 5000 8192 0 1000000000
308 270 15795 5000 8192 0 1000000000
119 202 5856 5000 8192 0 1000000000
305 198 15577 5000 8192 0 1000000000
197 37 9813 5000 8192 0 1000000000
90 136 4496 5000 8192 0 1000000000
123 160 5939 5000 8192 0 1000000000
7 300 323 5000 8192 0 1000000000
155 100 7593 5000 8192 0 1000000000
92 165 4606 5000 8192 0 1000000000
134 23 6539 5000 8192 0 1000000000
28 60 1351 5000 8192 0 1000000000
130 151 6390 5000 8192 0 1000000000
280 45 14255 5000 8192 0 1000000000
152 196 7465 5000 8192 0 1000000000
68 194 3504 5000 8192 0 1000000000
27 268 1286 5000 8192 0 1000000000
124 253 6043 5000 8192 0 1000000000
114 171 5491 5000 8192 0 1000000000
153 211 7545 5000 8192 0 1000000000
274 318 13910 5000 8192 0 1000000000
144 161 7145 5000 8192 0 1000000000
123 15 5965 5000 8192 0 1000000000
51 82 2429 5000 8192 0 1000000000
249 221 12803 5000 8192 0 1000000000
117 240 5725 5000 8192 0 1000000000
91 220 4570 5000 8192 0 1000000000
67 68 3387 5000 8192 0 1000000000
238 89 12078 5000 8192 0 1000000000
195 201 9690 5000 8192 0 1000000000
153 86 7571 5000 8192 0 1000000000
179 257 8802 5000 8192 0 1000000000
248 197 12748 5000 8192 0 1000000000
123 97 5985 5000 8192 0 1000000000
58 55 2839 5000 8192 0 1000000000
115 5 5559 5000 8192 0 1000000000
12 65 561 5000 8192 0 1000000000
129 15 6326 5000 8192 0 1000000000
39 141 1802 5000 8192 0 1000000000
184 185 9023 5000 8192 0 1000000000
115 187 5571 5000 8192 0 1000000000
18 313 911 5000 8192 0 1000000000
27 287 1289 5000 8192 0 1000000000
183 274 8969 5000 8192 0 1000000000
28 34 1354 5000 8192 0 1000000000
270 258 13733 5000 8192 0 1000000000
316 227 16154 5000 8192 0 1000000000
266 262 13477 5000 8192 0 1000000000
155 314 7594 5000 8192 0 1000000000
312 41 15976 5000 8192 0 1000000000
216 266 10815 5000 8192 0 1000000000
47 50 2288 5000 8192 0 1000000000
118 253 5795 5000 8192 0 1000000000
291 33 14892 5000 8192 0 1000000000
222 111 11175 5000 8192 0 1000000000
56 314 2709 5000 8192 0 1000000000
279 211 14203 5000 8192 0 1000000000
186 68 9142 5000 8192 0 1000000000
304 297 15533 5000 8192 0 1000000000
128 75 6265 5000 8192 0 1000000000
288 74 14695 5000 8192 0 1000000000
114 245 5501 5000 8192 0 1000000000
161 75 7961 5000 8192 0 1000000000
190 239 9380 5000 8192 0 1000000000
225 294 11407 5000 8192 0 1000000000
138 92 6780 5000 8192 0 1000000000
91 212 4548 5000 8192 0 1000000000
117 270 5685 5000 8192 0 1000000000
318 125 16245 5000 8192 0 1000000000
125 198 6112 5000 8192 0 1000000000
144 270 7093 5000 8192 0 1000000000
78 234 3941 5000 8192 0 1000000000
202 36 9964 5000 8192 0 1000000000
91 148 4537 5000 8192 0 1000000000
16 32 816 5000 8192 0 1000000000
233 308 11771 5000 8192 0 1000000000
272 130 13872 5000 8192 0 1000000000
280 31 14283 5000 8192 0 1000000000
266 10 13483 5000 8192 0 1000000000
17 191 873 5000 8192 0 1000000000
222 244 11200 5000 8192 0 1000000000
101 204 4859 5000 8192 0 1000000000
284 306 14421 5000 8192 0 1000000000
36 184 1775 5000 8192 0 1000000000
259 134 13086 5000 8192 0 1000000000
174 50 8577 5000 8192 0 1000000000
245 193 12515 5000 8192 0 1000000000
171 146 16360 5000 16777216 1 1000000000
312 195 15950 5000 8192 0 1000000000
222 90 11166 5000 8192 0 1000000000
236 257 11984 5000 8192 0 1000000000
234 300 11849 5000 8192 0 1000000000
163 253 8090 5000 8192 0 1000000000
127 146 6212 5000 8192 0 1000000000
197 242 9761 5000 8192 0 1000000000
50 187 2395 5000 8192 0 1000000000
57 36 2789 5000 8192 0 1000000000
278 50 14123 5000 8192 0 1000000000
208 49 10274 5000 8192 0 1000000000
174 278 8592 5000 8192 0 1000000000
112 139 5417 5000 8192 0 1000000000
219 225 11005 5000 8192 0 1000000000
266 319 13495 5000 8192 0 1000000000
183 233 8930 5000 8192 0 1000000000
282 280 14405 5000 8192 0 1000000000
98 319 4793 5000 8192 0 1000000000
6 100 281 5000 8192 0 1000000000
40 230 1875 5000 8192 0 1000000000
102 286 4959 5000 8192 0 1000000000
78 79 3916 5000 8192 0 1000000000
293 20 15002 5000 8192 0 1000000000
305 43 15596 5000 8192 0 1000000000
245 305 12524 5000 8192 0 1000000000
305 281 15589 5000 8192 0 1000000000
71 297 3662 5000 8192 0 1000000000
303 315 15461 5000 8192 0 1000000000
50 288 2373 5000 8192 0 1000000000
36 2 1757 5000 8192 0 1000000000
131 318 6492 5000 8192 0 1000000000
284 184 14433 5000 8192 0 1000000000
176 191 8722 5000 8192 0 1000000000
319 168 16294 5000 8192 0 1000000000
202 205 9981 5000 8192 0 1000000000
54 201 2589 5000 8192 0 1000000000
83 144 4240 5000 8192 0 1000000000
255 29 12964 5000 8192 0 1000000000
298 38 15289 5000 8192 0 1000000000
315 228 16136 5000 8192 0 1000000000
261 219 13229 5000 8192 0 1000000000
104 281 4992 5000 8192 0 1000000000
239 256 12139 5000 8192 0 1000000000
318 14 16262 5000 8192 0 1000000000
71 161 3675 5000 8192 0 1000000000
85 163 4396 5000 8192 0 1000000000
95 180 4665 5000 8192 0 1000000000
42 123 2010 5000 8192 0 1000000000
291 204 14865 5000 8192 0 1000000000
215 40 10774 5000 8192 0 1000000000
167 28 8271 5000 8192 0 1000000000
147 185 7264 5000 8192 0 1000000000
140 17 6838 5000 8192 0 1000000000
209 80 10333 5000 8192 0 1000000000
306 147 15658 5000 8192 0 1000000000
8 208 390 5000 8192 0 1000000000
236 65 11928 5000 8192 0 1000000000
128 77 6271 5000 8192 0 1000000000
310 199 15935 5000 8192 0 1000000000
65 233 3305 5000 8192 0 1000000000
42 30 2005 5000 8192 0 1000000000
67 303 3442 5000 8192 0 1000000000
60 276 2947 5000 8192 0 1000000000
125 220 6105 5000 8192 0 1000000000
85 66 4359 5000 8192 0 1000000000
240 151 12184 5000 8192 0 1000000000
14 191 648 5000 8192 0 1000000000
280 47 14240 5000 8192 0 1000000000
254 130 12894 5000 8192 0 1000000000
15 183 720 5000 8192 0 1000000000
139 275 16351 5000 16777216 1 1000000000
268 77 13642 5000 8192 0 1000000000
108 271 5151 5000 8192 0 1000000000
121 300 5906 5000 8192 0 1000000000
307 58 15694 5000 8192 0 1000000000
193 215 9508 5000 8192 0 1000000000
68 112 3452 5000 8192 0 1000000000
242 20 12344 5000 8192 0 1000000000
17 93 845 5000 8192 0 1000000000
268 111 13613 5000 8192 0 1000000000
32 176 1640 5000 8192 0 1000000000
303 305 15473 5000 8192 0 1000000000
289 264 14741 5000 8192 0 1000000000
69 262 3549 5000 8192 0 1000000000
156 25 7702 5000 8192 0 1000000000
131 112 6459 5000 8192 0 1000000000
138 250 6813 5000 8192 0 1000000000
81 178 4110 5000 8192 0 1000000000
140 268 6839 5000 8192 0 1000000000
16 314 801 5000 8192 0 1000000000
303 57 15483 5000 8192 0 1000000000
284 301 14474 5000 8192 0 1000000000
113 52 5450 5000 8192 0 1000000000
242 288 12330 5000 8192 0 1000000000
181 150 8917 5000 8192 0 1000000000
268 45 13632 5000 8192 0 1000000000
205 65 10189 5000 8192 0 1000000000
131 182 6509 5000 8192 0 1000000000
174 183 8585 5000 8192 0 1000000000
204 273 10136 5000 8192 0 1000000000
169 154 8392 5000 8192 0 1000000000
141 253 6891 5000 8192 0 1000000000
288 297 14706 5000 8192 0 1000000000
194 313 9582 5000 8192 0 1000000000
184 15 9036 5000 8192 0 1000000000
307 38 15710 5000 8192 0 1000000000
246 278 12587 5000 8192 0 1000000000
125 292 6114 5000 8192 0 1000000000
186 150 9138 5000 8192 0 1000000000
280 207 14260 5000 8192 0 1000000000
107 101 5089 5000 8192 0 1000000000
15 313 724 5000 8192 0 1000000000
289 207 14738 5000 8192 0 1000000000
163 62 8057 5000 8192 0 1000000000
61 259 3048 5000 8192 0 1000000000
159 211 7823 5000 8192 0 1000000000
162 194 7982 5000 8192 0 1000000000
31 194 1558 5000 8192 0 1000000000
237 211 12040 5000 8192 0 1000000000
130 12 6403 5000 8192 0 1000000000
101 316 4871 5000 8192 0 1000000000
39 26 1803 5000 8192 0 1000000000
293 17 15003 5000 8192 0 1000000000
231 211 11651 5000 8192 0 1000000000
313 178 16056 5000 8192 0 1000000000
230 192 11569 5000 8192 0 1000000000
230 159 11577 5000 8192 0 1000000000
217 86 10885 5000 8192 0 1000000000
95 20 4719 5000 8192 0 1000000000
17 202 856 5000 8192 0 1000000000
225 303 11400 5000 8192 0 1000000000
141 96 6924 5000 8192 0 1000000000
280 60 14288 5000 8192 0 1000000000
155 286 7621 5000 8192 0 1000000000
313 93 16051 5000 8192 0 1000000000
290 101 14858 5000 8192 0 1000000000
41 101 1939 5000 8192 0 1000000000
163 25 8077 5000 8192 0 1000000000
67 138 3399 5000 8192 0 1000000000
62 170 3118 5000 8192 0 1000000000
288 171 14717 5000 8192 0 1000000000
287 41 14615 5000 8192 0 1000000000
152 207 7494 5000 8192 0 1000000000
291 150 14884 5000 8192 0 1000000000
111 239 5304 5000 8192 0 1000000000
174 87 8588 5000 8192 0 1000000000
109 57 5219 5000 8192 0 1000000000
183 115 8981 5000 8192 0 1000000000
255 77 12983 5000 8192 0 1000000000
297 88 15212 5000 8192 0 1000000000
119 76 5860 5000 8192 0 1000000000
261 74 13266 5000 8192 0 1000000000
22 199 1146 5000 8192 0 1000000000
162 147 8014 5000 8192 0 1000000000
282 222 14362 5000 8192 0 1000000000
230 163 11559 5000 8192 0 1000000000
23 261 1209 5000 8192 0 1000000000
242 219 12310 5000 8192 0 1000000000
29 96 1413 5000 8192 0 1000000000
183 305 8939 5000 8192 0 1000000000
115 184 5575 5000 8192 0 1000000000
65 180 3268 5000 8192 0 1000000000
168 249 8341 5000 8192 0 1000000000
15 25 732 5000 8192 0 1000000000
161 1 7950 5000 8192 0 1000000000
91 150 4546 5000 8192 0 1000000000
47 213 2277 5000 8192 0 1000000000
265 114 13401 5000 8192 0 1000000000
193 194 9536 5000 8192 0 1000000000
211 101 10518 5000 8192 0 1000000000
295 172 15099 5000 8192 0 1000000000
242 161 12340 5000 8192 0 1000000000
309 50 15831 5000 8192 0 1000000000
240 72 12210 5000 8192 0 1000000000
55 0 2670 5000 8192 0 1000000000
313 304 16019 5000 8192 0 1000000000
216 316 10796 5000 8192 0 1000000000
136 106 6699 5000 8192 0 1000000000
79 241 4019 5000 8192 0 1000000000
101 47 4870 5000 8192 0 1000000000
43 257 2082 5000 8192 0 1000000000
277 40 14048 5000 8192 0 1000000000
238 231 12114 5000 8192 0 1000000000
109 9 5176 5000 8192 0 1000000000
70 152 3593 5000 8192 0 1000000000
184 93 9030 5000 8192 0 1000000000
23 266 1200 5000 8192 0 1000000000
115 8 5593 5000 8192 0 1000000000
152 104 7490 5000 8192 0 1000000000
47 268 2285 5000 8192 0 1000000000
220 230 11053 5000 8192 0 1000000000
136 217 6697 5000 8192 0 1000000000
41 265 1944 5000 8192 0 1000000000
56 161 2690 5000 8192 0 1000000000
23 45 1165 5000 8192 0 1000000000
303 203 15446 5000 8192 0 1000000000
148 150 7291 5000 8192 0 1000000000
4 8 210 5000 8192 0 1000000000
101 127 4884 5000 8192 0 1000000000
280 312 14257 5000 8192 0 1000000000
135 92 6587 5000 8192 0 1000000000
160 123 7881 5000 8192 0 1000000000
178 189 8757 5000 8192 0 1000000000
155 32 7635 5000 8192 0 1000000000
98 302 4843 5000 8192 0 1000000000
292 115 14970 5000 8192 0 1000000000
121 220 5915 5000 8192 0 1000000000
234 63 11815 5000 8192 0 1000000000
109 7 5187 5000 8192 0 1000000000
59 186 2903 5000 8192 0 1000000000
224 283 11344 5000 8192 0 1000000000
42 156 2037 5000 8192 0 1000000000
76 204 3885 5000 8192 0 1000000000
223 105 11282 5000 8192 0 1000000000
242 309 12369 5000 8192 0 1000000000
148 262 7292 5000 8192 0 1000000000
259 156 13107 5000 8192 0 1000000000
160 96 7883 5000 8192 0 1000000000
131 62 6484 5000 8192 0 1000000000
67 166 3415 5000 8192 0 1000000000
79 68 3999 5000 8192 0 1000000000
61 135 3006 5000 8192 0 1000000000
43 153 2074 5000 8192 0 1000000000
111 254 5341 5000 8192 0 1000000000
126 6 6136 5000 8192 0 1000000000
9 44 459 5000 8192 0 1000000000
71 48 3640 5000 8192 0 1000000000
155 193 7598 5000 8192 0 1000000000
111 61 5351 5000 8192 0 1000000000
147 227 7232 5000 8192 0 1000000000
268 54 13651 5000 8192 0 1000000000
143 11 7030 5000 8192 0 1000000000
312 251 16005 5000 8192 0 1000000000
135 296 6630 5000 8192 0 1000000000
2 92 126 5000 8192 0 1000000000
112 125 5400 5000 8192 0 1000000000
50 285 2425 5000 8192 0 1000000000
165 190 8173 5000 8192 0 1000000000
284 179 14420 5000 8192 0 1000000000
71 283 3667 5000 8192 0 1000000000
128 231 6284 5000 8192 0 1000000000
158 95 7726 5000 8192 0 1000000000
279 47 14186 5000 8192 0 1000000000
235 177 11878 5000 8192 0 1000000000
255 56 12950 5000 8192 0 1000000000
8 182 446 5000 8192 0 1000000000
225 257 11398 5000 8192 0 1000000000
229 310 11480 5000 8192 0 1000000000
178 15 8791 5000 8192 0 1000000000
134 95 6545 5000 8192 0 1000000000
160 226 7899 5000 8192 0 1000000000
68 237 3495 5000 8192 0 1000000000
302 245 15391 5000 8192 0 1000000000
118 146 5803 5000 8192 0 1000000000
122 251 16406 5000 16777216 1 1000000000
69 316 3521 5000 8192 0 1000000000
18 107 937 5000 8192 0 1000000000
229 301 11521 5000 8192 0 1000000000
169 174 8402 5000 8192 0 1000000000
244 273 12443 5000 8192 0 1000000000
61 124 3059 5000 8192 0 1000000000
83 130 4242 5000 8192 0 1000000000
20 85 1010 5000 8192 0 1000000000
308 31 15799 5000 8192 0 1000000000
82 140 4150 5000 8192 0 1000000000
264 287 13350 5000 8192 0 1000000000
55 64 2627 5000 8192 0 1000000000
164 259 8098 5000 8192 0 1000000000
295 135 15108 5000 8192 0 1000000000
61 310 3018 5000 8192 0 1000000000
191 270 9456 5000 8192 0 1000000000
297 224 15244 5000 8192 0 1000000000
270 221 13763 5000 8192 0 1000000000
287 164 14642 5000 8192 0 1000000000
175 68 8634 5000 8192 0 1000000000
307 158 15722 5000 8192 0 1000000000
136 286 6696 5000 8192 0 1000000000
255 61 12955 5000 8192 0 1000000000
95 311 4658 5000 8192 0 1000000000
31 208 1568 5000 8192 0 1000000000
134 284 6562 5000 8192 0 1000000000
239 189 12121 5000 8192 0 1000000000
269 266 13681 5000 8192 0 1000000000
102 15 4921 5000 8192 0 1000000000
149 220 7387 5000 8192 0 1000000000
47 12 2268 5000 8192 0 1000000000
16 4 773 5000 8192 0 1000000000
54 165 2575 5000 8192 0 1000000000
144 293 7144 5000 8192 0 1000000000
95 69 4720 5000 8192 0 1000000000
102 55 4949 5000 8192 0 1000000000
311 263 16401 5000 16777216 1 1000000000
117 185 5720 5000 8192 0 1000000000
118 285 5778 5000 8192 0 1000000000
290 52 14834 5000 8192 0 1000000000
148 302 7273 5000 8192 0 1000000000
312 18 15949 5000 8192 0 1000000000
278 180 14129 5000 8192 0 1000000000
109 156 5225 5000 8192 0 1000000000
62 52 3073 5000 8192 0 1000000000
218 95 10960 5000 8192 0 1000000000
18 288 923 5000 8192 0 1000000000
255 203 12982 5000 8192 0 1000000000
184 288 9033 5000 8192 0 1000000000
189 15 9312 5000 8192 0 1000000000
3 39 146 5000 8192 0 1000000000
316 294 16166 5000 8192 0 1000000000
249 148 12768 5000 8192 0 1000000000
226 159 11417 5000 8192 0 1000000000
145 237 7193 5000 8192 0 1000000000
184 28 9054 5000 8192 0 1000000000
189 172 9313 5000 8192 0 1000000000
109 156 5196 5000 8192 0 1000000000
149 247 7349 5000 8192 0 1000000000
191 8 9490 5000 8192 0 1000000000
219 316 10982 5000 8192 0 1000000000
67 179 3398 5000 8192 0 1000000000
131 1 6460 5000 8192 0 1000000000
51 103 2473 5000 8192 0 1000000000
107 224 5072 5000 8192 0 1000000000
194 81 9591 5000 8192 0 1000000000
176 245 8721 5000 8192 0 1000000000
6 211 264 5000 8192 0 1000000000
136 179 6637 5000 8192 0 1000000000
246 219 12602 5000 8192 0 1000000000
69 145 3571 5000 8192 0 1000000000
153 15 7548 5000 8192 0 1000000000
215 163 10766 5000 8192 0 1000000000
176 218 8706 5000 8192 0 1000000000
304 116 15541 5000 8192 0 1000000000
62 95 3086 5000 8192 0 1000000000
114 188 5502 5000 8192 0 1000000000
61 211 3041 5000 8192 0 1000000000
255 280 12953 5000 8192 0 1000000000
39 292 1799 5000 8192 0 1000000000
70 29 3634 5000 8192 0 1000000000
269 110 13697 5000 8192 0 1000000000
2 102 93 5000 8192 0 1000000000
30 0 1493 5000 8192 0 1000000000
305 26 15588 5000 8192 0 1000000000
90 217 4502 5000 8192 0 1000000000
39 38 1838 5000 8192 0 1000000000
258 299 13030 5000 8192 0 1000000000
81 185 4142 5000 8192 0 1000000000
295 134 15116 5000 8192 0 1000000000
210 282 10442 5000 8192 0 1000000000
175 276 8631 5000 8192 0 1000000000
124 288 6036 5000 8192 0 1000000000
50 311 2363 5000 8192 0 1000000000
174 201 8599 5000 8192 0 1000000000
28 152 1384 5000 8192 0 1000000000
261 257 13237 5000 8192 0 1000000000
75 208 3767 5000 8192 0 1000000000
246 132 12594 5000 8192 0 1000000000
70 87 3586 5000 8192 0 1000000000
158 250 7734 5000 8192 0 1000000000
312 219 15988 5000 8192 0 1000000000
230 174 11564 5000 8192 0 1000000000
79 285 4000 5000 8192 0 1000000000
298 247 15294 5000 8192 0 1000000000
127 193 6254 5000 8192 0 1000000000
185 71 9080 5000 8192 0 1000000000
189 184 9324 5000 8192 0 1000000000
201 214 9932 5000 8192 0 1000000000
302 297 15393 5000 8192 0 1000000000
280 111 14281 5000 8192 0 1000000000
226 84 11464 5000 8192 0 1000000000
293 114 15041 5000 8192 0 1000000000
252 199 12850 5000 8192 0 1000000000
176 308 8700 5000 8192 0 1000000000
31 270 1559 5000 8192 0 1000000000
155 248 7630 5000 8192 0 1000000000
8 77 443 5000 8192 0 1000000000
44 64 2165 5000 8192 0 1000000000
125 220 6076 5000 8192 0 1000000000
134 268 6559 5000 8192 0 1000000000
118 292 5779 5000 8192 0 1000000000
254 108 12888 5000 8192 0 1000000000
75 266 3791 5000 8192 0 1000000000
115 65 5574 5000 8192 0 1000000000
7 100 366 5000 8192 0 1000000000
70 145 3591 5000 8192 0 1000000000
127 267 6242 5000 8192 0 1000000000
271 138 13789 5000 8192 0 1000000000
213 92 10614 5000 8192 0 1000000000
114 175 5495 5000 8192 0 1000000000
79 198 3977 5000 8192 0 1000000000
210 54 10418 5000 8192 0 1000000000
119 303 5837 5000 8192 0 1000000000
57 164 2753 5000 8192 0 1000000000
30 273 1497 5000 8192 0 1000000000
71 304 3688 5000 8192 0 1000000000
6 275 320 5000 8192 0 1000000000
297 3 15203 5000 8192 0 1000000000
226 20 11419 5000 8192 0 1000000000
310 39 15942 5000 8192 0 1000000000
222 53 11192 5000 8192 0 1000000000
156 114 7675 5000 8192 0 1000000000
40 121 1912 5000 8192 0 1000000000
290 242 14833 5000 8192 0 1000000000
65 57 3316 5000 8192 0 1000000000
18 134 954 5000 8192 0 1000000000
245 52 12564 5000 8192 0 1000000000
277 231 14039 5000 8192 0 1000000000
241 244 12284 5000 8192 0 1000000000
158 41 7756 5000 8192 0 1000000000
226 316 11442 5000 8192 0 1000000000
58 155 2867 5000 8192 0 1000000000
210 22 10427 5000 8192 0 1000000000
18 246 906 5000 8192 0 1000000000
79 42 4005 5000 8192 0 1000000000
189 132 9325 5000 8192 0 1000000000
138 236 6776 5000 8192 0 1000000000
163 295 8037 5000 8192 0 1000000000
158 151 7761 5000 8192 0 1000000000
272 313 13848 5000 8192 0 1000000000
54 115 2599 5000 8192 0 1000000000
71 246 3694 5000 8192 0 1000000000
265 243 13399 5000 8192 0 1000000000
24 49 1243 5000 8192 0 1000000000
114 238 5534 5000 8192 0 1000000000
185 233 9079 5000 8192 0 1000000000
163 93 8047 5000 8192 0 1000000000
292 318 14957 5000 8192 0 1000000000
114 303 5510 5000 8192 0 1000000000
66 297 3343 5000 8192 0 1000000000
35 21 1702 5000 8192 0 1000000000
63 8 3135 5000 8192 0 1000000000
61 270 3008 5000 8192 0 1000000000
213 289 10601 5000 8192 0 1000000000
254 99 12891 5000 8192 0 1000000000
44 150 2146 5000 8192 0 1000000000
91 215 4555 5000 8192 0 1000000000
203 31 10013 5000 8192 0 1000000000
184 54 9007 5000 8192 0 1000000000
181 109 8905 5000 8192 0 1000000000
159 64 7817 5000 8192 0 1000000000
298 216 15282 5000 8192 0 1000000000
208 35 10322 5000 8192 0 1000000000
205 246 10170 5000 8192 0 1000000000
81 207 4107 5000 8192 0 1000000000
155 197 7651 5000 8192 0 1000000000
218 164 10947 5000 8192 0 1000000000
300 143 15316 5000 8192 0 1000000000
281 212 14309 5000 8192 0 1000000000
158 162 7718 5000 8192 0 1000000000
221 124 11108 5000 8192 0 1000000000
24 100 1252 5000 8192 0 1000000000
225 117 11401 5000 8192 0 1000000000
161 25 7931 5000 8192 0 1000000000
83 233 4254 5000 8192 0 1000000000
220 87 11096 5000 8192 0 1000000000
242 17 12349 5000 8192 0 1000000000
140 102 6843 5000 8192 0 1000000000
179 105 8838 5000 8192 0 1000000000
225 133 11361 5000 8192 0 1000000000
291 66 14881 5000 8192 0 1000000000
278 300 14151 5000 8192 0 1000000000
73 186 3750 5000 8192 0 1000000000
131 159 6475 5000 8192 0 1000000000
289 299 14761 5000 8192 0 1000000000
85 211 4371 5000 8192 0 1000000000
168 316 8302 5000 8192 0 1000000000
78 79 3953 5000 8192 0 1000000000
126 143 6155 5000 8192 0 1000000000
291 257 14903 5000 8192 0 1000000000
81 154 4139 5000 8192 0 1000000000
27 286 1337 5000 8192 0 1000000000
270 234 13743 5000 8192 0 1000000000
155 256 7644 5000 8192 0 1000000000
18 247 958 5000 8192 0 1000000000
185 16 9077 5000 8192 0 1000000000
252 195 12845 5000 8192 0 1000000000
163 69 8079 5000 8192 0 1000000000
237 174 12039 5000 8192 0 1000000000
267 252 13570 5000 8192 0 1000000000
119 130 5812 5000 8192 0 1000000000
217 84 10856 5000 8192 0 1000000000
2 125 124 5000 8192 0 1000000000
249 124 12777 5000 8192 0 1000000000
83 135 4221 5000 8192 0 1000000000
300 159 15368 5000 8192 0 1000000000
4 173 241 5000 8192 0 1000000000
55 4 2653 5000 8192 0 1000000000
246 253 12579 5000 8192 0 1000000000
232 25 11679 5000 8192 0 1000000000
114 307 5517 5000 8192 0 1000000000
24 5 1251 5000 8192 0 1000000000
58 182 2821 5000 8192 0 1000000000
259 202 13116 5000 8192 0 1000000000
150 296 7458 5000 8192 0 1000000000
290 1 14837 5000 8192 0 1000000000
274 122 13915 5000 8192 0 1000000000
302 214 15415 5000 8192 0 1000000000
203 239 10044 5000 8192 0 1000000000
164 253 8138 5000 8192 0 1000000000
222 108 11168 5000 8192 0 1000000000
287 208 14666 5000 8192 0 1000000000
43 246 2047 5000 8192 0 1000000000
279 24 14178 5000 8192 0 1000000000
319 244 16275 5000 8192 0 1000000000
295 30 15089 5000 8192 0 1000000000
164 250 8154 5000 8192 0 1000000000
92 217 4628 5000 8192 0 1000000000
62 266 3094 5000 8192 0 1000000000
76 99 3838 5000 8192 0 1000000000
129 116 6346 5000 8192 0 1000000000
129 258 6372 5000 8192 0 1000000000
36 91 1762 5000 8192 0 1000000000
242 69 12318 5000 8192 0 1000000000
118 247 5788 5000 8192 0 1000000000
193 128 9544 5000 8192 0 1000000000
75 12 3815 5000 8192 0 1000000000
28 233 1371 5000 8192 0 1000000000
202 161 9973 5000 8192 0 1000000000
222 185 11183 5000 8192 0 1000000000
135 184 6609 5000 8192 0 1000000000
233 286 11765 5000 8192 0 1000000000
238 248 12066 5000 8192 0 1000000000
112 68 5389 5000 8192 0 1000000000
185 141 9082 5000 8192 0 1000000000
127 70 6234 5000 8192 0 1000000000
76 58 3833 5000 8192 0 1000000000
58 44 2820 5000 8192 0 1000000000
224 179 11315 5000 8192 0 1000000000
262 32 13288 5000 8192 0 1000000000
300 5 15318 5000 8192 0 1000000000
183 189 8959 5000 8192 0 1000000000
211 81 10507 5000 8192 0 1000000000
305 27 15573 5000 8192 0 1000000000
243 100 12398 5000 8192 0 1000000000
186 270 9175 5000 8192 0 1000000000
178 193 8736 5000 8192 0 1000000000
20 99 1008 5000 8192 0 1000000000
80 217 4037 5000 8192 0 1000000000
43 156 2106 5000 8192 0 1000000000
208 50 10325 5000 8192 0 1000000000
12 228 575 5000 8192 0 1000000000
206 253 10231 5000 8192 0 1000000000
69 132 3557 5000 8192 0 1000000000
272 151 13894 5000 8192 0 1000000000
198 125 9850 5000 8192 0 1000000000
188 65 9285 5000 8192 0 1000000000
29 248 1431 5000 8192 0 1000000000
90 271 4514 5000 8192 0 1000000000
177 77 16335 5000 16777216 1 1000000000
64 7 3207 5000 8192 0 1000000000
206 304 10233 5000 8192 0 1000000000
63 100 3168 5000 8192 0 1000000000
149 60 7377 5000 8192 0 1000000000
164 185 8148 5000 8192 0 1000000000
69 266 3543 5000 8192 0 1000000000
119 227 5842 5000 8192 0 1000000000
112 0 5391 5000 8192 0 1000000000
123 300 5958 5000 8192 0 1000000000
217 210 10873 5000 8192 0 1000000000
81 170 4088 5000 8192 0 1000000000
246 118 12570 5000 8192 0 1000000000
79 43 4008 5000 8192 0 1000000000
29 197 1458 5000 8192 0 1000000000
269 315 13659 5000 8192 0 1000000000
262 30 13327 5000 8192 0 1000000000
277 318 14084 5000 8192 0 1000000000
75 134 3787 5000 8192 0 1000000000
68 166 3485 5000 8192 0 1000000000
71 319 3684 5000 8192 0 1000000000
104 191 4991 5000 8192 0 1000000000
212 13 10567 5000 8192 0 1000000000
143 204 7053 5000 8192 0 1000000000
247 143 12675 5000 8192 0 1000000000
240 196 12216 5000 8192 0 1000000000
90 281 4525 5000 8192 0 1000000000
15 56 739 5000 8192 0 1000000000
287 179 14637 5000 8192 0 1000000000
218 13 10962 5000 8192 0 1000000000
24 278 1267 5000 8192 0 1000000000
297 261 15209 5000 8192 0 1000000000
24 247 1259 5000 8192 0 1000000000
306 227 15657 5000 8192 0 1000000000
21 49 1024 5000 8192 0 1000000000
261 163 13247 5000 8192 0 1000000000
233 82 11758 5000 8192 0 1000000000
313 53 16070 5000 8192 0 1000000000
49 299 2356 5000 8192 0 1000000000
291 246 14880 5000 8192 0 1000000000
75 125 3793 5000 8192 0 1000000000
135 133 6599 5000 8192 0 1000000000
149 307 7360 5000 8192 0 1000000000
293 296 15026 5000 8192 0 1000000000
306 187 15654 5000 8192 0 1000000000
42 75 2008 5000 8192 0 1000000000
274 135 13965 5000 8192 0 1000000000
252 134 12858 5000 8192 0 1000000000
175 20 8614 5000 8192 0 1000000000
315 64 16093 5000 8192 0 1000000000
236 199 11958 5000 8192 0 1000000000
221 270 11115 5000 8192 0 1000000000
315 17 16097 5000 8192 0 1000000000
95 163 4715 5000 8192 0 1000000000
56 78 2693 5000 8192 0 1000000000
58 119 2829 5000 8192 0 1000000000
175 148 8660 5000 8192 0 1000000000
247 107 12657 5000 8192 0 1000000000
189 17 9343 5000 8192 0 1000000000
281 247 14312 5000 8192 0 1000000000
296 219 15143 5000 8192 0 1000000000
235 46 11870 5000 8192 0 1000000000
149 189 7338 5000 8192 0 1000000000
27 144 1284 5000 8192 0 1000000000
210 283 10447 5000 8192 0 1000000000
191 147 9452 5000 8192 0 1000000000
310 218 15889 5000 8192 0 1000000000
155 117 7629 5000 8192 0 1000000000
308 305 15811 5000 8192 0 1000000000
64 82 3199 5000 8192 0 1000000000
145 81 7164 5000 8192 0 1000000000
278 105 14159 5000 8192 0 1000000000
307 225 15708 5000 8192 0 1000000000
232 225 11716 5000 8192 0 1000000000
245 6 12512 5000 8192 0 1000000000
315 54 16075 5000 8192 0 1000000000
284 277 14456 5000 8192 0 1000000000
90 277 4470 5000 8192 0 1000000000
135 205 6577 5000 8192 0 1000000000
226 31 11477 5000 8192 0 1000000000
316 265 16183 5000 8192 0 1000000000
20 154 996 5000 8192 0 1000000000
274 218 13919 5000 8192 0 1000000000
82 313 4153 5000 8192 0 1000000000
226 66 11462 5000 8192 0 1000000000
179 61 8824 5000 8192 0 1000000000
137 14 6727 5000 8192 0 1000000000
309 57 15863 5000 8192 0 1000000000
296 145 15122 5000 8192 0 1000000000
172 200 8468 5000 8192 0 1000000000
252 53 12837 5000 8192 0 1000000000
176 314 8699 5000 8192 0 1000000000
129 109 6379 5000 8192 0 1000000000
90 3 4481 5000 8192 0 1000000000
68 44 3487 5000 8192 0 1000000000
14 112 669 5000 8192 0 1000000000
14 223 651 5000 8192 0 1000000000
129 38 6324 5000 8192 0 1000000000
229 119 11481 5000 8192 0 1000000000
277 69 14092 5000 8192 0 1000000000
145 60 7197 5000 8192 0 1000000000
12 223 531 5000 8192 0 1000000000
241 296 12273 5000 8192 0 1000000000
148 292 7300 5000 8192 0 1000000000
70 152 3575 5000 8192 0 1000000000
169 145 8395 5000 8192 0 1000000000
242 167 12331 5000 8192 0 1000000000
229 27 11537 5000 8192 0 1000000000
126 304 6172 5000 8192 0 1000000000
149 63 7394 5000 8192 0 1000000000
255 244 12965 5000 8192 0 1000000000
62 158 3104 5000 8192 0 1000000000
98 59 4839 5000 8192 0 1000000000
302 64 15383 5000 8192 0 1000000000
214 241 10666 5000 8192 0 1000000000
145 305 7186 5000 8192 0 1000000000
16 269 785 5000 8192 0 1000000000
266 142 13513 5000 8192 0 1000000000
284 52 14440 5000 8192 0 1000000000
176 127 8712 5000 8192 0 1000000000
262 63 13317 5000 8192 0 1000000000
229 319 11530 5000 8192 0 1000000000
181 290 8892 5000 8192 0 1000000000
167 63 8239 5000 8192 0 1000000000
115 165 5612 5000 8192 0 1000000000
24 254 1227 5000 8192 0 1000000000
162 193 8004 5000 8192 0 1000000000
264 62 13336 5000 8192 0 1000000000
222 56 11211 5000 8192 0 1000000000
9 93 511 5000 8192 0 1000000000
111 41 5322 5000 8192 0 1000000000
236 82 11953 5000 8192 0 1000000000
104 280 5014 5000 8192 0 1000000000
102 296 4954 5000 8192 0 1000000000
42 113 1997 5000 8192 0 1000000000
208 182 10295 5000 8192 0 1000000000
202 64 9999 5000 8192 0 1000000000
104 215 5034 5000 8192 0 1000000000
298 256 15284 5000 8192 0 1000000000
254 227 12912 5000 8192 0 1000000000
271 75 13803 5000 8192 0 1000000000
204 162 10110 5000 8192 0 1000000000
65 202 3263 5000 8192 0 1000000000
319 31 16292 5000 8192 0 1000000000
303 89 15471 5000 8192 0 1000000000
36 159 1765 5000 8192 0 1000000000
82 60 4208 5000 8192 0 1000000000
12 244 517 5000 8192 0 1000000000
141 161 6900 5000 8192 0 1000000000
280 212 14251 5000 8192 0 1000000000
159 281 7800 5000 8192 0 1000000000
265 179 13406 5000 8192 0 1000000000
163 65 8054 5000 8192 0 1000000000
206 180 10214 5000 8192 0 1000000000
318 120 16219 5000 8192 0 1000000000
65 16 3275 5000 8192 0 1000000000
165 284 8211 5000 8192 0 1000000000
159 89 7829 5000 8192 0 1000000000
193 135 9517 5000 8192 0 1000000000
173 78 8526 5000 8192 0 1000000000
67 166 3390 5000 8192 0 1000000000
159 233 7802 5000 8192 0 1000000000
291 229 14898 5000 8192 0 1000000000
137 177 6707 5000 8192 0 1000000000
114 31 5512 5000 8192 0 1000000000
296 112 15135 5000 8192 0 1000000000
217 42 10895 5000 8192 0 1000000000
245 266 12561 5000 8192 0 1000000000
85 152 4374 5000 8192 0 1000000000
220 238 11059 5000 8192 0 1000000000
158 134 7724 5000 8192 0 1000000000
41 177 1918 5000 8192 0 1000000000
269 270 13653 5000 8192 0 1000000000
282 279 14395 5000 8192 0 1000000000
9 66 468 5000 8192 0 1000000000
149 10 7391 5000 8192 0 1000000000
66 293 3376 5000 8192 0 1000000000
150 52 7409 5000 8192 0 1000000000
16 164 831 5000 8192 0 1000000000
210 263 10434 5000 8192 0 1000000000
286 179 14569 5000 8192 0 1000000000
282 38 14366 5000 8192 0 1000000000
42 229 2036 5000 8192 0 1000000000
249 201 12772 5000 8192 0 1000000000
31 5 1554 5000 8192 0 1000000000
13 188 636 5000 8192 0 1000000000
73 7 3737 5000 8192 0 1000000000
15 143 749 5000 8192 0 1000000000
280 205 14280 5000 8192 0 1000000000
304 74 15538 5000 8192 0 1000000000
245 271 12518 5000 8192 0 1000000000
219 31 11028 5000 8192 0 1000000000
183 243 8957 5000 8192 0 1000000000
90 95 4472 5000 8192 0 1000000000
63 288 3176 5000 8192 0 1000000000
124 252 6003 5000 8192 0 1000000000
56 199 2688 5000 8192 0 1000000000
80 190 4040 5000 8192 0 1000000000
159 173 7804 5000 8192 0 1000000000
212 241 10536 5000 8192 0 1000000000
160 74 7903 5000 8192 0 1000000000
259 100 13132 5000 8192 0 1000000000
90 137 4487 5000 8192 0 1000000000
239 86 12147 5000 8192 0 1000000000
92 73 4623 5000 8192 0 1000000000
215 15 10723 5000 8192 0 1000000000
47 67 2242 5000 8192 0 1000000000
66 199 3338 5000 8192 0 1000000000
313 17 16017 5000 8192 0 1000000000
261 49 13221 5000 8192 0 1000000000
205 274 10158 5000 8192 0 1000000000
216 109 10831 5000 8192 0 1000000000
254 12 12904 5000 8192 0 1000000000
153 281 7564 5000 8192 0 1000000000
140 150 6849 5000 8192 0 1000000000
184 209 8991 5000 8192 0 1000000000
230 39 11593 5000 8192 0 1000000000
104 159 5005 5000 8192 0 1000000000
184 286 9051 5000 8192 0 1000000000
222 141 11181 5000 8192 0 1000000000
9 138 456 5000 8192 0 1000000000
237 240 12004 5000 8192 0 1000000000
59 286 2875 5000 8192 0 1000000000
309 253 15824 5000 8192 0 1000000000
302 33 15384 5000 8192 0 1000000000
248 275 12700 5000 8192 0 1000000000
31 213 1561 5000 8192 0 1000000000
288 313 14673 5000 8192 0 1000000000
150 62 7426 5000 8192 0 1000000000
205 77 10203 5000 8192 0 1000000000
193 243 9555 5000 8192 0 1000000000
244 260 12482 5000 8192 0 1000000000
17 288 865 5000 8192 0 1000000000
128 185 6287 5000 8192 0 1000000000
258 270 13064 5000 8192 0 1000000000
292 66 14953 5000 8192 0 1000000000
123 47 5973 5000 8192 0 1000000000
75 31 3803 5000 8192 0 1000000000
269 174 13708 5000 8192 0 1000000000
247 193 12647 5000 8192 0 1000000000
246 219 12576 5000 8192 0 1000000000
296 88 15157 5000 8192 0 1000000000
194 243 9573 5000 8192 0 1000000000
249 295 12760 5000 8192 0 1000000000
220 19 11049 5000 8192 0 1000000000
319 164 16327 5000 8192 0 1000000000
17 141 888 5000 8192 0 1000000000
107 86 5053 5000 8192 0 1000000000
197 224 9777 5000 8192 0 1000000000
231 237 11654 5000 8192 0 1000000000
216 135 10833 5000 8192 0 1000000000
65 293 3311 5000 8192 0 1000000000
309 192 15861 5000 8192 0 1000000000
85 67 4342 5000 8192 0 1000000000
205 292 10193 5000 8192 0 1000000000
318 283 16205 5000 8192 0 1000000000
313 299 16055 5000 8192 0 1000000000
9 71 465 5000 8192 0 1000000000
293 84 15015 5000 8192 0 1000000000
150 148 7419 5000 8192 0 1000000000
300 93 15356 5000 8192 0 1000000000
78 222 3943 5000 8192 0 1000000000
193 68 9522 5000 8192 0 1000000000
179 163 8822 5000 8192 0 1000000000
123 303 5994 5000 8192 0 1000000000
141 110 6918 5000 8192 0 1000000000
56 134 2686 5000 8192 0 1000000000
196 275 9756 5000 8192 0 1000000000
244 208 12453 5000 8192 0 1000000000
155 159 7591 5000 8192 0 1000000000
130 256 6433 5000 8192 0 1000000000
262 51 13294 5000 8192 0 1000000000
167 216 8228 5000 8192 0 1000000000
260 197 13147 5000 8192 0 1000000000
28 141 1373 5000 8192 0 1000000000
85 31 4344 5000 8192 0 1000000000
267 285 13543 5000 8192 0 1000000000
36 153 1745 5000 8192 0 1000000000
92 36 4654 5000 8192 0 1000000000
9 80 474 5000 8192 0 1000000000
149 75 7398 5000 8192 0 1000000000
98 96 4838 5000 8192 0 1000000000
162 292 8028 5000 8192 0 1000000000
196 184 9734 5000 8192 0 1000000000
276 243 14016 5000 8192 0 1000000000
79 69 3958 5000 8192 0 1000000000
71 234 3678 5000 8192 0 1000000000
150 286 7436 5000 8192 0 1000000000
198 10 9833 5000 8192 0 1000000000
307 252 15734 5000 8192 0 1000000000
219 51 11030 5000 8192 0 1000000000
44 106 2137 5000 8192 0 1000000000
125 145 6102 5000 8192 0 1000000000
39 137 1839 5000 8192 0 1000000000
178 166 8745 5000 8192 0 1000000000
259 287 13125 5000 8192 0 1000000000
141 28 6940 5000 8192 0 1000000000
84 264 4320 5000 8192 0 1000000000
191 15 9474 5000 8192 0 1000000000
152 286 7512 5000 8192 0 1000000000
121 141 5913 5000 8192 0 1000000000
85 15 4352 5000 8192 0 1000000000
142 305 6999 5000 8192 0 1000000000
141 178 6908 5000 8192 0 1000000000
206 71 10262 5000 8192 0 1000000000
162 131 8019 5000 8192 0 1000000000
104 120 5026 5000 8192 0 1000000000
36 93 1751 5000 8192 0 1000000000
300 276 15317 5000 8192 0 1000000000
267 97 13575 5000 8192 0 1000000000
233 298 11777 5000 8192 0 1000000000
233 86 11795 5000 8192 0 1000000000
0 88 40 5000 8192 0 1000000000
230 35 11565 5000 8192 0 1000000000
279 131 14187 5000 8192 0 1000000000
47 200 2294 5000 8192 0 1000000000
54 194 2605 5000 8192 0 1000000000
165 45 8198 5000 8192 0 1000000000
262 18 13329 5000 8192 0 1000000000
295 143 15085 5000 8192 0 1000000000
90 11 4528 5000 8192 0 1000000000
312 89 15998 5000 8192 0 1000000000
58 142 2812 5000 8192 0 1000000000
295 129 15056 5000 8192 0 1000000000
58 298 2851 5000 8192 0 1000000000
203 20 10038 5000 8192 0 1000000000
300 180 15359 5000 8192 0 1000000000
233 43 11767 5000 8192 0 1000000000
17 277 890 5000 8192 0 1000000000
289 161 14766 5000 8192 0 1000000000
179 132 8851 5000 8192 0 1000000000
79 263 3980 5000 8192 0 1000000000
110 125 5270 5000 8192 0 1000000000
184 114 8995 5000 8192 0 1000000000
201 42 9891 5000 8192 0 1000000000
285 181 14541 5000 8192 0 1000000000
206 289 10258 5000 8192 0 1000000000
174 148 8590 5000 8192 0 1000000000
226 194 11466 5000 8192 0 1000000000
166 154 16443 5000 16777216 1 1000000000
259 0 13093 5000 8192 0 1000000000
189 234 9361 5000 8192 0 1000000000
309 285 15864 5000 8192 0 1000000000
85 123 4362 5000 8192 0 1000000000
178 212 8739 5000 8192 0 1000000000
50 40 2368 5000 8192 0 1000000000
61 65 3001 5000 8192 0 1000000000
23 230 1207 5000 8192 0 1000000000
156 222 7683 5000 8192 0 1000000000
281 4 14343 5000 8192 0 1000000000
214 34 10703 5000 8192 0 1000000000
310 292 15927 5000 8192 0 1000000000
118 101 5794 5000 8192 0 1000000000
197 247 9785 5000 8192 0 1000000000
185 275 9096 5000 8192 0 1000000000
183 24 8934 5000 8192 0 1000000000
137 312 6733 5000 8192 0 1000000000
92 111 4640 5000 8192 0 1000000000
203 265 10018 5000 8192 0 1000000000
304 26 15502 5000 8192 0 1000000000
70 264 3607 5000 8192 0 1000000000
52 251 2492 5000 8192 0 1000000000
92 164 4632 5000 8192 0 1000000000
201 286 9889 5000 8192 0 1000000000
92 125 4613 5000 8192 0 1000000000
300 19 15363 5000 8192 0 1000000000
247 79 12672 5000 8192 0 1000000000
214 51 10691 5000 8192 0 1000000000
289 255 14754 5000 8192 0 1000000000
209 241 10334 5000 8192 0 1000000000
112 75 5375 5000 8192 0 1000000000
276 304 14013 5000 8192 0 1000000000
112 83 5363 5000 8192 0 1000000000
43 306 2095 5000 8192 0 1000000000
249 207 12792 5000 8192 0 1000000000
188 297 9292 5000 8192 0 1000000000
278 7 14124 5000 8192 0 1000000000
288 312 14729 5000 8192 0 1000000000
212 319 10583 5000 8192 0 1000000000
59 236 2909 5000 8192 0 1000000000
229 248 11501 5000 8192 0 1000000000
245 158 12541 5000 8192 0 1000000000
288 149 14720 5000 8192 0 1000000000
197 126 9776 5000 8192 0 1000000000
102 96 4922 5000 8192 0 1000000000
124 26 6038 5000 8192 0 1000000000
61 32 3036 5000 8192 0 1000000000
318 249 16253 5000 8192 0 1000000000
15 156 756 5000 8192 0 1000000000
247 92 12653 5000 8192 0 1000000000
161 90 7910 5000 8192 0 1000000000
39 273 1824 5000 8192 0 1000000000
141 206 6922 5000 8192 0 1000000000
271 72 13836 5000 8192 0 1000000000
167 301 8246 5000 8192 0 1000000000
57 147 2758 5000 8192 0 1000000000
316 29 16198 5000 8192 0 1000000000
272 83 13861 5000 8192 0 1000000000
55 293 2671 5000 8192 0 1000000000
27 55 1309 5000 8192 0 1000000000
101 77 4905 5000 8192 0 1000000000
138 49 6821 5000 8192 0 1000000000
112 10 5397 5000 8192 0 1000000000
29 252 1429 5000 8192 0 1000000000
50 122 2416 5000 8192 0 1000000000
73 288 3723 5000 8192 0 1000000000
63 91 3143 5000 8192 0 1000000000
213 171 10612 5000 8192 0 1000000000
247 206 12630 5000 8192 0 1000000000
114 296 5541 5000 8192 0 1000000000
184 161 9034 5000 8192 0 1000000000
165 218 8190 5000 8192 0 1000000000
118 17 5762 5000 8192 0 1000000000
316 126 16150 5000 8192 0 1000000000
259 67 13122 5000 8192 0 1000000000
155 199 7607 5000 8192 0 1000000000
15 252 709 5000 8192 0 1000000000
136 133 6640 5000 8192 0 1000000000
153 312 7569 5000 8192 0 1000000000
254 48 12913 5000 8192 0 1000000000
22 186 1142 5000 8192 0 1000000000
190 46 9432 5000 8192 0 1000000000
298 63 15251 5000 8192 0 1000000000
243 32 12408 5000 8192 0 1000000000
223 88 11230 5000 8192 0 1000000000
76 81 3888 5000 8192 0 1000000000
176 3 8723 5000 8192 0 1000000000
292 111 14974 5000 8192 0 1000000000
226 150 11476 5000 8192 0 1000000000
264 305 13366 5000 8192 0 1000000000
188 160 9265 5000 8192 0 1000000000
126 211 6165 5000 8192 0 1000000000
137 6 6722 5000 8192 0 1000000000
231 29 11667 5000 8192 0 1000000000
277 316 14052 5000 8192 0 1000000000
8 315 389 5000 8192 0 1000000000
40 66 1859 5000 8192 0 1000000000
165 191 8164 5000 8192 0 1000000000
160 270 7905 5000 8192 0 1000000000
181 157 8907 5000 8192 0 1000000000
218 1 10915 5000 8192 0 1000000000
181 156 8908 5000 8192 0 1000000000
169 145 8410 5000 8192 0 1000000000
150 212 7433 5000 8192 0 1000000000
269 61 13693 5000 8192 0 1000000000
246 272 12584 5000 8192 0 1000000000
90 113 4495 5000 8192 0 1000000000
41 175 1940 5000 8192 0 1000000000
148 130 7302 5000 8192 0 1000000000
153 315 7583 5000 8192 0 1000000000
119 276 5839 5000 8192 0 1000000000
238 79 12107 5000 8192 0 1000000000
112 207 5372 5000 8192 0 1000000000
285 99 14481 5000 8192 0 1000000000
267 80 13563 5000 8192 0 1000000000
226 178 11479 5000 8192 0 1000000000
292 300 14951 5000 8192 0 1000000000
248 187 12739 5000 8192 0 1000000000
6 4 276 5000 8192 0 1000000000
128 105 6263 5000 8192 0 1000000000
316 251 16202 5000 8192 0 1000000000
61 185 3014 5000 8192 0 1000000000
130 40 6435 5000 8192 0 1000000000
150 27 7435 5000 8192 0 1000000000
22 160 1128 5000 8192 0 1000000000
63 233 3187 5000 8192 0 1000000000
179 8 8841 5000 8192 0 1000000000
39 284 1821 5000 8192 0 1000000000
21 174 1036 5000 8192 0 1000000000
164 291 8129 5000 8192 0 1000000000
296 63 15171 5000 8192 0 1000000000
64 201 3194 5000 8192 0 1000000000
130 95 6401 5000 8192 0 1000000000
220 242 11089 5000 8192 0 1000000000
163 223 8059 5000 8192 0 1000000000
162 103 8029 5000 8192 0 1000000000
265 209 13414 5000 8192 0 1000000000
47 235 2262 5000 8192 0 1000000000
218 228 10924 5000 8192 0 1000000000
231 258 11670 5000 8192 0 1000000000
8 163 396 5000 8192 0 1000000000
85 39 4382 5000 8192 0 1000000000
217 87 10890 5000 8192 0 1000000000
242 293 12366 5000 8192 0 1000000000
195 275 9646 5000 8192 0 1000000000
307 98 15729 5000 8192 0 1000000000
124 295 6031 5000 8192 0 1000000000
129 143 6325 5000 8192 0 1000000000
181 5 8896 5000 8192 0 1000000000
82 301 4152 5000 8192 0 1000000000
80 296 4039 5000 8192 0 1000000000
75 217 3798 5000 8192 0 1000000000
296 304 15152 5000 8192 0 1000000000
15 31 738 5000 8192 0 1000000000
125 174 6103 5000 8192 0 1000000000
98 187 4787 5000 8192 0 1000000000
127 97 6198 5000 8192 0 1000000000
185 88 9089 5000 8192 0 1000000000
316 164 16181 5000 8192 0 1000000000
13 194 632 5000 8192 0 1000000000
63 202 3145 5000 8192 0 1000000000
158 179 7773 5000 8192 0 1000000000
176 244 8689 5000 8192 0 1000000000
266 85 13522 5000 8192 0 1000000000
278 233 14149 5000 8192 0 1000000000
196 157 9703 5000 8192 0 1000000000
176 303 8708 5000 8192 0 1000000000
260 313 13153 5000 8192 0 1000000000
243 158 12435 5000 8192 0 1000000000
297 45 15186 5000 8192 0 1000000000
111 155 5331 5000 8192 0 1000000000
131 35 6479 5000 8192 0 1000000000
51 160 2485 5000 8192 0 1000000000
130 285 6400 5000 8192 0 1000000000
129 278 6336 5000 8192 0 1000000000
155 62 7611 5000 8192 0 1000000000
69 53 3537 5000 8192 0 1000000000
87 221 4422 5000 8192 0 1000000000
80 14 4062 5000 8192 0 1000000000
60 26 2997 5000 8192 0 1000000000
262 109 13304 5000 8192 0 1000000000
14 176 685 5000 8192 0 1000000000
22 176 1109 5000 8192 0 1000000000
215 186 10729 5000 8192 0 1000000000
217 144 10900 5000 8192 0 1000000000
118 231 5750 5000 8192 0 1000000000
247 128 12650 5000 8192 0 1000000000
216 16 10809 5000 8192 0 1000000000
163 112 8065 5000 8192 0 1000000000
43 166 2085 5000 8192 0 1000000000
270 132 13762 5000 8192 0 1000000000
250 283 16402 5000 16777216 1 1000000000
102 162 4950 5000 8192 0 1000000000
304 179 15516 5000 8192 0 1000000000
181 144 8891 5000 8192 0 1000000000
40 66 1863 5000 8192 0 1000000000
136 99 6678 5000 8192 0 1000000000
230 292 11552 5000 8192 0 1000000000
303 252 15452 5000 8192 0 1000000000
31 225 1579 5000 8192 0 1000000000
125 176 6121 5000 8192 0 1000000000
195 6 9655 5000 8192 0 1000000000
187 37 9224 5000 8192 0 1000000000
144 283 7126 5000 8192 0 1000000000
209 308 10349 5000 8192 0 1000000000
266 222 13505 5000 8192 0 1000000000
266 33 13491 5000 8192 0 1000000000
112 277 5376 5000 8192 0 1000000000
47 21 2270 5000 8192 0 1000000000
24 276 1216 5000 8192 0 1000000000
50 251 2385 5000 8192 0 1000000000
30 296 1518 5000 8192 0 1000000000
206 33 10236 5000 8192 0 1000000000
92 319 4630 5000 8192 0 1000000000
104 120 5008 5000 8192 0 1000000000
190 111 9412 5000 8192 0 1000000000
270 114 13760 5000 8192 0 1000000000
21 13 1046 5000 8192 0 1000000000
173 86 8523 5000 8192 0 1000000000
225 14 11402 5000 8192 0 1000000000
73 99 3718 5000 8192 0 1000000000
92 258 4619 5000 8192 0 1000000000
49 17 2325 5000 8192 0 1000000000
218 149 10921 5000 8192 0 1000000000
125 297 6095 5000 8192 0 1000000000
239 306 12142 5000 8192 0 1000000000
31 233 1541 5000 8192 0 1000000000
315 287 16115 5000 8192 0 1000000000
54 196 2615 5000 8192 0 1000000000
165 96 8203 5000 8192 0 1000000000
31 311 1555 5000 8192 0 1000000000
43 63 2091 5000 8192 0 1000000000
66 312 3373 5000 8192 0 1000000000
269 303 13686 5000 8192 0 1000000000
22 138 1106 5000 8192 0 1000000000
197 1 9782 5000 8192 0 1000000000
163 43 8092 5000 8192 0 1000000000
123 150 5968 5000 8192 0 1000000000
291 276 14894 5000 8192 0 1000000000
20 121 984 5000 8192 0 1000000000
176 195 8681 5000 8192 0 1000000000
271 29 13780 5000 8192 0 1000000000
152 279 7476 5000 8192 0 1000000000
16 54 817 5000 8192 0 1000000000
109 66 5213 5000 8192 0 1000000000
310 105 15939 5000 8192 0 1000000000
252 273 12827 5000 8192 0 1000000000
203 274 10043 5000 8192 0 1000000000
92 255 4620 5000 8192 0 1000000000
172 97 8438 5000 8192 0 1000000000
254 2 12938 5000 8192 0 1000000000
115 292 5590 5000 8192 0 1000000000
91 175 4562 5000 8192 0 1000000000
243 150 12387 5000 8192 0 1000000000
125 309 6108 5000 8192 0 1000000000
159 20 7791 5000 8192 0 1000000000
187 27 9242 5000 8192 0 1000000000
84 308 4321 5000 8192 0 1000000000
239 225 12165 5000 8192 0 1000000000
225 164 11387 5000 8192 0 1000000000
40 247 1855 5000 8192 0 1000000000
243 307 12400 5000 8192 0 1000000000
270 82 13726 5000 8192 0 1000000000
90 73 4474 5000 8192 0 1000000000
312 76 15964 5000 8192 0 1000000000
60 319 2996 5000 8192 0 1000000000
75 170 3769 5000 8192 0 1000000000
198 297 9835 5000 8192 0 1000000000
316 7 16177 5000 8192 0 1000000000
57 101 2798 5000 8192 0 1000000000
85 129 4350 5000 8192 0 1000000000
0 110 6 5000 8192 0 1000000000
201 76 9912 5000 8192 0 1000000000
221 207 11137 5000 8192 0 1000000000
258 193 13075 5000 8192 0 1000000000
40 254 1853 5000 8192 0 1000000000
35 303 1719 5000 8192 0 1000000000
73 244 3736 5000 8192 0 1000000000
79 315 4011 5000 8192 0 1000000000
194 241 9604 5000 8192 0 1000000000
116 271 5620 5000 8192 0 1000000000
168 139 8303 5000 8192 0 1000000000
295 135 15115 5000 8192 0 1000000000
298 16 15287 5000 8192 0 1000000000
198 22 9867 5000 8192 0 1000000000
8 195 426 5000 8192 0 1000000000
169 279 8357 5000 8192 0 1000000000
10 182 16445 5000 16777216 1 1000000000
36 250 1774 5000 8192 0 1000000000
58 155 2831 5000 8192 0 1000000000
302 232 15430 5000 8192 0 1000000000
12 11 564 5000 8192 0 1000000000
51 73 2438 5000 8192 0 1000000000
71 161 3642 5000 8192 0 1000000000
271 130 13808 5000 8192 0 1000000000
23 39 1198 5000 8192 0 1000000000
73 282 3730 5000 8192 0 1000000000
191 62 9489 5000 8192 0 1000000000
265 107 13443 5000 8192 0 1000000000
296 248 15142 5000 8192 0 1000000000
76 13 3890 5000 8192 0 1000000000
49 130 2360 5000 8192 0 1000000000
123 113 5942 5000 8192 0 1000000000
233 189 11794 5000 8192 0 1000000000
287 113 14625 5000 8192 0 1000000000
291 59 14923 5000 8192 0 1000000000
10 93 16392 5000 16777216 1 1000000000
35 174 1668 5000 8192 0 1000000000
159 247 7786 5000 8192 0 1000000000
54 37 2600 5000 8192 0 1000000000
102 225 4920 5000 8192 0 1000000000
201 140 9918 5000 8192 0 1000000000
126 17 6164 5000 8192 0 1000000000
110 263 5242 5000 8192 0 1000000000
118 297 5760 5000 8192 0 1000000000
244 207 12488 5000 8192 0 1000000000
121 235 5914 5000 8192 0 1000000000
20 50 1000 5000 8192 0 1000000000
186 239 9172 5000 8192 0 1000000000
276 295 14019 5000 8192 0 1000000000
79 193 3963 5000 8192 0 1000000000
119 294 5810 5000 8192 0 1000000000
178 170 8759 5000 8192 0 1000000000
113 218 5440 5000 8192 0 1000000000
39 163 1793 5000 8192 0 1000000000
306 283 15688 5000 8192 0 1000000000
44 127 2136 5000 8192 0 1000000000
128 4 6291 5000 8192 0 1000000000
187 58 9229 5000 8192 0 1000000000
239 137 12157 5000 8192 0 1000000000
39 117 1834 5000 8192 0 1000000000
16 248 803 5000 8192 0 1000000000
135 158 6635 5000 8192 0 1000000000
13 264 627 5000 8192 0 1000000000
295 129 15109 5000 8192 0 1000000000
104 58 5000 5000 8192 0 1000000000
245 244 12537 5000 8192 0 1000000000
78 149 3897 5000 8192 0 1000000000
14 166 674 5000 8192 0 1000000000
41 172 1952 5000 8192 0 1000000000
140 76 6859 5000 8192 0 1000000000
4 92 204 5000 8192 0 1000000000
40 101 1879 5000 8192 0 1000000000
262 2 13326 5000 8192 0 1000000000
210 228 10437 5000 8192 0 1000000000
104 136 5039 5000 8192 0 1000000000
161 188 7945 5000 8192 0 1000000000
205 138 10200 5000 8192 0 1000000000
64 241 3227 5000 8192 0 1000000000
201 145 9886 5000 8192 0 1000000000
186 216 9145 5000 8192 0 1000000000
163 33 8056 5000 8192 0 1000000000
155 168 7648 5000 8192 0 1000000000
255 97 13006 5000 8192 0 1000000000
194 116 9579 5000 8192 0 1000000000
218 211 10922 5000 8192 0 1000000000
50 205 2396 5000 8192 0 1000000000
12 26 559 5000 8192 0 1000000000
83 247 4234 5000 8192 0 1000000000
198 255 9866 5000 8192 0 1000000000
79 217 3974 5000 8192 0 1000000000
60 235 2975 5000 8192 0 1000000000
205 248 10165 5000 8192 0 1000000000
52 138 2500 5000 8192 0 1000000000
44 262 2119 5000 8192 0 1000000000
224 251 11305 5000 8192 0 1000000000
258 293 13049 5000 8192 0 1000000000
127 309 6204 5000 8192 0 1000000000
55 184 2668 5000 8192 0 1000000000
63 74 3148 5000 8192 0 1000000000
169 258 8356 5000 8192 0 1000000000
153 140 7547 5000 8192 0 1000000000
203 153 10029 5000 8192 0 1000000000
167 148 8248 5000 8192 0 1000000000
159 11 7838 5000 8192 0 1000000000
40 39 1892 5000 8192 0 1000000000
140 215 6836 5000 8192 0 1000000000
249 89 12757 5000 8192 0 1000000000
233 274 11762 5000 8192 0 1000000000
150 3 7439 5000 8192 0 1000000000
169 109 8363 5000 8192 0 1000000000
165 318 8166 5000 8192 0 1000000000
215 3 10770 5000 8192 0 1000000000
79 309 4010 5000 8192 0 1000000000
191 181 9442 5000 8192 0 1000000000
9 74 452 5000 8192 0 1000000000
254 15 12909 5000 8192 0 1000000000
264 58 13365 5000 8192 0 1000000000
126 203 6170 5000 8192 0 1000000000
59 78 2882 5000 8192 0 1000000000
201 42 9937 5000 8192 0 1000000000
290 104 14851 5000 8192 0 1000000000
101 43 4865 5000 8192 0 1000000000
201 34 9917 5000 8192 0 1000000000
97 119 4784 5000 8192 0 1000000000
259 67 13102 5000 8192 0 1000000000
208 147 10303 5000 8192 0 1000000000
43 292 2102 5000 8192 0 1000000000
194 92 9617 5000 8192 0 1000000000
259 207 13076 5000 8192 0 1000000000
135 84 6596 5000 8192 0 1000000000
244 92 12461 5000 8192 0 1000000000
84 297 4315 5000 8192 0 1000000000
223 91 11225 5000 8192 0 1000000000
266 196 13475 5000 8192 0 1000000000
22 180 1087 5000 8192 0 1000000000
158 258 7746 5000 8192 0 1000000000
204 104 10127 5000 8192 0 1000000000
223 253 11239 5000 8192 0 1000000000
112 96 5393 5000 8192 0 1000000000
87 229 4439 5000 8192 0 1000000000
230 73 11601 5000 8192 0 1000000000
267 122 13532 5000 8192 0 1000000000
201 32 9924 5000 8192 0 1000000000
115 237 5606 5000 8192 0 1000000000
178 297 8771 5000 8192 0 1000000000
229 19 11494 5000 8192 0 1000000000
7 151 360 5000 8192 0 1000000000
56 197 2726 5000 8192 0 1000000000
168 208 8320 5000 8192 0 1000000000
319 70 16267 5000 8192 0 1000000000
21 311 1048 5000 8192 0 1000000000
286 59 14578 5000 8192 0 1000000000
155 289 7602 5000 8192 0 1000000000
266 16 13488 5000 8192 0 1000000000
115 105 5613 5000 8192 0 1000000000
176 233 8695 5000 8192 0 1000000000
49 0 2331 5000 8192 0 1000000000
128 44 6296 5000 8192 0 1000000000
62 154 3093 5000 8192 0 1000000000
206 108 10252 5000 8192 0 1000000000
248 122 12702 5000 8192 0 1000000000
304 243 15504 5000 8192 0 1000000000
22 101 1088 5000 8192 0 1000000000
209 226 10358 5000 8192 0 1000000000
22 252 1122 5000 8192 0 1000000000
169 234 8382 5000 8192 0 1000000000
289 281 14781 5000 8192 0 1000000000
109 243 5210 5000 8192 0 1000000000
305 116 15582 5000 8192 0 1000000000
203 85 10032 5000 8192 0 1000000000
232 314 11672 5000 8192 0 1000000000
176 118 8693 5000 8192 0 1000000000
63 318 3157 5000 8192 0 1000000000
15 85 758 5000 8192 0 1000000000
14 165 667 5000 8192 0 1000000000
266 22 13479 5000 8192 0 1000000000
211 66 10520 5000 8192 0 1000000000
49 190 2358 5000 8192 0 1000000000
61 162 3015 5000 8192 0 1000000000
91 130 4531 5000 8192 0 1000000000
141 208 6929 5000 8192 0 1000000000
229 129 11502 5000 8192 0 1000000000
27 213 1278 5000 8192 0 1000000000
110 70 5289 5000 8192 0 1000000000
179 216 8830 5000 8192 0 1000000000
186 261 9181 5000 8192 0 1000000000
269 311 13687 5000 8192 0 1000000000
203 220 10034 5000 8192 0 1000000000
224 97 11324 5000 8192 0 1000000000
66 279 3347 5000 8192 0 1000000000
259 26 13128 5000 8192 0 1000000000
18 24 944 5000 8192 0 1000000000
315 147 16088 5000 8192 0 1000000000
191 193 9485 5000 8192 0 1000000000
42 93 2015 5000 8192 0 1000000000
39 25 1827 5000 8192 0 1000000000
111 295 5312 5000 8192 0 1000000000
239 145 12133 5000 8192 0 1000000000
193 2 9561 5000 8192 0 1000000000
56 95 2721 5000 8192 0 1000000000
196 214 9731 5000 8192 0 1000000000
240 59 12218 5000 8192 0 1000000000
246 77 12613 5000 8192 0 1000000000
268 20 13647 5000 8192 0 1000000000
240 78 12222 5000 8192 0 1000000000
289 259 14773 5000 8192 0 1000000000
6 178 287 5000 8192 0 1000000000
309 220 15837 5000 8192 0 1000000000
35 106 1718 5000 8192 0 1000000000
183 256 8990 5000 8192 0 1000000000
264 210 13369 5000 8192 0 1000000000
240 209 12190 5000 8192 0 1000000000
160 242 7853 5000 8192 0 1000000000
218 201 10940 5000 8192 0 1000000000
39 132 1829 5000 8192 0 1000000000
190 291 9436 5000 8192 0 1000000000
179 88 8806 5000 8192 0 1000000000
7 98 359 5000 8192 0 1000000000
239 85 12170 5000 8192 0 1000000000
16 201 799 5000 8192 0 1000000000
47 160 2253 5000 8192 0 1000000000
226 300 11421 5000 8192 0 1000000000
28 200 1345 5000 8192 0 1000000000
117 38 5724 5000 8192 0 1000000000
82 29 4188 5000 8192 0 1000000000
173 87 8487 5000 8192 0 1000000000
258 15 13059 5000 8192 0 1000000000
3 30 140 5000 8192 0 1000000000
243 89 12391 5000 8192 0 1000000000
222 214 11173 5000 8192 0 1000000000
183 216 8956 5000 8192 0 1000000000
128 169 6294 5000 8192 0 1000000000
6 136 282 5000 8192 0 1000000000
18 107 913 5000 8192 0 1000000000
78 132 3898 5000 8192 0 1000000000
226 256 11460 5000 8192 0 1000000000
98 252 4802 5000 8192 0 1000000000
215 7 10769 5000 8192 0 1000000000
191 143 9460 5000 8192 0 1000000000
16 136 804 5000 8192 0 1000000000
92 12 4603 5000 8192 0 1000000000
278 250 14112 5000 8192 0 1000000000
143 270 7026 5000 8192 0 1000000000
209 290 10362 5000 8192 0 1000000000
259 148 13126 5000 8192 0 1000000000
287 189 14611 5000 8192 0 1000000000
267 175 13576 5000 8192 0 1000000000
307 14 15738 5000 8192 0 1000000000
144 42 7132 5000 8192 0 1000000000
167 292 8253 5000 8192 0 1000000000
52 198 2501 5000 8192 0 1000000000
291 78 14911 5000 8192 0 1000000000
135 225 6600 5000 8192 0 1000000000
23 199 1161 5000 8192 0 1000000000
185 30 9117 5000 8192 0 1000000000
238 298 12116 5000 8192 0 1000000000
29 292 1415 5000 8192 0 1000000000
137 80 6746 5000 8192 0 1000000000
210 245 10445 5000 8192 0 1000000000
129 289 6351 5000 8192 0 1000000000
82 305 4200 5000 8192 0 1000000000
209 45 10378 5000 8192 0 1000000000
167 80 8243 5000 8192 0 1000000000
262 138 13323 5000 8192 0 1000000000
117 116 5705 5000 8192 0 1000000000
209 92 10340 5000 8192 0 1000000000
67 54 3410 5000 8192 0 1000000000
234 44 11852 5000 8192 0 1000000000
290 274 14859 5000 8192 0 1000000000
293 313 14996 5000 8192 0 1000000000
226 87 11456 5000 8192 0 1000000000
23 201 1185 5000 8192 0 1000000000
16 70 806 5000 8192 0 1000000000
282 307 14388 5000 8192 0 1000000000
178 83 8756 5000 8192 0 1000000000
211 55 10478 5000 8192 0 1000000000
14 282 668 5000 8192 0 1000000000
258 314 13042 5000 8192 0 1000000000
181 159 8902 5000 8192 0 1000000000
249 103 12776 5000 8192 0 1000000000
259 223 13095 5000 8192 0 1000000000
16 42 769 5000 8192 0 1000000000
32 246 1656 5000 8192 0 1000000000
241 162 12286 5000 8192 0 1000000000
134 230 6555 5000 8192 0 1000000000
221 138 11155 5000 8192 0 1000000000
243 295 12431 5000 8192 0 1000000000
285 255 14515 5000 8192 0 1000000000
234 236 11833 5000 8192 0 1000000000
40 190 1889 5000 8192 0 1000000000
272 306 13856 5000 8192 0 1000000000
298 163 15309 5000 8192 0 1000000000
260 283 13141 5000 8192 0 1000000000
233 152 11783 5000 8192 0 1000000000
255 181 12994 5000 8192 0 1000000000
295 61 15094 5000 8192 0 1000000000
148 21 7305 5000 8192 0 1000000000
80 317 4080 5000 8192 0 1000000000
289 176 14743 5000 8192 0 1000000000
136 101 6674 5000 8192 0 1000000000
168 58 8351 5000 8192 0 1000000000
156 133 7669 5000 8192 0 1000000000
135 16 6617 5000 8192 0 1000000000
101 287 4852 5000 8192 0 1000000000
252 53 12856 5000 8192 0 1000000000
267 37 13525 5000 8192 0 1000000000
92 206 4646 5000 8192 0 1000000000
276 90 14022 5000 8192 0 1000000000
78 70 3905 5000 8192 0 1000000000
302 27 15428 5000 8192 0 1000000000
32 97 1642 5000 8192 0 1000000000
68 253 3467 5000 8192 0 1000000000
262 222 13318 5000 8192 0 1000000000
292 187 14933 5000 8192 0 1000000000
31 301 1595 5000 8192 0 1000000000
242 16 12329 5000 8192 0 1000000000
108 101 5118 5000 8192 0 1000000000
209 43 10369 5000 8192 0 1000000000
312 45 15962 5000 8192 0 1000000000
76 295 3845 5000 8192 0 1000000000
56 203 2739 5000 8192 0 1000000000
158 278 7722 5000 8192 0 1000000000
112 15 5361 5000 8192 0 1000000000
246 18 12580 5000 8192 0 1000000000
98 148 4804 5000 8192 0 1000000000
60 192 2994 5000 8192 0 1000000000
285 315 14505 5000 8192 0 1000000000
114 294 5509 5000 8192 0 1000000000
22 115 1127 5000 8192 0 1000000000
118 29 5790 5000 8192 0 1000000000
59 3 2901 5000 8192 0 1000000000
39 3 1846 5000 8192 0 1000000000
124 78 6023 5000 8192 0 1000000000
186 238 9129 5000 8192 0 1000000000
195 149 9689 5000 8192 0 1000000000
231 316 11666 5000 8192 0 1000000000
168 242 8343 5000 8192 0 1000000000
284 161 14450 5000 8192 0 1000000000
203 319 10016 5000 8192 0 1000000000
300 6 15353 5000 8192 0 1000000000
184 169 9012 5000 8192 0 1000000000
189 23 9317 5000 8192 0 1000000000
4 282 235 5000 8192 0 1000000000
101 232 4900 5000 8192 0 1000000000
43 5 2063 5000 8192 0 1000000000
92 261 4615 5000 8192 0 1000000000
63 245 3184 5000 8192 0 1000000000
271 60 13822 5000 8192 0 1000000000
18 298 905 5000 8192 0 1000000000
111 2 5347 5000 8192 0 1000000000
67 305 3407 5000 8192 0 1000000000
190 222 9387 5000 8192 0 1000000000
249 117 12808 5000 8192 0 1000000000
107 278 5074 5000 8192 0 1000000000
97 4 4777 5000 8192 0 1000000000
274 216 13924 5000 8192 0 1000000000
308 76 15775 5000 8192 0 1000000000
75 204 3794 5000 8192 0 1000000000
260 237 13188 5000 8192 0 1000000000
172 223 8457 5000 8192 0 1000000000
119 261 5863 5000 8192 0 1000000000
112 281 5380 5000 8192 0 1000000000
136 249 6691 5000 8192 0 1000000000
310 183 15917 5000 8192 0 1000000000
167 125 8266 5000 8192 0 1000000000
221 177 11129 5000 8192 0 1000000000
290 216 14855 5000 8192 0 1000000000
108 300 5143 5000 8192 0 1000000000
264 227 13341 5000 8192 0 1000000000
303 88 15475 5000 8192 0 1000000000
87 18 4440 5000 8192 0 1000000000
29 24 1408 5000 8192 0 1000000000
136 295 6681 5000 8192 0 1000000000
266 261 13465 5000 8192 0 1000000000
309 165 15870 5000 8192 0 1000000000
18 89 924 5000 8192 0 1000000000
47 183 2258 5000 8192 0 1000000000
223 300 11226 5000 8192 0 1000000000
262 34 13272 5000 8192 0 1000000000
292 118 14937 5000 8192 0 1000000000
65 123 3293 5000 8192 0 1000000000
4 133 243 5000 8192 0 1000000000
225 233 11391 5000 8192 0 1000000000
97 119 4746 5000 8192 0 1000000000
128 199 6273 5000 8192 0 1000000000
0 53 19 5000 8192 0 1000000000
284 17 14435 5000 8192 0 1000000000
175 145 8652 5000 8192 0 1000000000
276 230 13970 5000 8192 0 1000000000
238 287 12057 5000 8192 0 1000000000
179 111 8833 5000 8192 0 1000000000
158 44 7723 5000 8192 0 1000000000
8 160 395 5000 8192 0 1000000000
271 112 13832 5000 8192 0 1000000000
230 65 11554 5000 8192 0 1000000000
56 44 2741 5000 8192 0 1000000000
20 239 979 5000 8192 0 1000000000
231 169 11665 5000 8192 0 1000000000
142 200 7002 5000 8192 0 1000000000
210 76 10402 5000 8192 0 1000000000
56 167 2695 5000 8192 0 1000000000
158 243 7729 5000 8192 0 1000000000
29 308 1426 5000 8192 0 1000000000
280 114 14245 5000 8192 0 1000000000
90 247 4483 5000 8192 0 1000000000
178 56 8775 5000 8192 0 1000000000
312 76 15972 5000 8192 0 1000000000
239 232 12124 5000 8192 0 1000000000
218 83 10952 5000 8192 0 1000000000
118 315 5791 5000 8192 0 1000000000
304 144 15546 5000 8192 0 1000000000
167 290 8267 5000 8192 0 1000000000
224 18 11307 5000 8192 0 1000000000
31 185 1532 5000 8192 0 1000000000
195 65 9691 5000 8192 0 1000000000
153 131 7549 5000 8192 0 1000000000
260 130 13178 5000 8192 0 1000000000
184 215 9041 5000 8192 0 1000000000
234 240 11810 5000 8192 0 1000000000
27 35 1335 5000 8192 0 1000000000
308 143 15780 5000 8192 0 1000000000
206 217 10208 5000 8192 0 1000000000
123 5 5963 5000 8192 0 1000000000
295 118 15064 5000 8192 0 1000000000
140 304 6865 5000 8192 0 1000000000
102 161 4919 5000 8192 0 1000000000
206 135 10263 5000 8192 0 1000000000
125 24 6077 5000 8192 0 1000000000
44 78 2145 5000 8192 0 1000000000
193 92 9560 5000 8192 0 1000000000
248 103 12712 5000 8192 0 1000000000
61 134 3007 5000 8192 0 1000000000
80 263 4021 5000 8192 0 1000000000
284 209 14422 5000 8192 0 1000000000
60 28 2967 5000 8192 0 1000000000
188 83 9250 5000 8192 0 1000000000
156 220 7695 5000 8192 0 1000000000
198 16 9879 5000 8192 0 1000000000
73 188 3706 5000 8192 0 1000000000
169 127 8408 5000 8192 0 1000000000
17 254 836 5000 8192 0 1000000000
216 319 10813 5000 8192 0 1000000000
135 218 6602 5000 8192 0 1000000000
125 58 6101 5000 8192 0 1000000000
257 88 16418 5000 16777216 1 1000000000
215 192 10776 5000 8192 0 1000000000
259 126 13110 5000 8192 0 1000000000
8 257 441 5000 8192 0 1000000000
260 103 13186 5000 8192 0 1000000000
104 317 4999 5000 8192 0 1000000000
312 103 16003 5000 8192 0 1000000000
164 304 8114 5000 8192 0 1000000000
215 14 10715 5000 8192 0 1000000000
68 54 3471 5000 8192 0 1000000000
35 295 1720 5000 8192 0 1000000000
287 30 14631 5000 8192 0 1000000000
168 131 8315 5000 8192 0 1000000000
267 222 13581 5000 8192 0 1000000000
208 227 10294 5000 8192 0 1000000000
234 257 11808 5000 8192 0 1000000000
191 66 9467 5000 8192 0 1000000000
246 123 12609 5000 8192 0 1000000000
43 315 2044 5000 8192 0 1000000000
138 156 6791 5000 8192 0 1000000000
210 228 10414 5000 8192 0 1000000000
210 61 10444 5000 8192 0 1000000000
80 178 4068 5000 8192 0 1000000000
15 258 736 5000 8192 0 1000000000
211 94 10508 5000 8192 0 1000000000
244 319 12458 5000 8192 0 1000000000
295 299 15080 5000 8192 0 1000000000
152 189 7489 5000 8192 0 1000000000
244 39 12480 5000 8192 0 1000000000
21 293 1063 5000 8192 0 1000000000
14 107 649 5000 8192 0 1000000000
55 282 2636 5000 8192 0 1000000000
76 274 3879 5000 8192 0 1000000000
230 163 11561 5000 8192 0 1000000000
22 269 1094 5000 8192 0 1000000000
191 172 9479 5000 8192 0 1000000000
248 313 12721 5000 8192 0 1000000000
102 39 4916 5000 8192 0 1000000000
189 218 9345 5000 8192 0 1000000000
172 163 8478 5000 8192 0 1000000000
147 183 7231 5000 8192 0 1000000000
141 131 6948 5000 8192 0 1000000000
203 10 10073 5000 8192 0 1000000000
111 247 5342 5000 8192 0 1000000000
195 178 9667 5000 8192 0 1000000000
300 194 15358 5000 8192 0 1000000000
225 296 11383 5000 8192 0 1000000000
212 185 10551 5000 8192 0 1000000000
202 261 9958 5000 8192 0 1000000000
50 224 2403 5000 8192 0 1000000000
81 177 4098 5000 8192 0 1000000000
189 143 9330 5000 8192 0 1000000000
40 179 1860 5000 8192 0 1000000000
173 50 8483 5000 8192 0 1000000000
39 304 1832 5000 8192 0 1000000000
54 195 2566 5000 8192 0 1000000000
90 270 4475 5000 8192 0 1000000000
41 297 1970 5000 8192 0 1000000000
219 98 10973 5000 8192 0 1000000000
131 141 6488 5000 8192 0 1000000000
281 243 14306 5000 8192 0 1000000000
47 304 2260 5000 8192 0 1000000000
235 186 11883 5000 8192 0 1000000000
101 265 4894 5000 8192 0 1000000000
21 186 1078 5000 8192 0 1000000000
16 20 800 5000 8192 0 1000000000
319 176 16310 5000 8192 0 1000000000
173 61 8521 5000 8192 0 1000000000
108 132 5162 5000 8192 0 1000000000
76 286 3861 5000 8192 0 1000000000
98 154 4835 5000 8192 0 1000000000
119 292 5864 5000 8192 0 1000000000
270 189 13764 5000 8192 0 1000000000
82 36 4191 5000 8192 0 1000000000
274 228 13948 5000 8192 0 1000000000
267 187 13529 5000 8192 0 1000000000
55 118 2656 5000 8192 0 1000000000
268 126 13589 5000 8192 0 1000000000
181 62 8925 5000 8192 0 1000000000
80 115 4036 5000 8192 0 1000000000
22 68 1102 5000 8192 0 1000000000
63 295 3132 5000 8192 0 1000000000
45 273 2175 5000 8192 0 1000000000
149 229 7344 5000 8192 0 1000000000
245 309 12557 5000 8192 0 1000000000
29 41 1430 5000 8192 0 1000000000
2 29 103 5000 8192 0 1000000000
237 168 12052 5000 8192 0 1000000000
269 37 13658 5000 8192 0 1000000000
179 71 8810 5000 8192 0 1000000000
196 46 9749 5000 8192 0 1000000000
29 13 1432 5000 8192 0 1000000000
213 311 10595 5000 8192 0 1000000000
30 241 1479 5000 8192 0 1000000000
310 109 15902 5000 8192 0 1000000000
104 140 5035 5000 8192 0 1000000000
110 116 5238 5000 8192 0 1000000000
237 157 12029 5000 8192 0 1000000000
27 282 1334 5000 8192 0 1000000000
139 1 16361 5000 16777216 1 1000000000
108 10 5159 5000 8192 0 1000000000
204 316 10124 5000 8192 0 1000000000
243 36 12433 5000 8192 0 1000000000
234 14 11829 5000 8192 0 1000000000
312 97 15996 5000 8192 0 1000000000
67 228 3421 5000 8192 0 1000000000
204 37 10111 5000 8192 0 1000000000
50 193 2423 5000 8192 0 1000000000
245 165 12528 5000 8192 0 1000000000
148 228 7326 5000 8192 0 1000000000
214 193 10657 5000 8192 0 1000000000
254 140 12886 5000 8192 0 1000000000
282 136 14375 5000 8192 0 1000000000
234 192 11817 5000 8192 0 1000000000
285 148 14512 5000 8192 0 1000000000
162 265 8017 5000 8192 0 1000000000
231 255 11652 5000 8192 0 1000000000
293 107 15029 5000 8192 0 1000000000
293 56 15022 5000 8192 0 1000000000
160 294 7884 5000 8192 0 1000000000
147 167 7242 5000 8192 0 1000000000
90 218 4469 5000 8192 0 1000000000
7 157 380 5000 8192 0 1000000000
59 154 2926 5000 8192 0 1000000000
107 19 5058 5000 8192 0 1000000000
81 304 4093 5000 8192 0 1000000000
244 231 12489 5000 8192 0 1000000000
218 251 10933 5000 8192 0 1000000000
179 221 8848 5000 8192 0 1000000000
68 239 3480 5000 8192 0 1000000000
28 70 1358 5000 8192 0 1000000000
319 276 16324 5000 8192 0 1000000000
0 100 23 5000 8192 0 1000000000
73 166 3739 5000 8192 0 1000000000
304 19 15527 5000 8192 0 1000000000
286 269 14568 5000 8192 0 1000000000
152 23 7466 5000 8192 0 1000000000
22 207 1126 5000 8192 0 1000000000
119 140 5843 5000 8192 0 1000000000
217 184 10843 5000 8192 0 1000000000
204 256 10083 5000 8192 0 1000000000
153 119 7534 5000 8192 0 1000000000
196 120 9753 5000 8192 0 1000000000
292 166 14982 5000 8192 0 1000000000
152 265 7514 5000 8192 0 1000000000
194 38 9627 5000 8192 0 1000000000
57 225 2762 5000 8192 0 1000000000
209 44 10366 5000 8192 0 1000000000
136 50 6638 5000 8192 0 1000000000
138 246 6767 5000 8192 0 1000000000
101 193 4908 5000 8192 0 1000000000
249 120 12790 5000 8192 0 1000000000
64 315 3247 5000 8192 0 1000000000
290 79 14825 5000 8192 0 1000000000
163 230 8048 5000 8192 0 1000000000
178 87 8755 5000 8192 0 1000000000
302 99 15436 5000 8192 0 1000000000
156 188 7679 5000 8192 0 1000000000
55 286 2635 5000 8192 0 1000000000
0 182 37 5000 8192 0 1000000000
121 288 5934 5000 8192 0 1000000000
238 102 12091 5000 8192 0 1000000000
55 53 2649 5000 8192 0 1000000000
303 274 15494 5000 8192 0 1000000000
239 256 12123 5000 8192 0 1000000000
124 229 6050 5000 8192 0 1000000000
312 13 15955 5000 8192 0 1000000000
173 280 8486 5000 8192 0 1000000000
168 178 8347 5000 8192 0 1000000000
69 263 3510 5000 8192 0 1000000000
152 215 7470 5000 8192 0 1000000000
292 58 14930 5000 8192 0 1000000000
82 145 4162 5000 8192 0 1000000000
50 179 2393 5000 8192 0 1000000000
236 46 11982 5000 8192 0 1000000000
252 113 12879 5000 8192 0 1000000000
221 115 11143 5000 8192 0 1000000000
225 146 11366 5000 8192 0 1000000000
174 206 8547 5000 8192 0 1000000000
235 208 11899 5000 8192 0 1000000000
232 172 11703 5000 8192 0 1000000000
70 55 3597 5000 8192 0 1000000000
237 148 12012 5000 8192 0 1000000000
112 213 5406 5000 8192 0 1000000000
81 308 4084 5000 8192 0 1000000000
153 306 7555 5000 8192 0 1000000000
13 28 616 5000 8192 0 1000000000
230 138 11582 5000 8192 0 1000000000
188 43 9273 5000 8192 0 1000000000
189 272 9353 5000 8192 0 1000000000
160 236 7869 5000 8192 0 1000000000
261 128 13213 5000 8192 0 1000000000
101 177 4901 5000 8192 0 1000000000
276 144 13986 5000 8192 0 1000000000
305 80 15622 5000 8192 0 1000000000
28 176 1402 5000 8192 0 1000000000
319 160 16316 5000 8192 0 1000000000
12 11 524 5000 8192 0 1000000000
141 90 6947 5000 8192 0 1000000000
65 250 3259 5000 8192 0 1000000000
58 259 2871 5000 8192 0 1000000000
161 135 7912 5000 8192 0 1000000000
196 63 9699 5000 8192 0 1000000000
148 27 7276 5000 8192 0 1000000000
126 19 6147 5000 8192 0 1000000000
165 189 8205 5000 8192 0 1000000000
291 207 14924 5000 8192 0 1000000000
165 122 8163 5000 8192 0 1000000000
97 262 4728 5000 8192 0 1000000000
60 0 2986 5000 8192 0 1000000000
51 40 2482 5000 8192 0 1000000000
212 39 10539 5000 8192 0 1000000000
35 302 1704 5000 8192 0 1000000000
187 237 9196 5000 8192 0 1000000000
27 18 1314 5000 8192 0 1000000000
173 59 8498 5000 8192 0 1000000000
222 208 11217 5000 8192 0 1000000000
79 9 4007 5000 8192 0 1000000000
315 217 16125 5000 8192 0 1000000000
210 217 10435 5000 8192 0 1000000000
292 108 14972 5000 8192 0 1000000000
104 84 5007 5000 8192 0 1000000000
165 164 8216 5000 8192 0 1000000000
289 155 14775 5000 8192 0 1000000000
285 196 14482 5000 8192 0 1000000000
150 102 7447 5000 8192 0 1000000000
261 240 13216 5000 8192 0 1000000000
75 313 3826 5000 8192 0 1000000000
297 222 15246 5000 8192 0 1000000000
58 314 2859 5000 8192 0 1000000000
284 222 14472 5000 8192 0 1000000000
223 6 11287 5000 8192 0 1000000000
118 229 5777 5000 8192 0 1000000000
223 226 11229 5000 8192 0 1000000000
254 296 12935 5000 8192 0 1000000000
160 103 7879 5000 8192 0 1000000000
274 144 13908 5000 8192 0 1000000000
271 159 13829 5000 8192 0 1000000000
305 290 15574 5000 8192 0 1000000000
187 11 9202 5000 8192 0 1000000000
202 148 9956 5000 8192 0 1000000000
189 253 9315 5000 8192 0 1000000000
248 118 12707 5000 8192 0 1000000000
212 85 10557 5000 8192 0 1000000000
265 193 13407 5000 8192 0 1000000000
308 50 15813 5000 8192 0 1000000000
304 24 15557 5000 8192 0 1000000000
135 278 6619 5000 8192 0 1000000000
127 43 6205 5000 8192 0 1000000000
71 114 3671 5000 8192 0 1000000000
302 296 15434 5000 8192 0 1000000000
101 15 4878 5000 8192 0 1000000000
266 131 13493 5000 8192 0 1000000000
124 274 6007 5000 8192 0 1000000000
291 23 14908 5000 8192 0 1000000000
319 138 16280 5000 8192 0 1000000000
9 195 449 5000 8192 0 1000000000
12 319 554 5000 8192 0 1000000000
82 182 4164 5000 8192 0 1000000000
197 201 9794 5000 8192 0 1000000000
79 295 3988 5000 8192 0 1000000000
197 221 9797 5000 8192 0 1000000000
40 299 1881 5000 8192 0 1000000000
144 232 7092 5000 8192 0 1000000000
124 251 6018 5000 8192 0 1000000000
47 160 2248 5000 8192 0 1000000000
215 218 10752 5000 8192 0 1000000000
125 113 6100 5000 8192 0 1000000000
188 273 9274 5000 8192 0 1000000000
175 26 8630 5000 8192 0 1000000000
293 49 15051 5000 8192 0 1000000000
229 166 11517 5000 8192 0 1000000000
41 4 1976 5000 8192 0 1000000000
137 101 6741 5000 8192 0 1000000000
230 255 11597 5000 8192 0 1000000000
108 254 5138 5000 8192 0 1000000000
195 15 9639 5000 8192 0 1000000000
58 171 2822 5000 8192 0 1000000000
22 250 1098 5000 8192 0 1000000000
298 314 15247 5000 8192 0 1000000000
254 182 12943 5000 8192 0 1000000000
205 145 10159 5000 8192 0 1000000000
260 275 13166 5000 8192 0 1000000000
73 214 3738 5000 8192 0 1000000000
287 233 14609 5000 8192 0 1000000000
111 94 5339 5000 8192 0 1000000000
235 122 11896 5000 8192 0 1000000000
272 68 13897 5000 8192 0 1000000000
208 239 10304 5000 8192 0 1000000000
31 151 1547 5000 8192 0 1000000000
211 71 10503 5000 8192 0 1000000000
296 259 15141 5000 8192 0 1000000000
226 7 11445 5000 8192 0 1000000000
223 120 11259 5000 8192 0 1000000000
239 43 12162 5000 8192 0 1000000000
9 252 467 5000 8192 0 1000000000
45 62 2221 5000 8192 0 1000000000
234 211 11843 5000 8192 0 1000000000
190 135 9435 5000 8192 0 1000000000
255 225 12951 5000 8192 0 1000000000
233 135 11763 5000 8192 0 1000000000
194 14 9607 5000 8192 0 1000000000
119 97 5830 5000 8192 0 1000000000
90 169 4511 5000 8192 0 1000000000
52 66 2525 5000 8192 0 1000000000
266 317 13482 5000 8192 0 1000000000
174 186 8548 5000 8192 0 1000000000
208 295 10314 5000 8192 0 1000000000
265 220 13430 5000 8192 0 1000000000
265 249 13447 5000 8192 0 1000000000
0 260 14 5000 8192 0 1000000000
13 24 602 5000 8192 0 1000000000
280 267 14244 5000 8192 0 1000000000
30 277 1495 5000 8192 0 1000000000
56 126 2714 5000 8192 0 1000000000
281 200 14351 5000 8192 0 1000000000
234 247 11834 5000 8192 0 1000000000
209 309 10350 5000 8192 0 1000000000
91 152 4566 5000 8192 0 1000000000
205 46 10174 5000 8192 0 1000000000
237 198 11993 5000 8192 0 1000000000
95 47 4710 5000 8192 0 1000000000
316 91 16193 5000 8192 0 1000000000
162 10 8032 5000 8192 0 1000000000
64 106 3205 5000 8192 0 1000000000
303 90 15445 5000 8192 0 1000000000
97 318 4723 5000 8192 0 1000000000
183 232 8954 5000 8192 0 1000000000
214 309 10671 5000 8192 0 1000000000
191 67 9494 5000 8192 0 1000000000
203 310 10040 5000 8192 0 1000000000
287 275 14624 5000 8192 0 1000000000
50 9 2421 5000 8192 0 1000000000
280 102 14285 5000 8192 0 1000000000
189 242 9331 5000 8192 0 1000000000
271 18 13830 5000 8192 0 1000000000
246 105 12610 5000 8192 0 1000000000
30 148 1510 5000 8192 0 1000000000
83 129 4258 5000 8192 0 1000000000
36 58 1746 5000 8192 0 1000000000
39 117 1804 5000 8192 0 1000000000
181 240 8885 5000 8192 0 1000000000
78 245 3939 5000 8192 0 1000000000
270 148 13727 5000 8192 0 1000000000
293 278 15012 5000 8192 0 1000000000
15 179 735 5000 8192 0 1000000000
260 139 13185 5000 8192 0 1000000000
127 253 6213 5000 8192 0 1000000000
318 210 16225 5000 8192 0 1000000000
57 233 2786 5000 8192 0 1000000000
152 17 7480 5000 8192 0 1000000000
41 214 1979 5000 8192 0 1000000000
107 45 5044 5000 8192 0 1000000000
264 257 13351 5000 8192 0 1000000000
183 43 8944 5000 8192 0 1000000000
164 312 8133 5000 8192 0 1000000000
78 240 3927 5000 8192 0 1000000000
60 271 2992 5000 8192 0 1000000000
246 153 12615 5000 8192 0 1000000000
230 82 11572 5000 8192 0 1000000000
31 93 1567 5000 8192 0 1000000000
212 44 10560 5000 8192 0 1000000000
134 47 6516 5000 8192 0 1000000000
110 144 5266 5000 8192 0 1000000000
265 291 13439 5000 8192 0 1000000000
197 191 9793 5000 8192 0 1000000000
102 282 4975 5000 8192 0 1000000000
2 11 83 5000 8192 0 1000000000
239 12 12178 5000 8192 0 1000000000
209 25 10331 5000 8192 0 1000000000
128 267 6278 5000 8192 0 1000000000
188 55 9264 5000 8192 0 1000000000
246 165 12596 5000 8192 0 1000000000
153 45 7576 5000 8192 0 1000000000
189 303 9366 5000 8192 0 1000000000
13 295 577 5000 8192 0 1000000000
39 186 1848 5000 8192 0 1000000000
205 29 10179 5000 8192 0 1000000000
124 41 6000 5000 8192 0 1000000000
148 121 7306 5000 8192 0 1000000000
44 291 2150 5000 8192 0 1000000000
289 17 14772 5000 8192 0 1000000000
118 187 5799 5000 8192 0 1000000000
175 68 8620 5000 8192 0 1000000000
113 202 5436 5000 8192 0 1000000000
3 292 137 5000 8192 0 1000000000
241 0 12270 5000 8192 0 1000000000
142 202 6965 5000 8192 0 1000000000
64 16 3213 5000 8192 0 1000000000
92 38 4634 5000 8192 0 1000000000
150 297 7441 5000 8192 0 1000000000
293 52 15040 5000 8192 0 1000000000
64 284 3201 5000 8192 0 1000000000
195 262 9663 5000 8192 0 1000000000
300 99 15332 5000 8192 0 1000000000
141 121 6906 5000 8192 0 1000000000
160 8 7887 5000 8192 0 1000000000
234 116 11821 5000 8192 0 1000000000
194 310 9594 5000 8192 0 1000000000
269 274 13661 5000 8192 0 1000000000
223 36 11284 5000 8192 0 1000000000
102 93 4963 5000 8192 0 1000000000
205 187 10191 5000 8192 0 1000000000
232 128 11709 5000 8192 0 1000000000
112 266 5402 5000 8192 0 1000000000
138 240 6805 5000 8192 0 1000000000
306 86 15649 5000 8192 0 1000000000
297 6 15213 5000 8192 0 1000000000
220 83 11072 5000 8192 0 1000000000
41 9 1965 5000 8192 0 1000000000
54 236 2593 5000 8192 0 1000000000
231 241 11640 5000 8192 0 1000000000
71 230 3685 5000 8192 0 1000000000
118 104 5745 5000 8192 0 1000000000
229 165 11498 5000 8192 0 1000000000
244 146 12445 5000 8192 0 1000000000
189 161 9316 5000 8192 0 1000000000
0 283 52 5000 8192 0 1000000000
190 79 9424 5000 8192 0 1000000000
285 198 14484 5000 8192 0 1000000000
97 280 4729 5000 8192 0 1000000000
137 221 6715 5000 8192 0 1000000000
293 281 15050 5000 8192 0 1000000000
265 280 13445 5000 8192 0 1000000000
181 129 8872 5000 8192 0 1000000000
161 103 7941 5000 8192 0 1000000000
24 247 1264 5000 8192 0 1000000000
310 185 15893 5000 8192 0 1000000000
226 291 11431 5000 8192 0 1000000000
236 177 11952 5000 8192 0 1000000000
305 162 15602 5000 8192 0 1000000000
174 307 8557 5000 8192 0 1000000000
213 2 10600 5000 8192 0 1000000000
140 316 6873 5000 8192 0 1000000000
302 109 15414 5000 8192 0 1000000000
190 222 9390 5000 8192 0 1000000000
239 288 12177 5000 8192 0 1000000000
272 313 13852 5000 8192 0 1000000000
308 162 15789 5000 8192 0 1000000000
84 146 4327 5000 8192 0 1000000000
300 67 15372 5000 8192 0 1000000000
39 129 1801 5000 8192 0 1000000000
28 170 1352 5000 8192 0 1000000000
202 230 9986 5000 8192 0 1000000000
254 136 12893 5000 8192 0 1000000000
234 50 11844 5000 8192 0 1000000000
69 203 3554 5000 8192 0 1000000000
244 241 12468 5000 8192 0 1000000000
114 263 5494 5000 8192 0 1000000000
264 294 13361 5000 8192 0 1000000000
298 106 15302 5000 8192 0 1000000000
27 152 1308 5000 8192 0 1000000000
85 161 4353 5000 8192 0 1000000000
222 43 11190 5000 8192 0 1000000000
264 306 13362 5000 8192 0 1000000000
24 94 1245 5000 8192 0 1000000000
90 258 4482 5000 8192 0 1000000000
125 67 6082 5000 8192 0 1000000000
73 214 3719 5000 8192 0 1000000000
7 237 348 5000 8192 0 1000000000
108 293 5165 5000 8192 0 1000000000
286 185 14576 5000 8192 0 1000000000
197 149 9783 5000 8192 0 1000000000
116 113 5631 5000 8192 0 1000000000
49 57 2333 5000 8192 0 1000000000
246 258 12589 5000 8192 0 1000000000
165 118 8223 5000 8192 0 1000000000
108 173 5123 5000 8192 0 1000000000
310 130 15899 5000 8192 0 1000000000
231 276 11642 5000 8192 0 1000000000
79 171 3976 5000 8192 0 1000000000
241 103 12290 5000 8192 0 1000000000
245 163 12503 5000 8192 0 1000000000
268 216 13626 5000 8192 0 1000000000
262 273 13281 5000 8192 0 1000000000
110 60 5234 5000 8192 0 1000000000
61 244 3000 5000 8192 0 1000000000
32 156 1650 5000 8192 0 1000000000
279 178 14223 5000 8192 0 1000000000
211 45 10504 5000 8192 0 1000000000
190 260 9420 5000 8192 0 1000000000
174 63 8569 5000 8192 0 1000000000
125 33 6124 5000 8192 0 1000000000
241 25 12306 5000 8192 0 1000000000
66 313 3323 5000 8192 0 1000000000
218 175 10910 5000 8192 0 1000000000
201 132 9934 5000 8192 0 1000000000
310 137 15914 5000 8192 0 1000000000
213 128 10644 5000 8192 0 1000000000
295 303 15074 5000 8192 0 1000000000
15 4 731 5000 8192 0 1000000000
50 169 2414 5000 8192 0 1000000000
128 91 6268 5000 8192 0 1000000000
188 273 9288 5000 8192 0 1000000000
169 107 8370 5000 8192 0 1000000000
158 96 7725 5000 8192 0 1000000000
92 16 4600 5000 8192 0 1000000000
149 54 7368 5000 8192 0 1000000000
126 72 6182 5000 8192 0 1000000000
268 261 13648 5000 8192 0 1000000000
284 279 14447 5000 8192 0 1000000000
12 263 543 5000 8192 0 1000000000
190 29 9411 5000 8192 0 1000000000
67 227 3395 5000 8192 0 1000000000
213 310 10634 5000 8192 0 1000000000
252 313 12859 5000 8192 0 1000000000
305 119 15620 5000 8192 0 1000000000
219 25 11000 5000 8192 0 1000000000
221 119 11126 5000 8192 0 1000000000
36 81 1727 5000 8192 0 1000000000
304 29 15503 5000 8192 0 1000000000
239 257 12146 5000 8192 0 1000000000
264 34 13380 5000 8192 0 1000000000
247 12 12656 5000 8192 0 1000000000
49 90 2323 5000 8192 0 1000000000
49 82 2320 5000 8192 0 1000000000
87 221 4458 5000 8192 0 1000000000
62 160 3087 5000 8192 0 1000000000
54 99 2567 5000 8192 0 1000000000
50 45 2400 5000 8192 0 1000000000
165 102 8186 5000 8192 0 1000000000
195 12 9660 5000 8192 0 1000000000
312 201 15959 5000 8192 0 1000000000
281 240 14321 5000 8192 0 1000000000
43 8 2069 5000 8192 0 1000000000
260 294 13194 5000 8192 0 1000000000
136 285 6647 5000 8192 0 1000000000
143 228 7074 5000 8192 0 1000000000
31 262 1539 5000 8192 0 1000000000
81 273 4129 5000 8192 0 1000000000
78 314 3946 5000 8192 0 1000000000
41 25 1972 5000 8192 0 1000000000
21 265 1037 5000 8192 0 1000000000
295 213 15112 5000 8192 0 1000000000
61 62 3033 5000 8192 0 1000000000
128 32 6260 5000 8192 0 1000000000
189 265 9311 5000 8192 0 1000000000
307 2 15728 5000 8192 0 1000000000
249 109 12771 5000 8192 0 1000000000
281 225 14319 5000 8192 0 1000000000
71 76 3652 5000 8192 0 1000000000
114 66 5526 5000 8192 0 1000000000
43 318 2104 5000 8192 0 1000000000
70 186 3615 5000 8192 0 1000000000
255 1 12954 5000 8192 0 1000000000
16 25 768 5000 8192 0 1000000000
252 269 12841 5000 8192 0 1000000000
190 136 9423 5000 8192 0 1000000000
187 138 9207 5000 8192 0 1000000000
248 99 12737 5000 8192 0 1000000000
222 312 11220 5000 8192 0 1000000000
303 250 15488 5000 8192 0 1000000000
213 258 10606 5000 8192 0 1000000000
4 124 233 5000 8192 0 1000000000
280 185 14229 5000 8192 0 1000000000
226 11 11471 5000 8192 0 1000000000
117 74 5735 5000 8192 0 1000000000
153 85 7553 5000 8192 0 1000000000
269 265 13709 5000 8192 0 1000000000
23 55 1176 5000 8192 0 1000000000
295 250 15084 5000 8192 0 1000000000
124 38 6028 5000 8192 0 1000000000
185 282 9102 5000 8192 0 1000000000
24 30 1242 5000 8192 0 1000000000
213 203 10646 5000 8192 0 1000000000
24 0 1253 5000 8192 0 1000000000
222 60 11184 5000 8192 0 1000000000
215 62 10749 5000 8192 0 1000000000
175 173 8638 5000 8192 0 1000000000
12 6 513 5000 8192 0 1000000000
188 161 9259 5000 8192 0 1000000000
266 223 13481 5000 8192 0 1000000000
245 121 12511 5000 8192 0 1000000000
140 174 6831 5000 8192 0 1000000000
194 318 9574 5000 8192 0 1000000000
66 237 3344 5000 8192 0 1000000000
265 178 13456 5000 8192 0 1000000000
40 116 1872 5000 8192 0 1000000000
28 185 1390 5000 8192 0 1000000000
165 67 8219 5000 8192 0 1000000000
189 300 9341 5000 8192 0 1000000000
316 51 16188 5000 8192 0 1000000000
145 149 7207 5000 8192 0 1000000000
233 27 11737 5000 8192 0 1000000000
183 174 8989 5000 8192 0 1000000000
161 229 7959 5000 8192 0 1000000000
118 220 5768 5000 8192 0 1000000000
208 113 10328 5000 8192 0 1000000000
4 248 231 5000 8192 0 1000000000
97 154 4775 5000 8192 0 1000000000
124 109 6039 5000 8192 0 1000000000
241 247 12269 5000 8192 0 1000000000
130 193 6424 5000 8192 0 1000000000
300 72 15364 5000 8192 0 1000000000
246 57 12565 5000 8192 0 1000000000
247 296 12648 5000 8192 0 1000000000
104 87 4978 5000 8192 0 1000000000
95 188 4673 5000 8192 0 1000000000
144 137 7099 5000 8192 0 1000000000
252 185 12821 5000 8192 0 1000000000
73 76 3710 5000 8192 0 1000000000
8 72 410 5000 8192 0 1000000000
185 178 9057 5000 8192 0 1000000000
148 124 7275 5000 8192 0 1000000000
254 92 12939 5000 8192 0 1000000000
75 295 3784 5000 8192 0 1000000000
241 133 12287 5000 8192 0 1000000000
180 105 16340 5000 16777216 1 1000000000
262 251 13278 5000 8192 0 1000000000
318 218 16215 5000 8192 0 1000000000
75 19 3812 5000 8192 0 1000000000
188 286 9256 5000 8192 0 1000000000
288 166 14716 5000 8192 0 1000000000
142 247 6996 5000 8192 0 1000000000
116 253 5668 5000 8192 0 1000000000
235 239 11880 5000 8192 0 1000000000
169 151 8416 5000 8192 0 1000000000
222 198 11223 5000 8192 0 1000000000
152 221 7503 5000 8192 0 1000000000
52 40 2534 5000 8192 0 1000000000
268 128 13610 5000 8192 0 1000000000
44 91 2144 5000 8192 0 1000000000
316 229 16143 5000 8192 0 1000000000
60 28 2956 5000 8192 0 1000000000
10 89 16365 5000 16777216 1 1000000000
23 85 1169 5000 8192 0 1000000000
298 169 15279 5000 8192 0 1000000000
23 109 1205 5000 8192 0 1000000000
63 270 3190 5000 8192 0 1000000000
75 14 3790 5000 8192 0 1000000000
65 5 3289 5000 8192 0 1000000000
97 128 4750 5000 8192 0 1000000000
136 242 6649 5000 8192 0 1000000000
52 264 2540 5000 8192 0 1000000000
43 288 2068 5000 8192 0 1000000000
236 198 11936 5000 8192 0 1000000000
308 242 15788 5000 8192 0 1000000000
217 20 10891 5000 8192 0 1000000000
44 117 2158 5000 8192 0 1000000000
128 147 6308 5000 8192 0 1000000000
188 162 9280 5000 8192 0 1000000000
195 101 9640 5000 8192 0 1000000000
184 264 9039 5000 8192 0 1000000000
126 166 6153 5000 8192 0 1000000000
167 224 8269 5000 8192 0 1000000000
260 155 13182 5000 8192 0 1000000000
107 54 5049 5000 8192 0 1000000000
117 179 5742 5000 8192 0 1000000000
35 131 1675 5000 8192 0 1000000000
212 68 10564 5000 8192 0 1000000000
280 297 14272 5000 8192 0 1000000000
168 142 8348 5000 8192 0 1000000000
47 216 2267 5000 8192 0 1000000000
212 73 10529 5000 8192 0 1000000000
117 240 5690 5000 8192 0 1000000000
55 230 2665 5000 8192 0 1000000000
248 275 12756 5000 8192 0 1000000000
289 267 14791 5000 8192 0 1000000000
137 128 6743 5000 8192 0 1000000000
118 265 5767 5000 8192 0 1000000000
255 9 13005 5000 8192 0 1000000000
95 256 4701 5000 8192 0 1000000000
208 297 10312 5000 8192 0 1000000000
226 271 11438 5000 8192 0 1000000000
147 152 7226 5000 8192 0 1000000000
67 190 3384 5000 8192 0 1000000000
100 151 16380 5000 16777216 1 1000000000
44 22 2160 5000 8192 0 1000000000
135 210 6575 5000 8192 0 1000000000
313 36 16063 5000 8192 0 1000000000
112 209 5385 5000 8192 0 1000000000
81 96 4117 5000 8192 0 1000000000
300 282 15370 5000 8192 0 1000000000
107 201 5041 5000 8192 0 1000000000
172 226 8433 5000 8192 0 1000000000
274 40 13932 5000 8192 0 1000000000
224 297 11316 5000 8192 0 1000000000
316 160 16172 5000 8192 0 1000000000
134 298 6538 5000 8192 0 1000000000
147 264 7230 5000 8192 0 1000000000
313 43 16067 5000 8192 0 1000000000
124 79 6049 5000 8192 0 1000000000
210 112 10456 5000 8192 0 1000000000
220 49 11047 5000 8192 0 1000000000
56 8 2727 5000 8192 0 1000000000
309 140 15868 5000 8192 0 1000000000
292 259 14968 5000 8192 0 1000000000
109 6 5218 5000 8192 0 1000000000
232 215 11728 5000 8192 0 1000000000
234 187 11802 5000 8192 0 1000000000
70 22 3582 5000 8192 0 1000000000
147 229 7228 5000 8192 0 1000000000
75 249 3781 5000 8192 0 1000000000
13 211 630 5000 8192 0 1000000000
16 176 795 5000 8192 0 1000000000
80 89 4075 5000 8192 0 1000000000
236 269 11941 5000 8192 0 1000000000
131 236 6474 5000 8192 0 1000000000
216 58 10821 5000 8192 0 1000000000
179 20 8804 5000 8192 0 1000000000
32 305 1607 5000 8192 0 1000000000
66 129 3335 5000 8192 0 1000000000
232 73 11707 5000 8192 0 1000000000
168 116 8332 5000 8192 0 1000000000
249 203 12775 5000 8192 0 1000000000
137 41 6731 5000 8192 0 1000000000
117 178 5716 5000 8192 0 1000000000
313 202 16049 5000 8192 0 1000000000
173 289 8488 5000 8192 0 1000000000
56 178 2737 5000 8192 0 1000000000
23 219 1162 5000 8192 0 1000000000
23 29 1213 5000 8192 0 1000000000
197 247 9811 5000 8192 0 1000000000
277 11 14097 5000 8192 0 1000000000
118 5 5764 5000 8192 0 1000000000
64 185 3210 5000 8192 0 1000000000
141 3 6914 5000 8192 0 1000000000
60 56 2966 5000 8192 0 1000000000
140 309 6841 5000 8192 0 1000000000
42 33 2026 5000 8192 0 1000000000
66 51 3353 5000 8192 0 1000000000
75 88 3819 5000 8192 0 1000000000
75 289 3795 5000 8192 0 1000000000
291 296 14921 5000 8192 0 1000000000
17 51 886 5000 8192 0 1000000000
191 138 9473 5000 8192 0 1000000000
107 133 5060 5000 8192 0 1000000000
231 56 11671 5000 8192 0 1000000000
209 307 10355 5000 8192 0 1000000000
216 160 10791 5000 8192 0 1000000000
117 111 5729 5000 8192 0 1000000000
85 249 4390 5000 8192 0 1000000000
307 83 15698 5000 8192 0 1000000000
35 129 1661 5000 8192 0 1000000000
52 195 2529 5000 8192 0 1000000000
243 289 12411 5000 8192 0 1000000000
82 128 4193 5000 8192 0 1000000000
179 238 8803 5000 8192 0 1000000000
241 235 12271 5000 8192 0 1000000000
107 109 5077 5000 8192 0 1000000000
107 183 5061 5000 8192 0 1000000000
312 177 15947 5000 8192 0 1000000000
35 276 1722 5000 8192 0 1000000000
181 68 8878 5000 8192 0 1000000000
245 186 12539 5000 8192 0 1000000000
298 97 15288 5000 8192 0 1000000000
205 289 10171 5000 8192 0 1000000000
105 122 16452 5000 16777216 1 1000000000
27 165 1315 5000 8192 0 1000000000
55 32 2639 5000 8192 0 1000000000
280 201 14268 5000 8192 0 1000000000
147 300 7237 5000 8192 0 1000000000
145 190 7153 5000 8192 0 1000000000
36 28 1787 5000 8192 0 1000000000
9 5 461 5000 8192 0 1000000000
160 173 7845 5000 8192 0 1000000000
252 240 12878 5000 8192 0 1000000000
32 16 1611 5000 8192 0 1000000000
64 260 3214 5000 8192 0 1000000000
59 40 2889 5000 8192 0 1000000000
255 116 12966 5000 8192 0 1000000000
308 132 15763 5000 8192 0 1000000000
298 234 15257 5000 8192 0 1000000000
59 69 2915 5000 8192 0 1000000000
196 283 9705 5000 8192 0 1000000000
44 108 2114 5000 8192 0 1000000000
172 196 8453 5000 8192 0 1000000000
50 270 2411 5000 8192 0 1000000000
230 96 11599 5000 8192 0 1000000000
9 233 471 5000 8192 0 1000000000
221 122 11131 5000 8192 0 1000000000
98 269 4825 5000 8192 0 1000000000
287 227 14610 5000 8192 0 1000000000
70 107 3605 5000 8192 0 1000000000
175 229 8637 5000 8192 0 1000000000
49 180 2305 5000 8192 0 1000000000
254 86 12905 5000 8192 0 1000000000
218 66 10966 5000 8192 0 1000000000
259 168 13118 5000 8192 0 1000000000
21 148 1030 5000 8192 0 1000000000
277 303 14035 5000 8192 0 1000000000
102 309 4940 5000 8192 0 1000000000
40 316 1858 5000 8192 0 1000000000
198 15 9846 5000 8192 0 1000000000
45 142 2228 5000 8192 0 1000000000
163 284 8074 5000 8192 0 1000000000
245 153 12549 5000 8192 0 1000000000
241 281 12302 5000 8192 0 1000000000
50 240 2417 5000 8192 0 1000000000
294 227 16431 5000 16777216 1 1000000000
148 216 7280 5000 8192 0 1000000000
17 81 843 5000 8192 0 1000000000
64 105 3204 5000 8192 0 1000000000
194 244 9609 5000 8192 0 1000000000
173 56 8509 5000 8192 0 1000000000
224 193 11294 5000 8192 0 1000000000
319 184 16290 5000 8192 0 1000000000
73 20 3712 5000 8192 0 1000000000
20 178 989 5000 8192 0 1000000000
243 116 12417 5000 8192 0 1000000000
168 39 8291 5000 8192 0 1000000000
60 129 2979 5000 8192 0 1000000000
254 124 12906 5000 8192 0 1000000000
131 182 6467 5000 8192 0 1000000000
269 55 13654 5000 8192 0 1000000000
20 68 959 5000 8192 0 1000000000
286 230 14571 5000 8192 0 1000000000
44 89 2118 5000 8192 0 1000000000
135 246 6597 5000 8192 0 1000000000
44 163 2113 5000 8192 0 1000000000
218 267 10906 5000 8192 0 1000000000
63 3 3155 5000 8192 0 1000000000
202 204 9987 5000 8192 0 1000000000
318 302 16239 5000 8192 0 1000000000
77 88 16427 5000 16777216 1 1000000000
184 156 9025 5000 8192 0 1000000000
255 27 12974 5000 8192 0 1000000000
307 62 15732 5000 8192 0 1000000000
136 190 6665 5000 8192 0 1000000000
260 18 13189 5000 8192 0 1000000000
165 244 8212 5000 8192 0 1000000000
17 51 867 5000 8192 0 1000000000
131 23 6499 5000 8192 0 1000000000
308 183 15761 5000 8192 0 1000000000
237 285 12043 5000 8192 0 1000000000
104 123 5021 5000 8192 0 1000000000
28 229 1391 5000 8192 0 1000000000
238 25 12094 5000 8192 0 1000000000
91 234 4544 5000 8192 0 1000000000
288 204 14727 5000 8192 0 1000000000
47 38 2236 5000 8192 0 1000000000
265 23 13409 5000 8192 0 1000000000
23 241 1154 5000 8192 0 1000000000
71 144 3657 5000 8192 0 1000000000
309 147 15840 5000 8192 0 1000000000
224 95 11331 5000 8192 0 1000000000
233 279 11760 5000 8192 0 1000000000
135 266 6634 5000 8192 0 1000000000
276 117 13995 5000 8192 0 1000000000
63 130 3178 5000 8192 0 1000000000
116 308 5632 5000 8192 0 1000000000
274 25 13922 5000 8192 0 1000000000
296 166 15154 5000 8192 0 1000000000
51 14 2479 5000 8192 0 1000000000
101 259 4873 5000 8192 0 1000000000
144 263 7119 5000 8192 0 1000000000
128 63 6313 5000 8192 0 1000000000
17 105 885 5000 8192 0 1000000000
298 80 15272 5000 8192 0 1000000000
286 259 14606 5000 8192 0 1000000000
41 24 1961 5000 8192 0 1000000000
266 146 13508 5000 8192 0 1000000000
102 101 4961 5000 8192 0 1000000000
285 151 14483 5000 8192 0 1000000000
194 80 9611 5000 8192 0 1000000000
79 131 3964 5000 8192 0 1000000000
222 91 11207 5000 8192 0 1000000000
162 181 7991 5000 8192 0 1000000000
210 80 10409 5000 8192 0 1000000000
285 58 14504 5000 8192 0 1000000000
14 84 641 5000 8192 0 1000000000
76 75 3848 5000 8192 0 1000000000
137 48 6729 5000 8192 0 1000000000
269 94 13713 5000 8192 0 1000000000
264 99 13395 5000 8192 0 1000000000
316 228 16163 5000 8192 0 1000000000
225 188 11384 5000 8192 0 1000000000
3 141 163 5000 8192 0 1000000000
115 58 5587 5000 8192 0 1000000000
73 21 3709 5000 8192 0 1000000000
167 225 8260 5000 8192 0 1000000000
231 152 11664 5000 8192 0 1000000000
45 210 2234 5000 8192 0 1000000000
225 250 11376 5000 8192 0 1000000000
2 157 89 5000 8192 0 1000000000
69 295 3518 5000 8192 0 1000000000
16 78 824 5000 8192 0 1000000000
142 184 6955 5000 8192 0 1000000000
14 245 670 5000 8192 0 1000000000
210 163 10416 5000 8192 0 1000000000
221 273 11119 5000 8192 0 1000000000
174 80 8603 5000 8192 0 1000000000
297 72 15200 5000 8192 0 1000000000
67 233 3394 5000 8192 0 1000000000
198 3 9834 5000 8192 0 1000000000
197 294 9766 5000 8192 0 1000000000
315 127 16100 5000 8192 0 1000000000
83 72 4238 5000 8192 0 1000000000
309 219 15857 5000 8192 0 1000000000
32 66 1641 5000 8192 0 1000000000
239 294 12158 5000 8192 0 1000000000
57 260 2775 5000 8192 0 1000000000
67 20 3427 5000 8192 0 1000000000
123 46 5978 5000 8192 0 1000000000
42 80 2039 5000 8192 0 1000000000
190 63 9409 5000 8192 0 1000000000
51 30 2478 5000 8192 0 1000000000
149 223 7369 5000 8192 0 1000000000
32 122 1602 5000 8192 0 1000000000
102 140 4957 5000 8192 0 1000000000
135 193 6581 5000 8192 0 1000000000
152 229 7513 5000 8192 0 1000000000
259 278 13092 5000 8192 0 1000000000
204 181 10130 5000 8192 0 1000000000
137 248 6702 5000 8192 0 1000000000
245 161 12542 5000 8192 0 1000000000
179 280 8861 5000 8192 0 1000000000
176 285 8724 5000 8192 0 1000000000
110 273 5279 5000 8192 0 1000000000
266 119 13511 5000 8192 0 1000000000
232 56 11677 5000 8192 0 1000000000
16 271 820 5000 8192 0 1000000000
280 201 14284 5000 8192 0 1000000000
141 2 6894 5000 8192 0 1000000000
143 129 7062 5000 8192 0 1000000000
188 78 9282 5000 8192 0 1000000000
244 261 12451 5000 8192 0 1000000000
162 227 7988 5000 8192 0 1000000000
75 310 3776 5000 8192 0 1000000000
58 245 2840 5000 8192 0 1000000000
51 157 2488 5000 8192 0 1000000000
206 188 10249 5000 8192 0 1000000000
285 119 14488 5000 8192 0 1000000000
7 88 341 5000 8192 0 1000000000
156 70 7701 5000 8192 0 1000000000
287 170 14620 5000 8192 0 1000000000
129 238 6333 5000 8192 0 1000000000
43 133 2087 5000 8192 0 1000000000
123 212 5947 5000 8192 0 1000000000
101 98 4849 5000 8192 0 1000000000
110 293 5284 5000 8192 0 1000000000
225 106 11411 5000 8192 0 1000000000
22 249 1090 5000 8192 0 1000000000
87 267 4419 5000 8192 0 1000000000
65 220 3261 5000 8192 0 1000000000
158 205 7744 5000 8192 0 1000000000
23 195 1206 5000 8192 0 1000000000
114 222 5522 5000 8192 0 1000000000
116 191 5648 5000 8192 0 1000000000
23 121 1153 5000 8192 0 1000000000
197 234 9820 5000 8192 0 1000000000
87 223 4461 5000 8192 0 1000000000
66 211 3361 5000 8192 0 1000000000
307 44 15752 5000 8192 0 1000000000
127 298 6223 5000 8192 0 1000000000
303 19 15482 5000 8192 0 1000000000
129 135 6331 5000 8192 0 1000000000
28 71 1363 5000 8192 0 1000000000
81 315 4145 5000 8192 0 1000000000
278 139 14133 5000 8192 0 1000000000
110 209 5235 5000 8192 0 1000000000
309 23 15854 5000 8192 0 1000000000
245 227 12548 5000 8192 0 1000000000
144 109 7108 5000 8192 0 1000000000
194 0 9601 5000 8192 0 1000000000
118 145 5748 5000 8192 0 1000000000
14 149 698 5000 8192 0 1000000000
243 214 12423 5000 8192 0 1000000000
181 130 8904 5000 8192 0 1000000000
158 186 7752 5000 8192 0 1000000000
181 265 8879 5000 8192 0 1000000000
160 92 7880 5000 8192 0 1000000000
223 100 11267 5000 8192 0 1000000000
62 162 3119 5000 8192 0 1000000000
243 229 12412 5000 8192 0 1000000000
164 239 8142 5000 8192 0 1000000000
114 69 5520 5000 8192 0 1000000000
230 42 11553 5000 8192 0 1000000000
148 52 7288 5000 8192 0 1000000000
268 10 13622 5000 8192 0 1000000000
234 158 11831 5000 8192 0 1000000000
167 27 8230 5000 8192 0 1000000000
282 90 14406 5000 8192 0 1000000000
284 276 14448 5000 8192 0 1000000000
208 243 10282 5000 8192 0 1000000000
196 91 9693 5000 8192 0 1000000000
300 314 15330 5000 8192 0 1000000000
237 266 12015 5000 8192 0 1000000000
68 292 3494 5000 8192 0 1000000000
111 30 5327 5000 8192 0 1000000000
54 78 2604 5000 8192 0 1000000000
191 233 9444 5000 8192 0 1000000000
236 283 11939 5000 8192 0 1000000000
55 40 2643 5000 8192 0 1000000000
242 265 12352 5000 8192 0 1000000000
173 185 8515 5000 8192 0 1000000000
307 267 15751 5000 8192 0 1000000000
51 164 2445 5000 8192 0 1000000000
4 84 200 5000 8192 0 1000000000
155 295 7615 5000 8192 0 1000000000
268 213 13631 5000 8192 0 1000000000
28 101 1379 5000 8192 0 1000000000
41 294 1927 5000 8192 0 1000000000
35 210 1686 5000 8192 0 1000000000
124 106 6026 5000 8192 0 1000000000
130 3 6417 5000 8192 0 1000000000
306 269 15680 5000 8192 0 1000000000
304 293 15505 5000 8192 0 1000000000
91 238 4584 5000 8192 0 1000000000
123 238 5970 5000 8192 0 1000000000
41 97 1937 5000 8192 0 1000000000
87 199 4428 5000 8192 0 1000000000
312 261 15956 5000 8192 0 1000000000
276 176 13982 5000 8192 0 1000000000
235 291 11902 5000 8192 0 1000000000
160 41 7894 5000 8192 0 1000000000
168 51 8319 5000 8192 0 1000000000
16 21 827 5000 8192 0 1000000000
315 247 16099 5000 8192 0 1000000000
183 32 8960 5000 8192 0 1000000000
234 252 11805 5000 8192 0 1000000000
209 306 10360 5000 8192 0 1000000000
70 50 3636 5000 8192 0 1000000000
284 153 14423 5000 8192 0 1000000000
130 252 6386 5000 8192 0 1000000000
4 230 232 5000 8192 0 1000000000
300 210 15365 5000 8192 0 1000000000
115 197 5591 5000 8192 0 1000000000
204 148 10092 5000 8192 0 1000000000
319 189 16271 5000 8192 0 1000000000
309 250 15873 5000 8192 0 1000000000
82 182 4205 5000 8192 0 1000000000
188 170 9308 5000 8192 0 1000000000
211 245 10515 5000 8192 0 1000000000
258 171 13029 5000 8192 0 1000000000
119 135 5871 5000 8192 0 1000000000
241 138 12300 5000 8192 0 1000000000
142 143 6967 5000 8192 0 1000000000
236 124 11986 5000 8192 0 1000000000
51 109 2471 5000 8192 0 1000000000
300 120 15357 5000 8192 0 1000000000
30 55 1524 5000 8192 0 1000000000
191 229 9448 5000 8192 0 1000000000
23 139 1189 5000 8192 0 1000000000
30 90 1484 5000 8192 0 1000000000
233 79 11797 5000 8192 0 1000000000
47 121 2240 5000 8192 0 1000000000
306 27 15643 5000 8192 0 1000000000
155 124 7617 5000 8192 0 1000000000
260 47 13176 5000 8192 0 1000000000
76 195 3834 5000 8192 0 1000000000
80 16 4076 5000 8192 0 1000000000
261 126 13253 5000 8192 0 1000000000
32 98 1619 5000 8192 0 1000000000
69 116 3522 5000 8192 0 1000000000
131 297 6489 5000 8192 0 1000000000
137 299 6706 5000 8192 0 1000000000
295 231 15093 5000 8192 0 1000000000
102 269 4974 5000 8192 0 1000000000
258 102 13060 5000 8192 0 1000000000
240 96 12215 5000 8192 0 1000000000
167 64 8283 5000 8192 0 1000000000
115 143 5570 5000 8192 0 1000000000
32 147 1615 5000 8192 0 1000000000
305 151 15601 5000 8192 0 1000000000
193 225 9539 5000 8192 0 1000000000
0 236 38 5000 8192 0 1000000000
113 170 5462 5000 8192 0 1000000000
284 245 14449 5000 8192 0 1000000000
159 3 7785 5000 8192 0 1000000000
173 61 8528 5000 8192 0 1000000000
17 136 854 5000 8192 0 1000000000
116 104 5623 5000 8192 0 1000000000
183 66 8943 5000 8192 0 1000000000
128 76 6309 5000 8192 0 1000000000
119 153 5811 5000 8192 0 1000000000
209 95 10372 5000 8192 0 1000000000
271 165 13825 5000 8192 0 1000000000
276 221 13989 5000 8192 0 1000000000
297 16 15223 5000 8192 0 1000000000
32 83 1617 5000 8192 0 1000000000
22 290 1130 5000 8192 0 1000000000
204 272 10084 5000 8192 0 1000000000
125 219 6068 5000 8192 0 1000000000
9 8 504 5000 8192 0 1000000000
234 73 11824 5000 8192 0 1000000000
232 221 11711 5000 8192 0 1000000000
152 108 7519 5000 8192 0 1000000000
66 99 3379 5000 8192 0 1000000000
62 23 3106 5000 8192 0 1000000000
101 252 4891 5000 8192 0 1000000000
130 222 6422 5000 8192 0 1000000000
137 255 6744 5000 8192 0 1000000000
126 256 6163 5000 8192 0 1000000000
218 70 10958 5000 8192 0 1000000000
107 37 5080 5000 8192 0 1000000000
293 33 14991 5000 8192 0 1000000000
60 309 2955 5000 8192 0 1000000000
302 50 15379 5000 8192 0 1000000000
67 278 3445 5000 8192 0 1000000000
124 37 6041 5000 8192 0 1000000000
73 145 3753 5000 8192 0 1000000000
167 296 8257 5000 8192 0 1000000000
12 204 519 5000 8192 0 1000000000
319 297 16266 5000 8192 0 1000000000
243 220 12426 5000 8192 0 1000000000
204 203 10122 5000 8192 0 1000000000
284 232 14436 5000 8192 0 1000000000
97 282 4754 5000 8192 0 1000000000
319 65 16283 5000 8192 0 1000000000
288 301 14702 5000 8192 0 1000000000
147 186 7265 5000 8192 0 1000000000
8 255 445 5000 8192 0 1000000000
277 44 14066 5000 8192 0 1000000000
56 13 2701 5000 8192 0 1000000000
65 41 3274 5000 8192 0 1000000000
292 178 14967 5000 8192 0 1000000000
230 30 11547 5000 8192 0 1000000000
305 298 15600 5000 8192 0 1000000000
246 70 12618 5000 8192 0 1000000000
169 27 8385 5000 8192 0 1000000000
306 201 15677 5000 8192 0 1000000000
197 72 9808 5000 8192 0 1000000000
260 158 13200 5000 8192 0 1000000000
31 239 1584 5000 8192 0 1000000000
278 213 14104 5000 8192 0 1000000000
304 237 15530 5000 8192 0 1000000000
202 179 9960 5000 8192 0 1000000000
112 241 5394 5000 8192 0 1000000000
22 273 1103 5000 8192 0 1000000000
147 264 7215 5000 8192 0 1000000000
147 270 7219 5000 8192 0 1000000000
277 69 14056 5000 8192 0 1000000000
297 176 15192 5000 8192 0 1000000000
265 12 13441 5000 8192 0 1000000000
161 310 7932 5000 8192 0 1000000000
78 281 3924 5000 8192 0 1000000000
52 211 2498 5000 8192 0 1000000000
271 242 13837 5000 8192 0 1000000000
64 148 3237 5000 8192 0 1000000000
144 275 7095 5000 8192 0 1000000000
216 279 10817 5000 8192 0 1000000000
110 145 5255 5000 8192 0 1000000000
279 302 14183 5000 8192 0 1000000000
252 93 12849 5000 8192 0 1000000000
75 227 3804 5000 8192 0 1000000000
187 126 9186 5000 8192 0 1000000000
282 69 14371 5000 8192 0 1000000000
219 12 11018 5000 8192 0 1000000000
285 117 14495 5000 8192 0 1000000000
68 291 3491 5000 8192 0 1000000000
244 282 12495 5000 8192 0 1000000000
97 162 4761 5000 8192 0 1000000000
298 149 15253 5000 8192 0 1000000000
39 256 1842 5000 8192 0 1000000000
17 233 871 5000 8192 0 1000000000
55 158 2663 5000 8192 0 1000000000
101 119 4857 5000 8192 0 1000000000
51 55 2427 5000 8192 0 1000000000
238 64 12110 5000 8192 0 1000000000
65 169 3269 5000 8192 0 1000000000
235 212 11888 5000 8192 0 1000000000
270 146 13776 5000 8192 0 1000000000
68 92 3458 5000 8192 0 1000000000
12 70 562 5000 8192 0 1000000000
184 239 9046 5000 8192 0 1000000000
57 298 2771 5000 8192 0 1000000000
226 214 11446 5000 8192 0 1000000000
265 262 13444 5000 8192 0 1000000000
201 295 9942 5000 8192 0 1000000000
241 281 12245 5000 8192 0 1000000000
140 208 6832 5000 8192 0 1000000000
167 58 8240 5000 8192 0 1000000000
271 120 13782 5000 8192 0 1000000000
246 260 12601 5000 8192 0 1000000000
92 143 4643 5000 8192 0 1000000000
30 53 1523 5000 8192 0 1000000000
31 236 1537 5000 8192 0 1000000000
97 145 4739 5000 8192 0 1000000000
206 140 10237 5000 8192 0 1000000000
134 111 6530 5000 8192 0 1000000000
225 138 11369 5000 8192 0 1000000000
129 315 6367 5000 8192 0 1000000000
285 0 14508 5000 8192 0 1000000000
215 34 10737 5000 8192 0 1000000000
195 269 9645 5000 8192 0 1000000000
265 73 13455 5000 8192 0 1000000000
184 307 9026 5000 8192 0 1000000000
54 284 2584 5000 8192 0 1000000000
244 281 12441 5000 8192 0 1000000000
194 30 9603 5000 8192 0 1000000000
30 153 1519 5000 8192 0 1000000000
232 244 11724 5000 8192 0 1000000000
316 156 16170 5000 8192 0 1000000000
118 185 5785 5000 8192 0 1000000000
292 310 14961 5000 8192 0 1000000000
274 239 13941 5000 8192 0 1000000000
116 297 5649 5000 8192 0 1000000000
22 23 1097 5000 8192 0 1000000000
40 56 1906 5000 8192 0 1000000000
79 191 4003 5000 8192 0 1000000000
209 230 10353 5000 8192 0 1000000000
290 33 14807 5000 8192 0 1000000000
232 71 11680 5000 8192 0 1000000000
161 126 7938 5000 8192 0 1000000000
175 255 8632 5000 8192 0 1000000000
150 186 7415 5000 8192 0 1000000000
225 174 11403 5000 8192 0 1000000000
303 60 15469 5000 8192 0 1000000000
244 212 12483 5000 8192 0 1000000000
307 206 15735 5000 8192 0 1000000000
234 169 11803 5000 8192 0 1000000000
45 300 2202 5000 8192 0 1000000000
23 49 1201 5000 8192 0 1000000000
70 297 3585 5000 8192 0 1000000000
203 221 10056 5000 8192 0 1000000000
260 213 13195 5000 8192 0 1000000000
64 267 3228 5000 8192 0 1000000000
40 108 1894 5000 8192 0 1000000000
293 192 15021 5000 8192 0 1000000000
108 139 5120 5000 8192 0 1000000000
313 50 16061 5000 8192 0 1000000000
260 21 13164 5000 8192 0 1000000000
12 134 512 5000 8192 0 1000000000
131 41 6464 5000 8192 0 1000000000
158 210 7731 5000 8192 0 1000000000
85 214 4377 5000 8192 0 1000000000
165 215 8200 5000 8192 0 1000000000
298 224 15283 5000 8192 0 1000000000
270 294 13777 5000 8192 0 1000000000
286 199 14587 5000 8192 0 1000000000
209 136 10387 5000 8192 0 1000000000
240 96 12209 5000 8192 0 1000000000
81 42 4106 5000 8192 0 1000000000
113 306 5446 5000 8192 0 1000000000
176 218 8686 5000 8192 0 1000000000
271 289 13840 5000 8192 0 1000000000
113 31 5465 5000 8192 0 1000000000
300 253 15369 5000 8192 0 1000000000
264 216 13338 5000 8192 0 1000000000
81 47 4116 5000 8192 0 1000000000
229 169 11493 5000 8192 0 1000000000
58 289 2832 5000 8192 0 1000000000
176 177 8716 5000 8192 0 1000000000
196 284 9729 5000 8192 0 1000000000
234 315 11820 5000 8192 0 1000000000
306 316 15673 5000 8192 0 1000000000
173 317 8537 5000 8192 0 1000000000
76 64 3862 5000 8192 0 1000000000
115 119 5563 5000 8192 0 1000000000
281 28 14298 5000 8192 0 1000000000
164 89 8134 5000 8192 0 1000000000
162 153 8020 5000 8192 0 1000000000
274 270 13917 5000 8192 0 1000000000
215 40 10743 5000 8192 0 1000000000
220 216 11054 5000 8192 0 1000000000
95 201 4704 5000 8192 0 1000000000
297 209 15239 5000 8192 0 1000000000
236 285 11935 5000 8192 0 1000000000
300 296 15348 5000 8192 0 1000000000
127 198 6233 5000 8192 0 1000000000
131 190 6449 5000 8192 0 1000000000
312 92 16009 5000 8192 0 1000000000
42 132 2019 5000 8192 0 1000000000
284 129 14470 5000 8192 0 1000000000
165 63 8179 5000 8192 0 1000000000
241 166 12277 5000 8192 0 1000000000
226 29 11458 5000 8192 0 1000000000
306 56 15635 5000 8192 0 1000000000
27 256 1293 5000 8192 0 1000000000
44 10 2131 5000 8192 0 1000000000
189 199 9356 5000 8192 0 1000000000
224 71 11323 5000 8192 0 1000000000
47 307 2281 5000 8192 0 1000000000
259 218 13131 5000 8192 0 1000000000
81 202 4124 5000 8192 0 1000000000
153 228 7575 5000 8192 0 1000000000
246 153 12605 5000 8192 0 1000000000
274 246 13928 5000 8192 0 1000000000
249 144 12799 5000 8192 0 1000000000
23 279 1179 5000 8192 0 1000000000
143 239 7036 5000 8192 0 1000000000
29 231 1438 5000 8192 0 1000000000
309 75 15822 5000 8192 0 1000000000
40 287 1866 5000 8192 0 1000000000
209 107 10390 5000 8192 0 1000000000
172 68 8439 5000 8192 0 1000000000
29 47 1447 5000 8192 0 1000000000
71 145 3683 5000 8192 0 1000000000
300 8 15312 5000 8192 0 1000000000
297 53 15229 5000 8192 0 1000000000
287 304 14628 5000 8192 0 1000000000
248 133 12704 5000 8192 0 1000000000
162 239 8031 5000 8192 0 1000000000
245 319 12509 5000 8192 0 1000000000
44 14 2170 5000 8192 0 1000000000
15 114 713 5000 8192 0 1000000000
73 231 3708 5000 8192 0 1000000000
39 121 1820 5000 8192 0 1000000000
260 230 13187 5000 8192 0 1000000000
274 9 13945 5000 8192 0 1000000000
91 314 4591 5000 8192 0 1000000000
235 103 11864 5000 8192 0 1000000000
262 227 13330 5000 8192 0 1000000000
0 275 47 5000 8192 0 1000000000
238 175 12117 5000 8192 0 1000000000
245 117 12543 5000 8192 0 1000000000
269 12 13699 5000 8192 0 1000000000
272 114 13903 5000 8192 0 1000000000
278 55 14116 5000 8192 0 1000000000
223 142 11255 5000 8192 0 1000000000
304 102 15564 5000 8192 0 1000000000
271 115 13800 5000 8192 0 1000000000
236 133 11956 5000 8192 0 1000000000
288 307 14726 5000 8192 0 1000000000
268 57 13628 5000 8192 0 1000000000
192 311 16394 5000 16777216 1 1000000000
140 282 6833 5000 8192 0 1000000000
8 94 406 5000 8192 0 1000000000
4 254 207 5000 8192 0 1000000000
214 184 10676 5000 8192 0 1000000000
141 312 6898 5000 8192 0 1000000000
196 74 9711 5000 8192 0 1000000000
193 246 9510 5000 8192 0 1000000000
237 177 11991 5000 8192 0 1000000000
155 73 7592 5000 8192 0 1000000000
252 169 12828 5000 8192 0 1000000000
3 196 182 5000 8192 0 1000000000
202 159 10006 5000 8192 0 1000000000
242 24 12328 5000 8192 0 1000000000
83 240 4241 5000 8192 0 1000000000
178 211 8772 5000 8192 0 1000000000
63 77 3134 5000 8192 0 1000000000
141 310 6926 5000 8192 0 1000000000
198 188 9826 5000 8192 0 1000000000
67 120 3397 5000 8192 0 1000000000
63 6 3188 5000 8192 0 1000000000
30 143 1496 5000 8192 0 1000000000
255 267 13009 5000 8192 0 1000000000
224 277 11336 5000 8192 0 1000000000
258 161 13032 5000 8192 0 1000000000
268 95 13595 5000 8192 0 1000000000
109 150 5207 5000 8192 0 1000000000
64 74 3215 5000 8192 0 1000000000
195 252 9666 5000 8192 0 1000000000
222 87 11170 5000 8192 0 1000000000
265 311 13440 5000 8192 0 1000000000
31 239 1594 5000 8192 0 1000000000
124 3 6006 5000 8192 0 1000000000
247 193 12641 5000 8192 0 1000000000
229 180 11504 5000 8192 0 1000000000
147 263 7253 5000 8192 0 1000000000
289 179 14752 5000 8192 0 1000000000
113 30 5431 5000 8192 0 1000000000
161 145 7935 5000 8192 0 1000000000
36 1 1772 5000 8192 0 1000000000
194 267 9613 5000 8192 0 1000000000
259 267 13135 5000 8192 0 1000000000
201 100 9887 5000 8192 0 1000000000
208 30 10324 5000 8192 0 1000000000
278 258 14102 5000 8192 0 1000000000
191 308 9496 5000 8192 0 1000000000
41 120 1930 5000 8192 0 1000000000
156 77 7692 5000 8192 0 1000000000
252 226 12857 5000 8192 0 1000000000
186 51 9158 5000 8192 0 1000000000
142 126 6973 5000 8192 0 1000000000
184 229 9031 5000 8192 0 1000000000
27 301 1310 5000 8192 0 1000000000
265 126 13458 5000 8192 0 1000000000
266 28 13501 5000 8192 0 1000000000
284 53 14417 5000 8192 0 1000000000
259 286 13127 5000 8192 0 1000000000
66 63 3320 5000 8192 0 1000000000
297 36 15217 5000 8192 0 1000000000
15 217 710 5000 8192 0 1000000000
254 260 12946 5000 8192 0 1000000000
148 170 7318 5000 8192 0 1000000000
131 104 6477 5000 8192 0 1000000000
302 268 15399 5000 8192 0 1000000000
70 156 3630 5000 8192 0 1000000000
147 63 7220 5000 8192 0 1000000000
13 109 580 5000 8192 0 1000000000
225 109 11395 5000 8192 0 1000000000
90 236 4476 5000 8192 0 1000000000
297 231 15235 5000 8192 0 1000000000
205 220 10161 5000 8192 0 1000000000
286 292 14549 5000 8192 0 1000000000
102 146 4972 5000 8192 0 1000000000
238 200 12070 5000 8192 0 1000000000
23 162 1195 5000 8192 0 1000000000
296 200 15153 5000 8192 0 1000000000
164 162 8113 5000 8192 0 1000000000
184 275 8998 5000 8192 0 1000000000
246 107 12590 5000 8192 0 1000000000
267 191 13565 5000 8192 0 1000000000
13 76 633 5000 8192 0 1000000000
97 144 4766 5000 8192 0 1000000000
138 186 6807 5000 8192 0 1000000000
29 232 1463 5000 8192 0 1000000000
73 135 3721 5000 8192 0 1000000000
115 303 5584 5000 8192 0 1000000000
28 13 1404 5000 8192 0 1000000000
176 261 8678 5000 8192 0 1000000000
152 312 7498 5000 8192 0 1000000000
252 151 12852 5000 8192 0 1000000000
30 158 1473 5000 8192 0 1000000000
18 57 935 5000 8192 0 1000000000
223 122 11276 5000 8192 0 1000000000
82 169 4168 5000 8192 0 1000000000
315 71 16092 5000 8192 0 1000000000
153 157 7546 5000 8192 0 1000000000
267 88 13582 5000 8192 0 1000000000
222 93 11174 5000 8192 0 1000000000
271 66 13798 5000 8192 0 1000000000
212 76 10552 5000 8192 0 1000000000
297 185 15199 5000 8192 0 1000000000
65 72 3312 5000 8192 0 1000000000
263 11 16378 5000 16777216 1 1000000000
30 26 1525 5000 8192 0 1000000000
29 66 1442 5000 8192 0 1000000000
164 268 8144 5000 8192 0 1000000000
318 293 16234 5000 8192 0 1000000000
165 271 8218 5000 8192 0 1000000000
126 233 6167 5000 8192 0 1000000000
280 32 14276 5000 8192 0 1000000000
212 206 10581 5000 8192 0 1000000000
6 115 257 5000 8192 0 1000000000
270 251 13771 5000 8192 0 1000000000
98 221 4794 5000 8192 0 1000000000
306 172 15667 5000 8192 0 1000000000
290 217 14852 5000 8192 0 1000000000
150 109 7429 5000 8192 0 1000000000
127 66 6227 5000 8192 0 1000000000
232 103 11675 5000 8192 0 1000000000
50 178 2410 5000 8192 0 1000000000
2 144 79 5000 8192 0 1000000000
255 118 12971 5000 8192 0 1000000000
135 103 6624 5000 8192 0 1000000000
55 257 2667 5000 8192 0 1000000000
129 55 6322 5000 8192 0 1000000000
45 264 2200 5000 8192 0 1000000000
113 203 5469 5000 8192 0 1000000000
174 70 8582 5000 8192 0 1000000000
162 55 7984 5000 8192 0 1000000000
126 174 6169 5000 8192 0 1000000000
30 230 1531 5000 8192 0 1000000000
71 38 3696 5000 8192 0 1000000000
305 3 15593 5000 8192 0 1000000000
303 167 15480 5000 8192 0 1000000000
129 213 6378 5000 8192 0 1000000000
198 137 9848 5000 8192 0 1000000000
55 248 2633 5000 8192 0 1000000000
264 82 13348 5000 8192 0 1000000000
2 181 87 5000 8192 0 1000000000
307 47 15695 5000 8192 0 1000000000
219 278 11021 5000 8192 0 1000000000
192 273 16439 5000 16777216 1 1000000000
188 140 9275 5000 8192 0 1000000000
258 10 13022 5000 8192 0 1000000000
107 154 5063 5000 8192 0 1000000000
319 49 16277 5000 8192 0 1000000000
137 299 6749 5000 8192 0 1000000000
222 251 11219 5000 8192 0 1000000000
79 295 4009 5000 8192 0 1000000000
32 117 1626 5000 8192 0 1000000000
225 223 11394 5000 8192 0 1000000000
274 315 13962 5000 8192 0 1000000000
300 125 15344 5000 8192 0 1000000000
7 45 365 5000 8192 0 1000000000
126 265 6130 5000 8192 0 1000000000
158 65 7738 5000 8192 0 1000000000
302 58 15421 5000 8192 0 1000000000
202 108 9953 5000 8192 0 1000000000
44 177 2159 5000 8192 0 1000000000
297 78 15185 5000 8192 0 1000000000
111 131 5319 5000 8192 0 1000000000
111 61 5313 5000 8192 0 1000000000
183 142 8978 5000 8192 0 1000000000
304 227 15537 5000 8192 0 1000000000
68 59 3501 5000 8192 0 1000000000
237 276 12048 5000 8192 0 1000000000
265 51 13446 5000 8192 0 1000000000
8 136 414 5000 8192 0 1000000000
272 197 13898 5000 8192 0 1000000000
62 287 3114 5000 8192 0 1000000000
276 159 14014 5000 8192 0 1000000000
76 227 3880 5000 8192 0 1000000000
54 65 2555 5000 8192 0 1000000000
6 40 286 5000 8192 0 1000000000
127 22 6209 5000 8192 0 1000000000
125 219 6098 5000 8192 0 1000000000
238 117 12074 5000 8192 0 1000000000
184 200 9020 5000 8192 0 1000000000
193 40 9530 5000 8192 0 1000000000
312 73 16002 5000 8192 0 1000000000
62 304 3121 5000 8192 0 1000000000
255 86 12976 5000 8192 0 1000000000
51 29 2440 5000 8192 0 1000000000
289 12 14797 5000 8192 0 1000000000
291 184 14905 5000 8192 0 1000000000
313 113 16059 5000 8192 0 1000000000
76 301 3841 5000 8192 0 1000000000
264 248 13360 5000 8192 0 1000000000
98 47 4817 5000 8192 0 1000000000
175 111 8644 5000 8192 0 1000000000
32 88 1609 5000 8192 0 1000000000
42 64 2029 5000 8192 0 1000000000
98 218 4797 5000 8192 0 1000000000
289 253 14777 5000 8192 0 1000000000
272 109 13905 5000 8192 0 1000000000
52 220 2548 5000 8192 0 1000000000
109 278 5170 5000 8192 0 1000000000
55 1 2662 5000 8192 0 1000000000
61 100 3002 5000 8192 0 1000000000
156 109 7673 5000 8192 0 1000000000
179 297 8850 5000 8192 0 1000000000
164 230 8158 5000 8192 0 1000000000
163 92 8040 5000 8192 0 1000000000
67 205 3426 5000 8192 0 1000000000
319 134 16325 5000 8192 0 1000000000
119 121 5841 5000 8192 0 1000000000
224 302 11290 5000 8192 0 1000000000
241 202 12253 5000 8192 0 1000000000
220 235 11074 5000 8192 0 1000000000
66 208 3357 5000 8192 0 1000000000
217 203 10883 5000 8192 0 1000000000
175 91 8666 5000 8192 0 1000000000
65 46 3270 5000 8192 0 1000000000
104 172 4993 5000 8192 0 1000000000
115 112 5581 5000 8192 0 1000000000
90 18 4508 5000 8192 0 1000000000
286 58 14553 5000 8192 0 1000000000
44 204 2163 5000 8192 0 1000000000
31 148 1533 5000 8192 0 1000000000
191 179 9491 5000 8192 0 1000000000
292 287 14973 5000 8192 0 1000000000
111 286 5350 5000 8192 0 1000000000
138 195 6771 5000 8192 0 1000000000
240 69 12238 5000 8192 0 1000000000
229 219 11526 5000 8192 0 1000000000
84 231 4295 5000 8192 0 1000000000
271 148 13786 5000 8192 0 1000000000
144 18 7091 5000 8192 0 1000000000
225 142 11368 5000 8192 0 1000000000
202 3 9971 5000 8192 0 1000000000
265 150 13442 5000 8192 0 1000000000
80 150 4046 5000 8192 0 1000000000
186 118 9131 5000 8192 0 1000000000
232 69 11692 5000 8192 0 1000000000
318 51 16217 5000 8192 0 1000000000
310 271 15931 5000 8192 0 1000000000
60 71 2983 5000 8192 0 1000000000
318 164 16218 5000 8192 0 1000000000
291 125 14922 5000 8192 0 1000000000
201 69 9939 5000 8192 0 1000000000
215 283 10741 5000 8192 0 1000000000
164 288 8102 5000 8192 0 1000000000
245 304 12521 5000 8192 0 1000000000
29 278 1411 5000 8192 0 1000000000
58 218 2868 5000 8192 0 1000000000
239 258 12143 5000 8192 0 1000000000
268 299 13606 5000 8192 0 1000000000
187 151 9213 5000 8192 0 1000000000
266 113 13519 5000 8192 0 1000000000
246 192 12607 5000 8192 0 1000000000
142 223 6994 5000 8192 0 1000000000
20 53 968 5000 8192 0 1000000000
183 187 8928 5000 8192 0 1000000000
83 4 4227 5000 8192 0 1000000000
292 207 14956 5000 8192 0 1000000000
215 50 10728 5000 8192 0 1000000000
36 120 1749 5000 8192 0 1000000000
174 295 8568 5000 8192 0 1000000000
185 253 9086 5000 8192 0 1000000000
194 185 9571 5000 8192 0 1000000000
248 142 12694 5000 8192 0 1000000000
110 64 5253 5000 8192 0 1000000000
163 133 8038 5000 8192 0 1000000000
64 203 3211 5000 8192 0 1000000000
206 270 10242 5000 8192 0 1000000000
315 168 16078 5000 8192 0 1000000000
241 226 12257 5000 8192 0 1000000000
6 46 271 5000 8192 0 1000000000
65 223 3257 5000 8192 0 1000000000
193 175 9549 5000 8192 0 1000000000
87 310 4430 5000 8192 0 1000000000
28 5 1347 5000 8192 0 1000000000
50 257 2401 5000 8192 0 1000000000
152 111 7501 5000 8192 0 1000000000
235 174 11901 5000 8192 0 1000000000
124 305 6012 5000 8192 0 1000000000
303 262 15454 5000 8192 0 1000000000
226 159 11467 5000 8192 0 1000000000
82 139 4151 5000 8192 0 1000000000
56 36 2724 5000 8192 0 1000000000
274 142 13906 5000 8192 0 1000000000
284 191 14418 5000 8192 0 1000000000
43 74 2080 5000 8192 0 1000000000
295 18 15103 5000 8192 0 1000000000
289 197 14745 5000 8192 0 1000000000
187 123 9205 5000 8192 0 1000000000
28 87 1360 5000 8192 0 1000000000
28 188 1380 5000 8192 0 1000000000
73 121 3748 5000 8192 0 1000000000
297 200 15219 5000 8192 0 1000000000
7 185 371 5000 8192 0 1000000000
115 15 5611 5000 8192 0 1000000000
131 156 6472 5000 8192 0 1000000000
162 179 8023 5000 8192 0 1000000000
36 139 1778 5000 8192 0 1000000000
49 25 2350 5000 8192 0 1000000000
7 230 383 5000 8192 0 1000000000
138 293 6774 5000 8192 0 1000000000
279 254 14168 5000 8192 0 1000000000
149 168 7379 5000 8192 0 1000000000
212 279 10575 5000 8192 0 1000000000
29 132 1460 5000 8192 0 1000000000
288 188 14672 5000 8192 0 1000000000
245 182 12545 5000 8192 0 1000000000
134 78 6526 5000 8192 0 1000000000
284 13 14454 5000 8192 0 1000000000
285 300 14542 5000 8192 0 1000000000
239 121 12144 5000 8192 0 1000000000
181 32 8882 5000 8192 0 1000000000
303 116 15467 5000 8192 0 1000000000
69 199 3526 5000 8192 0 1000000000
241 272 12303 5000 8192 0 1000000000
142 58 7001 5000 8192 0 1000000000
4 45 225 5000 8192 0 1000000000
66 200 3341 5000 8192 0 1000000000
97 134 4724 5000 8192 0 1000000000
213 220 10592 5000 8192 0 1000000000
131 315 6494 5000 8192 0 1000000000
98 184 4836 5000 8192 0 1000000000
304 187 15518 5000 8192 0 1000000000
145 12 7148 5000 8192 0 1000000000
144 264 7105 5000 8192 0 1000000000
289 121 14746 5000 8192 0 1000000000
54 74 2581 5000 8192 0 1000000000
75 19 3820 5000 8192 0 1000000000
194 62 9612 5000 8192 0 1000000000
197 20 9784 5000 8192 0 1000000000
288 263 14707 5000 8192 0 1000000000
239 149 12135 5000 8192 0 1000000000
16 139 792 5000 8192 0 1000000000
281 25 14344 5000 8192 0 1000000000
42 170 2007 5000 8192 0 1000000000
23 250 1178 5000 8192 0 1000000000
66 315 3375 5000 8192 0 1000000000
131 72 6468 5000 8192 0 1000000000
275 96 16370 5000 16777216 1 1000000000
267 151 13546 5000 8192 0 1000000000
6 191 280 5000 8192 0 1000000000
125 147 6118 5000 8192 0 1000000000
178 183 8747 5000 8192 0 1000000000
194 26 9572 5000 8192 0 1000000000
62 194 3075 5000 8192 0 1000000000
242 301 12319 5000 8192 0 1000000000
240 277 12194 5000 8192 0 1000000000
6 187 272 5000 8192 0 1000000000
28 129 1398 5000 8192 0 1000000000
114 278 5550 5000 8192 0 1000000000
134 211 6511 5000 8192 0 1000000000
190 69 9403 5000 8192 0 1000000000
134 60 6557 5000 8192 0 1000000000
161 75 7908 5000 8192 0 1000000000
296 146 15129 5000 8192 0 1000000000
204 294 10129 5000 8192 0 1000000000
318 17 16221 5000 8192 0 1000000000
216 12 10828 5000 8192 0 1000000000
97 19 4755 5000 8192 0 1000000000
43 42 2049 5000 8192 0 1000000000
242 53 12371 5000 8192 0 1000000000
36 271 1782 5000 8192 0 1000000000
234 175 11825 5000 8192 0 1000000000
59 192 2878 5000 8192 0 1000000000
113 16 5485 5000 8192 0 1000000000
262 167 13268 5000 8192 0 1000000000
264 124 13378 5000 8192 0 1000000000
217 91 10877 5000 8192 0 1000000000
223 212 11286 5000 8192 0 1000000000
57 48 2751 5000 8192 0 1000000000
128 184 6292 5000 8192 0 1000000000
261 82 13235 5000 8192 0 1000000000
114 107 5514 5000 8192 0 1000000000
302 216 15407 5000 8192 0 1000000000
108 227 5148 5000 8192 0 1000000000
243 295 12406 5000 8192 0 1000000000
92 195 4656 5000 8192 0 1000000000
292 223 14935 5000 8192 0 1000000000
312 308 15969 5000 8192 0 1000000000
58 0 2846 5000 8192 0 1000000000
123 94 5967 5000 8192 0 1000000000
259 110 13108 5000 8192 0 1000000000
0 144 9 5000 8192 0 1000000000
222 294 11196 5000 8192 0 1000000000
310 16 15923 5000 8192 0 1000000000
295 57 15065 5000 8192 0 1000000000
30 198 1470 5000 8192 0 1000000000
131 146 6466 5000 8192 0 1000000000
32 43 1599 5000 8192 0 1000000000
107 11 5097 5000 8192 0 1000000000
140 226 6877 5000 8192 0 1000000000
254 162 12926 5000 8192 0 1000000000
250 96 16387 5000 16777216 1 1000000000
57 226 2806 5000 8192 0 1000000000
95 160 4694 5000 8192 0 1000000000
124 307 6020 5000 8192 0 1000000000
245 265 12551 5000 8192 0 1000000000
27 10 1318 5000 8192 0 1000000000
37 180 16398 5000 16777216 1 1000000000
95 232 4699 5000 8192 0 1000000000
315 63 16122 5000 8192 0 1000000000
156 27 7661 5000 8192 0 1000000000
62 292 3064 5000 8192 0 1000000000
28 245 1395 5000 8192 0 1000000000
70 200 3598 5000 8192 0 1000000000
258 108 13036 5000 8192 0 1000000000
193 57 9557 5000 8192 0 1000000000
66 183 3369 5000 8192 0 1000000000
206 160 10232 5000 8192 0 1000000000
8 45 386 5000 8192 0 1000000000
164 136 8143 5000 8192 0 1000000000
239 31 12126 5000 8192 0 1000000000
82 210 4207 5000 8192 0 1000000000
47 248 2283 5000 8192 0 1000000000
121 35 5933 5000 8192 0 1000000000
216 91 10832 5000 8192 0 1000000000
116 67 5625 5000 8192 0 1000000000
315 87 16090 5000 8192 0 1000000000
9 22 506 5000 8192 0 1000000000
119 260 5850 5000 8192 0 1000000000
236 300 11974 5000 8192 0 1000000000
57 227 2790 5000 8192 0 1000000000
300 203 15314 5000 8192 0 1000000000
197 108 9767 5000 8192 0 1000000000
73 13 3749 5000 8192 0 1000000000
7 52 344 5000 8192 0 1000000000
309 96 15829 5000 8192 0 1000000000
201 257 9928 5000 8192 0 1000000000
50 106 2397 5000 8192 0 1000000000
217 75 10844 5000 8192 0 1000000000
278 264 14144 5000 8192 0 1000000000
13 301 597 5000 8192 0 1000000000
47 287 2255 5000 8192 0 1000000000
172 204 8451 5000 8192 0 1000000000
142 111 6974 5000 8192 0 1000000000
149 145 7339 5000 8192 0 1000000000
4 191 194 5000 8192 0 1000000000
24 293 1261 5000 8192 0 1000000000
206 177 10245 5000 8192 0 1000000000
155 26 7646 5000 8192 0 1000000000
125 77 6099 5000 8192 0 1000000000
269 229 13668 5000 8192 0 1000000000
24 55 1266 5000 8192 0 1000000000
213 265 10604 5000 8192 0 1000000000
309 121 15877 5000 8192 0 1000000000
229 207 11483 5000 8192 0 1000000000
307 111 15709 5000 8192 0 1000000000
126 285 6135 5000 8192 0 1000000000
266 165 13507 5000 8192 0 1000000000
238 102 12059 5000 8192 0 1000000000
295 133 15058 5000 8192 0 1000000000
283 77 16332 5000 16777216 1 1000000000
111 123 5326 5000 8192 0 1000000000
186 30 9152 5000 8192 0 1000000000
55 161 2628 5000 8192 0 1000000000
190 12 9379 5000 8192 0 1000000000
59 311 2910 5000 8192 0 1000000000
242 158 12359 5000 8192 0 1000000000
198 275 9840 5000 8192 0 1000000000
50 210 2366 5000 8192 0 1000000000
269 21 13691 5000 8192 0 1000000000
176 312 8730 5000 8192 0 1000000000
72 38 16385 5000 16777216 1 1000000000
226 309 11423 5000 8192 0 1000000000
225 69 11370 5000 8192 0 1000000000
302 148 15422 5000 8192 0 1000000000
316 264 16196 5000 8192 0 1000000000
110 212 5290 5000 8192 0 1000000000
131 42 6457 5000 8192 0 1000000000
57 270 2802 5000 8192 0 1000000000
60 207 2999 5000 8192 0 1000000000
61 31 3005 5000 8192 0 1000000000
188 209 9263 5000 8192 0 1000000000
44 177 2117 5000 8192 0 1000000000
282 211 14381 5000 8192 0 1000000000
302 21 15423 5000 8192 0 1000000000
296 130 15139 5000 8192 0 1000000000
226 182 11439 5000 8192 0 1000000000
286 8 14548 5000 8192 0 1000000000
258 201 13063 5000 8192 0 1000000000
297 79 15238 5000 8192 0 1000000000
224 212 11326 5000 8192 0 1000000000
30 59 1503 5000 8192 0 1000000000
109 299 5230 5000 8192 0 1000000000
17 317 889 5000 8192 0 1000000000
29 256 1437 5000 8192 0 1000000000
98 114 4815 5000 8192 0 1000000000
304 46 15562 5000 8192 0 1000000000
29 77 1410 5000 8192 0 1000000000
76 88 3857 5000 8192 0 1000000000
306 150 15650 5000 8192 0 1000000000
17 147 855 5000 8192 0 1000000000
44 129 2148 5000 8192 0 1000000000
129 196 6359 5000 8192 0 1000000000
17 203 851 5000 8192 0 1000000000
32 66 1605 5000 8192 0 1000000000
79 264 3973 5000 8192 0 1000000000
13 168 584 5000 8192 0 1000000000
72 227 16344 5000 16777216 1 1000000000
204 167 10138 5000 8192 0 1000000000
36 268 1725 5000 8192 0 1000000000
57 266 2764 5000 8192 0 1000000000
61 7 3058 5000 8192 0 1000000000
110 310 5243 5000 8192 0 1000000000
300 56 15334 5000 8192 0 1000000000
209 242 10343 5000 8192 0 1000000000
194 243 9583 5000 8192 0 1000000000
9 15 453 5000 8192 0 1000000000
110 38 5259 5000 8192 0 1000000000
70 168 3621 5000 8192 0 1000000000
78 187 3901 5000 8192 0 1000000000
9 11 500 5000 8192 0 1000000000
193 93 9512 5000 8192 0 1000000000
130 203 6420 5000 8192 0 1000000000
186 60 9126 5000 8192 0 1000000000
210 175 10433 5000 8192 0 1000000000
145 216 7158 5000 8192 0 1000000000
183 233 8975 5000 8192 0 1000000000
135 85 6613 5000 8192 0 1000000000
109 3 5217 5000 8192 0 1000000000
282 186 14385 5000 8192 0 1000000000
101 131 4893 5000 8192 0 1000000000
143 236 7061 5000 8192 0 1000000000
112 251 5423 5000 8192 0 1000000000
188 178 9304 5000 8192 0 1000000000
318 8 16223 5000 8192 0 1000000000
280 172 14278 5000 8192 0 1000000000
282 120 14409 5000 8192 0 1000000000
108 241 5144 5000 8192 0 1000000000
167 179 8288 5000 8192 0 1000000000
57 308 2746 5000 8192 0 1000000000
131 245 6482 5000 8192 0 1000000000
36 99 1750 5000 8192 0 1000000000
319 112 16300 5000 8192 0 1000000000
20 9 991 5000 8192 0 1000000000
222 121 11209 5000 8192 0 1000000000
162 280 8006 5000 8192 0 1000000000
186 131 9150 5000 8192 0 1000000000
212 156 10561 5000 8192 0 1000000000
217 197 10860 5000 8192 0 1000000000
54 16 2603 5000 8192 0 1000000000
310 79 15892 5000 8192 0 1000000000
169 153 8381 5000 8192 0 1000000000
135 230 6580 5000 8192 0 1000000000
288 186 14722 5000 8192 0 1000000000
196 219 9747 5000 8192 0 1000000000
110 227 5248 5000 8192 0 1000000000
162 86 7972 5000 8192 0 1000000000
287 16 14646 5000 8192 0 1000000000
109 171 5194 5000 8192 0 1000000000
163 12 8084 5000 8192 0 1000000000
42 147 1986 5000 8192 0 1000000000
219 32 10992 5000 8192 0 1000000000
41 153 1926 5000 8192 0 1000000000
300 181 15335 5000 8192 0 1000000000
265 224 13422 5000 8192 0 1000000000
203 72 10031 5000 8192 0 1000000000
247 142 12660 5000 8192 0 1000000000
50 181 2390 5000 8192 0 1000000000
260 203 13163 5000 8192 0 1000000000
303 273 15459 5000 8192 0 1000000000
70 175 3590 5000 8192 0 1000000000
67 278 3422 5000 8192 0 1000000000
175 177 8659 5000 8192 0 1000000000
49 145 2362 5000 8192 0 1000000000
286 128 14596 5000 8192 0 1000000000
214 318 10675 5000 8192 0 1000000000
137 133 6748 5000 8192 0 1000000000
50 253 2424 5000 8192 0 1000000000
39 203 1805 5000 8192 0 1000000000
223 60 11242 5000 8192 0 1000000000
267 203 13585 5000 8192 0 1000000000
121 152 5873 5000 8192 0 1000000000
79 133 4013 5000 8192 0 1000000000
277 34 14041 5000 8192 0 1000000000
214 116 10689 5000 8192 0 1000000000
210 122 10407 5000 8192 0 1000000000
12 37 556 5000 8192 0 1000000000
293 139 15010 5000 8192 0 1000000000
248 194 12727 5000 8192 0 1000000000
305 53 15592 5000 8192 0 1000000000
87 14 4412 5000 8192 0 1000000000
20 109 980 5000 8192 0 1000000000
18 274 957 5000 8192 0 1000000000
73 127 3757 5000 8192 0 1000000000
195 228 9692 5000 8192 0 1000000000
184 54 9016 5000 8192 0 1000000000
152 124 7468 5000 8192 0 1000000000
127 183 6192 5000 8192 0 1000000000
291 179 14869 5000 8192 0 1000000000
52 265 2536 5000 8192 0 1000000000
176 295 8729 5000 8192 0 1000000000
8 315 428 5000 8192 0 1000000000
304 88 15506 5000 8192 0 1000000000
64 181 3193 5000 8192 0 1000000000
147 40 7210 5000 8192 0 1000000000
159 219 7792 5000 8192 0 1000000000
232 287 11730 5000 8192 0 1000000000
175 176 8655 5000 8192 0 1000000000
70 230 3618 5000 8192 0 1000000000
40 219 1893 5000 8192 0 1000000000
144 66 7116 5000 8192 0 1000000000
319 66 16304 5000 8192 0 1000000000
308 105 15781 5000 8192 0 1000000000
172 197 8419 5000 8192 0 1000000000
102 311 4935 5000 8192 0 1000000000
243 193 12377 5000 8192 0 1000000000
129 76 6340 5000 8192 0 1000000000
158 39 7748 5000 8192 0 1000000000
137 9 6761 5000 8192 0 1000000000
232 152 11721 5000 8192 0 1000000000
194 88 9606 5000 8192 0 1000000000
219 91 10987 5000 8192 0 1000000000
165 76 8193 5000 8192 0 1000000000
282 99 14354 5000 8192 0 1000000000
318 97 16249 5000 8192 0 1000000000
52 172 2514 5000 8192 0 1000000000
286 186 14563 5000 8192 0 1000000000
208 111 10313 5000 8192 0 1000000000
84 124 4331 5000 8192 0 1000000000
80 6 4078 5000 8192 0 1000000000
288 243 14696 5000 8192 0 1000000000
137 280 6711 5000 8192 0 1000000000
12 314 553 5000 8192 0 1000000000
12 199 537 5000 8192 0 1000000000
312 272 15957 5000 8192 0 1000000000
75 26 3765 5000 8192 0 1000000000
230 203 11588 5000 8192 0 1000000000
240 204 12206 5000 8192 0 1000000000
215 202 10735 5000 8192 0 1000000000
164 205 8106 5000 8192 0 1000000000
114 116 5490 5000 8192 0 1000000000
168 98 8346 5000 8192 0 1000000000
4 142 212 5000 8192 0 1000000000
289 217 14753 5000 8192 0 1000000000
58 290 2838 5000 8192 0 1000000000
222 156 11185 5000 8192 0 1000000000
90 111 4518 5000 8192 0 1000000000
159 214 7839 5000 8192 0 1000000000
75 98 3783 5000 8192 0 1000000000
49 274 2304 5000 8192 0 1000000000
307 46 15733 5000 8192 0 1000000000
173 148 8508 5000 8192 0 1000000000
258 261 13026 5000 8192 0 1000000000
235 190 11918 5000 8192 0 1000000000
219 266 11025 5000 8192 0 1000000000
97 181 4758 5000 8192 0 1000000000
214 24 10656 5000 8192 0 1000000000
221 39 11133 5000 8192 0 1000000000
242 257 12309 5000 8192 0 1000000000
49 180 2340 5000 8192 0 1000000000
121 244 5909 5000 8192 0 1000000000
270 260 13746 5000 8192 0 1000000000
184 261 9011 5000 8192 0 1000000000
213 23 10648 5000 8192 0 1000000000
218 118 10946 5000 8192 0 1000000000
293 117 15043 5000 8192 0 1000000000
140 129 6886 5000 8192 0 1000000000
169 291 8409 5000 8192 0 1000000000
29 229 1457 5000 8192 0 1000000000
144 125 7128 5000 8192 0 1000000000
236 5 11975 5000 8192 0 1000000000
300 216 15321 5000 8192 0 1000000000
21 250 1067 5000 8192 0 1000000000
194 13 9595 5000 8192 0 1000000000
255 258 12987 5000 8192 0 1000000000
191 252 9451 5000 8192 0 1000000000
2 239 86 5000 8192 0 1000000000
65 88 3283 5000 8192 0 1000000000
83 68 4226 5000 8192 0 1000000000
61 280 3023 5000 8192 0 1000000000
152 270 7520 5000 8192 0 1000000000
55 148 2638 5000 8192 0 1000000000
262 213 13306 5000 8192 0 1000000000
242 163 12354 5000 8192 0 1000000000
32 103 1616 5000 8192 0 1000000000
9 179 492 5000 8192 0 1000000000
150 45 7450 5000 8192 0 1000000000
245 56 12520 5000 8192 0 1000000000
21 39 1052 5000 8192 0 1000000000
73 37 3717 5000 8192 0 1000000000
234 246 11856 5000 8192 0 1000000000
80 42 4048 5000 8192 0 1000000000
61 147 3032 5000 8192 0 1000000000
178 313 8766 5000 8192 0 1000000000
18 222 901 5000 8192 0 1000000000
131 124 6487 5000 8192 0 1000000000
236 55 11980 5000 8192 0 1000000000
159 91 7822 5000 8192 0 1000000000
209 67 10348 5000 8192 0 1000000000
121 304 5879 5000 8192 0 1000000000
230 35 11594 5000 8192 0 1000000000
179 214 8800 5000 8192 0 1000000000
102 236 4945 5000 8192 0 1000000000
190 181 9384 5000 8192 0 1000000000
304 210 15511 5000 8192 0 1000000000
79 63 3996 5000 8192 0 1000000000
308 261 15805 5000 8192 0 1000000000
79 156 3986 5000 8192 0 1000000000
303 174 15443 5000 8192 0 1000000000
231 52 11612 5000 8192 0 1000000000
287 96 14661 5000 8192 0 1000000000
151 299 16434 5000 16777216 1 1000000000
181 0 8919 5000 8192 0 1000000000
149 60 7340 5000 8192 0 1000000000
258 249 13069 5000 8192 0 1000000000
113 141 5444 5000 8192 0 1000000000
168 16 8296 5000 8192 0 1000000000
244 69 12493 5000 8192 0 1000000000
310 244 15886 5000 8192 0 1000000000
247 274 12632 5000 8192 0 1000000000
281 186 14310 5000 8192 0 1000000000
191 12 9461 5000 8192 0 1000000000
243 126 12419 5000 8192 0 1000000000
278 165 14113 5000 8192 0 1000000000
36 295 1739 5000 8192 0 1000000000
201 185 9922 5000 8192 0 1000000000
254 173 12916 5000 8192 0 1000000000
135 118 6621 5000 8192 0 1000000000
247 71 12679 5000 8192 0 1000000000
90 112 4522 5000 8192 0 1000000000
214 252 10706 5000 8192 0 1000000000
264 268 13347 5000 8192 0 1000000000
279 105 14179 5000 8192 0 1000000000
295 19 15087 5000 8192 0 1000000000
313 298 16065 5000 8192 0 1000000000
41 230 1929 5000 8192 0 1000000000
318 170 16240 5000 8192 0 1000000000
310 228 15933 5000 8192 0 1000000000
233 170 11775 5000 8192 0 1000000000
61 10 3026 5000 8192 0 1000000000
117 76 5732 5000 8192 0 1000000000
21 178 1054 5000 8192 0 1000000000
186 133 9167 5000 8192 0 1000000000
217 8 10889 5000 8192 0 1000000000
269 17 13701 5000 8192 0 1000000000
2 97 68 5000 8192 0 1000000000
136 60 6642 5000 8192 0 1000000000
282 188 14392 5000 8192 0 1000000000
195 166 9670 5000 8192 0 1000000000
138 239 6814 5000 8192 0 1000000000
222 148 11188 5000 8192 0 1000000000
202 288 9948 5000 8192 0 1000000000
184 234 9050 5000 8192 0 1000000000
165 107 8204 5000 8192 0 1000000000
16 170 780 5000 8192 0 1000000000
7 27 373 5000 8192 0 1000000000
189 129 9335 5000 8192 0 1000000000
167 161 8272 5000 8192 0 1000000000
261 48 13210 5000 8192 0 1000000000
282 172 14386 5000 8192 0 1000000000
163 3 8036 5000 8192 0 1000000000
112 7 5392 5000 8192 0 1000000000
8 184 391 5000 8192 0 1000000000
175 274 8624 5000 8192 0 1000000000
319 244 16287 5000 8192 0 1000000000
259 205 13113 5000 8192 0 1000000000
234 301 11809 5000 8192 0 1000000000
107 19 5046 5000 8192 0 1000000000
203 212 10055 5000 8192 0 1000000000
185 34 9087 5000 8192 0 1000000000
70 111 3629 5000 8192 0 1000000000
212 275 10577 5000 8192 0 1000000000
150 118 7461 5000 8192 0 1000000000
81 200 4146 5000 8192 0 1000000000
66 151 3366 5000 8192 0 1000000000
213 249 10629 5000 8192 0 1000000000
306 178 15675 5000 8192 0 1000000000
214 86 10668 5000 8192 0 1000000000
278 317 14142 5000 8192 0 1000000000
118 220 5789 5000 8192 0 1000000000
219 273 10979 5000 8192 0 1000000000
117 113 5740 5000 8192 0 1000000000
220 120 11090 5000 8192 0 1000000000
206 103 10267 5000 8192 0 1000000000
216 72 10806 5000 8192 0 1000000000
107 138 5101 5000 8192 0 1000000000
107 2 5064 5000 8192 0 1000000000
218 254 10927 5000 8192 0 1000000000
201 87 9919 5000 8192 0 1000000000
173 299 8497 5000 8192 0 1000000000
116 268 5661 5000 8192 0 1000000000
173 242 8485 5000 8192 0 1000000000
142 273 6997 5000 8192 0 1000000000
2 102 127 5000 8192 0 1000000000
290 162 14811 5000 8192 0 1000000000
306 319 15672 5000 8192 0 1000000000
184 43 8993 5000 8192 0 1000000000
185 230 9064 5000 8192 0 1000000000
159 56 7807 5000 8192 0 1000000000
245 224 12516 5000 8192 0 1000000000
111 37 5309 5000 8192 0 1000000000
69 298 3573 5000 8192 0 1000000000
279 261 14193 5000 8192 0 1000000000
114 64 5504 5000 8192 0 1000000000
236 92 11961 5000 8192 0 1000000000
203 2 10033 5000 8192 0 1000000000
249 87 12761 5000 8192 0 1000000000
271 95 13810 5000 8192 0 1000000000
186 53 9177 5000 8192 0 1000000000
83 143 4245 5000 8192 0 1000000000
124 143 6030 5000 8192 0 1000000000
211 21 10491 5000 8192 0 1000000000
104 98 5019 5000 8192 0 1000000000
76 165 3876 5000 8192 0 1000000000
111 234 5329 5000 8192 0 1000000000
188 117 9303 5000 8192 0 1000000000
65 186 3273 5000 8192 0 1000000000
75 28 3821 5000 8192 0 1000000000
244 229 12487 5000 8192 0 1000000000
52 254 2505 5000 8192 0 1000000000
316 261 16190 5000 8192 0 1000000000
179 206 8844 5000 8192 0 1000000000
68 105 3502 5000 8192 0 1000000000
237 89 12031 5000 8192 0 1000000000
306 203 15644 5000 8192 0 1000000000
4 300 193 5000 8192 0 1000000000
193 286 9562 5000 8192 0 1000000000
235 36 11908 5000 8192 0 1000000000
258 247 13044 5000 8192 0 1000000000
208 54 10302 5000 8192 0 1000000000
220 20 11060 5000 8192 0 1000000000
310 34 15930 5000 8192 0 1000000000
266 118 13461 5000 8192 0 1000000000
163 239 8076 5000 8192 0 1000000000
57 84 2752 5000 8192 0 1000000000
241 151 12263 5000 8192 0 1000000000
206 18 10215 5000 8192 0 1000000000
272 212 13857 5000 8192 0 1000000000
279 117 14214 5000 8192 0 1000000000
319 23 16274 5000 8192 0 1000000000
308 240 15758 5000 8192 0 1000000000
319 309 16313 5000 8192 0 1000000000
255 126 12975 5000 8192 0 1000000000
110 20 5261 5000 8192 0 1000000000
75 234 3810 5000 8192 0 1000000000
42 139 2035 5000 8192 0 1000000000
49 23 2311 5000 8192 0 1000000000
14 168 686 5000 8192 0 1000000000
30 304 1515 5000 8192 0 1000000000
152 86 7515 5000 8192 0 1000000000
138 255 6823 5000 8192 0 1000000000
51 112 2477 5000 8192 0 1000000000
289 148 14744 5000 8192 0 1000000000
210 14 10450 5000 8192 0 1000000000
205 185 10163 5000 8192 0 1000000000
270 35 13716 5000 8192 0 1000000000
226 199 11463 5000 8192 0 1000000000
18 170 947 5000 8192 0 1000000000
2 175 125 5000 8192 0 1000000000
292 195 14934 5000 8192 0 1000000000
270 177 13736 5000 8192 0 1000000000
12 48 536 5000 8192 0 1000000000
267 286 13544 5000 8192 0 1000000000
265 79 13424 5000 8192 0 1000000000
242 124 12362 5000 8192 0 1000000000
147 138 7240 5000 8192 0 1000000000
9 95 496 5000 8192 0 1000000000
306 43 15665 5000 8192 0 1000000000
222 39 11191 5000 8192 0 1000000000
296 101 15182 5000 8192 0 1000000000
61 236 3055 5000 8192 0 1000000000
121 225 5912 5000 8192 0 1000000000
287 165 14647 5000 8192 0 1000000000
62 266 3111 5000 8192 0 1000000000
143 256 7073 5000 8192 0 1000000000
279 38 14191 5000 8192 0 1000000000
60 36 2973 5000 8192 0 1000000000
280 228 14232 5000 8192 0 1000000000
17 35 875 5000 8192 0 1000000000
295 48 15101 5000 8192 0 1000000000
18 134 912 5000 8192 0 1000000000
189 236 9365 5000 8192 0 1000000000
306 252 15674 5000 8192 0 1000000000
80 0 4020 5000 8192 0 1000000000
281 18 14329 5000 8192 0 1000000000
198 251 9839 5000 8192 0 1000000000
108 161 5121 5000 8192 0 1000000000
54 150 2559 5000 8192 0 1000000000
6 48 269 5000 8192 0 1000000000
23 92 1193 5000 8192 0 1000000000
44 97 2153 5000 8192 0 1000000000
203 31 10050 5000 8192 0 1000000000
189 64 9360 5000 8192 0 1000000000
111 142 5308 5000 8192 0 1000000000
111 171 5356 5000 8192 0 1000000000
17 247 872 5000 8192 0 1000000000
129 251 6349 5000 8192 0 1000000000
54 282 2576 5000 8192 0 1000000000
234 123 11837 5000 8192 0 1000000000
29 125 1412 5000 8192 0 1000000000
217 184 10902 5000 8192 0 1000000000
211 117 10521 5000 8192 0 1000000000
13 284 624 5000 8192 0 1000000000
107 204 5057 5000 8192 0 1000000000
313 106 16073 5000 8192 0 1000000000
242 6 12343 5000 8192 0 1000000000
290 23 14801 5000 8192 0 1000000000
27 66 1328 5000 8192 0 1000000000
155 93 7613 5000 8192 0 1000000000
289 34 14756 5000 8192 0 1000000000
198 310 9843 5000 8192 0 1000000000
185 54 9092 5000 8192 0 1000000000
168 213 8312 5000 8192 0 1000000000
114 195 5489 5000 8192 0 1000000000
152 16 7497 5000 8192 0 1000000000
203 194 10051 5000 8192 0 1000000000
84 35 4297 5000 8192 0 1000000000
194 107 9575 5000 8192 0 1000000000
176 92 8692 5000 8192 0 1000000000
23 267 1160 5000 8192 0 1000000000
52 262 2503 5000 8192 0 1000000000
90 64 4520 5000 8192 0 1000000000
308 162 15768 5000 8192 0 1000000000
183 82 8976 5000 8192 0 1000000000
79 61 3965 5000 8192 0 1000000000
310 203 15936 5000 8192 0 1000000000
189 261 9354 5000 8192 0 1000000000
164 218 8104 5000 8192 0 1000000000
54 56 2601 5000 8192 0 1000000000
108 70 5136 5000 8192 0 1000000000
42 215 2022 5000 8192 0 1000000000
43 221 2098 5000 8192 0 1000000000
68 280 3475 5000 8192 0 1000000000
254 233 12924 5000 8192 0 1000000000
28 187 1372 5000 8192 0 1000000000
61 214 3016 5000 8192 0 1000000000
196 27 9742 5000 8192 0 1000000000
121 52 5884 5000 8192 0 1000000000
59 205 2927 5000 8192 0 1000000000
101 220 4858 5000 8192 0 1000000000
267 265 13533 5000 8192 0 1000000000
156 47 7707 5000 8192 0 1000000000
198 227 9878 5000 8192 0 1000000000
57 115 2754 5000 8192 0 1000000000
308 314 15815 5000 8192 0 1000000000
61 140 3057 5000 8192 0 1000000000
293 203 15036 5000 8192 0 1000000000
193 110 9550 5000 8192 0 1000000000
126 277 6141 5000 8192 0 1000000000
140 250 6860 5000 8192 0 1000000000
125 25 6126 5000 8192 0 1000000000
82 289 4170 5000 8192 0 1000000000
95 319 4691 5000 8192 0 1000000000
235 76 11921 5000 8192 0 1000000000
150 172 7416 5000 8192 0 1000000000
183 243 8980 5000 8192 0 1000000000
167 4 8265 5000 8192 0 1000000000
235 189 11903 5000 8192 0 1000000000
186 58 9124 5000 8192 0 1000000000
185 239 9069 5000 8192 0 1000000000
61 211 3054 5000 8192 0 1000000000
138 238 6822 5000 8192 0 1000000000
238 257 12064 5000 8192 0 1000000000
20 206 1002 5000 8192 0 1000000000
49 113 2349 5000 8192 0 1000000000
75 158 3825 5000 8192 0 1000000000
246 188 12581 5000 8192 0 1000000000
281 264 14326 5000 8192 0 1000000000
81 225 4112 5000 8192 0 1000000000
216 279 10835 5000 8192 0 1000000000
296 293 15133 5000 8192 0 1000000000
239 141 12152 5000 8192 0 1000000000
30 31 1468 5000 8192 0 1000000000
80 52 4030 5000 8192 0 1000000000
231 24 11643 5000 8192 0 1000000000
56 311 2715 5000 8192 0 1000000000
24 106 1249 5000 8192 0 1000000000
64 129 3255 5000 8192 0 1000000000
219 41 11022 5000 8192 0 1000000000
288 227 14724 5000 8192 0 1000000000
69 315 3572 5000 8192 0 1000000000
12 302 563 5000 8192 0 1000000000
110 52 5252 5000 8192 0 1000000000
271 291 13784 5000 8192 0 1000000000
243 319 12414 5000 8192 0 1000000000
215 281 10750 5000 8192 0 1000000000
123 28 5976 5000 8192 0 1000000000
150 101 7402 5000 8192 0 1000000000
127 189 6253 5000 8192 0 1000000000
185 267 9107 5000 8192 0 1000000000
0 146 61 5000 8192 0 1000000000
61 63 3009 5000 8192 0 1000000000
104 130 5028 5000 8192 0 1000000000
248 243 12717 5000 8192 0 1000000000
58 293 2808 5000 8192 0 1000000000
240 121 12193 5000 8192 0 1000000000
110 6 5249 5000 8192 0 1000000000
293 151 14992 5000 8192 0 1000000000
310 147 15941 5000 8192 0 1000000000
188 72 9271 5000 8192 0 1000000000
143 240 7043 5000 8192 0 1000000000
114 252 5521 5000 8192 0 1000000000
185 218 9103 5000 8192 0 1000000000
32 1 1637 5000 8192 0 1000000000
293 229 15028 5000 8192 0 1000000000
9 254 457 5000 8192 0 1000000000
110 88 5269 5000 8192 0 1000000000
102 305 4938 5000 8192 0 1000000000
295 112 15068 5000 8192 0 1000000000
222 235 11178 5000 8192 0 1000000000
274 117 13937 5000 8192 0 1000000000
126 255 6144 5000 8192 0 1000000000
3 8 186 5000 8192 0 1000000000
163 81 8051 5000 8192 0 1000000000
286 33 14588 5000 8192 0 1000000000
29 210 1436 5000 8192 0 1000000000
28 122 1392 5000 8192 0 1000000000
148 261 7299 5000 8192 0 1000000000
319 264 16272 5000 8192 0 1000000000
242 311 12341 5000 8192 0 1000000000
52 206 2518 5000 8192 0 1000000000
184 27 9045 5000 8192 0 1000000000
50 107 2404 5000 8192 0 1000000000
249 31 12810 5000 8192 0 1000000000
52 28 2519 5000 8192 0 1000000000
81 45 4137 5000 8192 0 1000000000
162 255 8015 5000 8192 0 1000000000
306 41 15659 5000 8192 0 1000000000
292 154 14948 5000 8192 0 1000000000
224 22 11327 5000 8192 0 1000000000
123 13 5956 5000 8192 0 1000000000
90 274 4493 5000 8192 0 1000000000
39 6 1814 5000 8192 0 1000000000
246 39 12624 5000 8192 0 1000000000
42 94 2014 5000 8192 0 1000000000
150 180 7420 5000 8192 0 1000000000
75 11 3807 5000 8192 0 1000000000
111 185 5330 5000 8192 0 1000000000
205 97 10168 5000 8192 0 1000000000
108 210 5126 5000 8192 0 1000000000
61 36 3021 5000 8192 0 1000000000
205 66 10147 5000 8192 0 1000000000
62 271 3126 5000 8192 0 1000000000
316 157 16173 5000 8192 0 1000000000
97 294 4749 5000 8192 0 1000000000
244 282 12474 5000 8192 0 1000000000
193 225 9523 5000 8192 0 1000000000
214 296 10697 5000 8192 0 1000000000
215 85 10744 5000 8192 0 1000000000
185 69 9075 5000 8192 0 1000000000
306 237 15681 5000 8192 0 1000000000
163 1 8067 5000 8192 0 1000000000
164 222 8108 5000 8192 0 1000000000
181 272 8886 5000 8192 0 1000000000
12 257 527 5000 8192 0 1000000000
302 74 15377 5000 8192 0 1000000000
165 313 8185 5000 8192 0 1000000000
289 81 14742 5000 8192 0 1000000000
196 147 9700 5000 8192 0 1000000000
261 217 13242 5000 8192 0 1000000000
288 61 14684 5000 8192 0 1000000000
260 107 13156 5000 8192 0 1000000000
179 48 8855 5000 8192 0 1000000000
83 151 4230 5000 8192 0 1000000000
51 12 2446 5000 8192 0 1000000000
205 51 10188 5000 8192 0 1000000000
119 316 5852 5000 8192 0 1000000000
67 169 3383 5000 8192 0 1000000000
131 246 6455 5000 8192 0 1000000000
318 29 16251 5000 8192 0 1000000000
282 2 14402 5000 8192 0 1000000000
231 213 11657 5000 8192 0 1000000000
21 121 1080 5000 8192 0 1000000000
163 301 8094 5000 8192 0 1000000000
136 282 6664 5000 8192 0 1000000000
66 3 3370 5000 8192 0 1000000000
267 5 13557 5000 8192 0 1000000000
204 255 10088 5000 8192 0 1000000000
218 280 10959 5000 8192 0 1000000000
58 216 2809 5000 8192 0 1000000000
126 21 6140 5000 8192 0 1000000000
293 208 15037 5000 8192 0 1000000000
101 38 4907 5000 8192 0 1000000000
6 169 310 5000 8192 0 1000000000
300 256 15354 5000 8192 0 1000000000
126 131 6146 5000 8192 0 1000000000
43 10 2053 5000 8192 0 1000000000
27 153 1291 5000 8192 0 1000000000
296 133 15121 5000 8192 0 1000000000
83 214 4220 5000 8192 0 1000000000
259 247 13119 5000 8192 0 1000000000
142 19 6972 5000 8192 0 1000000000
261 294 13204 5000 8192 0 1000000000
16 177 789 5000 8192 0 1000000000
18 9 907 5000 8192 0 1000000000
181 244 8895 5000 8192 0 1000000000
155 136 7619 5000 8192 0 1000000000
316 136 16167 5000 8192 0 1000000000
80 24 4066 5000 8192 0 1000000000
17 173 884 5000 8192 0 1000000000
231 111 11608 5000 8192 0 1000000000
98 316 4824 5000 8192 0 1000000000
23 191 1194 5000 8192 0 1000000000
204 10 10079 5000 8192 0 1000000000
305 128 15604 5000 8192 0 1000000000
318 112 16242 5000 8192 0 1000000000
112 258 5418 5000 8192 0 1000000000
31 222 1563 5000 8192 0 1000000000
104 250 5015 5000 8192 0 1000000000
302 244 15404 5000 8192 0 1000000000
267 170 13548 5000 8192 0 1000000000
208 65 10293 5000 8192 0 1000000000
12 214 514 5000 8192 0 1000000000
9 264 502 5000 8192 0 1000000000
305 106 15565 5000 8192 0 1000000000
161 169 7916 5000 8192 0 1000000000
92 46 4621 5000 8192 0 1000000000
124 312 6010 5000 8192 0 1000000000
130 76 6387 5000 8192 0 1000000000
116 290 5672 5000 8192 0 1000000000
176 235 8684 5000 8192 0 1000000000
223 112 11254 5000 8192 0 1000000000
113 146 5433 5000 8192 0 1000000000
24 191 1273 5000 8192 0 1000000000
272 215 13891 5000 8192 0 1000000000
45 127 2204 5000 8192 0 1000000000
45 88 2225 5000 8192 0 1000000000
14 274 642 5000 8192 0 1000000000
69 304 3534 5000 8192 0 1000000000
313 57 16023 5000 8192 0 1000000000
141 268 6897 5000 8192 0 1000000000
55 264 2648 5000 8192 0 1000000000
23 146 1197 5000 8192 0 1000000000
269 126 13667 5000 8192 0 1000000000
95 38 4688 5000 8192 0 1000000000
117 46 5733 5000 8192 0 1000000000
42 294 2040 5000 8192 0 1000000000
226 51 11418 5000 8192 0 1000000000
186 314 9148 5000 8192 0 1000000000
54 134 2608 5000 8192 0 1000000000
233 298 11739 5000 8192 0 1000000000
55 19 2666 5000 8192 0 1000000000
232 105 11697 5000 8192 0 1000000000
218 280 10920 5000 8192 0 1000000000
97 166 4774 5000 8192 0 1000000000
303 149 15490 5000 8192 0 1000000000
305 306 15626 5000 8192 0 1000000000
261 297 13220 5000 8192 0 1000000000
285 25 14519 5000 8192 0 1000000000
153 312 7580 5000 8192 0 1000000000
82 260 4148 5000 8192 0 1000000000
316 106 16162 5000 8192 0 1000000000
113 300 5452 5000 8192 0 1000000000
242 156 12334 5000 8192 0 1000000000
169 128 8403 5000 8192 0 1000000000
302 218 15378 5000 8192 0 1000000000
196 68 9701 5000 8192 0 1000000000
128 43 6316 5000 8192 0 1000000000
223 90 11258 5000 8192 0 1000000000
121 179 5929 5000 8192 0 1000000000
267 305 13586 5000 8192 0 1000000000
298 309 15277 5000 8192 0 1000000000
123 35 5966 5000 8192 0 1000000000
277 88 14062 5000 8192 0 1000000000
59 229 2932 5000 8192 0 1000000000
137 251 6716 5000 8192 0 1000000000
266 115 13497 5000 8192 0 1000000000
226 269 11470 5000 8192 0 1000000000
223 133 11265 5000 8192 0 1000000000
0 275 20 5000 8192 0 1000000000
6 96 275 5000 8192 0 1000000000
249 210 12813 5000 8192 0 1000000000
80 167 4050 5000 8192 0 1000000000
189 144 9346 5000 8192 0 1000000000
165 201 8217 5000 8192 0 1000000000
270 164 13750 5000 8192 0 1000000000
289 283 14770 5000 8192 0 1000000000
119 66 5820 5000 8192 0 1000000000
42 195 1989 5000 8192 0 1000000000
268 12 13592 5000 8192 0 1000000000
93 100 16411 5000 16777216 1 1000000000
13 165 589 5000 8192 0 1000000000
204 123 10119 5000 8192 0 1000000000
230 288 11558 5000 8192 0 1000000000
55 12 2617 5000 8192 0 1000000000
208 223 10285 5000 8192 0 1000000000
47 4 2243 5000 8192 0 1000000000
315 34 16137 5000 8192 0 1000000000
270 97 13739 5000 8192 0 1000000000
111 48 5357 5000 8192 0 1000000000
116 206 5664 5000 8192 0 1000000000
221 216 11112 5000 8192 0 1000000000
101 48 4854 5000 8192 0 1000000000
297 105 15221 5000 8192 0 1000000000
310 48 15888 5000 8192 0 1000000000
315 283 16126 5000 8192 0 1000000000
315 305 16134 5000 8192 0 1000000000
286 297 14552 5000 8192 0 1000000000
13 273 637 5000 8192 0 1000000000
90 299 4516 5000 8192 0 1000000000
73 131 3759 5000 8192 0 1000000000
83 40 4264 5000 8192 0 1000000000
43 103 2065 5000 8192 0 1000000000
73 78 3744 5000 8192 0 1000000000
318 109 16230 5000 8192 0 1000000000
116 213 5669 5000 8192 0 1000000000
269 173 13705 5000 8192 0 1000000000
59 117 2907 5000 8192 0 1000000000
216 27 10811 5000 8192 0 1000000000
308 138 15782 5000 8192 0 1000000000
116 310 5635 5000 8192 0 1000000000
189 27 9347 5000 8192 0 1000000000
159 63 7789 5000 8192 0 1000000000
66 48 3355 5000 8192 0 1000000000
91 53 4547 5000 8192 0 1000000000
131 180 6473 5000 8192 0 1000000000
244 28 12484 5000 8192 0 1000000000
61 35 3017 5000 8192 0 1000000000
8 214 424 5000 8192 0 1000000000
210 146 10458 5000 8192 0 1000000000
289 170 14748 5000 8192 0 1000000000
126 180 6157 5000 8192 0 1000000000
35 186 1689 5000 8192 0 1000000000
76 74 3863 5000 8192 0 1000000000
293 9 15042 5000 8192 0 1000000000
36 241 1756 5000 8192 0 1000000000
4 8 195 5000 8192 0 1000000000
191 106 9465 5000 8192 0 1000000000
167 302 8245 5000 8192 0 1000000000
7 182 370 5000 8192 0 1000000000
87 267 4460 5000 8192 0 1000000000
137 284 6709 5000 8192 0 1000000000
119 165 5858 5000 8192 0 1000000000
104 72 4987 5000 8192 0 1000000000
212 79 10542 5000 8192 0 1000000000
131 109 6478 5000 8192 0 1000000000
82 26 4211 5000 8192 0 1000000000
25 283 16363 5000 16777216 1 1000000000
55 161 2658 5000 8192 0 1000000000
213 155 10631 5000 8192 0 1000000000
138 99 6787 5000 8192 0 1000000000
308 140 15794 5000 8192 0 1000000000
197 34 9790 5000 8192 0 1000000000
271 185 13816 5000 8192 0 1000000000
172 138 8462 5000 8192 0 1000000000
198 207 9851 5000 8192 0 1000000000
278 101 14145 5000 8192 0 1000000000
98 84 4809 5000 8192 0 1000000000
197 79 9814 5000 8192 0 1000000000
226 45 11459 5000 8192 0 1000000000
114 117 5546 5000 8192 0 1000000000
303 232 15500 5000 8192 0 1000000000
287 64 14657 5000 8192 0 1000000000
6 154 268 5000 8192 0 1000000000
245 32 12531 5000 8192 0 1000000000
223 87 11264 5000 8192 0 1000000000
208 164 10299 5000 8192 0 1000000000
44 141 2134 5000 8192 0 1000000000
268 171 13640 5000 8192 0 1000000000
31 137 1550 5000 8192 0 1000000000
176 240 8718 5000 8192 0 1000000000
270 155 13721 5000 8192 0 1000000000
202 237 9968 5000 8192 0 1000000000
272 100 13853 5000 8192 0 1000000000
145 205 7171 5000 8192 0 1000000000
85 171 4348 5000 8192 0 1000000000
62 38 3103 5000 8192 0 1000000000
142 218 6968 5000 8192 0 1000000000
81 2 4132 5000 8192 0 1000000000
301 299 16451 5000 16777216 1 1000000000
252 40 12843 5000 8192 0 1000000000
184 206 9003 5000 8192 0 1000000000
152 47 7487 5000 8192 0 1000000000
82 108 4157 5000 8192 0 1000000000
229 123 11485 5000 8192 0 1000000000
24 309 1272 5000 8192 0 1000000000
167 105 8287 5000 8192 0 1000000000
115 17 5556 5000 8192 0 1000000000
144 179 7106 5000 8192 0 1000000000
108 136 5116 5000 8192 0 1000000000
201 112 9941 5000 8192 0 1000000000
224 306 11306 5000 8192 0 1000000000
268 319 13624 5000 8192 0 1000000000
234 113 11845 5000 8192 0 1000000000
65 275 3280 5000 8192 0 1000000000
128 211 6302 5000 8192 0 1000000000
277 100 14077 5000 8192 0 1000000000
64 229 3248 5000 8192 0 1000000000
117 0 5683 5000 8192 0 1000000000
13 185 603 5000 8192 0 1000000000
97 223 4745 5000 8192 0 1000000000
211 160 10474 5000 8192 0 1000000000
316 182 16180 5000 8192 0 1000000000
82 124 4204 5000 8192 0 1000000000
255 131 12995 5000 8192 0 1000000000
212 316 10535 5000 8192 0 1000000000
206 108 10213 5000 8192 0 1000000000
237 41 12041 5000 8192 0 1000000000
92 101 4644 5000 8192 0 1000000000
32 205 1631 5000 8192 0 1000000000
61 109 3028 5000 8192 0 1000000000
35 159 1679 5000 8192 0 1000000000
92 19 4635 5000 8192 0 1000000000
246 30 12597 5000 8192 0 1000000000
285 209 14494 5000 8192 0 1000000000
14 209 660 5000 8192 0 1000000000
246 276 12611 5000 8192 0 1000000000
50 198 2370 5000 8192 0 1000000000
209 236 10365 5000 8192 0 1000000000
114 102 5507 5000 8192 0 1000000000
131 239 6495 5000 8192 0 1000000000
289 42 14799 5000 8192 0 1000000000
214 51 10650 5000 8192 0 1000000000
289 75 14737 5000 8192 0 1000000000
109 119 5232 5000 8192 0 1000000000
172 183 8435 5000 8192 0 1000000000
291 280 14891 5000 8192 0 1000000000
230 195 11604 5000 8192 0 1000000000
234 22 11826 5000 8192 0 1000000000
6 246 259 5000 8192 0 1000000000
49 204 2317 5000 8192 0 1000000000
121 207 5878 5000 8192 0 1000000000
245 193 12527 5000 8192 0 1000000000
318 119 16231 5000 8192 0 1000000000
124 224 5999 5000 8192 0 1000000000
267 4 13561 5000 8192 0 1000000000
172 0 8444 5000 8192 0 1000000000
115 182 5597 5000 8192 0 1000000000
16 299 797 5000 8192 0 1000000000
59 300 2919 5000 8192 0 1000000000
165 110 8214 5000 8192 0 1000000000
56 297 2708 5000 8192 0 1000000000
117 199 5743 5000 8192 0 1000000000
147 269 7238 5000 8192 0 1000000000
186 271 9146 5000 8192 0 1000000000
47 156 2264 5000 8192 0 1000000000
66 208 3374 5000 8192 0 1000000000
44 49 2169 5000 8192 0 1000000000
7 32 354 5000 8192 0 1000000000
80 254 4059 5000 8192 0 1000000000
190 218 9431 5000 8192 0 1000000000
51 121 2462 5000 8192 0 1000000000
274 243 13950 5000 8192 0 1000000000
165 230 8161 5000 8192 0 1000000000
3 299 143 5000 8192 0 1000000000
281 300 14333 5000 8192 0 1000000000
205 232 10186 5000 8192 0 1000000000
198 136 9860 5000 8192 0 1000000000
111 286 5300 5000 8192 0 1000000000
214 69 10704 5000 8192 0 1000000000
232 80 11726 5000 8192 0 1000000000
125 41 6080 5000 8192 0 1000000000
90 76 4480 5000 8192 0 1000000000
168 299 8349 5000 8192 0 1000000000
114 27 5548 5000 8192 0 1000000000
304 300 15543 5000 8192 0 1000000000
186 125 9141 5000 8192 0 1000000000
29 169 1416 5000 8192 0 1000000000
125 307 6104 5000 8192 0 1000000000
69 24 3540 5000 8192 0 1000000000
58 146 2818 5000 8192 0 1000000000
128 75 6317 5000 8192 0 1000000000
239 64 12129 5000 8192 0 1000000000
29 223 1467 5000 8192 0 1000000000
39 28 1806 5000 8192 0 1000000000
60 118 2940 5000 8192 0 1000000000
4 129 238 5000 8192 0 1000000000
131 313 6481 5000 8192 0 1000000000
181 22 8911 5000 8192 0 1000000000
135 275 6588 5000 8192 0 1000000000
191 117 9457 5000 8192 0 1000000000
234 231 11818 5000 8192 0 1000000000
264 220 13389 5000 8192 0 1000000000
274 144 13955 5000 8192 0 1000000000
277 266 14042 5000 8192 0 1000000000
158 251 7749 5000 8192 0 1000000000
229 251 11516 5000 8192 0 1000000000
231 33 11614 5000 8192 0 1000000000
97 304 4780 5000 8192 0 1000000000
259 2 13106 5000 8192 0 1000000000
269 168 13689 5000 8192 0 1000000000
223 270 11253 5000 8192 0 1000000000
168 302 8308 5000 8192 0 1000000000
35 92 1701 5000 8192 0 1000000000
80 280 4038 5000 8192 0 1000000000
265 31 13404 5000 8192 0 1000000000
26 103 16354 5000 16777216 1 1000000000
45 156 2186 5000 8192 0 1000000000
112 299 5368 5000 8192 0 1000000000
32 183 1603 5000 8192 0 1000000000
288 238 14698 5000 8192 0 1000000000
234 249 11848 5000 8192 0 1000000000
60 41 2982 5000 8192 0 1000000000
286 152 14558 5000 8192 0 1000000000
104 252 4985 5000 8192 0 1000000000
230 96 11607 5000 8192 0 1000000000
50 23 2392 5000 8192 0 1000000000
212 150 10579 5000 8192 0 1000000000
167 163 8286 5000 8192 0 1000000000
3 307 148 5000 8192 0 1000000000
161 16 7929 5000 8192 0 1000000000
125 32 6078 5000 8192 0 1000000000
36 152 1776 5000 8192 0 1000000000
195 49 9677 5000 8192 0 1000000000
137 44 6752 5000 8192 0 1000000000
148 259 7323 5000 8192 0 1000000000
57 2 2788 5000 8192 0 1000000000
14 294 673 5000 8192 0 1000000000
167 104 8281 5000 8192 0 1000000000
313 65 16064 5000 8192 0 1000000000
309 254 15851 5000 8192 0 1000000000
83 242 4259 5000 8192 0 1000000000
176 295 8679 5000 8192 0 1000000000
202 139 9957 5000 8192 0 1000000000
13 183 611 5000 8192 0 1000000000
145 106 7194 5000 8192 0 1000000000
259 53 13087 5000 8192 0 1000000000
4 110 224 5000 8192 0 1000000000
95 313 4670 5000 8192 0 1000000000
149 113 7382 5000 8192 0 1000000000
4 95 206 5000 8192 0 1000000000
65 313 3260 5000 8192 0 1000000000
130 36 6441 5000 8192 0 1000000000
35 296 1672 5000 8192 0 1000000000
271 186 13815 5000 8192 0 1000000000
87 168 4441 5000 8192 0 1000000000
316 224 16156 5000 8192 0 1000000000
290 285 14824 5000 8192 0 1000000000
258 249 13038 5000 8192 0 1000000000
300 247 15339 5000 8192 0 1000000000
140 123 6889 5000 8192 0 1000000000
181 107 8897 5000 8192 0 1000000000
3 306 149 5000 8192 0 1000000000
261 118 13251 5000 8192 0 1000000000
95 236 4662 5000 8192 0 1000000000
117 16 5730 5000 8192 0 1000000000
309 123 15876 5000 8192 0 1000000000
175 154 8629 5000 8192 0 1000000000
162 276 7980 5000 8192 0 1000000000
210 28 10400 5000 8192 0 1000000000
162 181 8025 5000 8192 0 1000000000
12 181 539 5000 8192 0 1000000000
50 127 2399 5000 8192 0 1000000000
298 209 15274 5000 8192 0 1000000000
184 298 9029 5000 8192 0 1000000000
12 251 545 5000 8192 0 1000000000
189 250 9333 5000 8192 0 1000000000
102 304 4934 5000 8192 0 1000000000
316 31 16164 5000 8192 0 1000000000
165 179 8181 5000 8192 0 1000000000
134 135 6549 5000 8192 0 1000000000
197 282 9818 5000 8192 0 1000000000
247 82 12645 5000 8192 0 1000000000
242 141 12370 5000 8192 0 1000000000
62 113 3105 5000 8192 0 1000000000
237 0 12018 5000 8192 0 1000000000
289 173 14786 5000 8192 0 1000000000
161 200 7936 5000 8192 0 1000000000
222 239 11193 5000 8192 0 1000000000
254 7 12895 5000 8192 0 1000000000
76 74 3883 5000 8192 0 1000000000
115 154 5599 5000 8192 0 1000000000
127 268 6215 5000 8192 0 1000000000
14 143 672 5000 8192 0 1000000000
195 238 9653 5000 8192 0 1000000000
308 173 15814 5000 8192 0 1000000000
108 256 5107 5000 8192 0 1000000000
111 174 5298 5000 8192 0 1000000000
195 227 9662 5000 8192 0 1000000000
124 54 6056 5000 8192 0 1000000000
274 128 13939 5000 8192 0 1000000000
107 57 5075 5000 8192 0 1000000000
282 127 14361 5000 8192 0 1000000000
292 178 14990 5000 8192 0 1000000000
221 67 11130 5000 8192 0 1000000000
58 150 2819 5000 8192 0 1000000000
191 3 9492 5000 8192 0 1000000000
20 317 981 5000 8192 0 1000000000
17 84 883 5000 8192 0 1000000000
270 136 13744 5000 8192 0 1000000000
285 244 14534 5000 8192 0 1000000000
17 163 839 5000 8192 0 1000000000
304 219 15508 5000 8192 0 1000000000
269 69 13672 5000 8192 0 1000000000
44 243 2147 5000 8192 0 1000000000
243 7 12402 5000 8192 0 1000000000
59 305 2931 5000 8192 0 1000000000
173 164 8525 5000 8192 0 1000000000
231 193 11660 5000 8192 0 1000000000
216 4 10816 5000 8192 0 1000000000
204 275 10131 5000 8192 0 1000000000
152 314 7518 5000 8192 0 1000000000
300 11 15350 5000 8192 0 1000000000
47 37 2247 5000 8192 0 1000000000
168 74 8340 5000 8192 0 1000000000
144 314 7121 5000 8192 0 1000000000
222 193 11208 5000 8192 0 1000000000
243 64 12388 5000 8192 0 1000000000
312 249 15952 5000 8192 0 1000000000
270 61 13768 5000 8192 0 1000000000
117 85 5741 5000 8192 0 1000000000
135 61 6586 5000 8192 0 1000000000
14 21 650 5000 8192 0 1000000000
3 35 139 5000 8192 0 1000000000
183 111 8961 5000 8192 0 1000000000
67 3 3441 5000 8192 0 1000000000
212 234 10582 5000 8192 0 1000000000
45 315 2213 5000 8192 0 1000000000
188 138 9290 5000 8192 0 1000000000
167 62 8250 5000 8192 0 1000000000
310 46 15945 5000 8192 0 1000000000
161 31 7967 5000 8192 0 1000000000
236 238 11987 5000 8192 0 1000000000
176 313 8731 5000 8192 0 1000000000
185 136 9061 5000 8192 0 1000000000
212 97 10554 5000 8192 0 1000000000
308 216 15804 5000 8192 0 1000000000
194 239 9577 5000 8192 0 1000000000
52 6 2543 5000 8192 0 1000000000
6 56 313 5000 8192 0 1000000000
41 84 1946 5000 8192 0 1000000000
159 99 7783 5000 8192 0 1000000000
6 214 283 5000 8192 0 1000000000
194 167 9628 5000 8192 0 1000000000
63 43 3181 5000 8192 0 1000000000
297 37 15193 5000 8192 0 1000000000
108 64 5146 5000 8192 0 1000000000
121 173 5924 5000 8192 0 1000000000
9 262 499 5000 8192 0 1000000000
242 29 12313 5000 8192 0 1000000000
211 291 10481 5000 8192 0 1000000000
276 66 14026 5000 8192 0 1000000000
237 263 12044 5000 8192 0 1000000000
255 287 12985 5000 8192 0 1000000000
79 267 4015 5000 8192 0 1000000000
216 231 10802 5000 8192 0 1000000000
207 294 16337 5000 16777216 1 1000000000
58 53 2863 5000 8192 0 1000000000
107 264 5093 5000 8192 0 1000000000
139 253 16357 5000 16777216 1 1000000000
203 184 10028 5000 8192 0 1000000000
114 299 5551 5000 8192 0 1000000000
130 164 6393 5000 8192 0 1000000000
159 187 7788 5000 8192 0 1000000000
167 245 8237 5000 8192 0 1000000000
203 99 10066 5000 8192 0 1000000000
297 240 15233 5000 8192 0 1000000000
148 317 7281 5000 8192 0 1000000000
61 69 3024 5000 8192 0 1000000000
17 287 859 5000 8192 0 1000000000
280 137 14250 5000 8192 0 1000000000
185 4 9081 5000 8192 0 1000000000
140 274 6834 5000 8192 0 1000000000
147 71 7212 5000 8192 0 1000000000
183 286 8950 5000 8192 0 1000000000
161 236 7963 5000 8192 0 1000000000
137 250 6723 5000 8192 0 1000000000
127 273 6199 5000 8192 0 1000000000
98 257 4813 5000 8192 0 1000000000
260 239 13172 5000 8192 0 1000000000
215 2 10771 5000 8192 0 1000000000
173 83 8529 5000 8192 0 1000000000
101 200 4851 5000 8192 0 1000000000
287 252 14622 5000 8192 0 1000000000
24 101 1238 5000 8192 0 1000000000
82 273 4192 5000 8192 0 1000000000
36 173 1766 5000 8192 0 1000000000
306 98 15653 5000 8192 0 1000000000
155 106 7628 5000 8192 0 1000000000
186 42 9123 5000 8192 0 1000000000
237 105 12005 5000 8192 0 1000000000
280 298 14274 5000 8192 0 1000000000
289 226 14758 5000 8192 0 1000000000
244 111 12442 5000 8192 0 1000000000
240 245 12189 5000 8192 0 1000000000
81 122 4118 5000 8192 0 1000000000
35 228 1697 5000 8192 0 1000000000
124 267 6045 5000 8192 0 1000000000
307 232 15753 5000 8192 0 1000000000
179 36 8825 5000 8192 0 1000000000
244 166 12475 5000 8192 0 1000000000
235 310 11924 5000 8192 0 1000000000
233 17 11748 5000 8192 0 1000000000
87 80 4436 5000 8192 0 1000000000
79 75 3960 5000 8192 0 1000000000
198 64 9854 5000 8192 0 1000000000
102 176 4933 5000 8192 0 1000000000
315 190 16138 5000 8192 0 1000000000
8 208 411 5000 8192 0 1000000000
241 17 12285 5000 8192 0 1000000000
108 208 5167 5000 8192 0 1000000000
272 313 13875 5000 8192 0 1000000000
127 204 6236 5000 8192 0 1000000000
239 182 12140 5000 8192 0 1000000000
265 245 13420 5000 8192 0 1000000000
187 90 9246 5000 8192 0 1000000000
44 191 2152 5000 8192 0 1000000000
71 209 3661 5000 8192 0 1000000000
45 77 2182 5000 8192 0 1000000000
181 278 8874 5000 8192 0 1000000000
138 260 6796 5000 8192 0 1000000000
196 217 9723 5000 8192 0 1000000000
178 213 8738 5000 8192 0 1000000000
224 41 11325 5000 8192 0 1000000000
198 315 9861 5000 8192 0 1000000000
183 292 8931 5000 8192 0 1000000000
241 250 12283 5000 8192 0 1000000000
104 161 4996 5000 8192 0 1000000000
181 33 8920 5000 8192 0 1000000000
262 139 13328 5000 8192 0 1000000000
290 82 14857 5000 8192 0 1000000000
209 306 10377 5000 8192 0 1000000000
144 236 7107 5000 8192 0 1000000000
307 45 15736 5000 8192 0 1000000000
47 78 2251 5000 8192 0 1000000000
3 188 189 5000 8192 0 1000000000
269 263 13684 5000 8192 0 1000000000
119 109 5814 5000 8192 0 1000000000
137 207 6724 5000 8192 0 1000000000
296 220 15120 5000 8192 0 1000000000
286 307 14586 5000 8192 0 1000000000
109 169 5192 5000 8192 0 1000000000
22 287 1144 5000 8192 0 1000000000
92 114 4625 5000 8192 0 1000000000
298 117 15280 5000 8192 0 1000000000
127 4 6238 5000 8192 0 1000000000
71 201 3674 5000 8192 0 1000000000
284 210 14426 5000 8192 0 1000000000
66 62 3380 5000 8192 0 1000000000
130 194 6423 5000 8192 0 1000000000
266 171 13471 5000 8192 0 1000000000
190 308 9386 5000 8192 0 1000000000
271 270 13792 5000 8192 0 1000000000
159 44 7821 5000 8192 0 1000000000
247 184 12690 5000 8192 0 1000000000
65 294 3308 5000 8192 0 1000000000
218 256 10918 5000 8192 0 1000000000
260 80 13149 5000 8192 0 1000000000
20 88 960 5000 8192 0 1000000000
145 204 7180 5000 8192 0 1000000000
82 205 4160 5000 8192 0 1000000000
97 11 4748 5000 8192 0 1000000000
149 252 7355 5000 8192 0 1000000000
222 272 11205 5000 8192 0 1000000000
121 266 5893 5000 8192 0 1000000000
54 249 2556 5000 8192 0 1000000000
225 243 11374 5000 8192 0 1000000000
163 13 8053 5000 8192 0 1000000000
51 234 2461 5000 8192 0 1000000000
138 316 6820 5000 8192 0 1000000000
142 292 6978 5000 8192 0 1000000000
196 54 9722 5000 8192 0 1000000000
195 173 9673 5000 8192 0 1000000000
179 57 8809 5000 8192 0 1000000000
266 256 13523 5000 8192 0 1000000000
218 232 10955 5000 8192 0 1000000000
221 283 11134 5000 8192 0 1000000000
40 274 1888 5000 8192 0 1000000000
162 174 7970 5000 8192 0 1000000000
163 196 8055 5000 8192 0 1000000000
135 82 6583 5000 8192 0 1000000000
116 134 5624 5000 8192 0 1000000000
83 315 4224 5000 8192 0 1000000000
82 74 4181 5000 8192 0 1000000000
107 204 5047 5000 8192 0 1000000000
262 11 13315 5000 8192 0 1000000000
145 66 7167 5000 8192 0 1000000000
64 3 3245 5000 8192 0 1000000000
130 66 6436 5000 8192 0 1000000000
31 224 1581 5000 8192 0 1000000000
143 296 7080 5000 8192 0 1000000000
152 22 7492 5000 8192 0 1000000000
187 63 9194 5000 8192 0 1000000000
63 37 3182 5000 8192 0 1000000000
61 79 3039 5000 8192 0 1000000000
52 80 2512 5000 8192 0 1000000000
218 261 10945 5000 8192 0 1000000000
36 42 1773 5000 8192 0 1000000000
208 172 10298 5000 8192 0 1000000000
134 254 6567 5000 8192 0 1000000000
236 93 11960 5000 8192 0 1000000000
149 213 7365 5000 8192 0 1000000000
262 63 13308 5000 8192 0 1000000000
277 149 14082 5000 8192 0 1000000000
242 107 12372 5000 8192 0 1000000000
32 214 1608 5000 8192 0 1000000000
297 157 15222 5000 8192 0 1000000000
61 41 3029 5000 8192 0 1000000000
21 284 1032 5000 8192 0 1000000000
276 24 13977 5000 8192 0 1000000000
197 240 9803 5000 8192 0 1000000000
85 225 4366 5000 8192 0 1000000000
69 139 3512 5000 8192 0 1000000000
60 164 2953 5000 8192 0 1000000000
193 300 9502 5000 8192 0 1000000000
219 276 11003 5000 8192 0 1000000000
237 6 11999 5000 8192 0 1000000000
304 159 15559 5000 8192 0 1000000000
16 112 781 5000 8192 0 1000000000
40 154 1905 5000 8192 0 1000000000
316 143 16201 5000 8192 0 1000000000
158 25 7721 5000 8192 0 1000000000
286 313 14581 5000 8192 0 1000000000
119 311 5869 5000 8192 0 1000000000
98 242 4788 5000 8192 0 1000000000
22 211 1131 5000 8192 0 1000000000
112 247 5366 5000 8192 0 1000000000
149 192 7392 5000 8192 0 1000000000
194 311 9602 5000 8192 0 1000000000
53 253 16386 5000 16777216 1 1000000000
114 76 5527 5000 8192 0 1000000000
55 306 2630 5000 8192 0 1000000000
32 174 1643 5000 8192 0 1000000000
12 112 542 5000 8192 0 1000000000
29 118 1451 5000 8192 0 1000000000
58 110 2865 5000 8192 0 1000000000
79 38 3983 5000 8192 0 1000000000
219 261 11008 5000 8192 0 1000000000
245 53 12563 5000 8192 0 1000000000
174 159 8566 5000 8192 0 1000000000
3 18 133 5000 8192 0 1000000000
304 172 15521 5000 8192 0 1000000000
219 130 10974 5000 8192 0 1000000000
235 202 11923 5000 8192 0 1000000000
101 164 4850 5000 8192 0 1000000000
229 213 11496 5000 8192 0 1000000000
63 116 3165 5000 8192 0 1000000000
64 286 3219 5000 8192 0 1000000000
79 97 3995 5000 8192 0 1000000000
108 290 5124 5000 8192 0 1000000000
101 57 4879 5000 8192 0 1000000000
130 117 6410 5000 8192 0 1000000000
31 254 1593 5000 8192 0 1000000000
310 2 15900 5000 8192 0 1000000000
313 316 16028 5000 8192 0 1000000000
64 218 3235 5000 8192 0 1000000000
286 270 14567 5000 8192 0 1000000000
158 24 7736 5000 8192 0 1000000000
152 259 7475 5000 8192 0 1000000000
144 60 7124 5000 8192 0 1000000000
245 17 12506 5000 8192 0 1000000000
149 134 7389 5000 8192 0 1000000000
0 112 32 5000 8192 0 1000000000
30 174 1509 5000 8192 0 1000000000
148 256 7285 5000 8192 0 1000000000
209 161 10364 5000 8192 0 1000000000
113 99 5460 5000 8192 0 1000000000
40 67 1856 5000 8192 0 1000000000
21 205 1085 5000 8192 0 1000000000
239 34 12128 5000 8192 0 1000000000
297 173 15202 5000 8192 0 1000000000
108 297 5156 5000 8192 0 1000000000
116 152 5667 5000 8192 0 1000000000
21 160 1073 5000 8192 0 1000000000
190 203 9402 5000 8192 0 1000000000
159 261 7837 5000 8192 0 1000000000
95 186 4686 5000 8192 0 1000000000
43 118 2107 5000 8192 0 1000000000
87 282 4414 5000 8192 0 1000000000
208 65 10315 5000 8192 0 1000000000
260 15 13175 5000 8192 0 1000000000
78 90 3919 5000 8192 0 1000000000
297 257 15207 5000 8192 0 1000000000
318 252 16227 5000 8192 0 1000000000
226 239 11450 5000 8192 0 1000000000
217 288 10853 5000 8192 0 1000000000
62 222 3099 5000 8192 0 1000000000
221 28 11149 5000 8192 0 1000000000
18 163 904 5000 8192 0 1000000000
232 316 11691 5000 8192 0 1000000000
51 15 2480 5000 8192 0 1000000000
211 135 10512 5000 8192 0 1000000000
205 317 10180 5000 8192 0 1000000000
58 116 2827 5000 8192 0 1000000000
125 86 6072 5000 8192 0 1000000000
168 161 8326 5000 8192 0 1000000000
219 171 11032 5000 8192 0 1000000000
241 192 12266 5000 8192 0 1000000000
197 136 9770 5000 8192 0 1000000000
121 16 5887 5000 8192 0 1000000000
271 202 13785 5000 8192 0 1000000000
290 198 14812 5000 8192 0 1000000000
247 278 12633 5000 8192 0 1000000000
179 117 8818 5000 8192 0 1000000000
35 73 1680 5000 8192 0 1000000000
152 35 7469 5000 8192 0 1000000000
206 96 10219 5000 8192 0 1000000000
145 102 7209 5000 8192 0 1000000000
290 229 14805 5000 8192 0 1000000000
135 57 6633 5000 8192 0 1000000000
163 237 8095 5000 8192 0 1000000000
83 79 4222 5000 8192 0 1000000000
43 21 2064 5000 8192 0 1000000000
60 212 2972 5000 8192 0 1000000000
212 73 10546 5000 8192 0 1000000000
295 82 15079 5000 8192 0 1000000000
219 295 11027 5000 8192 0 1000000000
47 19 2272 5000 8192 0 1000000000
266 2 13509 5000 8192 0 1000000000
24 226 1246 5000 8192 0 1000000000
209 75 10357 5000 8192 0 1000000000
130 284 6444 5000 8192 0 1000000000
242 82 12314 5000 8192 0 1000000000
230 212 11557 5000 8192 0 1000000000
131 186 6507 5000 8192 0 1000000000
221 173 11101 5000 8192 0 1000000000
241 181 12307 5000 8192 0 1000000000
141 52 6951 5000 8192 0 1000000000
41 214 1971 5000 8192 0 1000000000
138 53 6806 5000 8192 0 1000000000
207 250 16419 5000 16777216 1 1000000000
235 261 11920 5000 8192 0 1000000000
292 170 14965 5000 8192 0 1000000000
24 133 1235 5000 8192 0 1000000000
210 163 10408 5000 8192 0 1000000000
7 280 329 5000 8192 0 1000000000
244 229 12459 5000 8192 0 1000000000
310 247 15896 5000 8192 0 1000000000
282 269 14374 5000 8192 0 1000000000
164 185 8115 5000 8192 0 1000000000
76 305 3843 5000 8192 0 1000000000
265 52 13428 5000 8192 0 1000000000
158 297 7762 5000 8192 0 1000000000
174 160 8606 5000 8192 0 1000000000
287 99 14671 5000 8192 0 1000000000
162 37 8009 5000 8192 0 1000000000
252 18 12844 5000 8192 0 1000000000
208 173 10310 5000 8192 0 1000000000
225 194 11357 5000 8192 0 1000000000
42 238 2009 5000 8192 0 1000000000
136 185 6663 5000 8192 0 1000000000
265 234 13437 5000 8192 0 1000000000
28 43 1394 5000 8192 0 1000000000
211 102 10467 5000 8192 0 1000000000
291 23 14864 5000 8192 0 1000000000
220 36 11039 5000 8192 0 1000000000
148 15 7298 5000 8192 0 1000000000
194 174 9589 5000 8192 0 1000000000
268 177 13597 5000 8192 0 1000000000
35 278 1698 5000 8192 0 1000000000
155 26 7625 5000 8192 0 1000000000
298 105 15292 5000 8192 0 1000000000
104 264 5036 5000 8192 0 1000000000
274 317 13951 5000 8192 0 1000000000
210 84 10446 5000 8192 0 1000000000
293 213 15013 5000 8192 0 1000000000
235 171 11912 5000 8192 0 1000000000
65 319 3267 5000 8192 0 1000000000
176 159 8713 5000 8192 0 1000000000
149 78 7396 5000 8192 0 1000000000
15 223 767 5000 8192 0 1000000000
128 64 6312 5000 8192 0 1000000000
187 135 9188 5000 8192 0 1000000000
218 14 10911 5000 8192 0 1000000000
238 102 12106 5000 8192 0 1000000000
83 126 4253 5000 8192 0 1000000000
272 66 13892 5000 8192 0 1000000000
20 306 995 5000 8192 0 1000000000
92 160 4593 5000 8192 0 1000000000
303 246 15448 5000 8192 0 1000000000
269 279 13692 5000 8192 0 1000000000
107 45 5092 5000 8192 0 1000000000
109 43 5209 5000 8192 0 1000000000
78 1 3934 5000 8192 0 1000000000
155 211 7638 5000 8192 0 1000000000
44 234 2154 5000 8192 0 1000000000
8 61 404 5000 8192 0 1000000000
71 60 3682 5000 8192 0 1000000000
186 302 9164 5000 8192 0 1000000000
266 171 13520 5000 8192 0 1000000000
285 59 14522 5000 8192 0 1000000000
118 46 5787 5000 8192 0 1000000000
305 106 15575 5000 8192 0 1000000000
149 86 7385 5000 8192 0 1000000000
50 301 2405 5000 8192 0 1000000000
113 225 5426 5000 8192 0 1000000000
78 226 3933 5000 8192 0 1000000000
172 31 8421 5000 8192 0 1000000000
268 300 13602 5000 8192 0 1000000000
148 184 7312 5000 8192 0 1000000000
56 234 2694 5000 8192 0 1000000000
128 124 6310 5000 8192 0 1000000000
156 84 7676 5000 8192 0 1000000000
133 33 16408 5000 16777216 1 1000000000
241 257 12265 5000 8192 0 1000000000
65 66 3292 5000 8192 0 1000000000
252 180 12835 5000 8192 0 1000000000
119 143 5867 5000 8192 0 1000000000
216 246 10787 5000 8192 0 1000000000
216 272 10807 5000 8192 0 1000000000
83 92 4260 5000 8192 0 1000000000
83 232 4212 5000 8192 0 1000000000
113 174 5435 5000 8192 0 1000000000
12 177 551 5000 8192 0 1000000000
186 157 9143 5000 8192 0 1000000000
84 262 4293 5000 8192 0 1000000000
16 206 805 5000 8192 0 1000000000
60 167 2969 5000 8192 0 1000000000
198 14 9865 5000 8192 0 1000000000
264 30 13381 5000 8192 0 1000000000
191 201 9466 5000 8192 0 1000000000
76 85 3881 5000 8192 0 1000000000
112 4 5395 5000 8192 0 1000000000
119 199 5866 5000 8192 0 1000000000
121 218 5919 5000 8192 0 1000000000
149 31 7356 5000 8192 0 1000000000
80 231 4044 5000 8192 0 1000000000
198 276 9836 5000 8192 0 1000000000
104 57 4997 5000 8192 0 1000000000
266 207 13506 5000 8192 0 1000000000
230 91 11603 5000 8192 0 1000000000
288 226 14733 5000 8192 0 1000000000
115 244 5588 5000 8192 0 1000000000
205 201 10157 5000 8192 0 1000000000
124 67 6060 5000 8192 0 1000000000
208 225 10289 5000 8192 0 1000000000
59 303 2929 5000 8192 0 1000000000
245 214 12556 5000 8192 0 1000000000
229 80 11519 5000 8192 0 1000000000
159 166 7843 5000 8192 0 1000000000
269 174 13700 5000 8192 0 1000000000
290 280 14813 5000 8192 0 1000000000
60 3 2963 5000 8192 0 1000000000
115 49 5601 5000 8192 0 1000000000
176 140 8691 5000 8192 0 1000000000
119 230 5834 5000 8192 0 1000000000
140 99 6851 5000 8192 0 1000000000
298 197 15254 5000 8192 0 1000000000
276 300 14008 5000 8192 0 1000000000
260 319 13157 5000 8192 0 1000000000
90 279 4466 5000 8192 0 1000000000
183 39 8965 5000 8192 0 1000000000
272 195 13851 5000 8192 0 1000000000
40 1 1876 5000 8192 0 1000000000
249 113 12806 5000 8192 0 1000000000
92 187 4639 5000 8192 0 1000000000
42 70 1990 5000 8192 0 1000000000
212 12 10584 5000 8192 0 1000000000
99 77 16420 5000 16777216 1 1000000000
71 81 3677 5000 8192 0 1000000000
204 205 10080 5000 8192 0 1000000000
0 26 3 5000 8192 0 1000000000
201 183 9899 5000 8192 0 1000000000
225 181 11382 5000 8192 0 1000000000
293 186 15052 5000 8192 0 1000000000
159 128 7841 5000 8192 0 1000000000
286 224 14601 5000 8192 0 1000000000
158 185 7764 5000 8192 0 1000000000
81 235 4087 5000 8192 0 1000000000
148 211 7310 5000 8192 0 1000000000
43 28 2072 5000 8192 0 1000000000
291 229 14872 5000 8192 0 1000000000
112 296 5408 5000 8192 0 1000000000
65 15 3314 5000 8192 0 1000000000
169 164 8369 5000 8192 0 1000000000
137 49 6756 5000 8192 0 1000000000
112 207 5365 5000 8192 0 1000000000
52 84 2541 5000 8192 0 1000000000
204 177 10106 5000 8192 0 1000000000
319 50 16320 5000 8192 0 1000000000
252 278 12875 5000 8192 0 1000000000
252 75 12880 5000 8192 0 1000000000
247 246 12651 5000 8192 0 1000000000
29 45 1409 5000 8192 0 1000000000
226 188 11420 5000 8192 0 1000000000
178 233 8735 5000 8192 0 1000000000
215 2 10739 5000 8192 0 1000000000
217 153 10894 5000 8192 0 1000000000
319 68 16295 5000 8192 0 1000000000
237 88 11997 5000 8192 0 1000000000
22 158 1120 5000 8192 0 1000000000
306 244 15691 5000 8192 0 1000000000
20 274 986 5000 8192 0 1000000000
66 241 3326 5000 8192 0 1000000000
158 170 7768 5000 8192 0 1000000000
164 57 8118 5000 8192 0 1000000000
278 89 14135 5000 8192 0 1000000000
292 149 14976 5000 8192 0 1000000000
55 175 2654 5000 8192 0 1000000000
147 269 7269 5000 8192 0 1000000000
235 67 11916 5000 8192 0 1000000000
188 107 9278 5000 8192 0 1000000000
102 111 4944 5000 8192 0 1000000000
138 211 6826 5000 8192 0 1000000000
79 13 3967 5000 8192 0 1000000000
84 178 4333 5000 8192 0 1000000000
188 319 9286 5000 8192 0 1000000000
281 261 14296 5000 8192 0 1000000000
278 300 14114 5000 8192 0 1000000000
21 315 1055 5000 8192 0 1000000000
316 249 16176 5000 8192 0 1000000000
145 175 7156 5000 8192 0 1000000000
271 288 13795 5000 8192 0 1000000000
316 104 16185 5000 8192 0 1000000000
274 239 13920 5000 8192 0 1000000000
270 11 13723 5000 8192 0 1000000000
262 1 13325 5000 8192 0 1000000000
119 270 5838 5000 8192 0 1000000000
28 318 1386 5000 8192 0 1000000000
92 211 4602 5000 8192 0 1000000000
158 216 7730 5000 8192 0 1000000000
82 40 4149 5000 8192 0 1000000000
60 27 2962 5000 8192 0 1000000000
267 190 13549 5000 8192 0 1000000000
22 38 1114 5000 8192 0 1000000000
205 234 10167 5000 8192 0 1000000000
69 239 3560 5000 8192 0 1000000000
67 275 3424 5000 8192 0 1000000000
274 72 13956 5000 8192 0 1000000000
130 153 6431 5000 8192 0 1000000000
304 107 15548 5000 8192 0 1000000000
20 191 978 5000 8192 0 1000000000
128 28 6288 5000 8192 0 1000000000
262 289 13312 5000 8192 0 1000000000
109 228 5222 5000 8192 0 1000000000
186 256 9163 5000 8192 0 1000000000
110 229 5257 5000 8192 0 1000000000
188 54 9289 5000 8192 0 1000000000
0 108 10 5000 8192 0 1000000000
236 61 11970 5000 8192 0 1000000000
187 194 9217 5000 8192 0 1000000000
245 293 12558 5000 8192 0 1000000000
306 50 15642 5000 8192 0 1000000000
295 178 15067 5000 8192 0 1000000000
168 293 8330 5000 8192 0 1000000000
147 94 7263 5000 8192 0 1000000000
306 228 15655 5000 8192 0 1000000000
315 6 16112 5000 8192 0 1000000000
119 223 5826 5000 8192 0 1000000000
65 58 3277 5000 8192 0 1000000000
15 64 751 5000 8192 0 1000000000
171 314 16412 5000 16777216 1 1000000000
206 67 10220 5000 8192 0 1000000000
107 226 5055 5000 8192 0 1000000000
190 51 9374 5000 8192 0 1000000000
8 24 388 5000 8192 0 1000000000
298 259 15249 5000 8192 0 1000000000
50 246 2371 5000 8192 0 1000000000
233 183 11772 5000 8192 0 1000000000
214 278 10692 5000 8192 0 1000000000
104 95 4986 5000 8192 0 1000000000
36 81 1771 5000 8192 0 1000000000
174 237 8555 5000 8192 0 1000000000
65 80 3266 5000 8192 0 1000000000
308 117 15798 5000 8192 0 1000000000
296 159 15156 5000 8192 0 1000000000
29 173 1425 5000 8192 0 1000000000
307 59 15700 5000 8192 0 1000000000
117 94 5687 5000 8192 0 1000000000
81 117 4121 5000 8192 0 1000000000
297 188 15204 5000 8192 0 1000000000
60 2 2939 5000 8192 0 1000000000
23 302 1155 5000 8192 0 1000000000
109 104 5223 5000 8192 0 1000000000
274 184 13967 5000 8192 0 1000000000
78 9 3912 5000 8192 0 1000000000
73 299 3702 5000 8192 0 1000000000
271 164 13819 5000 8192 0 1000000000
187 195 9211 5000 8192 0 1000000000
121 90 5881 5000 8192 0 1000000000
24 136 1241 5000 8192 0 1000000000
319 225 16302 5000 8192 0 1000000000
142 221 6961 5000 8192 0 1000000000
172 171 8461 5000 8192 0 1000000000
164 235 8130 5000 8192 0 1000000000
189 24 9348 5000 8192 0 1000000000
14 44 696 5000 8192 0 1000000000
35 17 1711 5000 8192 0 1000000000
229 125 11489 5000 8192 0 1000000000
6 39 273 5000 8192 0 1000000000
231 178 11663 5000 8192 0 1000000000
7 205 364 5000 8192 0 1000000000
65 97 3300 5000 8192 0 1000000000
210 243 10436 5000 8192 0 1000000000
308 121 15817 5000 8192 0 1000000000
215 53 10772 5000 8192 0 1000000000
61 37 3004 5000 8192 0 1000000000
258 210 13015 5000 8192 0 1000000000
112 138 5419 5000 8192 0 1000000000
135 174 6627 5000 8192 0 1000000000
305 211 15618 5000 8192 0 1000000000
194 66 9581 5000 8192 0 1000000000
246 176 12572 5000 8192 0 1000000000
98 286 4821 5000 8192 0 1000000000
288 126 14700 5000 8192 0 1000000000
309 114 15846 5000 8192 0 1000000000
174 76 8572 5000 8192 0 1000000000
7 100 372 5000 8192 0 1000000000
130 95 6391 5000 8192 0 1000000000
126 178 6177 5000 8192 0 1000000000
82 172 4158 5000 8192 0 1000000000
261 142 13231 5000 8192 0 1000000000
63 161 3173 5000 8192 0 1000000000
221 159 11145 5000 8192 0 1000000000
303 118 15464 5000 8192 0 1000000000
246 127 12569 5000 8192 0 1000000000
269 154 13669 5000 8192 0 1000000000
290 270 14842 5000 8192 0 1000000000
297 271 15228 5000 8192 0 1000000000
14 102 681 5000 8192 0 1000000000
81 144 4105 5000 8192 0 1000000000
112 249 5401 5000 8192 0 1000000000
179 9 8857 5000 8192 0 1000000000
33 301 16336 5000 16777216 1 1000000000
121 30 5907 5000 8192 0 1000000000
279 246 14200 5000 8192 0 1000000000
124 204 6055 5000 8192 0 1000000000
190 30 9414 5000 8192 0 1000000000
271 20 13791 5000 8192 0 1000000000
55 63 2623 5000 8192 0 1000000000
167 169 8226 5000 8192 0 1000000000
178 50 8776 5000 8192 0 1000000000
196 288 9732 5000 8192 0 1000000000
175 159 8619 5000 8192 0 1000000000
142 167 7000 5000 8192 0 1000000000
127 220 6195 5000 8192 0 1000000000
236 185 11990 5000 8192 0 1000000000
270 73 13732 5000 8192 0 1000000000
15 206 725 5000 8192 0 1000000000
203 40 10074 5000 8192 0 1000000000
277 292 14073 5000 8192 0 1000000000
2 199 75 5000 8192 0 1000000000
223 256 11228 5000 8192 0 1000000000
306 14 15636 5000 8192 0 1000000000
142 145 6988 5000 8192 0 1000000000
39 5 1825 5000 8192 0 1000000000
289 316 14787 5000 8192 0 1000000000
22 100 1137 5000 8192 0 1000000000
109 130 5200 5000 8192 0 1000000000
27 279 1285 5000 8192 0 1000000000
134 117 6546 5000 8192 0 1000000000
268 163 13637 5000 8192 0 1000000000
66 216 3321 5000 8192 0 1000000000
308 178 15812 5000 8192 0 1000000000
115 188 5602 5000 8192 0 1000000000
231 313 11613 5000 8192 0 1000000000
274 151 13934 5000 8192 0 1000000000
289 104 14760 5000 8192 0 1000000000
233 201 11781 5000 8192 0 1000000000
212 290 10562 5000 8192 0 1000000000
6 208 263 5000 8192 0 1000000000
298 203 15290 5000 8192 0 1000000000
82 132 4177 5000 8192 0 1000000000
69 254 3569 5000 8192 0 1000000000
184 41 9032 5000 8192 0 1000000000
266 55 13485 5000 8192 0 1000000000
130 279 6429 5000 8192 0 1000000000
188 93 9295 5000 8192 0 1000000000
302 83 15420 5000 8192 0 1000000000
156 202 7666 5000 8192 0 1000000000
264 181 13386 5000 8192 0 1000000000
201 82 9938 5000 8192 0 1000000000
145 1 7183 5000 8192 0 1000000000
112 303 5396 5000 8192 0 1000000000
37 251 16396 5000 16777216 1 1000000000
20 0 1015 5000 8192 0 1000000000
186 7 9130 5000 8192 0 1000000000
298 260 15250 5000 8192 0 1000000000
284 55 14462 5000 8192 0 1000000000
147 111 7229 5000 8192 0 1000000000
244 174 12485 5000 8192 0 1000000000
71 170 3668 5000 8192 0 1000000000
82 124 4179 5000 8192 0 1000000000
288 257 14682 5000 8192 0 1000000000
276 92 13971 5000 8192 0 1000000000
28 279 1381 5000 8192 0 1000000000
137 16 6728 5000 8192 0 1000000000
197 301 9786 5000 8192 0 1000000000
98 148 4818 5000 8192 0 1000000000
190 73 9401 5000 8192 0 1000000000
59 133 2888 5000 8192 0 1000000000
14 269 699 5000 8192 0 1000000000
21 255 1039 5000 8192 0 1000000000
62 43 3117 5000 8192 0 1000000000
118 106 5772 5000 8192 0 1000000000
90 177 4497 5000 8192 0 1000000000
277 78 14091 5000 8192 0 1000000000
63 11 3146 5000 8192 0 1000000000
246 235 12575 5000 8192 0 1000000000
81 77 4099 5000 8192 0 1000000000
307 34 15696 5000 8192 0 1000000000
232 7 11714 5000 8192 0 1000000000
260 315 13192 5000 8192 0 1000000000
109 63 5195 5000 8192 0 1000000000
30 59 1492 5000 8192 0 1000000000
49 249 2329 5000 8192 0 1000000000
208 199 10307 5000 8192 0 1000000000
119 44 5828 5000 8192 0 1000000000
285 227 14490 5000 8192 0 1000000000
102 13 4953 5000 8192 0 1000000000
226 167 11454 5000 8192 0 1000000000
203 122 10071 5000 8192 0 1000000000
6 317 317 5000 8192 0 1000000000
261 210 13252 5000 8192 0 1000000000
206 79 10217 5000 8192 0 1000000000
13 288 617 5000 8192 0 1000000000
85 169 4401 5000 8192 0 1000000000
115 137 5579 5000 8192 0 1000000000
6 38 306 5000 8192 0 1000000000
178 121 8742 5000 8192 0 1000000000
312 235 15966 5000 8192 0 1000000000
44 67 2167 5000 8192 0 1000000000
239 206 12122 5000 8192 0 1000000000
155 251 7639 5000 8192 0 1000000000
57 153 2768 5000 8192 0 1000000000
43 127 2051 5000 8192 0 1000000000
49 171 2316 5000 8192 0 1000000000
226 41 11455 5000 8192 0 1000000000
24 41 1228 5000 8192 0 1000000000
134 223 6532 5000 8192 0 1000000000
191 149 9500 5000 8192 0 1000000000
196 77 9746 5000 8192 0 1000000000
215 318 10758 5000 8192 0 1000000000
16 248 787 5000 8192 0 1000000000
184 71 9044 5000 8192 0 1000000000
208 247 10273 5000 8192 0 1000000000
83 176 4272 5000 8192 0 1000000000
248 276 12744 5000 8192 0 1000000000
272 16 13881 5000 8192 0 1000000000
219 235 10999 5000 8192 0 1000000000
289 232 14796 5000 8192 0 1000000000
134 233 6531 5000 8192 0 1000000000
134 237 6563 5000 8192 0 1000000000
255 115 13007 5000 8192 0 1000000000
232 70 11712 5000 8192 0 1000000000
195 174 9671 5000 8192 0 1000000000
239 300 12153 5000 8192 0 1000000000
213 129 10643 5000 8192 0 1000000000
155 192 7603 5000 8192 0 1000000000
8 155 403 5000 8192 0 1000000000
231 127 11630 5000 8192 0 1000000000
302 202 15396 5000 8192 0 1000000000
31 291 1587 5000 8192 0 1000000000
244 53 12479 5000 8192 0 1000000000
232 293 11684 5000 8192 0 1000000000
212 203 10523 5000 8192 0 1000000000
278 120 14160 5000 8192 0 1000000000
270 26 13742 5000 8192 0 1000000000
49 273 2348 5000 8192 0 1000000000
235 61 11905 5000 8192 0 1000000000
231 196 11617 5000 8192 0 1000000000
214 299 10702 5000 8192 0 1000000000
0 154 35 5000 8192 0 1000000000
29 286 1459 5000 8192 0 1000000000
295 231 15076 5000 8192 0 1000000000
67 29 3400 5000 8192 0 1000000000
8 11 423 5000 8192 0 1000000000
15 105 734 5000 8192 0 1000000000
240 177 12205 5000 8192 0 1000000000
18 27 930 5000 8192 0 1000000000
255 24 12990 5000 8192 0 1000000000
293 37 15030 5000 8192 0 1000000000
173 30 8489 5000 8192 0 1000000000
234 179 11855 5000 8192 0 1000000000
218 116 10937 5000 8192 0 1000000000
242 214 12322 5000 8192 0 1000000000
191 141 9475 5000 8192 0 1000000000
281 126 14307 5000 8192 0 1000000000
163 25 8091 5000 8192 0 1000000000
83 32 4239 5000 8192 0 1000000000
206 81 10238 5000 8192 0 1000000000
109 16 5169 5000 8192 0 1000000000
24 133 1229 5000 8192 0 1000000000
111 258 5325 5000 8192 0 1000000000
225 31 11364 5000 8192 0 1000000000
259 107 13098 5000 8192 0 1000000000
158 95 7733 5000 8192 0 1000000000
310 308 15885 5000 8192 0 1000000000
198 103 9847 5000 8192 0 1000000000
147 269 7244 5000 8192 0 1000000000
189 197 9351 5000 8192 0 1000000000
310 203 15910 5000 8192 0 1000000000
164 18 8122 5000 8192 0 1000000000
313 168 16034 5000 8192 0 1000000000
229 82 11528 5000 8192 0 1000000000
20 172 965 5000 8192 0 1000000000
197 199 9788 5000 8192 0 1000000000
13 266 587 5000 8192 0 1000000000
131 69 6450 5000 8192 0 1000000000
80 284 4060 5000 8192 0 1000000000
17 312 860 5000 8192 0 1000000000
110 241 5280 5000 8192 0 1000000000
59 244 2906 5000 8192 0 1000000000
44 167 2168 5000 8192 0 1000000000
118 139 5807 5000 8192 0 1000000000
148 208 7304 5000 8192 0 1000000000
229 245 11520 5000 8192 0 1000000000
233 150 11782 5000 8192 0 1000000000
65 107 3262 5000 8192 0 1000000000
115 128 5555 5000 8192 0 1000000000
305 185 15610 5000 8192 0 1000000000
233 117 11750 5000 8192 0 1000000000
178 33 8793 5000 8192 0 1000000000
14 142 666 5000 8192 0 1000000000
310 59 15906 5000 8192 0 1000000000
125 311 6085 5000 8192 0 1000000000
231 233 11659 5000 8192 0 1000000000
145 30 7191 5000 8192 0 1000000000
144 265 7135 5000 8192 0 1000000000
318 302 16204 5000 8192 0 1000000000
206 138 10264 5000 8192 0 1000000000
31 179 1534 5000 8192 0 1000000000
91 106 4573 5000 8192 0 1000000000
147 248 7250 5000 8192 0 1000000000
149 101 7372 5000 8192 0 1000000000
254 39 12897 5000 8192 0 1000000000
45 164 2195 5000 8192 0 1000000000
76 31 3884 5000 8192 0 1000000000
198 142 9881 5000 8192 0 1000000000
84 192 4318 5000 8192 0 1000000000
282 112 14391 5000 8192 0 1000000000
163 270 8083 5000 8192 0 1000000000
138 114 6768 5000 8192 0 1000000000
68 67 3449 5000 8192 0 1000000000
201 257 9894 5000 8192 0 1000000000
107 15 5088 5000 8192 0 1000000000
39 182 1796 5000 8192 0 1000000000
267 281 13527 5000 8192 0 1000000000
41 240 1928 5000 8192 0 1000000000
30 83 1511 5000 8192 0 1000000000
225 240 11408 5000 8192 0 1000000000
147 19 7213 5000 8192 0 1000000000
193 107 9515 5000 8192 0 1000000000
217 3 10876 5000 8192 0 1000000000
4 161 211 5000 8192 0 1000000000
125 298 6092 5000 8192 0 1000000000
265 80 13405 5000 8192 0 1000000000
130 253 6430 5000 8192 0 1000000000
21 296 1079 5000 8192 0 1000000000
140 256 6845 5000 8192 0 1000000000
68 180 3461 5000 8192 0 1000000000
190 183 9428 5000 8192 0 1000000000
206 249 10247 5000 8192 0 1000000000
22 43 1107 5000 8192 0 1000000000
318 304 16244 5000 8192 0 1000000000
287 163 14635 5000 8192 0 1000000000
108 203 5106 5000 8192 0 1000000000
98 211 4834 5000 8192 0 1000000000
281 162 14315 5000 8192 0 1000000000
261 16 13233 5000 8192 0 1000000000
118 49 5759 5000 8192 0 1000000000
247 240 12655 5000 8192 0 1000000000
167 253 8275 5000 8192 0 1000000000
16 204 786 5000 8192 0 1000000000
121 206 5910 5000 8192 0 1000000000
215 256 10720 5000 8192 0 1000000000
138 171 6818 5000 8192 0 1000000000
15 60 706 5000 8192 0 1000000000
225 307 11389 5000 8192 0 1000000000
224 39 11312 5000 8192 0 1000000000
267 161 13553 5000 8192 0 1000000000
115 263 5567 5000 8192 0 1000000000
13 157 605 5000 8192 0 1000000000
8 68 435 5000 8192 0 1000000000
205 65 10182 5000 8192 0 1000000000
7 159 325 5000 8192 0 1000000000
238 212 12113 5000 8192 0 1000000000
188 312 9268 5000 8192 0 1000000000
3 125 141 5000 8192 0 1000000000
142 218 7016 5000 8192 0 1000000000
202 199 9970 5000 8192 0 1000000000
305 14 15611 5000 8192 0 1000000000
130 128 6407 5000 8192 0 1000000000
130 187 6409 5000 8192 0 1000000000
15 159 722 5000 8192 0 1000000000
116 72 5677 5000 8192 0 1000000000
219 80 10971 5000 8192 0 1000000000
67 282 3388 5000 8192 0 1000000000
270 134 13748 5000 8192 0 1000000000
259 299 13104 5000 8192 0 1000000000
175 223 8662 5000 8192 0 1000000000
229 114 11500 5000 8192 0 1000000000
137 6 6751 5000 8192 0 1000000000
69 276 3545 5000 8192 0 1000000000
255 305 12997 5000 8192 0 1000000000
302 191 15411 5000 8192 0 1000000000
159 217 7824 5000 8192 0 1000000000
60 12 2958 5000 8192 0 1000000000
218 231 10931 5000 8192 0 1000000000
224 0 11328 5000 8192 0 1000000000
0 215 27 5000 8192 0 1000000000
305 188 15627 5000 8192 0 1000000000
221 97 11099 5000 8192 0 1000000000
29 98 1433 5000 8192 0 1000000000
39 174 1809 5000 8192 0 1000000000
141 14 6935 5000 8192 0 1000000000
291 124 14873 5000 8192 0 1000000000
210 158 10448 5000 8192 0 1000000000
134 206 6573 5000 8192 0 1000000000
127 247 6249 5000 8192 0 1000000000
49 208 2301 5000 8192 0 1000000000
41 40 1920 5000 8192 0 1000000000
189 45 9320 5000 8192 0 1000000000
303 146 15453 5000 8192 0 1000000000
148 304 7311 5000 8192 0 1000000000
278 237 14152 5000 8192 0 1000000000
291 149 14904 5000 8192 0 1000000000
56 181 2687 5000 8192 0 1000000000
226 28 11432 5000 8192 0 1000000000
28 5 1375 5000 8192 0 1000000000
221 210 11151 5000 8192 0 1000000000
144 207 7083 5000 8192 0 1000000000
80 88 4079 5000 8192 0 1000000000
60 64 2954 5000 8192 0 1000000000
189 254 9364 5000 8192 0 1000000000
205 62 10141 5000 8192 0 1000000000
150 213 7445 5000 8192 0 1000000000
119 169 5824 5000 8192 0 1000000000
31 192 1591 5000 8192 0 1000000000
63 87 3130 5000 8192 0 1000000000
308 194 15760 5000 8192 0 1000000000
28 89 1364 5000 8192 0 1000000000
121 118 5874 5000 8192 0 1000000000
189 150 9326 5000 8192 0 1000000000
167 100 8247 5000 8192 0 1000000000
279 216 14217 5000 8192 0 1000000000
81 313 4120 5000 8192 0 1000000000
45 114 2208 5000 8192 0 1000000000
169 189 8367 5000 8192 0 1000000000
0 260 50 5000 8192 0 1000000000
163 207 8081 5000 8192 0 1000000000
3 206 190 5000 8192 0 1000000000
22 188 1092 5000 8192 0 1000000000
279 211 14195 5000 8192 0 1000000000
152 272 7517 5000 8192 0 1000000000
318 190 16214 5000 8192 0 1000000000
128 309 6315 5000 8192 0 1000000000
239 318 12134 5000 8192 0 1000000000
172 111 8465 5000 8192 0 1000000000
202 132 9959 5000 8192 0 1000000000
318 31 16228 5000 8192 0 1000000000
163 1 8073 5000 8192 0 1000000000
142 135 6981 5000 8192 0 1000000000
6 176 316 5000 8192 0 1000000000
293 51 15054 5000 8192 0 1000000000
87 78 4442 5000 8192 0 1000000000
51 144 2432 5000 8192 0 1000000000
156 212 7674 5000 8192 0 1000000000
259 193 13077 5000 8192 0 1000000000
194 76 9597 5000 8192 0 1000000000
22 89 1149 5000 8192 0 1000000000
113 176 5477 5000 8192 0 1000000000
232 55 11678 5000 8192 0 1000000000
28 205 1361 5000 8192 0 1000000000
286 80 14602 5000 8192 0 1000000000
91 194 4563 5000 8192 0 1000000000
145 19 7166 5000 8192 0 1000000000
249 21 12782 5000 8192 0 1000000000
144 116 7103 5000 8192 0 1000000000
176 152 8726 5000 8192 0 1000000000
276 193 13992 5000 8192 0 1000000000
201 191 9906 5000 8192 0 1000000000
308 114 15809 5000 8192 0 1000000000
209 200 10386 5000 8192 0 1000000000
308 149 15790 5000 8192 0 1000000000
198 58 9825 5000 8192 0 1000000000
190 132 9422 5000 8192 0 1000000000
15 223 721 5000 8192 0 1000000000
194 269 9596 5000 8192 0 1000000000
216 282 10801 5000 8192 0 1000000000
63 211 3142 5000 8192 0 1000000000
304 121 15549 5000 8192 0 1000000000
119 277 5832 5000 8192 0 1000000000
51 290 2458 5000 8192 0 1000000000
82 256 4209 5000 8192 0 1000000000
114 75 5496 5000 8192 0 1000000000
193 182 9559 5000 8192 0 1000000000
104 287 5012 5000 8192 0 1000000000
310 39 15895 5000 8192 0 1000000000
173 154 8533 5000 8192 0 1000000000
225 265 11386 5000 8192 0 1000000000
61 210 3027 5000 8192 0 1000000000
45 118 2224 5000 8192 0 1000000000
39 103 1813 5000 8192 0 1000000000
150 184 7401 5000 8192 0 1000000000
56 232 2700 5000 8192 0 1000000000
40 76 1873 5000 8192 0 1000000000
284 180 14444 5000 8192 0 1000000000
249 140 12820 5000 8192 0 1000000000
20 205 966 5000 8192 0 1000000000
187 13 9231 5000 8192 0 1000000000
32 208 1612 5000 8192 0 1000000000
226 274 11425 5000 8192 0 1000000000
78 215 3893 5000 8192 0 1000000000
4 153 245 5000 8192 0 1000000000
292 206 14975 5000 8192 0 1000000000
13 81 639 5000 8192 0 1000000000
136 209 6677 5000 8192 0 1000000000
261 233 13239 5000 8192 0 1000000000
190 225 9399 5000 8192 0 1000000000
184 178 9008 5000 8192 0 1000000000
43 115 2103 5000 8192 0 1000000000
143 164 7021 5000 8192 0 1000000000
12 45 565 5000 8192 0 1000000000
145 319 7160 5000 8192 0 1000000000
264 164 13371 5000 8192 0 1000000000
276 41 14032 5000 8192 0 1000000000
102 105 4926 5000 8192 0 1000000000
305 149 15587 5000 8192 0 1000000000
210 308 10420 5000 8192 0 1000000000
104 202 5017 5000 8192 0 1000000000
183 237 8942 5000 8192 0 1000000000
12 21 522 5000 8192 0 1000000000
205 100 10156 5000 8192 0 1000000000
50 269 2377 5000 8192 0 1000000000
234 22 11819 5000 8192 0 1000000000
2 259 113 5000 8192 0 1000000000
282 302 14379 5000 8192 0 1000000000
61 34 3063 5000 8192 0 1000000000
24 110 1219 5000 8192 0 1000000000
306 11 15648 5000 8192 0 1000000000
296 79 15175 5000 8192 0 1000000000
287 37 14613 5000 8192 0 1000000000
13 286 591 5000 8192 0 1000000000
304 184 15526 5000 8192 0 1000000000
226 201 11451 5000 8192 0 1000000000
117 205 5698 5000 8192 0 1000000000
223 217 11288 5000 8192 0 1000000000
217 259 10882 5000 8192 0 1000000000
165 309 8175 5000 8192 0 1000000000
82 223 4174 5000 8192 0 1000000000
3 217 171 5000 8192 0 1000000000
272 234 13859 5000 8192 0 1000000000
141 246 6912 5000 8192 0 1000000000
191 82 9462 5000 8192 0 1000000000
130 241 6438 5000 8192 0 1000000000
193 131 9542 5000 8192 0 1000000000
39 78 1833 5000 8192 0 1000000000
277 63 14096 5000 8192 0 1000000000
277 291 14087 5000 8192 0 1000000000
307 53 15740 5000 8192 0 1000000000
315 108 16091 5000 8192 0 1000000000
261 160 13228 5000 8192 0 1000000000
292 157 14962 5000 8192 0 1000000000
156 51 7715 5000 8192 0 1000000000
58 206 2854 5000 8192 0 1000000000
279 235 14210 5000 8192 0 1000000000
312 133 15994 5000 8192 0 1000000000
41 91 1925 5000 8192 0 1000000000
241 244 12254 5000 8192 0 1000000000
241 207 12276 5000 8192 0 1000000000
214 139 10669 5000 8192 0 1000000000
209 288 10392 5000 8192 0 1000000000
212 101 10572 5000 8192 0 1000000000
277 283 14090 5000 8192 0 1000000000
75 249 3774 5000 8192 0 1000000000
115 101 5616 5000 8192 0 1000000000
21 17 1066 5000 8192 0 1000000000
248 155 12720 5000 8192 0 1000000000
17 111 848 5000 8192 0 1000000000
158 67 7769 5000 8192 0 1000000000
288 13 14712 5000 8192 0 1000000000
44 28 2156 5000 8192 0 1000000000
85 193 4356 5000 8192 0 1000000000
41 290 1974 5000 8192 0 1000000000
304 207 15560 5000 8192 0 1000000000
268 1 13650 5000 8192 0 1000000000
135 101 6606 5000 8192 0 1000000000
231 103 11620 5000 8192 0 1000000000
215 237 10775 5000 8192 0 1000000000
188 217 9260 5000 8192 0 1000000000
73 75 3735 5000 8192 0 1000000000
174 126 8559 5000 8192 0 1000000000
85 205 4340 5000 8192 0 1000000000
40 9 1901 5000 8192 0 1000000000
85 53 4380 5000 8192 0 1000000000
40 42 1897 5000 8192 0 1000000000
193 6 9534 5000 8192 0 1000000000
148 173 7289 5000 8192 0 1000000000
306 267 15682 5000 8192 0 1000000000
198 50 9874 5000 8192 0 1000000000
138 317 6804 5000 8192 0 1000000000
229 288 11525 5000 8192 0 1000000000
268 185 13604 5000 8192 0 1000000000
109 17 5186 5000 8192 0 1000000000
184 126 9006 5000 8192 0 1000000000
277 222 14045 5000 8192 0 1000000000
169 126 8415 5000 8192 0 1000000000
174 95 8556 5000 8192 0 1000000000
310 9 15915 5000 8192 0 1000000000
216 290 10820 5000 8192 0 1000000000
69 279 3556 5000 8192 0 1000000000
3 204 153 5000 8192 0 1000000000
296 44 15132 5000 8192 0 1000000000
117 105 5702 5000 8192 0 1000000000
212 221 10569 5000 8192 0 1000000000
238 81 12082 5000 8192 0 1000000000
247 45 12640 5000 8192 0 1000000000
90 188 4498 5000 8192 0 1000000000
291 272 14888 5000 8192 0 1000000000
281 242 14330 5000 8192 0 1000000000
20 130 967 5000 8192 0 1000000000
23 175 1203 5000 8192 0 1000000000
44 246 2132 5000 8192 0 1000000000
286 222 14589 5000 8192 0 1000000000
85 69 4341 5000 8192 0 1000000000
319 26 16268 5000 8192 0 1000000000
229 164 11482 5000 8192 0 1000000000
196 133 9715 5000 8192 0 1000000000
6 245 267 5000 8192 0 1000000000
203 73 10026 5000 8192 0 1000000000
92 105 4641 5000 8192 0 1000000000
9 194 505 5000 8192 0 1000000000
287 121 14668 5000 8192 0 1000000000
291 167 14874 5000 8192 0 1000000000
277 316 14067 5000 8192 0 1000000000
63 152 3152 5000 8192 0 1000000000
57 35 2778 5000 8192 0 1000000000
145 74 7198 5000 8192 0 1000000000
186 14 9140 5000 8192 0 1000000000
282 278 14412 5000 8192 0 1000000000
22 233 1140 5000 8192 0 1000000000
82 283 4198 5000 8192 0 1000000000
269 98 13696 5000 8192 0 1000000000
8 157 419 5000 8192 0 1000000000
7 112 324 5000 8192 0 1000000000
201 122 9893 5000 8192 0 1000000000
271 279 13841 5000 8192 0 1000000000
168 133 8344 5000 8192 0 1000000000
39 51 1843 5000 8192 0 1000000000
249 263 12796 5000 8192 0 1000000000
44 9 2111 5000 8192 0 1000000000
101 58 4872 5000 8192 0 1000000000
130 225 6419 5000 8192 0 1000000000
125 253 6094 5000 8192 0 1000000000
3 302 152 5000 8192 0 1000000000
174 161 8581 5000 8192 0 1000000000
97 90 4752 5000 8192 0 1000000000
98 83 4823 5000 8192 0 1000000000
298 312 15264 5000 8192 0 1000000000
225 227 11413 5000 8192 0 1000000000
13 288 601 5000 8192 0 1000000000
22 137 1134 5000 8192 0 1000000000
189 148 9370 5000 8192 0 1000000000
230 286 11548 5000 8192 0 1000000000
308 64 15797 5000 8192 0 1000000000
274 260 13938 5000 8192 0 1000000000
310 242 15903 5000 8192 0 1000000000
290 123 14836 5000 8192 0 1000000000
13 65 607 5000 8192 0 1000000000
75 236 3814 5000 8192 0 1000000000
198 173 9852 5000 8192 0 1000000000
291 148 14875 5000 8192 0 1000000000
226 182 11448 5000 8192 0 1000000000
92 123 4618 5000 8192 0 1000000000
97 292 4760 5000 8192 0 1000000000
194 98 9584 5000 8192 0 1000000000
145 135 7182 5000 8192 0 1000000000
144 231 7125 5000 8192 0 1000000000
20 109 1012 5000 8192 0 1000000000
242 273 12311 5000 8192 0 1000000000
184 143 8996 5000 8192 0 1000000000
145 84 7177 5000 8192 0 1000000000
206 111 10210 5000 8192 0 1000000000
211 184 10485 5000 8192 0 1000000000
90 240 4517 5000 8192 0 1000000000
218 312 10932 5000 8192 0 1000000000
289 102 14780 5000 8192 0 1000000000
123 0 5955 5000 8192 0 1000000000
197 138 9780 5000 8192 0 1000000000
61 33 3053 5000 8192 0 1000000000
27 94 1279 5000 8192 0 1000000000
78 72 3945 5000 8192 0 1000000000
123 296 5983 5000 8192 0 1000000000
9 171 495 5000 8192 0 1000000000
80 0 4055 5000 8192 0 1000000000
178 36 8741 5000 8192 0 1000000000
137 144 6739 5000 8192 0 1000000000
114 44 5492 5000 8192 0 1000000000
21 294 1065 5000 8192 0 1000000000
213 74 10623 5000 8192 0 1000000000
241 208 12282 5000 8192 0 1000000000
232 195 11681 5000 8192 0 1000000000
85 90 4367 5000 8192 0 1000000000
51 175 2448 5000 8192 0 1000000000
193 105 9513 5000 8192 0 1000000000
217 56 10868 5000 8192 0 1000000000
159 74 7840 5000 8192 0 1000000000
67 89 3404 5000 8192 0 1000000000
269 226 13657 5000 8192 0 1000000000
101 220 4889 5000 8192 0 1000000000
70 259 3616 5000 8192 0 1000000000
279 199 14216 5000 8192 0 1000000000
22 65 1101 5000 8192 0 1000000000
136 204 6685 5000 8192 0 1000000000
47 284 2298 5000 8192 0 1000000000
236 26 11955 5000 8192 0 1000000000
87 256 4435 5000 8192 0 1000000000
288 286 14690 5000 8192 0 1000000000
143 61 7048 5000 8192 0 1000000000
213 209 10605 5000 8192 0 1000000000
54 296 2554 5000 8192 0 1000000000
217 221 10870 5000 8192 0 1000000000
111 298 5324 5000 8192 0 1000000000
213 193 10620 5000 8192 0 1000000000
236 8 11988 5000 8192 0 1000000000
85 34 4369 5000 8192 0 1000000000
141 23 6952 5000 8192 0 1000000000
65 106 3284 5000 8192 0 1000000000
80 289 4070 5000 8192 0 1000000000
13 260 581 5000 8192 0 1000000000
161 258 7928 5000 8192 0 1000000000
102 4 4952 5000 8192 0 1000000000
135 108 6592 5000 8192 0 1000000000
308 88 15783 5000 8192 0 1000000000
16 24 809 5000 8192 0 1000000000
85 214 4347 5000 8192 0 1000000000
8 47 429 5000 8192 0 1000000000
168 313 8314 5000 8192 0 1000000000
203 185 10037 5000 8192 0 1000000000
276 158 13988 5000 8192 0 1000000000
297 124 15237 5000 8192 0 1000000000
241 114 12262 5000 8192 0 1000000000
247 48 12688 5000 8192 0 1000000000
23 42 1175 5000 8192 0 1000000000
102 273 4969 5000 8192 0 1000000000
59 173 2916 5000 8192 0 1000000000
137 186 6726 5000 8192 0 1000000000
119 29 5818 5000 8192 0 1000000000
124 99 6029 5000 8192 0 1000000000
196 53 9697 5000 8192 0 1000000000
39 96 1812 5000 8192 0 1000000000
238 128 12108 5000 8192 0 1000000000
319 220 16284 5000 8192 0 1000000000
124 284 6046 5000 8192 0 1000000000
276 162 14029 5000 8192 0 1000000000
190 244 9406 5000 8192 0 1000000000
58 265 2830 5000 8192 0 1000000000
0 132 12 5000 8192 0 1000000000
237 104 12025 5000 8192 0 1000000000
47 262 2284 5000 8192 0 1000000000
268 247 13601 5000 8192 0 1000000000
127 65 6243 5000 8192 0 1000000000
229 172 11486 5000 8192 0 1000000000
14 40 678 5000 8192 0 1000000000
123 0 5949 5000 8192 0 1000000000
127 157 6240 5000 8192 0 1000000000
124 159 6009 5000 8192 0 1000000000
81 306 4090 5000 8192 0 1000000000
183 314 8974 5000 8192 0 1000000000
216 58 10798 5000 8192 0 1000000000
32 283 1606 5000 8192 0 1000000000
57 19 2756 5000 8192 0 1000000000
243 163 12432 5000 8192 0 1000000000
155 167 7642 5000 8192 0 1000000000
95 189 4672 5000 8192 0 1000000000
224 215 11289 5000 8192 0 1000000000
131 48 6453 5000 8192 0 1000000000
101 11 4883 5000 8192 0 1000000000
219 201 11001 5000 8192 0 1000000000
102 277 4973 5000 8192 0 1000000000
144 133 7140 5000 8192 0 1000000000
186 237 9135 5000 8192 0 1000000000
307 46 15750 5000 8192 0 1000000000
288 95 14683 5000 8192 0 1000000000
297 31 15208 5000 8192 0 1000000000
205 38 10192 5000 8192 0 1000000000
160 28 7898 5000 8192 0 1000000000
309 131 15827 5000 8192 0 1000000000
276 250 13999 5000 8192 0 1000000000
63 182 3131 5000 8192 0 1000000000
60 263 2981 5000 8192 0 1000000000
222 75 11189 5000 8192 0 1000000000
44 93 2116 5000 8192 0 1000000000
159 312 7816 5000 8192 0 1000000000
265 180 13418 5000 8192 0 1000000000
61 246 3034 5000 8192 0 1000000000
168 30 8336 5000 8192 0 1000000000
20 175 970 5000 8192 0 1000000000
295 88 15105 5000 8192 0 1000000000
210 169 10438 5000 8192 0 1000000000
296 1 15160 5000 8192 0 1000000000
279 139 14206 5000 8192 0 1000000000
115 249 5576 5000 8192 0 1000000000
203 131 10063 5000 8192 0 1000000000
226 240 11416 5000 8192 0 1000000000
217 69 10874 5000 8192 0 1000000000
115 280 5577 5000 8192 0 1000000000
7 263 355 5000 8192 0 1000000000
27 219 1306 5000 8192 0 1000000000
123 59 5984 5000 8192 0 1000000000
217 119 10888 5000 8192 0 1000000000
148 39 7321 5000 8192 0 1000000000
210 129 10396 5000 8192 0 1000000000
312 90 15951 5000 8192 0 1000000000
76 121 3839 5000 8192 0 1000000000
185 172 9058 5000 8192 0 1000000000
115 276 5604 5000 8192 0 1000000000
64 87 3224 5000 8192 0 1000000000
281 199 14292 5000 8192 0 1000000000
280 293 14263 5000 8192 0 1000000000
91 200 4561 5000 8192 0 1000000000
223 291 11257 5000 8192 0 1000000000
64 238 3222 5000 8192 0 1000000000
62 259 3100 5000 8192 0 1000000000
282 185 14393 5000 8192 0 1000000000
288 258 14693 5000 8192 0 1000000000
260 141 13190 5000 8192 0 1000000000
216 6 10827 5000 8192 0 1000000000
226 111 11422 5000 8192 0 1000000000
73 240 3715 5000 8192 0 1000000000
70 293 3613 5000 8192 0 1000000000
174 197 8560 5000 8192 0 1000000000
259 186 13111 5000 8192 0 1000000000
147 223 7255 5000 8192 0 1000000000
194 305 9619 5000 8192 0 1000000000
293 7 15032 5000 8192 0 1000000000
81 216 4123 5000 8192 0 1000000000
52 288 2537 5000 8192 0 1000000000
226 222 11435 5000 8192 0 1000000000
55 193 2629 5000 8192 0 1000000000
281 278 14317 5000 8192 0 1000000000
107 132 5104 5000 8192 0 1000000000
308 200 15820 5000 8192 0 1000000000
232 130 11732 5000 8192 0 1000000000
101 235 4904 5000 8192 0 1000000000
246 26 12603 5000 8192 0 1000000000
315 95 16127 5000 8192 0 1000000000
14 141 695 5000 8192 0 1000000000
97 78 4773 5000 8192 0 1000000000
9 316 450 5000 8192 0 1000000000
284 251 14468 5000 8192 0 1000000000
50 133 2369 5000 8192 0 1000000000
271 6 13824 5000 8192 0 1000000000
9 293 458 5000 8192 0 1000000000
114 112 5536 5000 8192 0 1000000000
69 291 3564 5000 8192 0 1000000000
55 151 2677 5000 8192 0 1000000000
222 212 11167 5000 8192 0 1000000000
111 88 5332 5000 8192 0 1000000000
165 195 8194 5000 8192 0 1000000000
64 20 3226 5000 8192 0 1000000000
261 56 13265 5000 8192 0 1000000000
174 75 8554 5000 8192 0 1000000000
64 56 3225 5000 8192 0 1000000000
71 164 3656 5000 8192 0 1000000000
241 80 12248 5000 8192 0 1000000000
55 155 2632 5000 8192 0 1000000000
258 285 13034 5000 8192 0 1000000000
312 265 15986 5000 8192 0 1000000000
205 67 10176 5000 8192 0 1000000000
247 114 12678 5000 8192 0 1000000000
217 42 10864 5000 8192 0 1000000000
197 225 9781 5000 8192 0 1000000000
191 307 9464 5000 8192 0 1000000000
190 293 9427 5000 8192 0 1000000000
167 141 8233 5000 8192 0 1000000000
63 32 3183 5000 8192 0 1000000000
260 177 13167 5000 8192 0 1000000000
60 24 2987 5000 8192 0 1000000000
181 210 8912 5000 8192 0 1000000000
64 82 3203 5000 8192 0 1000000000
150 241 7453 5000 8192 0 1000000000
270 299 13749 5000 8192 0 1000000000
156 174 7712 5000 8192 0 1000000000
183 68 8933 5000 8192 0 1000000000
237 117 12038 5000 8192 0 1000000000
264 302 13387 5000 8192 0 1000000000
50 51 2386 5000 8192 0 1000000000
62 116 3065 5000 8192 0 1000000000
143 95 7035 5000 8192 0 1000000000
64 94 3241 5000 8192 0 1000000000
162 171 8027 5000 8192 0 1000000000
22 245 1129 5000 8192 0 1000000000
258 248 13056 5000 8192 0 1000000000
212 239 10576 5000 8192 0 1000000000
297 180 15196 5000 8192 0 1000000000
141 155 6932 5000 8192 0 1000000000
113 190 5479 5000 8192 0 1000000000
42 306 1999 5000 8192 0 1000000000
62 308 3076 5000 8192 0 1000000000
226 117 11430 5000 8192 0 1000000000
318 195 16224 5000 8192 0 1000000000
18 139 898 5000 8192 0 1000000000
126 285 6173 5000 8192 0 1000000000
76 40 3891 5000 8192 0 1000000000
80 28 4031 5000 8192 0 1000000000
130 22 6425 5000 8192 0 1000000000
198 92 9830 5000 8192 0 1000000000
201 250 9920 5000 8192 0 1000000000
208 127 10329 5000 8192 0 1000000000
0 216 5 5000 8192 0 1000000000
62 57 3101 5000 8192 0 1000000000
184 233 9042 5000 8192 0 1000000000
0 253 57 5000 8192 0 1000000000
90 255 4507 5000 8192 0 1000000000
261 242 13234 5000 8192 0 1000000000
126 5 6160 5000 8192 0 1000000000
203 212 10039 5000 8192 0 1000000000
262 81 13270 5000 8192 0 1000000000
152 120 7510 5000 8192 0 1000000000
204 181 10081 5000 8192 0 1000000000
179 101 8805 5000 8192 0 1000000000
18 241 918 5000 8192 0 1000000000
95 153 4684 5000 8192 0 1000000000
249 268 12819 5000 8192 0 1000000000
252 162 12822 5000 8192 0 1000000000
232 63 11720 5000 8192 0 1000000000
216 175 10777 5000 8192 0 1000000000
173 3 8511 5000 8192 0 1000000000
92 140 4599 5000 8192 0 1000000000
244 4 12460 5000 8192 0 1000000000
292 23 14943 5000 8192 0 1000000000
280 152 14247 5000 8192 0 1000000000
40 287 1910 5000 8192 0 1000000000
127 222 6237 5000 8192 0 1000000000
110 24 5288 5000 8192 0 1000000000
55 287 2651 5000 8192 0 1000000000
75 255 3773 5000 8192 0 1000000000
211 161 10495 5000 8192 0 1000000000
75 299 3823 5000 8192 0 1000000000
202 71 10003 5000 8192 0 1000000000
188 159 9293 5000 8192 0 1000000000
274 126 13909 5000 8192 0 1000000000
20 134 1006 5000 8192 0 1000000000
195 100 9642 5000 8192 0 1000000000
265 109 13431 5000 8192 0 1000000000
84 209 4338 5000 8192 0 1000000000
211 61 10469 5000 8192 0 1000000000
274 63 13916 5000 8192 0 1000000000
57 54 2807 5000 8192 0 1000000000
175 252 8625 5000 8192 0 1000000000
148 139 7334 5000 8192 0 1000000000
44 285 2121 5000 8192 0 1000000000
62 246 3125 5000 8192 0 1000000000
31 305 1582 5000 8192 0 1000000000
222 147 11201 5000 8192 0 1000000000
217 170 10880 5000 8192 0 1000000000
196 293 9720 5000 8192 0 1000000000
235 206 11925 5000 8192 0 1000000000
303 20 15447 5000 8192 0 1000000000
234 250 11823 5000 8192 0 1000000000
7 127 367 5000 8192 0 1000000000
193 61 9532 5000 8192 0 1000000000
241 51 12246 5000 8192 0 1000000000
57 103 2799 5000 8192 0 1000000000
54 141 2560 5000 8192 0 1000000000
208 91 10318 5000 8192 0 1000000000
284 287 14464 5000 8192 0 1000000000
47 68 2235 5000 8192 0 1000000000
101 81 4882 5000 8192 0 1000000000
112 262 5405 5000 8192 0 1000000000
245 165 12554 5000 8192 0 1000000000
44 123 2157 5000 8192 0 1000000000
205 160 10181 5000 8192 0 1000000000
224 315 11348 5000 8192 0 1000000000
197 176 9789 5000 8192 0 1000000000
222 128 11222 5000 8192 0 1000000000
185 84 9074 5000 8192 0 1000000000
54 76 2585 5000 8192 0 1000000000
295 78 15061 5000 8192 0 1000000000
50 236 2367 5000 8192 0 1000000000
45 303 2189 5000 8192 0 1000000000
36 255 1783 5000 8192 0 1000000000
134 27 6520 5000 8192 0 1000000000
245 207 12533 5000 8192 0 1000000000
198 126 9877 5000 8192 0 1000000000
16 170 810 5000 8192 0 1000000000
50 68 2409 5000 8192 0 1000000000
102 143 4936 5000 8192 0 1000000000
30 255 1490 5000 8192 0 1000000000
27 264 1287 5000 8192 0 1000000000
276 273 13998 5000 8192 0 1000000000
79 0 3968 5000 8192 0 1000000000
223 157 11281 5000 8192 0 1000000000
287 288 14617 5000 8192 0 1000000000
277 235 14069 5000 8192 0 1000000000
156 31 7690 5000 8192 0 1000000000
217 228 10866 5000 8192 0 1000000000
143 270 7039 5000 8192 0 1000000000
285 38 14506 5000 8192 0 1000000000
35 67 1721 5000 8192 0 1000000000
216 145 10792 5000 8192 0 1000000000
21 51 1050 5000 8192 0 1000000000
78 175 3918 5000 8192 0 1000000000
134 82 6543 5000 8192 0 1000000000
254 237 12899 5000 8192 0 1000000000
6 167 298 5000 8192 0 1000000000
233 290 11742 5000 8192 0 1000000000
287 265 14618 5000 8192 0 1000000000
226 282 11440 5000 8192 0 1000000000
60 287 2977 5000 8192 0 1000000000
97 298 4743 5000 8192 0 1000000000
57 302 2773 5000 8192 0 1000000000
65 58 3309 5000 8192 0 1000000000
296 22 15138 5000 8192 0 1000000000
45 139 2181 5000 8192 0 1000000000
164 217 8141 5000 8192 0 1000000000
131 150 6503 5000 8192 0 1000000000
264 208 13370 5000 8192 0 1000000000
284 99 14419 5000 8192 0 1000000000
134 243 6517 5000 8192 0 1000000000
13 95 638 5000 8192 0 1000000000
195 151 9681 5000 8192 0 1000000000
110 49 5296 5000 8192 0 1000000000
198 263 9856 5000 8192 0 1000000000
286 173 14594 5000 8192 0 1000000000
309 33 15823 5000 8192 0 1000000000
113 20 5459 5000 8192 0 1000000000
308 37 15802 5000 8192 0 1000000000
108 28 5155 5000 8192 0 1000000000
220 247 11048 5000 8192 0 1000000000
35 271 1681 5000 8192 0 1000000000
8 30 430 5000 8192 0 1000000000
258 5 13058 5000 8192 0 1000000000
152 18 7471 5000 8192 0 1000000000
81 229 4127 5000 8192 0 1000000000
232 156 11722 5000 8192 0 1000000000
261 230 13264 5000 8192 0 1000000000
97 185 4734 5000 8192 0 1000000000
191 236 9471 5000 8192 0 1000000000
289 244 14788 5000 8192 0 1000000000
129 209 6363 5000 8192 0 1000000000
136 115 6653 5000 8192 0 1000000000
43 206 2061 5000 8192 0 1000000000
153 286 7551 5000 8192 0 1000000000
276 188 14011 5000 8192 0 1000000000
221 120 11144 5000 8192 0 1000000000
255 69 12967 5000 8192 0 1000000000
316 282 16187 5000 8192 0 1000000000
266 104 13480 5000 8192 0 1000000000
298 283 15303 5000 8192 0 1000000000
116 5 5657 5000 8192 0 1000000000
296 174 15178 5000 8192 0 1000000000
14 234 694 5000 8192 0 1000000000
187 125 9184 5000 8192 0 1000000000
193 173 9501 5000 8192 0 1000000000
130 272 6383 5000 8192 0 1000000000
315 269 16113 5000 8192 0 1000000000
244 288 12438 5000 8192 0 1000000000
145 180 7189 5000 8192 0 1000000000
187 126 9238 5000 8192 0 1000000000
67 273 3439 5000 8192 0 1000000000
83 138 4271 5000 8192 0 1000000000
186 288 9119 5000 8192 0 1000000000
258 240 13048 5000 8192 0 1000000000
175 229 8615 5000 8192 0 1000000000
310 163 15897 5000 8192 0 1000000000
185 206 9091 5000 8192 0 1000000000
261 119 13207 5000 8192 0 1000000000
168 303 8342 5000 8192 0 1000000000
292 141 14940 5000 8192 0 1000000000
236 259 11944 5000 8192 0 1000000000
302 22 15381 5000 8192 0 1000000000
123 210 5997 5000 8192 0 1000000000
268 252 13625 5000 8192 0 1000000000
267 227 13542 5000 8192 0 1000000000
279 244 14190 5000 8192 0 1000000000
202 23 9996 5000 8192 0 1000000000
140 217 6863 5000 8192 0 1000000000
126 3 6129 5000 8192 0 1000000000
266 196 13503 5000 8192 0 1000000000
242 144 12361 5000 8192 0 1000000000
168 80 8300 5000 8192 0 1000000000
17 197 844 5000 8192 0 1000000000
246 38 12573 5000 8192 0 1000000000
64 85 3217 5000 8192 0 1000000000
56 132 2706 5000 8192 0 1000000000
282 13 14399 5000 8192 0 1000000000
158 308 7755 5000 8192 0 1000000000
243 199 12425 5000 8192 0 1000000000
176 266 8698 5000 8192 0 1000000000
123 172 5990 5000 8192 0 1000000000
85 27 4364 5000 8192 0 1000000000
302 273 15413 5000 8192 0 1000000000
211 33 10463 5000 8192 0 1000000000
71 217 3698 5000 8192 0 1000000000
40 84 1900 5000 8192 0 1000000000
300 184 15342 5000 8192 0 1000000000
136 239 6646 5000 8192 0 1000000000
15 294 745 5000 8192 0 1000000000
76 99 3886 5000 8192 0 1000000000
121 195 5902 5000 8192 0 1000000000
110 108 5236 5000 8192 0 1000000000
13 106 583 5000 8192 0 1000000000
220 234 11095 5000 8192 0 1000000000
57 143 2761 5000 8192 0 1000000000
204 45 10118 5000 8192 0 1000000000
156 11 7711 5000 8192 0 1000000000
287 292 14650 5000 8192 0 1000000000
212 211 10524 5000 8192 0 1000000000
80 245 4028 5000 8192 0 1000000000
49 245 2322 5000 8192 0 1000000000
198 174 9831 5000 8192 0 1000000000
129 237 6365 5000 8192 0 1000000000
57 264 2777 5000 8192 0 1000000000
123 173 5959 5000 8192 0 1000000000
178 175 8782 5000 8192 0 1000000000
108 118 5112 5000 8192 0 1000000000
84 170 4313 5000 8192 0 1000000000
282 241 14355 5000 8192 0 1000000000
123 113 5995 5000 8192 0 1000000000
168 95 8313 5000 8192 0 1000000000
127 211 6248 5000 8192 0 1000000000
259 2 13078 5000 8192 0 1000000000
315 57 16124 5000 8192 0 1000000000
218 250 10923 5000 8192 0 1000000000
31 5 1562 5000 8192 0 1000000000
242 230 12350 5000 8192 0 1000000000
73 127 3732 5000 8192 0 1000000000
222 104 11186 5000 8192 0 1000000000
29 2 1445 5000 8192 0 1000000000
121 214 5899 5000 8192 0 1000000000
277 224 14061 5000 8192 0 1000000000
51 200 2470 5000 8192 0 1000000000
112 304 5420 5000 8192 0 1000000000
229 130 11533 5000 8192 0 1000000000
237 98 11998 5000 8192 0 1000000000
243 54 12373 5000 8192 0 1000000000
183 109 8967 5000 8192 0 1000000000
60 184 2937 5000 8192 0 1000000000
135 220 6611 5000 8192 0 1000000000
23 9 1210 5000 8192 0 1000000000
91 275 4551 5000 8192 0 1000000000
293 253 15014 5000 8192 0 1000000000
290 170 14821 5000 8192 0 1000000000
80 187 4025 5000 8192 0 1000000000
67 23 3409 5000 8192 0 1000000000
231 270 11628 5000 8192 0 1000000000
60 299 2974 5000 8192 0 1000000000
0 228 34 5000 8192 0 1000000000
215 248 10765 5000 8192 0 1000000000
310 179 15925 5000 8192 0 1000000000
222 319 11215 5000 8192 0 1000000000
67 101 3406 5000 8192 0 1000000000
280 93 14253 5000 8192 0 1000000000
101 153 4862 5000 8192 0 1000000000
300 262 15311 5000 8192 0 1000000000
129 55 6355 5000 8192 0 1000000000
264 28 13388 5000 8192 0 1000000000
0 160 48 5000 8192 0 1000000000
127 199 6232 5000 8192 0 1000000000
15 218 729 5000 8192 0 1000000000
255 23 12962 5000 8192 0 1000000000
205 217 10149 5000 8192 0 1000000000
44 127 2126 5000 8192 0 1000000000
12 271 546 5000 8192 0 1000000000
82 84 4202 5000 8192 0 1000000000
319 75 16289 5000 8192 0 1000000000
261 197 13209 5000 8192 0 1000000000
271 102 13826 5000 8192 0 1000000000
52 84 2521 5000 8192 0 1000000000
18 243 897 5000 8192 0 1000000000
164 61 8124 5000 8192 0 1000000000
45 44 2193 5000 8192 0 1000000000
65 78 3296 5000 8192 0 1000000000
287 209 14656 5000 8192 0 1000000000
172 213 8427 5000 8192 0 1000000000
260 124 13145 5000 8192 0 1000000000
92 8 4637 5000 8192 0 1000000000
35 165 1683 5000 8192 0 1000000000
269 8 13695 5000 8192 0 1000000000
67 207 3403 5000 8192 0 1000000000
87 21 4424 5000 8192 0 1000000000
155 70 7623 5000 8192 0 1000000000
60 167 2936 5000 8192 0 1000000000
215 78 10725 5000 8192 0 1000000000
231 118 11621 5000 8192 0 1000000000
24 73 1271 5000 8192 0 1000000000
290 289 14840 5000 8192 0 1000000000
109 94 5231 5000 8192 0 1000000000
117 52 5694 5000 8192 0 1000000000
97 123 4735 5000 8192 0 1000000000
262 281 13271 5000 8192 0 1000000000
242 150 12337 5000 8192 0 1000000000
254 300 12947 5000 8192 0 1000000000
296 256 15124 5000 8192 0 1000000000
59 140 2891 5000 8192 0 1000000000
65 104 3307 5000 8192 0 1000000000
319 152 16282 5000 8192 0 1000000000
193 34 9552 5000 8192 0 1000000000
296 223 15165 5000 8192 0 1000000000
291 108 14900 5000 8192 0 1000000000
76 237 3866 5000 8192 0 1000000000
308 62 15786 5000 8192 0 1000000000
244 85 12466 5000 8192 0 1000000000
104 265 5031 5000 8192 0 1000000000
193 296 9528 5000 8192 0 1000000000
117 147 5711 5000 8192 0 1000000000
195 300 9675 5000 8192 0 1000000000
173 211 8524 5000 8192 0 1000000000
206 275 10225 5000 8192 0 1000000000
268 48 13649 5000 8192 0 1000000000
309 164 15859 5000 8192 0 1000000000
222 187 11212 5000 8192 0 1000000000
217 239 10871 5000 8192 0 1000000000
231 43 11616 5000 8192 0 1000000000
12 4 570 5000 8192 0 1000000000
73 184 3722 5000 8192 0 1000000000
30 115 1483 5000 8192 0 1000000000
172 34 8452 5000 8192 0 1000000000
138 80 6812 5000 8192 0 1000000000
238 40 12065 5000 8192 0 1000000000
209 110 10385 5000 8192 0 1000000000
120 283 16350 5000 16777216 1 1000000000
126 52 6134 5000 8192 0 1000000000
110 122 5260 5000 8192 0 1000000000
190 293 9392 5000 8192 0 1000000000
141 234 6938 5000 8192 0 1000000000
147 76 7239 5000 8192 0 1000000000
179 264 8811 5000 8192 0 1000000000
212 310 10555 5000 8192 0 1000000000
114 285 5506 5000 8192 0 1000000000
102 252 4948 5000 8192 0 1000000000
274 240 13949 5000 8192 0 1000000000
47 143 2293 5000 8192 0 1000000000
20 238 1018 5000 8192 0 1000000000
242 205 12363 5000 8192 0 1000000000
236 246 11942 5000 8192 0 1000000000
212 62 10547 5000 8192 0 1000000000
125 47 6071 5000 8192 0 1000000000
7 272 326 5000 8192 0 1000000000
140 181 6880 5000 8192 0 1000000000
289 226 14763 5000 8192 0 1000000000
266 69 13499 5000 8192 0 1000000000
197 110 9759 5000 8192 0 1000000000
110 154 5264 5000 8192 0 1000000000
291 8 14914 5000 8192 0 1000000000
284 164 14434 5000 8192 0 1000000000
10 122 16395 5000 16777216 1 1000000000
148 78 7325 5000 8192 0 1000000000
238 5 12089 5000 8192 0 1000000000
55 159 2664 5000 8192 0 1000000000
109 222 5212 5000 8192 0 1000000000
269 221 13710 5000 8192 0 1000000000
27 230 1332 5000 8192 0 1000000000
62 277 3098 5000 8192 0 1000000000
98 44 4800 5000 8192 0 1000000000
258 238 13037 5000 8192 0 1000000000
18 156 914 5000 8192 0 1000000000
174 97 8578 5000 8192 0 1000000000
109 242 5184 5000 8192 0 1000000000
104 159 5032 5000 8192 0 1000000000
271 261 13842 5000 8192 0 1000000000
288 250 14689 5000 8192 0 1000000000
246 127 12604 5000 8192 0 1000000000
319 171 16299 5000 8192 0 1000000000
30 297 1486 5000 8192 0 1000000000
130 127 6406 5000 8192 0 1000000000
27 191 1336 5000 8192 0 1000000000
229 148 11510 5000 8192 0 1000000000
167 108 8285 5000 8192 0 1000000000
214 312 10709 5000 8192 0 1000000000
193 34 9541 5000 8192 0 1000000000
178 258 8737 5000 8192 0 1000000000
26 1 16362 5000 16777216 1 1000000000
130 34 6397 5000 8192 0 1000000000
160 21 7864 5000 8192 0 1000000000
316 1 16152 5000 8192 0 1000000000
66 49 3367 5000 8192 0 1000000000
285 295 14498 5000 8192 0 1000000000
297 241 15216 5000 8192 0 1000000000
225 240 11393 5000 8192 0 1000000000
190 129 9396 5000 8192 0 1000000000
138 316 6810 5000 8192 0 1000000000
71 96 3660 5000 8192 0 1000000000
295 256 15075 5000 8192 0 1000000000
32 143 1628 5000 8192 0 1000000000
145 225 7185 5000 8192 0 1000000000
287 240 14619 5000 8192 0 1000000000
233 176 11746 5000 8192 0 1000000000
173 203 8516 5000 8192 0 1000000000
196 309 9718 5000 8192 0 1000000000
231 81 11644 5000 8192 0 1000000000
183 118 8938 5000 8192 0 1000000000
84 270 4326 5000 8192 0 1000000000
17 213 846 5000 8192 0 1000000000
127 49 6210 5000 8192 0 1000000000
230 134 11549 5000 8192 0 1000000000
98 308 4826 5000 8192 0 1000000000
153 237 7550 5000 8192 0 1000000000
147 307 7234 5000 8192 0 1000000000
304 56 15550 5000 8192 0 1000000000
36 10 1769 5000 8192 0 1000000000
297 149 15245 5000 8192 0 1000000000
206 308 10212 5000 8192 0 1000000000
293 53 15017 5000 8192 0 1000000000
29 51 1428 5000 8192 0 1000000000
153 290 7570 5000 8192 0 1000000000
153 149 7541 5000 8192 0 1000000000
24 246 1255 5000 8192 0 1000000000
97 29 4732 5000 8192 0 1000000000
51 314 2487 5000 8192 0 1000000000
221 217 11152 5000 8192 0 1000000000
63 26 3129 5000 8192 0 1000000000
206 141 10227 5000 8192 0 1000000000
174 6 8594 5000 8192 0 1000000000
190 305 9419 5000 8192 0 1000000000
293 194 15046 5000 8192 0 1000000000
222 191 11161 5000 8192 0 1000000000
91 145 4578 5000 8192 0 1000000000
187 205 9239 5000 8192 0 1000000000
260 249 13146 5000 8192 0 1000000000
266 114 13521 5000 8192 0 1000000000
220 137 11085 5000 8192 0 1000000000
147 28 7224 5000 8192 0 1000000000
178 96 8763 5000 8192 0 1000000000
313 69 16036 5000 8192 0 1000000000
272 71 13862 5000 8192 0 1000000000
131 17 6454 5000 8192 0 1000000000
195 294 9676 5000 8192 0 1000000000
35 47 1712 5000 8192 0 1000000000
174 167 8562 5000 8192 0 1000000000
266 80 13478 5000 8192 0 1000000000
36 185 1736 5000 8192 0 1000000000
113 132 5487 5000 8192 0 1000000000
284 269 14446 5000 8192 0 1000000000
14 257 662 5000 8192 0 1000000000
211 255 10479 5000 8192 0 1000000000
216 158 10781 5000 8192 0 1000000000
213 218 10615 5000 8192 0 1000000000
129 138 6319 5000 8192 0 1000000000
234 152 11846 5000 8192 0 1000000000
13 315 578 5000 8192 0 1000000000
125 260 6093 5000 8192 0 1000000000
107 194 5102 5000 8192 0 1000000000
225 273 11379 5000 8192 0 1000000000
95 73 4697 5000 8192 0 1000000000
2 30 100 5000 8192 0 1000000000
150 47 7457 5000 8192 0 1000000000
95 76 4716 5000 8192 0 1000000000
206 126 10253 5000 8192 0 1000000000
168 54 8335 5000 8192 0 1000000000
239 309 12137 5000 8192 0 1000000000
194 140 9585 5000 8192 0 1000000000
261 214 13263 5000 8192 0 1000000000
117 222 5721 5000 8192 0 1000000000
217 306 10875 5000 8192 0 1000000000
148 198 7287 5000 8192 0 1000000000
95 226 4682 5000 8192 0 1000000000
277 10 14093 5000 8192 0 1000000000
81 242 4085 5000 8192 0 1000000000
115 237 5580 5000 8192 0 1000000000
215 204 10767 5000 8192 0 1000000000
136 78 6639 5000 8192 0 1000000000
84 257 4280 5000 8192 0 1000000000
118 78 5773 5000 8192 0 1000000000
116 284 5627 5000 8192 0 1000000000
59 124 2880 5000 8192 0 1000000000
17 157 881 5000 8192 0 1000000000
17 71 841 5000 8192 0 1000000000
302 226 15424 5000 8192 0 1000000000
71 70 3673 5000 8192 0 1000000000
268 17 13593 5000 8192 0 1000000000
158 22 7750 5000 8192 0 1000000000
244 286 12472 5000 8192 0 1000000000
107 194 5078 5000 8192 0 1000000000
134 130 6568 5000 8192 0 1000000000
57 208 2750 5000 8192 0 1000000000
174 5 8604 5000 8192 0 1000000000
159 42 7815 5000 8192 0 1000000000
165 108 8208 5000 8192 0 1000000000
85 66 4381 5000 8192 0 1000000000
307 243 15727 5000 8192 0 1000000000
142 171 6983 5000 8192 0 1000000000
258 142 13073 5000 8192 0 1000000000
121 318 5900 5000 8192 0 1000000000
203 44 10062 5000 8192 0 1000000000
128 101 6295 5000 8192 0 1000000000
111 19 5305 5000 8192 0 1000000000
202 136 9966 5000 8192 0 1000000000
262 188 13298 5000 8192 0 1000000000
168 153 8339 5000 8192 0 1000000000
113 226 5438 5000 8192 0 1000000000
47 22 2274 5000 8192 0 1000000000
117 171 5686 5000 8192 0 1000000000
315 27 16130 5000 8192 0 1000000000
121 169 5897 5000 8192 0 1000000000
154 1 16342 5000 16777216 1 1000000000
116 41 5640 5000 8192 0 1000000000
127 91 6196 5000 8192 0 1000000000
160 163 7868 5000 8192 0 1000000000
165 285 8213 5000 8192 0 1000000000
139 299 16415 5000 16777216 1 1000000000
230 11 11581 5000 8192 0 1000000000
315 294 16105 5000 8192 0 1000000000
69 300 3520 5000 8192 0 1000000000
216 95 10839 5000 8192 0 1000000000
152 282 7483 5000 8192 0 1000000000
280 152 14269 5000 8192 0 1000000000
159 79 7811 5000 8192 0 1000000000
187 250 9236 5000 8192 0 1000000000
109 140 5178 5000 8192 0 1000000000
4 144 253 5000 8192 0 1000000000
240 109 12243 5000 8192 0 1000000000
54 71 2571 5000 8192 0 1000000000
52 127 2523 5000 8192 0 1000000000
15 79 747 5000 8192 0 1000000000
45 10 2206 5000 8192 0 1000000000
243 295 12403 5000 8192 0 1000000000
241 227 12261 5000 8192 0 1000000000
305 85 15570 5000 8192 0 1000000000
27 198 1319 5000 8192 0 1000000000
104 220 5037 5000 8192 0 1000000000
259 149 13084 5000 8192 0 1000000000
85 180 4376 5000 8192 0 1000000000
81 231 4094 5000 8192 0 1000000000
319 318 16309 5000 8192 0 1000000000
255 171 12961 5000 8192 0 1000000000
18 249 931 5000 8192 0 1000000000
31 172 1549 5000 8192 0 1000000000
9 97 486 5000 8192 0 1000000000
201 249 9884 5000 8192 0 1000000000
178 128 8792 5000 8192 0 1000000000
247 284 12658 5000 8192 0 1000000000
145 110 7201 5000 8192 0 1000000000
113 157 5461 5000 8192 0 1000000000
68 128 3484 5000 8192 0 1000000000
176 296 8707 5000 8192 0 1000000000
264 99 13368 5000 8192 0 1000000000
79 277 3979 5000 8192 0 1000000000
129 113 6330 5000 8192 0 1000000000
152 300 7506 5000 8192 0 1000000000
221 80 11148 5000 8192 0 1000000000
161 186 7937 5000 8192 0 1000000000
229 302 11492 5000 8192 0 1000000000
176 144 8728 5000 8192 0 1000000000
264 165 13394 5000 8192 0 1000000000
303 169 15470 5000 8192 0 1000000000
161 213 7940 5000 8192 0 1000000000
158 19 7751 5000 8192 0 1000000000
121 32 5891 5000 8192 0 1000000000
16 182 830 5000 8192 0 1000000000
244 36 12491 5000 8192 0 1000000000
203 125 10060 5000 8192 0 1000000000
211 145 10462 5000 8192 0 1000000000
243 229 12422 5000 8192 0 1000000000
149 127 7348 5000 8192 0 1000000000
130 110 6442 5000 8192 0 1000000000
14 261 652 5000 8192 0 1000000000
234 39 11832 5000 8192 0 1000000000
40 171 1903 5000 8192 0 1000000000
116 185 5652 5000 8192 0 1000000000
45 183 2219 5000 8192 0 1000000000
2 214 77 5000 8192 0 1000000000
13 301 610 5000 8192 0 1000000000
161 155 7922 5000 8192 0 1000000000
95 122 4677 5000 8192 0 1000000000
246 271 12628 5000 8192 0 1000000000
209 316 10335 5000 8192 0 1000000000
219 180 11004 5000 8192 0 1000000000
52 289 2497 5000 8192 0 1000000000
127 228 6229 5000 8192 0 1000000000
279 43 14196 5000 8192 0 1000000000
220 284 11088 5000 8192 0 1000000000
287 317 14614 5000 8192 0 1000000000
187 181 9210 5000 8192 0 1000000000
115 97 5562 5000 8192 0 1000000000
267 318 13564 5000 8192 0 1000000000
0 113 24 5000 8192 0 1000000000
4 89 218 5000 8192 0 1000000000
198 119 9827 5000 8192 0 1000000000
141 72 6953 5000 8192 0 1000000000
237 240 12024 5000 8192 0 1000000000
183 65 8966 5000 8192 0 1000000000
240 274 12195 5000 8192 0 1000000000
306 268 15684 5000 8192 0 1000000000
235 204 11867 5000 8192 0 1000000000
125 83 6122 5000 8192 0 1000000000
116 314 5634 5000 8192 0 1000000000
112 84 5410 5000 8192 0 1000000000
44 141 2112 5000 8192 0 1000000000
50 8 2407 5000 8192 0 1000000000
110 147 5268 5000 8192 0 1000000000
148 180 7314 5000 8192 0 1000000000
110 76 5273 5000 8192 0 1000000000
68 221 3446 5000 8192 0 1000000000
95 13 4674 5000 8192 0 1000000000
164 254 8155 5000 8192 0 1000000000
266 221 13502 5000 8192 0 1000000000
244 60 12476 5000 8192 0 1000000000
7 65 339 5000 8192 0 1000000000
152 305 7485 5000 8192 0 1000000000
286 40 14603 5000 8192 0 1000000000
7 170 369 5000 8192 0 1000000000
186 167 9134 5000 8192 0 1000000000
18 113 915 5000 8192 0 1000000000
229 282 11509 5000 8192 0 1000000000
289 1 14782 5000 8192 0 1000000000
163 86 8082 5000 8192 0 1000000000
7 151 363 5000 8192 0 1000000000
234 6 11847 5000 8192 0 1000000000
215 57 10756 5000 8192 0 1000000000
134 206 6519 5000 8192 0 1000000000
285 163 14526 5000 8192 0 1000000000
272 275 13865 5000 8192 0 1000000000
61 211 3013 5000 8192 0 1000000000
141 139 6896 5000 8192 0 1000000000
58 109 2856 5000 8192 0 1000000000
191 319 9443 5000 8192 0 1000000000
308 204 15807 5000 8192 0 1000000000
15 165 704 5000 8192 0 1000000000
83 75 4219 5000 8192 0 1000000000
194 177 9616 5000 8192 0 1000000000
262 60 13276 5000 8192 0 1000000000
161 165 7925 5000 8192 0 1000000000
178 54 8783 5000 8192 0 1000000000
269 285 13660 5000 8192 0 1000000000
172 310 8456 5000 8192 0 1000000000
114 132 5525 5000 8192 0 1000000000
91 169 4581 5000 8192 0 1000000000
169 2 8411 5000 8192 0 1000000000
55 56 2650 5000 8192 0 1000000000
303 184 15497 5000 8192 0 1000000000
42 244 1983 5000 8192 0 1000000000
187 169 9215 5000 8192 0 1000000000
23 53 1164 5000 8192 0 1000000000
236 310 11945 5000 8192 0 1000000000
216 190 10789 5000 8192 0 1000000000
84 32 4314 5000 8192 0 1000000000
112 104 5379 5000 8192 0 1000000000
90 88 4503 5000 8192 0 1000000000
31 265 1571 5000 8192 0 1000000000
168 2 8324 5000 8192 0 1000000000
197 26 9762 5000 8192 0 1000000000
155 198 7606 5000 8192 0 1000000000
62 91 3066 5000 8192 0 1000000000
14 250 691 5000 8192 0 1000000000
54 167 2570 5000 8192 0 1000000000
208 33 10291 5000 8192 0 1000000000
188 224 9279 5000 8192 0 1000000000
156 217 7668 5000 8192 0 1000000000
143 190 7023 5000 8192 0 1000000000
262 31 13302 5000 8192 0 1000000000
288 240 14692 5000 8192 0 1000000000
202 221 9990 5000 8192 0 1000000000
18 177 936 5000 8192 0 1000000000
225 165 11392 5000 8192 0 1000000000
194 264 9588 5000 8192 0 1000000000
87 81 4455 5000 8192 0 1000000000
29 44 1414 5000 8192 0 1000000000
241 8 12259 5000 8192 0 1000000000
194 125 9618 5000 8192 0 1000000000
267 197 13545 5000 8192 0 1000000000
6 267 304 5000 8192 0 1000000000
67 186 3408 5000 8192 0 1000000000
123 294 5992 5000 8192 0 1000000000
162 177 8000 5000 8192 0 1000000000
205 240 10152 5000 8192 0 1000000000
110 289 5263 5000 8192 0 1000000000
206 263 10255 5000 8192 0 1000000000
8 72 439 5000 8192 0 1000000000
286 177 14575 5000 8192 0 1000000000
27 293 1338 5000 8192 0 1000000000
276 54 13979 5000 8192 0 1000000000
32 227 1597 5000 8192 0 1000000000
203 103 10057 5000 8192 0 1000000000
172 249 8449 5000 8192 0 1000000000
69 245 3532 5000 8192 0 1000000000
134 148 6554 5000 8192 0 1000000000
84 312 4302 5000 8192 0 1000000000
70 213 3622 5000 8192 0 1000000000
172 84 8446 5000 8192 0 1000000000
51 246 2434 5000 8192 0 1000000000
152 284 7464 5000 8192 0 1000000000
310 247 15926 5000 8192 0 1000000000
289 111 14792 5000 8192 0 1000000000
174 128 8593 5000 8192 0 1000000000
123 263 5952 5000 8192 0 1000000000
309 295 15858 5000 8192 0 1000000000
78 280 3929 5000 8192 0 1000000000
73 170 3764 5000 8192 0 1000000000
49 270 2307 5000 8192 0 1000000000
232 35 11699 5000 8192 0 1000000000
308 129 15787 5000 8192 0 1000000000
29 276 1450 5000 8192 0 1000000000
202 295 9978 5000 8192 0 1000000000
210 94 10457 5000 8192 0 1000000000
111 267 5306 5000 8192 0 1000000000
87 84 4413 5000 8192 0 1000000000
162 232 7985 5000 8192 0 1000000000
179 124 8858 5000 8192 0 1000000000
225 216 11380 5000 8192 0 1000000000
186 73 9166 5000 8192 0 1000000000
65 131 3281 5000 8192 0 1000000000
130 238 6398 5000 8192 0 1000000000
57 273 2745 5000 8192 0 1000000000
194 33 9565 5000 8192 0 1000000000
104 74 5020 5000 8192 0 1000000000
78 283 3895 5000 8192 0 1000000000
312 51 16010 5000 8192 0 1000000000
113 202 5442 5000 8192 0 1000000000
265 80 13438 5000 8192 0 1000000000
136 158 6700 5000 8192 0 1000000000
186 109 9153 5000 8192 0 1000000000
221 110 11100 5000 8192 0 1000000000
107 170 5051 5000 8192 0 1000000000
196 138 9738 5000 8192 0 1000000000
56 230 2731 5000 8192 0 1000000000
45 261 2197 5000 8192 0 1000000000
204 267 10108 5000 8192 0 1000000000
261 53 13236 5000 8192 0 1000000000
0 198 43 5000 8192 0 1000000000
148 166 7297 5000 8192 0 1000000000
219 186 10985 5000 8192 0 1000000000
187 188 9197 5000 8192 0 1000000000
191 199 9478 5000 8192 0 1000000000
22 99 1111 5000 8192 0 1000000000
209 289 10346 5000 8192 0 1000000000
22 32 1133 5000 8192 0 1000000000
87 40 4410 5000 8192 0 1000000000
124 221 6002 5000 8192 0 1000000000
39 22 1849 5000 8192 0 1000000000
56 18 2742 5000 8192 0 1000000000
130 81 6416 5000 8192 0 1000000000
230 0 11546 5000 8192 0 1000000000
278 164 14111 5000 8192 0 1000000000
195 277 9672 5000 8192 0 1000000000
66 297 3360 5000 8192 0 1000000000
212 78 10556 5000 8192 0 1000000000
57 239 2787 5000 8192 0 1000000000
189 152 9357 5000 8192 0 1000000000
141 15 6949 5000 8192 0 1000000000
21 130 1025 5000 8192 0 1000000000
316 319 16140 5000 8192 0 1000000000
20 60 1007 5000 8192 0 1000000000
23 135 1156 5000 8192 0 1000000000
287 119 14663 5000 8192 0 1000000000
3 39 166 5000 8192 0 1000000000
239 61 12151 5000 8192 0 1000000000
17 174 838 5000 8192 0 1000000000
205 268 10162 5000 8192 0 1000000000
55 315 2626 5000 8192 0 1000000000
160 71 7849 5000 8192 0 1000000000
302 42 15431 5000 8192 0 1000000000
268 204 13588 5000 8192 0 1000000000
183 307 8949 5000 8192 0 1000000000
52 2 2520 5000 8192 0 1000000000
213 289 10622 5000 8192 0 1000000000
271 180 13790 5000 8192 0 1000000000
64 53 3197 5000 8192 0 1000000000
255 13 13008 5000 8192 0 1000000000
0 155 8 5000 8192 0 1000000000
0 212 1 5000 8192 0 1000000000
80 292 4054 5000 8192 0 1000000000
236 292 11959 5000 8192 0 1000000000
4 28 222 5000 8192 0 1000000000
169 96 8380 5000 8192 0 1000000000
308 291 15767 5000 8192 0 1000000000
175 225 8613 5000 8192 0 1000000000
157 103 16375 5000 16777216 1 1000000000
8 52 422 5000 8192 0 1000000000
215 125 10748 5000 8192 0 1000000000
235 300 11911 5000 8192 0 1000000000
123 290 5982 5000 8192 0 1000000000
288 291 14713 5000 8192 0 1000000000
185 316 9084 5000 8192 0 1000000000
4 34 220 5000 8192 0 1000000000
15 182 717 5000 8192 0 1000000000
238 197 12072 5000 8192 0 1000000000
59 134 2924 5000 8192 0 1000000000
140 40 6878 5000 8192 0 1000000000
272 91 13854 5000 8192 0 1000000000
276 76 14028 5000 8192 0 1000000000
184 98 9014 5000 8192 0 1000000000
78 214 3900 5000 8192 0 1000000000
57 148 2763 5000 8192 0 1000000000
4 109 234 5000 8192 0 1000000000
174 202 8597 5000 8192 0 1000000000
279 87 14212 5000 8192 0 1000000000
150 284 7417 5000 8192 0 1000000000
267 95 13538 5000 8192 0 1000000000
231 144 11626 5000 8192 0 1000000000
208 285 10275 5000 8192 0 1000000000
287 52 14659 5000 8192 0 1000000000
110 103 5275 5000 8192 0 1000000000
81 311 4126 5000 8192 0 1000000000
141 286 6895 5000 8192 0 1000000000
155 275 7612 5000 8192 0 1000000000
234 65 11827 5000 8192 0 1000000000
188 69 9258 5000 8192 0 1000000000
52 184 2533 5000 8192 0 1000000000
249 48 12809 5000 8192 0 1000000000
244 100 12452 5000 8192 0 1000000000
185 214 9108 5000 8192 0 1000000000
111 172 5338 5000 8192 0 1000000000
319 222 16328 5000 8192 0 1000000000
204 178 10121 5000 8192 0 1000000000
276 126 14010 5000 8192 0 1000000000
248 71 12735 5000 8192 0 1000000000
249 220 12816 5000 8192 0 1000000000
222 290 11198 5000 8192 0 1000000000
15 289 733 5000 8192 0 1000000000
188 161 9277 5000 8192 0 1000000000
56 218 2730 5000 8192 0 1000000000
55 290 2622 5000 8192 0 1000000000
310 78 15928 5000 8192 0 1000000000
266 58 13515 5000 8192 0 1000000000
9 25 472 5000 8192 0 1000000000
63 260 3151 5000 8192 0 1000000000
293 205 14998 5000 8192 0 1000000000
175 316 8621 5000 8192 0 1000000000
228 26 16413 5000 16777216 1 1000000000
81 254 4136 5000 8192 0 1000000000
279 227 14169 5000 8192 0 1000000000
162 309 7987 5000 8192 0 1000000000
87 85 4447 5000 8192 0 1000000000
92 60 4617 5000 8192 0 1000000000
217 177 10854 5000 8192 0 1000000000
282 73 14411 5000 8192 0 1000000000
306 50 15690 5000 8192 0 1000000000
213 194 10621 5000 8192 0 1000000000
220 237 11036 5000 8192 0 1000000000
63 111 3189 5000 8192 0 1000000000
114 172 5540 5000 8192 0 1000000000
165 120 8224 5000 8192 0 1000000000
128 76 6311 5000 8192 0 1000000000
110 160 5271 5000 8192 0 1000000000
245 212 12536 5000 8192 0 1000000000
162 76 8026 5000 8192 0 1000000000
312 176 15987 5000 8192 0 1000000000
288 223 14709 5000 8192 0 1000000000
23 43 1204 5000 8192 0 1000000000
180 311 16329 5000 16777216 1 1000000000
152 32 7516 5000 8192 0 1000000000
310 257 15929 5000 8192 0 1000000000
225 273 11410 5000 8192 0 1000000000
307 149 15702 5000 8192 0 1000000000
248 26 12706 5000 8192 0 1000000000
312 262 15953 5000 8192 0 1000000000
303 205 15495 5000 8192 0 1000000000
173 295 8517 5000 8192 0 1000000000
108 211 5135 5000 8192 0 1000000000
76 81 3856 5000 8192 0 1000000000
282 32 14378 5000 8192 0 1000000000
191 224 9454 5000 8192 0 1000000000
221 213 11135 5000 8192 0 1000000000
27 205 1303 5000 8192 0 1000000000
188 87 9309 5000 8192 0 1000000000
71 1 3644 5000 8192 0 1000000000
231 24 11618 5000 8192 0 1000000000
298 150 15258 5000 8192 0 1000000000
264 156 13353 5000 8192 0 1000000000
12 18 535 5000 8192 0 1000000000
266 289 13517 5000 8192 0 1000000000
191 41 9482 5000 8192 0 1000000000
222 16 11179 5000 8192 0 1000000000
32 118 1618 5000 8192 0 1000000000
84 132 4294 5000 8192 0 1000000000
36 4 1748 5000 8192 0 1000000000
136 53 6675 5000 8192 0 1000000000
107 179 5103 5000 8192 0 1000000000
118 263 5782 5000 8192 0 1000000000
141 111 6946 5000 8192 0 1000000000
209 128 10389 5000 8192 0 1000000000
36 76 1768 5000 8192 0 1000000000
107 56 5067 5000 8192 0 1000000000
80 147 4069 5000 8192 0 1000000000
305 229 15597 5000 8192 0 1000000000
62 219 3097 5000 8192 0 1000000000
4 52 254 5000 8192 0 1000000000
224 151 11350 5000 8192 0 1000000000
41 253 1945 5000 8192 0 1000000000
209 23 10379 5000 8192 0 1000000000
181 66 8866 5000 8192 0 1000000000
238 15 12068 5000 8192 0 1000000000
43 159 2078 5000 8192 0 1000000000
274 68 13957 5000 8192 0 1000000000
259 297 13109 5000 8192 0 1000000000
43 90 2090 5000 8192 0 1000000000
59 295 2892 5000 8192 0 1000000000
179 213 8859 5000 8192 0 1000000000
95 286 4689 5000 8192 0 1000000000
226 209 11441 5000 8192 0 1000000000
117 104 5737 5000 8192 0 1000000000
64 71 3220 5000 8192 0 1000000000
231 259 11609 5000 8192 0 1000000000
298 258 15275 5000 8192 0 1000000000
230 36 11576 5000 8192 0 1000000000
214 128 10670 5000 8192 0 1000000000
144 136 7139 5000 8192 0 1000000000
274 68 13964 5000 8192 0 1000000000
59 273 2930 5000 8192 0 1000000000
41 185 1949 5000 8192 0 1000000000
81 164 4092 5000 8192 0 1000000000
183 182 8940 5000 8192 0 1000000000
73 17 3701 5000 8192 0 1000000000
244 291 12456 5000 8192 0 1000000000
229 30 11539 5000 8192 0 1000000000
173 313 8482 5000 8192 0 1000000000
267 162 13583 5000 8192 0 1000000000
266 158 13466 5000 8192 0 1000000000
108 148 5119 5000 8192 0 1000000000
217 223 10851 5000 8192 0 1000000000
233 184 11751 5000 8192 0 1000000000
296 227 15150 5000 8192 0 1000000000
15 137 714 5000 8192 0 1000000000
312 253 16000 5000 8192 0 1000000000
113 257 5449 5000 8192 0 1000000000
285 242 14529 5000 8192 0 1000000000
219 55 10969 5000 8192 0 1000000000
118 214 5808 5000 8192 0 1000000000
7 19 377 5000 8192 0 1000000000
206 307 10251 5000 8192 0 1000000000
2 134 117 5000 8192 0 1000000000
111 284 5360 5000 8192 0 1000000000
206 238 10260 5000 8192 0 1000000000
9 237 478 5000 8192 0 1000000000
150 15 7443 5000 8192 0 1000000000
83 274 4269 5000 8192 0 1000000000
112 314 5370 5000 8192 0 1000000000
293 182 15005 5000 8192 0 1000000000
212 285 10565 5000 8192 0 1000000000
259 54 13091 5000 8192 0 1000000000
252 261 12839 5000 8192 0 1000000000
80 26 4056 5000 8192 0 1000000000
290 87 14829 5000 8192 0 1000000000
313 158 16011 5000 8192 0 1000000000
249 8 12778 5000 8192 0 1000000000
125 60 6074 5000 8192 0 1000000000
291 1 14877 5000 8192 0 1000000000
22 122 1091 5000 8192 0 1000000000
59 12 2917 5000 8192 0 1000000000
196 54 9712 5000 8192 0 1000000000
137 268 6754 5000 8192 0 1000000000
40 174 1882 5000 8192 0 1000000000
113 276 5425 5000 8192 0 1000000000
172 21 8455 5000 8192 0 1000000000
226 121 11433 5000 8192 0 1000000000
202 94 10009 5000 8192 0 1000000000
134 3 6569 5000 8192 0 1000000000
102 150 4971 5000 8192 0 1000000000
299 100 16368 5000 16777216 1 1000000000
60 44 2984 5000 8192 0 1000000000
115 215 5589 5000 8192 0 1000000000
142 136 6969 5000 8192 0 1000000000
156 180 7662 5000 8192 0 1000000000
84 265 4281 5000 8192 0 1000000000
81 163 4134 5000 8192 0 1000000000
147 274 7248 5000 8192 0 1000000000
206 200 10206 5000 8192 0 1000000000
35 38 1709 5000 8192 0 1000000000
82 312 4197 5000 8192 0 1000000000
2 148 116 5000 8192 0 1000000000
85 67 4358 5000 8192 0 1000000000
278 298 14118 5000 8192 0 1000000000
302 202 15409 5000 8192 0 1000000000
279 242 14207 5000 8192 0 1000000000
214 281 10662 5000 8192 0 1000000000
186 218 9182 5000 8192 0 1000000000
44 216 2141 5000 8192 0 1000000000
31 17 1576 5000 8192 0 1000000000
173 157 8540 5000 8192 0 1000000000
114 266 5532 5000 8192 0 1000000000
62 71 3068 5000 8192 0 1000000000
35 266 1673 5000 8192 0 1000000000
71 6 3658 5000 8192 0 1000000000
66 162 3371 5000 8192 0 1000000000
258 141 13065 5000 8192 0 1000000000
145 125 7178 5000 8192 0 1000000000
47 19 2292 5000 8192 0 1000000000
126 316 6188 5000 8192 0 1000000000
52 239 2530 5000 8192 0 1000000000
175 101 8622 5000 8192 0 1000000000
85 283 4339 5000 8192 0 1000000000
117 314 5709 5000 8192 0 1000000000
284 228 14476 5000 8192 0 1000000000
185 132 9118 5000 8192 0 1000000000
14 312 664 5000 8192 0 1000000000
221 30 11156 5000 8192 0 1000000000
186 98 9178 5000 8192 0 1000000000
57 237 2766 5000 8192 0 1000000000
141 86 6892 5000 8192 0 1000000000
285 129 14528 5000 8192 0 1000000000
243 112 12381 5000 8192 0 1000000000
193 99 9564 5000 8192 0 1000000000
58 303 2823 5000 8192 0 1000000000
201 95 9897 5000 8192 0 1000000000
309 119 15830 5000 8192 0 1000000000
161 270 7914 5000 8192 0 1000000000
174 234 8561 5000 8192 0 1000000000
102 30 4946 5000 8192 0 1000000000
271 258 13823 5000 8192 0 1000000000
175 141 8656 5000 8192 0 1000000000
224 57 11341 5000 8192 0 1000000000
296 188 15130 5000 8192 0 1000000000
65 164 3294 5000 8192 0 1000000000
198 142 9875 5000 8192 0 1000000000
44 25 2138 5000 8192 0 1000000000
102 203 4939 5000 8192 0 1000000000
165 130 8189 5000 8192 0 1000000000
95 146 4687 5000 8192 0 1000000000
136 318 6670 5000 8192 0 1000000000
244 108 12437 5000 8192 0 1000000000
7 132 338 5000 8192 0 1000000000
79 31 3956 5000 8192 0 1000000000
97 185 4756 5000 8192 0 1000000000
214 1 10711 5000 8192 0 1000000000
178 121 8795 5000 8192 0 1000000000
31 107 1546 5000 8192 0 1000000000
282 10 14358 5000 8192 0 1000000000
249 77 12787 5000 8192 0 1000000000
155 298 7599 5000 8192 0 1000000000
213 204 10591 5000 8192 0 1000000000
31 77 1542 5000 8192 0 1000000000
305 5 15615 5000 8192 0 1000000000
98 270 4830 5000 8192 0 1000000000
50 194 2376 5000 8192 0 1000000000
162 270 7983 5000 8192 0 1000000000
95 317 4660 5000 8192 0 1000000000
80 41 4077 5000 8192 0 1000000000
208 92 10306 5000 8192 0 1000000000
221 241 11102 5000 8192 0 1000000000
309 221 15884 5000 8192 0 1000000000
276 17 13990 5000 8192 0 1000000000
245 144 12534 5000 8192 0 1000000000
20 79 1004 5000 8192 0 1000000000
175 10 8642 5000 8192 0 1000000000
144 199 7129 5000 8192 0 1000000000
110 179 5272 5000 8192 0 1000000000
81 216 4091 5000 8192 0 1000000000
136 106 6676 5000 8192 0 1000000000
279 305 14198 5000 8192 0 1000000000
188 68 9297 5000 8192 0 1000000000
90 93 4492 5000 8192 0 1000000000
65 316 3278 5000 8192 0 1000000000
84 222 4310 5000 8192 0 1000000000
223 31 11246 5000 8192 0 1000000000
174 277 8553 5000 8192 0 1000000000
28 263 1374 5000 8192 0 1000000000
219 155 10988 5000 8192 0 1000000000
18 117 951 5000 8192 0 1000000000
281 244 14342 5000 8192 0 1000000000
318 205 16229 5000 8192 0 1000000000
8 274 438 5000 8192 0 1000000000
318 53 16238 5000 8192 0 1000000000
17 141 878 5000 8192 0 1000000000
134 259 6515 5000 8192 0 1000000000
136 184 6695 5000 8192 0 1000000000
110 207 5258 5000 8192 0 1000000000
29 232 1427 5000 8192 0 1000000000
168 8 8338 5000 8192 0 1000000000
183 272 8971 5000 8192 0 1000000000
61 196 3035 5000 8192 0 1000000000
144 94 7118 5000 8192 0 1000000000
6 162 284 5000 8192 0 1000000000
19 99 16353 5000 16777216 1 1000000000
43 120 2060 5000 8192 0 1000000000
131 52 6448 5000 8192 0 1000000000
309 114 15879 5000 8192 0 1000000000
226 248 11453 5000 8192 0 1000000000
232 42 11696 5000 8192 0 1000000000
285 307 14523 5000 8192 0 1000000000
75 108 3768 5000 8192 0 1000000000
208 49 10305 5000 8192 0 1000000000
116 304 5646 5000 8192 0 1000000000
202 151 9972 5000 8192 0 1000000000
295 217 15102 5000 8192 0 1000000000
30 300 1499 5000 8192 0 1000000000
262 244 13269 5000 8192 0 1000000000
140 102 6858 5000 8192 0 1000000000
195 90 9684 5000 8192 0 1000000000
114 106 5518 5000 8192 0 1000000000
51 144 2474 5000 8192 0 1000000000
211 202 10480 5000 8192 0 1000000000
162 18 7990 5000 8192 0 1000000000
104 186 5030 5000 8192 0 1000000000
255 220 12959 5000 8192 0 1000000000
255 122 12984 5000 8192 0 1000000000
49 180 2308 5000 8192 0 1000000000
71 260 3646 5000 8192 0 1000000000
209 228 10342 5000 8192 0 1000000000
127 198 6226 5000 8192 0 1000000000
224 1 11322 5000 8192 0 1000000000
205 2 10175 5000 8192 0 1000000000
32 28 1600 5000 8192 0 1000000000
118 306 5754 5000 8192 0 1000000000
271 50 13812 5000 8192 0 1000000000
217 131 10884 5000 8192 0 1000000000
20 154 1013 5000 8192 0 1000000000
118 182 5783 5000 8192 0 1000000000
204 260 10077 5000 8192 0 1000000000
6 263 279 5000 8192 0 1000000000
85 122 4343 5000 8192 0 1000000000
32 116 1636 5000 8192 0 1000000000
269 127 13678 5000 8192 0 1000000000
247 312 12671 5000 8192 0 1000000000
80 319 4083 5000 8192 0 1000000000
55 23 2640 5000 8192 0 1000000000
71 160 3680 5000 8192 0 1000000000
12 199 558 5000 8192 0 1000000000
300 61 15325 5000 8192 0 1000000000
206 2 10265 5000 8192 0 1000000000
129 290 6358 5000 8192 0 1000000000
244 124 12464 5000 8192 0 1000000000
126 111 6127 5000 8192 0 1000000000
286 193 14547 5000 8192 0 1000000000
70 282 3623 5000 8192 0 1000000000
223 129 11231 5000 8192 0 1000000000
163 297 8050 5000 8192 0 1000000000
189 247 9334 5000 8192 0 1000000000
193 254 9551 5000 8192 0 1000000000
312 199 15979 5000 8192 0 1000000000
127 7 6224 5000 8192 0 1000000000
234 197 11853 5000 8192 0 1000000000
153 221 7527 5000 8192 0 1000000000
109 198 5203 5000 8192 0 1000000000
58 229 2825 5000 8192 0 1000000000
116 308 5617 5000 8192 0 1000000000
61 223 3044 5000 8192 0 1000000000
97 104 4782 5000 8192 0 1000000000
264 299 13345 5000 8192 0 1000000000
210 246 10417 5000 8192 0 1000000000
63 199 3137 5000 8192 0 1000000000
114 204 5500 5000 8192 0 1000000000
189 67 9327 5000 8192 0 1000000000
184 15 9000 5000 8192 0 1000000000
142 243 7008 5000 8192 0 1000000000
235 154 11891 5000 8192 0 1000000000
201 268 9944 5000 8192 0 1000000000
292 261 14983 5000 8192 0 1000000000
76 245 3854 5000 8192 0 1000000000
158 20 7745 5000 8192 0 1000000000
97 13 4765 5000 8192 0 1000000000
289 163 14759 5000 8192 0 1000000000
104 211 5033 5000 8192 0 1000000000
140 171 6868 5000 8192 0 1000000000
90 208 4491 5000 8192 0 1000000000
144 225 7097 5000 8192 0 1000000000
175 15 8618 5000 8192 0 1000000000
284 215 14465 5000 8192 0 1000000000
222 82 11214 5000 8192 0 1000000000
131 195 6471 5000 8192 0 1000000000
2 17 108 5000 8192 0 1000000000
216 38 10834 5000 8192 0 1000000000
254 182 12927 5000 8192 0 1000000000
235 298 11890 5000 8192 0 1000000000
220 205 11035 5000 8192 0 1000000000
150 203 7400 5000 8192 0 1000000000
65 222 3310 5000 8192 0 1000000000
161 50 7930 5000 8192 0 1000000000
287 240 14658 5000 8192 0 1000000000
52 224 2495 5000 8192 0 1000000000
113 313 5470 5000 8192 0 1000000000
28 173 1397 5000 8192 0 1000000000
278 167 14161 5000 8192 0 1000000000
315 245 16111 5000 8192 0 1000000000
75 55 3818 5000 8192 0 1000000000
264 78 13354 5000 8192 0 1000000000
138 227 6809 5000 8192 0 1000000000
150 313 7437 5000 8192 0 1000000000
272 9 13896 5000 8192 0 1000000000
176 40 8697 5000 8192 0 1000000000
188 224 9252 5000 8192 0 1000000000
0 206 13 5000 8192 0 1000000000
36 128 1732 5000 8192 0 1000000000
172 62 8463 5000 8192 0 1000000000
232 259 11723 5000 8192 0 1000000000
36 259 1754 5000 8192 0 1000000000
288 210 14711 5000 8192 0 1000000000
45 40 2188 5000 8192 0 1000000000
288 112 14705 5000 8192 0 1000000000
30 244 1520 5000 8192 0 1000000000
216 85 10824 5000 8192 0 1000000000
161 156 7926 5000 8192 0 1000000000
155 32 7610 5000 8192 0 1000000000
109 212 5220 5000 8192 0 1000000000
300 89 15366 5000 8192 0 1000000000
20 74 985 5000 8192 0 1000000000
75 193 3796 5000 8192 0 1000000000
104 277 4990 5000 8192 0 1000000000
102 24 4958 5000 8192 0 1000000000
286 72 14604 5000 8192 0 1000000000
167 91 8227 5000 8192 0 1000000000
124 51 6019 5000 8192 0 1000000000
56 2 2725 5000 8192 0 1000000000
36 165 1759 5000 8192 0 1000000000
27 113 1296 5000 8192 0 1000000000
143 209 7033 5000 8192 0 1000000000
172 149 8447 5000 8192 0 1000000000
178 49 8770 5000 8192 0 1000000000
258 139 13025 5000 8192 0 1000000000
278 203 14121 5000 8192 0 1000000000
221 299 11124 5000 8192 0 1000000000
185 211 9067 5000 8192 0 1000000000
83 279 4231 5000 8192 0 1000000000
235 266 11875 5000 8192 0 1000000000
181 23 8915 5000 8192 0 1000000000
215 309 10760 5000 8192 0 1000000000
235 64 11865 5000 8192 0 1000000000
246 243 12568 5000 8192 0 1000000000
129 83 6362 5000 8192 0 1000000000
220 288 11087 5000 8192 0 1000000000
158 57 7778 5000 8192 0 1000000000
258 54 13052 5000 8192 0 1000000000
56 53 2685 5000 8192 0 1000000000
274 166 13958 5000 8192 0 1000000000
237 219 12050 5000 8192 0 1000000000
281 309 14308 5000 8192 0 1000000000
17 42 864 5000 8192 0 1000000000
240 302 12214 5000 8192 0 1000000000
239 37 12149 5000 8192 0 1000000000
270 296 13756 5000 8192 0 1000000000
158 280 7719 5000 8192 0 1000000000
35 86 1706 5000 8192 0 1000000000
27 16 1322 5000 8192 0 1000000000
115 189 5596 5000 8192 0 1000000000
47 256 2286 5000 8192 0 1000000000
175 222 8668 5000 8192 0 1000000000
68 151 3455 5000 8192 0 1000000000
142 208 6954 5000 8192 0 1000000000
29 234 1465 5000 8192 0 1000000000
97 298 4762 5000 8192 0 1000000000
144 134 7114 5000 8192 0 1000000000
204 78 10094 5000 8192 0 1000000000
65 310 3315 5000 8192 0 1000000000
300 36 15333 5000 8192 0 1000000000
148 260 7319 5000 8192 0 1000000000
84 142 4291 5000 8192 0 1000000000
106 88 16369 5000 16777216 1 1000000000
117 262 5727 5000 8192 0 1000000000
156 18 7678 5000 8192 0 1000000000
130 228 6434 5000 8192 0 1000000000
52 65 2522 5000 8192 0 1000000000
285 319 14533 5000 8192 0 1000000000
245 48 12540 5000 8192 0 1000000000
230 178 11605 5000 8192 0 1000000000
153 47 7586 5000 8192 0 1000000000
8 194 427 5000 8192 0 1000000000
58 196 2853 5000 8192 0 1000000000
181 56 8923 5000 8192 0 1000000000
203 249 10025 5000 8192 0 1000000000
84 13 4322 5000 8192 0 1000000000
243 318 12413 5000 8192 0 1000000000
219 140 11031 5000 8192 0 1000000000
84 60 4335 5000 8192 0 1000000000
63 296 3172 5000 8192 0 1000000000
68 192 3507 5000 8192 0 1000000000
307 83 15754 5000 8192 0 1000000000
97 88 4736 5000 8192 0 1000000000
298 310 15263 5000 8192 0 1000000000
179 318 8816 5000 8192 0 1000000000
305 66 15579 5000 8192 0 1000000000
249 80 12785 5000 8192 0 1000000000
55 59 2659 5000 8192 0 1000000000
239 68 12171 5000 8192 0 1000000000
276 158 14030 5000 8192 0 1000000000
179 27 8847 5000 8192 0 1000000000
279 125 14219 5000 8192 0 1000000000
255 310 12958 5000 8192 0 1000000000
161 171 7915 5000 8192 0 1000000000
277 115 14049 5000 8192 0 1000000000
206 94 10254 5000 8192 0 1000000000
194 113 9568 5000 8192 0 1000000000
205 23 10140 5000 8192 0 1000000000
204 126 10126 5000 8192 0 1000000000
306 304 15685 5000 8192 0 1000000000
7 310 340 5000 8192 0 1000000000
28 1 1362 5000 8192 0 1000000000
318 275 16265 5000 8192 0 1000000000
162 14 8016 5000 8192 0 1000000000
91 308 4580 5000 8192 0 1000000000
231 16 11646 5000 8192 0 1000000000
209 200 10375 5000 8192 0 1000000000
281 28 14294 5000 8192 0 1000000000
309 116 15866 5000 8192 0 1000000000
208 115 10297 5000 8192 0 1000000000
134 130 6529 5000 8192 0 1000000000
71 79 3686 5000 8192 0 1000000000
248 47 12736 5000 8192 0 1000000000
245 231 12544 5000 8192 0 1000000000
196 132 9709 5000 8192 0 1000000000
149 67 7371 5000 8192 0 1000000000
123 286 5975 5000 8192 0 1000000000
150 40 7448 5000 8192 0 1000000000
125 162 6069 5000 8192 0 1000000000
208 236 10319 5000 8192 0 1000000000
179 310 8837 5000 8192 0 1000000000
112 155 5424 5000 8192 0 1000000000
279 100 14224 5000 8192 0 1000000000
246 173 12623 5000 8192 0 1000000000
155 69 7618 5000 8192 0 1000000000
218 85 10954 5000 8192 0 1000000000
130 283 6402 5000 8192 0 1000000000
116 215 5650 5000 8192 0 1000000000
20 256 999 5000 8192 0 1000000000
152 294 7473 5000 8192 0 1000000000
31 132 1557 5000 8192 0 1000000000
35 205 1716 5000 8192 0 1000000000
15 283 762 5000 8192 0 1000000000
249 10 12759 5000 8192 0 1000000000
205 222 10169 5000 8192 0 1000000000
156 120 7716 5000 8192 0 1000000000
281 303 14327 5000 8192 0 1000000000
167 84 8254 5000 8192 0 1000000000
8 28 417 5000 8192 0 1000000000
202 247 9963 5000 8192 0 1000000000
290 63 14854 5000 8192 0 1000000000
269 283 13702 5000 8192 0 1000000000
265 1 13397 5000 8192 0 1000000000
14 111 645 5000 8192 0 1000000000
41 236 1932 5000 8192 0 1000000000
274 69 13929 5000 8192 0 1000000000
291 194 14925 5000 8192 0 1000000000
220 105 11063 5000 8192 0 1000000000
23 231 1187 5000 8192 0 1000000000
258 14 13031 5000 8192 0 1000000000
204 237 10135 5000 8192 0 1000000000
176 163 8711 5000 8192 0 1000000000
296 131 15131 5000 8192 0 1000000000
309 52 15841 5000 8192 0 1000000000
163 210 8052 5000 8192 0 1000000000
76 280 3882 5000 8192 0 1000000000
212 102 10550 5000 8192 0 1000000000
150 46 7442 5000 8192 0 1000000000
143 277 7047 5000 8192 0 1000000000
20 271 1005 5000 8192 0 1000000000
277 26 14065 5000 8192 0 1000000000
16 133 791 5000 8192 0 1000000000
127 97 6239 5000 8192 0 1000000000
13 130 625 5000 8192 0 1000000000
40 227 1896 5000 8192 0 1000000000
158 242 7770 5000 8192 0 1000000000
92 249 4601 5000 8192 0 1000000000
216 91 10822 5000 8192 0 1000000000
128 22 6259 5000 8192 0 1000000000
286 248 14559 5000 8192 0 1000000000
44 158 2142 5000 8192 0 1000000000
261 169 13260 5000 8192 0 1000000000
49 267 2299 5000 8192 0 1000000000
268 301 13611 5000 8192 0 1000000000
134 262 6518 5000 8192 0 1000000000
234 16 11835 5000 8192 0 1000000000
76 12 3853 5000 8192 0 1000000000
185 149 9114 5000 8192 0 1000000000
51 190 2431 5000 8192 0 1000000000
101 35 4863 5000 8192 0 1000000000
248 268 12755 5000 8192 0 1000000000
126 148 6190 5000 8192 0 1000000000
184 248 9009 5000 8192 0 1000000000
13 169 618 5000 8192 0 1000000000
68 168 3454 5000 8192 0 1000000000
85 95 4388 5000 8192 0 1000000000
236 310 11981 5000 8192 0 1000000000
128 317 6279 5000 8192 0 1000000000
293 208 14997 5000 8192 0 1000000000
98 80 4837 5000 8192 0 1000000000
163 223 8066 5000 8192 0 1000000000
20 48 974 5000 8192 0 1000000000
15 130 766 5000 8192 0 1000000000
189 260 9319 5000 8192 0 1000000000
313 280 16043 5000 8192 0 1000000000
112 120 5416 5000 8192 0 1000000000
302 313 15403 5000 8192 0 1000000000
59 201 2925 5000 8192 0 1000000000
70 193 3625 5000 8192 0 1000000000
229 79 11505 5000 8192 0 1000000000
210 259 10413 5000 8192 0 1000000000
311 5 16355 5000 16777216 1 1000000000
129 262 6329 5000 8192 0 1000000000
238 143 12087 5000 8192 0 1000000000
2 215 85 5000 8192 0 1000000000
214 9 10673 5000 8192 0 1000000000
3 68 188 5000 8192 0 1000000000
238 167 12084 5000 8192 0 1000000000
36 158 1744 5000 8192 0 1000000000
80 90 4063 5000 8192 0 1000000000
181 66 8909 5000 8192 0 1000000000
8 50 409 5000 8192 0 1000000000
45 56 2215 5000 8192 0 1000000000
124 5 6008 5000 8192 0 1000000000
215 233 10764 5000 8192 0 1000000000
115 157 5598 5000 8192 0 1000000000
147 300 7258 5000 8192 0 1000000000
60 287 2998 5000 8192 0 1000000000
116 298 5679 5000 8192 0 1000000000
70 296 3603 5000 8192 0 1000000000
190 30 9391 5000 8192 0 1000000000
162 126 8008 5000 8192 0 1000000000
9 136 479 5000 8192 0 1000000000
233 244 11744 5000 8192 0 1000000000
161 17 7921 5000 8192 0 1000000000
90 245 4499 5000 8192 0 1000000000
260 312 13150 5000 8192 0 1000000000
138 136 6802 5000 8192 0 1000000000
222 62 11216 5000 8192 0 1000000000
211 171 10464 5000 8192 0 1000000000
28 126 1353 5000 8192 0 1000000000
237 191 12009 5000 8192 0 1000000000
43 86 2054 5000 8192 0 1000000000
81 306 4140 5000 8192 0 1000000000
208 106 10326 5000 8192 0 1000000000
204 223 10132 5000 8192 0 1000000000
269 61 13671 5000 8192 0 1000000000
23 290 1180 5000 8192 0 1000000000
235 34 11926 5000 8192 0 1000000000
202 175 10002 5000 8192 0 1000000000
60 50 2946 5000 8192 0 1000000000
162 185 8001 5000 8192 0 1000000000
278 63 14150 5000 8192 0 1000000000
64 21 3209 5000 8192 0 1000000000
241 217 12301 5000 8192 0 1000000000
248 184 12728 5000 8192 0 1000000000
22 118 1108 5000 8192 0 1000000000
42 181 1980 5000 8192 0 1000000000
282 66 14394 5000 8192 0 1000000000
223 237 11247 5000 8192 0 1000000000
222 99 11176 5000 8192 0 1000000000
181 38 8871 5000 8192 0 1000000000
264 232 13355 5000 8192 0 1000000000
161 278 7927 5000 8192 0 1000000000
267 47 13573 5000 8192 0 1000000000
32 195 1659 5000 8192 0 1000000000
297 205 15205 5000 8192 0 1000000000
76 21 3859 5000 8192 0 1000000000
159 203 7827 5000 8192 0 1000000000
4 123 214 5000 8192 0 1000000000
87 181 4406 5000 8192 0 1000000000
82 49 4185 5000 8192 0 1000000000
208 219 10308 5000 8192 0 1000000000
101 105 4881 5000 8192 0 1000000000
51 191 2442 5000 8192 0 1000000000
308 283 15774 5000 8192 0 1000000000
271 265 13831 5000 8192 0 1000000000
203 299 10058 5000 8192 0 1000000000
62 245 3116 5000 8192 0 1000000000
164 14 8109 5000 8192 0 1000000000
160 218 7865 5000 8192 0 1000000000
81 234 4119 5000 8192 0 1000000000
176 101 8733 5000 8192 0 1000000000
279 237 14164 5000 8192 0 1000000000
134 251 6536 5000 8192 0 1000000000
282 279 14363 5000 8192 0 1000000000
230 19 11544 5000 8192 0 1000000000
193 233 9520 5000 8192 0 1000000000
318 84 16206 5000 8192 0 1000000000
298 177 15270 5000 8192 0 1000000000
153 291 7582 5000 8192 0 1000000000
284 255 14429 5000 8192 0 1000000000
194 232 9592 5000 8192 0 1000000000
134 111 6560 5000 8192 0 1000000000
81 192 4131 5000 8192 0 1000000000
15 88 748 5000 8192 0 1000000000
43 154 2079 5000 8192 0 1000000000
308 38 15777 5000 8192 0 1000000000
161 119 7957 5000 8192 0 1000000000
286 310 14554 5000 8192 0 1000000000
309 156 15874 5000 8192 0 1000000000
12 296 523 5000 8192 0 1000000000
184 38 9047 5000 8192 0 1000000000
191 244 9499 5000 8192 0 1000000000
272 189 13855 5000 8192 0 1000000000
218 5 10967 5000 8192 0 1000000000
150 57 7406 5000 8192 0 1000000000
173 2 8527 5000 8192 0 1000000000
119 125 5844 5000 8192 0 1000000000
148 168 7328 5000 8192 0 1000000000
252 37 12869 5000 8192 0 1000000000
211 170 10468 5000 8192 0 1000000000
178 142 8754 5000 8192 0 1000000000
32 194 1629 5000 8192 0 1000000000
148 254 7332 5000 8192 0 1000000000
54 285 2565 5000 8192 0 1000000000
239 259 12145 5000 8192 0 1000000000
0 313 59 5000 8192 0 1000000000
156 34 7664 5000 8192 0 1000000000
288 202 14680 5000 8192 0 1000000000
297 64 15240 5000 8192 0 1000000000
230 125 11589 5000 8192 0 1000000000
229 286 11503 5000 8192 0 1000000000
140 132 6874 5000 8192 0 1000000000
133 10 16348 5000 16777216 1 1000000000
98 103 4790 5000 8192 0 1000000000
149 228 7388 5000 8192 0 1000000000
6 275 291 5000 8192 0 1000000000
210 203 10405 5000 8192 0 1000000000
135 93 6623 5000 8192 0 1000000000
98 109 4791 5000 8192 0 1000000000
261 26 13222 5000 8192 0 1000000000
195 7 9643 5000 8192 0 1000000000
212 91 10543 5000 8192 0 1000000000
286 314 14565 5000 8192 0 1000000000
121 95 5921 5000 8192 0 1000000000
143 33 7081 5000 8192 0 1000000000
187 107 9216 5000 8192 0 1000000000
224 68 11340 5000 8192 0 1000000000
236 159 11934 5000 8192 0 1000000000
23 65 1167 5000 8192 0 1000000000
4 141 199 5000 8192 0 1000000000
64 240 3254 5000 8192 0 1000000000
173 91 8494 5000 8192 0 1000000000
148 147 7303 5000 8192 0 1000000000
245 96 12532 5000 8192 0 1000000000
79 100 3970 5000 8192 0 1000000000
168 0 8352 5000 8192 0 1000000000
277 180 14081 5000 8192 0 1000000000
160 96 7902 5000 8192 0 1000000000
115 42 5573 5000 8192 0 1000000000
188 211 9272 5000 8192 0 1000000000
218 3 10935 5000 8192 0 1000000000
176 94 8673 5000 8192 0 1000000000
61 115 3061 5000 8192 0 1000000000
235 26 11872 5000 8192 0 1000000000
145 65 7208 5000 8192 0 1000000000
183 256 8962 5000 8192 0 1000000000
226 176 11474 5000 8192 0 1000000000
118 11 5792 5000 8192 0 1000000000
267 6 13528 5000 8192 0 1000000000
167 141 8268 5000 8192 0 1000000000
302 181 15405 5000 8192 0 1000000000
310 123 15894 5000 8192 0 1000000000
118 109 5753 5000 8192 0 1000000000
191 20 9476 5000 8192 0 1000000000
9 65 484 5000 8192 0 1000000000
231 232 11655 5000 8192 0 1000000000
235 212 11913 5000 8192 0 1000000000
97 146 4740 5000 8192 0 1000000000
244 148 12446 5000 8192 0 1000000000
198 12 9870 5000 8192 0 1000000000
218 286 10936 5000 8192 0 1000000000
196 228 9737 5000 8192 0 1000000000
73 189 3760 5000 8192 0 1000000000
70 15 3599 5000 8192 0 1000000000
264 61 13392 5000 8192 0 1000000000
147 96 7252 5000 8192 0 1000000000
116 65 5655 5000 8192 0 1000000000
128 190 6301 5000 8192 0 1000000000
125 100 6087 5000 8192 0 1000000000
312 255 15981 5000 8192 0 1000000000
201 62 9946 5000 8192 0 1000000000
102 125 4941 5000 8192 0 1000000000
167 246 8274 5000 8192 0 1000000000
281 45 14331 5000 8192 0 1000000000
128 103 6269 5000 8192 0 1000000000
262 73 13274 5000 8192 0 1000000000
303 120 15491 5000 8192 0 1000000000
123 181 5969 5000 8192 0 1000000000
112 79 5421 5000 8192 0 1000000000
277 210 14037 5000 8192 0 1000000000
244 240 12481 5000 8192 0 1000000000
242 131 12355 5000 8192 0 1000000000
54 62 2607 5000 8192 0 1000000000
261 135 13258 5000 8192 0 1000000000
61 312 3051 5000 8192 0 1000000000
67 113 3428 5000 8192 0 1000000000
209 185 10363 5000 8192 0 1000000000
245 107 12513 5000 8192 0 1000000000
87 284 4450 5000 8192 0 1000000000
78 133 3931 5000 8192 0 1000000000
13 252 622 5000 8192 0 1000000000
8 64 442 5000 8192 0 1000000000
193 21 9533 5000 8192 0 1000000000
62 127 3096 5000 8192 0 1000000000
302 314 15398 5000 8192 0 1000000000
240 114 12242 5000 8192 0 1000000000
276 214 14033 5000 8192 0 1000000000
219 309 11017 5000 8192 0 1000000000
186 30 9179 5000 8192 0 1000000000
285 38 14539 5000 8192 0 1000000000
16 191 784 5000 8192 0 1000000000
266 121 13492 5000 8192 0 1000000000
190 271 9421 5000 8192 0 1000000000
36 21 1761 5000 8192 0 1000000000
261 245 13205 5000 8192 0 1000000000
268 88 13615 5000 8192 0 1000000000
194 119 9576 5000 8192 0 1000000000
20 22 1003 5000 8192 0 1000000000
6 72 277 5000 8192 0 1000000000
243 285 12420 5000 8192 0 1000000000
110 238 5250 5000 8192 0 1000000000
6 104 270 5000 8192 0 1000000000
237 33 12017 5000 8192 0 1000000000
43 317 2093 5000 8192 0 1000000000
87 315 4448 5000 8192 0 1000000000
81 315 4101 5000 8192 0 1000000000
197 81 9764 5000 8192 0 1000000000
280 105 14235 5000 8192 0 1000000000
107 129 5069 5000 8192 0 1000000000
127 199 6203 5000 8192 0 1000000000
90 173 4471 5000 8192 0 1000000000
178 179 8768 5000 8192 0 1000000000
270 108 13774 5000 8192 0 1000000000
41 309 1947 5000 8192 0 1000000000
75 76 3802 5000 8192 0 1000000000
0 119 18 5000 8192 0 1000000000
78 138 3906 5000 8192 0 1000000000
112 184 5378 5000 8192 0 1000000000
52 22 2549 5000 8192 0 1000000000
258 118 13050 5000 8192 0 1000000000
211 104 10473 5000 8192 0 1000000000
70 56 3581 5000 8192 0 1000000000
150 257 7444 5000 8192 0 1000000000
303 167 15455 5000 8192 0 1000000000
117 288 5715 5000 8192 0 1000000000
206 7 10228 5000 8192 0 1000000000
236 74 11930 5000 8192 0 1000000000
238 107 12069 5000 8192 0 1000000000
240 212 12225 5000 8192 0 1000000000
212 201 10563 5000 8192 0 1000000000
208 123 10279 5000 8192 0 1000000000
245 224 12504 5000 8192 0 1000000000
307 15 15755 5000 8192 0 1000000000
204 232 10107 5000 8192 0 1000000000
309 311 15881 5000 8192 0 1000000000
20 201 975 5000 8192 0 1000000000
226 143 11429 5000 8192 0 1000000000
27 48 1280 5000 8192 0 1000000000
118 200 5757 5000 8192 0 1000000000
140 177 6844 5000 8192 0 1000000000
87 90 4415 5000 8192 0 1000000000
108 43 5166 5000 8192 0 1000000000
244 303 12492 5000 8192 0 1000000000
304 315 15532 5000 8192 0 1000000000
224 4 11317 5000 8192 0 1000000000
318 246 16203 5000 8192 0 1000000000
290 158 14830 5000 8192 0 1000000000
266 139 13468 5000 8192 0 1000000000
126 140 6133 5000 8192 0 1000000000
243 8 12436 5000 8192 0 1000000000
109 181 5199 5000 8192 0 1000000000
167 95 8241 5000 8192 0 1000000000
29 168 1446 5000 8192 0 1000000000
200 77 16367 5000 16777216 1 1000000000
90 193 4477 5000 8192 0 1000000000
286 230 14544 5000 8192 0 1000000000
307 47 15715 5000 8192 0 1000000000
83 4 4216 5000 8192 0 1000000000
296 197 15179 5000 8192 0 1000000000
296 212 15127 5000 8192 0 1000000000
113 1 5458 5000 8192 0 1000000000
240 234 12188 5000 8192 0 1000000000
287 6 14634 5000 8192 0 1000000000
168 263 8304 5000 8192 0 1000000000
80 190 4065 5000 8192 0 1000000000
28 2 1388 5000 8192 0 1000000000
169 45 8376 5000 8192 0 1000000000
307 18 15742 5000 8192 0 1000000000
0 219 39 5000 8192 0 1000000000
233 271 11764 5000 8192 0 1000000000
303 79 15440 5000 8192 0 1000000000
258 128 13057 5000 8192 0 1000000000
176 204 8732 5000 8192 0 1000000000
43 85 2055 5000 8192 0 1000000000
143 221 7042 5000 8192 0 1000000000
208 310 10316 5000 8192 0 1000000000
280 255 14242 5000 8192 0 1000000000
60 185 2952 5000 8192 0 1000000000
84 150 4296 5000 8192 0 1000000000
233 86 11745 5000 8192 0 1000000000
115 63 5565 5000 8192 0 1000000000
68 303 3474 5000 8192 0 1000000000
38 93 16352 5000 16777216 1 1000000000
230 311 11567 5000 8192 0 1000000000
319 217 16293 5000 8192 0 1000000000
40 137 1877 5000 8192 0 1000000000
224 158 11299 5000 8192 0 1000000000
295 229 15110 5000 8192 0 1000000000
58 208 2833 5000 8192 0 1000000000
204 168 10120 5000 8192 0 1000000000
232 275 11690 5000 8192 0 1000000000
261 102 13212 5000 8192 0 1000000000
24 277 1248 5000 8192 0 1000000000
284 280 14478 5000 8192 0 1000000000
102 215 4960 5000 8192 0 1000000000
83 234 4265 5000 8192 0 1000000000
300 48 15341 5000 8192 0 1000000000
58 184 2844 5000 8192 0 1000000000
150 164 7455 5000 8192 0 1000000000
137 93 6740 5000 8192 0 1000000000
92 303 4595 5000 8192 0 1000000000
306 241 15664 5000 8192 0 1000000000
260 317 13179 5000 8192 0 1000000000
20 210 1009 5000 8192 0 1000000000
279 224 14184 5000 8192 0 1000000000
43 145 2089 5000 8192 0 1000000000
272 136 13901 5000 8192 0 1000000000
143 14 7037 5000 8192 0 1000000000
224 55 11319 5000 8192 0 1000000000
121 257 5932 5000 8192 0 1000000000
289 161 14779 5000 8192 0 1000000000
142 100 7013 5000 8192 0 1000000000
210 75 10397 5000 8192 0 1000000000
290 14 14817 5000 8192 0 1000000000
68 229 3473 5000 8192 0 1000000000
249 306 12767 5000 8192 0 1000000000
124 244 6040 5000 8192 0 1000000000
136 250 6684 5000 8192 0 1000000000
276 208 14031 5000 8192 0 1000000000
60 318 2959 5000 8192 0 1000000000
218 254 10951 5000 8192 0 1000000000
223 137 11285 5000 8192 0 1000000000
162 240 7977 5000 8192 0 1000000000
214 86 10660 5000 8192 0 1000000000
210 7 10426 5000 8192 0 1000000000
21 178 1033 5000 8192 0 1000000000
104 224 5029 5000 8192 0 1000000000
178 172 8760 5000 8192 0 1000000000
304 191 15551 5000 8192 0 1000000000
68 103 3503 5000 8192 0 1000000000
316 135 16186 5000 8192 0 1000000000
21 91 1071 5000 8192 0 1000000000
92 65 4610 5000 8192 0 1000000000
278 305 14105 5000 8192 0 1000000000
305 225 15619 5000 8192 0 1000000000
123 54 5964 5000 8192 0 1000000000
313 232 16057 5000 8192 0 1000000000
59 253 2872 5000 8192 0 1000000000
218 226 10953 5000 8192 0 1000000000
138 92 6786 5000 8192 0 1000000000
28 72 1376 5000 8192 0 1000000000
127 161 6197 5000 8192 0 1000000000
131 65 6452 5000 8192 0 1000000000
292 17 14949 5000 8192 0 1000000000
280 27 14289 5000 8192 0 1000000000
82 39 4203 5000 8192 0 1000000000
274 65 13966 5000 8192 0 1000000000
247 46 12676 5000 8192 0 1000000000
236 2 11969 5000 8192 0 1000000000
7 292 327 5000 8192 0 1000000000
255 287 13002 5000 8192 0 1000000000
107 38 5091 5000 8192 0 1000000000
204 175 10086 5000 8192 0 1000000000
144 282 7142 5000 8192 0 1000000000
112 157 5386 5000 8192 0 1000000000
78 131 3917 5000 8192 0 1000000000
73 176 3707 5000 8192 0 1000000000
79 306 3957 5000 8192 0 1000000000
64 117 3234 5000 8192 0 1000000000
189 4 9350 5000 8192 0 1000000000
243 239 12424 5000 8192 0 1000000000
318 181 16210 5000 8192 0 1000000000
286 272 14550 5000 8192 0 1000000000
308 133 15806 5000 8192 0 1000000000
30 294 1527 5000 8192 0 1000000000
140 32 6837 5000 8192 0 1000000000
172 34 8475 5000 8192 0 1000000000
141 268 6933 5000 8192 0 1000000000
153 198 7573 5000 8192 0 1000000000
293 27 15053 5000 8192 0 1000000000
85 145 4373 5000 8192 0 1000000000
172 319 8422 5000 8192 0 1000000000
111 44 5359 5000 8192 0 1000000000
152 265 7474 5000 8192 0 1000000000
248 4 12722 5000 8192 0 1000000000
108 47 5133 5000 8192 0 1000000000
42 235 2013 5000 8192 0 1000000000
232 216 11713 5000 8192 0 1000000000
302 148 15387 5000 8192 0 1000000000
102 293 4923 5000 8192 0 1000000000
45 26 2180 5000 8192 0 1000000000
109 128 5180 5000 8192 0 1000000000
248 88 12743 5000 8192 0 1000000000
290 230 14816 5000 8192 0 1000000000
70 158 3580 5000 8192 0 1000000000
57 129 2776 5000 8192 0 1000000000
198 37 9849 5000 8192 0 1000000000
27 314 1305 5000 8192 0 1000000000
13 270 629 5000 8192 0 1000000000
14 125 647 5000 8192 0 1000000000
197 186 9809 5000 8192 0 1000000000
140 252 6862 5000 8192 0 1000000000
205 307 10142 5000 8192 0 1000000000
142 75 6985 5000 8192 0 1000000000
236 29 11951 5000 8192 0 1000000000
280 193 14254 5000 8192 0 1000000000
318 248 16259 5000 8192 0 1000000000
270 181 13766 5000 8192 0 1000000000
97 96 4733 5000 8192 0 1000000000
8 53 425 5000 8192 0 1000000000
110 286 5265 5000 8192 0 1000000000
128 3 6314 5000 8192 0 1000000000
259 191 13121 5000 8192 0 1000000000
119 15 5823 5000 8192 0 1000000000
305 56 15607 5000 8192 0 1000000000
55 212 2669 5000 8192 0 1000000000
312 250 16007 5000 8192 0 1000000000
220 204 11045 5000 8192 0 1000000000
297 130 15189 5000 8192 0 1000000000
3 256 150 5000 8192 0 1000000000
176 289 8727 5000 8192 0 1000000000
271 48 13809 5000 8192 0 1000000000
168 295 8318 5000 8192 0 1000000000
82 285 4173 5000 8192 0 1000000000
226 2 11428 5000 8192 0 1000000000
204 163 10089 5000 8192 0 1000000000
266 142 13518 5000 8192 0 1000000000
280 250 14234 5000 8192 0 1000000000
24 199 1250 5000 8192 0 1000000000
12 183 515 5000 8192 0 1000000000
214 139 10685 5000 8192 0 1000000000
179 190 8862 5000 8192 0 1000000000
16 213 793 5000 8192 0 1000000000
306 95 15638 5000 8192 0 1000000000
127 61 6231 5000 8192 0 1000000000
155 196 7620 5000 8192 0 1000000000
214 62 10695 5000 8192 0 1000000000
36 70 1785 5000 8192 0 1000000000
44 37 2162 5000 8192 0 1000000000
35 15 1691 5000 8192 0 1000000000
238 212 12083 5000 8192 0 1000000000
114 183 5513 5000 8192 0 1000000000
213 53 10647 5000 8192 0 1000000000
187 55 9227 5000 8192 0 1000000000
307 240 15713 5000 8192 0 1000000000
260 308 13199 5000 8192 0 1000000000
87 166 4408 5000 8192 0 1000000000
311 105 16449 5000 16777216 1 1000000000
131 134 6458 5000 8192 0 1000000000
240 252 12234 5000 8192 0 1000000000
108 181 5125 5000 8192 0 1000000000
235 287 11866 5000 8192 0 1000000000
303 3 15449 5000 8192 0 1000000000
162 318 7971 5000 8192 0 1000000000
246 164 12620 5000 8192 0 1000000000
91 172 4536 5000 8192 0 1000000000
124 256 6001 5000 8192 0 1000000000
131 47 6497 5000 8192 0 1000000000
135 257 6593 5000 8192 0 1000000000
309 190 15880 5000 8192 0 1000000000
262 85 13277 5000 8192 0 1000000000
247 94 12664 5000 8192 0 1000000000
102 207 4967 5000 8192 0 1000000000
141 170 6904 5000 8192 0 1000000000
278 176 14147 5000 8192 0 1000000000
204 57 10076 5000 8192 0 1000000000
102 15 4966 5000 8192 0 1000000000
237 76 11996 5000 8192 0 1000000000
279 0 14188 5000 8192 0 1000000000
49 148 2334 5000 8192 0 1000000000
64 241 3243 5000 8192 0 1000000000
3 229 170 5000 8192 0 1000000000
79 36 3962 5000 8192 0 1000000000
41 265 1956 5000 8192 0 1000000000
178 143 8752 5000 8192 0 1000000000
67 254 3402 5000 8192 0 1000000000
130 276 6428 5000 8192 0 1000000000
293 92 15049 5000 8192 0 1000000000
300 30 15360 5000 8192 0 1000000000
75 53 3809 5000 8192 0 1000000000
290 283 14815 5000 8192 0 1000000000
22 12 1147 5000 8192 0 1000000000
137 269 6737 5000 8192 0 1000000000
287 155 14653 5000 8192 0 1000000000
243 183 12392 5000 8192 0 1000000000
136 210 6659 5000 8192 0 1000000000
136 42 6658 5000 8192 0 1000000000
60 37 2971 5000 8192 0 1000000000
135 5 6607 5000 8192 0 1000000000
173 144 8500 5000 8192 0 1000000000
22 29 1099 5000 8192 0 1000000000
160 55 7904 5000 8192 0 1000000000
160 207 7852 5000 8192 0 1000000000
30 10 1508 5000 8192 0 1000000000
79 284 4012 5000 8192 0 1000000000
131 198 6463 5000 8192 0 1000000000
220 272 11084 5000 8192 0 1000000000
104 166 4989 5000 8192 0 1000000000
159 211 7834 5000 8192 0 1000000000
268 127 13641 5000 8192 0 1000000000
150 144 7404 5000 8192 0 1000000000
131 202 6451 5000 8192 0 1000000000
309 136 15878 5000 8192 0 1000000000
58 13 2841 5000 8192 0 1000000000
208 131 10288 5000 8192 0 1000000000
198 108 9841 5000 8192 0 1000000000
69 309 3531 5000 8192 0 1000000000
305 170 15617 5000 8192 0 1000000000
219 229 11016 5000 8192 0 1000000000
269 165 13683 5000 8192 0 1000000000
190 255 9433 5000 8192 0 1000000000
63 136 3136 5000 8192 0 1000000000
36 295 1742 5000 8192 0 1000000000
234 253 11800 5000 8192 0 1000000000
119 84 5870 5000 8192 0 1000000000
156 226 7696 5000 8192 0 1000000000
0 129 7 5000 8192 0 1000000000
152 230 7522 5000 8192 0 1000000000
316 66 16184 5000 8192 0 1000000000
164 156 8107 5000 8192 0 1000000000
235 211 11906 5000 8192 0 1000000000
125 30 6097 5000 8192 0 1000000000
213 287 10597 5000 8192 0 1000000000
255 142 12968 5000 8192 0 1000000000
225 16 11363 5000 8192 0 1000000000
301 170 16382 5000 16777216 1 1000000000
220 165 11076 5000 8192 0 1000000000
40 175 1887 5000 8192 0 1000000000
202 189 9983 5000 8192 0 1000000000
249 41 12801 5000 8192 0 1000000000
260 34 13142 5000 8192 0 1000000000
281 200 14318 5000 8192 0 1000000000
108 50 5147 5000 8192 0 1000000000
269 19 13712 5000 8192 0 1000000000
231 283 11641 5000 8192 0 1000000000
298 207 15281 5000 8192 0 1000000000
57 10 2759 5000 8192 0 1000000000
183 267 8948 5000 8192 0 1000000000
149 8 7354 5000 8192 0 1000000000
78 185 3920 5000 8192 0 1000000000
2 268 120 5000 8192 0 1000000000
128 254 6256 5000 8192 0 1000000000
224 124 11297 5000 8192 0 1000000000
42 114 2031 5000 8192 0 1000000000
231 220 11632 5000 8192 0 1000000000
240 287 12181 5000 8192 0 1000000000
279 198 14173 5000 8192 0 1000000000
30 22 1481 5000 8192 0 1000000000
109 219 5204 5000 8192 0 1000000000
310 10 15920 5000 8192 0 1000000000
252 294 12834 5000 8192 0 1000000000
289 178 14798 5000 8192 0 1000000000
159 245 7787 5000 8192 0 1000000000
182 228 16383 5000 16777216 1 1000000000
55 24 2673 5000 8192 0 1000000000
285 101 14496 5000 8192 0 1000000000
153 150 7538 5000 8192 0 1000000000
292 223 14966 5000 8192 0 1000000000
286 47 14556 5000 8192 0 1000000000
198 165 9857 5000 8192 0 1000000000
242 216 12321 5000 8192 0 1000000000
21 236 1045 5000 8192 0 1000000000
137 309 6750 5000 8192 0 1000000000
187 42 9187 5000 8192 0 1000000000
160 91 7872 5000 8192 0 1000000000
51 158 2467 5000 8192 0 1000000000
298 253 15271 5000 8192 0 1000000000
319 11 16314 5000 8192 0 1000000000
102 28 4918 5000 8192 0 1000000000
123 21 5936 5000 8192 0 1000000000
47 256 2257 5000 8192 0 1000000000
150 123 7418 5000 8192 0 1000000000
17 189 874 5000 8192 0 1000000000
152 255 7505 5000 8192 0 1000000000
61 302 3052 5000 8192 0 1000000000
225 316 11355 5000 8192 0 1000000000
155 253 7643 5000 8192 0 1000000000
83 255 4267 5000 8192 0 1000000000
97 129 4769 5000 8192 0 1000000000
92 115 4612 5000 8192 0 1000000000
302 241 15426 5000 8192 0 1000000000
17 310 868 5000 8192 0 1000000000
202 128 9993 5000 8192 0 1000000000
95 175 4675 5000 8192 0 1000000000
296 138 15167 5000 8192 0 1000000000
297 94 15224 5000 8192 0 1000000000
194 290 9570 5000 8192 0 1000000000
111 33 5302 5000 8192 0 1000000000
278 49 14099 5000 8192 0 1000000000
288 257 14715 5000 8192 0 1000000000
42 43 2003 5000 8192 0 1000000000
252 315 12830 5000 8192 0 1000000000
277 58 14058 5000 8192 0 1000000000
188 102 9255 5000 8192 0 1000000000
75 94 3801 5000 8192 0 1000000000
141 197 6945 5000 8192 0 1000000000
306 65 15670 5000 8192 0 1000000000
292 159 14945 5000 8192 0 1000000000
259 111 13129 5000 8192 0 1000000000
3 133 134 5000 8192 0 1000000000
198 139 9872 5000 8192 0 1000000000
130 169 6404 5000 8192 0 1000000000
193 182 9554 5000 8192 0 1000000000
201 154 9902 5000 8192 0 1000000000
168 253 8294 5000 8192 0 1000000000
142 294 6987 5000 8192 0 1000000000
173 77 8535 5000 8192 0 1000000000
289 302 14769 5000 8192 0 1000000000
100 257 16403 5000 16777216 1 1000000000
162 47 7978 5000 8192 0 1000000000
288 126 14708 5000 8192 0 1000000000
129 222 6368 5000 8192 0 1000000000
220 66 11061 5000 8192 0 1000000000
76 28 3860 5000 8192 0 1000000000
237 258 12053 5000 8192 0 1000000000
91 135 4569 5000 8192 0 1000000000
189 106 9363 5000 8192 0 1000000000
288 313 14734 5000 8192 0 1000000000
148 31 7322 5000 8192 0 1000000000
289 200 14785 5000 8192 0 1000000000
126 292 6178 5000 8192 0 1000000000
47 110 2266 5000 8192 0 1000000000
272 287 13880 5000 8192 0 1000000000
186 11 9173 5000 8192 0 1000000000
66 191 3333 5000 8192 0 1000000000
282 251 14398 5000 8192 0 1000000000
242 48 12317 5000 8192 0 1000000000
223 13 11269 5000 8192 0 1000000000
206 269 10234 5000 8192 0 1000000000
179 291 8817 5000 8192 0 1000000000
89 182 16442 5000 16777216 1 1000000000
8 314 392 5000 8192 0 1000000000
219 196 10978 5000 8192 0 1000000000
261 109 13232 5000 8192 0 1000000000
113 114 5481 5000 8192 0 1000000000
104 253 5010 5000 8192 0 1000000000
201 219 9909 5000 8192 0 1000000000
9 151 494 5000 8192 0 1000000000
44 127 2166 5000 8192 0 1000000000
296 87 15169 5000 8192 0 1000000000
193 197 9546 5000 8192 0 1000000000
266 224 13504 5000 8192 0 1000000000
112 292 5382 5000 8192 0 1000000000
274 0 13935 5000 8192 0 1000000000
158 256 7728 5000 8192 0 1000000000
141 143 6909 5000 8192 0 1000000000
195 86 9656 5000 8192 0 1000000000
281 55 14301 5000 8192 0 1000000000
156 245 7667 5000 8192 0 1000000000
70 313 3574 5000 8192 0 1000000000
160 232 7856 5000 8192 0 1000000000
128 266 6276 5000 8192 0 1000000000
198 301 9855 5000 8192 0 1000000000
285 83 14537 5000 8192 0 1000000000
45 182 2173 5000 8192 0 1000000000
44 294 2108 5000 8192 0 1000000000
65 169 3306 5000 8192 0 1000000000
212 8 10548 5000 8192 0 1000000000
279 78 14222 5000 8192 0 1000000000
215 17 10755 5000 8192 0 1000000000
193 182 9503 5000 8192 0 1000000000
121 41 5920 5000 8192 0 1000000000
201 106 9933 5000 8192 0 1000000000
245 241 12525 5000 8192 0 1000000000
127 265 6221 5000 8192 0 1000000000
161 293 7918 5000 8192 0 1000000000
150 114 7462 5000 8192 0 1000000000
161 230 7958 5000 8192 0 1000000000
289 17 14795 5000 8192 0 1000000000
76 93 3869 5000 8192 0 1000000000
32 110 1623 5000 8192 0 1000000000
95 174 4667 5000 8192 0 1000000000
276 236 14006 5000 8192 0 1000000000
39 207 1789 5000 8192 0 1000000000
125 37 6067 5000 8192 0 1000000000
221 134 11158 5000 8192 0 1000000000
213 81 10607 5000 8192 0 1000000000
232 98 11693 5000 8192 0 1000000000
147 121 7243 5000 8192 0 1000000000
243 44 12395 5000 8192 0 1000000000
236 268 11989 5000 8192 0 1000000000
270 88 13753 5000 8192 0 1000000000
117 172 5710 5000 8192 0 1000000000
140 135 6867 5000 8192 0 1000000000
296 213 15159 5000 8192 0 1000000000
211 93 10497 5000 8192 0 1000000000
127 202 6252 5000 8192 0 1000000000
18 238 941 5000 8192 0 1000000000
308 62 15778 5000 8192 0 1000000000
249 52 12783 5000 8192 0 1000000000
161 27 7949 5000 8192 0 1000000000
186 257 9127 5000 8192 0 1000000000
129 47 6347 5000 8192 0 1000000000
134 113 6572 5000 8192 0 1000000000
115 74 5614 5000 8192 0 1000000000
254 281 12941 5000 8192 0 1000000000
159 113 7790 5000 8192 0 1000000000
14 137 671 5000 8192 0 1000000000
308 265 15810 5000 8192 0 1000000000
197 132 9775 5000 8192 0 1000000000
25 94 16453 5000 16777216 1 1000000000
201 104 9940 5000 8192 0 1000000000
145 47 7202 5000 8192 0 1000000000
112 17 5413 5000 8192 0 1000000000
111 66 5301 5000 8192 0 1000000000
90 175 4501 5000 8192 0 1000000000
260 5 13155 5000 8192 0 1000000000
28 209 1389 5000 8192 0 1000000000
55 51 2676 5000 8192 0 1000000000
292 21 14944 5000 8192 0 1000000000
23 175 1150 5000 8192 0 1000000000
69 292 3530 5000 8192 0 1000000000
286 57 14580 5000 8192 0 1000000000
97 121 4772 5000 8192 0 1000000000
304 267 15513 5000 8192 0 1000000000
213 193 10594 5000 8192 0 1000000000
198 208 9842 5000 8192 0 1000000000
7 46 361 5000 8192 0 1000000000
295 253 15100 5000 8192 0 1000000000
202 236 9951 5000 8192 0 1000000000
215 110 10731 5000 8192 0 1000000000
54 125 2592 5000 8192 0 1000000000
242 36 12346 5000 8192 0 1000000000
18 298 927 5000 8192 0 1000000000
203 39 10035 5000 8192 0 1000000000
149 250 7376 5000 8192 0 1000000000
78 279 3951 5000 8192 0 1000000000
278 216 14139 5000 8192 0 1000000000
42 116 1982 5000 8192 0 1000000000
258 170 13023 5000 8192 0 1000000000
232 266 11701 5000 8192 0 1000000000
36 247 1726 5000 8192 0 1000000000
287 290 14648 5000 8192 0 1000000000
83 134 4262 5000 8192 0 1000000000
148 7 7290 5000 8192 0 1000000000
175 218 8626 5000 8192 0 1000000000
104 277 5011 5000 8192 0 1000000000
71 256 3655 5000 8192 0 1000000000
140 201 6866 5000 8192 0 1000000000
63 290 3162 5000 8192 0 1000000000
298 174 15298 5000 8192 0 1000000000
211 187 10477 5000 8192 0 1000000000
97 86 4738 5000 8192 0 1000000000
36 75 1770 5000 8192 0 1000000000
97 103 4726 5000 8192 0 1000000000
13 148 594 5000 8192 0 1000000000
185 139 9110 5000 8192 0 1000000000
173 59 8480 5000 8192 0 1000000000
110 27 5247 5000 8192 0 1000000000
155 154 7640 5000 8192 0 1000000000
172 196 8420 5000 8192 0 1000000000
40 165 1890 5000 8192 0 1000000000
240 175 12197 5000 8192 0 1000000000
183 224 8958 5000 8192 0 1000000000
310 48 15944 5000 8192 0 1000000000
246 4 12585 5000 8192 0 1000000000
252 147 12876 5000 8192 0 1000000000
195 85 9641 5000 8192 0 1000000000
293 294 15020 5000 8192 0 1000000000
195 222 9648 5000 8192 0 1000000000
202 232 9962 5000 8192 0 1000000000
107 60 5084 5000 8192 0 1000000000
208 136 10317 5000 8192 0 1000000000
54 79 2579 5000 8192 0 1000000000
231 122 11656 5000 8192 0 1000000000
174 244 8600 5000 8192 0 1000000000
76 213 3858 5000 8192 0 1000000000
265 10 13402 5000 8192 0 1000000000
125 258 6107 5000 8192 0 1000000000
7 300 351 5000 8192 0 1000000000
140 302 6848 5000 8192 0 1000000000
60 88 2960 5000 8192 0 1000000000
85 152 4397 5000 8192 0 1000000000
307 130 15730 5000 8192 0 1000000000
186 280 9120 5000 8192 0 1000000000
128 139 6300 5000 8192 0 1000000000
6 258 274 5000 8192 0 1000000000
130 199 6443 5000 8192 0 1000000000
316 154 16145 5000 8192 0 1000000000
274 252 13968 5000 8192 0 1000000000
113 261 5447 5000 8192 0 1000000000
152 21 7507 5000 8192 0 1000000000
112 220 5377 5000 8192 0 1000000000
149 247 7399 5000 8192 0 1000000000
205 303 10155 5000 8192 0 1000000000
129 58 6342 5000 8192 0 1000000000
236 230 11933 5000 8192 0 1000000000
75 3 3771 5000 8192 0 1000000000
68 0 3489 5000 8192 0 1000000000
98 77 4807 5000 8192 0 1000000000
233 132 11792 5000 8192 0 1000000000
169 318 8361 5000 8192 0 1000000000
261 10 13224 5000 8192 0 1000000000
195 216 9665 5000 8192 0 1000000000
229 87 11508 5000 8192 0 1000000000
259 144 13105 5000 8192 0 1000000000
198 23 9844 5000 8192 0 1000000000
244 2 12467 5000 8192 0 1000000000
126 129 6137 5000 8192 0 1000000000
225 34 11365 5000 8192 0 1000000000
97 154 4783 5000 8192 0 1000000000
305 141 15578 5000 8192 0 1000000000
56 241 2696 5000 8192 0 1000000000
225 18 11353 5000 8192 0 1000000000
7 159 342 5000 8192 0 1000000000
300 141 15336 5000 8192 0 1000000000
127 232 6201 5000 8192 0 1000000000
286 163 14592 5000 8192 0 1000000000
313 151 16050 5000 8192 0 1000000000
63 177 3174 5000 8192 0 1000000000
116 219 5618 5000 8192 0 1000000000
277 171 14060 5000 8192 0 1000000000
22 208 1096 5000 8192 0 1000000000
220 289 11044 5000 8192 0 1000000000
136 236 6686 5000 8192 0 1000000000
307 180 15726 5000 8192 0 1000000000
291 13 14893 5000 8192 0 1000000000
143 210 7072 5000 8192 0 1000000000
9 282 470 5000 8192 0 1000000000
2 209 109 5000 8192 0 1000000000
135 46 6632 5000 8192 0 1000000000
190 62 9376 5000 8192 0 1000000000
17 285 833 5000 8192 0 1000000000
306 188 15663 5000 8192 0 1000000000
92 84 4651 5000 8192 0 1000000000
206 7 10250 5000 8192 0 1000000000
174 13 8575 5000 8192 0 1000000000
292 219 14929 5000 8192 0 1000000000
160 76 7846 5000 8192 0 1000000000
108 188 5154 5000 8192 0 1000000000
241 83 12258 5000 8192 0 1000000000
20 249 972 5000 8192 0 1000000000
131 62 6461 5000 8192 0 1000000000
115 268 5585 5000 8192 0 1000000000
290 293 14828 5000 8192 0 1000000000
219 32 10972 5000 8192 0 1000000000
254 91 12936 5000 8192 0 1000000000
218 132 10917 5000 8192 0 1000000000
223 225 11232 5000 8192 0 1000000000
3 143 177 5000 8192 0 1000000000
274 37 13911 5000 8192 0 1000000000
185 143 9098 5000 8192 0 1000000000
51 280 2433 5000 8192 0 1000000000
210 80 10398 5000 8192 0 1000000000
68 9 3477 5000 8192 0 1000000000
127 226 6194 5000 8192 0 1000000000
174 262 8544 5000 8192 0 1000000000
102 206 4937 5000 8192 0 1000000000
240 235 12223 5000 8192 0 1000000000
277 33 14057 5000 8192 0 1000000000
123 306 5979 5000 8192 0 1000000000
247 0 12681 5000 8192 0 1000000000
239 203 12130 5000 8192 0 1000000000
247 91 12673 5000 8192 0 1000000000
261 284 13262 5000 8192 0 1000000000
21 281 1081 5000 8192 0 1000000000
291 181 14882 5000 8192 0 1000000000
121 57 5882 5000 8192 0 1000000000
60 98 2976 5000 8192 0 1000000000
97 244 4767 5000 8192 0 1000000000
246 90 12598 5000 8192 0 1000000000
124 187 6016 5000 8192 0 1000000000
308 66 15770 5000 8192 0 1000000000
220 316 11080 5000 8192 0 1000000000
56 114 2728 5000 8192 0 1000000000
267 178 13558 5000 8192 0 1000000000
104 171 4981 5000 8192 0 1000000000
205 156 10199 5000 8192 0 1000000000
43 73 2096 5000 8192 0 1000000000
76 57 3849 5000 8192 0 1000000000
27 42 1312 5000 8192 0 1000000000
221 157 11116 5000 8192 0 1000000000
67 125 3386 5000 8192 0 1000000000
206 145 10235 5000 8192 0 1000000000
67 280 3392 5000 8192 0 1000000000
307 104 15711 5000 8192 0 1000000000
312 89 15991 5000 8192 0 1000000000
0 314 51 5000 8192 0 1000000000
238 312 12093 5000 8192 0 1000000000
196 131 9726 5000 8192 0 1000000000
203 123 10072 5000 8192 0 1000000000
35 272 1666 5000 8192 0 1000000000
239 167 12175 5000 8192 0 1000000000
302 143 15432 5000 8192 0 1000000000
4 96 249 5000 8192 0 1000000000
41 241 1969 5000 8192 0 1000000000
109 296 5227 5000 8192 0 1000000000
109 138 5224 5000 8192 0 1000000000
126 139 6150 5000 8192 0 1000000000
252 193 12831 5000 8192 0 1000000000
3 52 158 5000 8192 0 1000000000
184 233 8994 5000 8192 0 1000000000
202 36 10010 5000 8192 0 1000000000
298 137 15262 5000 8192 0 1000000000
289 282 14762 5000 8192 0 1000000000
303 127 15485 5000 8192 0 1000000000
30 232 1476 5000 8192 0 1000000000
82 59 4186 5000 8192 0 1000000000
302 125 15380 5000 8192 0 1000000000
68 267 3505 5000 8192 0 1000000000
104 307 4982 5000 8192 0 1000000000
154 251 16428 5000 16777216 1 1000000000
168 193 8322 5000 8192 0 1000000000
71 80 3651 5000 8192 0 1000000000
0 69 42 5000 8192 0 1000000000
316 119 16179 5000 8192 0 1000000000
195 34 9652 5000 8192 0 1000000000
55 159 2652 5000 8192 0 1000000000
67 81 3414 5000 8192 0 1000000000
137 171 6735 5000 8192 0 1000000000
300 44 15346 5000 8192 0 1000000000
76 282 3837 5000 8192 0 1000000000
0 135 56 5000 8192 0 1000000000
36 187 1777 5000 8192 0 1000000000
134 66 6521 5000 8192 0 1000000000
23 193 1174 5000 8192 0 1000000000
183 251 8955 5000 8192 0 1000000000
185 11 9100 5000 8192 0 1000000000
195 319 9630 5000 8192 0 1000000000
113 255 5454 5000 8192 0 1000000000
289 182 14739 5000 8192 0 1000000000
58 82 2836 5000 8192 0 1000000000
267 170 13535 5000 8192 0 1000000000
160 73 7855 5000 8192 0 1000000000
41 146 1975 5000 8192 0 1000000000
52 206 2547 5000 8192 0 1000000000
20 128 1020 5000 8192 0 1000000000
211 112 10493 5000 8192 0 1000000000
164 22 8136 5000 8192 0 1000000000
130 159 6389 5000 8192 0 1000000000
118 2 5758 5000 8192 0 1000000000
60 262 2989 5000 8192 0 1000000000
289 229 14740 5000 8192 0 1000000000
291 147 14912 5000 8192 0 1000000000
85 233 4375 5000 8192 0 1000000000
85 262 4402 5000 8192 0 1000000000
282 223 14384 5000 8192 0 1000000000
92 192 4622 5000 8192 0 1000000000
13 110 615 5000 8192 0 1000000000
126 311 6183 5000 8192 0 1000000000
205 308 10150 5000 8192 0 1000000000
62 255 3115 5000 8192 0 1000000000
56 153 2723 5000 8192 0 1000000000
188 292 9267 5000 8192 0 1000000000
181 155 8870 5000 8192 0 1000000000
237 211 12054 5000 8192 0 1000000000
97 283 4779 5000 8192 0 1000000000
145 11 7206 5000 8192 0 1000000000
63 203 3144 5000 8192 0 1000000000
226 174 11434 5000 8192 0 1000000000
169 86 8406 5000 8192 0 1000000000
221 47 11160 5000 8192 0 1000000000
178 305 8778 5000 8192 0 1000000000
23 96 1208 5000 8192 0 1000000000
252 199 12872 5000 8192 0 1000000000
76 306 3830 5000 8192 0 1000000000
167 247 8276 5000 8192 0 1000000000
115 228 5558 5000 8192 0 1000000000
91 21 4532 5000 8192 0 1000000000
202 251 9985 5000 8192 0 1000000000
223 128 11273 5000 8192 0 1000000000
47 39 2263 5000 8192 0 1000000000
187 105 9222 5000 8192 0 1000000000
123 22 5935 5000 8192 0 1000000000
174 64 8595 5000 8192 0 1000000000
272 301 13844 5000 8192 0 1000000000
232 11 11706 5000 8192 0 1000000000
274 31 13933 5000 8192 0 1000000000
258 163 13021 5000 8192 0 1000000000
160 214 7895 5000 8192 0 1000000000
115 230 5615 5000 8192 0 1000000000
234 316 11850 5000 8192 0 1000000000
118 306 5793 5000 8192 0 1000000000
87 64 4463 5000 8192 0 1000000000
168 230 8310 5000 8192 0 1000000000
28 62 1403 5000 8192 0 1000000000
288 5 14718 5000 8192 0 1000000000
125 30 6088 5000 8192 0 1000000000
159 39 7793 5000 8192 0 1000000000
80 226 4041 5000 8192 0 1000000000
220 179 11067 5000 8192 0 1000000000
268 72 13643 5000 8192 0 1000000000
230 308 11606 5000 8192 0 1000000000
300 29 15324 5000 8192 0 1000000000
312 248 15980 5000 8192 0 1000000000
240 0 12239 5000 8192 0 1000000000
212 16 10559 5000 8192 0 1000000000
81 149 4113 5000 8192 0 1000000000
302 94 15406 5000 8192 0 1000000000
196 17 9727 5000 8192 0 1000000000
138 45 6765 5000 8192 0 1000000000
226 68 11437 5000 8192 0 1000000000
270 306 13751 5000 8192 0 1000000000
97 58 4781 5000 8192 0 1000000000
158 317 7775 5000 8192 0 1000000000
121 279 5894 5000 8192 0 1000000000
264 169 13352 5000 8192 0 1000000000
16 253 807 5000 8192 0 1000000000
193 250 9538 5000 8192 0 1000000000
189 108 9323 5000 8192 0 1000000000
186 124 9132 5000 8192 0 1000000000
136 201 6679 5000 8192 0 1000000000
78 139 3936 5000 8192 0 1000000000
230 103 11566 5000 8192 0 1000000000
22 127 1086 5000 8192 0 1000000000
211 78 10496 5000 8192 0 1000000000
113 162 5437 5000 8192 0 1000000000
254 129 12914 5000 8192 0 1000000000
252 142 12868 5000 8192 0 1000000000
265 56 13423 5000 8192 0 1000000000
62 84 3085 5000 8192 0 1000000000
138 60 6816 5000 8192 0 1000000000
229 167 11527 5000 8192 0 1000000000
8 78 416 5000 8192 0 1000000000
136 293 6673 5000 8192 0 1000000000
152 50 7524 5000 8192 0 1000000000
150 141 7408 5000 8192 0 1000000000
44 113 2129 5000 8192 0 1000000000
247 237 12639 5000 8192 0 1000000000
291 267 14927 5000 8192 0 1000000000
288 23 14723 5000 8192 0 1000000000
229 234 11512 5000 8192 0 1000000000
142 248 6976 5000 8192 0 1000000000
234 127 11841 5000 8192 0 1000000000
213 200 10593 5000 8192 0 1000000000
181 149 8922 5000 8192 0 1000000000
149 315 7352 5000 8192 0 1000000000
68 31 3508 5000 8192 0 1000000000
268 192 13635 5000 8192 0 1000000000
135 284 6598 5000 8192 0 1000000000
112 31 5403 5000 8192 0 1000000000
167 65 8255 5000 8192 0 1000000000
104 50 5040 5000 8192 0 1000000000
148 307 7315 5000 8192 0 1000000000
183 129 8987 5000 8192 0 1000000000
95 175 4669 5000 8192 0 1000000000
43 186 2100 5000 8192 0 1000000000
140 178 6879 5000 8192 0 1000000000
65 140 3303 5000 8192 0 1000000000
187 235 9206 5000 8192 0 1000000000
13 122 609 5000 8192 0 1000000000
54 187 2597 5000 8192 0 1000000000
36 289 1724 5000 8192 0 1000000000
145 306 7169 5000 8192 0 1000000000
305 3 15568 5000 8192 0 1000000000
258 241 13054 5000 8192 0 1000000000
0 306 15 5000 8192 0 1000000000
187 304 9198 5000 8192 0 1000000000
51 244 2465 5000 8192 0 1000000000
310 25 15938 5000 8192 0 1000000000
229 203 11531 5000 8192 0 1000000000
91 210 4538 5000 8192 0 1000000000
28 42 1387 5000 8192 0 1000000000
13 209 613 5000 8192 0 1000000000
163 56 8049 5000 8192 0 1000000000
129 132 6320 5000 8192 0 1000000000
91 278 4579 5000 8192 0 1000000000
298 103 15267 5000 8192 0 1000000000
221 201 11128 5000 8192 0 1000000000
21 53 1058 5000 8192 0 1000000000
9 315 482 5000 8192 0 1000000000
184 95 9053 5000 8192 0 1000000000
165 314 8165 5000 8192 0 1000000000
276 228 13975 5000 8192 0 1000000000
225 306 11388 5000 8192 0 1000000000
17 244 852 5000 8192 0 1000000000
75 210 3788 5000 8192 0 1000000000
308 28 15808 5000 8192 0 1000000000
219 99 11011 5000 8192 0 1000000000
143 4 7075 5000 8192 0 1000000000
115 225 5582 5000 8192 0 1000000000
28 111 1401 5000 8192 0 1000000000
280 190 14227 5000 8192 0 1000000000
32 301 1625 5000 8192 0 1000000000
138 92 6789 5000 8192 0 1000000000
169 202 8384 5000 8192 0 1000000000
316 278 16148 5000 8192 0 1000000000
209 124 10361 5000 8192 0 1000000000
239 211 12156 5000 8192 0 1000000000
145 60 7188 5000 8192 0 1000000000
14 80 701 5000 8192 0 1000000000
58 197 2857 5000 8192 0 1000000000
79 5 3981 5000 8192 0 1000000000
284 158 14452 5000 8192 0 1000000000
172 98 8464 5000 8192 0 1000000000
195 264 9668 5000 8192 0 1000000000
141 283 6910 5000 8192 0 1000000000
79 225 4016 5000 8192 0 1000000000
109 88 5189 5000 8192 0 1000000000
308 202 15791 5000 8192 0 1000000000
81 158 4095 5000 8192 0 1000000000
240 174 12198 5000 8192 0 1000000000
307 109 15747 5000 8192 0 1000000000
142 69 6975 5000 8192 0 1000000000
269 120 13715 5000 8192 0 1000000000
31 233 1580 5000 8192 0 1000000000
172 184 8469 5000 8192 0 1000000000
213 159 10589 5000 8192 0 1000000000
149 64 7341 5000 8192 0 1000000000
300 270 15329 5000 8192 0 1000000000
241 307 12291 5000 8192 0 1000000000
185 64 9113 5000 8192 0 1000000000
290 172 14862 5000 8192 0 1000000000
71 120 3659 5000 8192 0 1000000000
293 59 15035 5000 8192 0 1000000000
209 82 10391 5000 8192 0 1000000000
112 55 5390 5000 8192 0 1000000000
179 171 8849 5000 8192 0 1000000000
213 94 10619 5000 8192 0 1000000000
198 274 9859 5000 8192 0 1000000000
70 158 3628 5000 8192 0 1000000000
262 187 13283 5000 8192 0 1000000000
202 190 9988 5000 8192 0 1000000000
305 197 15580 5000 8192 0 1000000000
79 241 3987 5000 8192 0 1000000000
218 120 10965 5000 8192 0 1000000000
169 229 8368 5000 8192 0 1000000000
176 296 8702 5000 8192 0 1000000000
318 213 16226 5000 8192 0 1000000000
265 238 13417 5000 8192 0 1000000000
179 68 8799 5000 8192 0 1000000000
160 232 7877 5000 8192 0 1000000000
140 175 6840 5000 8192 0 1000000000
29 195 1444 5000 8192 0 1000000000
195 317 9629 5000 8192 0 1000000000
258 53 13040 5000 8192 0 1000000000
9 22 497 5000 8192 0 1000000000
225 86 11385 5000 8192 0 1000000000
114 241 5547 5000 8192 0 1000000000
0 257 63 5000 8192 0 1000000000
23 298 1163 5000 8192 0 1000000000
168 34 8337 5000 8192 0 1000000000
288 41 14731 5000 8192 0 1000000000
241 1 12274 5000 8192 0 1000000000
264 187 13374 5000 8192 0 1000000000
277 258 14078 5000 8192 0 1000000000
138 198 6778 5000 8192 0 1000000000
55 47 2620 5000 8192 0 1000000000
158 302 7735 5000 8192 0 1000000000
4 302 236 5000 8192 0 1000000000
197 91 9796 5000 8192 0 1000000000
107 159 5076 5000 8192 0 1000000000
270 199 13754 5000 8192 0 1000000000
245 187 12562 5000 8192 0 1000000000
52 94 2532 5000 8192 0 1000000000
4 79 219 5000 8192 0 1000000000
135 18 6614 5000 8192 0 1000000000
150 81 7456 5000 8192 0 1000000000
173 259 8538 5000 8192 0 1000000000
158 178 7759 5000 8192 0 1000000000
252 159 12840 5000 8192 0 1000000000
107 311 5094 5000 8192 0 1000000000
167 118 8252 5000 8192 0 1000000000
79 138 4004 5000 8192 0 1000000000
78 209 3908 5000 8192 0 1000000000
270 214 13769 5000 8192 0 1000000000
17 45 842 5000 8192 0 1000000000
136 218 6687 5000 8192 0 1000000000
21 145 1040 5000 8192 0 1000000000
162 114 7974 5000 8192 0 1000000000
134 268 6514 5000 8192 0 1000000000
298 206 15273 5000 8192 0 1000000000
29 200 1448 5000 8192 0 1000000000
58 290 2866 5000 8192 0 1000000000
12 213 560 5000 8192 0 1000000000
80 240 4081 5000 8192 0 1000000000
178 167 8765 5000 8192 0 1000000000
167 70 8256 5000 8192 0 1000000000
223 196 11279 5000 8192 0 1000000000
123 311 5981 5000 8192 0 1000000000
269 277 13685 5000 8192 0 1000000000
284 304 14467 5000 8192 0 1000000000
216 29 10800 5000 8192 0 1000000000
292 248 14985 5000 8192 0 1000000000
116 223 5659 5000 8192 0 1000000000
123 98 5961 5000 8192 0 1000000000
268 101 13617 5000 8192 0 1000000000
186 289 9147 5000 8192 0 1000000000
35 245 1692 5000 8192 0 1000000000
252 68 12866 5000 8192 0 1000000000
225 311 11397 5000 8192 0 1000000000
312 130 16008 5000 8192 0 1000000000
277 110 14046 5000 8192 0 1000000000
245 272 12552 5000 8192 0 1000000000
260 148 13174 5000 8192 0 1000000000
289 317 14793 5000 8192 0 1000000000
300 309 15371 5000 8192 0 1000000000
159 22 7784 5000 8192 0 1000000000
76 83 3832 5000 8192 0 1000000000
66 142 3334 5000 8192 0 1000000000
31 34 1569 5000 8192 0 1000000000
256 139 16414 5000 16777216 1 1000000000
281 309 14334 5000 8192 0 1000000000
224 136 11313 5000 8192 0 1000000000
187 194 9190 5000 8192 0 1000000000
64 278 3238 5000 8192 0 1000000000
274 66 13963 5000 8192 0 1000000000
235 213 11885 5000 8192 0 1000000000
309 6 15850 5000 8192 0 1000000000
193 319 9514 5000 8192 0 1000000000
82 162 4180 5000 8192 0 1000000000
137 128 6758 5000 8192 0 1000000000
267 114 13537 5000 8192 0 1000000000
252 319 12863 5000 8192 0 1000000000
315 207 16084 5000 8192 0 1000000000
27 117 1326 5000 8192 0 1000000000
282 77 14403 5000 8192 0 1000000000
39 68 1835 5000 8192 0 1000000000
188 189 9301 5000 8192 0 1000000000
91 296 4542 5000 8192 0 1000000000
75 64 3766 5000 8192 0 1000000000
174 75 8596 5000 8192 0 1000000000
212 248 10522 5000 8192 0 1000000000
295 202 15077 5000 8192 0 1000000000
73 180 3756 5000 8192 0 1000000000
214 180 10649 5000 8192 0 1000000000
262 271 13309 5000 8192 0 1000000000
244 158 12471 5000 8192 0 1000000000
104 265 5006 5000 8192 0 1000000000
2 76 114 5000 8192 0 1000000000
173 145 8522 5000 8192 0 1000000000
65 139 3301 5000 8192 0 1000000000
195 62 9658 5000 8192 0 1000000000
25 200 16405 5000 16777216 1 1000000000
45 80 2191 5000 8192 0 1000000000
149 251 7397 5000 8192 0 1000000000
62 164 3113 5000 8192 0 1000000000
28 193 1399 5000 8192 0 1000000000
172 43 8459 5000 8192 0 1000000000
31 214 1535 5000 8192 0 1000000000
224 228 11298 5000 8192 0 1000000000
276 173 13976 5000 8192 0 1000000000
187 104 9241 5000 8192 0 1000000000
84 168 4292 5000 8192 0 1000000000
27 75 1282 5000 8192 0 1000000000
65 101 3304 5000 8192 0 1000000000
279 15 14194 5000 8192 0 1000000000
259 273 13103 5000 8192 0 1000000000
152 24 7496 5000 8192 0 1000000000
183 155 8932 5000 8192 0 1000000000
12 105 557 5000 8192 0 1000000000
126 156 6186 5000 8192 0 1000000000
249 255 12798 5000 8192 0 1000000000
84 120 4298 5000 8192 0 1000000000
66 264 3363 5000 8192 0 1000000000
291 314 14889 5000 8192 0 1000000000
309 54 15869 5000 8192 0 1000000000
265 131 13403 5000 8192 0 1000000000
57 160 2794 5000 8192 0 1000000000
175 249 8633 5000 8192 0 1000000000
288 160 14675 5000 8192 0 1000000000
61 71 3025 5000 8192 0 1000000000
232 223 11725 5000 8192 0 1000000000
135 65 6589 5000 8192 0 1000000000
244 62 12469 5000 8192 0 1000000000
92 43 4609 5000 8192 0 1000000000
44 50 2128 5000 8192 0 1000000000
219 240 10994 5000 8192 0 1000000000
306 297 15651 5000 8192 0 1000000000
205 310 10172 5000 8192 0 1000000000
313 250 16052 5000 8192 0 1000000000
168 8 8328 5000 8192 0 1000000000
22 314 1123 5000 8192 0 1000000000
84 35 4336 5000 8192 0 1000000000
221 15 11106 5000 8192 0 1000000000
16 104 774 5000 8192 0 1000000000
176 52 8676 5000 8192 0 1000000000
173 138 8505 5000 8192 0 1000000000
3 110 161 5000 8192 0 1000000000
144 130 7104 5000 8192 0 1000000000
306 127 15689 5000 8192 0 1000000000
135 141 6629 5000 8192 0 1000000000
35 66 1705 5000 8192 0 1000000000
168 191 8309 5000 8192 0 1000000000
158 316 7765 5000 8192 0 1000000000
123 295 5996 5000 8192 0 1000000000
218 20 10943 5000 8192 0 1000000000
183 245 8963 5000 8192 0 1000000000
101 134 4886 5000 8192 0 1000000000
42 124 2042 5000 8192 0 1000000000
15 43 743 5000 8192 0 1000000000
63 110 3185 5000 8192 0 1000000000
184 261 8992 5000 8192 0 1000000000
71 309 3664 5000 8192 0 1000000000
85 261 4400 5000 8192 0 1000000000
201 3 9903 5000 8192 0 1000000000
174 52 8564 5000 8192 0 1000000000
213 107 10603 5000 8192 0 1000000000
296 133 15166 5000 8192 0 1000000000
4 198 227 5000 8192 0 1000000000
6 192 309 5000 8192 0 1000000000
235 128 11898 5000 8192 0 1000000000
46 273 16424 5000 16777216 1 1000000000
256 5 16372 5000 16777216 1 1000000000
298 171 15248 5000 8192 0 1000000000
269 24 13704 5000 8192 0 1000000000
135 266 6628 5000 8192 0 1000000000
309 166 15828 5000 8192 0 1000000000
196 165 9707 5000 8192 0 1000000000
111 88 5355 5000 8192 0 1000000000
178 296 8746 5000 8192 0 1000000000
169 210 8387 5000 8192 0 1000000000
131 14 6496 5000 8192 0 1000000000
245 152 12550 5000 8192 0 1000000000
239 233 12127 5000 8192 0 1000000000
21 235 1053 5000 8192 0 1000000000
63 231 3179 5000 8192 0 1000000000
150 103 7407 5000 8192 0 1000000000
104 12 5003 5000 8192 0 1000000000
140 242 6842 5000 8192 0 1000000000
117 146 5718 5000 8192 0 1000000000
111 268 5303 5000 8192 0 1000000000
245 95 12510 5000 8192 0 1000000000
42 212 1984 5000 8192 0 1000000000
108 255 5113 5000 8192 0 1000000000
116 233 5633 5000 8192 0 1000000000
237 200 12010 5000 8192 0 1000000000
73 151 3752 5000 8192 0 1000000000
160 139 7889 5000 8192 0 1000000000
265 224 13429 5000 8192 0 1000000000
238 308 12067 5000 8192 0 1000000000
276 146 14005 5000 8192 0 1000000000
66 73 3359 5000 8192 0 1000000000
148 299 7295 5000 8192 0 1000000000
8 306 413 5000 8192 0 1000000000
302 100 15427 5000 8192 0 1000000000
128 80 6255 5000 8192 0 1000000000
153 122 7558 5000 8192 0 1000000000
271 125 13828 5000 8192 0 1000000000
36 141 1781 5000 8192 0 1000000000
21 270 1072 5000 8192 0 1000000000
42 83 2038 5000 8192 0 1000000000
270 318 13745 5000 8192 0 1000000000
283 227 16330 5000 16777216 1 1000000000
187 29 9201 5000 8192 0 1000000000
145 310 7168 5000 8192 0 1000000000
41 114 1955 5000 8192 0 1000000000
232 54 11727 5000 8192 0 1000000000
160 271 7890 5000 8192 0 1000000000
220 137 11043 5000 8192 0 1000000000
296 285 15137 5000 8192 0 1000000000
62 94 3088 5000 8192 0 1000000000
24 195 1230 5000 8192 0 1000000000
280 5 14237 5000 8192 0 1000000000
63 176 3159 5000 8192 0 1000000000
297 139 15197 5000 8192 0 1000000000
175 274 8611 5000 8192 0 1000000000
258 60 13033 5000 8192 0 1000000000
244 51 12450 5000 8192 0 1000000000
22 275 1104 5000 8192 0 1000000000
15 19 742 5000 8192 0 1000000000
292 283 14950 5000 8192 0 1000000000
310 306 15924 5000 8192 0 1000000000
153 131 7578 5000 8192 0 1000000000
69 3 3523 5000 8192 0 1000000000
216 230 10840 5000 8192 0 1000000000
255 151 12972 5000 8192 0 1000000000
81 132 4102 5000 8192 0 1000000000
147 248 7233 5000 8192 0 1000000000
78 162 3938 5000 8192 0 1000000000
259 59 13112 5000 8192 0 1000000000
78 27 3896 5000 8192 0 1000000000
61 96 3049 5000 8192 0 1000000000
85 24 4392 5000 8192 0 1000000000
221 99 11153 5000 8192 0 1000000000
55 52 2624 5000 8192 0 1000000000
2 216 122 5000 8192 0 1000000000
240 131 12186 5000 8192 0 1000000000
242 26 12333 5000 8192 0 1000000000
193 184 9553 5000 8192 0 1000000000
29 296 1422 5000 8192 0 1000000000
270 200 13770 5000 8192 0 1000000000
234 177 11813 5000 8192 0 1000000000
118 179 5804 5000 8192 0 1000000000
12 261 548 5000 8192 0 1000000000
143 106 7069 5000 8192 0 1000000000
209 90 10373 5000 8192 0 1000000000
211 131 10502 5000 8192 0 1000000000
29 155 1407 5000 8192 0 1000000000
183 310 8968 5000 8192 0 1000000000
225 139 11390 5000 8192 0 1000000000
266 200 13484 5000 8192 0 1000000000
279 188 14215 5000 8192 0 1000000000
290 57 14826 5000 8192 0 1000000000
274 282 13936 5000 8192 0 1000000000
51 266 2463 5000 8192 0 1000000000
75 70 3780 5000 8192 0 1000000000
214 213 10681 5000 8192 0 1000000000
173 303 8493 5000 8192 0 1000000000
131 277 6508 5000 8192 0 1000000000
149 147 7346 5000 8192 0 1000000000
264 245 13367 5000 8192 0 1000000000
63 50 3133 5000 8192 0 1000000000
107 234 5050 5000 8192 0 1000000000
34 275 16423 5000 16777216 1 1000000000
247 62 12670 5000 8192 0 1000000000
21 63 1031 5000 8192 0 1000000000
85 265 4351 5000 8192 0 1000000000
39 212 1790 5000 8192 0 1000000000
297 77 15218 5000 8192 0 1000000000
110 138 5262 5000 8192 0 1000000000
136 199 6644 5000 8192 0 1000000000
137 131 6703 5000 8192 0 1000000000
111 240 5349 5000 8192 0 1000000000
14 253 661 5000 8192 0 1000000000
218 31 10925 5000 8192 0 1000000000
189 69 9355 5000 8192 0 1000000000
27 52 1292 5000 8192 0 1000000000
204 190 10090 5000 8192 0 1000000000
210 3 10399 5000 8192 0 1000000000
220 301 11082 5000 8192 0 1000000000
254 33 12929 5000 8192 0 1000000000
14 227 703 5000 8192 0 1000000000
162 192 8013 5000 8192 0 1000000000
73 207 3742 5000 8192 0 1000000000
280 133 14256 5000 8192 0 1000000000
243 6 12385 5000 8192 0 1000000000
70 129 3579 5000 8192 0 1000000000
259 204 13133 5000 8192 0 1000000000
249 91 12817 5000 8192 0 1000000000
56 139 2689 5000 8192 0 1000000000
73 210 3713 5000 8192 0 1000000000
137 45 6701 5000 8192 0 1000000000
238 201 12073 5000 8192 0 1000000000
60 77 2951 5000 8192 0 1000000000
126 20 6179 5000 8192 0 1000000000
267 283 13530 5000 8192 0 1000000000
55 234 2679 5000 8192 0 1000000000
318 248 16209 5000 8192 0 1000000000
153 154 7567 5000 8192 0 1000000000
198 294 9822 5000 8192 0 1000000000
291 163 14878 5000 8192 0 1000000000
202 56 9967 5000 8192 0 1000000000
142 117 6957 5000 8192 0 1000000000
247 256 12689 5000 8192 0 1000000000
138 13 6770 5000 8192 0 1000000000
125 284 6106 5000 8192 0 1000000000
109 145 5201 5000 8192 0 1000000000
209 201 10384 5000 8192 0 1000000000
278 43 14110 5000 8192 0 1000000000
243 150 12404 5000 8192 0 1000000000
80 87 4026 5000 8192 0 1000000000
313 189 16024 5000 8192 0 1000000000
279 111 14221 5000 8192 0 1000000000
184 100 9049 5000 8192 0 1000000000
67 155 3396 5000 8192 0 1000000000
156 191 7714 5000 8192 0 1000000000
264 141 13372 5000 8192 0 1000000000
150 242 7449 5000 8192 0 1000000000
305 194 15585 5000 8192 0 1000000000
80 34 4051 5000 8192 0 1000000000
246 162 12625 5000 8192 0 1000000000
248 107 12750 5000 8192 0 1000000000
195 127 9685 5000 8192 0 1000000000
145 236 7152 5000 8192 0 1000000000
295 284 15088 5000 8192 0 1000000000
91 19 4545 5000 8192 0 1000000000
230 66 11578 5000 8192 0 1000000000
117 131 5708 5000 8192 0 1000000000
104 8 5023 5000 8192 0 1000000000
98 65 4805 5000 8192 0 1000000000
161 99 7947 5000 8192 0 1000000000
242 139 12325 5000 8192 0 1000000000
198 308 9862 5000 8192 0 1000000000
12 141 574 5000 8192 0 1000000000
152 94 7508 5000 8192 0 1000000000
191 50 9481 5000 8192 0 1000000000
35 172 1664 5000 8192 0 1000000000
162 197 8022 5000 8192 0 1000000000
243 179 12386 5000 8192 0 1000000000
296 144 15162 5000 8192 0 1000000000
6 273 285 5000 8192 0 1000000000
237 195 12034 5000 8192 0 1000000000
318 252 16254 5000 8192 0 1000000000
282 80 14389 5000 8192 0 1000000000
193 176 9531 5000 8192 0 1000000000
21 278 1068 5000 8192 0 1000000000
223 24 11283 5000 8192 0 1000000000
225 255 11405 5000 8192 0 1000000000
49 283 2332 5000 8192 0 1000000000
196 23 9708 5000 8192 0 1000000000
135 281 6584 5000 8192 0 1000000000
155 284 7601 5000 8192 0 1000000000
158 148 7779 5000 8192 0 1000000000
276 196 14018 5000 8192 0 1000000000
271 188 13833 5000 8192 0 1000000000
238 263 12086 5000 8192 0 1000000000
35 166 1714 5000 8192 0 1000000000
248 299 12733 5000 8192 0 1000000000
295 158 15083 5000 8192 0 1000000000
274 177 13952 5000 8192 0 1000000000
187 79 9209 5000 8192 0 1000000000
73 158 3720 5000 8192 0 1000000000
17 33 870 5000 8192 0 1000000000
71 134 3687 5000 8192 0 1000000000
181 78 8869 5000 8192 0 1000000000
219 205 10990 5000 8192 0 1000000000
287 224 14639 5000 8192 0 1000000000
4 154 246 5000 8192 0 1000000000
70 231 3594 5000 8192 0 1000000000
162 108 8012 5000 8192 0 1000000000
144 154 7096 5000 8192 0 1000000000
4 1 248 5000 8192 0 1000000000
63 217 3191 5000 8192 0 1000000000
114 159 5552 5000 8192 0 1000000000
14 197 700 5000 8192 0 1000000000
274 43 13946 5000 8192 0 1000000000
291 243 14866 5000 8192 0 1000000000
305 171 15606 5000 8192 0 1000000000
61 59 3043 5000 8192 0 1000000000
315 71 16128 5000 8192 0 1000000000
13 7 579 5000 8192 0 1000000000
310 229 15913 5000 8192 0 1000000000
187 79 9221 5000 8192 0 1000000000
42 304 2002 5000 8192 0 1000000000
178 251 8794 5000 8192 0 1000000000
316 142 16155 5000 8192 0 1000000000
188 158 9248 5000 8192 0 1000000000
114 272 5528 5000 8192 0 1000000000
137 112 6708 5000 8192 0 1000000000
181 12 8873 5000 8192 0 1000000000
235 183 11879 5000 8192 0 1000000000
219 152 11020 5000 8192 0 1000000000
61 134 3042 5000 8192 0 1000000000
280 236 14248 5000 8192 0 1000000000
3 75 184 5000 8192 0 1000000000
49 305 2310 5000 8192 0 1000000000
113 95 5466 5000 8192 0 1000000000
222 170 11199 5000 8192 0 1000000000
110 207 5282 5000 8192 0 1000000000
267 238 13526 5000 8192 0 1000000000
220 30 11079 5000 8192 0 1000000000
254 191 12903 5000 8192 0 1000000000
78 251 3907 5000 8192 0 1000000000
81 108 4111 5000 8192 0 1000000000
36 3 1755 5000 8192 0 1000000000
113 20 5488 5000 8192 0 1000000000
208 158 10300 5000 8192 0 1000000000
116 11 5642 5000 8192 0 1000000000
173 26 8536 5000 8192 0 1000000000
50 280 2364 5000 8192 0 1000000000
3 14 136 5000 8192 0 1000000000
41 138 1963 5000 8192 0 1000000000
143 258 7077 5000 8192 0 1000000000
172 26 8432 5000 8192 0 1000000000
271 180 13839 5000 8192 0 1000000000
279 108 14170 5000 8192 0 1000000000
193 269 9505 5000 8192 0 1000000000
4 85 256 5000 8192 0 1000000000
156 239 7677 5000 8192 0 1000000000
119 46 5836 5000 8192 0 1000000000
52 172 2544 5000 8192 0 1000000000
188 187 9254 5000 8192 0 1000000000
193 251 9509 5000 8192 0 1000000000
190 15 9398 5000 8192 0 1000000000
80 185 4061 5000 8192 0 1000000000
104 219 5009 5000 8192 0 1000000000
213 125 10630 5000 8192 0 1000000000
24 1 1274 5000 8192 0 1000000000
221 53 11150 5000 8192 0 1000000000
240 298 12201 5000 8192 0 1000000000
18 232 950 5000 8192 0 1000000000
118 314 5784 5000 8192 0 1000000000
84 277 4285 5000 8192 0 1000000000
185 251 9095 5000 8192 0 1000000000
296 180 15177 5000 8192 0 1000000000
272 7 13846 5000 8192 0 1000000000
57 239 2779 5000 8192 0 1000000000
128 165 6266 5000 8192 0 1000000000
284 248 14424 5000 8192 0 1000000000
185 187 9094 5000 8192 0 1000000000
155 142 7595 5000 8192 0 1000000000
83 246 4256 5000 8192 0 1000000000
307 213 15707 5000 8192 0 1000000000
160 57 7857 5000 8192 0 1000000000
259 240 13085 5000 8192 0 1000000000
234 249 11811 5000 8192 0 1000000000
269 54 13714 5000 8192 0 1000000000
249 159 12793 5000 8192 0 1000000000
262 164 13310 5000 8192 0 1000000000
296 96 15147 5000 8192 0 1000000000
300 256 15328 5000 8192 0 1000000000
313 107 16053 5000 8192 0 1000000000
39 137 1788 5000 8192 0 1000000000
144 3 7112 5000 8192 0 1000000000
118 286 5800 5000 8192 0 1000000000
216 307 10830 5000 8192 0 1000000000
214 266 10678 5000 8192 0 1000000000
141 243 6936 5000 8192 0 1000000000
194 43 9586 5000 8192 0 1000000000
56 108 2681 5000 8192 0 1000000000
268 34 13614 5000 8192 0 1000000000
296 73 15125 5000 8192 0 1000000000
35 285 1693 5000 8192 0 1000000000
300 53 15313 5000 8192 0 1000000000
204 128 10133 5000 8192 0 1000000000
136 192 6654 5000 8192 0 1000000000
245 71 12555 5000 8192 0 1000000000
271 250 13817 5000 8192 0 1000000000
68 288 3462 5000 8192 0 1000000000
66 15 3346 5000 8192 0 1000000000
203 71 10053 5000 8192 0 1000000000
62 133 3080 5000 8192 0 1000000000
148 69 7301 5000 8192 0 1000000000
40 292 1862 5000 8192 0 1000000000
185 275 9072 5000 8192 0 1000000000
280 121 14261 5000 8192 0 1000000000
297 246 15201 5000 8192 0 1000000000
85 213 4394 5000 8192 0 1000000000
184 255 9001 5000 8192 0 1000000000
118 137 5751 5000 8192 0 1000000000
13 291 593 5000 8192 0 1000000000
272 196 13849 5000 8192 0 1000000000
149 186 7359 5000 8192 0 1000000000
80 17 4053 5000 8192 0 1000000000
129 176 6364 5000 8192 0 1000000000
31 319 1577 5000 8192 0 1000000000
12 230 518 5000 8192 0 1000000000
261 301 13244 5000 8192 0 1000000000
85 17 4357 5000 8192 0 1000000000
124 117 6062 5000 8192 0 1000000000
163 287 8058 5000 8192 0 1000000000
267 182 13547 5000 8192 0 1000000000
101 78 4902 5000 8192 0 1000000000
116 126 5676 5000 8192 0 1000000000
191 134 9438 5000 8192 0 1000000000
9 176 462 5000 8192 0 1000000000
183 193 8946 5000 8192 0 1000000000
285 141 14492 5000 8192 0 1000000000
61 222 3056 5000 8192 0 1000000000
247 176 12659 5000 8192 0 1000000000
149 215 7375 5000 8192 0 1000000000
30 200 1529 5000 8192 0 1000000000
274 111 13913 5000 8192 0 1000000000
82 295 4172 5000 8192 0 1000000000
62 164 3084 5000 8192 0 1000000000
287 34 14649 5000 8192 0 1000000000
216 58 10788 5000 8192 0 1000000000
216 194 10826 5000 8192 0 1000000000
276 28 14017 5000 8192 0 1000000000
110 140 5293 5000 8192 0 1000000000
114 238 5499 5000 8192 0 1000000000
57 207 2782 5000 8192 0 1000000000
123 205 5948 5000 8192 0 1000000000
58 108 2842 5000 8192 0 1000000000
56 41 2743 5000 8192 0 1000000000
4 146 209 5000 8192 0 1000000000
303 294 15477 5000 8192 0 1000000000
20 138 971 5000 8192 0 1000000000
271 241 13802 5000 8192 0 1000000000
39 175 1841 5000 8192 0 1000000000
98 18 4844 5000 8192 0 1000000000
145 167 7204 5000 8192 0 1000000000
2 106 99 5000 8192 0 1000000000
140 26 6855 5000 8192 0 1000000000
64 32 3246 5000 8192 0 1000000000
293 256 15034 5000 8192 0 1000000000
14 171 676 5000 8192 0 1000000000
147 168 7241 5000 8192 0 1000000000
101 288 4869 5000 8192 0 1000000000
217 247 10896 5000 8192 0 1000000000
143 291 7056 5000 8192 0 1000000000
231 154 11629 5000 8192 0 1000000000
84 150 4328 5000 8192 0 1000000000
305 222 15569 5000 8192 0 1000000000
174 266 8545 5000 8192 0 1000000000
212 235 10568 5000 8192 0 1000000000
18 313 929 5000 8192 0 1000000000
111 265 5299 5000 8192 0 1000000000
252 261 12862 5000 8192 0 1000000000
245 138 12505 5000 8192 0 1000000000
173 230 8532 5000 8192 0 1000000000
188 318 9266 5000 8192 0 1000000000
8 305 407 5000 8192 0 1000000000
202 180 9998 5000 8192 0 1000000000
13 4 623 5000 8192 0 1000000000
30 60 1522 5000 8192 0 1000000000
305 309 15608 5000 8192 0 1000000000
137 292 6764 5000 8192 0 1000000000
66 127 3329 5000 8192 0 1000000000
82 227 4165 5000 8192 0 1000000000
196 193 9724 5000 8192 0 1000000000
47 49 2278 5000 8192 0 1000000000
258 263 13020 5000 8192 0 1000000000
149 169 7358 5000 8192 0 1000000000
45 170 2216 5000 8192 0 1000000000
82 135 4167 5000 8192 0 1000000000
142 231 6959 5000 8192 0 1000000000
108 309 5164 5000 8192 0 1000000000
64 278 3208 5000 8192 0 1000000000
156 270 7709 5000 8192 0 1000000000
104 108 4998 5000 8192 0 1000000000
117 239 5736 5000 8192 0 1000000000
193 195 9548 5000 8192 0 1000000000
233 141 11779 5000 8192 0 1000000000
142 35 6989 5000 8192 0 1000000000
6 295 303 5000 8192 0 1000000000
204 292 10113 5000 8192 0 1000000000
208 224 10292 5000 8192 0 1000000000
291 58 14913 5000 8192 0 1000000000
280 311 14258 5000 8192 0 1000000000
297 277 15206 5000 8192 0 1000000000
186 144 9174 5000 8192 0 1000000000
4 134 252 5000 8192 0 1000000000
270 210 13718 5000 8192 0 1000000000
124 83 6033 5000 8192 0 1000000000
295 79 15066 5000 8192 0 1000000000
123 160 5953 5000 8192 0 1000000000
101 250 4860 5000 8192 0 1000000000
248 296 12725 5000 8192 0 1000000000
69 300 3570 5000 8192 0 1000000000
114 111 5524 5000 8192 0 1000000000
98 55 4841 5000 8192 0 1000000000
145 112 7174 5000 8192 0 1000000000
193 0 9537 5000 8192 0 1000000000
319 310 16297 5000 8192 0 1000000000
271 155 13781 5000 8192 0 1000000000
156 98 7685 5000 8192 0 1000000000
295 112 15097 5000 8192 0 1000000000
231 34 11645 5000 8192 0 1000000000
234 216 11839 5000 8192 0 1000000000
49 234 2338 5000 8192 0 1000000000
264 136 13357 5000 8192 0 1000000000
81 234 4138 5000 8192 0 1000000000
29 129 1449 5000 8192 0 1000000000
98 293 4840 5000 8192 0 1000000000
242 65 12323 5000 8192 0 1000000000
254 294 12925 5000 8192 0 1000000000
162 121 7994 5000 8192 0 1000000000
95 220 4659 5000 8192 0 1000000000
73 81 3728 5000 8192 0 1000000000
115 101 5561 5000 8192 0 1000000000
245 227 12502 5000 8192 0 1000000000
255 182 13003 5000 8192 0 1000000000
73 200 3726 5000 8192 0 1000000000
248 205 12709 5000 8192 0 1000000000
304 123 15514 5000 8192 0 1000000000
161 225 7966 5000 8192 0 1000000000
185 247 9105 5000 8192 0 1000000000
312 70 15982 5000 8192 0 1000000000
0 191 58 5000 8192 0 1000000000
49 80 2330 5000 8192 0 1000000000
279 240 14189 5000 8192 0 1000000000
56 137 2698 5000 8192 0 1000000000
282 311 14372 5000 8192 0 1000000000
211 238 10470 5000 8192 0 1000000000
243 268 12430 5000 8192 0 1000000000
306 154 15660 5000 8192 0 1000000000
268 137 13630 5000 8192 0 1000000000
240 134 12182 5000 8192 0 1000000000
179 32 8814 5000 8192 0 1000000000
142 103 6963 5000 8192 0 1000000000
116 114 5666 5000 8192 0 1000000000
143 152 7067 5000 8192 0 1000000000
220 173 11041 5000 8192 0 1000000000
303 78 15472 5000 8192 0 1000000000
237 158 12016 5000 8192 0 1000000000
303 13 15441 5000 8192 0 1000000000
92 251 4650 5000 8192 0 1000000000
208 168 10278 5000 8192 0 1000000000
172 43 8442 5000 8192 0 1000000000
277 117 14063 5000 8192 0 1000000000
274 302 13960 5000 8192 0 1000000000
50 35 2382 5000 8192 0 1000000000
217 21 10845 5000 8192 0 1000000000
249 311 12794 5000 8192 0 1000000000
213 8 10609 5000 8192 0 1000000000
300 162 15347 5000 8192 0 1000000000
31 85 1543 5000 8192 0 1000000000
135 197 6574 5000 8192 0 1000000000
92 81 4597 5000 8192 0 1000000000
7 80 343 5000 8192 0 1000000000
118 126 5806 5000 8192 0 1000000000
287 148 14655 5000 8192 0 1000000000
158 77 7753 5000 8192 0 1000000000
272 63 13843 5000 8192 0 1000000000
130 161 6388 5000 8192 0 1000000000
55 35 2647 5000 8192 0 1000000000
191 142 9477 5000 8192 0 1000000000
239 55 12173 5000 8192 0 1000000000
41 151 1966 5000 8192 0 1000000000
116 292 5629 5000 8192 0 1000000000
152 45 7479 5000 8192 0 1000000000
12 169 530 5000 8192 0 1000000000
117 212 5719 5000 8192 0 1000000000
287 145 14645 5000 8192 0 1000000000
39 248 1837 5000 8192 0 1000000000
196 286 9730 5000 8192 0 1000000000
6 182 260 5000 8192 0 1000000000
240 39 12192 5000 8192 0 1000000000
136 286 6652 5000 8192 0 1000000000
2 123 115 5000 8192 0 1000000000
201 223 9896 5000 8192 0 1000000000
183 293 8972 5000 8192 0 1000000000
174 63 8558 5000 8192 0 1000000000
319 200 16278 5000 8192 0 1000000000
35 241 1723 5000 8192 0 1000000000
117 293 5703 5000 8192 0 1000000000
126 120 6149 5000 8192 0 1000000000
31 259 1556 5000 8192 0 1000000000
0 143 36 5000 8192 0 1000000000
307 134 15699 5000 8192 0 1000000000
68 92 3500 5000 8192 0 1000000000
49 260 2302 5000 8192 0 1000000000
7 123 349 5000 8192 0 1000000000
197 296 9795 5000 8192 0 1000000000
212 108 10578 5000 8192 0 1000000000
260 199 13202 5000 8192 0 1000000000
36 103 1730 5000 8192 0 1000000000
167 168 8225 5000 8192 0 1000000000
319 275 16319 5000 8192 0 1000000000
303 308 15439 5000 8192 0 1000000000
55 143 2644 5000 8192 0 1000000000
212 29 10533 5000 8192 0 1000000000
95 191 4712 5000 8192 0 1000000000
239 198 12172 5000 8192 0 1000000000
129 265 6366 5000 8192 0 1000000000
97 244 4759 5000 8192 0 1000000000
233 42 11773 5000 8192 0 1000000000
291 269 14909 5000 8192 0 1000000000
271 295 13827 5000 8192 0 1000000000
270 0 13758 5000 8192 0 1000000000
277 286 14059 5000 8192 0 1000000000
272 288 13893 5000 8192 0 1000000000
269 56 13675 5000 8192 0 1000000000
209 17 10374 5000 8192 0 1000000000
82 265 4189 5000 8192 0 1000000000
191 109 9463 5000 8192 0 1000000000
297 229 15241 5000 8192 0 1000000000
266 247 13469 5000 8192 0 1000000000
304 279 15501 5000 8192 0 1000000000
123 110 5943 5000 8192 0 1000000000
130 269 6412 5000 8192 0 1000000000
85 276 4391 5000 8192 0 1000000000
42 207 1988 5000 8192 0 1000000000
213 107 10624 5000 8192 0 1000000000
287 312 14662 5000 8192 0 1000000000
173 43 8512 5000 8192 0 1000000000
143 48 7054 5000 8192 0 1000000000
262 295 13286 5000 8192 0 1000000000
232 120 11688 5000 8192 0 1000000000
30 298 1516 5000 8192 0 1000000000
15 162 718 5000 8192 0 1000000000
121 108 5908 5000 8192 0 1000000000
266 241 13496 5000 8192 0 1000000000
288 255 14714 5000 8192 0 1000000000
222 205 11169 5000 8192 0 1000000000
49 194 2321 5000 8192 0 1000000000
130 242 6421 5000 8192 0 1000000000
35 59 1671 5000 8192 0 1000000000
101 14 4890 5000 8192 0 1000000000
185 177 9055 5000 8192 0 1000000000
9 270 454 5000 8192 0 1000000000
3 307 192 5000 8192 0 1000000000
229 214 11511 5000 8192 0 1000000000
259 182 13101 5000 8192 0 1000000000
288 24 14701 5000 8192 0 1000000000
110 46 5245 5000 8192 0 1000000000
195 235 9635 5000 8192 0 1000000000
32 16 1658 5000 8192 0 1000000000
201 148 9913 5000 8192 0 1000000000
70 244 3626 5000 8192 0 1000000000
65 107 3287 5000 8192 0 1000000000
270 40 13761 5000 8192 0 1000000000
287 303 14623 5000 8192 0 1000000000
290 245 14835 5000 8192 0 1000000000
173 282 8479 5000 8192 0 1000000000
216 191 10829 5000 8192 0 1000000000
71 125 3692 5000 8192 0 1000000000
128 76 6290 5000 8192 0 1000000000
71 13 3643 5000 8192 0 1000000000
16 306 818 5000 8192 0 1000000000
290 147 14827 5000 8192 0 1000000000
76 286 3875 5000 8192 0 1000000000
78 135 3914 5000 8192 0 1000000000
114 181 5529 5000 8192 0 1000000000
138 290 6798 5000 8192 0 1000000000
140 298 6875 5000 8192 0 1000000000
221 1 11146 5000 8192 0 1000000000
287 117 14640 5000 8192 0 1000000000
188 313 9291 5000 8192 0 1000000000
114 90 5538 5000 8192 0 1000000000
65 72 3302 5000 8192 0 1000000000
210 236 10449 5000 8192 0 1000000000
290 286 14848 5000 8192 0 1000000000
107 40 5070 5000 8192 0 1000000000
159 22 7828 5000 8192 0 1000000000
268 171 13612 5000 8192 0 1000000000
98 13 4808 5000 8192 0 1000000000
51 300 2455 5000 8192 0 1000000000
194 43 9610 5000 8192 0 1000000000
18 194 903 5000 8192 0 1000000000
66 156 3327 5000 8192 0 1000000000
267 187 13559 5000 8192 0 1000000000
131 185 6485 5000 8192 0 1000000000
196 219 9695 5000 8192 0 1000000000
252 12 12870 5000 8192 0 1000000000
43 154 2058 5000 8192 0 1000000000
215 297 10773 5000 8192 0 1000000000
70 269 3627 5000 8192 0 1000000000
67 257 3391 5000 8192 0 1000000000
32 165 1647 5000 8192 0 1000000000
114 254 5537 5000 8192 0 1000000000
236 43 11948 5000 8192 0 1000000000
313 253 16045 5000 8192 0 1000000000
218 311 10905 5000 8192 0 1000000000
123 114 5951 5000 8192 0 1000000000
13 8 582 5000 8192 0 1000000000
79 121 4002 5000 8192 0 1000000000
161 276 7952 5000 8192 0 1000000000
41 314 1959 5000 8192 0 1000000000
268 32 13598 5000 8192 0 1000000000
269 260 13690 5000 8192 0 1000000000
267 301 13580 5000 8192 0 1000000000
108 13 5117 5000 8192 0 1000000000
13 62 585 5000 8192 0 1000000000
22 309 1118 5000 8192 0 1000000000
111 154 5333 5000 8192 0 1000000000
44 24 2164 5000 8192 0 1000000000
141 319 6902 5000 8192 0 1000000000
62 232 3072 5000 8192 0 1000000000
231 101 11637 5000 8192 0 1000000000
135 297 6591 5000 8192 0 1000000000
39 205 1836 5000 8192 0 1000000000
8 205 447 5000 8192 0 1000000000
303 145 15451 5000 8192 0 1000000000
67 24 3389 5000 8192 0 1000000000
253 74 16441 5000 16777216 1 1000000000
73 277 3747 5000 8192 0 1000000000
118 258 5749 5000 8192 0 1000000000
223 305 11227 5000 8192 0 1000000000
224 265 11304 5000 8192 0 1000000000
66 168 3354 5000 8192 0 1000000000
238 34 12056 5000 8192 0 1000000000
284 125 14439 5000 8192 0 1000000000
2 175 118 5000 8192 0 1000000000
96 199 16388 5000 16777216 1 1000000000
189 186 9362 5000 8192 0 1000000000
232 319 11682 5000 8192 0 1000000000
225 244 11406 5000 8192 0 1000000000
16 125 796 5000 8192 0 1000000000
123 277 5972 5000 8192 0 1000000000
252 220 12882 5000 8192 0 1000000000
302 16 15388 5000 8192 0 1000000000
209 92 10368 5000 8192 0 1000000000
284 62 14442 5000 8192 0 1000000000
54 213 2568 5000 8192 0 1000000000
282 223 14400 5000 8192 0 1000000000
49 215 2341 5000 8192 0 1000000000
164 199 8116 5000 8192 0 1000000000
155 115 7626 5000 8192 0 1000000000
13 300 588 5000 8192 0 1000000000
135 110 6603 5000 8192 0 1000000000
76 27 3871 5000 8192 0 1000000000
229 137 11543 5000 8192 0 1000000000
28 89 1350 5000 8192 0 1000000000
129 318 6350 5000 8192 0 1000000000
285 281 14514 5000 8192 0 1000000000
129 77 6360 5000 8192 0 1000000000
91 230 4543 5000 8192 0 1000000000
254 62 12920 5000 8192 0 1000000000
24 274 1225 5000 8192 0 1000000000
2 135 81 5000 8192 0 1000000000
108 126 5108 5000 8192 0 1000000000
316 138 16146 5000 8192 0 1000000000
30 174 1491 5000 8192 0 1000000000
186 62 9176 5000 8192 0 1000000000
214 14 10694 5000 8192 0 1000000000
276 185 13974 5000 8192 0 1000000000
9 74 490 5000 8192 0 1000000000
249 192 12815 5000 8192 0 1000000000
286 244 14597 5000 8192 0 1000000000
303 137 15499 5000 8192 0 1000000000
217 148 10855 5000 8192 0 1000000000
69 59 3528 5000 8192 0 1000000000
255 187 12977 5000 8192 0 1000000000
6 250 295 5000 8192 0 1000000000
278 208 14103 5000 8192 0 1000000000
181 96 8901 5000 8192 0 1000000000
292 155 14980 5000 8192 0 1000000000
54 283 2558 5000 8192 0 1000000000
57 12 2784 5000 8192 0 1000000000
210 189 10441 5000 8192 0 1000000000
131 154 6504 5000 8192 0 1000000000
71 249 3695 5000 8192 0 1000000000
21 15 1056 5000 8192 0 1000000000
111 304 5307 5000 8192 0 1000000000
243 301 12415 5000 8192 0 1000000000
282 285 14387 5000 8192 0 1000000000
216 155 10794 5000 8192 0 1000000000
198 227 9863 5000 8192 0 1000000000
153 4 7532 5000 8192 0 1000000000
22 5 1138 5000 8192 0 1000000000
6 155 305 5000 8192 0 1000000000
14 32 697 5000 8192 0 1000000000
298 2 15278 5000 8192 0 1000000000
309 240 15882 5000 8192 0 1000000000
116 108 5639 5000 8192 0 1000000000
190 126 9418 5000 8192 0 1000000000
3 162 159 5000 8192 0 1000000000
35 154 1687 5000 8192 0 1000000000
188 274 9281 5000 8192 0 1000000000
303 236 15466 5000 8192 0 1000000000
29 237 1466 5000 8192 0 1000000000
131 221 6493 5000 8192 0 1000000000
57 13 2744 5000 8192 0 1000000000
150 190 7431 5000 8192 0 1000000000
282 75 14404 5000 8192 0 1000000000
116 111 5638 5000 8192 0 1000000000
127 138 6244 5000 8192 0 1000000000
40 158 1907 5000 8192 0 1000000000
84 240 4288 5000 8192 0 1000000000
288 292 14679 5000 8192 0 1000000000
285 125 14516 5000 8192 0 1000000000
138 114 6792 5000 8192 0 1000000000
8 233 397 5000 8192 0 1000000000
56 119 2733 5000 8192 0 1000000000
203 186 10012 5000 8192 0 1000000000
109 313 5202 5000 8192 0 1000000000
176 177 8734 5000 8192 0 1000000000
27 152 1301 5000 8192 0 1000000000
295 18 15114 5000 8192 0 1000000000
184 128 9035 5000 8192 0 1000000000
290 212 14804 5000 8192 0 1000000000
287 94 14654 5000 8192 0 1000000000
296 237 15136 5000 8192 0 1000000000
163 142 8093 5000 8192 0 1000000000
49 242 2303 5000 8192 0 1000000000
252 279 12874 5000 8192 0 1000000000
229 318 11523 5000 8192 0 1000000000
59 60 2912 5000 8192 0 1000000000
107 294 5054 5000 8192 0 1000000000
6 181 278 5000 8192 0 1000000000
241 264 12308 5000 8192 0 1000000000
149 92 7337 5000 8192 0 1000000000
40 14 1857 5000 8192 0 1000000000
175 9 8648 5000 8192 0 1000000000
162 308 8018 5000 8192 0 1000000000
23 316 1183 5000 8192 0 1000000000
45 300 2178 5000 8192 0 1000000000
287 68 14660 5000 8192 0 1000000000
68 73 3482 5000 8192 0 1000000000
223 291 11241 5000 8192 0 1000000000
279 221 14163 5000 8192 0 1000000000
18 303 939 5000 8192 0 1000000000
69 294 3559 5000 8192 0 1000000000
2 170 121 5000 8192 0 1000000000
129 264 6352 5000 8192 0 1000000000
107 52 5066 5000 8192 0 1000000000
147 290 7222 5000 8192 0 1000000000
224 285 11334 5000 8192 0 1000000000
205 298 10144 5000 8192 0 1000000000
272 62 13873 5000 8192 0 1000000000
129 100 6332 5000 8192 0 1000000000
54 3 2614 5000 8192 0 1000000000
42 202 2016 5000 8192 0 1000000000
304 16 15531 5000 8192 0 1000000000
280 104 14259 5000 8192 0 1000000000
308 223 15792 5000 8192 0 1000000000
232 25 11689 5000 8192 0 1000000000
30 155 1500 5000 8192 0 1000000000
197 106 9804 5000 8192 0 1000000000
56 207 2722 5000 8192 0 1000000000
153 111 7581 5000 8192 0 1000000000
282 99 14401 5000 8192 0 1000000000
158 49 7742 5000 8192 0 1000000000
271 211 13811 5000 8192 0 1000000000
285 147 14517 5000 8192 0 1000000000
281 53 14349 5000 8192 0 1000000000
12 220 540 5000 8192 0 1000000000
264 210 13346 5000 8192 0 1000000000
185 221 9112 5000 8192 0 1000000000
42 187 1992 5000 8192 0 1000000000
319 164 16317 5000 8192 0 1000000000
261 277 13219 5000 8192 0 1000000000
59 63 2894 5000 8192 0 1000000000
84 301 4284 5000 8192 0 1000000000
232 125 11731 5000 8192 0 1000000000
169 91 8399 5000 8192 0 1000000000
126 15 6158 5000 8192 0 1000000000
247 74 12638 5000 8192 0 1000000000
112 228 5398 5000 8192 0 1000000000
300 206 15315 5000 8192 0 1000000000
291 189 14917 5000 8192 0 1000000000
156 181 7684 5000 8192 0 1000000000
195 318 9688 5000 8192 0 1000000000
247 103 12635 5000 8192 0 1000000000
306 241 15629 5000 8192 0 1000000000
292 60 14928 5000 8192 0 1000000000
226 217 11444 5000 8192 0 1000000000
101 111 4867 5000 8192 0 1000000000
169 83 8397 5000 8192 0 1000000000
75 174 3817 5000 8192 0 1000000000
104 268 4988 5000 8192 0 1000000000
261 236 13249 5000 8192 0 1000000000
167 220 8263 5000 8192 0 1000000000
222 153 11206 5000 8192 0 1000000000
24 56 1244 5000 8192 0 1000000000
194 19 9623 5000 8192 0 1000000000
232 144 11717 5000 8192 0 1000000000
264 236 13376 5000 8192 0 1000000000
248 14 12711 5000 8192 0 1000000000
71 174 3665 5000 8192 0 1000000000
249 46 12802 5000 8192 0 1000000000
279 165 14177 5000 8192 0 1000000000
68 210 3481 5000 8192 0 1000000000
138 2 6827 5000 8192 0 1000000000
277 148 14053 5000 8192 0 1000000000
164 51 8100 5000 8192 0 1000000000
93 200 16407 5000 16777216 1 1000000000
232 186 11698 5000 8192 0 1000000000
143 255 7071 5000 8192 0 1000000000
58 159 2848 5000 8192 0 1000000000
64 151 3251 5000 8192 0 1000000000
39 289 1851 5000 8192 0 1000000000
249 107 12773 5000 8192 0 1000000000
45 38 2201 5000 8192 0 1000000000
162 288 7995 5000 8192 0 1000000000
67 272 3432 5000 8192 0 1000000000
87 106 4457 5000 8192 0 1000000000
246 125 12614 5000 8192 0 1000000000
249 120 12814 5000 8192 0 1000000000
308 40 15803 5000 8192 0 1000000000
95 114 4690 5000 8192 0 1000000000
167 154 8284 5000 8192 0 1000000000
217 239 10852 5000 8192 0 1000000000
309 161 15835 5000 8192 0 1000000000
113 91 5468 5000 8192 0 1000000000
290 65 14808 5000 8192 0 1000000000
168 102 8317 5000 8192 0 1000000000
9 173 481 5000 8192 0 1000000000
169 255 8378 5000 8192 0 1000000000
138 201 6783 5000 8192 0 1000000000
249 283 12779 5000 8192 0 1000000000
79 204 4006 5000 8192 0 1000000000
8 316 421 5000 8192 0 1000000000
134 159 6558 5000 8192 0 1000000000
229 288 11535 5000 8192 0 1000000000
298 95 15286 5000 8192 0 1000000000
58 57 2858 5000 8192 0 1000000000
240 8 12199 5000 8192 0 1000000000
197 37 9763 5000 8192 0 1000000000
92 126 4626 5000 8192 0 1000000000
32 11 1630 5000 8192 0 1000000000
290 124 14814 5000 8192 0 1000000000
0 139 60 5000 8192 0 1000000000
30 277 1504 5000 8192 0 1000000000
22 116 1124 5000 8192 0 1000000000
276 169 14007 5000 8192 0 1000000000
290 114 14822 5000 8192 0 1000000000
244 286 12494 5000 8192 0 1000000000
312 168 15978 5000 8192 0 1000000000
173 311 8504 5000 8192 0 1000000000
245 257 12508 5000 8192 0 1000000000
277 143 14068 5000 8192 0 1000000000
172 292 8429 5000 8192 0 1000000000
313 311 16014 5000 8192 0 1000000000
221 311 11098 5000 8192 0 1000000000
0 45 28 5000 8192 0 1000000000
220 78 11062 5000 8192 0 1000000000
310 288 15901 5000 8192 0 1000000000
286 304 14574 5000 8192 0 1000000000
291 163 14895 5000 8192 0 1000000000
175 272 8663 5000 8192 0 1000000000
183 237 8964 5000 8192 0 1000000000
57 202 2755 5000 8192 0 1000000000
109 163 5229 5000 8192 0 1000000000
69 100 3511 5000 8192 0 1000000000
281 297 14316 5000 8192 0 1000000000
277 253 14071 5000 8192 0 1000000000
306 22 15662 5000 8192 0 1000000000
203 245 10052 5000 8192 0 1000000000
128 307 6281 5000 8192 0 1000000000
193 266 9524 5000 8192 0 1000000000
295 88 15078 5000 8192 0 1000000000
12 99 567 5000 8192 0 1000000000
206 154 10266 5000 8192 0 1000000000
109 123 5177 5000 8192 0 1000000000
59 47 2887 5000 8192 0 1000000000
138 185 6803 5000 8192 0 1000000000
243 268 12380 5000 8192 0 1000000000
214 262 10658 5000 8192 0 1000000000
214 130 10672 5000 8192 0 1000000000
113 179 5457 5000 8192 0 1000000000
197 254 9806 5000 8192 0 1000000000
126 221 6171 5000 8192 0 1000000000
121 0 5904 5000 8192 0 1000000000
4 294 205 5000 8192 0 1000000000
209 148 10388 5000 8192 0 1000000000
62 85 3124 5000 8192 0 1000000000
214 267 10665 5000 8192 0 1000000000
141 225 6907 5000 8192 0 1000000000
80 204 4022 5000 8192 0 1000000000
18 184 938 5000 8192 0 1000000000
241 124 12292 5000 8192 0 1000000000
265 91 13436 5000 8192 0 1000000000
164 288 8117 5000 8192 0 1000000000
229 80 11487 5000 8192 0 1000000000
259 29 13083 5000 8192 0 1000000000
168 17 8305 5000 8192 0 1000000000
161 3 7943 5000 8192 0 1000000000
276 123 14025 5000 8192 0 1000000000
225 131 11371 5000 8192 0 1000000000
104 100 5016 5000 8192 0 1000000000
297 294 15195 5000 8192 0 1000000000
126 8 6189 5000 8192 0 1000000000
236 247 11971 5000 8192 0 1000000000
172 270 8460 5000 8192 0 1000000000
193 84 9540 5000 8192 0 1000000000
50 217 2388 5000 8192 0 1000000000
127 204 6245 5000 8192 0 1000000000
23 34 1157 5000 8192 0 1000000000
49 215 2309 5000 8192 0 1000000000
204 38 10099 5000 8192 0 1000000000
52 115 2490 5000 8192 0 1000000000
260 127 13143 5000 8192 0 1000000000
173 52 8499 5000 8192 0 1000000000
65 9 3272 5000 8192 0 1000000000
176 163 8672 5000 8192 0 1000000000
216 271 10782 5000 8192 0 1000000000
128 96 6297 5000 8192 0 1000000000
13 225 606 5000 8192 0 1000000000
24 51 1217 5000 8192 0 1000000000
282 242 14383 5000 8192 0 1000000000
84 308 4309 5000 8192 0 1000000000
197 94 9812 5000 8192 0 1000000000
201 157 9916 5000 8192 0 1000000000
268 228 13603 5000 8192 0 1000000000
214 24 10686 5000 8192 0 1000000000
196 205 9710 5000 8192 0 1000000000
189 156 9344 5000 8192 0 1000000000
144 218 7087 5000 8192 0 1000000000
306 161 15679 5000 8192 0 1000000000
15 271 727 5000 8192 0 1000000000
126 170 6162 5000 8192 0 1000000000
221 130 11105 5000 8192 0 1000000000
186 237 9159 5000 8192 0 1000000000
24 84 1232 5000 8192 0 1000000000
148 252 7333 5000 8192 0 1000000000
18 207 932 5000 8192 0 1000000000
173 191 8484 5000 8192 0 1000000000
67 10 3436 5000 8192 0 1000000000
42 118 2000 5000 8192 0 1000000000
129 302 6335 5000 8192 0 1000000000
312 161 16004 5000 8192 0 1000000000
223 24 11260 5000 8192 0 1000000000
188 138 9270 5000 8192 0 1000000000
195 184 9636 5000 8192 0 1000000000
44 80 2155 5000 8192 0 1000000000
87 118 4405 5000 8192 0 1000000000
220 268 11086 5000 8192 0 1000000000
82 113 4201 5000 8192 0 1000000000
136 90 6683 5000 8192 0 1000000000
247 268 12643 5000 8192 0 1000000000
92 215 4598 5000 8192 0 1000000000
252 102 12861 5000 8192 0 1000000000
66 60 3368 5000 8192 0 1000000000
215 125 10762 5000 8192 0 1000000000
270 76 13735 5000 8192 0 1000000000
4 34 198 5000 8192 0 1000000000
52 310 2510 5000 8192 0 1000000000
57 193 2770 5000 8192 0 1000000000
52 188 2535 5000 8192 0 1000000000
128 32 6283 5000 8192 0 1000000000
112 30 5369 5000 8192 0 1000000000
206 12 10261 5000 8192 0 1000000000
54 21 2598 5000 8192 0 1000000000
228 166 16417 5000 16777216 1 1000000000
113 184 5443 5000 8192 0 1000000000
97 197 4722 5000 8192 0 1000000000
87 195 4421 5000 8192 0 1000000000
129 242 6373 5000 8192 0 1000000000
271 250 13806 5000 8192 0 1000000000
255 23 12978 5000 8192 0 1000000000
162 108 7975 5000 8192 0 1000000000
296 159 15164 5000 8192 0 1000000000
282 165 14396 5000 8192 0 1000000000
64 186 3200 5000 8192 0 1000000000
278 65 14141 5000 8192 0 1000000000
241 218 12252 5000 8192 0 1000000000
223 71 11272 5000 8192 0 1000000000
270 214 13722 5000 8192 0 1000000000
112 115 5409 5000 8192 0 1000000000
284 25 14445 5000 8192 0 1000000000
293 273 15038 5000 8192 0 1000000000
291 76 14907 5000 8192 0 1000000000
71 101 3654 5000 8192 0 1000000000
248 228 12724 5000 8192 0 1000000000
252 1 12826 5000 8192 0 1000000000
215 296 10727 5000 8192 0 1000000000
51 253 2459 5000 8192 0 1000000000
229 173 11542 5000 8192 0 1000000000
270 253 13767 5000 8192 0 1000000000
24 14 1233 5000 8192 0 1000000000
238 111 12102 5000 8192 0 1000000000
184 142 9024 5000 8192 0 1000000000
193 13 9558 5000 8192 0 1000000000
179 273 8842 5000 8192 0 1000000000
61 64 3020 5000 8192 0 1000000000
168 126 8289 5000 8192 0 1000000000
80 76 4067 5000 8192 0 1000000000
113 138 5453 5000 8192 0 1000000000
224 4 11310 5000 8192 0 1000000000
9 14 509 5000 8192 0 1000000000
174 124 8602 5000 8192 0 1000000000
3 220 130 5000 8192 0 1000000000
277 194 14080 5000 8192 0 1000000000
179 249 8801 5000 8192 0 1000000000
195 237 9632 5000 8192 0 1000000000
315 192 16129 5000 8192 0 1000000000
287 58 14638 5000 8192 0 1000000000
76 146 3873 5000 8192 0 1000000000
30 143 1471 5000 8192 0 1000000000
277 291 14043 5000 8192 0 1000000000
238 52 12061 5000 8192 0 1000000000
68 227 3466 5000 8192 0 1000000000
141 13 6905 5000 8192 0 1000000000
220 231 11070 5000 8192 0 1000000000
225 222 11414 5000 8192 0 1000000000
168 318 8345 5000 8192 0 1000000000
183 172 8927 5000 8192 0 1000000000
286 259 14573 5000 8192 0 1000000000
127 163 6222 5000 8192 0 1000000000
307 162 15693 5000 8192 0 1000000000
306 83 15676 5000 8192 0 1000000000
159 22 7812 5000 8192 0 1000000000
147 173 7272 5000 8192 0 1000000000
95 288 4680 5000 8192 0 1000000000
31 194 1564 5000 8192 0 1000000000
278 80 14134 5000 8192 0 1000000000
102 217 4928 5000 8192 0 1000000000
69 253 3524 5000 8192 0 1000000000
248 1 12705 5000 8192 0 1000000000
8 156 401 5000 8192 0 1000000000
240 281 12244 5000 8192 0 1000000000
149 145 7361 5000 8192 0 1000000000
210 28 10419 5000 8192 0 1000000000
45 221 2223 5000 8192 0 1000000000
64 68 3244 5000 8192 0 1000000000
125 198 6064 5000 8192 0 1000000000
28 257 1383 5000 8192 0 1000000000
21 190 1041 5000 8192 0 1000000000
278 29 14106 5000 8192 0 1000000000
269 302 13711 5000 8192 0 1000000000
310 78 15934 5000 8192 0 1000000000
136 36 6698 5000 8192 0 1000000000
28 306 1355 5000 8192 0 1000000000
217 221 10886 5000 8192 0 1000000000
166 46 16333 5000 16777216 1 1000000000
66 197 3324 5000 8192 0 1000000000
243 73 12382 5000 8192 0 1000000000
313 94 16016 5000 8192 0 1000000000
140 108 6850 5000 8192 0 1000000000
45 67 2227 5000 8192 0 1000000000
220 93 11083 5000 8192 0 1000000000
45 136 2179 5000 8192 0 1000000000
179 71 8823 5000 8192 0 1000000000
118 202 5769 5000 8192 0 1000000000
124 8 6017 5000 8192 0 1000000000
20 298 992 5000 8192 0 1000000000
289 223 14790 5000 8192 0 1000000000
6 110 319 5000 8192 0 1000000000
127 276 6235 5000 8192 0 1000000000
69 4 3565 5000 8192 0 1000000000
234 91 11862 5000 8192 0 1000000000
153 167 7587 5000 8192 0 1000000000
168 25 8301 5000 8192 0 1000000000
121 41 5918 5000 8192 0 1000000000
267 148 13572 5000 8192 0 1000000000
208 177 10323 5000 8192 0 1000000000
54 144 2577 5000 8192 0 1000000000
242 264 12332 5000 8192 0 1000000000
142 289 7009 5000 8192 0 1000000000
245 74 12553 5000 8192 0 1000000000
7 5 382 5000 8192 0 1000000000
150 32 7403 5000 8192 0 1000000000
241 177 12275 5000 8192 0 1000000000
237 178 12002 5000 8192 0 1000000000
62 59 3102 5000 8192 0 1000000000
191 88 9447 5000 8192 0 1000000000
60 243 2945 5000 8192 0 1000000000
241 128 12264 5000 8192 0 1000000000
147 16 7221 5000 8192 0 1000000000
174 200 8546 5000 8192 0 1000000000
117 195 5691 5000 8192 0 1000000000
237 65 12037 5000 8192 0 1000000000
123 205 5986 5000 8192 0 1000000000
62 175 3067 5000 8192 0 1000000000
127 200 6211 5000 8192 0 1000000000
173 145 8510 5000 8192 0 1000000000
54 62 2609 5000 8192 0 1000000000
267 231 13536 5000 8192 0 1000000000
282 292 14353 5000 8192 0 1000000000
159 71 7797 5000 8192 0 1000000000
14 244 683 5000 8192 0 1000000000
98 90 4795 5000 8192 0 1000000000
203 269 10046 5000 8192 0 1000000000
57 304 2797 5000 8192 0 1000000000
173 43 8496 5000 8192 0 1000000000
249 198 12812 5000 8192 0 1000000000
104 182 4995 5000 8192 0 1000000000
309 221 15832 5000 8192 0 1000000000
174 58 8573 5000 8192 0 1000000000
234 130 11804 5000 8192 0 1000000000
265 208 13448 5000 8192 0 1000000000
247 137 12637 5000 8192 0 1000000000
111 279 5337 5000 8192 0 1000000000
224 52 11318 5000 8192 0 1000000000
83 276 4244 5000 8192 0 1000000000
231 191 11624 5000 8192 0 1000000000
140 12 6887 5000 8192 0 1000000000
4 118 202 5000 8192 0 1000000000
6 265 312 5000 8192 0 1000000000
125 72 6125 5000 8192 0 1000000000
265 294 13426 5000 8192 0 1000000000
262 233 13305 5000 8192 0 1000000000
163 240 8042 5000 8192 0 1000000000
2 142 107 5000 8192 0 1000000000
184 160 9040 5000 8192 0 1000000000
56 201 2717 5000 8192 0 1000000000
145 185 7163 5000 8192 0 1000000000
111 123 5340 5000 8192 0 1000000000
144 15 7086 5000 8192 0 1000000000
191 172 9439 5000 8192 0 1000000000
255 32 12970 5000 8192 0 1000000000
161 16 7907 5000 8192 0 1000000000
239 125 12160 5000 8192 0 1000000000
258 106 13070 5000 8192 0 1000000000
117 29 5726 5000 8192 0 1000000000
189 230 9322 5000 8192 0 1000000000
66 282 3351 5000 8192 0 1000000000
276 8 14004 5000 8192 0 1000000000
31 209 1573 5000 8192 0 1000000000
50 134 2372 5000 8192 0 1000000000
226 108 11447 5000 8192 0 1000000000
81 187 4115 5000 8192 0 1000000000
76 193 3846 5000 8192 0 1000000000
91 263 4568 5000 8192 0 1000000000
50 177 2412 5000 8192 0 1000000000
70 236 3611 5000 8192 0 1000000000
319 5 16318 5000 8192 0 1000000000
222 175 11165 5000 8192 0 1000000000
51 259 2452 5000 8192 0 1000000000
110 216 5240 5000 8192 0 1000000000
56 33 2734 5000 8192 0 1000000000
292 196 14959 5000 8192 0 1000000000
268 33 13623 5000 8192 0 1000000000
41 35 1924 5000 8192 0 1000000000
79 174 3969 5000 8192 0 1000000000
164 251 8110 5000 8192 0 1000000000
293 302 15007 5000 8192 0 1000000000
316 164 16197 5000 8192 0 1000000000
243 277 12421 5000 8192 0 1000000000
167 261 8262 5000 8192 0 1000000000
4 16 229 5000 8192 0 1000000000
121 22 5925 5000 8192 0 1000000000
156 177 7710 5000 8192 0 1000000000
274 220 13918 5000 8192 0 1000000000
54 313 2574 5000 8192 0 1000000000
80 242 4071 5000 8192 0 1000000000
124 135 6037 5000 8192 0 1000000000
123 266 5940 5000 8192 0 1000000000
281 235 14320 5000 8192 0 1000000000
183 216 8941 5000 8192 0 1000000000
205 213 10201 5000 8192 0 1000000000
68 188 3453 5000 8192 0 1000000000
303 151 15487 5000 8192 0 1000000000
125 56 6073 5000 8192 0 1000000000
219 130 11014 5000 8192 0 1000000000
32 193 1633 5000 8192 0 1000000000
249 107 12758 5000 8192 0 1000000000
91 83 4530 5000 8192 0 1000000000
198 225 9864 5000 8192 0 1000000000
136 14 6643 5000 8192 0 1000000000
159 127 7820 5000 8192 0 1000000000
115 72 5553 5000 8192 0 1000000000
213 292 10617 5000 8192 0 1000000000
108 307 5134 5000 8192 0 1000000000
41 33 1978 5000 8192 0 1000000000
41 264 1921 5000 8192 0 1000000000
2 228 69 5000 8192 0 1000000000
209 141 10381 5000 8192 0 1000000000
264 301 13359 5000 8192 0 1000000000
78 232 3950 5000 8192 0 1000000000
305 115 15624 5000 8192 0 1000000000
60 319 2980 5000 8192 0 1000000000
254 177 12908 5000 8192 0 1000000000
179 180 8819 5000 8192 0 1000000000
318 130 16250 5000 8192 0 1000000000
91 119 4559 5000 8192 0 1000000000
225 7 11373 5000 8192 0 1000000000
64 278 3253 5000 8192 0 1000000000
262 319 13280 5000 8192 0 1000000000
125 283 6075 5000 8192 0 1000000000
239 2 12148 5000 8192 0 1000000000
285 169 14485 5000 8192 0 1000000000
240 297 12183 5000 8192 0 1000000000
216 252 10793 5000 8192 0 1000000000
204 108 10109 5000 8192 0 1000000000
319 196 16301 5000 8192 0 1000000000
58 216 2824 5000 8192 0 1000000000
168 169 8293 5000 8192 0 1000000000
141 95 6925 5000 8192 0 1000000000
56 1 2711 5000 8192 0 1000000000
221 285 11125 5000 8192 0 1000000000
104 105 5013 5000 8192 0 1000000000
316 114 16161 5000 8192 0 1000000000
307 135 15714 5000 8192 0 1000000000
176 95 8709 5000 8192 0 1000000000
286 120 14545 5000 8192 0 1000000000
158 136 7758 5000 8192 0 1000000000
244 270 12449 5000 8192 0 1000000000
309 142 15871 5000 8192 0 1000000000
161 56 7968 5000 8192 0 1000000000
242 90 12320 5000 8192 0 1000000000
267 272 13569 5000 8192 0 1000000000
305 37 15613 5000 8192 0 1000000000
280 304 14246 5000 8192 0 1000000000
300 193 15351 5000 8192 0 1000000000
84 142 4299 5000 8192 0 1000000000
68 156 3478 5000 8192 0 1000000000
75 205 3808 5000 8192 0 1000000000
135 291 6612 5000 8192 0 1000000000
45 61 2233 5000 8192 0 1000000000
3 218 165 5000 8192 0 1000000000
28 127 1356 5000 8192 0 1000000000
13 201 621 5000 8192 0 1000000000
190 184 9382 5000 8192 0 1000000000
197 2 9816 5000 8192 0 1000000000
24 38 1234 5000 8192 0 1000000000
123 278 5946 5000 8192 0 1000000000
60 42 2968 5000 8192 0 1000000000
68 96 3472 5000 8192 0 1000000000
168 35 8292 5000 8192 0 1000000000
116 295 5673 5000 8192 0 1000000000
195 279 9664 5000 8192 0 1000000000
87 158 4432 5000 8192 0 1000000000
202 201 9995 5000 8192 0 1000000000
32 71 1648 5000 8192 0 1000000000
277 242 14034 5000 8192 0 1000000000
84 142 4325 5000 8192 0 1000000000
140 198 6871 5000 8192 0 1000000000
156 135 7672 5000 8192 0 1000000000
271 142 13835 5000 8192 0 1000000000
104 319 4977 5000 8192 0 1000000000
202 168 10007 5000 8192 0 1000000000
281 152 14325 5000 8192 0 1000000000
223 122 11244 5000 8192 0 1000000000
52 290 2496 5000 8192 0 1000000000
247 292 12668 5000 8192 0 1000000000
59 201 2918 5000 8192 0 1000000000
144 125 7131 5000 8192 0 1000000000
202 301 9976 5000 8192 0 1000000000
313 6 16013 5000 8192 0 1000000000
195 113 9659 5000 8192 0 1000000000
117 166 5695 5000 8192 0 1000000000
148 153 7329 5000 8192 0 1000000000
30 232 1514 5000 8192 0 1000000000
138 118 6777 5000 8192 0 1000000000
173 97 8519 5000 8192 0 1000000000
252 28 12884 5000 8192 0 1000000000
240 117 12230 5000 8192 0 1000000000
21 20 1057 5000 8192 0 1000000000
123 182 5989 5000 8192 0 1000000000
305 204 15581 5000 8192 0 1000000000
64 225 3233 5000 8192 0 1000000000
20 239 963 5000 8192 0 1000000000
315 105 16118 5000 8192 0 1000000000
12 226 549 5000 8192 0 1000000000
2 203 111 5000 8192 0 1000000000
95 290 4668 5000 8192 0 1000000000
59 246 2895 5000 8192 0 1000000000
161 113 7933 5000 8192 0 1000000000
229 185 11497 5000 8192 0 1000000000
110 183 5281 5000 8192 0 1000000000
280 166 14230 5000 8192 0 1000000000
195 143 9657 5000 8192 0 1000000000
222 258 11210 5000 8192 0 1000000000
231 159 11661 5000 8192 0 1000000000
161 114 7939 5000 8192 0 1000000000
160 3 7859 5000 8192 0 1000000000
284 6 14458 5000 8192 0 1000000000
206 208 10209 5000 8192 0 1000000000
264 300 13384 5000 8192 0 1000000000
3 175 191 5000 8192 0 1000000000
221 310 11114 5000 8192 0 1000000000
91 122 4590 5000 8192 0 1000000000
274 113 13953 5000 8192 0 1000000000
185 11 9083 5000 8192 0 1000000000
116 261 5647 5000 8192 0 1000000000
240 202 12191 5000 8192 0 1000000000
173 292 8502 5000 8192 0 1000000000
227 11 16389 5000 16777216 1 1000000000
115 222 5609 5000 8192 0 1000000000
9 62 489 5000 8192 0 1000000000
285 84 14521 5000 8192 0 1000000000
16 209 822 5000 8192 0 1000000000
156 54 7681 5000 8192 0 1000000000
137 37 6705 5000 8192 0 1000000000
0 63 33 5000 8192 0 1000000000
55 197 2674 5000 8192 0 1000000000
91 270 4560 5000 8192 0 1000000000
202 225 9984 5000 8192 0 1000000000
52 142 2493 5000 8192 0 1000000000
222 88 11221 5000 8192 0 1000000000
155 125 7645 5000 8192 0 1000000000
244 240 12440 5000 8192 0 1000000000
159 125 7814 5000 8192 0 1000000000
35 227 1685 5000 8192 0 1000000000
302 39 15389 5000 8192 0 1000000000
129 170 6370 5000 8192 0 1000000000
234 138 11838 5000 8192 0 1000000000
142 10 6991 5000 8192 0 1000000000
265 166 13432 5000 8192 0 1000000000
143 107 7028 5000 8192 0 1000000000
27 289 1323 5000 8192 0 1000000000
107 176 5052 5000 8192 0 1000000000
97 208 4776 5000 8192 0 1000000000
23 193 1190 5000 8192 0 1000000000
174 310 8563 5000 8192 0 1000000000
141 61 6927 5000 8192 0 1000000000
211 229 10494 5000 8192 0 1000000000
296 97 15172 5000 8192 0 1000000000
221 205 11111 5000 8192 0 1000000000
304 98 15547 5000 8192 0 1000000000
165 299 8201 5000 8192 0 1000000000
206 147 10218 5000 8192 0 1000000000
306 85 15652 5000 8192 0 1000000000
300 275 15323 5000 8192 0 1000000000
197 75 9774 5000 8192 0 1000000000
304 215 15552 5000 8192 0 1000000000
254 80 12937 5000 8192 0 1000000000
144 145 7111 5000 8192 0 1000000000
311 253 16341 5000 16777216 1 1000000000
223 109 11235 5000 8192 0 1000000000
205 140 10195 5000 8192 0 1000000000
23 190 1191 5000 8192 0 1000000000
206 27 10256 5000 8192 0 1000000000
229 140 11524 5000 8192 0 1000000000
30 247 1526 5000 8192 0 1000000000
188 217 9251 5000 8192 0 1000000000
186 145 9171 5000 8192 0 1000000000
164 171 8103 5000 8192 0 1000000000
54 92 2552 5000 8192 0 1000000000
296 176 15123 5000 8192 0 1000000000
272 146 13900 5000 8192 0 1000000000
71 298 3650 5000 8192 0 1000000000
244 197 12462 5000 8192 0 1000000000
201 62 9910 5000 8192 0 1000000000
32 95 1610 5000 8192 0 1000000000
112 32 5384 5000 8192 0 1000000000
21 138 1064 5000 8192 0 1000000000
183 283 8952 5000 8192 0 1000000000
260 234 13196 5000 8192 0 1000000000
222 145 11180 5000 8192 0 1000000000
117 158 5688 5000 8192 0 1000000000
246 319 12616 5000 8192 0 1000000000
20 77 983 5000 8192 0 1000000000
84 169 4289 5000 8192 0 1000000000
197 175 9805 5000 8192 0 1000000000
316 86 16169 5000 8192 0 1000000000
104 215 5002 5000 8192 0 1000000000
291 51 14876 5000 8192 0 1000000000
315 106 16107 5000 8192 0 1000000000
104 124 4979 5000 8192 0 1000000000
16 167 790 5000 8192 0 1000000000
196 272 9735 5000 8192 0 1000000000
147 272 7211 5000 8192 0 1000000000
90 31 4519 5000 8192 0 1000000000
8 67 432 5000 8192 0 1000000000
272 292 13899 5000 8192 0 1000000000
260 69 13162 5000 8192 0 1000000000
193 226 9507 5000 8192 0 1000000000
261 150 13225 5000 8192 0 1000000000
127 280 6246 5000 8192 0 1000000000
277 205 14076 5000 8192 0 1000000000
231 125 11619 5000 8192 0 1000000000
24 262 1222 5000 8192 0 1000000000
288 282 14694 5000 8192 0 1000000000
169 63 8400 5000 8192 0 1000000000
36 242 1741 5000 8192 0 1000000000
123 191 5974 5000 8192 0 1000000000
21 250 1028 5000 8192 0 1000000000
307 53 15744 5000 8192 0 1000000000
214 282 10710 5000 8192 0 1000000000
41 152 1936 5000 8192 0 1000000000
71 198 3649 5000 8192 0 1000000000
258 131 13047 5000 8192 0 1000000000
29 41 1406 5000 8192 0 1000000000
179 82 8826 5000 8192 0 1000000000
156 90 7688 5000 8192 0 1000000000
76 261 3864 5000 8192 0 1000000000
316 49 16160 5000 8192 0 1000000000
136 243 6690 5000 8192 0 1000000000
189 135 9340 5000 8192 0 1000000000
295 55 15070 5000 8192 0 1000000000
36 158 1734 5000 8192 0 1000000000
216 57 10825 5000 8192 0 1000000000
69 187 3550 5000 8192 0 1000000000
252 156 12823 5000 8192 0 1000000000
262 300 13275 5000 8192 0 1000000000
217 163 10878 5000 8192 0 1000000000
57 170 2748 5000 8192 0 1000000000
211 289 10484 5000 8192 0 1000000000
219 15 10980 5000 8192 0 1000000000
91 311 4564 5000 8192 0 1000000000
306 212 15645 5000 8192 0 1000000000
298 37 15266 5000 8192 0 1000000000
306 122 15631 5000 8192 0 1000000000
302 281 15376 5000 8192 0 1000000000
140 18 6884 5000 8192 0 1000000000
27 239 1307 5000 8192 0 1000000000
149 158 7363 5000 8192 0 1000000000
78 7 3932 5000 8192 0 1000000000
211 291 10498 5000 8192 0 1000000000
41 56 1951 5000 8192 0 1000000000
262 48 13322 5000 8192 0 1000000000
262 207 13290 5000 8192 0 1000000000
258 87 13039 5000 8192 0 1000000000
212 145 10528 5000 8192 0 1000000000
202 50 9980 5000 8192 0 1000000000
277 170 14064 5000 8192 0 1000000000
136 45 6648 5000 8192 0 1000000000
242 260 12327 5000 8192 0 1000000000
98 42 4814 5000 8192 0 1000000000
60 98 2991 5000 8192 0 1000000000
178 51 8761 5000 8192 0 1000000000
54 293 2612 5000 8192 0 1000000000
178 13 8777 5000 8192 0 1000000000
6 186 292 5000 8192 0 1000000000
91 266 4539 5000 8192 0 1000000000
21 227 1084 5000 8192 0 1000000000
174 278 8551 5000 8192 0 1000000000
237 115 11992 5000 8192 0 1000000000
245 238 12530 5000 8192 0 1000000000
271 165 13796 5000 8192 0 1000000000
128 251 6257 5000 8192 0 1000000000
112 292 5367 5000 8192 0 1000000000
21 79 1076 5000 8192 0 1000000000
29 155 1440 5000 8192 0 1000000000
216 89 10779 5000 8192 0 1000000000
235 112 11909 5000 8192 0 1000000000
51 297 2481 5000 8192 0 1000000000
267 34 13531 5000 8192 0 1000000000
128 8 6303 5000 8192 0 1000000000
69 112 3541 5000 8192 0 1000000000
259 161 13138 5000 8192 0 1000000000
1 166 16437 5000 16777216 1 1000000000
290 217 14861 5000 8192 0 1000000000
262 188 13311 5000 8192 0 1000000000
40 309 1895 5000 8192 0 1000000000
6 275 262 5000 8192 0 1000000000
119 225 5816 5000 8192 0 1000000000
195 2 9674 5000 8192 0 1000000000
113 295 5456 5000 8192 0 1000000000
264 248 13343 5000 8192 0 1000000000
303 69 15476 5000 8192 0 1000000000
83 20 4217 5000 8192 0 1000000000
269 138 13652 5000 8192 0 1000000000
315 53 16109 5000 8192 0 1000000000
147 196 7214 5000 8192 0 1000000000
232 104 11683 5000 8192 0 1000000000
189 140 9337 5000 8192 0 1000000000
13 131 586 5000 8192 0 1000000000
249 202 12769 5000 8192 0 1000000000
4 119 201 5000 8192 0 1000000000
76 118 3840 5000 8192 0 1000000000
225 160 11404 5000 8192 0 1000000000
319 164 16291 5000 8192 0 1000000000
167 87 8229 5000 8192 0 1000000000
82 29 4156 5000 8192 0 1000000000
148 68 7324 5000 8192 0 1000000000
59 220 2900 5000 8192 0 1000000000
143 96 7059 5000 8192 0 1000000000
223 61 11249 5000 8192 0 1000000000
179 225 8813 5000 8192 0 1000000000
130 134 6418 5000 8192 0 1000000000
239 36 12138 5000 8192 0 1000000000
176 188 8701 5000 8192 0 1000000000
135 153 6608 5000 8192 0 1000000000
276 266 13980 5000 8192 0 1000000000
117 305 5706 5000 8192 0 1000000000
150 298 7460 5000 8192 0 1000000000
69 314 3552 5000 8192 0 1000000000
248 213 12742 5000 8192 0 1000000000
82 210 4194 5000 8192 0 1000000000
52 267 2509 5000 8192 0 1000000000
167 191 8270 5000 8192 0 1000000000
168 139 8331 5000 8192 0 1000000000
179 36 8834 5000 8192 0 1000000000
187 34 9228 5000 8192 0 1000000000
150 25 7411 5000 8192 0 1000000000
156 128 7686 5000 8192 0 1000000000
231 106 11668 5000 8192 0 1000000000
107 85 5095 5000 8192 0 1000000000
172 265 8472 5000 8192 0 1000000000
181 22 8865 5000 8192 0 1000000000
306 245 15641 5000 8192 0 1000000000
241 253 12304 5000 8192 0 1000000000
219 46 10970 5000 8192 0 1000000000
169 73 8407 5000 8192 0 1000000000
316 63 16189 5000 8192 0 1000000000
70 69 3588 5000 8192 0 1000000000
169 166 8377 5000 8192 0 1000000000
201 276 9914 5000 8192 0 1000000000
51 16 2451 5000 8192 0 1000000000
293 161 15016 5000 8192 0 1000000000
22 266 1135 5000 8192 0 1000000000
140 66 6885 5000 8192 0 1000000000
285 304 14538 5000 8192 0 1000000000
87 22 4443 5000 8192 0 1000000000
153 208 7557 5000 8192 0 1000000000
184 159 9004 5000 8192 0 1000000000
16 78 798 5000 8192 0 1000000000
280 130 14270 5000 8192 0 1000000000
290 209 14802 5000 8192 0 1000000000
205 63 10190 5000 8192 0 1000000000
188 303 9302 5000 8192 0 1000000000
12 258 529 5000 8192 0 1000000000
147 258 7261 5000 8192 0 1000000000
137 196 6757 5000 8192 0 1000000000
95 291 4671 5000 8192 0 1000000000
190 235 9425 5000 8192 0 1000000000
196 38 9740 5000 8192 0 1000000000
35 117 1703 5000 8192 0 1000000000
66 218 3322 5000 8192 0 1000000000
220 156 11055 5000 8192 0 1000000000
285 153 14489 5000 8192 0 1000000000
202 280 9975 5000 8192 0 1000000000
312 283 15971 5000 8192 0 1000000000
156 21 7689 5000 8192 0 1000000000
221 68 11159 5000 8192 0 1000000000
211 183 10483 5000 8192 0 1000000000
274 95 13914 5000 8192 0 1000000000
215 50 10763 5000 8192 0 1000000000
153 207 7539 5000 8192 0 1000000000
41 292 1960 5000 8192 0 1000000000
41 155 1941 5000 8192 0 1000000000
87 267 4411 5000 8192 0 1000000000
20 180 961 5000 8192 0 1000000000
302 269 15429 5000 8192 0 1000000000
113 137 5434 5000 8192 0 1000000000
297 67 15198 5000 8192 0 1000000000
153 69 7531 5000 8192 0 1000000000
285 288 14535 5000 8192 0 1000000000
70 290 3609 5000 8192 0 1000000000
276 84 13978 5000 8192 0 1000000000
201 234 9895 5000 8192 0 1000000000
134 282 6510 5000 8192 0 1000000000
42 78 1995 5000 8192 0 1000000000
318 212 16263 5000 8192 0 1000000000
143 171 7076 5000 8192 0 1000000000
16 87 828 5000 8192 0 1000000000
39 45 1828 5000 8192 0 1000000000
160 233 7848 5000 8192 0 1000000000
18 172 921 5000 8192 0 1000000000
118 63 5761 5000 8192 0 1000000000
39 218 1826 5000 8192 0 1000000000
127 317 6191 5000 8192 0 1000000000
213 239 10639 5000 8192 0 1000000000
260 183 13158 5000 8192 0 1000000000
271 138 13834 5000 8192 0 1000000000
21 227 1023 5000 8192 0 1000000000
65 212 3317 5000 8192 0 1000000000
191 83 9483 5000 8192 0 1000000000
51 70 2441 5000 8192 0 1000000000
140 245 6847 5000 8192 0 1000000000
210 84 10403 5000 8192 0 1000000000
23 212 1152 5000 8192 0 1000000000
175 70 8654 5000 8192 0 1000000000
231 31 11622 5000 8192 0 1000000000
163 6 8041 5000 8192 0 1000000000
308 150 15801 5000 8192 0 1000000000
197 305 9772 5000 8192 0 1000000000
181 143 8900 5000 8192 0 1000000000
56 113 2702 5000 8192 0 1000000000
101 77 4856 5000 8192 0 1000000000
248 77 12715 5000 8192 0 1000000000
66 223 3340 5000 8192 0 1000000000
110 109 5276 5000 8192 0 1000000000
4 216 208 5000 8192 0 1000000000
255 200 12952 5000 8192 0 1000000000
70 127 3601 5000 8192 0 1000000000
153 171 7584 5000 8192 0 1000000000
70 27 3610 5000 8192 0 1000000000
296 1 15168 5000 8192 0 1000000000
126 282 6148 5000 8192 0 1000000000
309 217 15826 5000 8192 0 1000000000
140 210 6852 5000 8192 0 1000000000
7 225 384 5000 8192 0 1000000000
279 46 14209 5000 8192 0 1000000000
303 200 15444 5000 8192 0 1000000000
313 246 16021 5000 8192 0 1000000000
107 192 5090 5000 8192 0 1000000000
298 213 15268 5000 8192 0 1000000000
61 311 3045 5000 8192 0 1000000000
229 303 11513 5000 8192 0 1000000000
295 42 15107 5000 8192 0 1000000000
142 304 6984 5000 8192 0 1000000000
101 5 4866 5000 8192 0 1000000000
277 43 14088 5000 8192 0 1000000000
203 239 10027 5000 8192 0 1000000000
17 264 894 5000 8192 0 1000000000
79 298 3993 5000 8192 0 1000000000
313 52 16071 5000 8192 0 1000000000
51 316 2489 5000 8192 0 1000000000
235 160 11904 5000 8192 0 1000000000
272 45 13886 5000 8192 0 1000000000
242 253 12326 5000 8192 0 1000000000
279 306 14185 5000 8192 0 1000000000
7 311 345 5000 8192 0 1000000000
203 28 10065 5000 8192 0 1000000000
111 38 5316 5000 8192 0 1000000000
173 262 8514 5000 8192 0 1000000000
144 271 7098 5000 8192 0 1000000000
0 200 45 5000 8192 0 1000000000
114 81 5531 5000 8192 0 1000000000
20 187 962 5000 8192 0 1000000000
279 77 14208 5000 8192 0 1000000000
284 211 14431 5000 8192 0 1000000000
102 236 4930 5000 8192 0 1000000000
160 182 7860 5000 8192 0 1000000000
159 228 7809 5000 8192 0 1000000000
212 94 10534 5000 8192 0 1000000000
195 179 9633 5000 8192 0 1000000000
47 76 2282 5000 8192 0 1000000000
235 56 11881 5000 8192 0 1000000000
63 89 3156 5000 8192 0 1000000000
290 93 14806 5000 8192 0 1000000000
240 15 12224 5000 8192 0 1000000000
123 190 5944 5000 8192 0 1000000000
131 302 6469 5000 8192 0 1000000000
246 295 12612 5000 8192 0 1000000000
287 172 14667 5000 8192 0 1000000000
140 227 6870 5000 8192 0 1000000000
125 303 6065 5000 8192 0 1000000000
153 167 7561 5000 8192 0 1000000000
104 2 4983 5000 8192 0 1000000000
225 86 11377 5000 8192 0 1000000000
127 207 6202 5000 8192 0 1000000000
150 247 7432 5000 8192 0 1000000000
115 317 5607 5000 8192 0 1000000000
125 69 6096 5000 8192 0 1000000000
215 39 10716 5000 8192 0 1000000000
130 272 6426 5000 8192 0 1000000000
61 14 3038 5000 8192 0 1000000000
0 125 17 5000 8192 0 1000000000
27 58 1330 5000 8192 0 1000000000
246 222 12595 5000 8192 0 1000000000
0 189 25 5000 8192 0 1000000000
87 195 4459 5000 8192 0 1000000000
76 80 3844 5000 8192 0 1000000000
87 301 4429 5000 8192 0 1000000000
233 89 11738 5000 8192 0 1000000000
17 172 895 5000 8192 0 1000000000
113 244 5455 5000 8192 0 1000000000
273 192 16399 5000 16777216 1 1000000000
309 27 15862 5000 8192 0 1000000000
3 280 157 5000 8192 0 1000000000
258 129 13045 5000 8192 0 1000000000
126 134 6168 5000 8192 0 1000000000
223 1 11245 5000 8192 0 1000000000
152 266 7523 5000 8192 0 1000000000
236 219 11931 5000 8192 0 1000000000
135 212 6594 5000 8192 0 1000000000
261 230 13206 5000 8192 0 1000000000
136 266 6688 5000 8192 0 1000000000
205 221 10146 5000 8192 0 1000000000
284 179 14453 5000 8192 0 1000000000
143 240 7040 5000 8192 0 1000000000
138 234 6788 5000 8192 0 1000000000
125 280 6116 5000 8192 0 1000000000
239 226 12154 5000 8192 0 1000000000
308 204 15771 5000 8192 0 1000000000
91 35 4552 5000 8192 0 1000000000
90 224 4488 5000 8192 0 1000000000
36 265 1728 5000 8192 0 1000000000
191 40 9488 5000 8192 0 1000000000
119 166 5819 5000 8192 0 1000000000
159 145 7813 5000 8192 0 1000000000
6 184 311 5000 8192 0 1000000000
44 117 2140 5000 8192 0 1000000000
150 182 7421 5000 8192 0 1000000000
144 29 7120 5000 8192 0 1000000000
176 41 8705 5000 8192 0 1000000000
214 240 10700 5000 8192 0 1000000000
30 4 1469 5000 8192 0 1000000000
63 120 3138 5000 8192 0 1000000000
9 75 501 5000 8192 0 1000000000
313 235 16054 5000 8192 0 1000000000
41 236 1943 5000 8192 0 1000000000
305 167 15566 5000 8192 0 1000000000
29 302 1453 5000 8192 0 1000000000
117 251 5728 5000 8192 0 1000000000
277 216 14074 5000 8192 0 1000000000
181 44 8875 5000 8192 0 1000000000
39 229 1800 5000 8192 0 1000000000
220 66 11042 5000 8192 0 1000000000
110 284 5251 5000 8192 0 1000000000
20 256 964 5000 8192 0 1000000000
148 232 7286 5000 8192 0 1000000000
213 158 10602 5000 8192 0 1000000000
2 227 91 5000 8192 0 1000000000
113 177 5430 5000 8192 0 1000000000
175 252 8650 5000 8192 0 1000000000
290 93 14818 5000 8192 0 1000000000
210 276 10423 5000 8192 0 1000000000
310 305 15946 5000 8192 0 1000000000
73 86 3745 5000 8192 0 1000000000
149 300 7381 5000 8192 0 1000000000
119 252 5813 5000 8192 0 1000000000
24 227 1220 5000 8192 0 1000000000
217 293 10893 5000 8192 0 1000000000
148 261 7320 5000 8192 0 1000000000
163 255 8080 5000 8192 0 1000000000
246 161 12566 5000 8192 0 1000000000
49 179 2312 5000 8192 0 1000000000
267 298 13578 5000 8192 0 1000000000
233 223 11741 5000 8192 0 1000000000
93 251 16430 5000 16777216 1 1000000000
2 16 104 5000 8192 0 1000000000
313 315 16029 5000 8192 0 1000000000
295 44 15111 5000 8192 0 1000000000
65 202 3318 5000 8192 0 1000000000
218 280 10964 5000 8192 0 1000000000
84 109 4305 5000 8192 0 1000000000
209 215 10371 5000 8192 0 1000000000
59 318 2881 5000 8192 0 1000000000
128 60 6298 5000 8192 0 1000000000
214 42 10677 5000 8192 0 1000000000
244 30 12499 5000 8192 0 1000000000
303 86 15465 5000 8192 0 1000000000
190 299 9416 5000 8192 0 1000000000
278 4 14126 5000 8192 0 1000000000
109 58 5171 5000 8192 0 1000000000
87 139 4427 5000 8192 0 1000000000
216 130 10810 5000 8192 0 1000000000
126 134 6154 5000 8192 0 1000000000
188 135 9249 5000 8192 0 1000000000
230 213 11575 5000 8192 0 1000000000
196 226 9728 5000 8192 0 1000000000
40 303 1885 5000 8192 0 1000000000
259 264 13096 5000 8192 0 1000000000
252 232 12829 5000 8192 0 1000000000
261 275 13259 5000 8192 0 1000000000
85 251 4386 5000 8192 0 1000000000
305 183 15621 5000 8192 0 1000000000
215 110 10718 5000 8192 0 1000000000
81 20 4114 5000 8192 0 1000000000
101 13 4912 5000 8192 0 1000000000
214 315 10667 5000 8192 0 1000000000
107 197 5087 5000 8192 0 1000000000
31 73 1590 5000 8192 0 1000000000
237 232 12008 5000 8192 0 1000000000
300 305 15326 5000 8192 0 1000000000
198 193 9873 5000 8192 0 1000000000
148 227 7309 5000 8192 0 1000000000
111 295 5328 5000 8192 0 1000000000
148 155 7283 5000 8192 0 1000000000
8 269 431 5000 8192 0 1000000000
215 95 10754 5000 8192 0 1000000000
45 119 2196 5000 8192 0 1000000000
163 10 8061 5000 8192 0 1000000000
179 254 8832 5000 8192 0 1000000000
67 83 3382 5000 8192 0 1000000000
255 107 12996 5000 8192 0 1000000000
292 145 14938 5000 8192 0 1000000000
83 220 4263 5000 8192 0 1000000000
218 43 10950 5000 8192 0 1000000000
277 249 14072 5000 8192 0 1000000000
117 151 5701 5000 8192 0 1000000000
240 224 12237 5000 8192 0 1000000000
24 149 1257 5000 8192 0 1000000000
29 122 1456 5000 8192 0 1000000000
63 200 3186 5000 8192 0 1000000000
109 304 5198 5000 8192 0 1000000000
159 304 7795 5000 8192 0 1000000000
202 251 10011 5000 8192 0 1000000000
220 180 11081 5000 8192 0 1000000000
172 54 8448 5000 8192 0 1000000000
131 138 6476 5000 8192 0 1000000000
59 7 2933 5000 8192 0 1000000000
280 163 14275 5000 8192 0 1000000000
295 195 15106 5000 8192 0 1000000000
315 299 16108 5000 8192 0 1000000000
255 136 13000 5000 8192 0 1000000000
271 282 13805 5000 8192 0 1000000000
220 117 11068 5000 8192 0 1000000000
95 83 4702 5000 8192 0 1000000000
319 291 16321 5000 8192 0 1000000000
297 208 15232 5000 8192 0 1000000000
57 151 2749 5000 8192 0 1000000000
222 85 11202 5000 8192 0 1000000000
267 287 13567 5000 8192 0 1000000000
190 124 9430 5000 8192 0 1000000000
313 260 16025 5000 8192 0 1000000000
156 172 7663 5000 8192 0 1000000000
319 309 16322 5000 8192 0 1000000000
236 40 11964 5000 8192 0 1000000000
57 158 2796 5000 8192 0 1000000000
67 59 3412 5000 8192 0 1000000000
197 71 9799 5000 8192 0 1000000000
128 164 6277 5000 8192 0 1000000000
269 249 13676 5000 8192 0 1000000000
164 188 8126 5000 8192 0 1000000000
317 253 16346 5000 16777216 1 1000000000
112 222 5422 5000 8192 0 1000000000
0 227 46 5000 8192 0 1000000000
295 195 15055 5000 8192 0 1000000000
203 83 10061 5000 8192 0 1000000000
31 305 1566 5000 8192 0 1000000000
63 292 3167 5000 8192 0 1000000000
141 16 6911 5000 8192 0 1000000000
252 213 12871 5000 8192 0 1000000000
213 220 10645 5000 8192 0 1000000000
17 78 876 5000 8192 0 1000000000
284 40 14473 5000 8192 0 1000000000
169 118 8401 5000 8192 0 1000000000
305 243 15595 5000 8192 0 1000000000
111 108 5335 5000 8192 0 1000000000
286 104 14564 5000 8192 0 1000000000
210 30 10429 5000 8192 0 1000000000
41 307 1977 5000 8192 0 1000000000
118 288 5752 5000 8192 0 1000000000
2 76 82 5000 8192 0 1000000000
246 34 12591 5000 8192 0 1000000000
18 72 925 5000 8192 0 1000000000
291 226 14879 5000 8192 0 1000000000
302 69 15397 5000 8192 0 1000000000
219 305 10983 5000 8192 0 1000000000
174 152 8550 5000 8192 0 1000000000
266 34 13463 5000 8192 0 1000000000
264 286 13377 5000 8192 0 1000000000
119 181 5846 5000 8192 0 1000000000
187 132 9226 5000 8192 0 1000000000
247 3 12634 5000 8192 0 1000000000
316 118 16157 5000 8192 0 1000000000
306 205 15687 5000 8192 0 1000000000
107 118 5042 5000 8192 0 1000000000
141 160 6950 5000 8192 0 1000000000
175 93 8657 5000 8192 0 1000000000
288 277 14677 5000 8192 0 1000000000
58 18 2811 5000 8192 0 1000000000
15 131 711 5000 8192 0 1000000000
252 163 12877 5000 8192 0 1000000000
272 232 13887 5000 8192 0 1000000000
259 235 13137 5000 8192 0 1000000000
7 132 335 5000 8192 0 1000000000
260 263 13151 5000 8192 0 1000000000
39 235 1845 5000 8192 0 1000000000
49 229 2335 5000 8192 0 1000000000
16 43 829 5000 8192 0 1000000000
208 291 10330 5000 8192 0 1000000000
296 305 15128 5000 8192 0 1000000000
127 240 6218 5000 8192 0 1000000000
155 74 7616 5000 8192 0 1000000000
31 296 1553 5000 8192 0 1000000000
241 146 12279 5000 8192 0 1000000000
141 194 6931 5000 8192 0 1000000000
268 101 13629 5000 8192 0 1000000000
204 53 10097 5000 8192 0 1000000000
21 206 1042 5000 8192 0 1000000000
128 17 6274 5000 8192 0 1000000000
296 94 15119 5000 8192 0 1000000000
164 103 8112 5000 8192 0 1000000000
264 235 13391 5000 8192 0 1000000000
101 243 4895 5000 8192 0 1000000000
211 4 10505 5000 8192 0 1000000000
68 271 3493 5000 8192 0 1000000000
217 106 10898 5000 8192 0 1000000000
255 201 12993 5000 8192 0 1000000000
23 100 1168 5000 8192 0 1000000000
315 22 16081 5000 8192 0 1000000000
247 94 12683 5000 8192 0 1000000000
190 151 9407 5000 8192 0 1000000000
148 170 7307 5000 8192 0 1000000000
213 167 10611 5000 8192 0 1000000000
23 72 1158 5000 8192 0 1000000000
66 250 3356 5000 8192 0 1000000000
63 239 3164 5000 8192 0 1000000000
318 110 16258 5000 8192 0 1000000000
237 166 12036 5000 8192 0 1000000000
113 243 5432 5000 8192 0 1000000000
212 109 10532 5000 8192 0 1000000000
121 62 5917 5000 8192 0 1000000000
32 123 1620 5000 8192 0 1000000000
163 68 8096 5000 8192 0 1000000000
239 81 12141 5000 8192 0 1000000000
268 136 13618 5000 8192 0 1000000000
294 103 16409 5000 16777216 1 1000000000
259 220 13123 5000 8192 0 1000000000
148 177 7313 5000 8192 0 1000000000
92 163 4655 5000 8192 0 1000000000
315 53 16089 5000 8192 0 1000000000
56 147 2719 5000 8192 0 1000000000
108 76 5139 5000 8192 0 1000000000
191 74 9459 5000 8192 0 1000000000
234 137 11854 5000 8192 0 1000000000
201 158 9885 5000 8192 0 1000000000
109 96 5173 5000 8192 0 1000000000
35 286 1715 5000 8192 0 1000000000
118 280 5766 5000 8192 0 1000000000
260 187 13161 5000 8192 0 1000000000
140 197 6872 5000 8192 0 1000000000
32 306 1649 5000 8192 0 1000000000
6 85 293 5000 8192 0 1000000000
201 223 9908 5000 8192 0 1000000000
239 209 12163 5000 8192 0 1000000000
281 49 14338 5000 8192 0 1000000000
261 259 13248 5000 8192 0 1000000000
134 285 6550 5000 8192 0 1000000000
56 117 2713 5000 8192 0 1000000000
175 149 8640 5000 8192 0 1000000000
52 167 2517 5000 8192 0 1000000000
189 254 9318 5000 8192 0 1000000000
233 302 11768 5000 8192 0 1000000000
150 28 7412 5000 8192 0 1000000000
123 154 5937 5000 8192 0 1000000000
303 259 15493 5000 8192 0 1000000000
71 121 3679 5000 8192 0 1000000000
220 224 11037 5000 8192 0 1000000000
183 241 8935 5000 8192 0 1000000000
309 123 15849 5000 8192 0 1000000000
261 10 13214 5000 8192 0 1000000000
221 127 11123 5000 8192 0 1000000000
36 249 1764 5000 8192 0 1000000000
85 278 4387 5000 8192 0 1000000000
91 114 4541 5000 8192 0 1000000000
121 209 5931 5000 8192 0 1000000000
102 194 4925 5000 8192 0 1000000000
173 57 8507 5000 8192 0 1000000000
262 84 13284 5000 8192 0 1000000000
292 19 14958 5000 8192 0 1000000000
260 34 13198 5000 8192 0 1000000000
309 163 15821 5000 8192 0 1000000000
129 185 6371 5000 8192 0 1000000000
64 52 3198 5000 8192 0 1000000000
285 111 14510 5000 8192 0 1000000000
269 137 13694 5000 8192 0 1000000000
315 3 16132 5000 8192 0 1000000000
277 148 14036 5000 8192 0 1000000000
195 1 9649 5000 8192 0 1000000000
279 309 14204 5000 8192 0 1000000000
62 245 3127 5000 8192 0 1000000000
214 218 10679 5000 8192 0 1000000000
226 298 11475 5000 8192 0 1000000000
55 140 2672 5000 8192 0 1000000000
112 271 5388 5000 8192 0 1000000000
217 274 10872 5000 8192 0 1000000000
281 65 14345 5000 8192 0 1000000000
165 120 8172 5000 8192 0 1000000000
172 174 8473 5000 8192 0 1000000000
201 250 9901 5000 8192 0 1000000000
147 177 7225 5000 8192 0 1000000000
79 262 3959 5000 8192 0 1000000000
211 202 10499 5000 8192 0 1000000000
272 41 13889 5000 8192 0 1000000000
239 211 12166 5000 8192 0 1000000000
255 167 12963 5000 8192 0 1000000000
205 4 10183 5000 8192 0 1000000000
169 250 8412 5000 8192 0 1000000000
160 118 7886 5000 8192 0 1000000000
14 152 657 5000 8192 0 1000000000
163 75 8046 5000 8192 0 1000000000
279 18 14199 5000 8192 0 1000000000
300 187 15331 5000 8192 0 1000000000
308 162 15757 5000 8192 0 1000000000
279 198 14225 5000 8192 0 1000000000
313 73 16031 5000 8192 0 1000000000
164 205 8127 5000 8192 0 1000000000
246 163 12600 5000 8192 0 1000000000
0 253 55 5000 8192 0 1000000000
52 99 2506 5000 8192 0 1000000000
150 186 7423 5000 8192 0 1000000000
113 313 5484 5000 8192 0 1000000000
142 153 7003 5000 8192 0 1000000000
44 126 2130 5000 8192 0 1000000000
65 286 3313 5000 8192 0 1000000000
245 271 12501 5000 8192 0 1000000000
215 9 10761 5000 8192 0 1000000000
232 96 11695 5000 8192 0 1000000000
82 55 4184 5000 8192 0 1000000000
313 76 16058 5000 8192 0 1000000000
135 287 6631 5000 8192 0 1000000000
147 172 7271 5000 8192 0 1000000000
61 97 3040 5000 8192 0 1000000000
69 202 3561 5000 8192 0 1000000000
218 124 10957 5000 8192 0 1000000000
128 319 6306 5000 8192 0 1000000000
44 119 2133 5000 8192 0 1000000000
135 61 6590 5000 8192 0 1000000000
211 270 10461 5000 8192 0 1000000000
7 46 328 5000 8192 0 1000000000
234 216 11822 5000 8192 0 1000000000
212 308 10573 5000 8192 0 1000000000
125 277 6079 5000 8192 0 1000000000
205 81 10187 5000 8192 0 1000000000
8 314 412 5000 8192 0 1000000000
148 21 7274 5000 8192 0 1000000000
9 117 464 5000 8192 0 1000000000
276 301 14021 5000 8192 0 1000000000
124 16 6061 5000 8192 0 1000000000
18 123 955 5000 8192 0 1000000000
312 1 15984 5000 8192 0 1000000000
17 189 850 5000 8192 0 1000000000
152 315 7467 5000 8192 0 1000000000
210 279 10415 5000 8192 0 1000000000
155 265 7609 5000 8192 0 1000000000
246 278 12571 5000 8192 0 1000000000
69 26 3563 5000 8192 0 1000000000
292 158 14960 5000 8192 0 1000000000
167 40 8278 5000 8192 0 1000000000
303 159 15496 5000 8192 0 1000000000
318 238 16256 5000 8192 0 1000000000
246 311 12586 5000 8192 0 1000000000
84 69 4303 5000 8192 0 1000000000
82 217 4195 5000 8192 0 1000000000
110 160 5233 5000 8192 0 1000000000
27 25 1290 5000 8192 0 1000000000
169 270 8371 5000 8192 0 1000000000
216 121 10814 5000 8192 0 1000000000
31 12 1551 5000 8192 0 1000000000
52 54 2494 5000 8192 0 1000000000
210 211 10443 5000 8192 0 1000000000
107 246 5056 5000 8192 0 1000000000
131 97 6447 5000 8192 0 1000000000
60 71 2990 5000 8192 0 1000000000
23 38 1170 5000 8192 0 1000000000
255 49 13012 5000 8192 0 1000000000
32 46 1651 5000 8192 0 1000000000
210 206 10440 5000 8192 0 1000000000
23 272 1202 5000 8192 0 1000000000
56 269 2680 5000 8192 0 1000000000
174 160 8570 5000 8192 0 1000000000
54 269 2557 5000 8192 0 1000000000
42 6 2024 5000 8192 0 1000000000
268 65 13644 5000 8192 0 1000000000
236 290 11932 5000 8192 0 1000000000
313 224 16018 5000 8192 0 1000000000
67 42 3429 5000 8192 0 1000000000
158 0 7743 5000 8192 0 1000000000
239 180 12164 5000 8192 0 1000000000
7 96 337 5000 8192 0 1000000000
205 135 10148 5000 8192 0 1000000000
111 286 5344 5000 8192 0 1000000000
312 298 15967 5000 8192 0 1000000000
87 173 4416 5000 8192 0 1000000000
215 248 10745 5000 8192 0 1000000000
319 230 16306 5000 8192 0 1000000000
316 289 16194 5000 8192 0 1000000000
298 77 15259 5000 8192 0 1000000000
149 218 7370 5000 8192 0 1000000000
110 106 5287 5000 8192 0 1000000000
78 213 3911 5000 8192 0 1000000000
98 307 4792 5000 8192 0 1000000000
213 73 10625 5000 8192 0 1000000000
202 4 10000 5000 8192 0 1000000000
112 206 5387 5000 8192 0 1000000000
302 214 15410 5000 8192 0 1000000000
78 111 3922 5000 8192 0 1000000000
38 317 16338 5000 16777216 1 1000000000
23 64 1166 5000 8192 0 1000000000
69 180 3547 5000 8192 0 1000000000
291 20 14885 5000 8192 0 1000000000
276 269 13981 5000 8192 0 1000000000
138 221 6790 5000 8192 0 1000000000
7 21 330 5000 8192 0 1000000000
247 213 12652 5000 8192 0 1000000000
172 132 8424 5000 8192 0 1000000000
8 213 440 5000 8192 0 1000000000
224 317 11335 5000 8192 0 1000000000
156 197 7658 5000 8192 0 1000000000
233 167 11743 5000 8192 0 1000000000
18 221 916 5000 8192 0 1000000000
309 269 15865 5000 8192 0 1000000000
293 279 15044 5000 8192 0 1000000000
66 14 3352 5000 8192 0 1000000000
95 271 4700 5000 8192 0 1000000000
71 97 3653 5000 8192 0 1000000000
246 172 12626 5000 8192 0 1000000000
50 109 2415 5000 8192 0 1000000000
214 257 10661 5000 8192 0 1000000000
41 66 1917 5000 8192 0 1000000000
117 192 5739 5000 8192 0 1000000000
127 99 6208 5000 8192 0 1000000000
118 87 5747 5000 8192 0 1000000000
221 146 11118 5000 8192 0 1000000000
84 208 4334 5000 8192 0 1000000000
73 76 3746 5000 8192 0 1000000000
84 228 4277 5000 8192 0 1000000000
239 156 12180 5000 8192 0 1000000000
175 303 8664 5000 8192 0 1000000000
267 287 13584 5000 8192 0 1000000000
272 186 13904 5000 8192 0 1000000000
246 221 12567 5000 8192 0 1000000000
121 294 5926 5000 8192 0 1000000000
29 284 1452 5000 8192 0 1000000000
188 261 9305 5000 8192 0 1000000000
190 22 9388 5000 8192 0 1000000000
280 309 14277 5000 8192 0 1000000000
156 261 7694 5000 8192 0 1000000000
123 246 5960 5000 8192 0 1000000000
212 112 10540 5000 8192 0 1000000000
115 148 5610 5000 8192 0 1000000000
0 244 29 5000 8192 0 1000000000
23 135 1171 5000 8192 0 1000000000
196 20 9702 5000 8192 0 1000000000
172 173 8450 5000 8192 0 1000000000
95 187 4657 5000 8192 0 1000000000
296 126 15151 5000 8192 0 1000000000
245 24 12559 5000 8192 0 1000000000
16 256 825 5000 8192 0 1000000000
291 270 14897 5000 8192 0 1000000000
156 233 7698 5000 8192 0 1000000000
201 166 9904 5000 8192 0 1000000000
318 150 16216 5000 8192 0 1000000000
168 257 8290 5000 8192 0 1000000000
119 199 5825 5000 8192 0 1000000000
319 12 16298 5000 8192 0 1000000000
43 232 2075 5000 8192 0 1000000000
167 258 8238 5000 8192 0 1000000000
44 204 2109 5000 8192 0 1000000000
42 65 1985 5000 8192 0 1000000000
44 11 2149 5000 8192 0 1000000000
83 53 4255 5000 8192 0 1000000000
210 96 10422 5000 8192 0 1000000000
127 71 6214 5000 8192 0 1000000000
21 299 1082 5000 8192 0 1000000000
80 54 4058 5000 8192 0 1000000000
189 289 9338 5000 8192 0 1000000000
292 171 14946 5000 8192 0 1000000000
56 135 2705 5000 8192 0 1000000000
168 274 8321 5000 8192 0 1000000000
203 156 10054 5000 8192 0 1000000000
58 28 2847 5000 8192 0 1000000000
279 246 14176 5000 8192 0 1000000000
97 44 4778 5000 8192 0 1000000000
186 226 9160 5000 8192 0 1000000000
147 43 7247 5000 8192 0 1000000000
190 11 9377 5000 8192 0 1000000000
197 267 9773 5000 8192 0 1000000000
12 299 528 5000 8192 0 1000000000
7 79 357 5000 8192 0 1000000000
24 219 1221 5000 8192 0 1000000000
216 238 10799 5000 8192 0 1000000000
255 307 12981 5000 8192 0 1000000000
313 164 16069 5000 8192 0 1000000000
149 15 7384 5000 8192 0 1000000000
137 102 6719 5000 8192 0 1000000000
3 159 167 5000 8192 0 1000000000
296 180 15173 5000 8192 0 1000000000
315 265 16117 5000 8192 0 1000000000
35 126 1684 5000 8192 0 1000000000
98 35 4847 5000 8192 0 1000000000
285 66 14530 5000 8192 0 1000000000
216 179 10838 5000 8192 0 1000000000
68 23 3459 5000 8192 0 1000000000
169 36 8355 5000 8192 0 1000000000
260 273 13197 5000 8192 0 1000000000
306 253 15671 5000 8192 0 1000000000
254 288 12931 5000 8192 0 1000000000
254 235 12896 5000 8192 0 1000000000
51 261 2464 5000 8192 0 1000000000
160 306 7878 5000 8192 0 1000000000
310 318 15909 5000 8192 0 1000000000
90 40 4489 5000 8192 0 1000000000
233 73 11787 5000 8192 0 1000000000
130 184 6445 5000 8192 0 1000000000
245 89 12526 5000 8192 0 1000000000
210 301 10428 5000 8192 0 1000000000
210 20 10425 5000 8192 0 1000000000
84 150 4290 5000 8192 0 1000000000
44 113 2122 5000 8192 0 1000000000
286 162 14551 5000 8192 0 1000000000
158 280 7741 5000 8192 0 1000000000
277 227 14038 5000 8192 0 1000000000
98 194 4833 5000 8192 0 1000000000
17 309 882 5000 8192 0 1000000000
230 104 11590 5000 8192 0 1000000000
92 182 4627 5000 8192 0 1000000000
236 217 11985 5000 8192 0 1000000000
212 302 10544 5000 8192 0 1000000000
225 309 11358 5000 8192 0 1000000000
165 197 8174 5000 8192 0 1000000000
143 228 7022 5000 8192 0 1000000000
175 126 8607 5000 8192 0 1000000000
303 188 15489 5000 8192 0 1000000000
221 163 11127 5000 8192 0 1000000000
116 15 5654 5000 8192 0 1000000000
107 262 5065 5000 8192 0 1000000000
229 169 11506 5000 8192 0 1000000000
196 103 9719 5000 8192 0 1000000000
50 172 2384 5000 8192 0 1000000000
233 57 11757 5000 8192 0 1000000000
248 115 12710 5000 8192 0 1000000000
73 47 3734 5000 8192 0 1000000000
73 140 3724 5000 8192 0 1000000000
95 34 4707 5000 8192 0 1000000000
247 140 12691 5000 8192 0 1000000000
212 249 10541 5000 8192 0 1000000000
98 296 4832 5000 8192 0 1000000000
91 36 4576 5000 8192 0 1000000000
230 45 11550 5000 8192 0 1000000000
152 124 7504 5000 8192 0 1000000000
164 230 8111 5000 8192 0 1000000000
198 302 9882 5000 8192 0 1000000000
45 67 2194 5000 8192 0 1000000000
307 198 15739 5000 8192 0 1000000000
80 146 4033 5000 8192 0 1000000000
216 222 10795 5000 8192 0 1000000000
7 197 336 5000 8192 0 1000000000
75 307 3785 5000 8192 0 1000000000
236 296 11937 5000 8192 0 1000000000
90 115 4486 5000 8192 0 1000000000
134 85 6544 5000 8192 0 1000000000
32 73 1622 5000 8192 0 1000000000
282 284 14397 5000 8192 0 1000000000
260 172 13203 5000 8192 0 1000000000
307 293 15716 5000 8192 0 1000000000
73 52 3743 5000 8192 0 1000000000
244 17 12497 5000 8192 0 1000000000
56 27 2699 5000 8192 0 1000000000
270 262 13772 5000 8192 0 1000000000
252 302 12854 5000 8192 0 1000000000
238 172 12088 5000 8192 0 1000000000
176 112 8674 5000 8192 0 1000000000
254 84 12933 5000 8192 0 1000000000
285 4 14525 5000 8192 0 1000000000
110 241 5295 5000 8192 0 1000000000
318 228 16222 5000 8192 0 1000000000
256 77 16366 5000 16777216 1 1000000000
22 223 1143 5000 8192 0 1000000000
234 165 11857 5000 8192 0 1000000000
83 93 4266 5000 8192 0 1000000000
20 158 973 5000 8192 0 1000000000
62 273 3069 5000 8192 0 1000000000
238 55 12105 5000 8192 0 1000000000
187 52 9237 5000 8192 0 1000000000
109 237 5185 5000 8192 0 1000000000
163 236 8087 5000 8192 0 1000000000
187 190 9191 5000 8192 0 1000000000
319 138 16286 5000 8192 0 1000000000
198 178 9823 5000 8192 0 1000000000
121 182 5885 5000 8192 0 1000000000
116 269 5626 5000 8192 0 1000000000
165 281 8168 5000 8192 0 1000000000
234 154 11816 5000 8192 0 1000000000
179 110 8807 5000 8192 0 1000000000
184 296 9002 5000 8192 0 1000000000
270 268 13738 5000 8192 0 1000000000
233 80 11749 5000 8192 0 1000000000
63 165 3150 5000 8192 0 1000000000
118 211 5774 5000 8192 0 1000000000
190 47 9389 5000 8192 0 1000000000
229 141 11488 5000 8192 0 1000000000
126 216 6128 5000 8192 0 1000000000
168 204 8329 5000 8192 0 1000000000
54 242 2572 5000 8192 0 1000000000
4 233 244 5000 8192 0 1000000000
137 0 6738 5000 8192 0 1000000000
27 51 1339 5000 8192 0 1000000000
27 131 1304 5000 8192 0 1000000000
84 106 4316 5000 8192 0 1000000000
274 217 13923 5000 8192 0 1000000000
219 284 11009 5000 8192 0 1000000000
163 195 8034 5000 8192 0 1000000000
165 240 8178 5000 8192 0 1000000000
95 188 4661 5000 8192 0 1000000000
63 274 3154 5000 8192 0 1000000000
110 142 5241 5000 8192 0 1000000000
302 271 15408 5000 8192 0 1000000000
20 185 998 5000 8192 0 1000000000
119 226 5835 5000 8192 0 1000000000
96 11 16343 5000 16777216 1 1000000000
220 213 11038 5000 8192 0 1000000000
143 186 7063 5000 8192 0 1000000000
47 124 2297 5000 8192 0 1000000000
114 119 5545 5000 8192 0 1000000000
138 299 6782 5000 8192 0 1000000000
219 139 11002 5000 8192 0 1000000000
244 116 12498 5000 8192 0 1000000000
104 16 5024 5000 8192 0 1000000000
315 30 16104 5000 8192 0 1000000000
190 285 9426 5000 8192 0 1000000000
268 203 13633 5000 8192 0 1000000000
107 212 5081 5000 8192 0 1000000000
133 86 16454 5000 16777216 1 1000000000
83 272 4215 5000 8192 0 1000000000
254 130 12928 5000 8192 0 1000000000
316 306 16147 5000 8192 0 1000000000
152 278 7511 5000 8192 0 1000000000
50 123 2420 5000 8192 0 1000000000
59 232 2886 5000 8192 0 1000000000
87 276 4420 5000 8192 0 1000000000
285 165 14520 5000 8192 0 1000000000
7 42 368 5000 8192 0 1000000000
12 195 550 5000 8192 0 1000000000
310 42 15905 5000 8192 0 1000000000
50 75 2406 5000 8192 0 1000000000
211 34 10475 5000 8192 0 1000000000
0 193 16 5000 8192 0 1000000000
81 266 4143 5000 8192 0 1000000000
218 289 10961 5000 8192 0 1000000000
68 55 3497 5000 8192 0 1000000000
30 242 1528 5000 8192 0 1000000000
164 307 8105 5000 8192 0 1000000000
264 23 13333 5000 8192 0 1000000000
41 245 1933 5000 8192 0 1000000000
279 191 14165 5000 8192 0 1000000000
21 56 1077 5000 8192 0 1000000000
241 123 12305 5000 8192 0 1000000000
135 180 6620 5000 8192 0 1000000000
218 150 10942 5000 8192 0 1000000000
221 69 11121 5000 8192 0 1000000000
176 253 8720 5000 8192 0 1000000000
208 120 10277 5000 8192 0 1000000000
20 114 969 5000 8192 0 1000000000
148 231 7331 5000 8192 0 1000000000
241 99 12280 5000 8192 0 1000000000
15 268 752 5000 8192 0 1000000000
36 209 1737 5000 8192 0 1000000000
189 252 9332 5000 8192 0 1000000000
134 224 6552 5000 8192 0 1000000000
247 178 12684 5000 8192 0 1000000000
265 69 13451 5000 8192 0 1000000000
125 15 6120 5000 8192 0 1000000000
131 115 6502 5000 8192 0 1000000000
137 316 6745 5000 8192 0 1000000000
36 34 1786 5000 8192 0 1000000000
54 274 2587 5000 8192 0 1000000000
64 11 3249 5000 8192 0 1000000000
247 89 12677 5000 8192 0 1000000000
165 302 8177 5000 8192 0 1000000000
18 1 926 5000 8192 0 1000000000
64 180 3236 5000 8192 0 1000000000
266 166 13510 5000 8192 0 1000000000
223 161 11248 5000 8192 0 1000000000
152 121 7500 5000 8192 0 1000000000
312 109 15985 5000 8192 0 1000000000
189 222 9349 5000 8192 0 1000000000
313 122 16068 5000 8192 0 1000000000
220 169 11056 5000 8192 0 1000000000
217 11 10899 5000 8192 0 1000000000
115 273 5569 5000 8192 0 1000000000
44 92 2139 5000 8192 0 1000000000
232 159 11700 5000 8192 0 1000000000
265 159 13457 5000 8192 0 1000000000
60 24 2964 5000 8192 0 1000000000
108 230 5158 5000 8192 0 1000000000
213 158 10596 5000 8192 0 1000000000
2 235 70 5000 8192 0 1000000000
266 214 13472 5000 8192 0 1000000000
260 308 13180 5000 8192 0 1000000000
54 248 2561 5000 8192 0 1000000000
224 84 11320 5000 8192 0 1000000000
214 197 10663 5000 8192 0 1000000000
244 236 12444 5000 8192 0 1000000000
297 96 15220 5000 8192 0 1000000000
101 139 4885 5000 8192 0 1000000000
235 95 11915 5000 8192 0 1000000000
296 61 15163 5000 8192 0 1000000000
280 28 14241 5000 8192 0 1000000000
300 73 15367 5000 8192 0 1000000000
157 294 16373 5000 16777216 1 1000000000
44 174 2135 5000 8192 0 1000000000
134 105 6556 5000 8192 0 1000000000
276 298 13996 5000 8192 0 1000000000
87 192 4404 5000 8192 0 1000000000
280 90 14243 5000 8192 0 1000000000
173 298 8503 5000 8192 0 1000000000
158 219 7776 5000 8192 0 1000000000
31 243 1575 5000 8192 0 1000000000
18 292 896 5000 8192 0 1000000000
13 85 635 5000 8192 0 1000000000
80 316 4074 5000 8192 0 1000000000
234 275 11801 5000 8192 0 1000000000
107 204 5096 5000 8192 0 1000000000
115 107 5568 5000 8192 0 1000000000
286 245 14595 5000 8192 0 1000000000
110 233 5294 5000 8192 0 1000000000
281 186 14304 5000 8192 0 1000000000
196 197 9714 5000 8192 0 1000000000
312 96 16001 5000 8192 0 1000000000
269 205 13673 5000 8192 0 1000000000
119 176 5827 5000 8192 0 1000000000
130 65 6427 5000 8192 0 1000000000
143 171 7041 5000 8192 0 1000000000
36 200 1743 5000 8192 0 1000000000
197 102 9787 5000 8192 0 1000000000
305 213 15623 5000 8192 0 1000000000
2 23 105 5000 8192 0 1000000000
28 261 1370 5000 8192 0 1000000000
277 264 14044 5000 8192 0 1000000000
188 205 9283 5000 8192 0 1000000000
13 157 595 5000 8192 0 1000000000
252 77 12832 5000 8192 0 1000000000
201 268 9911 5000 8192 0 1000000000
95 253 4666 5000 8192 0 1000000000
24 124 1237 5000 8192 0 1000000000
144 168 7110 5000 8192 0 1000000000
259 304 13097 5000 8192 0 1000000000
194 191 9593 5000 8192 0 1000000000
13 37 596 5000 8192 0 1000000000
267 18 13566 5000 8192 0 1000000000
210 71 10432 5000 8192 0 1000000000
94 100 16371 5000 16777216 1 1000000000
276 228 14015 5000 8192 0 1000000000
95 165 4676 5000 8192 0 1000000000
315 142 16086 5000 8192 0 1000000000
137 310 6760 5000 8192 0 1000000000
142 265 7012 5000 8192 0 1000000000
266 215 13467 5000 8192 0 1000000000
51 6 2436 5000 8192 0 1000000000
24 222 1265 5000 8192 0 1000000000
236 104 11957 5000 8192 0 1000000000
17 1 857 5000 8192 0 1000000000
12 153 516 5000 8192 0 1000000000
134 263 6534 5000 8192 0 1000000000
182 170 16391 5000 16777216 1 1000000000
291 146 14915 5000 8192 0 1000000000
123 61 5991 5000 8192 0 1000000000
208 239 10272 5000 8192 0 1000000000
75 288 3799 5000 8192 0 1000000000
309 4 15836 5000 8192 0 1000000000
313 147 16030 5000 8192 0 1000000000
137 58 6725 5000 8192 0 1000000000
55 108 2637 5000 8192 0 1000000000
191 82 9497 5000 8192 0 1000000000
247 236 12649 5000 8192 0 1000000000
268 220 13639 5000 8192 0 1000000000
104 109 5004 5000 8192 0 1000000000
132 275 16425 5000 16777216 1 1000000000
27 115 1298 5000 8192 0 1000000000
214 165 10680 5000 8192 0 1000000000
163 200 8039 5000 8192 0 1000000000
65 231 3290 5000 8192 0 1000000000
108 45 5115 5000 8192 0 1000000000
186 206 9168 5000 8192 0 1000000000
17 310 849 5000 8192 0 1000000000
185 63 9088 5000 8192 0 1000000000
319 229 16281 5000 8192 0 1000000000
87 205 4403 5000 8192 0 1000000000
164 96 8147 5000 8192 0 1000000000
297 80 15215 5000 8192 0 1000000000
135 6 6578 5000 8192 0 1000000000
319 146 16270 5000 8192 0 1000000000
73 58 3714 5000 8192 0 1000000000
20 282 990 5000 8192 0 1000000000
29 112 1424 5000 8192 0 1000000000
143 65 7058 5000 8192 0 1000000000
137 201 6755 5000 8192 0 1000000000
187 172 9225 5000 8192 0 1000000000
61 75 3060 5000 8192 0 1000000000
141 132 6903 5000 8192 0 1000000000
239 127 12119 5000 8192 0 1000000000
165 39 8209 5000 8192 0 1000000000
213 28 10637 5000 8192 0 1000000000
141 21 6934 5000 8192 0 1000000000
295 53 15117 5000 8192 0 1000000000
284 266 14438 5000 8192 0 1000000000
213 220 10599 5000 8192 0 1000000000
119 201 5868 5000 8192 0 1000000000
52 259 2542 5000 8192 0 1000000000
47 215 2259 5000 8192 0 1000000000
130 167 6395 5000 8192 0 1000000000
174 89 8598 5000 8192 0 1000000000
201 55 9926 5000 8192 0 1000000000
241 174 12299 5000 8192 0 1000000000
218 83 10919 5000 8192 0 1000000000
178 5 8789 5000 8192 0 1000000000
269 283 13670 5000 8192 0 1000000000
66 285 3325 5000 8192 0 1000000000
260 267 13165 5000 8192 0 1000000000
45 35 2212 5000 8192 0 1000000000
204 291 10095 5000 8192 0 1000000000
76 251 3877 5000 8192 0 1000000000
70 231 3583 5000 8192 0 1000000000
175 217 8612 5000 8192 0 1000000000
179 279 8808 5000 8192 0 1000000000
219 33 10993 5000 8192 0 1000000000
136 126 6671 5000 8192 0 1000000000
308 32 15766 5000 8192 0 1000000000
75 129 3824 5000 8192 0 1000000000
233 259 11752 5000 8192 0 1000000000
305 32 15594 5000 8192 0 1000000000
56 35 2682 5000 8192 0 1000000000
172 222 8467 5000 8192 0 1000000000
73 288 3731 5000 8192 0 1000000000
35 127 1708 5000 8192 0 1000000000
83 280 4257 5000 8192 0 1000000000
247 292 12674 5000 8192 0 1000000000
108 118 5152 5000 8192 0 1000000000
32 26 1621 5000 8192 0 1000000000
8 272 385 5000 8192 0 1000000000
218 270 10916 5000 8192 0 1000000000
303 232 15478 5000 8192 0 1000000000
15 208 716 5000 8192 0 1000000000
87 112 4446 5000 8192 0 1000000000
204 68 10091 5000 8192 0 1000000000
307 159 15704 5000 8192 0 1000000000
140 129 6882 5000 8192 0 1000000000
233 196 11774 5000 8192 0 1000000000
45 254 2217 5000 8192 0 1000000000
55 43 2655 5000 8192 0 1000000000
155 206 7590 5000 8192 0 1000000000
18 225 899 5000 8192 0 1000000000
201 160 9947 5000 8192 0 1000000000
300 123 15337 5000 8192 0 1000000000
59 106 2928 5000 8192 0 1000000000
319 294 16296 5000 8192 0 1000000000
316 276 16151 5000 8192 0 1000000000
150 26 7446 5000 8192 0 1000000000
135 79 6585 5000 8192 0 1000000000
141 268 6913 5000 8192 0 1000000000
254 276 12915 5000 8192 0 1000000000
187 240 9212 5000 8192 0 1000000000
113 64 5474 5000 8192 0 1000000000
84 93 4311 5000 8192 0 1000000000
307 156 15706 5000 8192 0 1000000000
102 30 4927 5000 8192 0 1000000000
276 97 13993 5000 8192 0 1000000000
217 49 10879 5000 8192 0 1000000000
116 19 5630 5000 8192 0 1000000000
109 270 5179 5000 8192 0 1000000000
43 304 2052 5000 8192 0 1000000000
209 147 10341 5000 8192 0 1000000000
116 267 5619 5000 8192 0 1000000000
142 265 7004 5000 8192 0 1000000000
271 138 13804 5000 8192 0 1000000000
109 215 5188 5000 8192 0 1000000000
217 50 10850 5000 8192 0 1000000000
313 122 16020 5000 8192 0 1000000000
161 16 7960 5000 8192 0 1000000000
226 13 11436 5000 8192 0 1000000000
298 305 15296 5000 8192 0 1000000000
198 156 9829 5000 8192 0 1000000000
40 81 1915 5000 8192 0 1000000000
47 145 2276 5000 8192 0 1000000000
129 248 6328 5000 8192 0 1000000000
136 48 6657 5000 8192 0 1000000000
98 17 4822 5000 8192 0 1000000000
149 145 7357 5000 8192 0 1000000000
147 191 7246 5000 8192 0 1000000000
113 241 5441 5000 8192 0 1000000000
40 82 1884 5000 8192 0 1000000000
245 250 12517 5000 8192 0 1000000000
4 181 223 5000 8192 0 1000000000
81 264 4147 5000 8192 0 1000000000
134 235 6570 5000 8192 0 1000000000
232 197 11715 5000 8192 0 1000000000
90 116 4494 5000 8192 0 1000000000
173 21 8534 5000 8192 0 1000000000
147 154 7218 5000 8192 0 1000000000
4 157 230 5000 8192 0 1000000000
266 210 13516 5000 8192 0 1000000000
107 262 5062 5000 8192 0 1000000000
175 306 8649 5000 8192 0 1000000000
12 131 525 5000 8192 0 1000000000
45 312 2210 5000 8192 0 1000000000
144 96 7123 5000 8192 0 1000000000
136 290 6693 5000 8192 0 1000000000
159 210 7825 5000 8192 0 1000000000
204 234 10104 5000 8192 0 1000000000
278 111 14157 5000 8192 0 1000000000
213 138 10638 5000 8192 0 1000000000
118 154 5765 5000 8192 0 1000000000
14 269 640 5000 8192 0 1000000000
261 56 13226 5000 8192 0 1000000000
234 253 11836 5000 8192 0 1000000000
73 182 3704 5000 8192 0 1000000000
149 236 7366 5000 8192 0 1000000000
315 190 16080 5000 8192 0 1000000000
181 102 8924 5000 8192 0 1000000000
164 54 8140 5000 8192 0 1000000000
39 203 1823 5000 8192 0 1000000000
88 99 16455 5000 16777216 1 1000000000
64 129 3218 5000 8192 0 1000000000
80 145 4035 5000 8192 0 1000000000
305 59 15584 5000 8192 0 1000000000
234 21 11840 5000 8192 0 1000000000
90 182 4515 5000 8192 0 1000000000
198 218 9868 5000 8192 0 1000000000
196 161 9736 5000 8192 0 1000000000
160 42 7873 5000 8192 0 1000000000
87 314 4426 5000 8192 0 1000000000
47 310 2254 5000 8192 0 1000000000
129 41 6353 5000 8192 0 1000000000
114 106 5542 5000 8192 0 1000000000
218 304 10956 5000 8192 0 1000000000
159 205 7832 5000 8192 0 1000000000
270 11 13775 5000 8192 0 1000000000
41 22 1957 5000 8192 0 1000000000
56 250 2738 5000 8192 0 1000000000
265 102 13412 5000 8192 0 1000000000
92 230 4649 5000 8192 0 1000000000
24 215 1276 5000 8192 0 1000000000
232 237 11705 5000 8192 0 1000000000
65 219 3282 5000 8192 0 1000000000
145 285 7203 5000 8192 0 1000000000
237 9 12026 5000 8192 0 1000000000
209 22 10351 5000 8192 0 1000000000
76 1 3850 5000 8192 0 1000000000
32 276 1613 5000 8192 0 1000000000
210 108 10431 5000 8192 0 1000000000
179 260 8856 5000 8192 0 1000000000
162 282 7973 5000 8192 0 1000000000
110 249 5244 5000 8192 0 1000000000
254 78 12887 5000 8192 0 1000000000
318 51 16233 5000 8192 0 1000000000
27 118 1316 5000 8192 0 1000000000
95 312 4708 5000 8192 0 1000000000
7 30 379 5000 8192 0 1000000000
297 108 15226 5000 8192 0 1000000000
175 123 8643 5000 8192 0 1000000000
175 197 8617 5000 8192 0 1000000000
281 299 14328 5000 8192 0 1000000000
282 184 14367 5000 8192 0 1000000000
295 65 15071 5000 8192 0 1000000000
140 139 6853 5000 8192 0 1000000000
43 34 2077 5000 8192 0 1000000000
36 277 1752 5000 8192 0 1000000000
145 140 7190 5000 8192 0 1000000000
78 156 3952 5000 8192 0 1000000000
270 176 13779 5000 8192 0 1000000000
230 246 11568 5000 8192 0 1000000000
113 226 5480 5000 8192 0 1000000000
248 258 12714 5000 8192 0 1000000000
212 139 10526 5000 8192 0 1000000000
58 191 2835 5000 8192 0 1000000000
174 206 8586 5000 8192 0 1000000000
148 144 7294 5000 8192 0 1000000000
68 306 3468 5000 8192 0 1000000000
229 26 11514 5000 8192 0 1000000000
313 33 16027 5000 8192 0 1000000000
3 157 142 5000 8192 0 1000000000
185 41 9106 5000 8192 0 1000000000
235 260 11876 5000 8192 0 1000000000
165 274 8171 5000 8192 0 1000000000
176 36 8704 5000 8192 0 1000000000
8 221 399 5000 8192 0 1000000000
211 117 10492 5000 8192 0 1000000000
71 273 3647 5000 8192 0 1000000000
102 98 4976 5000 8192 0 1000000000
222 41 11203 5000 8192 0 1000000000
210 260 10411 5000 8192 0 1000000000
159 144 7808 5000 8192 0 1000000000
191 52 9470 5000 8192 0 1000000000
285 124 14486 5000 8192 0 1000000000
201 309 9927 5000 8192 0 1000000000
211 296 10486 5000 8192 0 1000000000
110 23 5246 5000 8192 0 1000000000
18 52 920 5000 8192 0 1000000000
101 164 4877 5000 8192 0 1000000000
312 257 15960 5000 8192 0 1000000000
235 96 11914 5000 8192 0 1000000000
241 316 12251 5000 8192 0 1000000000
141 297 6923 5000 8192 0 1000000000
229 89 11522 5000 8192 0 1000000000
310 317 15916 5000 8192 0 1000000000
290 133 14849 5000 8192 0 1000000000
223 39 11268 5000 8192 0 1000000000
167 171 8264 5000 8192 0 1000000000
219 100 10977 5000 8192 0 1000000000
23 92 1151 5000 8192 0 1000000000
69 74 3548 5000 8192 0 1000000000
32 204 1638 5000 8192 0 1000000000
60 293 2995 5000 8192 0 1000000000
20 160 982 5000 8192 0 1000000000
129 23 6339 5000 8192 0 1000000000
45 254 2220 5000 8192 0 1000000000
210 47 10395 5000 8192 0 1000000000
238 83 12063 5000 8192 0 1000000000
152 292 7502 5000 8192 0 1000000000
224 116 11339 5000 8192 0 1000000000
312 62 15963 5000 8192 0 1000000000
179 44 8835 5000 8192 0 1000000000
109 256 5216 5000 8192 0 1000000000
258 30 13041 5000 8192 0 1000000000
138 105 6824 5000 8192 0 1000000000
82 191 4178 5000 8192 0 1000000000
63 37 3153 5000 8192 0 1000000000
80 305 4042 5000 8192 0 1000000000
178 312 8749 5000 8192 0 1000000000
288 240 14703 5000 8192 0 1000000000
87 46 4452 5000 8192 0 1000000000
259 69 13080 5000 8192 0 1000000000
265 210 13434 5000 8192 0 1000000000
15 121 730 5000 8192 0 1000000000
190 239 9397 5000 8192 0 1000000000
184 120 9028 5000 8192 0 1000000000
152 268 7472 5000 8192 0 1000000000
176 118 8696 5000 8192 0 1000000000
83 79 4218 5000 8192 0 1000000000
83 280 4235 5000 8192 0 1000000000
235 41 11886 5000 8192 0 1000000000
312 119 16006 5000 8192 0 1000000000
116 234 5665 5000 8192 0 1000000000
306 185 15632 5000 8192 0 1000000000
183 39 8947 5000 8192 0 1000000000
204 217 10123 5000 8192 0 1000000000
296 44 15180 5000 8192 0 1000000000
235 35 11877 5000 8192 0 1000000000
186 133 9155 5000 8192 0 1000000000
74 100 16390 5000 16777216 1 1000000000
68 114 3476 5000 8192 0 1000000000
176 120 8703 5000 8192 0 1000000000
300 148 15361 5000 8192 0 1000000000
186 24 9136 5000 8192 0 1000000000
14 75 677 5000 8192 0 1000000000
42 168 2021 5000 8192 0 1000000000
69 53 3555 5000 8192 0 1000000000
3 40 138 5000 8192 0 1000000000
147 140 7256 5000 8192 0 1000000000
201 130 9905 5000 8192 0 1000000000
152 179 7477 5000 8192 0 1000000000
308 216 15762 5000 8192 0 1000000000
202 242 9989 5000 8192 0 1000000000
203 147 10014 5000 8192 0 1000000000
218 31 10909 5000 8192 0 1000000000
32 258 1653 5000 8192 0 1000000000
319 66 16273 5000 8192 0 1000000000
209 96 10344 5000 8192 0 1000000000
54 42 2569 5000 8192 0 1000000000
45 248 2199 5000 8192 0 1000000000
197 279 9778 5000 8192 0 1000000000
149 135 7367 5000 8192 0 1000000000
221 8 11103 5000 8192 0 1000000000
24 68 1231 5000 8192 0 1000000000
248 97 12718 5000 8192 0 1000000000
183 250 8945 5000 8192 0 1000000000
141 101 6919 5000 8192 0 1000000000
7 151 381 5000 8192 0 1000000000
167 231 8251 5000 8192 0 1000000000
110 284 5285 5000 8192 0 1000000000
126 140 6184 5000 8192 0 1000000000
85 127 4363 5000 8192 0 1000000000
219 207 11010 5000 8192 0 1000000000
181 202 8918 5000 8192 0 1000000000
58 47 2816 5000 8192 0 1000000000
124 198 6054 5000 8192 0 1000000000
55 257 2678 5000 8192 0 1000000000
304 252 15525 5000 8192 0 1000000000
235 106 11910 5000 8192 0 1000000000
108 89 5105 5000 8192 0 1000000000
16 259 770 5000 8192 0 1000000000
195 58 9634 5000 8192 0 1000000000
162 94 7969 5000 8192 0 1000000000
55 43 2616 5000 8192 0 1000000000
281 149 14340 5000 8192 0 1000000000
316 69 16199 5000 8192 0 1000000000
174 31 8579 5000 8192 0 1000000000
221 59 11157 5000 8192 0 1000000000
167 235 8261 5000 8192 0 1000000000
255 144 12988 5000 8192 0 1000000000
276 51 13985 5000 8192 0 1000000000
134 147 6537 5000 8192 0 1000000000
288 71 14725 5000 8192 0 1000000000
285 112 14487 5000 8192 0 1000000000
248 162 12699 5000 8192 0 1000000000
127 147 6200 5000 8192 0 1000000000
4 272 226 5000 8192 0 1000000000
3 314 185 5000 8192 0 1000000000
298 7 15297 5000 8192 0 1000000000
190 53 9405 5000 8192 0 1000000000
181 6 8921 5000 8192 0 1000000000
141 140 6941 5000 8192 0 1000000000
282 114 14408 5000 8192 0 1000000000
22 139 1115 5000 8192 0 1000000000
214 197 10653 5000 8192 0 1000000000
213 211 10632 5000 8192 0 1000000000
167 37 8282 5000 8192 0 1000000000
58 316 2849 5000 8192 0 1000000000
223 104 11233 5000 8192 0 1000000000
175 26 8641 5000 8192 0 1000000000
290 256 14850 5000 8192 0 1000000000
135 203 6616 5000 8192 0 1000000000
62 290 3083 5000 8192 0 1000000000
270 2 13755 5000 8192 0 1000000000
138 60 6784 5000 8192 0 1000000000
289 283 14767 5000 8192 0 1000000000
268 220 13591 5000 8192 0 1000000000
215 304 10751 5000 8192 0 1000000000
258 26 13043 5000 8192 0 1000000000
282 215 14357 5000 8192 0 1000000000
206 25 10246 5000 8192 0 1000000000
216 103 10818 5000 8192 0 1000000000
168 194 8307 5000 8192 0 1000000000
305 196 15572 5000 8192 0 1000000000
37 263 16356 5000 16777216 1 1000000000
35 246 1710 5000 8192 0 1000000000
47 303 2271 5000 8192 0 1000000000
131 84 6491 5000 8192 0 1000000000
224 200 11345 5000 8192 0 1000000000
174 264 8580 5000 8192 0 1000000000
32 129 1627 5000 8192 0 1000000000
121 282 5930 5000 8192 0 1000000000
155 135 7647 5000 8192 0 1000000000
223 285 11263 5000 8192 0 1000000000
209 313 10337 5000 8192 0 1000000000
16 186 826 5000 8192 0 1000000000
165 63 8192 5000 8192 0 1000000000
155 301 7605 5000 8192 0 1000000000
312 82 15973 5000 8192 0 1000000000
57 126 2781 5000 8192 0 1000000000
181 216 8881 5000 8192 0 1000000000
193 162 9516 5000 8192 0 1000000000
258 131 13061 5000 8192 0 1000000000
202 213 9974 5000 8192 0 1000000000
30 157 1530 5000 8192 0 1000000000
9 130 485 5000 8192 0 1000000000
153 76 7544 5000 8192 0 1000000000
318 13 16243 5000 8192 0 1000000000
15 316 708 5000 8192 0 1000000000
276 277 14000 5000 8192 0 1000000000
300 218 15352 5000 8192 0 1000000000
62 12 3112 5000 8192 0 1000000000
65 118 3298 5000 8192 0 1000000000
50 219 2413 5000 8192 0 1000000000
175 242 8616 5000 8192 0 1000000000
38 257 16331 5000 16777216 1 1000000000
185 151 9090 5000 8192 0 1000000000
271 291 13814 5000 8192 0 1000000000
18 236 949 5000 8192 0 1000000000
176 85 8683 5000 8192 0 1000000000
63 250 3171 5000 8192 0 1000000000
161 207 7955 5000 8192 0 1000000000
293 280 15008 5000 8192 0 1000000000
119 310 5848 5000 8192 0 1000000000
9 74 475 5000 8192 0 1000000000
167 188 8249 5000 8192 0 1000000000
138 232 6772 5000 8192 0 1000000000
66 113 3319 5000 8192 0 1000000000
142 45 6990 5000 8192 0 1000000000
140 195 6857 5000 8192 0 1000000000
201 256 9929 5000 8192 0 1000000000
171 5 16436 5000 16777216 1 1000000000
237 18 12021 5000 8192 0 1000000000
159 122 7810 5000 8192 0 1000000000
108 273 5153 5000 8192 0 1000000000
155 137 7604 5000 8192 0 1000000000
55 297 2625 5000 8192 0 1000000000
238 307 12096 5000 8192 0 1000000000
14 219 702 5000 8192 0 1000000000
129 111 6369 5000 8192 0 1000000000
52 317 2504 5000 8192 0 1000000000
214 276 10688 5000 8192 0 1000000000
309 306 15853 5000 8192 0 1000000000
262 116 13301 5000 8192 0 1000000000
14 216 658 5000 8192 0 1000000000
156 257 7657 5000 8192 0 1000000000
102 172 4968 5000 8192 0 1000000000
172 38 8440 5000 8192 0 1000000000
143 242 7025 5000 8192 0 1000000000
127 150 6219 5000 8192 0 1000000000
144 166 7136 5000 8192 0 1000000000
183 298 8951 5000 8192 0 1000000000
269 9 13682 5000 8192 0 1000000000
296 84 15155 5000 8192 0 1000000000
79 1 4017 5000 8192 0 1000000000
107 52 5085 5000 8192 0 1000000000
248 152 12751 5000 8192 0 1000000000
8 208 398 5000 8192 0 1000000000
2 45 95 5000 8192 0 1000000000
83 52 4236 5000 8192 0 1000000000
6 158 265 5000 8192 0 1000000000
164 76 8121 5000 8192 0 1000000000
52 231 2516 5000 8192 0 1000000000
309 138 15833 5000 8192 0 1000000000
232 127 11694 5000 8192 0 1000000000
235 7 11900 5000 8192 0 1000000000
202 300 10004 5000 8192 0 1000000000
8 42 444 5000 8192 0 1000000000
111 213 5315 5000 8192 0 1000000000
50 213 2379 5000 8192 0 1000000000
246 298 12592 5000 8192 0 1000000000
2 181 67 5000 8192 0 1000000000
129 246 6334 5000 8192 0 1000000000
189 199 9339 5000 8192 0 1000000000
216 71 10837 5000 8192 0 1000000000
309 217 15848 5000 8192 0 1000000000
78 236 3921 5000 8192 0 1000000000
243 103 12434 5000 8192 0 1000000000
209 110 10345 5000 8192 0 1000000000
174 71 8605 5000 8192 0 1000000000
173 168 8490 5000 8192 0 1000000000
224 26 11330 5000 8192 0 1000000000
310 265 15907 5000 8192 0 1000000000
262 130 13320 5000 8192 0 1000000000
78 44 3944 5000 8192 0 1000000000
67 60 3444 5000 8192 0 1000000000
266 91 13512 5000 8192 0 1000000000
262 287 13279 5000 8192 0 1000000000
316 54 16139 5000 8192 0 1000000000
92 30 4608 5000 8192 0 1000000000
3 210 129 5000 8192 0 1000000000
64 70 3252 5000 8192 0 1000000000
44 300 2110 5000 8192 0 1000000000
15 195 760 5000 8192 0 1000000000
244 99 12447 5000 8192 0 1000000000
220 299 11040 5000 8192 0 1000000000
78 274 3930 5000 8192 0 1000000000
73 15 3740 5000 8192 0 1000000000
249 145 12797 5000 8192 0 1000000000
137 114 6732 5000 8192 0 1000000000
282 88 14376 5000 8192 0 1000000000
160 215 7847 5000 8192 0 1000000000
191 118 9486 5000 8192 0 1000000000
184 71 9021 5000 8192 0 1000000000
204 102 10115 5000 8192 0 1000000000
149 294 7336 5000 8192 0 1000000000
178 282 8751 5000 8192 0 1000000000
36 40 1767 5000 8192 0 1000000000
214 215 10701 5000 8192 0 1000000000
254 259 12940 5000 8192 0 1000000000
75 221 3813 5000 8192 0 1000000000
229 240 11490 5000 8192 0 1000000000
127 63 6251 5000 8192 0 1000000000
98 317 4810 5000 8192 0 1000000000
36 317 1784 5000 8192 0 1000000000
310 293 15912 5000 8192 0 1000000000
193 290 9563 5000 8192 0 1000000000
181 65 8898 5000 8192 0 1000000000
242 200 12356 5000 8192 0 1000000000
12 310 520 5000 8192 0 1000000000
124 180 6032 5000 8192 0 1000000000
303 271 15460 5000 8192 0 1000000000
244 195 12463 5000 8192 0 1000000000
184 4 9043 5000 8192 0 1000000000
141 307 6893 5000 8192 0 1000000000
125 53 6109 5000 8192 0 1000000000
91 5 4587 5000 8192 0 1000000000
255 128 12980 5000 8192 0 1000000000
197 56 9768 5000 8192 0 1000000000
225 236 11354 5000 8192 0 1000000000
108 15 5163 5000 8192 0 1000000000
238 168 12112 5000 8192 0 1000000000
289 142 14765 5000 8192 0 1000000000
319 286 16285 5000 8192 0 1000000000
216 108 10778 5000 8192 0 1000000000
28 308 1377 5000 8192 0 1000000000
64 237 3195 5000 8192 0 1000000000
225 258 11360 5000 8192 0 1000000000
221 294 11109 5000 8192 0 1000000000
307 256 15703 5000 8192 0 1000000000
142 134 7005 5000 8192 0 1000000000
67 156 3401 5000 8192 0 1000000000
101 245 4874 5000 8192 0 1000000000
143 56 7057 5000 8192 0 1000000000
62 131 3108 5000 8192 0 1000000000
280 197 14249 5000 8192 0 1000000000
95 160 4705 5000 8192 0 1000000000
191 187 9480 5000 8192 0 1000000000
129 153 6380 5000 8192 0 1000000000
143 307 7050 5000 8192 0 1000000000
287 194 14641 5000 8192 0 1000000000
70 226 3635 5000 8192 0 1000000000
188 99 9298 5000 8192 0 1000000000
22 26 1139 5000 8192 0 1000000000
264 159 13339 5000 8192 0 1000000000
178 150 8769 5000 8192 0 1000000000
108 14 5128 5000 8192 0 1000000000
212 168 10571 5000 8192 0 1000000000
47 0 2244 5000 8192 0 1000000000
29 298 1419 5000 8192 0 1000000000
204 267 10087 5000 8192 0 1000000000
101 280 4868 5000 8192 0 1000000000
272 190 13850 5000 8192 0 1000000000
202 197 9991 5000 8192 0 1000000000
66 87 3362 5000 8192 0 1000000000
159 144 7819 5000 8192 0 1000000000
66 32 3336 5000 8192 0 1000000000
42 159 2017 5000 8192 0 1000000000
272 254 13888 5000 8192 0 1000000000
262 280 13321 5000 8192 0 1000000000
268 160 13590 5000 8192 0 1000000000
102 126 4943 5000 8192 0 1000000000
302 212 15382 5000 8192 0 1000000000
27 152 1327 5000 8192 0 1000000000
145 92 7192 5000 8192 0 1000000000
15 167 744 5000 8192 0 1000000000
262 13 13291 5000 8192 0 1000000000
137 211 6742 5000 8192 0 1000000000
65 35 3256 5000 8192 0 1000000000
137 308 6763 5000 8192 0 1000000000
124 104 6013 5000 8192 0 1000000000
17 281 840 5000 8192 0 1000000000
126 288 6152 5000 8192 0 1000000000
16 8 794 5000 8192 0 1000000000
315 127 16110 5000 8192 0 1000000000
66 9 3337 5000 8192 0 1000000000
274 126 13940 5000 8192 0 1000000000
59 285 2920 5000 8192 0 1000000000
124 34 6057 5000 8192 0 1000000000
220 290 11050 5000 8192 0 1000000000
51 6 2472 5000 8192 0 1000000000
188 98 9296 5000 8192 0 1000000000
306 192 15640 5000 8192 0 1000000000
66 4 3328 5000 8192 0 1000000000
203 285 10023 5000 8192 0 1000000000
307 80 15701 5000 8192 0 1000000000
155 239 7627 5000 8192 0 1000000000
169 157 8372 5000 8192 0 1000000000
73 160 3705 5000 8192 0 1000000000
149 111 7342 5000 8192 0 1000000000
85 14 4346 5000 8192 0 1000000000
194 232 9567 5000 8192 0 1000000000
293 254 15031 5000 8192 0 1000000000
287 146 14636 5000 8192 0 1000000000
189 287 9368 5000 8192 0 1000000000
306 296 15661 5000 8192 0 1000000000
306 225 15656 5000 8192 0 1000000000
247 128 12687 5000 8192 0 1000000000
252 9 12855 5000 8192 0 1000000000
50 287 2383 5000 8192 0 1000000000
206 72 10240 5000 8192 0 1000000000
226 66 11472 5000 8192 0 1000000000
136 255 6672 5000 8192 0 1000000000
158 315 7747 5000 8192 0 1000000000
52 19 2524 5000 8192 0 1000000000
247 199 12644 5000 8192 0 1000000000
260 173 13144 5000 8192 0 1000000000
69 248 3544 5000 8192 0 1000000000
68 199 3488 5000 8192 0 1000000000
270 220 13728 5000 8192 0 1000000000
292 84 14979 5000 8192 0 1000000000
201 195 9892 5000 8192 0 1000000000
193 139 9511 5000 8192 0 1000000000
142 240 7010 5000 8192 0 1000000000
113 209 5427 5000 8192 0 1000000000
22 54 1110 5000 8192 0 1000000000
125 45 6123 5000 8192 0 1000000000
237 59 12042 5000 8192 0 1000000000
90 98 4504 5000 8192 0 1000000000
14 165 684 5000 8192 0 1000000000
209 57 10354 5000 8192 0 1000000000
83 294 4232 5000 8192 0 1000000000
163 142 8071 5000 8192 0 1000000000
0 250 54 5000 8192 0 1000000000
316 284 16192 5000 8192 0 1000000000
232 161 11685 5000 8192 0 1000000000
7 44 362 5000 8192 0 1000000000
43 127 2084 5000 8192 0 1000000000
35 125 1669 5000 8192 0 1000000000
97 102 4744 5000 8192 0 1000000000
266 163 13464 5000 8192 0 1000000000
30 184 1517 5000 8192 0 1000000000
241 185 12267 5000 8192 0 1000000000
121 168 5880 5000 8192 0 1000000000
8 166 402 5000 8192 0 1000000000
169 199 8404 5000 8192 0 1000000000
29 293 1439 5000 8192 0 1000000000
85 32 4379 5000 8192 0 1000000000
303 229 15456 5000 8192 0 1000000000
176 180 8694 5000 8192 0 1000000000
282 34 14373 5000 8192 0 1000000000
41 15 1973 5000 8192 0 1000000000
224 246 11332 5000 8192 0 1000000000
300 113 15327 5000 8192 0 1000000000
205 195 10197 5000 8192 0 1000000000
279 35 14180 5000 8192 0 1000000000
67 168 3413 5000 8192 0 1000000000
42 27 2001 5000 8192 0 1000000000
121 90 5922 5000 8192 0 1000000000
233 3 11790 5000 8192 0 1000000000
4 129 221 5000 8192 0 1000000000
116 207 5662 5000 8192 0 1000000000
248 188 12693 5000 8192 0 1000000000
244 261 12465 5000 8192 0 1000000000
219 157 11019 5000 8192 0 1000000000
158 306 7766 5000 8192 0 1000000000
169 212 8359 5000 8192 0 1000000000
185 112 9059 5000 8192 0 1000000000
145 195 7172 5000 8192 0 1000000000
259 214 13124 5000 8192 0 1000000000
30 176 1506 5000 8192 0 1000000000
27 291 1321 5000 8192 0 1000000000
156 130 7670 5000 8192 0 1000000000
81 152 4144 5000 8192 0 1000000000
54 200 2573 5000 8192 0 1000000000
112 23 5399 5000 8192 0 1000000000
62 314 3089 5000 8192 0 1000000000
41 307 1919 5000 8192 0 1000000000
18 252 919 5000 8192 0 1000000000
288 28 14719 5000 8192 0 1000000000
124 212 6059 5000 8192 0 1000000000
271 65 13799 5000 8192 0 1000000000
110 282 5237 5000 8192 0 1000000000
23 143 1196 5000 8192 0 1000000000
121 132 5911 5000 8192 0 1000000000
178 205 8786 5000 8192 0 1000000000
47 58 2295 5000 8192 0 1000000000
225 83 11362 5000 8192 0 1000000000
125 251 6070 5000 8192 0 1000000000
4 273 216 5000 8192 0 1000000000
61 125 3012 5000 8192 0 1000000000
71 66 3666 5000 8192 0 1000000000
108 166 5157 5000 8192 0 1000000000
116 84 5644 5000 8192 0 1000000000
56 101 2684 5000 8192 0 1000000000
148 168 7282 5000 8192 0 1000000000
0 125 44 5000 8192 0 1000000000
252 212 12846 5000 8192 0 1000000000
111 250 5334 5000 8192 0 1000000000
165 20 8215 5000 8192 0 1000000000
56 307 2697 5000 8192 0 1000000000
169 300 8365 5000 8192 0 1000000000
55 256 2621 5000 8192 0 1000000000
128 174 6272 5000 8192 0 1000000000
8 121 400 5000 8192 0 1000000000
104 245 5038 5000 8192 0 1000000000
307 305 15720 5000 8192 0 1000000000
60 203 2949 5000 8192 0 1000000000
92 280 4633 5000 8192 0 1000000000
181 134 8880 5000 8192 0 1000000000
0 99 4 5000 8192 0 1000000000
248 32 12695 5000 8192 0 1000000000
168 235 8323 5000 8192 0 1000000000
181 217 8883 5000 8192 0 1000000000
289 189 14794 5000 8192 0 1000000000
67 130 3437 5000 8192 0 1000000000
319 119 16315 5000 8192 0 1000000000
101 200 4896 5000 8192 0 1000000000
177 170 16347 5000 16777216 1 1000000000
163 164 8044 5000 8192 0 1000000000
308 35 15785 5000 8192 0 1000000000
112 209 5371 5000 8192 0 1000000000
183 65 8937 5000 8192 0 1000000000
206 120 10211 5000 8192 0 1000000000
287 28 14665 5000 8192 0 1000000000
41 156 1938 5000 8192 0 1000000000
276 202 13997 5000 8192 0 1000000000
288 217 14699 5000 8192 0 1000000000
16 78 819 5000 8192 0 1000000000
258 253 13027 5000 8192 0 1000000000
209 223 10332 5000 8192 0 1000000000
295 315 15092 5000 8192 0 1000000000
110 318 5254 5000 8192 0 1000000000
16 123 783 5000 8192 0 1000000000
246 30 12582 5000 8192 0 1000000000
223 165 11234 5000 8192 0 1000000000
2 14 72 5000 8192 0 1000000000
62 319 3082 5000 8192 0 1000000000
40 37 1861 5000 8192 0 1000000000
124 21 6035 5000 8192 0 1000000000
84 168 4308 5000 8192 0 1000000000
142 221 6971 5000 8192 0 1000000000
152 200 7463 5000 8192 0 1000000000
274 48 13907 5000 8192 0 1000000000
55 232 2619 5000 8192 0 1000000000
8 51 387 5000 8192 0 1000000000
191 73 9453 5000 8192 0 1000000000
176 97 8680 5000 8192 0 1000000000
215 77 10730 5000 8192 0 1000000000
162 310 8005 5000 8192 0 1000000000
43 221 2073 5000 8192 0 1000000000
4 85 242 5000 8192 0 1000000000
156 51 7699 5000 8192 0 1000000000
84 212 4306 5000 8192 0 1000000000
18 63 946 5000 8192 0 1000000000
79 17 3975 5000 8192 0 1000000000
265 36 13459 5000 8192 0 1000000000
185 158 9085 5000 8192 0 1000000000
241 5 12249 5000 8192 0 1000000000
108 299 5160 5000 8192 0 1000000000
268 38 13605 5000 8192 0 1000000000
210 24 10412 5000 8192 0 1000000000
17 10 835 5000 8192 0 1000000000
202 223 10005 5000 8192 0 1000000000
284 272 14477 5000 8192 0 1000000000
304 96 15535 5000 8192 0 1000000000
92 27 4631 5000 8192 0 1000000000
95 151 4664 5000 8192 0 1000000000
2 41 88 5000 8192 0 1000000000
258 63 13055 5000 8192 0 1000000000
206 196 10221 5000 8192 0 1000000000
125 298 6111 5000 8192 0 1000000000
156 294 7706 5000 8192 0 1000000000
79 10 4014 5000 8192 0 1000000000
222 135 11195 5000 8192 0 1000000000
274 15 13912 5000 8192 0 1000000000
278 0 14127 5000 8192 0 1000000000
188 61 9261 5000 8192 0 1000000000
298 273 15304 5000 8192 0 1000000000
128 173 6289 5000 8192 0 1000000000
13 261 626 5000 8192 0 1000000000
306 221 15630 5000 8192 0 1000000000
164 180 8135 5000 8192 0 1000000000
208 285 10301 5000 8192 0 1000000000
274 244 13969 5000 8192 0 1000000000
225 307 11409 5000 8192 0 1000000000
202 158 9982 5000 8192 0 1000000000
178 5 8744 5000 8192 0 1000000000
231 246 11615 5000 8192 0 1000000000
0 77 22 5000 8192 0 1000000000
138 23 6785 5000 8192 0 1000000000
232 192 11708 5000 8192 0 1000000000
214 306 10652 5000 8192 0 1000000000
269 192 13706 5000 8192 0 1000000000
108 44 5132 5000 8192 0 1000000000
262 142 13303 5000 8192 0 1000000000
229 228 11495 5000 8192 0 1000000000
71 27 3689 5000 8192 0 1000000000
318 112 16211 5000 8192 0 1000000000
143 111 7055 5000 8192 0 1000000000
91 78 4533 5000 8192 0 1000000000
2 38 96 5000 8192 0 1000000000
243 53 12394 5000 8192 0 1000000000
9 87 448 5000 8192 0 1000000000
75 91 3792 5000 8192 0 1000000000
187 194 9234 5000 8192 0 1000000000
254 24 12945 5000 8192 0 1000000000
261 35 13255 5000 8192 0 1000000000
243 294 12374 5000 8192 0 1000000000
231 175 11658 5000 8192 0 1000000000
274 96 13954 5000 8192 0 1000000000
78 263 3947 5000 8192 0 1000000000
95 49 4706 5000 8192 0 1000000000
172 90 8443 5000 8192 0 1000000000
98 212 4799 5000 8192 0 1000000000
179 123 8846 5000 8192 0 1000000000
110 63 5286 5000 8192 0 1000000000
129 267 6382 5000 8192 0 1000000000
307 209 15718 5000 8192 0 1000000000
2 243 74 5000 8192 0 1000000000
211 197 10482 5000 8192 0 1000000000
17 125 834 5000 8192 0 1000000000
18 274 917 5000 8192 0 1000000000
242 118 12365 5000 8192 0 1000000000
41 279 1922 5000 8192 0 1000000000
287 280 14616 5000 8192 0 1000000000
95 153 4711 5000 8192 0 1000000000
286 223 14562 5000 8192 0 1000000000
210 111 10421 5000 8192 0 1000000000
65 155 3279 5000 8192 0 1000000000
292 113 14988 5000 8192 0 1000000000
178 210 8779 5000 8192 0 1000000000
270 213 13765 5000 8192 0 1000000000
264 253 13390 5000 8192 0 1000000000
31 289 1588 5000 8192 0 1000000000
292 175 14932 5000 8192 0 1000000000
164 255 8160 5000 8192 0 1000000000
186 262 9157 5000 8192 0 1000000000
278 261 14125 5000 8192 0 1000000000
213 98 10641 5000 8192 0 1000000000
290 110 14845 5000 8192 0 1000000000
266 144 13474 5000 8192 0 1000000000
66 147 3348 5000 8192 0 1000000000
265 229 13425 5000 8192 0 1000000000
153 169 7588 5000 8192 0 1000000000
298 148 15261 5000 8192 0 1000000000
259 225 13120 5000 8192 0 1000000000
186 304 9162 5000 8192 0 1000000000
145 13 7196 5000 8192 0 1000000000
203 283 10036 5000 8192 0 1000000000
6 317 301 5000 8192 0 1000000000
85 39 4395 5000 8192 0 1000000000
203 278 10068 5000 8192 0 1000000000
129 75 6345 5000 8192 0 1000000000
7 49 322 5000 8192 0 1000000000
292 201 14971 5000 8192 0 1000000000
25 200 16381 5000 16777216 1 1000000000
260 301 13191 5000 8192 0 1000000000
15 277 754 5000 8192 0 1000000000
121 2 5892 5000 8192 0 1000000000
90 236 4521 5000 8192 0 1000000000
281 100 14305 5000 8192 0 1000000000
111 253 5345 5000 8192 0 1000000000
59 62 2913 5000 8192 0 1000000000
51 303 2428 5000 8192 0 1000000000
204 198 10139 5000 8192 0 1000000000
20 248 994 5000 8192 0 1000000000
261 225 13261 5000 8192 0 1000000000
50 104 2365 5000 8192 0 1000000000
296 144 15174 5000 8192 0 1000000000
62 309 3081 5000 8192 0 1000000000
162 29 7999 5000 8192 0 1000000000
169 42 8413 5000 8192 0 1000000000
126 289 6156 5000 8192 0 1000000000
278 21 14119 5000 8192 0 1000000000
79 32 3990 5000 8192 0 1000000000
121 23 5895 5000 8192 0 1000000000
249 7 12789 5000 8192 0 1000000000
45 255 2176 5000 8192 0 1000000000
17 91 891 5000 8192 0 1000000000
276 269 14023 5000 8192 0 1000000000
129 115 6321 5000 8192 0 1000000000
63 317 3160 5000 8192 0 1000000000
306 59 15686 5000 8192 0 1000000000
281 81 14311 5000 8192 0 1000000000
296 58 15134 5000 8192 0 1000000000
131 12 6498 5000 8192 0 1000000000
277 252 14085 5000 8192 0 1000000000
181 229 8876 5000 8192 0 1000000000
117 75 5689 5000 8192 0 1000000000
260 20 13193 5000 8192 0 1000000000
281 260 14352 5000 8192 0 1000000000
136 9 6650 5000 8192 0 1000000000
190 80 9381 5000 8192 0 1000000000
51 80 2486 5000 8192 0 1000000000
138 313 6773 5000 8192 0 1000000000
230 73 11556 5000 8192 0 1000000000
144 319 7137 5000 8192 0 1000000000
24 23 1260 5000 8192 0 1000000000
242 239 12342 5000 8192 0 1000000000
127 176 6207 5000 8192 0 1000000000
288 13 14730 5000 8192 0 1000000000
145 183 7179 5000 8192 0 1000000000
304 27 15534 5000 8192 0 1000000000
42 251 2020 5000 8192 0 1000000000
109 181 5211 5000 8192 0 1000000000
36 39 1731 5000 8192 0 1000000000
206 18 10204 5000 8192 0 1000000000
284 249 14466 5000 8192 0 1000000000
285 79 14500 5000 8192 0 1000000000
118 308 5763 5000 8192 0 1000000000
205 314 10143 5000 8192 0 1000000000
114 118 5523 5000 8192 0 1000000000
297 62 15190 5000 8192 0 1000000000
125 166 6090 5000 8192 0 1000000000
289 235 14771 5000 8192 0 1000000000
180 317 16432 5000 16777216 1 1000000000
20 205 1021 5000 8192 0 1000000000
152 97 7499 5000 8192 0 1000000000
78 256 3948 5000 8192 0 1000000000
233 301 11769 5000 8192 0 1000000000
134 302 6525 5000 8192 0 1000000000
214 46 10712 5000 8192 0 1000000000
237 6 12046 5000 8192 0 1000000000
16 100 775 5000 8192 0 1000000000
233 191 11759 5000 8192 0 1000000000
57 31 2760 5000 8192 0 1000000000
213 276 10633 5000 8192 0 1000000000
281 311 14336 5000 8192 0 1000000000
135 300 6610 5000 8192 0 1000000000
274 249 13925 5000 8192 0 1000000000
22 78 1145 5000 8192 0 1000000000
255 249 12979 5000 8192 0 1000000000
13 169 631 5000 8192 0 1000000000
216 131 10784 5000 8192 0 1000000000
319 73 16276 5000 8192 0 1000000000
163 275 8043 5000 8192 0 1000000000
119 122 5861 5000 8192 0 1000000000
51 52 2437 5000 8192 0 1000000000
13 206 628 5000 8192 0 1000000000
179 257 8843 5000 8192 0 1000000000
186 293 9165 5000 8192 0 1000000000
277 237 14086 5000 8192 0 1000000000
4 232 239 5000 8192 0 1000000000
239 290 12174 5000 8192 0 1000000000
31 280 1574 5000 8192 0 1000000000
138 289 6799 5000 8192 0 1000000000
69 108 3542 5000 8192 0 1000000000
176 1 8719 5000 8192 0 1000000000
20 249 997 5000 8192 0 1000000000
44 302 2115 5000 8192 0 1000000000
258 168 13068 5000 8192 0 1000000000
135 221 6636 5000 8192 0 1000000000
243 162 12376 5000 8192 0 1000000000
115 80 5608 5000 8192 0 1000000000
56 316 2707 5000 8192 0 1000000000
247 123 12685 5000 8192 0 1000000000
306 216 15647 5000 8192 0 1000000000
59 123 2890 5000 8192 0 1000000000
30 135 1485 5000 8192 0 1000000000
304 8 15519 5000 8192 0 1000000000
179 53 8840 5000 8192 0 1000000000
278 130 14100 5000 8192 0 1000000000
178 64 8740 5000 8192 0 1000000000
272 263 13884 5000 8192 0 1000000000
237 105 12035 5000 8192 0 1000000000
195 316 9682 5000 8192 0 1000000000
130 172 6408 5000 8192 0 1000000000
247 96 12669 5000 8192 0 1000000000
282 79 14390 5000 8192 0 1000000000
208 203 10290 5000 8192 0 1000000000
155 95 7624 5000 8192 0 1000000000
303 106 15474 5000 8192 0 1000000000
95 187 4696 5000 8192 0 1000000000
261 34 13241 5000 8192 0 1000000000
85 7 4385 5000 8192 0 1000000000
261 51 13245 5000 8192 0 1000000000
194 15 9569 5000 8192 0 1000000000
196 99 9716 5000 8192 0 1000000000
116 202 5658 5000 8192 0 1000000000
15 94 737 5000 8192 0 1000000000
246 27 12622 5000 8192 0 1000000000
223 245 11256 5000 8192 0 1000000000
57 293 2795 5000 8192 0 1000000000
310 136 15932 5000 8192 0 1000000000
191 309 9441 5000 8192 0 1000000000
221 313 11107 5000 8192 0 1000000000
316 273 16200 5000 8192 0 1000000000
287 103 14669 5000 8192 0 1000000000
17 266 892 5000 8192 0 1000000000
223 153 11275 5000 8192 0 1000000000
252 54 12864 5000 8192 0 1000000000
92 298 4594 5000 8192 0 1000000000
292 45 14936 5000 8192 0 1000000000
155 5 7600 5000 8192 0 1000000000
267 279 13579 5000 8192 0 1000000000
141 126 6928 5000 8192 0 1000000000
64 295 3216 5000 8192 0 1000000000
71 198 3639 5000 8192 0 1000000000
178 100 8762 5000 8192 0 1000000000
161 295 7951 5000 8192 0 1000000000
205 21 10194 5000 8192 0 1000000000
123 85 5957 5000 8192 0 1000000000
240 288 12212 5000 8192 0 1000000000
59 311 2896 5000 8192 0 1000000000
150 144 7414 5000 8192 0 1000000000
54 153 2596 5000 8192 0 1000000000
123 62 5938 5000 8192 0 1000000000
39 293 1815 5000 8192 0 1000000000
51 127 2475 5000 8192 0 1000000000
258 64 13035 5000 8192 0 1000000000
196 276 9698 5000 8192 0 1000000000
210 256 10406 5000 8192 0 1000000000
3 249 175 5000 8192 0 1000000000
66 1 3364 5000 8192 0 1000000000
83 311 4243 5000 8192 0 1000000000
41 121 1923 5000 8192 0 1000000000
278 131 14158 5000 8192 0 1000000000
194 77 9605 5000 8192 0 1000000000
101 115 4906 5000 8192 0 1000000000
75 310 3811 5000 8192 0 1000000000
244 10 12448 5000 8192 0 1000000000
185 264 9065 5000 8192 0 1000000000
59 225 2898 5000 8192 0 1000000000
267 254 13560 5000 8192 0 1000000000
259 112 13081 5000 8192 0 1000000000
306 77 15669 5000 8192 0 1000000000
235 198 11897 5000 8192 0 1000000000
201 40 9898 5000 8192 0 1000000000
30 26 1513 5000 8192 0 1000000000
223 207 11274 5000 8192 0 1000000000
44 275 2151 5000 8192 0 1000000000
162 35 7998 5000 8192 0 1000000000
303 151 15484 5000 8192 0 1000000000
144 5 7102 5000 8192 0 1000000000
15 74 750 5000 8192 0 1000000000
259 98 13094 5000 8192 0 1000000000
160 151 7901 5000 8192 0 1000000000
161 56 7917 5000 8192 0 1000000000
307 105 15741 5000 8192 0 1000000000
142 103 7011 5000 8192 0 1000000000
206 152 10243 5000 8192 0 1000000000
176 284 8675 5000 8192 0 1000000000
317 299 16429 5000 16777216 1 1000000000
145 79 7157 5000 8192 0 1000000000
152 188 7481 5000 8192 0 1000000000
123 308 5941 5000 8192 0 1000000000
124 112 6025 5000 8192 0 1000000000
92 235 4653 5000 8192 0 1000000000
168 96 8306 5000 8192 0 1000000000
59 52 2934 5000 8192 0 1000000000
81 84 4103 5000 8192 0 1000000000
185 269 9071 5000 8192 0 1000000000
158 64 7754 5000 8192 0 1000000000
292 70 14952 5000 8192 0 1000000000
149 19 7353 5000 8192 0 1000000000
288 8 14732 5000 8192 0 1000000000
2 305 90 5000 8192 0 1000000000
2 241 98 5000 8192 0 1000000000
284 158 14428 5000 8192 0 1000000000
178 72 8797 5000 8192 0 1000000000
239 177 12167 5000 8192 0 1000000000
231 113 11639 5000 8192 0 1000000000
39 259 1817 5000 8192 0 1000000000
243 18 12416 5000 8192 0 1000000000
117 226 5700 5000 8192 0 1000000000
152 88 7491 5000 8192 0 1000000000
318 39 16255 5000 8192 0 1000000000
268 81 13627 5000 8192 0 1000000000
223 257 11270 5000 8192 0 1000000000
27 311 1317 5000 8192 0 1000000000
4 192 228 5000 8192 0 1000000000
144 60 7085 5000 8192 0 1000000000
164 66 8099 5000 8192 0 1000000000
258 290 13051 5000 8192 0 1000000000
9 286 480 5000 8192 0 1000000000
13 113 619 5000 8192 0 1000000000
110 251 5283 5000 8192 0 1000000000
28 281 1369 5000 8192 0 1000000000
252 38 12836 5000 8192 0 1000000000
152 145 7521 5000 8192 0 1000000000
279 153 14182 5000 8192 0 1000000000
42 64 1991 5000 8192 0 1000000000
81 227 4122 5000 8192 0 1000000000
108 217 5127 5000 8192 0 1000000000
16 283 777 5000 8192 0 1000000000
222 173 11194 5000 8192 0 1000000000
35 212 1717 5000 8192 0 1000000000
238 259 12079 5000 8192 0 1000000000
137 157 6736 5000 8192 0 1000000000
130 261 6414 5000 8192 0 1000000000
156 1 7660 5000 8192 0 1000000000
254 177 12892 5000 8192 0 1000000000
214 202 10659 5000 8192 0 1000000000
241 102 12260 5000 8192 0 1000000000
197 142 9765 5000 8192 0 1000000000
71 149 3697 5000 8192 0 1000000000
298 250 15269 5000 8192 0 1000000000
219 290 11006 5000 8192 0 1000000000
52 114 2526 5000 8192 0 1000000000
158 104 7740 5000 8192 0 1000000000
191 55 9450 5000 8192 0 1000000000
121 158 5898 5000 8192 0 1000000000
142 317 6979 5000 8192 0 1000000000
70 263 3604 5000 8192 0 1000000000
84 184 4337 5000 8192 0 1000000000
289 256 14774 5000 8192 0 1000000000
24 247 1275 5000 8192 0 1000000000
178 17 8764 5000 8192 0 1000000000
143 93 7032 5000 8192 0 1000000000
15 57 723 5000 8192 0 1000000000
3 209 174 5000 8192 0 1000000000
214 104 10705 5000 8192 0 1000000000
145 83 7195 5000 8192 0 1000000000
27 202 1288 5000 8192 0 1000000000
179 125 8831 5000 8192 0 1000000000
216 247 10805 5000 8192 0 1000000000
128 67 6262 5000 8192 0 1000000000
309 109 15843 5000 8192 0 1000000000
2 179 92 5000 8192 0 1000000000
307 162 15723 5000 8192 0 1000000000
290 264 14853 5000 8192 0 1000000000
281 31 14322 5000 8192 0 1000000000
51 281 2456 5000 8192 0 1000000000
98 35 4831 5000 8192 0 1000000000
40 93 1908 5000 8192 0 1000000000
167 166 8273 5000 8192 0 1000000000
217 6 10901 5000 8192 0 1000000000
187 70 9232 5000 8192 0 1000000000
235 286 11889 5000 8192 0 1000000000
137 54 6734 5000 8192 0 1000000000
21 125 1029 5000 8192 0 1000000000
82 107 4175 5000 8192 0 1000000000
49 9 2343 5000 8192 0 1000000000
98 59 4806 5000 8192 0 1000000000
15 61 705 5000 8192 0 1000000000
148 294 7279 5000 8192 0 1000000000
304 278 15522 5000 8192 0 1000000000
313 175 16032 5000 8192 0 1000000000
282 43 14382 5000 8192 0 1000000000
81 58 4130 5000 8192 0 1000000000
169 268 8354 5000 8192 0 1000000000
137 38 6730 5000 8192 0 1000000000
59 199 2897 5000 8192 0 1000000000
284 206 14451 5000 8192 0 1000000000
247 98 12631 5000 8192 0 1000000000
138 81 6801 5000 8192 0 1000000000
216 150 10780 5000 8192 0 1000000000
169 47 8386 5000 8192 0 1000000000
88 275 16374 5000 16777216 1 1000000000
145 180 7181 5000 8192 0 1000000000
73 240 3725 5000 8192 0 1000000000
42 312 2030 5000 8192 0 1000000000
265 0 13421 5000 8192 0 1000000000
112 110 5381 5000 8192 0 1000000000
21 235 1062 5000 8192 0 1000000000
15 313 715 5000 8192 0 1000000000
272 185 13895 5000 8192 0 1000000000
116 286 5678 5000 8192 0 1000000000
226 53 11469 5000 8192 0 1000000000
20 176 993 5000 8192 0 1000000000
179 162 8828 5000 8192 0 1000000000
176 281 8685 5000 8192 0 1000000000
6 283 308 5000 8192 0 1000000000
208 54 10309 5000 8192 0 1000000000
255 85 12960 5000 8192 0 1000000000
163 251 8089 5000 8192 0 1000000000
135 105 6626 5000 8192 0 1000000000
241 215 12268 5000 8192 0 1000000000
50 222 2375 5000 8192 0 1000000000
245 181 12547 5000 8192 0 1000000000
83 24 4270 5000 8192 0 1000000000
296 10 15145 5000 8192 0 1000000000
206 46 10226 5000 8192 0 1000000000
47 28 2252 5000 8192 0 1000000000
240 271 12233 5000 8192 0 1000000000
91 116 4572 5000 8192 0 1000000000
290 208 14847 5000 8192 0 1000000000
101 253 4899 5000 8192 0 1000000000
289 100 14784 5000 8192 0 1000000000
30 22 1498 5000 8192 0 1000000000
97 148 4747 5000 8192 0 1000000000
237 65 12028 5000 8192 0 1000000000
308 215 15779 5000 8192 0 1000000000
84 297 4304 5000 8192 0 1000000000
15 266 765 5000 8192 0 1000000000
285 249 14543 5000 8192 0 1000000000
111 149 5343 5000 8192 0 1000000000
274 49 13931 5000 8192 0 1000000000
127 23 6250 5000 8192 0 1000000000
183 300 8986 5000 8192 0 1000000000
238 251 12092 5000 8192 0 1000000000
163 262 8060 5000 8192 0 1000000000
135 1 6579 5000 8192 0 1000000000
57 113 2792 5000 8192 0 1000000000
186 212 9121 5000 8192 0 1000000000
14 257 689 5000 8192 0 1000000000
162 188 8030 5000 8192 0 1000000000
291 30 14918 5000 8192 0 1000000000
118 7 5802 5000 8192 0 1000000000
112 255 5412 5000 8192 0 1000000000
278 301 14137 5000 8192 0 1000000000
252 251 12873 5000 8192 0 1000000000
219 39 10997 5000 8192 0 1000000000
165 90 8180 5000 8192 0 1000000000
188 177 9299 5000 8192 0 1000000000
24 165 1240 5000 8192 0 1000000000
304 143 15520 5000 8192 0 1000000000
7 189 346 5000 8192 0 1000000000
185 254 9116 5000 8192 0 1000000000
124 197 6048 5000 8192 0 1000000000
18 155 910 5000 8192 0 1000000000
128 174 6270 5000 8192 0 1000000000
31 114 1592 5000 8192 0 1000000000
254 130 12923 5000 8192 0 1000000000
267 225 13556 5000 8192 0 1000000000
186 192 9144 5000 8192 0 1000000000
187 138 9204 5000 8192 0 1000000000
102 47 4917 5000 8192 0 1000000000
40 144 1898 5000 8192 0 1000000000
255 299 12998 5000 8192 0 1000000000
39 238 1792 5000 8192 0 1000000000
165 296 8176 5000 8192 0 1000000000
248 223 12734 5000 8192 0 1000000000
165 110 8170 5000 8192 0 1000000000
54 127 2611 5000 8192 0 1000000000
173 90 8491 5000 8192 0 1000000000
238 101 12104 5000 8192 0 1000000000
36 290 1735 5000 8192 0 1000000000
282 313 14415 5000 8192 0 1000000000
83 253 4225 5000 8192 0 1000000000
276 233 13972 5000 8192 0 1000000000
114 204 5530 5000 8192 0 1000000000
163 60 8062 5000 8192 0 1000000000
244 122 12454 5000 8192 0 1000000000
236 292 11943 5000 8192 0 1000000000
251 180 16345 5000 16777216 1 1000000000
39 87 1797 5000 8192 0 1000000000
243 153 12401 5000 8192 0 1000000000
138 224 6800 5000 8192 0 1000000000
165 57 8196 5000 8192 0 1000000000
224 88 11342 5000 8192 0 1000000000
240 196 12226 5000 8192 0 1000000000
217 13 10862 5000 8192 0 1000000000
84 128 4317 5000 8192 0 1000000000
282 147 14365 5000 8192 0 1000000000
195 155 9678 5000 8192 0 1000000000
129 155 6338 5000 8192 0 1000000000
18 123 933 5000 8192 0 1000000000
243 85 12405 5000 8192 0 1000000000
84 216 4276 5000 8192 0 1000000000
279 128 14171 5000 8192 0 1000000000
134 241 6566 5000 8192 0 1000000000
107 91 5073 5000 8192 0 1000000000
60 306 2941 5000 8192 0 1000000000
57 265 2772 5000 8192 0 1000000000
90 124 4479 5000 8192 0 1000000000
270 291 13720 5000 8192 0 1000000000
3 238 135 5000 8192 0 1000000000
117 8 5734 5000 8192 0 1000000000
158 142 7737 5000 8192 0 1000000000
109 292 5191 5000 8192 0 1000000000
51 18 2453 5000 8192 0 1000000000
126 302 6161 5000 8192 0 1000000000
113 45 5445 5000 8192 0 1000000000
286 247 14598 5000 8192 0 1000000000
271 197 13807 5000 8192 0 1000000000
167 306 8232 5000 8192 0 1000000000
292 11 14955 5000 8192 0 1000000000
82 295 4206 5000 8192 0 1000000000
171 100 16438 5000 16777216 1 1000000000
272 68 13883 5000 8192 0 1000000000
16 293 815 5000 8192 0 1000000000
140 281 6835 5000 8192 0 1000000000
145 27 7161 5000 8192 0 1000000000
201 81 9945 5000 8192 0 1000000000
161 121 7942 5000 8192 0 1000000000
164 53 8101 5000 8192 0 1000000000
243 21 12397 5000 8192 0 1000000000
297 106 15187 5000 8192 0 1000000000
258 36 13053 5000 8192 0 1000000000
90 3 4490 5000 8192 0 1000000000
278 263 14130 5000 8192 0 1000000000
229 42 11515 5000 8192 0 1000000000
286 199 14561 5000 8192 0 1000000000
259 3 13089 5000 8192 0 1000000000
62 28 3122 5000 8192 0 1000000000
249 263 12788 5000 8192 0 1000000000
198 170 9838 5000 8192 0 1000000000
136 270 6656 5000 8192 0 1000000000
160 169 7896 5000 8192 0 1000000000
51 269 2476 5000 8192 0 1000000000
268 243 13608 5000 8192 0 1000000000
18 314 953 5000 8192 0 1000000000
136 173 6660 5000 8192 0 1000000000
208 89 10276 5000 8192 0 1000000000
262 252 13316 5000 8192 0 1000000000
295 288 15090 5000 8192 0 1000000000
287 141 14652 5000 8192 0 1000000000
292 44 14931 5000 8192 0 1000000000
203 293 10015 5000 8192 0 1000000000
112 9 5374 5000 8192 0 1000000000
303 32 15463 5000 8192 0 1000000000
190 71 9375 5000 8192 0 1000000000
39 317 1844 5000 8192 0 1000000000
230 306 11596 5000 8192 0 1000000000
22 262 1148 5000 8192 0 1000000000
295 189 15118 5000 8192 0 1000000000
79 38 3972 5000 8192 0 1000000000
240 167 12229 5000 8192 0 1000000000
109 132 5175 5000 8192 0 1000000000
287 114 14651 5000 8192 0 1000000000
28 174 1359 5000 8192 0 1000000000
17 246 862 5000 8192 0 1000000000
115 106 5554 5000 8192 0 1000000000
102 127 4962 5000 8192 0 1000000000
306 62 15678 5000 8192 0 1000000000
12 104 534 5000 8192 0 1000000000
252 38 12881 5000 8192 0 1000000000
9 147 507 5000 8192 0 1000000000
276 95 13983 5000 8192 0 1000000000
231 234 11653 5000 8192 0 1000000000
186 237 9128 5000 8192 0 1000000000
268 44 13600 5000 8192 0 1000000000
21 9 1051 5000 8192 0 1000000000
312 123 15975 5000 8192 0 1000000000
158 114 7717 5000 8192 0 1000000000
267 300 13577 5000 8192 0 1000000000
91 175 4535 5000 8192 0 1000000000
269 263 13674 5000 8192 0 1000000000
14 118 679 5000 8192 0 1000000000
234 257 11828 5000 8192 0 1000000000
181 94 8889 5000 8192 0 1000000000
115 197 5594 5000 8192 0 1000000000
81 117 4089 5000 8192 0 1000000000
87 146 4438 5000 8192 0 1000000000
305 95 15567 5000 8192 0 1000000000
28 167 1393 5000 8192 0 1000000000
276 257 14012 5000 8192 0 1000000000
108 118 5130 5000 8192 0 1000000000
214 279 10655 5000 8192 0 1000000000
293 18 15001 5000 8192 0 1000000000
57 52 2803 5000 8192 0 1000000000
17 258 869 5000 8192 0 1000000000
135 68 6601 5000 8192 0 1000000000
296 285 15181 5000 8192 0 1000000000
319 12 16305 5000 8192 0 1000000000
196 229 9725 5000 8192 0 1000000000
224 40 11346 5000 8192 0 1000000000
272 240 13869 5000 8192 0 1000000000
87 299 4423 5000 8192 0 1000000000
113 5 5483 5000 8192 0 1000000000
127 304 6247 5000 8192 0 1000000000
174 120 8589 5000 8192 0 1000000000
67 237 3420 5000 8192 0 1000000000
24 121 1268 5000 8192 0 1000000000
138 3 6815 5000 8192 0 1000000000
0 75 2 5000 8192 0 1000000000
4 8 255 5000 8192 0 1000000000
84 219 4278 5000 8192 0 1000000000
288 268 14688 5000 8192 0 1000000000
221 317 11097 5000 8192 0 1000000000
235 215 11895 5000 8192 0 1000000000
304 135 15554 5000 8192 0 1000000000
54 309 2610 5000 8192 0 1000000000
311 228 16446 5000 16777216 1 1000000000
312 94 15977 5000 8192 0 1000000000
54 97 2590 5000 8192 0 1000000000
276 129 13973 5000 8192 0 1000000000
204 311 10103 5000 8192 0 1000000000
184 116 9038 5000 8192 0 1000000000
259 285 13090 5000 8192 0 1000000000
267 209 13551 5000 8192 0 1000000000
24 239 1258 5000 8192 0 1000000000
54 298 2564 5000 8192 0 1000000000
138 231 6779 5000 8192 0 1000000000
58 87 2815 5000 8192 0 1000000000
188 159 9269 5000 8192 0 1000000000
97 88 4742 5000 8192 0 1000000000
303 272 15468 5000 8192 0 1000000000
284 77 14437 5000 8192 0 1000000000
216 104 10823 5000 8192 0 1000000000
316 202 16168 5000 8192 0 1000000000
2 152 94 5000 8192 0 1000000000
281 93 14332 5000 8192 0 1000000000
285 248 14511 5000 8192 0 1000000000
313 1 16039 5000 8192 0 1000000000
28 292 1367 5000 8192 0 1000000000
15 225 726 5000 8192 0 1000000000
216 59 10797 5000 8192 0 1000000000
209 128 10382 5000 8192 0 1000000000
262 149 13293 5000 8192 0 1000000000
160 186 7882 5000 8192 0 1000000000
197 162 9758 5000 8192 0 1000000000
269 139 13662 5000 8192 0 1000000000
76 143 3868 5000 8192 0 1000000000
309 49 15842 5000 8192 0 1000000000
150 95 7425 5000 8192 0 1000000000
68 182 3492 5000 8192 0 1000000000
148 58 7296 5000 8192 0 1000000000
316 118 16195 5000 8192 0 1000000000
226 142 11473 5000 8192 0 1000000000
298 63 15291 5000 8192 0 1000000000
230 113 11562 5000 8192 0 1000000000
35 203 1699 5000 8192 0 1000000000
303 87 15462 5000 8192 0 1000000000
61 269 3030 5000 8192 0 1000000000
2 182 112 5000 8192 0 1000000000
75 106 3822 5000 8192 0 1000000000
165 31 8187 5000 8192 0 1000000000
259 76 13139 5000 8192 0 1000000000
9 99 455 5000 8192 0 1000000000
305 97 15591 5000 8192 0 1000000000
138 198 6797 5000 8192 0 1000000000
121 231 5890 5000 8192 0 1000000000
149 319 7390 5000 8192 0 1000000000
305 118 15583 5000 8192 0 1000000000
290 43 14831 5000 8192 0 1000000000
30 247 1512 5000 8192 0 1000000000
62 198 3123 5000 8192 0 1000000000
188 16 9294 5000 8192 0 1000000000
90 130 4510 5000 8192 0 1000000000
153 222 7556 5000 8192 0 1000000000
225 202 11356 5000 8192 0 1000000000
217 96 10881 5000 8192 0 1000000000
21 203 1075 5000 8192 0 1000000000
232 146 11729 5000 8192 0 1000000000
226 52 11426 5000 8192 0 1000000000
234 147 11861 5000 8192 0 1000000000
15 245 759 5000 8192 0 1000000000
225 126 11378 5000 8192 0 1000000000
18 26 943 5000 8192 0 1000000000
159 227 7818 5000 8192 0 1000000000
70 218 3587 5000 8192 0 1000000000
262 252 13314 5000 8192 0 1000000000
30 111 1502 5000 8192 0 1000000000
281 93 14341 5000 8192 0 1000000000
306 76 15637 5000 8192 0 1000000000
71 65 3691 5000 8192 0 1000000000
271 128 13818 5000 8192 0 1000000000
147 67 7257 5000 8192 0 1000000000
310 167 15908 5000 8192 0 1000000000
124 276 6052 5000 8192 0 1000000000
102 267 4951 5000 8192 0 1000000000
169 51 8375 5000 8192 0 1000000000
111 42 5297 5000 8192 0 1000000000
233 128 11785 5000 8192 0 1000000000
40 61 1865 5000 8192 0 1000000000
284 173 14455 5000 8192 0 1000000000
9 169 498 5000 8192 0 1000000000
27 168 1302 5000 8192 0 1000000000
217 82 10842 5000 8192 0 1000000000
21 163 1034 5000 8192 0 1000000000
289 72 14789 5000 8192 0 1000000000
67 90 3425 5000 8192 0 1000000000
125 30 6063 5000 8192 0 1000000000
67 300 3433 5000 8192 0 1000000000
193 99 9543 5000 8192 0 1000000000
27 199 1294 5000 8192 0 1000000000
9 312 491 5000 8192 0 1000000000
109 70 5208 5000 8192 0 1000000000
119 29 5859 5000 8192 0 1000000000
259 9 13114 5000 8192 0 1000000000
71 238 3638 5000 8192 0 1000000000
131 49 6483 5000 8192 0 1000000000
205 59 10164 5000 8192 0 1000000000
97 45 4770 5000 8192 0 1000000000
32 289 1634 5000 8192 0 1000000000
296 306 15126 5000 8192 0 1000000000
175 119 8669 5000 8192 0 1000000000
145 100 7173 5000 8192 0 1000000000
123 48 5971 5000 8192 0 1000000000
141 273 6920 5000 8192 0 1000000000
60 298 2950 5000 8192 0 1000000000
296 222 15170 5000 8192 0 1000000000
18 210 922 5000 8192 0 1000000000
152 12 7478 5000 8192 0 1000000000
80 83 4072 5000 8192 0 1000000000
223 86 11280 5000 8192 0 1000000000
254 292 12890 5000 8192 0 1000000000
81 137 4086 5000 8192 0 1000000000
91 224 4585 5000 8192 0 1000000000
260 250 13181 5000 8192 0 1000000000
248 177 12708 5000 8192 0 1000000000
196 229 9751 5000 8192 0 1000000000
45 178 2207 5000 8192 0 1000000000
22 226 1132 5000 8192 0 1000000000
188 30 9287 5000 8192 0 1000000000
35 85 1676 5000 8192 0 1000000000
260 186 13201 5000 8192 0 1000000000
153 222 7540 5000 8192 0 1000000000
3 16 131 5000 8192 0 1000000000
288 10 14678 5000 8192 0 1000000000
229 264 11541 5000 8192 0 1000000000
24 193 1270 5000 8192 0 1000000000
84 78 4324 5000 8192 0 1000000000
7 28 331 5000 8192 0 1000000000
95 42 4681 5000 8192 0 1000000000
6 318 300 5000 8192 0 1000000000
49 45 2306 5000 8192 0 1000000000
16 227 823 5000 8192 0 1000000000
172 141 8418 5000 8192 0 1000000000
218 38 10908 5000 8192 0 1000000000
24 303 1218 5000 8192 0 1000000000
70 310 3612 5000 8192 0 1000000000
161 5 7964 5000 8192 0 1000000000
109 249 5190 5000 8192 0 1000000000
240 97 12185 5000 8192 0 1000000000
32 224 1644 5000 8192 0 1000000000
92 14 4616 5000 8192 0 1000000000
315 180 16114 5000 8192 0 1000000000
269 4 13679 5000 8192 0 1000000000
60 155 2993 5000 8192 0 1000000000
108 77 5137 5000 8192 0 1000000000
127 305 6241 5000 8192 0 1000000000
258 125 13016 5000 8192 0 1000000000
306 319 15683 5000 8192 0 1000000000
205 302 10166 5000 8192 0 1000000000
279 93 14192 5000 8192 0 1000000000
126 249 6180 5000 8192 0 1000000000
197 7 9779 5000 8192 0 1000000000
56 268 2710 5000 8192 0 1000000000
252 3 12851 5000 8192 0 1000000000
277 268 14040 5000 8192 0 1000000000
280 74 14287 5000 8192 0 1000000000
230 175 11551 5000 8192 0 1000000000
139 294 16440 5000 16777216 1 1000000000
147 50 7260 5000 8192 0 1000000000
6 281 296 5000 8192 0 1000000000
98 25 4827 5000 8192 0 1000000000
17 262 853 5000 8192 0 1000000000
28 12 1368 5000 8192 0 1000000000
204 210 10102 5000 8192 0 1000000000
295 224 15063 5000 8192 0 1000000000
128 92 6285 5000 8192 0 1000000000
179 226 8821 5000 8192 0 1000000000
254 101 12919 5000 8192 0 1000000000
164 260 8157 5000 8192 0 1000000000
83 101 4213 5000 8192 0 1000000000
160 1 7867 5000 8192 0 1000000000
162 191 7989 5000 8192 0 1000000000
168 72 8298 5000 8192 0 1000000000
56 54 2716 5000 8192 0 1000000000
147 80 7249 5000 8192 0 1000000000
145 110 7147 5000 8192 0 1000000000
309 278 15852 5000 8192 0 1000000000
175 240 8628 5000 8192 0 1000000000
276 286 14009 5000 8192 0 1000000000
58 26 2810 5000 8192 0 1000000000
259 50 13130 5000 8192 0 1000000000
27 82 1299 5000 8192 0 1000000000
196 44 9741 5000 8192 0 1000000000
278 91 14101 5000 8192 0 1000000000
85 177 4398 5000 8192 0 1000000000
268 141 13634 5000 8192 0 1000000000
189 92 9329 5000 8192 0 1000000000
175 202 8627 5000 8192 0 1000000000
218 229 10912 5000 8192 0 1000000000
282 224 14413 5000 8192 0 1000000000
169 312 8360 5000 8192 0 1000000000
237 81 12023 5000 8192 0 1000000000
78 27 3942 5000 8192 0 1000000000
285 220 14501 5000 8192 0 1000000000
195 172 9654 5000 8192 0 1000000000
162 193 7986 5000 8192 0 1000000000
230 134 11591 5000 8192 0 1000000000
244 252 12490 5000 8192 0 1000000000
153 304 7560 5000 8192 0 1000000000
233 319 11776 5000 8192 0 1000000000
186 247 9149 5000 8192 0 1000000000
306 135 15634 5000 8192 0 1000000000
131 142 6465 5000 8192 0 1000000000
49 227 2353 5000 8192 0 1000000000
155 27 7633 5000 8192 0 1000000000
224 163 11321 5000 8192 0 1000000000
80 241 4032 5000 8192 0 1000000000
169 257 8373 5000 8192 0 1000000000
229 86 11518 5000 8192 0 1000000000
247 200 12682 5000 8192 0 1000000000
220 156 11069 5000 8192 0 1000000000
104 294 5001 5000 8192 0 1000000000
209 97 10383 5000 8192 0 1000000000
215 123 10726 5000 8192 0 1000000000
271 73 13794 5000 8192 0 1000000000
278 227 14122 5000 8192 0 1000000000
91 298 4554 5000 8192 0 1000000000
50 43 2387 5000 8192 0 1000000000
201 292 9935 5000 8192 0 1000000000
204 256 10116 5000 8192 0 1000000000
147 214 7267 5000 8192 0 1000000000
142 264 6956 5000 8192 0 1000000000
54 278 2588 5000 8192 0 1000000000
64 1 3242 5000 8192 0 1000000000
118 155 5776 5000 8192 0 1000000000
112 222 5407 5000 8192 0 1000000000
271 51 13787 5000 8192 0 1000000000
304 1 15545 5000 8192 0 1000000000
15 290 764 5000 8192 0 1000000000
119 23 5862 5000 8192 0 1000000000
54 39 2595 5000 8192 0 1000000000
134 9 6571 5000 8192 0 1000000000
24 154 1223 5000 8192 0 1000000000
264 26 13337 5000 8192 0 1000000000
66 148 3349 5000 8192 0 1000000000
190 79 9429 5000 8192 0 1000000000
150 182 7438 5000 8192 0 1000000000
27 198 1300 5000 8192 0 1000000000
255 118 12991 5000 8192 0 1000000000
222 283 11204 5000 8192 0 1000000000
47 221 2239 5000 8192 0 1000000000
255 71 12949 5000 8192 0 1000000000
159 162 7781 5000 8192 0 1000000000
149 305 7350 5000 8192 0 1000000000
281 171 14323 5000 8192 0 1000000000
60 248 2938 5000 8192 0 1000000000
236 199 11978 5000 8192 0 1000000000
264 260 13375 5000 8192 0 1000000000
3 257 160 5000 8192 0 1000000000
79 238 3992 5000 8192 0 1000000000
237 77 12045 5000 8192 0 1000000000
17 49 880 5000 8192 0 1000000000
111 153 5317 5000 8192 0 1000000000
248 160 12747 5000 8192 0 1000000000
208 71 10321 5000 8192 0 1000000000
184 163 9010 5000 8192 0 1000000000
208 175 10287 5000 8192 0 1000000000
104 272 5022 5000 8192 0 1000000000
78 204 3954 5000 8192 0 1000000000
160 29 7854 5000 8192 0 1000000000
233 299 11789 5000 8192 0 1000000000
158 10 7767 5000 8192 0 1000000000
79 252 3971 5000 8192 0 1000000000
128 117 6307 5000 8192 0 1000000000
102 254 4914 5000 8192 0 1000000000
165 19 8207 5000 8192 0 1000000000
176 98 8682 5000 8192 0 1000000000
54 300 2606 5000 8192 0 1000000000
285 1 14527 5000 8192 0 1000000000
95 38 4703 5000 8192 0 1000000000
285 257 14503 5000 8192 0 1000000000
240 44 12221 5000 8192 0 1000000000
220 69 11075 5000 8192 0 1000000000
278 289 14120 5000 8192 0 1000000000
284 269 14427 5000 8192 0 1000000000
119 257 5854 5000 8192 0 1000000000
160 298 7892 5000 8192 0 1000000000
234 23 11814 5000 8192 0 1000000000
67 174 3405 5000 8192 0 1000000000
220 258 11071 5000 8192 0 1000000000
186 146 9137 5000 8192 0 1000000000
62 142 3095 5000 8192 0 1000000000
267 56 13552 5000 8192 0 1000000000
97 45 4753 5000 8192 0 1000000000
297 184 15191 5000 8192 0 1000000000
304 124 15523 5000 8192 0 1000000000
190 184 9404 5000 8192 0 1000000000
69 262 3553 5000 8192 0 1000000000
52 146 2527 5000 8192 0 1000000000
82 257 4159 5000 8192 0 1000000000
191 19 9498 5000 8192 0 1000000000
213 155 10590 5000 8192 0 1000000000
144 253 7090 5000 8192 0 1000000000
221 127 11141 5000 8192 0 1000000000
316 164 16178 5000 8192 0 1000000000
128 313 6305 5000 8192 0 1000000000
305 308 15599 5000 8192 0 1000000000
198 122 9876 5000 8192 0 1000000000
124 216 6021 5000 8192 0 1000000000
20 273 976 5000 8192 0 1000000000
315 96 16079 5000 8192 0 1000000000
241 251 12278 5000 8192 0 1000000000
290 190 14843 5000 8192 0 1000000000
262 189 13331 5000 8192 0 1000000000
187 63 9223 5000 8192 0 1000000000
75 159 3777 5000 8192 0 1000000000
267 114 13540 5000 8192 0 1000000000
62 212 3090 5000 8192 0 1000000000
261 197 13267 5000 8192 0 1000000000
9 291 451 5000 8192 0 1000000000
50 263 2378 5000 8192 0 1000000000
214 126 10708 5000 8192 0 1000000000
28 237 1346 5000 8192 0 1000000000
313 77 16012 5000 8192 0 1000000000
31 67 1572 5000 8192 0 1000000000
117 164 5717 5000 8192 0 1000000000
195 248 9669 5000 8192 0 1000000000
119 109 5853 5000 8192 0 1000000000
292 120 14989 5000 8192 0 1000000000
144 5 7122 5000 8192 0 1000000000
84 232 4312 5000 8192 0 1000000000
31 259 1548 5000 8192 0 1000000000
290 98 14839 5000 8192 0 1000000000
198 300 9824 5000 8192 0 1000000000
153 159 7572 5000 8192 0 1000000000
185 303 9066 5000 8192 0 1000000000
52 58 2551 5000 8192 0 1000000000
181 228 8887 5000 8192 0 1000000000
36 285 1753 5000 8192 0 1000000000
22 24 1117 5000 8192 0 1000000000
80 46 4052 5000 8192 0 1000000000
14 78 646 5000 8192 0 1000000000
84 1 4307 5000 8192 0 1000000000
289 84 14764 5000 8192 0 1000000000
140 226 6890 5000 8192 0 1000000000
102 313 4924 5000 8192 0 1000000000
272 240 13879 5000 8192 0 1000000000
190 130 9378 5000 8192 0 1000000000
58 244 2860 5000 8192 0 1000000000
225 114 11375 5000 8192 0 1000000000
212 133 10566 5000 8192 0 1000000000
41 87 1934 5000 8192 0 1000000000
41 222 1931 5000 8192 0 1000000000
203 221 10047 5000 8192 0 1000000000
202 164 10008 5000 8192 0 1000000000
291 182 14871 5000 8192 0 1000000000
118 158 5775 5000 8192 0 1000000000
211 151 10465 5000 8192 0 1000000000
191 67 9458 5000 8192 0 1000000000
219 126 11023 5000 8192 0 1000000000
127 205 6216 5000 8192 0 1000000000
225 8 11415 5000 8192 0 1000000000
30 121 1480 5000 8192 0 1000000000
0 122 62 5000 8192 0 1000000000
184 181 9048 5000 8192 0 1000000000
32 224 1601 5000 8192 0 1000000000
92 24 4611 5000 8192 0 1000000000
206 267 10216 5000 8192 0 1000000000
91 142 4567 5000 8192 0 1000000000
249 198 12781 5000 8192 0 1000000000
243 71 12418 5000 8192 0 1000000000
59 269 2877 5000 8192 0 1000000000
232 69 11733 5000 8192 0 1000000000
278 15 14098 5000 8192 0 1000000000
190 103 9408 5000 8192 0 1000000000
144 22 7082 5000 8192 0 1000000000
316 225 16175 5000 8192 0 1000000000
268 128 13619 5000 8192 0 1000000000
59 198 2914 5000 8192 0 1000000000
75 72 3797 5000 8192 0 1000000000
101 60 4910 5000 8192 0 1000000000
160 38 7870 5000 8192 0 1000000000
247 68 12629 5000 8192 0 1000000000
304 244 15515 5000 8192 0 1000000000
67 259 3417 5000 8192 0 1000000000
49 285 2318 5000 8192 0 1000000000
6 29 302 5000 8192 0 1000000000
191 272 9495 5000 8192 0 1000000000
238 315 12075 5000 8192 0 1000000000
266 80 13514 5000 8192 0 1000000000
107 66 5045 5000 8192 0 1000000000
171 25 16421 5000 16777216 1 1000000000
274 131 13926 5000 8192 0 1000000000
242 118 12358 5000 8192 0 1000000000
69 64 3535 5000 8192 0 1000000000
64 114 3223 5000 8192 0 1000000000
21 110 1038 5000 8192 0 1000000000
174 52 8584 5000 8192 0 1000000000
7 294 347 5000 8192 0 1000000000
15 110 755 5000 8192 0 1000000000
219 218 10976 5000 8192 0 1000000000
159 173 7836 5000 8192 0 1000000000
17 293 877 5000 8192 0 1000000000
67 44 3411 5000 8192 0 1000000000
49 6 2326 5000 8192 0 1000000000
168 76 8350 5000 8192 0 1000000000
206 31 10239 5000 8192 0 1000000000
160 36 7871 5000 8192 0 1000000000
20 153 1016 5000 8192 0 1000000000
176 264 8687 5000 8192 0 1000000000
159 235 7806 5000 8192 0 1000000000
203 118 10045 5000 8192 0 1000000000
142 56 6998 5000 8192 0 1000000000
117 102 5713 5000 8192 0 1000000000
23 73 1212 5000 8192 0 1000000000
201 88 9936 5000 8192 0 1000000000
129 159 6361 5000 8192 0 1000000000
32 315 1624 5000 8192 0 1000000000
13 86 592 5000 8192 0 1000000000
116 190 5641 5000 8192 0 1000000000
59 245 2883 5000 8192 0 1000000000
202 62 9952 5000 8192 0 1000000000
116 315 5622 5000 8192 0 1000000000
58 124 2845 5000 8192 0 1000000000
260 112 13154 5000 8192 0 1000000000
156 209 7713 5000 8192 0 1000000000
223 133 11250 5000 8192 0 1000000000
269 57 13703 5000 8192 0 1000000000
276 258 14001 5000 8192 0 1000000000
7 160 356 5000 8192 0 1000000000
113 223 5467 5000 8192 0 1000000000
193 70 9535 5000 8192 0 1000000000
143 134 7018 5000 8192 0 1000000000
221 199 11147 5000 8192 0 1000000000
303 131 15481 5000 8192 0 1000000000
63 250 3163 5000 8192 0 1000000000
130 73 6384 5000 8192 0 1000000000
39 228 1831 5000 8192 0 1000000000
194 287 9608 5000 8192 0 1000000000
21 224 1059 5000 8192 0 1000000000
187 65 9245 5000 8192 0 1000000000
95 104 4718 5000 8192 0 1000000000
140 163 6883 5000 8192 0 1000000000
36 57 1740 5000 8192 0 1000000000
163 217 8045 5000 8192 0 1000000000
91 235 4558 5000 8192 0 1000000000
47 285 2287 5000 8192 0 1000000000
82 261 4196 5000 8192 0 1000000000
175 123 8610 5000 8192 0 1000000000
221 125 11154 5000 8192 0 1000000000
155 166 7652 5000 8192 0 1000000000
249 25 12795 5000 8192 0 1000000000
280 225 14266 5000 8192 0 1000000000
164 181 8123 5000 8192 0 1000000000
159 182 7835 5000 8192 0 1000000000
71 22 3669 5000 8192 0 1000000000
119 276 5815 5000 8192 0 1000000000
144 186 7084 5000 8192 0 1000000000
35 3 1682 5000 8192 0 1000000000
260 133 13140 5000 8192 0 1000000000
134 187 6523 5000 8192 0 1000000000
268 232 13616 5000 8192 0 1000000000
198 40 9883 5000 8192 0 1000000000
160 242 7897 5000 8192 0 1000000000
307 236 15737 5000 8192 0 1000000000
18 136 928 5000 8192 0 1000000000
15 307 757 5000 8192 0 1000000000
121 153 5905 5000 8192 0 1000000000
224 261 11338 5000 8192 0 1000000000
64 261 3221 5000 8192 0 1000000000
95 198 4678 5000 8192 0 1000000000
316 14 16191 5000 8192 0 1000000000
260 121 13173 5000 8192 0 1000000000
266 47 13498 5000 8192 0 1000000000
308 148 15769 5000 8192 0 1000000000
198 194 9832 5000 8192 0 1000000000
246 231 12621 5000 8192 0 1000000000
290 247 14819 5000 8192 0 1000000000
211 166 10510 5000 8192 0 1000000000
58 143 2826 5000 8192 0 1000000000
181 19 8864 5000 8192 0 1000000000
84 245 4329 5000 8192 0 1000000000
104 288 5018 5000 8192 0 1000000000
281 166 14339 5000 8192 0 1000000000
222 130 11164 5000 8192 0 1000000000
144 131 7130 5000 8192 0 1000000000
155 71 7614 5000 8192 0 1000000000
248 208 12745 5000 8192 0 1000000000
62 205 3071 5000 8192 0 1000000000
210 190 10424 5000 8192 0 1000000000
254 217 12910 5000 8192 0 1000000000
9 88 510 5000 8192 0 1000000000
179 120 8853 5000 8192 0 1000000000
202 287 9997 5000 8192 0 1000000000
262 298 13287 5000 8192 0 1000000000
141 44 6942 5000 8192 0 1000000000
296 243 15158 5000 8192 0 1000000000
137 91 6714 5000 8192 0 1000000000
76 312 3847 5000 8192 0 1000000000
7 164 375 5000 8192 0 1000000000
135 105 6605 5000 8192 0 1000000000
264 73 13385 5000 8192 0 1000000000
142 27 6986 5000 8192 0 1000000000
315 285 16098 5000 8192 0 1000000000
212 302 10570 5000 8192 0 1000000000
284 5 14441 5000 8192 0 1000000000
237 1 12049 5000 8192 0 1000000000
54 81 2582 5000 8192 0 1000000000
278 22 14146 5000 8192 0 1000000000
302 53 15375 5000 8192 0 1000000000
271 203 13788 5000 8192 0 1000000000
90 69 4468 5000 8192 0 1000000000
318 47 16237 5000 8192 0 1000000000
193 99 9521 5000 8192 0 1000000000
185 48 9099 5000 8192 0 1000000000
233 105 11754 5000 8192 0 1000000000
304 306 15512 5000 8192 0 1000000000
20 187 987 5000 8192 0 1000000000
164 144 8159 5000 8192 0 1000000000
185 153 9115 5000 8192 0 1000000000
284 136 14430 5000 8192 0 1000000000
168 100 8316 5000 8192 0 1000000000
219 28 11015 5000 8192 0 1000000000
111 80 5358 5000 8192 0 1000000000
189 180 9369 5000 8192 0 1000000000
129 144 6375 5000 8192 0 1000000000
158 110 7780 5000 8192 0 1000000000
49 144 2342 5000 8192 0 1000000000
247 174 12692 5000 8192 0 1000000000
225 250 11396 5000 8192 0 1000000000
230 85 11580 5000 8192 0 1000000000
206 144 10241 5000 8192 0 1000000000
175 74 8651 5000 8192 0 1000000000
44 51 2143 5000 8192 0 1000000000
156 127 7703 5000 8192 0 1000000000
237 111 12022 5000 8192 0 1000000000
297 224 15214 5000 8192 0 1000000000
156 292 7708 5000 8192 0 1000000000
55 73 2631 5000 8192 0 1000000000
149 280 7362 5000 8192 0 1000000000
223 316 11237 5000 8192 0 1000000000
3 229 162 5000 8192 0 1000000000
249 201 12786 5000 8192 0 1000000000
69 238 3536 5000 8192 0 1000000000
305 61 15598 5000 8192 0 1000000000
115 151 5595 5000 8192 0 1000000000
288 142 14721 5000 8192 0 1000000000
188 63 9262 5000 8192 0 1000000000
8 81 433 5000 8192 0 1000000000
113 29 5472 5000 8192 0 1000000000
315 242 16103 5000 8192 0 1000000000
290 291 14823 5000 8192 0 1000000000
231 21 11610 5000 8192 0 1000000000
0 309 53 5000 8192 0 1000000000
61 238 3011 5000 8192 0 1000000000
310 289 15919 5000 8192 0 1000000000
87 276 4449 5000 8192 0 1000000000
224 32 11303 5000 8192 0 1000000000
114 52 5543 5000 8192 0 1000000000
267 204 13568 5000 8192 0 1000000000
79 224 3966 5000 8192 0 1000000000
68 91 3450 5000 8192 0 1000000000
137 98 6718 5000 8192 0 1000000000
219 63 11029 5000 8192 0 1000000000
242 7 12335 5000 8192 0 1000000000
302 254 15394 5000 8192 0 1000000000
269 298 13656 5000 8192 0 1000000000
303 5 15438 5000 8192 0 1000000000
130 59 6396 5000 8192 0 1000000000
158 270 7757 5000 8192 0 1000000000
215 3 10724 5000 8192 0 1000000000
218 60 10963 5000 8192 0 1000000000
231 149 11625 5000 8192 0 1000000000
114 99 5519 5000 8192 0 1000000000
237 213 12003 5000 8192 0 1000000000
114 208 5516 5000 8192 0 1000000000
119 206 5849 5000 8192 0 1000000000
87 151 4409 5000 8192 0 1000000000
184 20 9005 5000 8192 0 1000000000
240 287 12228 5000 8192 0 1000000000
298 154 15300 5000 8192 0 1000000000
178 183 8753 5000 8192 0 1000000000
172 100 8466 5000 8192 0 1000000000
315 243 16077 5000 8192 0 1000000000
144 104 7094 5000 8192 0 1000000000
249 185 12762 5000 8192 0 1000000000
239 168 12131 5000 8192 0 1000000000
84 216 4332 5000 8192 0 1000000000
213 271 10610 5000 8192 0 1000000000
293 154 15018 5000 8192 0 1000000000
211 65 10509 5000 8192 0 1000000000
23 81 1173 5000 8192 0 1000000000
188 38 9247 5000 8192 0 1000000000
169 95 8391 5000 8192 0 1000000000
187 184 9244 5000 8192 0 1000000000
238 155 12076 5000 8192 0 1000000000
233 155 11796 5000 8192 0 1000000000
57 56 2804 5000 8192 0 1000000000
13 132 599 5000 8192 0 1000000000
236 68 11967 5000 8192 0 1000000000
87 71 4417 5000 8192 0 1000000000
39 190 1816 5000 8192 0 1000000000
300 288 15338 5000 8192 0 1000000000
289 61 14755 5000 8192 0 1000000000
231 297 11647 5000 8192 0 1000000000
22 97 1116 5000 8192 0 1000000000
181 253 8903 5000 8192 0 1000000000
70 238 3637 5000 8192 0 1000000000
308 29 15772 5000 8192 0 1000000000
306 167 15646 5000 8192 0 1000000000
286 92 14593 5000 8192 0 1000000000
185 227 9093 5000 8192 0 1000000000
201 240 9930 5000 8192 0 1000000000
30 211 1521 5000 8192 0 1000000000
310 184 15891 5000 8192 0 1000000000
268 271 13621 5000 8192 0 1000000000
142 239 6966 5000 8192 0 1000000000
281 183 14290 5000 8192 0 1000000000
241 301 12281 5000 8192 0 1000000000
17 228 858 5000 8192 0 1000000000
75 16 3827 5000 8192 0 1000000000
210 145 10439 5000 8192 0 1000000000
287 126 14664 5000 8192 0 1000000000
270 319 13778 5000 8192 0 1000000000
231 92 11634 5000 8192 0 1000000000
9 282 508 5000 8192 0 1000000000
318 108 16261 5000 8192 0 1000000000
251 182 16448 5000 16777216 1 1000000000
288 166 14691 5000 8192 0 1000000000
73 18 3711 5000 8192 0 1000000000
141 116 6901 5000 8192 0 1000000000
222 147 11224 5000 8192 0 1000000000
81 175 4135 5000 8192 0 1000000000
168 180 8295 5000 8192 0 1000000000
244 178 12470 5000 8192 0 1000000000
112 84 5364 5000 8192 0 1000000000
236 253 11954 5000 8192 0 1000000000
127 63 6217 5000 8192 0 1000000000
78 310 3949 5000 8192 0 1000000000
55 232 2675 5000 8192 0 1000000000
40 244 1880 5000 8192 0 1000000000
259 311 13117 5000 8192 0 1000000000
274 26 13930 5000 8192 0 1000000000
279 171 14174 5000 8192 0 1000000000
293 126 14999 5000 8192 0 1000000000
280 54 14262 5000 8192 0 1000000000
284 133 14469 5000 8192 0 1000000000
203 141 10048 5000 8192 0 1000000000
287 95 14627 5000 8192 0 1000000000
82 263 4155 5000 8192 0 1000000000
272 310 13876 5000 8192 0 1000000000
79 60 4018 5000 8192 0 1000000000
291 166 14896 5000 8192 0 1000000000
65 33 3265 5000 8192 0 1000000000
