16448
605 100 1 8388608 2.000000000
1178 153 1 8388608 2.000000000
1256 1030 1 8388608 2.000000000
1247 709 1 8388608 2.000000000
720 585 1 8388608 2.000000000
133 420 1 8388608 2.000000000
44 708 1 8388608 2.000000000
910 530 1 8388608 2.000000000
710 587 1 8388608 2.000000000
1206 1006 1 8388608 2.000000000
7 311 1 8388608 2.000000000
107 681 1 8388608 2.000000000
1052 1178 1 8388608 2.000000000
356 709 1 8388608 2.000000000
194 149 1 8388608 2.000000000
556 20 1 8388608 2.000000000
664 1178 1 8388608 2.000000000
631 195 1 8388608 2.000000000
310 149 1 8388608 2.000000000
534 425 1 8388608 2.000000000
47 587 1 8388608 2.000000000
1197 311 1 8388608 2.000000000
529 798 1 8388608 2.000000000
4 139 1 8388608 2.000000000
531 533 1 8388608 2.000000000
375 909 1 8388608 2.000000000
616 629 1 8388608 2.000000000
385 372 1 8388608 2.000000000
584 1100 1 8388608 2.000000000
1006 682 1 8388608 2.000000000
1027 20 1 8388608 2.000000000
722 681 1 8388608 2.000000000
913 213 1 8388608 2.000000000
1015 344 1 8388608 2.000000000
1179 587 1 8388608 2.000000000
155 291 1 8388608 2.000000000
288 214 1 8388608 2.000000000
387 359 1 8388608 2.000000000
311 607 1 8388608 2.000000000
46 628 1 8388608 2.000000000
768 423 1 8388608 2.000000000
1207 771 1 8388608 2.000000000
1135 420 1 8388608 2.000000000
400 587 1 8388608 2.000000000
1024 1258 1 8388608 2.000000000
1245 556 1 8388608 2.000000000
769 106 1 8388608 2.000000000
630 187 1 8388608 2.000000000
680 1052 1 8388608 2.000000000
687 617 1 8388608 2.000000000
192 102 1 8388608 2.000000000
1007 5 1 8388608 2.000000000
682 730 1 8388608 2.000000000
104 310 1 8388608 2.000000000
215 586 1 8388608 2.000000000
101 374 1 8388608 2.000000000
796 1102 1 8388608 2.000000000
912 1054 1 8388608 2.000000000
1198 20 1 8388608 2.000000000
535 289 1 8388608 2.000000000
138 150 1 8388608 2.000000000
729 356 1 8388608 2.000000000
359 78 1 8388608 2.000000000
1030 909 1 8388608 2.000000000
0 296 2 8192 2.001000000
1 297 2 8192 2.001000000
2 298 2 8192 2.001000000
3 299 2 8192 2.001000000
0 344 2 8192 2.001000000
1 345 2 8192 2.001000000
2 346 2 8192 2.001000000
3 347 2 8192 2.001000000
8 296 2 8192 2.001000000
9 297 2 8192 2.001000000
10 298 2 8192 2.001000000
11 299 2 8192 2.001000000
8 344 2 8192 2.001000000
9 345 2 8192 2.001000000
10 346 2 8192 2.001000000
11 347 2 8192 2.001000000
12 296 2 8192 2.001000000
13 297 2 8192 2.001000000
14 298 2 8192 2.001000000
15 299 2 8192 2.001000000
12 344 2 8192 2.001000000
13 345 2 8192 2.001000000
14 346 2 8192 2.001000000
15 347 2 8192 2.001000000
16 296 2 8192 2.001000000
17 297 2 8192 2.001000000
18 298 2 8192 2.001000000
19 299 2 8192 2.001000000
16 344 2 8192 2.001000000
17 345 2 8192 2.001000000
18 346 2 8192 2.001000000
19 347 2 8192 2.001000000
24 296 2 8192 2.001000000
25 297 2 8192 2.001000000
26 298 2 8192 2.001000000
27 299 2 8192 2.001000000
24 344 2 8192 2.001000000
25 345 2 8192 2.001000000
26 346 2 8192 2.001000000
27 347 2 8192 2.001000000
28 296 2 8192 2.001000000
29 297 2 8192 2.001000000
30 298 2 8192 2.001000000
31 299 2 8192 2.001000000
28 344 2 8192 2.001000000
29 345 2 8192 2.001000000
30 346 2 8192 2.001000000
31 347 2 8192 2.001000000
32 296 2 8192 2.001000000
33 297 2 8192 2.001000000
34 298 2 8192 2.001000000
35 299 2 8192 2.001000000
32 344 2 8192 2.001000000
33 345 2 8192 2.001000000
34 346 2 8192 2.001000000
35 347 2 8192 2.001000000
36 296 2 8192 2.001000000
37 297 2 8192 2.001000000
38 298 2 8192 2.001000000
39 299 2 8192 2.001000000
36 344 2 8192 2.001000000
37 345 2 8192 2.001000000
38 346 2 8192 2.001000000
39 347 2 8192 2.001000000
48 296 2 8192 2.001000000
49 297 2 8192 2.001000000
50 298 2 8192 2.001000000
51 299 2 8192 2.001000000
48 344 2 8192 2.001000000
49 345 2 8192 2.001000000
50 346 2 8192 2.001000000
51 347 2 8192 2.001000000
52 296 2 8192 2.001000000
53 297 2 8192 2.001000000
54 298 2 8192 2.001000000
55 299 2 8192 2.001000000
52 344 2 8192 2.001000000
53 345 2 8192 2.001000000
54 346 2 8192 2.001000000
55 347 2 8192 2.001000000
56 296 2 8192 2.001000000
57 297 2 8192 2.001000000
58 298 2 8192 2.001000000
59 299 2 8192 2.001000000
56 344 2 8192 2.001000000
57 345 2 8192 2.001000000
58 346 2 8192 2.001000000
59 347 2 8192 2.001000000
60 296 2 8192 2.001000000
61 297 2 8192 2.001000000
62 298 2 8192 2.001000000
63 299 2 8192 2.001000000
60 344 2 8192 2.001000000
61 345 2 8192 2.001000000
62 346 2 8192 2.001000000
63 347 2 8192 2.001000000
64 296 2 8192 2.001000000
65 297 2 8192 2.001000000
66 298 2 8192 2.001000000
67 299 2 8192 2.001000000
64 344 2 8192 2.001000000
65 345 2 8192 2.001000000
66 346 2 8192 2.001000000
67 347 2 8192 2.001000000
68 296 2 8192 2.001000000
69 297 2 8192 2.001000000
70 298 2 8192 2.001000000
71 299 2 8192 2.001000000
68 344 2 8192 2.001000000
69 345 2 8192 2.001000000
70 346 2 8192 2.001000000
71 347 2 8192 2.001000000
72 296 2 8192 2.001000000
73 297 2 8192 2.001000000
74 298 2 8192 2.001000000
75 299 2 8192 2.001000000
72 344 2 8192 2.001000000
73 345 2 8192 2.001000000
74 346 2 8192 2.001000000
75 347 2 8192 2.001000000
80 296 2 8192 2.001000000
81 297 2 8192 2.001000000
82 298 2 8192 2.001000000
83 299 2 8192 2.001000000
80 344 2 8192 2.001000000
81 345 2 8192 2.001000000
82 346 2 8192 2.001000000
83 347 2 8192 2.001000000
84 296 2 8192 2.001000000
85 297 2 8192 2.001000000
86 298 2 8192 2.001000000
87 299 2 8192 2.001000000
84 344 2 8192 2.001000000
85 345 2 8192 2.001000000
86 346 2 8192 2.001000000
87 347 2 8192 2.001000000
88 296 2 8192 2.001000000
89 297 2 8192 2.001000000
90 298 2 8192 2.001000000
91 299 2 8192 2.001000000
88 344 2 8192 2.001000000
89 345 2 8192 2.001000000
90 346 2 8192 2.001000000
91 347 2 8192 2.001000000
92 296 2 8192 2.001000000
93 297 2 8192 2.001000000
94 298 2 8192 2.001000000
95 299 2 8192 2.001000000
92 344 2 8192 2.001000000
93 345 2 8192 2.001000000
94 346 2 8192 2.001000000
95 347 2 8192 2.001000000
96 296 2 8192 2.001000000
97 297 2 8192 2.001000000
98 298 2 8192 2.001000000
99 299 2 8192 2.001000000
96 344 2 8192 2.001000000
97 345 2 8192 2.001000000
98 346 2 8192 2.001000000
99 347 2 8192 2.001000000
108 296 2 8192 2.001000000
109 297 2 8192 2.001000000
110 298 2 8192 2.001000000
111 299 2 8192 2.001000000
108 344 2 8192 2.001000000
109 345 2 8192 2.001000000
110 346 2 8192 2.001000000
111 347 2 8192 2.001000000
112 296 2 8192 2.001000000
113 297 2 8192 2.001000000
114 298 2 8192 2.001000000
115 299 2 8192 2.001000000
112 344 2 8192 2.001000000
113 345 2 8192 2.001000000
114 346 2 8192 2.001000000
115 347 2 8192 2.001000000
116 296 2 8192 2.001000000
117 297 2 8192 2.001000000
118 298 2 8192 2.001000000
119 299 2 8192 2.001000000
116 344 2 8192 2.001000000
117 345 2 8192 2.001000000
118 346 2 8192 2.001000000
119 347 2 8192 2.001000000
120 296 2 8192 2.001000000
121 297 2 8192 2.001000000
122 298 2 8192 2.001000000
123 299 2 8192 2.001000000
120 344 2 8192 2.001000000
121 345 2 8192 2.001000000
122 346 2 8192 2.001000000
123 347 2 8192 2.001000000
124 296 2 8192 2.001000000
125 297 2 8192 2.001000000
126 298 2 8192 2.001000000
127 299 2 8192 2.001000000
124 344 2 8192 2.001000000
125 345 2 8192 2.001000000
126 346 2 8192 2.001000000
127 347 2 8192 2.001000000
128 296 2 8192 2.001000000
129 297 2 8192 2.001000000
130 298 2 8192 2.001000000
131 299 2 8192 2.001000000
128 344 2 8192 2.001000000
129 345 2 8192 2.001000000
130 346 2 8192 2.001000000
131 347 2 8192 2.001000000
140 296 2 8192 2.001000000
141 297 2 8192 2.001000000
142 298 2 8192 2.001000000
143 299 2 8192 2.001000000
140 344 2 8192 2.001000000
141 345 2 8192 2.001000000
142 346 2 8192 2.001000000
143 347 2 8192 2.001000000
144 296 2 8192 2.001000000
145 297 2 8192 2.001000000
146 298 2 8192 2.001000000
147 299 2 8192 2.001000000
144 344 2 8192 2.001000000
145 345 2 8192 2.001000000
146 346 2 8192 2.001000000
147 347 2 8192 2.001000000
156 296 2 8192 2.001000000
157 297 2 8192 2.001000000
158 298 2 8192 2.001000000
159 299 2 8192 2.001000000
156 344 2 8192 2.001000000
157 345 2 8192 2.001000000
158 346 2 8192 2.001000000
159 347 2 8192 2.001000000
160 296 2 8192 2.001000000
161 297 2 8192 2.001000000
162 298 2 8192 2.001000000
163 299 2 8192 2.001000000
160 344 2 8192 2.001000000
161 345 2 8192 2.001000000
162 346 2 8192 2.001000000
163 347 2 8192 2.001000000
164 296 2 8192 2.001000000
165 297 2 8192 2.001000000
166 298 2 8192 2.001000000
167 299 2 8192 2.001000000
164 344 2 8192 2.001000000
165 345 2 8192 2.001000000
166 346 2 8192 2.001000000
167 347 2 8192 2.001000000
168 296 2 8192 2.001000000
169 297 2 8192 2.001000000
170 298 2 8192 2.001000000
171 299 2 8192 2.001000000
168 344 2 8192 2.001000000
169 345 2 8192 2.001000000
170 346 2 8192 2.001000000
171 347 2 8192 2.001000000
172 296 2 8192 2.001000000
173 297 2 8192 2.001000000
174 298 2 8192 2.001000000
175 299 2 8192 2.001000000
172 344 2 8192 2.001000000
173 345 2 8192 2.001000000
174 346 2 8192 2.001000000
175 347 2 8192 2.001000000
176 296 2 8192 2.001000000
177 297 2 8192 2.001000000
178 298 2 8192 2.001000000
179 299 2 8192 2.001000000
176 344 2 8192 2.001000000
177 345 2 8192 2.001000000
178 346 2 8192 2.001000000
179 347 2 8192 2.001000000
180 296 2 8192 2.001000000
181 297 2 8192 2.001000000
182 298 2 8192 2.001000000
183 299 2 8192 2.001000000
180 344 2 8192 2.001000000
181 345 2 8192 2.001000000
182 346 2 8192 2.001000000
183 347 2 8192 2.001000000
188 296 2 8192 2.001000000
189 297 2 8192 2.001000000
190 298 2 8192 2.001000000
191 299 2 8192 2.001000000
188 344 2 8192 2.001000000
189 345 2 8192 2.001000000
190 346 2 8192 2.001000000
191 347 2 8192 2.001000000
196 296 2 8192 2.001000000
197 297 2 8192 2.001000000
198 298 2 8192 2.001000000
199 299 2 8192 2.001000000
196 344 2 8192 2.001000000
197 345 2 8192 2.001000000
198 346 2 8192 2.001000000
199 347 2 8192 2.001000000
200 296 2 8192 2.001000000
201 297 2 8192 2.001000000
202 298 2 8192 2.001000000
203 299 2 8192 2.001000000
200 344 2 8192 2.001000000
201 345 2 8192 2.001000000
202 346 2 8192 2.001000000
203 347 2 8192 2.001000000
204 296 2 8192 2.001000000
205 297 2 8192 2.001000000
206 298 2 8192 2.001000000
207 299 2 8192 2.001000000
204 344 2 8192 2.001000000
205 345 2 8192 2.001000000
206 346 2 8192 2.001000000
207 347 2 8192 2.001000000
208 296 2 8192 2.001000000
209 297 2 8192 2.001000000
210 298 2 8192 2.001000000
211 299 2 8192 2.001000000
208 344 2 8192 2.001000000
209 345 2 8192 2.001000000
210 346 2 8192 2.001000000
211 347 2 8192 2.001000000
216 296 2 8192 2.001000000
217 297 2 8192 2.001000000
218 298 2 8192 2.001000000
219 299 2 8192 2.001000000
216 344 2 8192 2.001000000
217 345 2 8192 2.001000000
218 346 2 8192 2.001000000
219 347 2 8192 2.001000000
220 296 2 8192 2.001000000
221 297 2 8192 2.001000000
222 298 2 8192 2.001000000
223 299 2 8192 2.001000000
220 344 2 8192 2.001000000
221 345 2 8192 2.001000000
222 346 2 8192 2.001000000
223 347 2 8192 2.001000000
224 296 2 8192 2.001000000
225 297 2 8192 2.001000000
226 298 2 8192 2.001000000
227 299 2 8192 2.001000000
224 344 2 8192 2.001000000
225 345 2 8192 2.001000000
226 346 2 8192 2.001000000
227 347 2 8192 2.001000000
228 296 2 8192 2.001000000
229 297 2 8192 2.001000000
230 298 2 8192 2.001000000
231 299 2 8192 2.001000000
228 344 2 8192 2.001000000
229 345 2 8192 2.001000000
230 346 2 8192 2.001000000
231 347 2 8192 2.001000000
232 296 2 8192 2.001000000
233 297 2 8192 2.001000000
234 298 2 8192 2.001000000
235 299 2 8192 2.001000000
232 344 2 8192 2.001000000
233 345 2 8192 2.001000000
234 346 2 8192 2.001000000
235 347 2 8192 2.001000000
236 296 2 8192 2.001000000
237 297 2 8192 2.001000000
238 298 2 8192 2.001000000
239 299 2 8192 2.001000000
236 344 2 8192 2.001000000
237 345 2 8192 2.001000000
238 346 2 8192 2.001000000
239 347 2 8192 2.001000000
240 296 2 8192 2.001000000
241 297 2 8192 2.001000000
242 298 2 8192 2.001000000
243 299 2 8192 2.001000000
240 344 2 8192 2.001000000
241 345 2 8192 2.001000000
242 346 2 8192 2.001000000
243 347 2 8192 2.001000000
244 296 2 8192 2.001000000
245 297 2 8192 2.001000000
246 298 2 8192 2.001000000
247 299 2 8192 2.001000000
244 344 2 8192 2.001000000
245 345 2 8192 2.001000000
246 346 2 8192 2.001000000
247 347 2 8192 2.001000000
248 296 2 8192 2.001000000
249 297 2 8192 2.001000000
250 298 2 8192 2.001000000
251 299 2 8192 2.001000000
248 344 2 8192 2.001000000
249 345 2 8192 2.001000000
250 346 2 8192 2.001000000
251 347 2 8192 2.001000000
252 296 2 8192 2.001000000
253 297 2 8192 2.001000000
254 298 2 8192 2.001000000
255 299 2 8192 2.001000000
252 344 2 8192 2.001000000
253 345 2 8192 2.001000000
254 346 2 8192 2.001000000
255 347 2 8192 2.001000000
256 296 2 8192 2.001000000
257 297 2 8192 2.001000000
258 298 2 8192 2.001000000
259 299 2 8192 2.001000000
256 344 2 8192 2.001000000
257 345 2 8192 2.001000000
258 346 2 8192 2.001000000
259 347 2 8192 2.001000000
260 296 2 8192 2.001000000
261 297 2 8192 2.001000000
262 298 2 8192 2.001000000
263 299 2 8192 2.001000000
260 344 2 8192 2.001000000
261 345 2 8192 2.001000000
262 346 2 8192 2.001000000
263 347 2 8192 2.001000000
264 296 2 8192 2.001000000
265 297 2 8192 2.001000000
266 298 2 8192 2.001000000
267 299 2 8192 2.001000000
264 344 2 8192 2.001000000
265 345 2 8192 2.001000000
266 346 2 8192 2.001000000
267 347 2 8192 2.001000000
268 296 2 8192 2.001000000
269 297 2 8192 2.001000000
270 298 2 8192 2.001000000
271 299 2 8192 2.001000000
268 344 2 8192 2.001000000
269 345 2 8192 2.001000000
270 346 2 8192 2.001000000
271 347 2 8192 2.001000000
272 296 2 8192 2.001000000
273 297 2 8192 2.001000000
274 298 2 8192 2.001000000
275 299 2 8192 2.001000000
272 344 2 8192 2.001000000
273 345 2 8192 2.001000000
274 346 2 8192 2.001000000
275 347 2 8192 2.001000000
276 296 2 8192 2.001000000
277 297 2 8192 2.001000000
278 298 2 8192 2.001000000
279 299 2 8192 2.001000000
276 344 2 8192 2.001000000
277 345 2 8192 2.001000000
278 346 2 8192 2.001000000
279 347 2 8192 2.001000000
280 296 2 8192 2.001000000
281 297 2 8192 2.001000000
282 298 2 8192 2.001000000
283 299 2 8192 2.001000000
280 344 2 8192 2.001000000
281 345 2 8192 2.001000000
282 346 2 8192 2.001000000
283 347 2 8192 2.001000000
284 296 2 8192 2.001000000
285 297 2 8192 2.001000000
286 298 2 8192 2.001000000
287 299 2 8192 2.001000000
284 344 2 8192 2.001000000
285 345 2 8192 2.001000000
286 346 2 8192 2.001000000
287 347 2 8192 2.001000000
292 296 2 8192 2.001000000
293 297 2 8192 2.001000000
294 298 2 8192 2.001000000
295 299 2 8192 2.001000000
292 344 2 8192 2.001000000
293 345 2 8192 2.001000000
294 346 2 8192 2.001000000
295 347 2 8192 2.001000000
300 296 2 8192 2.001000000
301 297 2 8192 2.001000000
302 298 2 8192 2.001000000
303 299 2 8192 2.001000000
300 344 2 8192 2.001000000
301 345 2 8192 2.001000000
302 346 2 8192 2.001000000
303 347 2 8192 2.001000000
304 296 2 8192 2.001000000
305 297 2 8192 2.001000000
306 298 2 8192 2.001000000
307 299 2 8192 2.001000000
304 344 2 8192 2.001000000
305 345 2 8192 2.001000000
306 346 2 8192 2.001000000
307 347 2 8192 2.001000000
312 296 2 8192 2.001000000
313 297 2 8192 2.001000000
314 298 2 8192 2.001000000
315 299 2 8192 2.001000000
312 344 2 8192 2.001000000
313 345 2 8192 2.001000000
314 346 2 8192 2.001000000
315 347 2 8192 2.001000000
316 296 2 8192 2.001000000
317 297 2 8192 2.001000000
318 298 2 8192 2.001000000
319 299 2 8192 2.001000000
316 344 2 8192 2.001000000
317 345 2 8192 2.001000000
318 346 2 8192 2.001000000
319 347 2 8192 2.001000000
320 296 2 8192 2.001000000
321 297 2 8192 2.001000000
322 298 2 8192 2.001000000
323 299 2 8192 2.001000000
320 344 2 8192 2.001000000
321 345 2 8192 2.001000000
322 346 2 8192 2.001000000
323 347 2 8192 2.001000000
324 296 2 8192 2.001000000
325 297 2 8192 2.001000000
326 298 2 8192 2.001000000
327 299 2 8192 2.001000000
324 344 2 8192 2.001000000
325 345 2 8192 2.001000000
326 346 2 8192 2.001000000
327 347 2 8192 2.001000000
328 296 2 8192 2.001000000
329 297 2 8192 2.001000000
330 298 2 8192 2.001000000
331 299 2 8192 2.001000000
328 344 2 8192 2.001000000
329 345 2 8192 2.001000000
330 346 2 8192 2.001000000
331 347 2 8192 2.001000000
332 296 2 8192 2.001000000
333 297 2 8192 2.001000000
334 298 2 8192 2.001000000
335 299 2 8192 2.001000000
332 344 2 8192 2.001000000
333 345 2 8192 2.001000000
334 346 2 8192 2.001000000
335 347 2 8192 2.001000000
336 296 2 8192 2.001000000
337 297 2 8192 2.001000000
338 298 2 8192 2.001000000
339 299 2 8192 2.001000000
336 344 2 8192 2.001000000
337 345 2 8192 2.001000000
338 346 2 8192 2.001000000
339 347 2 8192 2.001000000
340 296 2 8192 2.001000000
341 297 2 8192 2.001000000
342 298 2 8192 2.001000000
343 299 2 8192 2.001000000
340 344 2 8192 2.001000000
341 345 2 8192 2.001000000
342 346 2 8192 2.001000000
343 347 2 8192 2.001000000
348 296 2 8192 2.001000000
349 297 2 8192 2.001000000
350 298 2 8192 2.001000000
351 299 2 8192 2.001000000
348 344 2 8192 2.001000000
349 345 2 8192 2.001000000
350 346 2 8192 2.001000000
351 347 2 8192 2.001000000
360 296 2 8192 2.001000000
361 297 2 8192 2.001000000
362 298 2 8192 2.001000000
363 299 2 8192 2.001000000
360 344 2 8192 2.001000000
361 345 2 8192 2.001000000
362 346 2 8192 2.001000000
363 347 2 8192 2.001000000
364 296 2 8192 2.001000000
365 297 2 8192 2.001000000
366 298 2 8192 2.001000000
367 299 2 8192 2.001000000
364 344 2 8192 2.001000000
365 345 2 8192 2.001000000
366 346 2 8192 2.001000000
367 347 2 8192 2.001000000
368 296 2 8192 2.001000000
369 297 2 8192 2.001000000
370 298 2 8192 2.001000000
371 299 2 8192 2.001000000
368 344 2 8192 2.001000000
369 345 2 8192 2.001000000
370 346 2 8192 2.001000000
371 347 2 8192 2.001000000
380 296 2 8192 2.001000000
381 297 2 8192 2.001000000
382 298 2 8192 2.001000000
383 299 2 8192 2.001000000
380 344 2 8192 2.001000000
381 345 2 8192 2.001000000
382 346 2 8192 2.001000000
383 347 2 8192 2.001000000
388 296 2 8192 2.001000000
389 297 2 8192 2.001000000
390 298 2 8192 2.001000000
391 299 2 8192 2.001000000
388 344 2 8192 2.001000000
389 345 2 8192 2.001000000
390 346 2 8192 2.001000000
391 347 2 8192 2.001000000
392 296 2 8192 2.001000000
393 297 2 8192 2.001000000
394 298 2 8192 2.001000000
395 299 2 8192 2.001000000
392 344 2 8192 2.001000000
393 345 2 8192 2.001000000
394 346 2 8192 2.001000000
395 347 2 8192 2.001000000
404 296 2 8192 2.001000000
405 297 2 8192 2.001000000
406 298 2 8192 2.001000000
407 299 2 8192 2.001000000
404 344 2 8192 2.001000000
405 345 2 8192 2.001000000
406 346 2 8192 2.001000000
407 347 2 8192 2.001000000
408 296 2 8192 2.001000000
409 297 2 8192 2.001000000
410 298 2 8192 2.001000000
411 299 2 8192 2.001000000
408 344 2 8192 2.001000000
409 345 2 8192 2.001000000
410 346 2 8192 2.001000000
411 347 2 8192 2.001000000
416 296 2 8192 2.001000000
417 297 2 8192 2.001000000
418 298 2 8192 2.001000000
419 299 2 8192 2.001000000
416 344 2 8192 2.001000000
417 345 2 8192 2.001000000
418 346 2 8192 2.001000000
419 347 2 8192 2.001000000
428 296 2 8192 2.001000000
429 297 2 8192 2.001000000
430 298 2 8192 2.001000000
431 299 2 8192 2.001000000
428 344 2 8192 2.001000000
429 345 2 8192 2.001000000
430 346 2 8192 2.001000000
431 347 2 8192 2.001000000
432 296 2 8192 2.001000000
433 297 2 8192 2.001000000
434 298 2 8192 2.001000000
435 299 2 8192 2.001000000
432 344 2 8192 2.001000000
433 345 2 8192 2.001000000
434 346 2 8192 2.001000000
435 347 2 8192 2.001000000
436 296 2 8192 2.001000000
437 297 2 8192 2.001000000
438 298 2 8192 2.001000000
439 299 2 8192 2.001000000
436 344 2 8192 2.001000000
437 345 2 8192 2.001000000
438 346 2 8192 2.001000000
439 347 2 8192 2.001000000
440 296 2 8192 2.001000000
441 297 2 8192 2.001000000
442 298 2 8192 2.001000000
443 299 2 8192 2.001000000
440 344 2 8192 2.001000000
441 345 2 8192 2.001000000
442 346 2 8192 2.001000000
443 347 2 8192 2.001000000
444 296 2 8192 2.001000000
445 297 2 8192 2.001000000
446 298 2 8192 2.001000000
447 299 2 8192 2.001000000
444 344 2 8192 2.001000000
445 345 2 8192 2.001000000
446 346 2 8192 2.001000000
447 347 2 8192 2.001000000
448 296 2 8192 2.001000000
449 297 2 8192 2.001000000
450 298 2 8192 2.001000000
451 299 2 8192 2.001000000
448 344 2 8192 2.001000000
449 345 2 8192 2.001000000
450 346 2 8192 2.001000000
451 347 2 8192 2.001000000
452 296 2 8192 2.001000000
453 297 2 8192 2.001000000
454 298 2 8192 2.001000000
455 299 2 8192 2.001000000
452 344 2 8192 2.001000000
453 345 2 8192 2.001000000
454 346 2 8192 2.001000000
455 347 2 8192 2.001000000
456 296 2 8192 2.001000000
457 297 2 8192 2.001000000
458 298 2 8192 2.001000000
459 299 2 8192 2.001000000
456 344 2 8192 2.001000000
457 345 2 8192 2.001000000
458 346 2 8192 2.001000000
459 347 2 8192 2.001000000
460 296 2 8192 2.001000000
461 297 2 8192 2.001000000
462 298 2 8192 2.001000000
463 299 2 8192 2.001000000
460 344 2 8192 2.001000000
461 345 2 8192 2.001000000
462 346 2 8192 2.001000000
463 347 2 8192 2.001000000
464 296 2 8192 2.001000000
465 297 2 8192 2.001000000
466 298 2 8192 2.001000000
467 299 2 8192 2.001000000
464 344 2 8192 2.001000000
465 345 2 8192 2.001000000
466 346 2 8192 2.001000000
467 347 2 8192 2.001000000
468 296 2 8192 2.001000000
469 297 2 8192 2.001000000
470 298 2 8192 2.001000000
471 299 2 8192 2.001000000
468 344 2 8192 2.001000000
469 345 2 8192 2.001000000
470 346 2 8192 2.001000000
471 347 2 8192 2.001000000
472 296 2 8192 2.001000000
473 297 2 8192 2.001000000
474 298 2 8192 2.001000000
475 299 2 8192 2.001000000
472 344 2 8192 2.001000000
473 345 2 8192 2.001000000
474 346 2 8192 2.001000000
475 347 2 8192 2.001000000
476 296 2 8192 2.001000000
477 297 2 8192 2.001000000
478 298 2 8192 2.001000000
479 299 2 8192 2.001000000
476 344 2 8192 2.001000000
477 345 2 8192 2.001000000
478 346 2 8192 2.001000000
479 347 2 8192 2.001000000
484 296 2 8192 2.001000000
485 297 2 8192 2.001000000
486 298 2 8192 2.001000000
487 299 2 8192 2.001000000
484 344 2 8192 2.001000000
485 345 2 8192 2.001000000
486 346 2 8192 2.001000000
487 347 2 8192 2.001000000
492 296 2 8192 2.001000000
493 297 2 8192 2.001000000
494 298 2 8192 2.001000000
495 299 2 8192 2.001000000
492 344 2 8192 2.001000000
493 345 2 8192 2.001000000
494 346 2 8192 2.001000000
495 347 2 8192 2.001000000
496 296 2 8192 2.001000000
497 297 2 8192 2.001000000
498 298 2 8192 2.001000000
499 299 2 8192 2.001000000
496 344 2 8192 2.001000000
497 345 2 8192 2.001000000
498 346 2 8192 2.001000000
499 347 2 8192 2.001000000
500 296 2 8192 2.001000000
501 297 2 8192 2.001000000
502 298 2 8192 2.001000000
503 299 2 8192 2.001000000
500 344 2 8192 2.001000000
501 345 2 8192 2.001000000
502 346 2 8192 2.001000000
503 347 2 8192 2.001000000
504 296 2 8192 2.001000000
505 297 2 8192 2.001000000
506 298 2 8192 2.001000000
507 299 2 8192 2.001000000
504 344 2 8192 2.001000000
505 345 2 8192 2.001000000
506 346 2 8192 2.001000000
507 347 2 8192 2.001000000
508 296 2 8192 2.001000000
509 297 2 8192 2.001000000
510 298 2 8192 2.001000000
511 299 2 8192 2.001000000
508 344 2 8192 2.001000000
509 345 2 8192 2.001000000
510 346 2 8192 2.001000000
511 347 2 8192 2.001000000
512 296 2 8192 2.001000000
513 297 2 8192 2.001000000
514 298 2 8192 2.001000000
515 299 2 8192 2.001000000
512 344 2 8192 2.001000000
513 345 2 8192 2.001000000
514 346 2 8192 2.001000000
515 347 2 8192 2.001000000
516 296 2 8192 2.001000000
517 297 2 8192 2.001000000
518 298 2 8192 2.001000000
519 299 2 8192 2.001000000
516 344 2 8192 2.001000000
517 345 2 8192 2.001000000
518 346 2 8192 2.001000000
519 347 2 8192 2.001000000
520 296 2 8192 2.001000000
521 297 2 8192 2.001000000
522 298 2 8192 2.001000000
523 299 2 8192 2.001000000
520 344 2 8192 2.001000000
521 345 2 8192 2.001000000
522 346 2 8192 2.001000000
523 347 2 8192 2.001000000
524 296 2 8192 2.001000000
525 297 2 8192 2.001000000
526 298 2 8192 2.001000000
527 299 2 8192 2.001000000
524 344 2 8192 2.001000000
525 345 2 8192 2.001000000
526 346 2 8192 2.001000000
527 347 2 8192 2.001000000
536 296 2 8192 2.001000000
537 297 2 8192 2.001000000
538 298 2 8192 2.001000000
539 299 2 8192 2.001000000
536 344 2 8192 2.001000000
537 345 2 8192 2.001000000
538 346 2 8192 2.001000000
539 347 2 8192 2.001000000
540 296 2 8192 2.001000000
541 297 2 8192 2.001000000
542 298 2 8192 2.001000000
543 299 2 8192 2.001000000
540 344 2 8192 2.001000000
541 345 2 8192 2.001000000
542 346 2 8192 2.001000000
543 347 2 8192 2.001000000
544 296 2 8192 2.001000000
545 297 2 8192 2.001000000
546 298 2 8192 2.001000000
547 299 2 8192 2.001000000
544 344 2 8192 2.001000000
545 345 2 8192 2.001000000
546 346 2 8192 2.001000000
547 347 2 8192 2.001000000
548 296 2 8192 2.001000000
549 297 2 8192 2.001000000
550 298 2 8192 2.001000000
551 299 2 8192 2.001000000
548 344 2 8192 2.001000000
549 345 2 8192 2.001000000
550 346 2 8192 2.001000000
551 347 2 8192 2.001000000
552 296 2 8192 2.001000000
553 297 2 8192 2.001000000
554 298 2 8192 2.001000000
555 299 2 8192 2.001000000
552 344 2 8192 2.001000000
553 345 2 8192 2.001000000
554 346 2 8192 2.001000000
555 347 2 8192 2.001000000
560 296 2 8192 2.001000000
561 297 2 8192 2.001000000
562 298 2 8192 2.001000000
563 299 2 8192 2.001000000
560 344 2 8192 2.001000000
561 345 2 8192 2.001000000
562 346 2 8192 2.001000000
563 347 2 8192 2.001000000
564 296 2 8192 2.001000000
565 297 2 8192 2.001000000
566 298 2 8192 2.001000000
567 299 2 8192 2.001000000
564 344 2 8192 2.001000000
565 345 2 8192 2.001000000
566 346 2 8192 2.001000000
567 347 2 8192 2.001000000
568 296 2 8192 2.001000000
569 297 2 8192 2.001000000
570 298 2 8192 2.001000000
571 299 2 8192 2.001000000
568 344 2 8192 2.001000000
569 345 2 8192 2.001000000
570 346 2 8192 2.001000000
571 347 2 8192 2.001000000
572 296 2 8192 2.001000000
573 297 2 8192 2.001000000
574 298 2 8192 2.001000000
575 299 2 8192 2.001000000
572 344 2 8192 2.001000000
573 345 2 8192 2.001000000
574 346 2 8192 2.001000000
575 347 2 8192 2.001000000
576 296 2 8192 2.001000000
577 297 2 8192 2.001000000
578 298 2 8192 2.001000000
579 299 2 8192 2.001000000
576 344 2 8192 2.001000000
577 345 2 8192 2.001000000
578 346 2 8192 2.001000000
579 347 2 8192 2.001000000
580 296 2 8192 2.001000000
581 297 2 8192 2.001000000
582 298 2 8192 2.001000000
583 299 2 8192 2.001000000
580 344 2 8192 2.001000000
581 345 2 8192 2.001000000
582 346 2 8192 2.001000000
583 347 2 8192 2.001000000
588 296 2 8192 2.001000000
589 297 2 8192 2.001000000
590 298 2 8192 2.001000000
591 299 2 8192 2.001000000
588 344 2 8192 2.001000000
589 345 2 8192 2.001000000
590 346 2 8192 2.001000000
591 347 2 8192 2.001000000
592 296 2 8192 2.001000000
593 297 2 8192 2.001000000
594 298 2 8192 2.001000000
595 299 2 8192 2.001000000
592 344 2 8192 2.001000000
593 345 2 8192 2.001000000
594 346 2 8192 2.001000000
595 347 2 8192 2.001000000
596 296 2 8192 2.001000000
597 297 2 8192 2.001000000
598 298 2 8192 2.001000000
599 299 2 8192 2.001000000
596 344 2 8192 2.001000000
597 345 2 8192 2.001000000
598 346 2 8192 2.001000000
599 347 2 8192 2.001000000
600 296 2 8192 2.001000000
601 297 2 8192 2.001000000
602 298 2 8192 2.001000000
603 299 2 8192 2.001000000
600 344 2 8192 2.001000000
601 345 2 8192 2.001000000
602 346 2 8192 2.001000000
603 347 2 8192 2.001000000
608 296 2 8192 2.001000000
609 297 2 8192 2.001000000
610 298 2 8192 2.001000000
611 299 2 8192 2.001000000
608 344 2 8192 2.001000000
609 345 2 8192 2.001000000
610 346 2 8192 2.001000000
611 347 2 8192 2.001000000
612 296 2 8192 2.001000000
613 297 2 8192 2.001000000
614 298 2 8192 2.001000000
615 299 2 8192 2.001000000
612 344 2 8192 2.001000000
613 345 2 8192 2.001000000
614 346 2 8192 2.001000000
615 347 2 8192 2.001000000
620 296 2 8192 2.001000000
621 297 2 8192 2.001000000
622 298 2 8192 2.001000000
623 299 2 8192 2.001000000
620 344 2 8192 2.001000000
621 345 2 8192 2.001000000
622 346 2 8192 2.001000000
623 347 2 8192 2.001000000
624 296 2 8192 2.001000000
625 297 2 8192 2.001000000
626 298 2 8192 2.001000000
627 299 2 8192 2.001000000
624 344 2 8192 2.001000000
625 345 2 8192 2.001000000
626 346 2 8192 2.001000000
627 347 2 8192 2.001000000
632 296 2 8192 2.001000000
633 297 2 8192 2.001000000
634 298 2 8192 2.001000000
635 299 2 8192 2.001000000
632 344 2 8192 2.001000000
633 345 2 8192 2.001000000
634 346 2 8192 2.001000000
635 347 2 8192 2.001000000
636 296 2 8192 2.001000000
637 297 2 8192 2.001000000
638 298 2 8192 2.001000000
639 299 2 8192 2.001000000
636 344 2 8192 2.001000000
637 345 2 8192 2.001000000
638 346 2 8192 2.001000000
639 347 2 8192 2.001000000
640 296 2 8192 2.001000000
641 297 2 8192 2.001000000
642 298 2 8192 2.001000000
643 299 2 8192 2.001000000
640 344 2 8192 2.001000000
641 345 2 8192 2.001000000
642 346 2 8192 2.001000000
643 347 2 8192 2.001000000
644 296 2 8192 2.001000000
645 297 2 8192 2.001000000
646 298 2 8192 2.001000000
647 299 2 8192 2.001000000
644 344 2 8192 2.001000000
645 345 2 8192 2.001000000
646 346 2 8192 2.001000000
647 347 2 8192 2.001000000
648 296 2 8192 2.001000000
649 297 2 8192 2.001000000
650 298 2 8192 2.001000000
651 299 2 8192 2.001000000
648 344 2 8192 2.001000000
649 345 2 8192 2.001000000
650 346 2 8192 2.001000000
651 347 2 8192 2.001000000
652 296 2 8192 2.001000000
653 297 2 8192 2.001000000
654 298 2 8192 2.001000000
655 299 2 8192 2.001000000
652 344 2 8192 2.001000000
653 345 2 8192 2.001000000
654 346 2 8192 2.001000000
655 347 2 8192 2.001000000
656 296 2 8192 2.001000000
657 297 2 8192 2.001000000
658 298 2 8192 2.001000000
659 299 2 8192 2.001000000
656 344 2 8192 2.001000000
657 345 2 8192 2.001000000
658 346 2 8192 2.001000000
659 347 2 8192 2.001000000
660 296 2 8192 2.001000000
661 297 2 8192 2.001000000
662 298 2 8192 2.001000000
663 299 2 8192 2.001000000
660 344 2 8192 2.001000000
661 345 2 8192 2.001000000
662 346 2 8192 2.001000000
663 347 2 8192 2.001000000
668 296 2 8192 2.001000000
669 297 2 8192 2.001000000
670 298 2 8192 2.001000000
671 299 2 8192 2.001000000
668 344 2 8192 2.001000000
669 345 2 8192 2.001000000
670 346 2 8192 2.001000000
671 347 2 8192 2.001000000
672 296 2 8192 2.001000000
673 297 2 8192 2.001000000
674 298 2 8192 2.001000000
675 299 2 8192 2.001000000
672 344 2 8192 2.001000000
673 345 2 8192 2.001000000
674 346 2 8192 2.001000000
675 347 2 8192 2.001000000
676 296 2 8192 2.001000000
677 297 2 8192 2.001000000
678 298 2 8192 2.001000000
679 299 2 8192 2.001000000
676 344 2 8192 2.001000000
677 345 2 8192 2.001000000
678 346 2 8192 2.001000000
679 347 2 8192 2.001000000
688 296 2 8192 2.001000000
689 297 2 8192 2.001000000
690 298 2 8192 2.001000000
691 299 2 8192 2.001000000
688 344 2 8192 2.001000000
689 345 2 8192 2.001000000
690 346 2 8192 2.001000000
691 347 2 8192 2.001000000
692 296 2 8192 2.001000000
693 297 2 8192 2.001000000
694 298 2 8192 2.001000000
695 299 2 8192 2.001000000
692 344 2 8192 2.001000000
693 345 2 8192 2.001000000
694 346 2 8192 2.001000000
695 347 2 8192 2.001000000
696 296 2 8192 2.001000000
697 297 2 8192 2.001000000
698 298 2 8192 2.001000000
699 299 2 8192 2.001000000
696 344 2 8192 2.001000000
697 345 2 8192 2.001000000
698 346 2 8192 2.001000000
699 347 2 8192 2.001000000
700 296 2 8192 2.001000000
701 297 2 8192 2.001000000
702 298 2 8192 2.001000000
703 299 2 8192 2.001000000
700 344 2 8192 2.001000000
701 345 2 8192 2.001000000
702 346 2 8192 2.001000000
703 347 2 8192 2.001000000
704 296 2 8192 2.001000000
705 297 2 8192 2.001000000
706 298 2 8192 2.001000000
707 299 2 8192 2.001000000
704 344 2 8192 2.001000000
705 345 2 8192 2.001000000
706 346 2 8192 2.001000000
707 347 2 8192 2.001000000
712 296 2 8192 2.001000000
713 297 2 8192 2.001000000
714 298 2 8192 2.001000000
715 299 2 8192 2.001000000
712 344 2 8192 2.001000000
713 345 2 8192 2.001000000
714 346 2 8192 2.001000000
715 347 2 8192 2.001000000
716 296 2 8192 2.001000000
717 297 2 8192 2.001000000
718 298 2 8192 2.001000000
719 299 2 8192 2.001000000
716 344 2 8192 2.001000000
717 345 2 8192 2.001000000
718 346 2 8192 2.001000000
719 347 2 8192 2.001000000
724 296 2 8192 2.001000000
725 297 2 8192 2.001000000
726 298 2 8192 2.001000000
727 299 2 8192 2.001000000
724 344 2 8192 2.001000000
725 345 2 8192 2.001000000
726 346 2 8192 2.001000000
727 347 2 8192 2.001000000
732 296 2 8192 2.001000000
733 297 2 8192 2.001000000
734 298 2 8192 2.001000000
735 299 2 8192 2.001000000
732 344 2 8192 2.001000000
733 345 2 8192 2.001000000
734 346 2 8192 2.001000000
735 347 2 8192 2.001000000
736 296 2 8192 2.001000000
737 297 2 8192 2.001000000
738 298 2 8192 2.001000000
739 299 2 8192 2.001000000
736 344 2 8192 2.001000000
737 345 2 8192 2.001000000
738 346 2 8192 2.001000000
739 347 2 8192 2.001000000
740 296 2 8192 2.001000000
741 297 2 8192 2.001000000
742 298 2 8192 2.001000000
743 299 2 8192 2.001000000
740 344 2 8192 2.001000000
741 345 2 8192 2.001000000
742 346 2 8192 2.001000000
743 347 2 8192 2.001000000
744 296 2 8192 2.001000000
745 297 2 8192 2.001000000
746 298 2 8192 2.001000000
747 299 2 8192 2.001000000
744 344 2 8192 2.001000000
745 345 2 8192 2.001000000
746 346 2 8192 2.001000000
747 347 2 8192 2.001000000
748 296 2 8192 2.001000000
749 297 2 8192 2.001000000
750 298 2 8192 2.001000000
751 299 2 8192 2.001000000
748 344 2 8192 2.001000000
749 345 2 8192 2.001000000
750 346 2 8192 2.001000000
751 347 2 8192 2.001000000
752 296 2 8192 2.001000000
753 297 2 8192 2.001000000
754 298 2 8192 2.001000000
755 299 2 8192 2.001000000
752 344 2 8192 2.001000000
753 345 2 8192 2.001000000
754 346 2 8192 2.001000000
755 347 2 8192 2.001000000
756 296 2 8192 2.001000000
757 297 2 8192 2.001000000
758 298 2 8192 2.001000000
759 299 2 8192 2.001000000
756 344 2 8192 2.001000000
757 345 2 8192 2.001000000
758 346 2 8192 2.001000000
759 347 2 8192 2.001000000
760 296 2 8192 2.001000000
761 297 2 8192 2.001000000
762 298 2 8192 2.001000000
763 299 2 8192 2.001000000
760 344 2 8192 2.001000000
761 345 2 8192 2.001000000
762 346 2 8192 2.001000000
763 347 2 8192 2.001000000
764 296 2 8192 2.001000000
765 297 2 8192 2.001000000
766 298 2 8192 2.001000000
767 299 2 8192 2.001000000
764 344 2 8192 2.001000000
765 345 2 8192 2.001000000
766 346 2 8192 2.001000000
767 347 2 8192 2.001000000
772 296 2 8192 2.001000000
773 297 2 8192 2.001000000
774 298 2 8192 2.001000000
775 299 2 8192 2.001000000
772 344 2 8192 2.001000000
773 345 2 8192 2.001000000
774 346 2 8192 2.001000000
775 347 2 8192 2.001000000
776 296 2 8192 2.001000000
777 297 2 8192 2.001000000
778 298 2 8192 2.001000000
779 299 2 8192 2.001000000
776 344 2 8192 2.001000000
777 345 2 8192 2.001000000
778 346 2 8192 2.001000000
779 347 2 8192 2.001000000
780 296 2 8192 2.001000000
781 297 2 8192 2.001000000
782 298 2 8192 2.001000000
783 299 2 8192 2.001000000
780 344 2 8192 2.001000000
781 345 2 8192 2.001000000
782 346 2 8192 2.001000000
783 347 2 8192 2.001000000
784 296 2 8192 2.001000000
785 297 2 8192 2.001000000
786 298 2 8192 2.001000000
787 299 2 8192 2.001000000
784 344 2 8192 2.001000000
785 345 2 8192 2.001000000
786 346 2 8192 2.001000000
787 347 2 8192 2.001000000
788 296 2 8192 2.001000000
789 297 2 8192 2.001000000
790 298 2 8192 2.001000000
791 299 2 8192 2.001000000
788 344 2 8192 2.001000000
789 345 2 8192 2.001000000
790 346 2 8192 2.001000000
791 347 2 8192 2.001000000
792 296 2 8192 2.001000000
793 297 2 8192 2.001000000
794 298 2 8192 2.001000000
795 299 2 8192 2.001000000
792 344 2 8192 2.001000000
793 345 2 8192 2.001000000
794 346 2 8192 2.001000000
795 347 2 8192 2.001000000
804 296 2 8192 2.001000000
805 297 2 8192 2.001000000
806 298 2 8192 2.001000000
807 299 2 8192 2.001000000
804 344 2 8192 2.001000000
805 345 2 8192 2.001000000
806 346 2 8192 2.001000000
807 347 2 8192 2.001000000
808 296 2 8192 2.001000000
809 297 2 8192 2.001000000
810 298 2 8192 2.001000000
811 299 2 8192 2.001000000
808 344 2 8192 2.001000000
809 345 2 8192 2.001000000
810 346 2 8192 2.001000000
811 347 2 8192 2.001000000
812 296 2 8192 2.001000000
813 297 2 8192 2.001000000
814 298 2 8192 2.001000000
815 299 2 8192 2.001000000
812 344 2 8192 2.001000000
813 345 2 8192 2.001000000
814 346 2 8192 2.001000000
815 347 2 8192 2.001000000
816 296 2 8192 2.001000000
817 297 2 8192 2.001000000
818 298 2 8192 2.001000000
819 299 2 8192 2.001000000
816 344 2 8192 2.001000000
817 345 2 8192 2.001000000
818 346 2 8192 2.001000000
819 347 2 8192 2.001000000
820 296 2 8192 2.001000000
821 297 2 8192 2.001000000
822 298 2 8192 2.001000000
823 299 2 8192 2.001000000
820 344 2 8192 2.001000000
821 345 2 8192 2.001000000
822 346 2 8192 2.001000000
823 347 2 8192 2.001000000
824 296 2 8192 2.001000000
825 297 2 8192 2.001000000
826 298 2 8192 2.001000000
827 299 2 8192 2.001000000
824 344 2 8192 2.001000000
825 345 2 8192 2.001000000
826 346 2 8192 2.001000000
827 347 2 8192 2.001000000
832 296 2 8192 2.001000000
833 297 2 8192 2.001000000
834 298 2 8192 2.001000000
835 299 2 8192 2.001000000
832 344 2 8192 2.001000000
833 345 2 8192 2.001000000
834 346 2 8192 2.001000000
835 347 2 8192 2.001000000
836 296 2 8192 2.001000000
837 297 2 8192 2.001000000
838 298 2 8192 2.001000000
839 299 2 8192 2.001000000
836 344 2 8192 2.001000000
837 345 2 8192 2.001000000
838 346 2 8192 2.001000000
839 347 2 8192 2.001000000
840 296 2 8192 2.001000000
841 297 2 8192 2.001000000
842 298 2 8192 2.001000000
843 299 2 8192 2.001000000
840 344 2 8192 2.001000000
841 345 2 8192 2.001000000
842 346 2 8192 2.001000000
843 347 2 8192 2.001000000
844 296 2 8192 2.001000000
845 297 2 8192 2.001000000
846 298 2 8192 2.001000000
847 299 2 8192 2.001000000
844 344 2 8192 2.001000000
845 345 2 8192 2.001000000
846 346 2 8192 2.001000000
847 347 2 8192 2.001000000
848 296 2 8192 2.001000000
849 297 2 8192 2.001000000
850 298 2 8192 2.001000000
851 299 2 8192 2.001000000
848 344 2 8192 2.001000000
849 345 2 8192 2.001000000
850 346 2 8192 2.001000000
851 347 2 8192 2.001000000
852 296 2 8192 2.001000000
853 297 2 8192 2.001000000
854 298 2 8192 2.001000000
855 299 2 8192 2.001000000
852 344 2 8192 2.001000000
853 345 2 8192 2.001000000
854 346 2 8192 2.001000000
855 347 2 8192 2.001000000
856 296 2 8192 2.001000000
857 297 2 8192 2.001000000
858 298 2 8192 2.001000000
859 299 2 8192 2.001000000
856 344 2 8192 2.001000000
857 345 2 8192 2.001000000
858 346 2 8192 2.001000000
859 347 2 8192 2.001000000
860 296 2 8192 2.001000000
861 297 2 8192 2.001000000
862 298 2 8192 2.001000000
863 299 2 8192 2.001000000
860 344 2 8192 2.001000000
861 345 2 8192 2.001000000
862 346 2 8192 2.001000000
863 347 2 8192 2.001000000
864 296 2 8192 2.001000000
865 297 2 8192 2.001000000
866 298 2 8192 2.001000000
867 299 2 8192 2.001000000
864 344 2 8192 2.001000000
865 345 2 8192 2.001000000
866 346 2 8192 2.001000000
867 347 2 8192 2.001000000
868 296 2 8192 2.001000000
869 297 2 8192 2.001000000
870 298 2 8192 2.001000000
871 299 2 8192 2.001000000
868 344 2 8192 2.001000000
869 345 2 8192 2.001000000
870 346 2 8192 2.001000000
871 347 2 8192 2.001000000
872 296 2 8192 2.001000000
873 297 2 8192 2.001000000
874 298 2 8192 2.001000000
875 299 2 8192 2.001000000
872 344 2 8192 2.001000000
873 345 2 8192 2.001000000
874 346 2 8192 2.001000000
875 347 2 8192 2.001000000
876 296 2 8192 2.001000000
877 297 2 8192 2.001000000
878 298 2 8192 2.001000000
879 299 2 8192 2.001000000
876 344 2 8192 2.001000000
877 345 2 8192 2.001000000
878 346 2 8192 2.001000000
879 347 2 8192 2.001000000
880 296 2 8192 2.001000000
881 297 2 8192 2.001000000
882 298 2 8192 2.001000000
883 299 2 8192 2.001000000
880 344 2 8192 2.001000000
881 345 2 8192 2.001000000
882 346 2 8192 2.001000000
883 347 2 8192 2.001000000
884 296 2 8192 2.001000000
885 297 2 8192 2.001000000
886 298 2 8192 2.001000000
887 299 2 8192 2.001000000
884 344 2 8192 2.001000000
885 345 2 8192 2.001000000
886 346 2 8192 2.001000000
887 347 2 8192 2.001000000
888 296 2 8192 2.001000000
889 297 2 8192 2.001000000
890 298 2 8192 2.001000000
891 299 2 8192 2.001000000
888 344 2 8192 2.001000000
889 345 2 8192 2.001000000
890 346 2 8192 2.001000000
891 347 2 8192 2.001000000
892 296 2 8192 2.001000000
893 297 2 8192 2.001000000
894 298 2 8192 2.001000000
895 299 2 8192 2.001000000
892 344 2 8192 2.001000000
893 345 2 8192 2.001000000
894 346 2 8192 2.001000000
895 347 2 8192 2.001000000
896 296 2 8192 2.001000000
897 297 2 8192 2.001000000
898 298 2 8192 2.001000000
899 299 2 8192 2.001000000
896 344 2 8192 2.001000000
897 345 2 8192 2.001000000
898 346 2 8192 2.001000000
899 347 2 8192 2.001000000
900 296 2 8192 2.001000000
901 297 2 8192 2.001000000
902 298 2 8192 2.001000000
903 299 2 8192 2.001000000
900 344 2 8192 2.001000000
901 345 2 8192 2.001000000
902 346 2 8192 2.001000000
903 347 2 8192 2.001000000
904 296 2 8192 2.001000000
905 297 2 8192 2.001000000
906 298 2 8192 2.001000000
907 299 2 8192 2.001000000
904 344 2 8192 2.001000000
905 345 2 8192 2.001000000
906 346 2 8192 2.001000000
907 347 2 8192 2.001000000
916 296 2 8192 2.001000000
917 297 2 8192 2.001000000
918 298 2 8192 2.001000000
919 299 2 8192 2.001000000
916 344 2 8192 2.001000000
917 345 2 8192 2.001000000
918 346 2 8192 2.001000000
919 347 2 8192 2.001000000
920 296 2 8192 2.001000000
921 297 2 8192 2.001000000
922 298 2 8192 2.001000000
923 299 2 8192 2.001000000
920 344 2 8192 2.001000000
921 345 2 8192 2.001000000
922 346 2 8192 2.001000000
923 347 2 8192 2.001000000
924 296 2 8192 2.001000000
925 297 2 8192 2.001000000
926 298 2 8192 2.001000000
927 299 2 8192 2.001000000
924 344 2 8192 2.001000000
925 345 2 8192 2.001000000
926 346 2 8192 2.001000000
927 347 2 8192 2.001000000
928 296 2 8192 2.001000000
929 297 2 8192 2.001000000
930 298 2 8192 2.001000000
931 299 2 8192 2.001000000
928 344 2 8192 2.001000000
929 345 2 8192 2.001000000
930 346 2 8192 2.001000000
931 347 2 8192 2.001000000
932 296 2 8192 2.001000000
933 297 2 8192 2.001000000
934 298 2 8192 2.001000000
935 299 2 8192 2.001000000
932 344 2 8192 2.001000000
933 345 2 8192 2.001000000
934 346 2 8192 2.001000000
935 347 2 8192 2.001000000
936 296 2 8192 2.001000000
937 297 2 8192 2.001000000
938 298 2 8192 2.001000000
939 299 2 8192 2.001000000
936 344 2 8192 2.001000000
937 345 2 8192 2.001000000
938 346 2 8192 2.001000000
939 347 2 8192 2.001000000
940 296 2 8192 2.001000000
941 297 2 8192 2.001000000
942 298 2 8192 2.001000000
943 299 2 8192 2.001000000
940 344 2 8192 2.001000000
941 345 2 8192 2.001000000
942 346 2 8192 2.001000000
943 347 2 8192 2.001000000
944 296 2 8192 2.001000000
945 297 2 8192 2.001000000
946 298 2 8192 2.001000000
947 299 2 8192 2.001000000
944 344 2 8192 2.001000000
945 345 2 8192 2.001000000
946 346 2 8192 2.001000000
947 347 2 8192 2.001000000
948 296 2 8192 2.001000000
949 297 2 8192 2.001000000
950 298 2 8192 2.001000000
951 299 2 8192 2.001000000
948 344 2 8192 2.001000000
949 345 2 8192 2.001000000
950 346 2 8192 2.001000000
951 347 2 8192 2.001000000
952 296 2 8192 2.001000000
953 297 2 8192 2.001000000
954 298 2 8192 2.001000000
955 299 2 8192 2.001000000
952 344 2 8192 2.001000000
953 345 2 8192 2.001000000
954 346 2 8192 2.001000000
955 347 2 8192 2.001000000
956 296 2 8192 2.001000000
957 297 2 8192 2.001000000
958 298 2 8192 2.001000000
959 299 2 8192 2.001000000
956 344 2 8192 2.001000000
957 345 2 8192 2.001000000
958 346 2 8192 2.001000000
959 347 2 8192 2.001000000
960 296 2 8192 2.001000000
961 297 2 8192 2.001000000
962 298 2 8192 2.001000000
963 299 2 8192 2.001000000
960 344 2 8192 2.001000000
961 345 2 8192 2.001000000
962 346 2 8192 2.001000000
963 347 2 8192 2.001000000
964 296 2 8192 2.001000000
965 297 2 8192 2.001000000
966 298 2 8192 2.001000000
967 299 2 8192 2.001000000
964 344 2 8192 2.001000000
965 345 2 8192 2.001000000
966 346 2 8192 2.001000000
967 347 2 8192 2.001000000
968 296 2 8192 2.001000000
969 297 2 8192 2.001000000
970 298 2 8192 2.001000000
971 299 2 8192 2.001000000
968 344 2 8192 2.001000000
969 345 2 8192 2.001000000
970 346 2 8192 2.001000000
971 347 2 8192 2.001000000
972 296 2 8192 2.001000000
973 297 2 8192 2.001000000
974 298 2 8192 2.001000000
975 299 2 8192 2.001000000
972 344 2 8192 2.001000000
973 345 2 8192 2.001000000
974 346 2 8192 2.001000000
975 347 2 8192 2.001000000
976 296 2 8192 2.001000000
977 297 2 8192 2.001000000
978 298 2 8192 2.001000000
979 299 2 8192 2.001000000
976 344 2 8192 2.001000000
977 345 2 8192 2.001000000
978 346 2 8192 2.001000000
979 347 2 8192 2.001000000
980 296 2 8192 2.001000000
981 297 2 8192 2.001000000
982 298 2 8192 2.001000000
983 299 2 8192 2.001000000
980 344 2 8192 2.001000000
981 345 2 8192 2.001000000
982 346 2 8192 2.001000000
983 347 2 8192 2.001000000
984 296 2 8192 2.001000000
985 297 2 8192 2.001000000
986 298 2 8192 2.001000000
987 299 2 8192 2.001000000
984 344 2 8192 2.001000000
985 345 2 8192 2.001000000
986 346 2 8192 2.001000000
987 347 2 8192 2.001000000
988 296 2 8192 2.001000000
989 297 2 8192 2.001000000
990 298 2 8192 2.001000000
991 299 2 8192 2.001000000
988 344 2 8192 2.001000000
989 345 2 8192 2.001000000
990 346 2 8192 2.001000000
991 347 2 8192 2.001000000
992 296 2 8192 2.001000000
993 297 2 8192 2.001000000
994 298 2 8192 2.001000000
995 299 2 8192 2.001000000
992 344 2 8192 2.001000000
993 345 2 8192 2.001000000
994 346 2 8192 2.001000000
995 347 2 8192 2.001000000
996 296 2 8192 2.001000000
997 297 2 8192 2.001000000
998 298 2 8192 2.001000000
999 299 2 8192 2.001000000
996 344 2 8192 2.001000000
997 345 2 8192 2.001000000
998 346 2 8192 2.001000000
999 347 2 8192 2.001000000
1008 296 2 8192 2.001000000
1009 297 2 8192 2.001000000
1010 298 2 8192 2.001000000
1011 299 2 8192 2.001000000
1008 344 2 8192 2.001000000
1009 345 2 8192 2.001000000
1010 346 2 8192 2.001000000
1011 347 2 8192 2.001000000
1016 296 2 8192 2.001000000
1017 297 2 8192 2.001000000
1018 298 2 8192 2.001000000
1019 299 2 8192 2.001000000
1016 344 2 8192 2.001000000
1017 345 2 8192 2.001000000
1018 346 2 8192 2.001000000
1019 347 2 8192 2.001000000
1020 296 2 8192 2.001000000
1021 297 2 8192 2.001000000
1022 298 2 8192 2.001000000
1023 299 2 8192 2.001000000
1020 344 2 8192 2.001000000
1021 345 2 8192 2.001000000
1022 346 2 8192 2.001000000
1023 347 2 8192 2.001000000
1032 296 2 8192 2.001000000
1033 297 2 8192 2.001000000
1034 298 2 8192 2.001000000
1035 299 2 8192 2.001000000
1032 344 2 8192 2.001000000
1033 345 2 8192 2.001000000
1034 346 2 8192 2.001000000
1035 347 2 8192 2.001000000
1036 296 2 8192 2.001000000
1037 297 2 8192 2.001000000
1038 298 2 8192 2.001000000
1039 299 2 8192 2.001000000
1036 344 2 8192 2.001000000
1037 345 2 8192 2.001000000
1038 346 2 8192 2.001000000
1039 347 2 8192 2.001000000
1040 296 2 8192 2.001000000
1041 297 2 8192 2.001000000
1042 298 2 8192 2.001000000
1043 299 2 8192 2.001000000
1040 344 2 8192 2.001000000
1041 345 2 8192 2.001000000
1042 346 2 8192 2.001000000
1043 347 2 8192 2.001000000
1044 296 2 8192 2.001000000
1045 297 2 8192 2.001000000
1046 298 2 8192 2.001000000
1047 299 2 8192 2.001000000
1044 344 2 8192 2.001000000
1045 345 2 8192 2.001000000
1046 346 2 8192 2.001000000
1047 347 2 8192 2.001000000
1048 296 2 8192 2.001000000
1049 297 2 8192 2.001000000
1050 298 2 8192 2.001000000
1051 299 2 8192 2.001000000
1048 344 2 8192 2.001000000
1049 345 2 8192 2.001000000
1050 346 2 8192 2.001000000
1051 347 2 8192 2.001000000
1056 296 2 8192 2.001000000
1057 297 2 8192 2.001000000
1058 298 2 8192 2.001000000
1059 299 2 8192 2.001000000
1056 344 2 8192 2.001000000
1057 345 2 8192 2.001000000
1058 346 2 8192 2.001000000
1059 347 2 8192 2.001000000
1060 296 2 8192 2.001000000
1061 297 2 8192 2.001000000
1062 298 2 8192 2.001000000
1063 299 2 8192 2.001000000
1060 344 2 8192 2.001000000
1061 345 2 8192 2.001000000
1062 346 2 8192 2.001000000
1063 347 2 8192 2.001000000
1064 296 2 8192 2.001000000
1065 297 2 8192 2.001000000
1066 298 2 8192 2.001000000
1067 299 2 8192 2.001000000
1064 344 2 8192 2.001000000
1065 345 2 8192 2.001000000
1066 346 2 8192 2.001000000
1067 347 2 8192 2.001000000
1068 296 2 8192 2.001000000
1069 297 2 8192 2.001000000
1070 298 2 8192 2.001000000
1071 299 2 8192 2.001000000
1068 344 2 8192 2.001000000
1069 345 2 8192 2.001000000
1070 346 2 8192 2.001000000
1071 347 2 8192 2.001000000
1072 296 2 8192 2.001000000
1073 297 2 8192 2.001000000
1074 298 2 8192 2.001000000
1075 299 2 8192 2.001000000
1072 344 2 8192 2.001000000
1073 345 2 8192 2.001000000
1074 346 2 8192 2.001000000
1075 347 2 8192 2.001000000
1076 296 2 8192 2.001000000
1077 297 2 8192 2.001000000
1078 298 2 8192 2.001000000
1079 299 2 8192 2.001000000
1076 344 2 8192 2.001000000
1077 345 2 8192 2.001000000
1078 346 2 8192 2.001000000
1079 347 2 8192 2.001000000
1080 296 2 8192 2.001000000
1081 297 2 8192 2.001000000
1082 298 2 8192 2.001000000
1083 299 2 8192 2.001000000
1080 344 2 8192 2.001000000
1081 345 2 8192 2.001000000
1082 346 2 8192 2.001000000
1083 347 2 8192 2.001000000
1084 296 2 8192 2.001000000
1085 297 2 8192 2.001000000
1086 298 2 8192 2.001000000
1087 299 2 8192 2.001000000
1084 344 2 8192 2.001000000
1085 345 2 8192 2.001000000
1086 346 2 8192 2.001000000
1087 347 2 8192 2.001000000
1088 296 2 8192 2.001000000
1089 297 2 8192 2.001000000
1090 298 2 8192 2.001000000
1091 299 2 8192 2.001000000
1088 344 2 8192 2.001000000
1089 345 2 8192 2.001000000
1090 346 2 8192 2.001000000
1091 347 2 8192 2.001000000
1096 296 2 8192 2.001000000
1097 297 2 8192 2.001000000
1098 298 2 8192 2.001000000
1099 299 2 8192 2.001000000
1096 344 2 8192 2.001000000
1097 345 2 8192 2.001000000
1098 346 2 8192 2.001000000
1099 347 2 8192 2.001000000
1104 296 2 8192 2.001000000
1105 297 2 8192 2.001000000
1106 298 2 8192 2.001000000
1107 299 2 8192 2.001000000
1104 344 2 8192 2.001000000
1105 345 2 8192 2.001000000
1106 346 2 8192 2.001000000
1107 347 2 8192 2.001000000
1108 296 2 8192 2.001000000
1109 297 2 8192 2.001000000
1110 298 2 8192 2.001000000
1111 299 2 8192 2.001000000
1108 344 2 8192 2.001000000
1109 345 2 8192 2.001000000
1110 346 2 8192 2.001000000
1111 347 2 8192 2.001000000
1112 296 2 8192 2.001000000
1113 297 2 8192 2.001000000
1114 298 2 8192 2.001000000
1115 299 2 8192 2.001000000
1112 344 2 8192 2.001000000
1113 345 2 8192 2.001000000
1114 346 2 8192 2.001000000
1115 347 2 8192 2.001000000
1116 296 2 8192 2.001000000
1117 297 2 8192 2.001000000
1118 298 2 8192 2.001000000
1119 299 2 8192 2.001000000
1116 344 2 8192 2.001000000
1117 345 2 8192 2.001000000
1118 346 2 8192 2.001000000
1119 347 2 8192 2.001000000
1120 296 2 8192 2.001000000
1121 297 2 8192 2.001000000
1122 298 2 8192 2.001000000
1123 299 2 8192 2.001000000
1120 344 2 8192 2.001000000
1121 345 2 8192 2.001000000
1122 346 2 8192 2.001000000
1123 347 2 8192 2.001000000
1124 296 2 8192 2.001000000
1125 297 2 8192 2.001000000
1126 298 2 8192 2.001000000
1127 299 2 8192 2.001000000
1124 344 2 8192 2.001000000
1125 345 2 8192 2.001000000
1126 346 2 8192 2.001000000
1127 347 2 8192 2.001000000
1128 296 2 8192 2.001000000
1129 297 2 8192 2.001000000
1130 298 2 8192 2.001000000
1131 299 2 8192 2.001000000
1128 344 2 8192 2.001000000
1129 345 2 8192 2.001000000
1130 346 2 8192 2.001000000
1131 347 2 8192 2.001000000
1136 296 2 8192 2.001000000
1137 297 2 8192 2.001000000
1138 298 2 8192 2.001000000
1139 299 2 8192 2.001000000
1136 344 2 8192 2.001000000
1137 345 2 8192 2.001000000
1138 346 2 8192 2.001000000
1139 347 2 8192 2.001000000
1140 296 2 8192 2.001000000
1141 297 2 8192 2.001000000
1142 298 2 8192 2.001000000
1143 299 2 8192 2.001000000
1140 344 2 8192 2.001000000
1141 345 2 8192 2.001000000
1142 346 2 8192 2.001000000
1143 347 2 8192 2.001000000
1144 296 2 8192 2.001000000
1145 297 2 8192 2.001000000
1146 298 2 8192 2.001000000
1147 299 2 8192 2.001000000
1144 344 2 8192 2.001000000
1145 345 2 8192 2.001000000
1146 346 2 8192 2.001000000
1147 347 2 8192 2.001000000
1148 296 2 8192 2.001000000
1149 297 2 8192 2.001000000
1150 298 2 8192 2.001000000
1151 299 2 8192 2.001000000
1148 344 2 8192 2.001000000
1149 345 2 8192 2.001000000
1150 346 2 8192 2.001000000
1151 347 2 8192 2.001000000
1152 296 2 8192 2.001000000
1153 297 2 8192 2.001000000
1154 298 2 8192 2.001000000
1155 299 2 8192 2.001000000
1152 344 2 8192 2.001000000
1153 345 2 8192 2.001000000
1154 346 2 8192 2.001000000
1155 347 2 8192 2.001000000
1156 296 2 8192 2.001000000
1157 297 2 8192 2.001000000
1158 298 2 8192 2.001000000
1159 299 2 8192 2.001000000
1156 344 2 8192 2.001000000
1157 345 2 8192 2.001000000
1158 346 2 8192 2.001000000
1159 347 2 8192 2.001000000
1160 296 2 8192 2.001000000
1161 297 2 8192 2.001000000
1162 298 2 8192 2.001000000
1163 299 2 8192 2.001000000
1160 344 2 8192 2.001000000
1161 345 2 8192 2.001000000
1162 346 2 8192 2.001000000
1163 347 2 8192 2.001000000
1164 296 2 8192 2.001000000
1165 297 2 8192 2.001000000
1166 298 2 8192 2.001000000
1167 299 2 8192 2.001000000
1164 344 2 8192 2.001000000
1165 345 2 8192 2.001000000
1166 346 2 8192 2.001000000
1167 347 2 8192 2.001000000
1168 296 2 8192 2.001000000
1169 297 2 8192 2.001000000
1170 298 2 8192 2.001000000
1171 299 2 8192 2.001000000
1168 344 2 8192 2.001000000
1169 345 2 8192 2.001000000
1170 346 2 8192 2.001000000
1171 347 2 8192 2.001000000
1172 296 2 8192 2.001000000
1173 297 2 8192 2.001000000
1174 298 2 8192 2.001000000
1175 299 2 8192 2.001000000
1172 344 2 8192 2.001000000
1173 345 2 8192 2.001000000
1174 346 2 8192 2.001000000
1175 347 2 8192 2.001000000
1180 296 2 8192 2.001000000
1181 297 2 8192 2.001000000
1182 298 2 8192 2.001000000
1183 299 2 8192 2.001000000
1180 344 2 8192 2.001000000
1181 345 2 8192 2.001000000
1182 346 2 8192 2.001000000
1183 347 2 8192 2.001000000
1184 296 2 8192 2.001000000
1185 297 2 8192 2.001000000
1186 298 2 8192 2.001000000
1187 299 2 8192 2.001000000
1184 344 2 8192 2.001000000
1185 345 2 8192 2.001000000
1186 346 2 8192 2.001000000
1187 347 2 8192 2.001000000
1188 296 2 8192 2.001000000
1189 297 2 8192 2.001000000
1190 298 2 8192 2.001000000
1191 299 2 8192 2.001000000
1188 344 2 8192 2.001000000
1189 345 2 8192 2.001000000
1190 346 2 8192 2.001000000
1191 347 2 8192 2.001000000
1192 296 2 8192 2.001000000
1193 297 2 8192 2.001000000
1194 298 2 8192 2.001000000
1195 299 2 8192 2.001000000
1192 344 2 8192 2.001000000
1193 345 2 8192 2.001000000
1194 346 2 8192 2.001000000
1195 347 2 8192 2.001000000
1200 296 2 8192 2.001000000
1201 297 2 8192 2.001000000
1202 298 2 8192 2.001000000
1203 299 2 8192 2.001000000
1200 344 2 8192 2.001000000
1201 345 2 8192 2.001000000
1202 346 2 8192 2.001000000
1203 347 2 8192 2.001000000
1208 296 2 8192 2.001000000
1209 297 2 8192 2.001000000
1210 298 2 8192 2.001000000
1211 299 2 8192 2.001000000
1208 344 2 8192 2.001000000
1209 345 2 8192 2.001000000
1210 346 2 8192 2.001000000
1211 347 2 8192 2.001000000
1212 296 2 8192 2.001000000
1213 297 2 8192 2.001000000
1214 298 2 8192 2.001000000
1215 299 2 8192 2.001000000
1212 344 2 8192 2.001000000
1213 345 2 8192 2.001000000
1214 346 2 8192 2.001000000
1215 347 2 8192 2.001000000
1216 296 2 8192 2.001000000
1217 297 2 8192 2.001000000
1218 298 2 8192 2.001000000
1219 299 2 8192 2.001000000
1216 344 2 8192 2.001000000
1217 345 2 8192 2.001000000
1218 346 2 8192 2.001000000
1219 347 2 8192 2.001000000
1220 296 2 8192 2.001000000
1221 297 2 8192 2.001000000
1222 298 2 8192 2.001000000
1223 299 2 8192 2.001000000
1220 344 2 8192 2.001000000
1221 345 2 8192 2.001000000
1222 346 2 8192 2.001000000
1223 347 2 8192 2.001000000
1224 296 2 8192 2.001000000
1225 297 2 8192 2.001000000
1226 298 2 8192 2.001000000
1227 299 2 8192 2.001000000
1224 344 2 8192 2.001000000
1225 345 2 8192 2.001000000
1226 346 2 8192 2.001000000
1227 347 2 8192 2.001000000
1228 296 2 8192 2.001000000
1229 297 2 8192 2.001000000
1230 298 2 8192 2.001000000
1231 299 2 8192 2.001000000
1228 344 2 8192 2.001000000
1229 345 2 8192 2.001000000
1230 346 2 8192 2.001000000
1231 347 2 8192 2.001000000
1232 296 2 8192 2.001000000
1233 297 2 8192 2.001000000
1234 298 2 8192 2.001000000
1235 299 2 8192 2.001000000
1232 344 2 8192 2.001000000
1233 345 2 8192 2.001000000
1234 346 2 8192 2.001000000
1235 347 2 8192 2.001000000
1236 296 2 8192 2.001000000
1237 297 2 8192 2.001000000
1238 298 2 8192 2.001000000
1239 299 2 8192 2.001000000
1236 344 2 8192 2.001000000
1237 345 2 8192 2.001000000
1238 346 2 8192 2.001000000
1239 347 2 8192 2.001000000
1240 296 2 8192 2.001000000
1241 297 2 8192 2.001000000
1242 298 2 8192 2.001000000
1243 299 2 8192 2.001000000
1240 344 2 8192 2.001000000
1241 345 2 8192 2.001000000
1242 346 2 8192 2.001000000
1243 347 2 8192 2.001000000
1248 296 2 8192 2.001000000
1249 297 2 8192 2.001000000
1250 298 2 8192 2.001000000
1251 299 2 8192 2.001000000
1248 344 2 8192 2.001000000
1249 345 2 8192 2.001000000
1250 346 2 8192 2.001000000
1251 347 2 8192 2.001000000
1252 296 2 8192 2.001000000
1253 297 2 8192 2.001000000
1254 298 2 8192 2.001000000
1255 299 2 8192 2.001000000
1252 344 2 8192 2.001000000
1253 345 2 8192 2.001000000
1254 346 2 8192 2.001000000
1255 347 2 8192 2.001000000
1260 296 2 8192 2.001000000
1261 297 2 8192 2.001000000
1262 298 2 8192 2.001000000
1263 299 2 8192 2.001000000
1260 344 2 8192 2.001000000
1261 345 2 8192 2.001000000
1262 346 2 8192 2.001000000
1263 347 2 8192 2.001000000
1264 296 2 8192 2.001000000
1265 297 2 8192 2.001000000
1266 298 2 8192 2.001000000
1267 299 2 8192 2.001000000
1264 344 2 8192 2.001000000
1265 345 2 8192 2.001000000
1266 346 2 8192 2.001000000
1267 347 2 8192 2.001000000
1272 296 2 8192 2.001000000
1273 297 2 8192 2.001000000
1274 298 2 8192 2.001000000
1275 299 2 8192 2.001000000
1272 344 2 8192 2.001000000
1273 345 2 8192 2.001000000
1274 346 2 8192 2.001000000
1275 347 2 8192 2.001000000
1276 296 2 8192 2.001000000
1277 297 2 8192 2.001000000
1278 298 2 8192 2.001000000
1279 299 2 8192 2.001000000
1276 344 2 8192 2.001000000
1277 345 2 8192 2.001000000
1278 346 2 8192 2.001000000
1279 347 2 8192 2.001000000
0 296 2 8192 2.001000000
1 297 2 8192 2.001000000
2 298 2 8192 2.001000000
3 299 2 8192 2.001000000
0 76 2 8192 2.001000000
1 77 2 8192 2.001000000
2 78 2 8192 2.001000000
3 79 2 8192 2.001000000
8 296 2 8192 2.001000000
9 297 2 8192 2.001000000
10 298 2 8192 2.001000000
11 299 2 8192 2.001000000
8 76 2 8192 2.001000000
9 77 2 8192 2.001000000
10 78 2 8192 2.001000000
11 79 2 8192 2.001000000
12 296 2 8192 2.001000000
13 297 2 8192 2.001000000
14 298 2 8192 2.001000000
15 299 2 8192 2.001000000
12 76 2 8192 2.001000000
13 77 2 8192 2.001000000
14 78 2 8192 2.001000000
15 79 2 8192 2.001000000
16 296 2 8192 2.001000000
17 297 2 8192 2.001000000
18 298 2 8192 2.001000000
19 299 2 8192 2.001000000
16 76 2 8192 2.001000000
17 77 2 8192 2.001000000
18 78 2 8192 2.001000000
19 79 2 8192 2.001000000
24 296 2 8192 2.001000000
25 297 2 8192 2.001000000
26 298 2 8192 2.001000000
27 299 2 8192 2.001000000
24 76 2 8192 2.001000000
25 77 2 8192 2.001000000
26 78 2 8192 2.001000000
27 79 2 8192 2.001000000
28 296 2 8192 2.001000000
29 297 2 8192 2.001000000
30 298 2 8192 2.001000000
31 299 2 8192 2.001000000
28 76 2 8192 2.001000000
29 77 2 8192 2.001000000
30 78 2 8192 2.001000000
31 79 2 8192 2.001000000
32 296 2 8192 2.001000000
33 297 2 8192 2.001000000
34 298 2 8192 2.001000000
35 299 2 8192 2.001000000
32 76 2 8192 2.001000000
33 77 2 8192 2.001000000
34 78 2 8192 2.001000000
35 79 2 8192 2.001000000
36 296 2 8192 2.001000000
37 297 2 8192 2.001000000
38 298 2 8192 2.001000000
39 299 2 8192 2.001000000
36 76 2 8192 2.001000000
37 77 2 8192 2.001000000
38 78 2 8192 2.001000000
39 79 2 8192 2.001000000
48 296 2 8192 2.001000000
49 297 2 8192 2.001000000
50 298 2 8192 2.001000000
51 299 2 8192 2.001000000
48 76 2 8192 2.001000000
49 77 2 8192 2.001000000
50 78 2 8192 2.001000000
51 79 2 8192 2.001000000
52 296 2 8192 2.001000000
53 297 2 8192 2.001000000
54 298 2 8192 2.001000000
55 299 2 8192 2.001000000
52 76 2 8192 2.001000000
53 77 2 8192 2.001000000
54 78 2 8192 2.001000000
55 79 2 8192 2.001000000
56 296 2 8192 2.001000000
57 297 2 8192 2.001000000
58 298 2 8192 2.001000000
59 299 2 8192 2.001000000
56 76 2 8192 2.001000000
57 77 2 8192 2.001000000
58 78 2 8192 2.001000000
59 79 2 8192 2.001000000
60 296 2 8192 2.001000000
61 297 2 8192 2.001000000
62 298 2 8192 2.001000000
63 299 2 8192 2.001000000
60 76 2 8192 2.001000000
61 77 2 8192 2.001000000
62 78 2 8192 2.001000000
63 79 2 8192 2.001000000
64 296 2 8192 2.001000000
65 297 2 8192 2.001000000
66 298 2 8192 2.001000000
67 299 2 8192 2.001000000
64 76 2 8192 2.001000000
65 77 2 8192 2.001000000
66 78 2 8192 2.001000000
67 79 2 8192 2.001000000
68 296 2 8192 2.001000000
69 297 2 8192 2.001000000
70 298 2 8192 2.001000000
71 299 2 8192 2.001000000
68 76 2 8192 2.001000000
69 77 2 8192 2.001000000
70 78 2 8192 2.001000000
71 79 2 8192 2.001000000
72 296 2 8192 2.001000000
73 297 2 8192 2.001000000
74 298 2 8192 2.001000000
75 299 2 8192 2.001000000
72 76 2 8192 2.001000000
73 77 2 8192 2.001000000
74 78 2 8192 2.001000000
75 79 2 8192 2.001000000
80 296 2 8192 2.001000000
81 297 2 8192 2.001000000
82 298 2 8192 2.001000000
83 299 2 8192 2.001000000
80 76 2 8192 2.001000000
81 77 2 8192 2.001000000
82 78 2 8192 2.001000000
83 79 2 8192 2.001000000
84 296 2 8192 2.001000000
85 297 2 8192 2.001000000
86 298 2 8192 2.001000000
87 299 2 8192 2.001000000
84 76 2 8192 2.001000000
85 77 2 8192 2.001000000
86 78 2 8192 2.001000000
87 79 2 8192 2.001000000
88 296 2 8192 2.001000000
89 297 2 8192 2.001000000
90 298 2 8192 2.001000000
91 299 2 8192 2.001000000
88 76 2 8192 2.001000000
89 77 2 8192 2.001000000
90 78 2 8192 2.001000000
91 79 2 8192 2.001000000
92 296 2 8192 2.001000000
93 297 2 8192 2.001000000
94 298 2 8192 2.001000000
95 299 2 8192 2.001000000
92 76 2 8192 2.001000000
93 77 2 8192 2.001000000
94 78 2 8192 2.001000000
95 79 2 8192 2.001000000
96 296 2 8192 2.001000000
97 297 2 8192 2.001000000
98 298 2 8192 2.001000000
99 299 2 8192 2.001000000
96 76 2 8192 2.001000000
97 77 2 8192 2.001000000
98 78 2 8192 2.001000000
99 79 2 8192 2.001000000
108 296 2 8192 2.001000000
109 297 2 8192 2.001000000
110 298 2 8192 2.001000000
111 299 2 8192 2.001000000
108 76 2 8192 2.001000000
109 77 2 8192 2.001000000
110 78 2 8192 2.001000000
111 79 2 8192 2.001000000
112 296 2 8192 2.001000000
113 297 2 8192 2.001000000
114 298 2 8192 2.001000000
115 299 2 8192 2.001000000
112 76 2 8192 2.001000000
113 77 2 8192 2.001000000
114 78 2 8192 2.001000000
115 79 2 8192 2.001000000
116 296 2 8192 2.001000000
117 297 2 8192 2.001000000
118 298 2 8192 2.001000000
119 299 2 8192 2.001000000
116 76 2 8192 2.001000000
117 77 2 8192 2.001000000
118 78 2 8192 2.001000000
119 79 2 8192 2.001000000
120 296 2 8192 2.001000000
121 297 2 8192 2.001000000
122 298 2 8192 2.001000000
123 299 2 8192 2.001000000
120 76 2 8192 2.001000000
121 77 2 8192 2.001000000
122 78 2 8192 2.001000000
123 79 2 8192 2.001000000
124 296 2 8192 2.001000000
125 297 2 8192 2.001000000
126 298 2 8192 2.001000000
127 299 2 8192 2.001000000
124 76 2 8192 2.001000000
125 77 2 8192 2.001000000
126 78 2 8192 2.001000000
127 79 2 8192 2.001000000
128 296 2 8192 2.001000000
129 297 2 8192 2.001000000
130 298 2 8192 2.001000000
131 299 2 8192 2.001000000
128 76 2 8192 2.001000000
129 77 2 8192 2.001000000
130 78 2 8192 2.001000000
131 79 2 8192 2.001000000
140 296 2 8192 2.001000000
141 297 2 8192 2.001000000
142 298 2 8192 2.001000000
143 299 2 8192 2.001000000
140 76 2 8192 2.001000000
141 77 2 8192 2.001000000
142 78 2 8192 2.001000000
143 79 2 8192 2.001000000
144 296 2 8192 2.001000000
145 297 2 8192 2.001000000
146 298 2 8192 2.001000000
147 299 2 8192 2.001000000
144 76 2 8192 2.001000000
145 77 2 8192 2.001000000
146 78 2 8192 2.001000000
147 79 2 8192 2.001000000
156 296 2 8192 2.001000000
157 297 2 8192 2.001000000
158 298 2 8192 2.001000000
159 299 2 8192 2.001000000
156 76 2 8192 2.001000000
157 77 2 8192 2.001000000
158 78 2 8192 2.001000000
159 79 2 8192 2.001000000
160 296 2 8192 2.001000000
161 297 2 8192 2.001000000
162 298 2 8192 2.001000000
163 299 2 8192 2.001000000
160 76 2 8192 2.001000000
161 77 2 8192 2.001000000
162 78 2 8192 2.001000000
163 79 2 8192 2.001000000
164 296 2 8192 2.001000000
165 297 2 8192 2.001000000
166 298 2 8192 2.001000000
167 299 2 8192 2.001000000
164 76 2 8192 2.001000000
165 77 2 8192 2.001000000
166 78 2 8192 2.001000000
167 79 2 8192 2.001000000
168 296 2 8192 2.001000000
169 297 2 8192 2.001000000
170 298 2 8192 2.001000000
171 299 2 8192 2.001000000
168 76 2 8192 2.001000000
169 77 2 8192 2.001000000
170 78 2 8192 2.001000000
171 79 2 8192 2.001000000
172 296 2 8192 2.001000000
173 297 2 8192 2.001000000
174 298 2 8192 2.001000000
175 299 2 8192 2.001000000
172 76 2 8192 2.001000000
173 77 2 8192 2.001000000
174 78 2 8192 2.001000000
175 79 2 8192 2.001000000
176 296 2 8192 2.001000000
177 297 2 8192 2.001000000
178 298 2 8192 2.001000000
179 299 2 8192 2.001000000
176 76 2 8192 2.001000000
177 77 2 8192 2.001000000
178 78 2 8192 2.001000000
179 79 2 8192 2.001000000
180 296 2 8192 2.001000000
181 297 2 8192 2.001000000
182 298 2 8192 2.001000000
183 299 2 8192 2.001000000
180 76 2 8192 2.001000000
181 77 2 8192 2.001000000
182 78 2 8192 2.001000000
183 79 2 8192 2.001000000
188 296 2 8192 2.001000000
189 297 2 8192 2.001000000
190 298 2 8192 2.001000000
191 299 2 8192 2.001000000
188 76 2 8192 2.001000000
189 77 2 8192 2.001000000
190 78 2 8192 2.001000000
191 79 2 8192 2.001000000
196 296 2 8192 2.001000000
197 297 2 8192 2.001000000
198 298 2 8192 2.001000000
199 299 2 8192 2.001000000
196 76 2 8192 2.001000000
197 77 2 8192 2.001000000
198 78 2 8192 2.001000000
199 79 2 8192 2.001000000
200 296 2 8192 2.001000000
201 297 2 8192 2.001000000
202 298 2 8192 2.001000000
203 299 2 8192 2.001000000
200 76 2 8192 2.001000000
201 77 2 8192 2.001000000
202 78 2 8192 2.001000000
203 79 2 8192 2.001000000
204 296 2 8192 2.001000000
205 297 2 8192 2.001000000
206 298 2 8192 2.001000000
207 299 2 8192 2.001000000
204 76 2 8192 2.001000000
205 77 2 8192 2.001000000
206 78 2 8192 2.001000000
207 79 2 8192 2.001000000
208 296 2 8192 2.001000000
209 297 2 8192 2.001000000
210 298 2 8192 2.001000000
211 299 2 8192 2.001000000
208 76 2 8192 2.001000000
209 77 2 8192 2.001000000
210 78 2 8192 2.001000000
211 79 2 8192 2.001000000
216 296 2 8192 2.001000000
217 297 2 8192 2.001000000
218 298 2 8192 2.001000000
219 299 2 8192 2.001000000
216 76 2 8192 2.001000000
217 77 2 8192 2.001000000
218 78 2 8192 2.001000000
219 79 2 8192 2.001000000
220 296 2 8192 2.001000000
221 297 2 8192 2.001000000
222 298 2 8192 2.001000000
223 299 2 8192 2.001000000
220 76 2 8192 2.001000000
221 77 2 8192 2.001000000
222 78 2 8192 2.001000000
223 79 2 8192 2.001000000
224 296 2 8192 2.001000000
225 297 2 8192 2.001000000
226 298 2 8192 2.001000000
227 299 2 8192 2.001000000
224 76 2 8192 2.001000000
225 77 2 8192 2.001000000
226 78 2 8192 2.001000000
227 79 2 8192 2.001000000
228 296 2 8192 2.001000000
229 297 2 8192 2.001000000
230 298 2 8192 2.001000000
231 299 2 8192 2.001000000
228 76 2 8192 2.001000000
229 77 2 8192 2.001000000
230 78 2 8192 2.001000000
231 79 2 8192 2.001000000
232 296 2 8192 2.001000000
233 297 2 8192 2.001000000
234 298 2 8192 2.001000000
235 299 2 8192 2.001000000
232 76 2 8192 2.001000000
233 77 2 8192 2.001000000
234 78 2 8192 2.001000000
235 79 2 8192 2.001000000
236 296 2 8192 2.001000000
237 297 2 8192 2.001000000
238 298 2 8192 2.001000000
239 299 2 8192 2.001000000
236 76 2 8192 2.001000000
237 77 2 8192 2.001000000
238 78 2 8192 2.001000000
239 79 2 8192 2.001000000
240 296 2 8192 2.001000000
241 297 2 8192 2.001000000
242 298 2 8192 2.001000000
243 299 2 8192 2.001000000
240 76 2 8192 2.001000000
241 77 2 8192 2.001000000
242 78 2 8192 2.001000000
243 79 2 8192 2.001000000
244 296 2 8192 2.001000000
245 297 2 8192 2.001000000
246 298 2 8192 2.001000000
247 299 2 8192 2.001000000
244 76 2 8192 2.001000000
245 77 2 8192 2.001000000
246 78 2 8192 2.001000000
247 79 2 8192 2.001000000
248 296 2 8192 2.001000000
249 297 2 8192 2.001000000
250 298 2 8192 2.001000000
251 299 2 8192 2.001000000
248 76 2 8192 2.001000000
249 77 2 8192 2.001000000
250 78 2 8192 2.001000000
251 79 2 8192 2.001000000
252 296 2 8192 2.001000000
253 297 2 8192 2.001000000
254 298 2 8192 2.001000000
255 299 2 8192 2.001000000
252 76 2 8192 2.001000000
253 77 2 8192 2.001000000
254 78 2 8192 2.001000000
255 79 2 8192 2.001000000
256 296 2 8192 2.001000000
257 297 2 8192 2.001000000
258 298 2 8192 2.001000000
259 299 2 8192 2.001000000
256 76 2 8192 2.001000000
257 77 2 8192 2.001000000
258 78 2 8192 2.001000000
259 79 2 8192 2.001000000
260 296 2 8192 2.001000000
261 297 2 8192 2.001000000
262 298 2 8192 2.001000000
263 299 2 8192 2.001000000
260 76 2 8192 2.001000000
261 77 2 8192 2.001000000
262 78 2 8192 2.001000000
263 79 2 8192 2.001000000
264 296 2 8192 2.001000000
265 297 2 8192 2.001000000
266 298 2 8192 2.001000000
267 299 2 8192 2.001000000
264 76 2 8192 2.001000000
265 77 2 8192 2.001000000
266 78 2 8192 2.001000000
267 79 2 8192 2.001000000
268 296 2 8192 2.001000000
269 297 2 8192 2.001000000
270 298 2 8192 2.001000000
271 299 2 8192 2.001000000
268 76 2 8192 2.001000000
269 77 2 8192 2.001000000
270 78 2 8192 2.001000000
271 79 2 8192 2.001000000
272 296 2 8192 2.001000000
273 297 2 8192 2.001000000
274 298 2 8192 2.001000000
275 299 2 8192 2.001000000
272 76 2 8192 2.001000000
273 77 2 8192 2.001000000
274 78 2 8192 2.001000000
275 79 2 8192 2.001000000
276 296 2 8192 2.001000000
277 297 2 8192 2.001000000
278 298 2 8192 2.001000000
279 299 2 8192 2.001000000
276 76 2 8192 2.001000000
277 77 2 8192 2.001000000
278 78 2 8192 2.001000000
279 79 2 8192 2.001000000
280 296 2 8192 2.001000000
281 297 2 8192 2.001000000
282 298 2 8192 2.001000000
283 299 2 8192 2.001000000
280 76 2 8192 2.001000000
281 77 2 8192 2.001000000
282 78 2 8192 2.001000000
283 79 2 8192 2.001000000
284 296 2 8192 2.001000000
285 297 2 8192 2.001000000
286 298 2 8192 2.001000000
287 299 2 8192 2.001000000
284 76 2 8192 2.001000000
285 77 2 8192 2.001000000
286 78 2 8192 2.001000000
287 79 2 8192 2.001000000
292 296 2 8192 2.001000000
293 297 2 8192 2.001000000
294 298 2 8192 2.001000000
295 299 2 8192 2.001000000
292 76 2 8192 2.001000000
293 77 2 8192 2.001000000
294 78 2 8192 2.001000000
295 79 2 8192 2.001000000
300 296 2 8192 2.001000000
301 297 2 8192 2.001000000
302 298 2 8192 2.001000000
303 299 2 8192 2.001000000
300 76 2 8192 2.001000000
301 77 2 8192 2.001000000
302 78 2 8192 2.001000000
303 79 2 8192 2.001000000
304 296 2 8192 2.001000000
305 297 2 8192 2.001000000
306 298 2 8192 2.001000000
307 299 2 8192 2.001000000
304 76 2 8192 2.001000000
305 77 2 8192 2.001000000
306 78 2 8192 2.001000000
307 79 2 8192 2.001000000
312 296 2 8192 2.001000000
313 297 2 8192 2.001000000
314 298 2 8192 2.001000000
315 299 2 8192 2.001000000
312 76 2 8192 2.001000000
313 77 2 8192 2.001000000
314 78 2 8192 2.001000000
315 79 2 8192 2.001000000
316 296 2 8192 2.001000000
317 297 2 8192 2.001000000
318 298 2 8192 2.001000000
319 299 2 8192 2.001000000
316 76 2 8192 2.001000000
317 77 2 8192 2.001000000
318 78 2 8192 2.001000000
319 79 2 8192 2.001000000
320 296 2 8192 2.001000000
321 297 2 8192 2.001000000
322 298 2 8192 2.001000000
323 299 2 8192 2.001000000
320 76 2 8192 2.001000000
321 77 2 8192 2.001000000
322 78 2 8192 2.001000000
323 79 2 8192 2.001000000
324 296 2 8192 2.001000000
325 297 2 8192 2.001000000
326 298 2 8192 2.001000000
327 299 2 8192 2.001000000
324 76 2 8192 2.001000000
325 77 2 8192 2.001000000
326 78 2 8192 2.001000000
327 79 2 8192 2.001000000
328 296 2 8192 2.001000000
329 297 2 8192 2.001000000
330 298 2 8192 2.001000000
331 299 2 8192 2.001000000
328 76 2 8192 2.001000000
329 77 2 8192 2.001000000
330 78 2 8192 2.001000000
331 79 2 8192 2.001000000
332 296 2 8192 2.001000000
333 297 2 8192 2.001000000
334 298 2 8192 2.001000000
335 299 2 8192 2.001000000
332 76 2 8192 2.001000000
333 77 2 8192 2.001000000
334 78 2 8192 2.001000000
335 79 2 8192 2.001000000
336 296 2 8192 2.001000000
337 297 2 8192 2.001000000
338 298 2 8192 2.001000000
339 299 2 8192 2.001000000
336 76 2 8192 2.001000000
337 77 2 8192 2.001000000
338 78 2 8192 2.001000000
339 79 2 8192 2.001000000
340 296 2 8192 2.001000000
341 297 2 8192 2.001000000
342 298 2 8192 2.001000000
343 299 2 8192 2.001000000
340 76 2 8192 2.001000000
341 77 2 8192 2.001000000
342 78 2 8192 2.001000000
343 79 2 8192 2.001000000
348 296 2 8192 2.001000000
349 297 2 8192 2.001000000
350 298 2 8192 2.001000000
351 299 2 8192 2.001000000
348 76 2 8192 2.001000000
349 77 2 8192 2.001000000
350 78 2 8192 2.001000000
351 79 2 8192 2.001000000
360 296 2 8192 2.001000000
361 297 2 8192 2.001000000
362 298 2 8192 2.001000000
363 299 2 8192 2.001000000
360 76 2 8192 2.001000000
361 77 2 8192 2.001000000
362 78 2 8192 2.001000000
363 79 2 8192 2.001000000
364 296 2 8192 2.001000000
365 297 2 8192 2.001000000
366 298 2 8192 2.001000000
367 299 2 8192 2.001000000
364 76 2 8192 2.001000000
365 77 2 8192 2.001000000
366 78 2 8192 2.001000000
367 79 2 8192 2.001000000
368 296 2 8192 2.001000000
369 297 2 8192 2.001000000
370 298 2 8192 2.001000000
371 299 2 8192 2.001000000
368 76 2 8192 2.001000000
369 77 2 8192 2.001000000
370 78 2 8192 2.001000000
371 79 2 8192 2.001000000
380 296 2 8192 2.001000000
381 297 2 8192 2.001000000
382 298 2 8192 2.001000000
383 299 2 8192 2.001000000
380 76 2 8192 2.001000000
381 77 2 8192 2.001000000
382 78 2 8192 2.001000000
383 79 2 8192 2.001000000
388 296 2 8192 2.001000000
389 297 2 8192 2.001000000
390 298 2 8192 2.001000000
391 299 2 8192 2.001000000
388 76 2 8192 2.001000000
389 77 2 8192 2.001000000
390 78 2 8192 2.001000000
391 79 2 8192 2.001000000
392 296 2 8192 2.001000000
393 297 2 8192 2.001000000
394 298 2 8192 2.001000000
395 299 2 8192 2.001000000
392 76 2 8192 2.001000000
393 77 2 8192 2.001000000
394 78 2 8192 2.001000000
395 79 2 8192 2.001000000
404 296 2 8192 2.001000000
405 297 2 8192 2.001000000
406 298 2 8192 2.001000000
407 299 2 8192 2.001000000
404 76 2 8192 2.001000000
405 77 2 8192 2.001000000
406 78 2 8192 2.001000000
407 79 2 8192 2.001000000
408 296 2 8192 2.001000000
409 297 2 8192 2.001000000
410 298 2 8192 2.001000000
411 299 2 8192 2.001000000
408 76 2 8192 2.001000000
409 77 2 8192 2.001000000
410 78 2 8192 2.001000000
411 79 2 8192 2.001000000
416 296 2 8192 2.001000000
417 297 2 8192 2.001000000
418 298 2 8192 2.001000000
419 299 2 8192 2.001000000
416 76 2 8192 2.001000000
417 77 2 8192 2.001000000
418 78 2 8192 2.001000000
419 79 2 8192 2.001000000
428 296 2 8192 2.001000000
429 297 2 8192 2.001000000
430 298 2 8192 2.001000000
431 299 2 8192 2.001000000
428 76 2 8192 2.001000000
429 77 2 8192 2.001000000
430 78 2 8192 2.001000000
431 79 2 8192 2.001000000
432 296 2 8192 2.001000000
433 297 2 8192 2.001000000
434 298 2 8192 2.001000000
435 299 2 8192 2.001000000
432 76 2 8192 2.001000000
433 77 2 8192 2.001000000
434 78 2 8192 2.001000000
435 79 2 8192 2.001000000
436 296 2 8192 2.001000000
437 297 2 8192 2.001000000
438 298 2 8192 2.001000000
439 299 2 8192 2.001000000
436 76 2 8192 2.001000000
437 77 2 8192 2.001000000
438 78 2 8192 2.001000000
439 79 2 8192 2.001000000
440 296 2 8192 2.001000000
441 297 2 8192 2.001000000
442 298 2 8192 2.001000000
443 299 2 8192 2.001000000
440 76 2 8192 2.001000000
441 77 2 8192 2.001000000
442 78 2 8192 2.001000000
443 79 2 8192 2.001000000
444 296 2 8192 2.001000000
445 297 2 8192 2.001000000
446 298 2 8192 2.001000000
447 299 2 8192 2.001000000
444 76 2 8192 2.001000000
445 77 2 8192 2.001000000
446 78 2 8192 2.001000000
447 79 2 8192 2.001000000
448 296 2 8192 2.001000000
449 297 2 8192 2.001000000
450 298 2 8192 2.001000000
451 299 2 8192 2.001000000
448 76 2 8192 2.001000000
449 77 2 8192 2.001000000
450 78 2 8192 2.001000000
451 79 2 8192 2.001000000
452 296 2 8192 2.001000000
453 297 2 8192 2.001000000
454 298 2 8192 2.001000000
455 299 2 8192 2.001000000
452 76 2 8192 2.001000000
453 77 2 8192 2.001000000
454 78 2 8192 2.001000000
455 79 2 8192 2.001000000
456 296 2 8192 2.001000000
457 297 2 8192 2.001000000
458 298 2 8192 2.001000000
459 299 2 8192 2.001000000
456 76 2 8192 2.001000000
457 77 2 8192 2.001000000
458 78 2 8192 2.001000000
459 79 2 8192 2.001000000
460 296 2 8192 2.001000000
461 297 2 8192 2.001000000
462 298 2 8192 2.001000000
463 299 2 8192 2.001000000
460 76 2 8192 2.001000000
461 77 2 8192 2.001000000
462 78 2 8192 2.001000000
463 79 2 8192 2.001000000
464 296 2 8192 2.001000000
465 297 2 8192 2.001000000
466 298 2 8192 2.001000000
467 299 2 8192 2.001000000
464 76 2 8192 2.001000000
465 77 2 8192 2.001000000
466 78 2 8192 2.001000000
467 79 2 8192 2.001000000
468 296 2 8192 2.001000000
469 297 2 8192 2.001000000
470 298 2 8192 2.001000000
471 299 2 8192 2.001000000
468 76 2 8192 2.001000000
469 77 2 8192 2.001000000
470 78 2 8192 2.001000000
471 79 2 8192 2.001000000
472 296 2 8192 2.001000000
473 297 2 8192 2.001000000
474 298 2 8192 2.001000000
475 299 2 8192 2.001000000
472 76 2 8192 2.001000000
473 77 2 8192 2.001000000
474 78 2 8192 2.001000000
475 79 2 8192 2.001000000
476 296 2 8192 2.001000000
477 297 2 8192 2.001000000
478 298 2 8192 2.001000000
479 299 2 8192 2.001000000
476 76 2 8192 2.001000000
477 77 2 8192 2.001000000
478 78 2 8192 2.001000000
479 79 2 8192 2.001000000
484 296 2 8192 2.001000000
485 297 2 8192 2.001000000
486 298 2 8192 2.001000000
487 299 2 8192 2.001000000
484 76 2 8192 2.001000000
485 77 2 8192 2.001000000
486 78 2 8192 2.001000000
487 79 2 8192 2.001000000
492 296 2 8192 2.001000000
493 297 2 8192 2.001000000
494 298 2 8192 2.001000000
495 299 2 8192 2.001000000
492 76 2 8192 2.001000000
493 77 2 8192 2.001000000
494 78 2 8192 2.001000000
495 79 2 8192 2.001000000
496 296 2 8192 2.001000000
497 297 2 8192 2.001000000
498 298 2 8192 2.001000000
499 299 2 8192 2.001000000
496 76 2 8192 2.001000000
497 77 2 8192 2.001000000
498 78 2 8192 2.001000000
499 79 2 8192 2.001000000
500 296 2 8192 2.001000000
501 297 2 8192 2.001000000
502 298 2 8192 2.001000000
503 299 2 8192 2.001000000
500 76 2 8192 2.001000000
501 77 2 8192 2.001000000
502 78 2 8192 2.001000000
503 79 2 8192 2.001000000
504 296 2 8192 2.001000000
505 297 2 8192 2.001000000
506 298 2 8192 2.001000000
507 299 2 8192 2.001000000
504 76 2 8192 2.001000000
505 77 2 8192 2.001000000
506 78 2 8192 2.001000000
507 79 2 8192 2.001000000
508 296 2 8192 2.001000000
509 297 2 8192 2.001000000
510 298 2 8192 2.001000000
511 299 2 8192 2.001000000
508 76 2 8192 2.001000000
509 77 2 8192 2.001000000
510 78 2 8192 2.001000000
511 79 2 8192 2.001000000
512 296 2 8192 2.001000000
513 297 2 8192 2.001000000
514 298 2 8192 2.001000000
515 299 2 8192 2.001000000
512 76 2 8192 2.001000000
513 77 2 8192 2.001000000
514 78 2 8192 2.001000000
515 79 2 8192 2.001000000
516 296 2 8192 2.001000000
517 297 2 8192 2.001000000
518 298 2 8192 2.001000000
519 299 2 8192 2.001000000
516 76 2 8192 2.001000000
517 77 2 8192 2.001000000
518 78 2 8192 2.001000000
519 79 2 8192 2.001000000
520 296 2 8192 2.001000000
521 297 2 8192 2.001000000
522 298 2 8192 2.001000000
523 299 2 8192 2.001000000
520 76 2 8192 2.001000000
521 77 2 8192 2.001000000
522 78 2 8192 2.001000000
523 79 2 8192 2.001000000
524 296 2 8192 2.001000000
525 297 2 8192 2.001000000
526 298 2 8192 2.001000000
527 299 2 8192 2.001000000
524 76 2 8192 2.001000000
525 77 2 8192 2.001000000
526 78 2 8192 2.001000000
527 79 2 8192 2.001000000
536 296 2 8192 2.001000000
537 297 2 8192 2.001000000
538 298 2 8192 2.001000000
539 299 2 8192 2.001000000
536 76 2 8192 2.001000000
537 77 2 8192 2.001000000
538 78 2 8192 2.001000000
539 79 2 8192 2.001000000
540 296 2 8192 2.001000000
541 297 2 8192 2.001000000
542 298 2 8192 2.001000000
543 299 2 8192 2.001000000
540 76 2 8192 2.001000000
541 77 2 8192 2.001000000
542 78 2 8192 2.001000000
543 79 2 8192 2.001000000
544 296 2 8192 2.001000000
545 297 2 8192 2.001000000
546 298 2 8192 2.001000000
547 299 2 8192 2.001000000
544 76 2 8192 2.001000000
545 77 2 8192 2.001000000
546 78 2 8192 2.001000000
547 79 2 8192 2.001000000
548 296 2 8192 2.001000000
549 297 2 8192 2.001000000
550 298 2 8192 2.001000000
551 299 2 8192 2.001000000
548 76 2 8192 2.001000000
549 77 2 8192 2.001000000
550 78 2 8192 2.001000000
551 79 2 8192 2.001000000
552 296 2 8192 2.001000000
553 297 2 8192 2.001000000
554 298 2 8192 2.001000000
555 299 2 8192 2.001000000
552 76 2 8192 2.001000000
553 77 2 8192 2.001000000
554 78 2 8192 2.001000000
555 79 2 8192 2.001000000
560 296 2 8192 2.001000000
561 297 2 8192 2.001000000
562 298 2 8192 2.001000000
563 299 2 8192 2.001000000
560 76 2 8192 2.001000000
561 77 2 8192 2.001000000
562 78 2 8192 2.001000000
563 79 2 8192 2.001000000
564 296 2 8192 2.001000000
565 297 2 8192 2.001000000
566 298 2 8192 2.001000000
567 299 2 8192 2.001000000
564 76 2 8192 2.001000000
565 77 2 8192 2.001000000
566 78 2 8192 2.001000000
567 79 2 8192 2.001000000
568 296 2 8192 2.001000000
569 297 2 8192 2.001000000
570 298 2 8192 2.001000000
571 299 2 8192 2.001000000
568 76 2 8192 2.001000000
569 77 2 8192 2.001000000
570 78 2 8192 2.001000000
571 79 2 8192 2.001000000
572 296 2 8192 2.001000000
573 297 2 8192 2.001000000
574 298 2 8192 2.001000000
575 299 2 8192 2.001000000
572 76 2 8192 2.001000000
573 77 2 8192 2.001000000
574 78 2 8192 2.001000000
575 79 2 8192 2.001000000
576 296 2 8192 2.001000000
577 297 2 8192 2.001000000
578 298 2 8192 2.001000000
579 299 2 8192 2.001000000
576 76 2 8192 2.001000000
577 77 2 8192 2.001000000
578 78 2 8192 2.001000000
579 79 2 8192 2.001000000
580 296 2 8192 2.001000000
581 297 2 8192 2.001000000
582 298 2 8192 2.001000000
583 299 2 8192 2.001000000
580 76 2 8192 2.001000000
581 77 2 8192 2.001000000
582 78 2 8192 2.001000000
583 79 2 8192 2.001000000
588 296 2 8192 2.001000000
589 297 2 8192 2.001000000
590 298 2 8192 2.001000000
591 299 2 8192 2.001000000
588 76 2 8192 2.001000000
589 77 2 8192 2.001000000
590 78 2 8192 2.001000000
591 79 2 8192 2.001000000
592 296 2 8192 2.001000000
593 297 2 8192 2.001000000
594 298 2 8192 2.001000000
595 299 2 8192 2.001000000
592 76 2 8192 2.001000000
593 77 2 8192 2.001000000
594 78 2 8192 2.001000000
595 79 2 8192 2.001000000
596 296 2 8192 2.001000000
597 297 2 8192 2.001000000
598 298 2 8192 2.001000000
599 299 2 8192 2.001000000
596 76 2 8192 2.001000000
597 77 2 8192 2.001000000
598 78 2 8192 2.001000000
599 79 2 8192 2.001000000
600 296 2 8192 2.001000000
601 297 2 8192 2.001000000
602 298 2 8192 2.001000000
603 299 2 8192 2.001000000
600 76 2 8192 2.001000000
601 77 2 8192 2.001000000
602 78 2 8192 2.001000000
603 79 2 8192 2.001000000
608 296 2 8192 2.001000000
609 297 2 8192 2.001000000
610 298 2 8192 2.001000000
611 299 2 8192 2.001000000
608 76 2 8192 2.001000000
609 77 2 8192 2.001000000
610 78 2 8192 2.001000000
611 79 2 8192 2.001000000
612 296 2 8192 2.001000000
613 297 2 8192 2.001000000
614 298 2 8192 2.001000000
615 299 2 8192 2.001000000
612 76 2 8192 2.001000000
613 77 2 8192 2.001000000
614 78 2 8192 2.001000000
615 79 2 8192 2.001000000
620 296 2 8192 2.001000000
621 297 2 8192 2.001000000
622 298 2 8192 2.001000000
623 299 2 8192 2.001000000
620 76 2 8192 2.001000000
621 77 2 8192 2.001000000
622 78 2 8192 2.001000000
623 79 2 8192 2.001000000
624 296 2 8192 2.001000000
625 297 2 8192 2.001000000
626 298 2 8192 2.001000000
627 299 2 8192 2.001000000
624 76 2 8192 2.001000000
625 77 2 8192 2.001000000
626 78 2 8192 2.001000000
627 79 2 8192 2.001000000
632 296 2 8192 2.001000000
633 297 2 8192 2.001000000
634 298 2 8192 2.001000000
635 299 2 8192 2.001000000
632 76 2 8192 2.001000000
633 77 2 8192 2.001000000
634 78 2 8192 2.001000000
635 79 2 8192 2.001000000
636 296 2 8192 2.001000000
637 297 2 8192 2.001000000
638 298 2 8192 2.001000000
639 299 2 8192 2.001000000
636 76 2 8192 2.001000000
637 77 2 8192 2.001000000
638 78 2 8192 2.001000000
639 79 2 8192 2.001000000
640 296 2 8192 2.001000000
641 297 2 8192 2.001000000
642 298 2 8192 2.001000000
643 299 2 8192 2.001000000
640 76 2 8192 2.001000000
641 77 2 8192 2.001000000
642 78 2 8192 2.001000000
643 79 2 8192 2.001000000
644 296 2 8192 2.001000000
645 297 2 8192 2.001000000
646 298 2 8192 2.001000000
647 299 2 8192 2.001000000
644 76 2 8192 2.001000000
645 77 2 8192 2.001000000
646 78 2 8192 2.001000000
647 79 2 8192 2.001000000
648 296 2 8192 2.001000000
649 297 2 8192 2.001000000
650 298 2 8192 2.001000000
651 299 2 8192 2.001000000
648 76 2 8192 2.001000000
649 77 2 8192 2.001000000
650 78 2 8192 2.001000000
651 79 2 8192 2.001000000
652 296 2 8192 2.001000000
653 297 2 8192 2.001000000
654 298 2 8192 2.001000000
655 299 2 8192 2.001000000
652 76 2 8192 2.001000000
653 77 2 8192 2.001000000
654 78 2 8192 2.001000000
655 79 2 8192 2.001000000
656 296 2 8192 2.001000000
657 297 2 8192 2.001000000
658 298 2 8192 2.001000000
659 299 2 8192 2.001000000
656 76 2 8192 2.001000000
657 77 2 8192 2.001000000
658 78 2 8192 2.001000000
659 79 2 8192 2.001000000
660 296 2 8192 2.001000000
661 297 2 8192 2.001000000
662 298 2 8192 2.001000000
663 299 2 8192 2.001000000
660 76 2 8192 2.001000000
661 77 2 8192 2.001000000
662 78 2 8192 2.001000000
663 79 2 8192 2.001000000
668 296 2 8192 2.001000000
669 297 2 8192 2.001000000
670 298 2 8192 2.001000000
671 299 2 8192 2.001000000
668 76 2 8192 2.001000000
669 77 2 8192 2.001000000
670 78 2 8192 2.001000000
671 79 2 8192 2.001000000
672 296 2 8192 2.001000000
673 297 2 8192 2.001000000
674 298 2 8192 2.001000000
675 299 2 8192 2.001000000
672 76 2 8192 2.001000000
673 77 2 8192 2.001000000
674 78 2 8192 2.001000000
675 79 2 8192 2.001000000
676 296 2 8192 2.001000000
677 297 2 8192 2.001000000
678 298 2 8192 2.001000000
679 299 2 8192 2.001000000
676 76 2 8192 2.001000000
677 77 2 8192 2.001000000
678 78 2 8192 2.001000000
679 79 2 8192 2.001000000
688 296 2 8192 2.001000000
689 297 2 8192 2.001000000
690 298 2 8192 2.001000000
691 299 2 8192 2.001000000
688 76 2 8192 2.001000000
689 77 2 8192 2.001000000
690 78 2 8192 2.001000000
691 79 2 8192 2.001000000
692 296 2 8192 2.001000000
693 297 2 8192 2.001000000
694 298 2 8192 2.001000000
695 299 2 8192 2.001000000
692 76 2 8192 2.001000000
693 77 2 8192 2.001000000
694 78 2 8192 2.001000000
695 79 2 8192 2.001000000
696 296 2 8192 2.001000000
697 297 2 8192 2.001000000
698 298 2 8192 2.001000000
699 299 2 8192 2.001000000
696 76 2 8192 2.001000000
697 77 2 8192 2.001000000
698 78 2 8192 2.001000000
699 79 2 8192 2.001000000
700 296 2 8192 2.001000000
701 297 2 8192 2.001000000
702 298 2 8192 2.001000000
703 299 2 8192 2.001000000
700 76 2 8192 2.001000000
701 77 2 8192 2.001000000
702 78 2 8192 2.001000000
703 79 2 8192 2.001000000
704 296 2 8192 2.001000000
705 297 2 8192 2.001000000
706 298 2 8192 2.001000000
707 299 2 8192 2.001000000
704 76 2 8192 2.001000000
705 77 2 8192 2.001000000
706 78 2 8192 2.001000000
707 79 2 8192 2.001000000
712 296 2 8192 2.001000000
713 297 2 8192 2.001000000
714 298 2 8192 2.001000000
715 299 2 8192 2.001000000
712 76 2 8192 2.001000000
713 77 2 8192 2.001000000
714 78 2 8192 2.001000000
715 79 2 8192 2.001000000
716 296 2 8192 2.001000000
717 297 2 8192 2.001000000
718 298 2 8192 2.001000000
719 299 2 8192 2.001000000
716 76 2 8192 2.001000000
717 77 2 8192 2.001000000
718 78 2 8192 2.001000000
719 79 2 8192 2.001000000
724 296 2 8192 2.001000000
725 297 2 8192 2.001000000
726 298 2 8192 2.001000000
727 299 2 8192 2.001000000
724 76 2 8192 2.001000000
725 77 2 8192 2.001000000
726 78 2 8192 2.001000000
727 79 2 8192 2.001000000
732 296 2 8192 2.001000000
733 297 2 8192 2.001000000
734 298 2 8192 2.001000000
735 299 2 8192 2.001000000
732 76 2 8192 2.001000000
733 77 2 8192 2.001000000
734 78 2 8192 2.001000000
735 79 2 8192 2.001000000
736 296 2 8192 2.001000000
737 297 2 8192 2.001000000
738 298 2 8192 2.001000000
739 299 2 8192 2.001000000
736 76 2 8192 2.001000000
737 77 2 8192 2.001000000
738 78 2 8192 2.001000000
739 79 2 8192 2.001000000
740 296 2 8192 2.001000000
741 297 2 8192 2.001000000
742 298 2 8192 2.001000000
743 299 2 8192 2.001000000
740 76 2 8192 2.001000000
741 77 2 8192 2.001000000
742 78 2 8192 2.001000000
743 79 2 8192 2.001000000
744 296 2 8192 2.001000000
745 297 2 8192 2.001000000
746 298 2 8192 2.001000000
747 299 2 8192 2.001000000
744 76 2 8192 2.001000000
745 77 2 8192 2.001000000
746 78 2 8192 2.001000000
747 79 2 8192 2.001000000
748 296 2 8192 2.001000000
749 297 2 8192 2.001000000
750 298 2 8192 2.001000000
751 299 2 8192 2.001000000
748 76 2 8192 2.001000000
749 77 2 8192 2.001000000
750 78 2 8192 2.001000000
751 79 2 8192 2.001000000
752 296 2 8192 2.001000000
753 297 2 8192 2.001000000
754 298 2 8192 2.001000000
755 299 2 8192 2.001000000
752 76 2 8192 2.001000000
753 77 2 8192 2.001000000
754 78 2 8192 2.001000000
755 79 2 8192 2.001000000
756 296 2 8192 2.001000000
757 297 2 8192 2.001000000
758 298 2 8192 2.001000000
759 299 2 8192 2.001000000
756 76 2 8192 2.001000000
757 77 2 8192 2.001000000
758 78 2 8192 2.001000000
759 79 2 8192 2.001000000
760 296 2 8192 2.001000000
761 297 2 8192 2.001000000
762 298 2 8192 2.001000000
763 299 2 8192 2.001000000
760 76 2 8192 2.001000000
761 77 2 8192 2.001000000
762 78 2 8192 2.001000000
763 79 2 8192 2.001000000
764 296 2 8192 2.001000000
765 297 2 8192 2.001000000
766 298 2 8192 2.001000000
767 299 2 8192 2.001000000
764 76 2 8192 2.001000000
765 77 2 8192 2.001000000
766 78 2 8192 2.001000000
767 79 2 8192 2.001000000
772 296 2 8192 2.001000000
773 297 2 8192 2.001000000
774 298 2 8192 2.001000000
775 299 2 8192 2.001000000
772 76 2 8192 2.001000000
773 77 2 8192 2.001000000
774 78 2 8192 2.001000000
775 79 2 8192 2.001000000
776 296 2 8192 2.001000000
777 297 2 8192 2.001000000
778 298 2 8192 2.001000000
779 299 2 8192 2.001000000
776 76 2 8192 2.001000000
777 77 2 8192 2.001000000
778 78 2 8192 2.001000000
779 79 2 8192 2.001000000
780 296 2 8192 2.001000000
781 297 2 8192 2.001000000
782 298 2 8192 2.001000000
783 299 2 8192 2.001000000
780 76 2 8192 2.001000000
781 77 2 8192 2.001000000
782 78 2 8192 2.001000000
783 79 2 8192 2.001000000
784 296 2 8192 2.001000000
785 297 2 8192 2.001000000
786 298 2 8192 2.001000000
787 299 2 8192 2.001000000
784 76 2 8192 2.001000000
785 77 2 8192 2.001000000
786 78 2 8192 2.001000000
787 79 2 8192 2.001000000
788 296 2 8192 2.001000000
789 297 2 8192 2.001000000
790 298 2 8192 2.001000000
791 299 2 8192 2.001000000
788 76 2 8192 2.001000000
789 77 2 8192 2.001000000
790 78 2 8192 2.001000000
791 79 2 8192 2.001000000
792 296 2 8192 2.001000000
793 297 2 8192 2.001000000
794 298 2 8192 2.001000000
795 299 2 8192 2.001000000
792 76 2 8192 2.001000000
793 77 2 8192 2.001000000
794 78 2 8192 2.001000000
795 79 2 8192 2.001000000
804 296 2 8192 2.001000000
805 297 2 8192 2.001000000
806 298 2 8192 2.001000000
807 299 2 8192 2.001000000
804 76 2 8192 2.001000000
805 77 2 8192 2.001000000
806 78 2 8192 2.001000000
807 79 2 8192 2.001000000
808 296 2 8192 2.001000000
809 297 2 8192 2.001000000
810 298 2 8192 2.001000000
811 299 2 8192 2.001000000
808 76 2 8192 2.001000000
809 77 2 8192 2.001000000
810 78 2 8192 2.001000000
811 79 2 8192 2.001000000
812 296 2 8192 2.001000000
813 297 2 8192 2.001000000
814 298 2 8192 2.001000000
815 299 2 8192 2.001000000
812 76 2 8192 2.001000000
813 77 2 8192 2.001000000
814 78 2 8192 2.001000000
815 79 2 8192 2.001000000
816 296 2 8192 2.001000000
817 297 2 8192 2.001000000
818 298 2 8192 2.001000000
819 299 2 8192 2.001000000
816 76 2 8192 2.001000000
817 77 2 8192 2.001000000
818 78 2 8192 2.001000000
819 79 2 8192 2.001000000
820 296 2 8192 2.001000000
821 297 2 8192 2.001000000
822 298 2 8192 2.001000000
823 299 2 8192 2.001000000
820 76 2 8192 2.001000000
821 77 2 8192 2.001000000
822 78 2 8192 2.001000000
823 79 2 8192 2.001000000
824 296 2 8192 2.001000000
825 297 2 8192 2.001000000
826 298 2 8192 2.001000000
827 299 2 8192 2.001000000
824 76 2 8192 2.001000000
825 77 2 8192 2.001000000
826 78 2 8192 2.001000000
827 79 2 8192 2.001000000
832 296 2 8192 2.001000000
833 297 2 8192 2.001000000
834 298 2 8192 2.001000000
835 299 2 8192 2.001000000
832 76 2 8192 2.001000000
833 77 2 8192 2.001000000
834 78 2 8192 2.001000000
835 79 2 8192 2.001000000
836 296 2 8192 2.001000000
837 297 2 8192 2.001000000
838 298 2 8192 2.001000000
839 299 2 8192 2.001000000
836 76 2 8192 2.001000000
837 77 2 8192 2.001000000
838 78 2 8192 2.001000000
839 79 2 8192 2.001000000
840 296 2 8192 2.001000000
841 297 2 8192 2.001000000
842 298 2 8192 2.001000000
843 299 2 8192 2.001000000
840 76 2 8192 2.001000000
841 77 2 8192 2.001000000
842 78 2 8192 2.001000000
843 79 2 8192 2.001000000
844 296 2 8192 2.001000000
845 297 2 8192 2.001000000
846 298 2 8192 2.001000000
847 299 2 8192 2.001000000
844 76 2 8192 2.001000000
845 77 2 8192 2.001000000
846 78 2 8192 2.001000000
847 79 2 8192 2.001000000
848 296 2 8192 2.001000000
849 297 2 8192 2.001000000
850 298 2 8192 2.001000000
851 299 2 8192 2.001000000
848 76 2 8192 2.001000000
849 77 2 8192 2.001000000
850 78 2 8192 2.001000000
851 79 2 8192 2.001000000
852 296 2 8192 2.001000000
853 297 2 8192 2.001000000
854 298 2 8192 2.001000000
855 299 2 8192 2.001000000
852 76 2 8192 2.001000000
853 77 2 8192 2.001000000
854 78 2 8192 2.001000000
855 79 2 8192 2.001000000
856 296 2 8192 2.001000000
857 297 2 8192 2.001000000
858 298 2 8192 2.001000000
859 299 2 8192 2.001000000
856 76 2 8192 2.001000000
857 77 2 8192 2.001000000
858 78 2 8192 2.001000000
859 79 2 8192 2.001000000
860 296 2 8192 2.001000000
861 297 2 8192 2.001000000
862 298 2 8192 2.001000000
863 299 2 8192 2.001000000
860 76 2 8192 2.001000000
861 77 2 8192 2.001000000
862 78 2 8192 2.001000000
863 79 2 8192 2.001000000
864 296 2 8192 2.001000000
865 297 2 8192 2.001000000
866 298 2 8192 2.001000000
867 299 2 8192 2.001000000
864 76 2 8192 2.001000000
865 77 2 8192 2.001000000
866 78 2 8192 2.001000000
867 79 2 8192 2.001000000
868 296 2 8192 2.001000000
869 297 2 8192 2.001000000
870 298 2 8192 2.001000000
871 299 2 8192 2.001000000
868 76 2 8192 2.001000000
869 77 2 8192 2.001000000
870 78 2 8192 2.001000000
871 79 2 8192 2.001000000
872 296 2 8192 2.001000000
873 297 2 8192 2.001000000
874 298 2 8192 2.001000000
875 299 2 8192 2.001000000
872 76 2 8192 2.001000000
873 77 2 8192 2.001000000
874 78 2 8192 2.001000000
875 79 2 8192 2.001000000
876 296 2 8192 2.001000000
877 297 2 8192 2.001000000
878 298 2 8192 2.001000000
879 299 2 8192 2.001000000
876 76 2 8192 2.001000000
877 77 2 8192 2.001000000
878 78 2 8192 2.001000000
879 79 2 8192 2.001000000
880 296 2 8192 2.001000000
881 297 2 8192 2.001000000
882 298 2 8192 2.001000000
883 299 2 8192 2.001000000
880 76 2 8192 2.001000000
881 77 2 8192 2.001000000
882 78 2 8192 2.001000000
883 79 2 8192 2.001000000
884 296 2 8192 2.001000000
885 297 2 8192 2.001000000
886 298 2 8192 2.001000000
887 299 2 8192 2.001000000
884 76 2 8192 2.001000000
885 77 2 8192 2.001000000
886 78 2 8192 2.001000000
887 79 2 8192 2.001000000
888 296 2 8192 2.001000000
889 297 2 8192 2.001000000
890 298 2 8192 2.001000000
891 299 2 8192 2.001000000
888 76 2 8192 2.001000000
889 77 2 8192 2.001000000
890 78 2 8192 2.001000000
891 79 2 8192 2.001000000
892 296 2 8192 2.001000000
893 297 2 8192 2.001000000
894 298 2 8192 2.001000000
895 299 2 8192 2.001000000
892 76 2 8192 2.001000000
893 77 2 8192 2.001000000
894 78 2 8192 2.001000000
895 79 2 8192 2.001000000
896 296 2 8192 2.001000000
897 297 2 8192 2.001000000
898 298 2 8192 2.001000000
899 299 2 8192 2.001000000
896 76 2 8192 2.001000000
897 77 2 8192 2.001000000
898 78 2 8192 2.001000000
899 79 2 8192 2.001000000
900 296 2 8192 2.001000000
901 297 2 8192 2.001000000
902 298 2 8192 2.001000000
903 299 2 8192 2.001000000
900 76 2 8192 2.001000000
901 77 2 8192 2.001000000
902 78 2 8192 2.001000000
903 79 2 8192 2.001000000
904 296 2 8192 2.001000000
905 297 2 8192 2.001000000
906 298 2 8192 2.001000000
907 299 2 8192 2.001000000
904 76 2 8192 2.001000000
905 77 2 8192 2.001000000
906 78 2 8192 2.001000000
907 79 2 8192 2.001000000
916 296 2 8192 2.001000000
917 297 2 8192 2.001000000
918 298 2 8192 2.001000000
919 299 2 8192 2.001000000
916 76 2 8192 2.001000000
917 77 2 8192 2.001000000
918 78 2 8192 2.001000000
919 79 2 8192 2.001000000
920 296 2 8192 2.001000000
921 297 2 8192 2.001000000
922 298 2 8192 2.001000000
923 299 2 8192 2.001000000
920 76 2 8192 2.001000000
921 77 2 8192 2.001000000
922 78 2 8192 2.001000000
923 79 2 8192 2.001000000
924 296 2 8192 2.001000000
925 297 2 8192 2.001000000
926 298 2 8192 2.001000000
927 299 2 8192 2.001000000
924 76 2 8192 2.001000000
925 77 2 8192 2.001000000
926 78 2 8192 2.001000000
927 79 2 8192 2.001000000
928 296 2 8192 2.001000000
929 297 2 8192 2.001000000
930 298 2 8192 2.001000000
931 299 2 8192 2.001000000
928 76 2 8192 2.001000000
929 77 2 8192 2.001000000
930 78 2 8192 2.001000000
931 79 2 8192 2.001000000
932 296 2 8192 2.001000000
933 297 2 8192 2.001000000
934 298 2 8192 2.001000000
935 299 2 8192 2.001000000
932 76 2 8192 2.001000000
933 77 2 8192 2.001000000
934 78 2 8192 2.001000000
935 79 2 8192 2.001000000
936 296 2 8192 2.001000000
937 297 2 8192 2.001000000
938 298 2 8192 2.001000000
939 299 2 8192 2.001000000
936 76 2 8192 2.001000000
937 77 2 8192 2.001000000
938 78 2 8192 2.001000000
939 79 2 8192 2.001000000
940 296 2 8192 2.001000000
941 297 2 8192 2.001000000
942 298 2 8192 2.001000000
943 299 2 8192 2.001000000
940 76 2 8192 2.001000000
941 77 2 8192 2.001000000
942 78 2 8192 2.001000000
943 79 2 8192 2.001000000
944 296 2 8192 2.001000000
945 297 2 8192 2.001000000
946 298 2 8192 2.001000000
947 299 2 8192 2.001000000
944 76 2 8192 2.001000000
945 77 2 8192 2.001000000
946 78 2 8192 2.001000000
947 79 2 8192 2.001000000
948 296 2 8192 2.001000000
949 297 2 8192 2.001000000
950 298 2 8192 2.001000000
951 299 2 8192 2.001000000
948 76 2 8192 2.001000000
949 77 2 8192 2.001000000
950 78 2 8192 2.001000000
951 79 2 8192 2.001000000
952 296 2 8192 2.001000000
953 297 2 8192 2.001000000
954 298 2 8192 2.001000000
955 299 2 8192 2.001000000
952 76 2 8192 2.001000000
953 77 2 8192 2.001000000
954 78 2 8192 2.001000000
955 79 2 8192 2.001000000
956 296 2 8192 2.001000000
957 297 2 8192 2.001000000
958 298 2 8192 2.001000000
959 299 2 8192 2.001000000
956 76 2 8192 2.001000000
957 77 2 8192 2.001000000
958 78 2 8192 2.001000000
959 79 2 8192 2.001000000
960 296 2 8192 2.001000000
961 297 2 8192 2.001000000
962 298 2 8192 2.001000000
963 299 2 8192 2.001000000
960 76 2 8192 2.001000000
961 77 2 8192 2.001000000
962 78 2 8192 2.001000000
963 79 2 8192 2.001000000
964 296 2 8192 2.001000000
965 297 2 8192 2.001000000
966 298 2 8192 2.001000000
967 299 2 8192 2.001000000
964 76 2 8192 2.001000000
965 77 2 8192 2.001000000
966 78 2 8192 2.001000000
967 79 2 8192 2.001000000
968 296 2 8192 2.001000000
969 297 2 8192 2.001000000
970 298 2 8192 2.001000000
971 299 2 8192 2.001000000
968 76 2 8192 2.001000000
969 77 2 8192 2.001000000
970 78 2 8192 2.001000000
971 79 2 8192 2.001000000
972 296 2 8192 2.001000000
973 297 2 8192 2.001000000
974 298 2 8192 2.001000000
975 299 2 8192 2.001000000
972 76 2 8192 2.001000000
973 77 2 8192 2.001000000
974 78 2 8192 2.001000000
975 79 2 8192 2.001000000
976 296 2 8192 2.001000000
977 297 2 8192 2.001000000
978 298 2 8192 2.001000000
979 299 2 8192 2.001000000
976 76 2 8192 2.001000000
977 77 2 8192 2.001000000
978 78 2 8192 2.001000000
979 79 2 8192 2.001000000
980 296 2 8192 2.001000000
981 297 2 8192 2.001000000
982 298 2 8192 2.001000000
983 299 2 8192 2.001000000
980 76 2 8192 2.001000000
981 77 2 8192 2.001000000
982 78 2 8192 2.001000000
983 79 2 8192 2.001000000
984 296 2 8192 2.001000000
985 297 2 8192 2.001000000
986 298 2 8192 2.001000000
987 299 2 8192 2.001000000
984 76 2 8192 2.001000000
985 77 2 8192 2.001000000
986 78 2 8192 2.001000000
987 79 2 8192 2.001000000
988 296 2 8192 2.001000000
989 297 2 8192 2.001000000
990 298 2 8192 2.001000000
991 299 2 8192 2.001000000
988 76 2 8192 2.001000000
989 77 2 8192 2.001000000
990 78 2 8192 2.001000000
991 79 2 8192 2.001000000
992 296 2 8192 2.001000000
993 297 2 8192 2.001000000
994 298 2 8192 2.001000000
995 299 2 8192 2.001000000
992 76 2 8192 2.001000000
993 77 2 8192 2.001000000
994 78 2 8192 2.001000000
995 79 2 8192 2.001000000
996 296 2 8192 2.001000000
997 297 2 8192 2.001000000
998 298 2 8192 2.001000000
999 299 2 8192 2.001000000
996 76 2 8192 2.001000000
997 77 2 8192 2.001000000
998 78 2 8192 2.001000000
999 79 2 8192 2.001000000
1008 296 2 8192 2.001000000
1009 297 2 8192 2.001000000
1010 298 2 8192 2.001000000
1011 299 2 8192 2.001000000
1008 76 2 8192 2.001000000
1009 77 2 8192 2.001000000
1010 78 2 8192 2.001000000
1011 79 2 8192 2.001000000
1016 296 2 8192 2.001000000
1017 297 2 8192 2.001000000
1018 298 2 8192 2.001000000
1019 299 2 8192 2.001000000
1016 76 2 8192 2.001000000
1017 77 2 8192 2.001000000
1018 78 2 8192 2.001000000
1019 79 2 8192 2.001000000
1020 296 2 8192 2.001000000
1021 297 2 8192 2.001000000
1022 298 2 8192 2.001000000
1023 299 2 8192 2.001000000
1020 76 2 8192 2.001000000
1021 77 2 8192 2.001000000
1022 78 2 8192 2.001000000
1023 79 2 8192 2.001000000
1032 296 2 8192 2.001000000
1033 297 2 8192 2.001000000
1034 298 2 8192 2.001000000
1035 299 2 8192 2.001000000
1032 76 2 8192 2.001000000
1033 77 2 8192 2.001000000
1034 78 2 8192 2.001000000
1035 79 2 8192 2.001000000
1036 296 2 8192 2.001000000
1037 297 2 8192 2.001000000
1038 298 2 8192 2.001000000
1039 299 2 8192 2.001000000
1036 76 2 8192 2.001000000
1037 77 2 8192 2.001000000
1038 78 2 8192 2.001000000
1039 79 2 8192 2.001000000
1040 296 2 8192 2.001000000
1041 297 2 8192 2.001000000
1042 298 2 8192 2.001000000
1043 299 2 8192 2.001000000
1040 76 2 8192 2.001000000
1041 77 2 8192 2.001000000
1042 78 2 8192 2.001000000
1043 79 2 8192 2.001000000
1044 296 2 8192 2.001000000
1045 297 2 8192 2.001000000
1046 298 2 8192 2.001000000
1047 299 2 8192 2.001000000
1044 76 2 8192 2.001000000
1045 77 2 8192 2.001000000
1046 78 2 8192 2.001000000
1047 79 2 8192 2.001000000
1048 296 2 8192 2.001000000
1049 297 2 8192 2.001000000
1050 298 2 8192 2.001000000
1051 299 2 8192 2.001000000
1048 76 2 8192 2.001000000
1049 77 2 8192 2.001000000
1050 78 2 8192 2.001000000
1051 79 2 8192 2.001000000
1056 296 2 8192 2.001000000
1057 297 2 8192 2.001000000
1058 298 2 8192 2.001000000
1059 299 2 8192 2.001000000
1056 76 2 8192 2.001000000
1057 77 2 8192 2.001000000
1058 78 2 8192 2.001000000
1059 79 2 8192 2.001000000
1060 296 2 8192 2.001000000
1061 297 2 8192 2.001000000
1062 298 2 8192 2.001000000
1063 299 2 8192 2.001000000
1060 76 2 8192 2.001000000
1061 77 2 8192 2.001000000
1062 78 2 8192 2.001000000
1063 79 2 8192 2.001000000
1064 296 2 8192 2.001000000
1065 297 2 8192 2.001000000
1066 298 2 8192 2.001000000
1067 299 2 8192 2.001000000
1064 76 2 8192 2.001000000
1065 77 2 8192 2.001000000
1066 78 2 8192 2.001000000
1067 79 2 8192 2.001000000
1068 296 2 8192 2.001000000
1069 297 2 8192 2.001000000
1070 298 2 8192 2.001000000
1071 299 2 8192 2.001000000
1068 76 2 8192 2.001000000
1069 77 2 8192 2.001000000
1070 78 2 8192 2.001000000
1071 79 2 8192 2.001000000
1072 296 2 8192 2.001000000
1073 297 2 8192 2.001000000
1074 298 2 8192 2.001000000
1075 299 2 8192 2.001000000
1072 76 2 8192 2.001000000
1073 77 2 8192 2.001000000
1074 78 2 8192 2.001000000
1075 79 2 8192 2.001000000
1076 296 2 8192 2.001000000
1077 297 2 8192 2.001000000
1078 298 2 8192 2.001000000
1079 299 2 8192 2.001000000
1076 76 2 8192 2.001000000
1077 77 2 8192 2.001000000
1078 78 2 8192 2.001000000
1079 79 2 8192 2.001000000
1080 296 2 8192 2.001000000
1081 297 2 8192 2.001000000
1082 298 2 8192 2.001000000
1083 299 2 8192 2.001000000
1080 76 2 8192 2.001000000
1081 77 2 8192 2.001000000
1082 78 2 8192 2.001000000
1083 79 2 8192 2.001000000
1084 296 2 8192 2.001000000
1085 297 2 8192 2.001000000
1086 298 2 8192 2.001000000
1087 299 2 8192 2.001000000
1084 76 2 8192 2.001000000
1085 77 2 8192 2.001000000
1086 78 2 8192 2.001000000
1087 79 2 8192 2.001000000
1088 296 2 8192 2.001000000
1089 297 2 8192 2.001000000
1090 298 2 8192 2.001000000
1091 299 2 8192 2.001000000
1088 76 2 8192 2.001000000
1089 77 2 8192 2.001000000
1090 78 2 8192 2.001000000
1091 79 2 8192 2.001000000
1096 296 2 8192 2.001000000
1097 297 2 8192 2.001000000
1098 298 2 8192 2.001000000
1099 299 2 8192 2.001000000
1096 76 2 8192 2.001000000
1097 77 2 8192 2.001000000
1098 78 2 8192 2.001000000
1099 79 2 8192 2.001000000
1104 296 2 8192 2.001000000
1105 297 2 8192 2.001000000
1106 298 2 8192 2.001000000
1107 299 2 8192 2.001000000
1104 76 2 8192 2.001000000
1105 77 2 8192 2.001000000
1106 78 2 8192 2.001000000
1107 79 2 8192 2.001000000
1108 296 2 8192 2.001000000
1109 297 2 8192 2.001000000
1110 298 2 8192 2.001000000
1111 299 2 8192 2.001000000
1108 76 2 8192 2.001000000
1109 77 2 8192 2.001000000
1110 78 2 8192 2.001000000
1111 79 2 8192 2.001000000
1112 296 2 8192 2.001000000
1113 297 2 8192 2.001000000
1114 298 2 8192 2.001000000
1115 299 2 8192 2.001000000
1112 76 2 8192 2.001000000
1113 77 2 8192 2.001000000
1114 78 2 8192 2.001000000
1115 79 2 8192 2.001000000
1116 296 2 8192 2.001000000
1117 297 2 8192 2.001000000
1118 298 2 8192 2.001000000
1119 299 2 8192 2.001000000
1116 76 2 8192 2.001000000
1117 77 2 8192 2.001000000
1118 78 2 8192 2.001000000
1119 79 2 8192 2.001000000
1120 296 2 8192 2.001000000
1121 297 2 8192 2.001000000
1122 298 2 8192 2.001000000
1123 299 2 8192 2.001000000
1120 76 2 8192 2.001000000
1121 77 2 8192 2.001000000
1122 78 2 8192 2.001000000
1123 79 2 8192 2.001000000
1124 296 2 8192 2.001000000
1125 297 2 8192 2.001000000
1126 298 2 8192 2.001000000
1127 299 2 8192 2.001000000
1124 76 2 8192 2.001000000
1125 77 2 8192 2.001000000
1126 78 2 8192 2.001000000
1127 79 2 8192 2.001000000
1128 296 2 8192 2.001000000
1129 297 2 8192 2.001000000
1130 298 2 8192 2.001000000
1131 299 2 8192 2.001000000
1128 76 2 8192 2.001000000
1129 77 2 8192 2.001000000
1130 78 2 8192 2.001000000
1131 79 2 8192 2.001000000
1136 296 2 8192 2.001000000
1137 297 2 8192 2.001000000
1138 298 2 8192 2.001000000
1139 299 2 8192 2.001000000
1136 76 2 8192 2.001000000
1137 77 2 8192 2.001000000
1138 78 2 8192 2.001000000
1139 79 2 8192 2.001000000
1140 296 2 8192 2.001000000
1141 297 2 8192 2.001000000
1142 298 2 8192 2.001000000
1143 299 2 8192 2.001000000
1140 76 2 8192 2.001000000
1141 77 2 8192 2.001000000
1142 78 2 8192 2.001000000
1143 79 2 8192 2.001000000
1144 296 2 8192 2.001000000
1145 297 2 8192 2.001000000
1146 298 2 8192 2.001000000
1147 299 2 8192 2.001000000
1144 76 2 8192 2.001000000
1145 77 2 8192 2.001000000
1146 78 2 8192 2.001000000
1147 79 2 8192 2.001000000
1148 296 2 8192 2.001000000
1149 297 2 8192 2.001000000
1150 298 2 8192 2.001000000
1151 299 2 8192 2.001000000
1148 76 2 8192 2.001000000
1149 77 2 8192 2.001000000
1150 78 2 8192 2.001000000
1151 79 2 8192 2.001000000
1152 296 2 8192 2.001000000
1153 297 2 8192 2.001000000
1154 298 2 8192 2.001000000
1155 299 2 8192 2.001000000
1152 76 2 8192 2.001000000
1153 77 2 8192 2.001000000
1154 78 2 8192 2.001000000
1155 79 2 8192 2.001000000
1156 296 2 8192 2.001000000
1157 297 2 8192 2.001000000
1158 298 2 8192 2.001000000
1159 299 2 8192 2.001000000
1156 76 2 8192 2.001000000
1157 77 2 8192 2.001000000
1158 78 2 8192 2.001000000
1159 79 2 8192 2.001000000
1160 296 2 8192 2.001000000
1161 297 2 8192 2.001000000
1162 298 2 8192 2.001000000
1163 299 2 8192 2.001000000
1160 76 2 8192 2.001000000
1161 77 2 8192 2.001000000
1162 78 2 8192 2.001000000
1163 79 2 8192 2.001000000
1164 296 2 8192 2.001000000
1165 297 2 8192 2.001000000
1166 298 2 8192 2.001000000
1167 299 2 8192 2.001000000
1164 76 2 8192 2.001000000
1165 77 2 8192 2.001000000
1166 78 2 8192 2.001000000
1167 79 2 8192 2.001000000
1168 296 2 8192 2.001000000
1169 297 2 8192 2.001000000
1170 298 2 8192 2.001000000
1171 299 2 8192 2.001000000
1168 76 2 8192 2.001000000
1169 77 2 8192 2.001000000
1170 78 2 8192 2.001000000
1171 79 2 8192 2.001000000
1172 296 2 8192 2.001000000
1173 297 2 8192 2.001000000
1174 298 2 8192 2.001000000
1175 299 2 8192 2.001000000
1172 76 2 8192 2.001000000
1173 77 2 8192 2.001000000
1174 78 2 8192 2.001000000
1175 79 2 8192 2.001000000
1180 296 2 8192 2.001000000
1181 297 2 8192 2.001000000
1182 298 2 8192 2.001000000
1183 299 2 8192 2.001000000
1180 76 2 8192 2.001000000
1181 77 2 8192 2.001000000
1182 78 2 8192 2.001000000
1183 79 2 8192 2.001000000
1184 296 2 8192 2.001000000
1185 297 2 8192 2.001000000
1186 298 2 8192 2.001000000
1187 299 2 8192 2.001000000
1184 76 2 8192 2.001000000
1185 77 2 8192 2.001000000
1186 78 2 8192 2.001000000
1187 79 2 8192 2.001000000
1188 296 2 8192 2.001000000
1189 297 2 8192 2.001000000
1190 298 2 8192 2.001000000
1191 299 2 8192 2.001000000
1188 76 2 8192 2.001000000
1189 77 2 8192 2.001000000
1190 78 2 8192 2.001000000
1191 79 2 8192 2.001000000
1192 296 2 8192 2.001000000
1193 297 2 8192 2.001000000
1194 298 2 8192 2.001000000
1195 299 2 8192 2.001000000
1192 76 2 8192 2.001000000
1193 77 2 8192 2.001000000
1194 78 2 8192 2.001000000
1195 79 2 8192 2.001000000
1200 296 2 8192 2.001000000
1201 297 2 8192 2.001000000
1202 298 2 8192 2.001000000
1203 299 2 8192 2.001000000
1200 76 2 8192 2.001000000
1201 77 2 8192 2.001000000
1202 78 2 8192 2.001000000
1203 79 2 8192 2.001000000
1208 296 2 8192 2.001000000
1209 297 2 8192 2.001000000
1210 298 2 8192 2.001000000
1211 299 2 8192 2.001000000
1208 76 2 8192 2.001000000
1209 77 2 8192 2.001000000
1210 78 2 8192 2.001000000
1211 79 2 8192 2.001000000
1212 296 2 8192 2.001000000
1213 297 2 8192 2.001000000
1214 298 2 8192 2.001000000
1215 299 2 8192 2.001000000
1212 76 2 8192 2.001000000
1213 77 2 8192 2.001000000
1214 78 2 8192 2.001000000
1215 79 2 8192 2.001000000
1216 296 2 8192 2.001000000
1217 297 2 8192 2.001000000
1218 298 2 8192 2.001000000
1219 299 2 8192 2.001000000
1216 76 2 8192 2.001000000
1217 77 2 8192 2.001000000
1218 78 2 8192 2.001000000
1219 79 2 8192 2.001000000
1220 296 2 8192 2.001000000
1221 297 2 8192 2.001000000
1222 298 2 8192 2.001000000
1223 299 2 8192 2.001000000
1220 76 2 8192 2.001000000
1221 77 2 8192 2.001000000
1222 78 2 8192 2.001000000
1223 79 2 8192 2.001000000
1224 296 2 8192 2.001000000
1225 297 2 8192 2.001000000
1226 298 2 8192 2.001000000
1227 299 2 8192 2.001000000
1224 76 2 8192 2.001000000
1225 77 2 8192 2.001000000
1226 78 2 8192 2.001000000
1227 79 2 8192 2.001000000
1228 296 2 8192 2.001000000
1229 297 2 8192 2.001000000
1230 298 2 8192 2.001000000
1231 299 2 8192 2.001000000
1228 76 2 8192 2.001000000
1229 77 2 8192 2.001000000
1230 78 2 8192 2.001000000
1231 79 2 8192 2.001000000
1232 296 2 8192 2.001000000
1233 297 2 8192 2.001000000
1234 298 2 8192 2.001000000
1235 299 2 8192 2.001000000
1232 76 2 8192 2.001000000
1233 77 2 8192 2.001000000
1234 78 2 8192 2.001000000
1235 79 2 8192 2.001000000
1236 296 2 8192 2.001000000
1237 297 2 8192 2.001000000
1238 298 2 8192 2.001000000
1239 299 2 8192 2.001000000
1236 76 2 8192 2.001000000
1237 77 2 8192 2.001000000
1238 78 2 8192 2.001000000
1239 79 2 8192 2.001000000
1240 296 2 8192 2.001000000
1241 297 2 8192 2.001000000
1242 298 2 8192 2.001000000
1243 299 2 8192 2.001000000
1240 76 2 8192 2.001000000
1241 77 2 8192 2.001000000
1242 78 2 8192 2.001000000
1243 79 2 8192 2.001000000
1248 296 2 8192 2.001000000
1249 297 2 8192 2.001000000
1250 298 2 8192 2.001000000
1251 299 2 8192 2.001000000
1248 76 2 8192 2.001000000
1249 77 2 8192 2.001000000
1250 78 2 8192 2.001000000
1251 79 2 8192 2.001000000
1252 296 2 8192 2.001000000
1253 297 2 8192 2.001000000
1254 298 2 8192 2.001000000
1255 299 2 8192 2.001000000
1252 76 2 8192 2.001000000
1253 77 2 8192 2.001000000
1254 78 2 8192 2.001000000
1255 79 2 8192 2.001000000
1260 296 2 8192 2.001000000
1261 297 2 8192 2.001000000
1262 298 2 8192 2.001000000
1263 299 2 8192 2.001000000
1260 76 2 8192 2.001000000
1261 77 2 8192 2.001000000
1262 78 2 8192 2.001000000
1263 79 2 8192 2.001000000
1264 296 2 8192 2.001000000
1265 297 2 8192 2.001000000
1266 298 2 8192 2.001000000
1267 299 2 8192 2.001000000
1264 76 2 8192 2.001000000
1265 77 2 8192 2.001000000
1266 78 2 8192 2.001000000
1267 79 2 8192 2.001000000
1272 296 2 8192 2.001000000
1273 297 2 8192 2.001000000
1274 298 2 8192 2.001000000
1275 299 2 8192 2.001000000
1272 76 2 8192 2.001000000
1273 77 2 8192 2.001000000
1274 78 2 8192 2.001000000
1275 79 2 8192 2.001000000
1276 296 2 8192 2.001000000
1277 297 2 8192 2.001000000
1278 298 2 8192 2.001000000
1279 299 2 8192 2.001000000
1276 76 2 8192 2.001000000
1277 77 2 8192 2.001000000
1278 78 2 8192 2.001000000
1279 79 2 8192 2.001000000
0 424 2 8192 2.001000000
1 425 2 8192 2.001000000
2 426 2 8192 2.001000000
3 427 2 8192 2.001000000
0 296 2 8192 2.001000000
1 297 2 8192 2.001000000
2 298 2 8192 2.001000000
3 299 2 8192 2.001000000
8 424 2 8192 2.001000000
9 425 2 8192 2.001000000
10 426 2 8192 2.001000000
11 427 2 8192 2.001000000
8 296 2 8192 2.001000000
9 297 2 8192 2.001000000
10 298 2 8192 2.001000000
11 299 2 8192 2.001000000
12 424 2 8192 2.001000000
13 425 2 8192 2.001000000
14 426 2 8192 2.001000000
15 427 2 8192 2.001000000
12 296 2 8192 2.001000000
13 297 2 8192 2.001000000
14 298 2 8192 2.001000000
15 299 2 8192 2.001000000
16 424 2 8192 2.001000000
17 425 2 8192 2.001000000
18 426 2 8192 2.001000000
19 427 2 8192 2.001000000
16 296 2 8192 2.001000000
17 297 2 8192 2.001000000
18 298 2 8192 2.001000000
19 299 2 8192 2.001000000
24 424 2 8192 2.001000000
25 425 2 8192 2.001000000
26 426 2 8192 2.001000000
27 427 2 8192 2.001000000
24 296 2 8192 2.001000000
25 297 2 8192 2.001000000
26 298 2 8192 2.001000000
27 299 2 8192 2.001000000
28 424 2 8192 2.001000000
29 425 2 8192 2.001000000
30 426 2 8192 2.001000000
31 427 2 8192 2.001000000
28 296 2 8192 2.001000000
29 297 2 8192 2.001000000
30 298 2 8192 2.001000000
31 299 2 8192 2.001000000
32 424 2 8192 2.001000000
33 425 2 8192 2.001000000
34 426 2 8192 2.001000000
35 427 2 8192 2.001000000
32 296 2 8192 2.001000000
33 297 2 8192 2.001000000
34 298 2 8192 2.001000000
35 299 2 8192 2.001000000
36 424 2 8192 2.001000000
37 425 2 8192 2.001000000
38 426 2 8192 2.001000000
39 427 2 8192 2.001000000
36 296 2 8192 2.001000000
37 297 2 8192 2.001000000
38 298 2 8192 2.001000000
39 299 2 8192 2.001000000
48 424 2 8192 2.001000000
49 425 2 8192 2.001000000
50 426 2 8192 2.001000000
51 427 2 8192 2.001000000
48 296 2 8192 2.001000000
49 297 2 8192 2.001000000
50 298 2 8192 2.001000000
51 299 2 8192 2.001000000
52 424 2 8192 2.001000000
53 425 2 8192 2.001000000
54 426 2 8192 2.001000000
55 427 2 8192 2.001000000
52 296 2 8192 2.001000000
53 297 2 8192 2.001000000
54 298 2 8192 2.001000000
55 299 2 8192 2.001000000
56 424 2 8192 2.001000000
57 425 2 8192 2.001000000
58 426 2 8192 2.001000000
59 427 2 8192 2.001000000
56 296 2 8192 2.001000000
57 297 2 8192 2.001000000
58 298 2 8192 2.001000000
59 299 2 8192 2.001000000
60 424 2 8192 2.001000000
61 425 2 8192 2.001000000
62 426 2 8192 2.001000000
63 427 2 8192 2.001000000
60 296 2 8192 2.001000000
61 297 2 8192 2.001000000
62 298 2 8192 2.001000000
63 299 2 8192 2.001000000
64 424 2 8192 2.001000000
65 425 2 8192 2.001000000
66 426 2 8192 2.001000000
67 427 2 8192 2.001000000
64 296 2 8192 2.001000000
65 297 2 8192 2.001000000
66 298 2 8192 2.001000000
67 299 2 8192 2.001000000
68 424 2 8192 2.001000000
69 425 2 8192 2.001000000
70 426 2 8192 2.001000000
71 427 2 8192 2.001000000
68 296 2 8192 2.001000000
69 297 2 8192 2.001000000
70 298 2 8192 2.001000000
71 299 2 8192 2.001000000
72 424 2 8192 2.001000000
73 425 2 8192 2.001000000
74 426 2 8192 2.001000000
75 427 2 8192 2.001000000
72 296 2 8192 2.001000000
73 297 2 8192 2.001000000
74 298 2 8192 2.001000000
75 299 2 8192 2.001000000
80 424 2 8192 2.001000000
81 425 2 8192 2.001000000
82 426 2 8192 2.001000000
83 427 2 8192 2.001000000
80 296 2 8192 2.001000000
81 297 2 8192 2.001000000
82 298 2 8192 2.001000000
83 299 2 8192 2.001000000
84 424 2 8192 2.001000000
85 425 2 8192 2.001000000
86 426 2 8192 2.001000000
87 427 2 8192 2.001000000
84 296 2 8192 2.001000000
85 297 2 8192 2.001000000
86 298 2 8192 2.001000000
87 299 2 8192 2.001000000
88 424 2 8192 2.001000000
89 425 2 8192 2.001000000
90 426 2 8192 2.001000000
91 427 2 8192 2.001000000
88 296 2 8192 2.001000000
89 297 2 8192 2.001000000
90 298 2 8192 2.001000000
91 299 2 8192 2.001000000
92 424 2 8192 2.001000000
93 425 2 8192 2.001000000
94 426 2 8192 2.001000000
95 427 2 8192 2.001000000
92 296 2 8192 2.001000000
93 297 2 8192 2.001000000
94 298 2 8192 2.001000000
95 299 2 8192 2.001000000
96 424 2 8192 2.001000000
97 425 2 8192 2.001000000
98 426 2 8192 2.001000000
99 427 2 8192 2.001000000
96 296 2 8192 2.001000000
97 297 2 8192 2.001000000
98 298 2 8192 2.001000000
99 299 2 8192 2.001000000
108 424 2 8192 2.001000000
109 425 2 8192 2.001000000
110 426 2 8192 2.001000000
111 427 2 8192 2.001000000
108 296 2 8192 2.001000000
109 297 2 8192 2.001000000
110 298 2 8192 2.001000000
111 299 2 8192 2.001000000
112 424 2 8192 2.001000000
113 425 2 8192 2.001000000
114 426 2 8192 2.001000000
115 427 2 8192 2.001000000
112 296 2 8192 2.001000000
113 297 2 8192 2.001000000
114 298 2 8192 2.001000000
115 299 2 8192 2.001000000
116 424 2 8192 2.001000000
117 425 2 8192 2.001000000
118 426 2 8192 2.001000000
119 427 2 8192 2.001000000
116 296 2 8192 2.001000000
117 297 2 8192 2.001000000
118 298 2 8192 2.001000000
119 299 2 8192 2.001000000
120 424 2 8192 2.001000000
121 425 2 8192 2.001000000
122 426 2 8192 2.001000000
123 427 2 8192 2.001000000
120 296 2 8192 2.001000000
121 297 2 8192 2.001000000
122 298 2 8192 2.001000000
123 299 2 8192 2.001000000
124 424 2 8192 2.001000000
125 425 2 8192 2.001000000
126 426 2 8192 2.001000000
127 427 2 8192 2.001000000
124 296 2 8192 2.001000000
125 297 2 8192 2.001000000
126 298 2 8192 2.001000000
127 299 2 8192 2.001000000
128 424 2 8192 2.001000000
129 425 2 8192 2.001000000
130 426 2 8192 2.001000000
131 427 2 8192 2.001000000
128 296 2 8192 2.001000000
129 297 2 8192 2.001000000
130 298 2 8192 2.001000000
131 299 2 8192 2.001000000
140 424 2 8192 2.001000000
141 425 2 8192 2.001000000
142 426 2 8192 2.001000000
143 427 2 8192 2.001000000
140 296 2 8192 2.001000000
141 297 2 8192 2.001000000
142 298 2 8192 2.001000000
143 299 2 8192 2.001000000
144 424 2 8192 2.001000000
145 425 2 8192 2.001000000
146 426 2 8192 2.001000000
147 427 2 8192 2.001000000
144 296 2 8192 2.001000000
145 297 2 8192 2.001000000
146 298 2 8192 2.001000000
147 299 2 8192 2.001000000
156 424 2 8192 2.001000000
157 425 2 8192 2.001000000
158 426 2 8192 2.001000000
159 427 2 8192 2.001000000
156 296 2 8192 2.001000000
157 297 2 8192 2.001000000
158 298 2 8192 2.001000000
159 299 2 8192 2.001000000
160 424 2 8192 2.001000000
161 425 2 8192 2.001000000
162 426 2 8192 2.001000000
163 427 2 8192 2.001000000
160 296 2 8192 2.001000000
161 297 2 8192 2.001000000
162 298 2 8192 2.001000000
163 299 2 8192 2.001000000
164 424 2 8192 2.001000000
165 425 2 8192 2.001000000
166 426 2 8192 2.001000000
167 427 2 8192 2.001000000
164 296 2 8192 2.001000000
165 297 2 8192 2.001000000
166 298 2 8192 2.001000000
167 299 2 8192 2.001000000
168 424 2 8192 2.001000000
169 425 2 8192 2.001000000
170 426 2 8192 2.001000000
171 427 2 8192 2.001000000
168 296 2 8192 2.001000000
169 297 2 8192 2.001000000
170 298 2 8192 2.001000000
171 299 2 8192 2.001000000
172 424 2 8192 2.001000000
173 425 2 8192 2.001000000
174 426 2 8192 2.001000000
175 427 2 8192 2.001000000
172 296 2 8192 2.001000000
173 297 2 8192 2.001000000
174 298 2 8192 2.001000000
175 299 2 8192 2.001000000
176 424 2 8192 2.001000000
177 425 2 8192 2.001000000
178 426 2 8192 2.001000000
179 427 2 8192 2.001000000
176 296 2 8192 2.001000000
177 297 2 8192 2.001000000
178 298 2 8192 2.001000000
179 299 2 8192 2.001000000
180 424 2 8192 2.001000000
181 425 2 8192 2.001000000
182 426 2 8192 2.001000000
183 427 2 8192 2.001000000
180 296 2 8192 2.001000000
181 297 2 8192 2.001000000
182 298 2 8192 2.001000000
183 299 2 8192 2.001000000
188 424 2 8192 2.001000000
189 425 2 8192 2.001000000
190 426 2 8192 2.001000000
191 427 2 8192 2.001000000
188 296 2 8192 2.001000000
189 297 2 8192 2.001000000
190 298 2 8192 2.001000000
191 299 2 8192 2.001000000
196 424 2 8192 2.001000000
197 425 2 8192 2.001000000
198 426 2 8192 2.001000000
199 427 2 8192 2.001000000
196 296 2 8192 2.001000000
197 297 2 8192 2.001000000
198 298 2 8192 2.001000000
199 299 2 8192 2.001000000
200 424 2 8192 2.001000000
201 425 2 8192 2.001000000
202 426 2 8192 2.001000000
203 427 2 8192 2.001000000
200 296 2 8192 2.001000000
201 297 2 8192 2.001000000
202 298 2 8192 2.001000000
203 299 2 8192 2.001000000
204 424 2 8192 2.001000000
205 425 2 8192 2.001000000
206 426 2 8192 2.001000000
207 427 2 8192 2.001000000
204 296 2 8192 2.001000000
205 297 2 8192 2.001000000
206 298 2 8192 2.001000000
207 299 2 8192 2.001000000
208 424 2 8192 2.001000000
209 425 2 8192 2.001000000
210 426 2 8192 2.001000000
211 427 2 8192 2.001000000
208 296 2 8192 2.001000000
209 297 2 8192 2.001000000
210 298 2 8192 2.001000000
211 299 2 8192 2.001000000
216 424 2 8192 2.001000000
217 425 2 8192 2.001000000
218 426 2 8192 2.001000000
219 427 2 8192 2.001000000
216 296 2 8192 2.001000000
217 297 2 8192 2.001000000
218 298 2 8192 2.001000000
219 299 2 8192 2.001000000
220 424 2 8192 2.001000000
221 425 2 8192 2.001000000
222 426 2 8192 2.001000000
223 427 2 8192 2.001000000
220 296 2 8192 2.001000000
221 297 2 8192 2.001000000
222 298 2 8192 2.001000000
223 299 2 8192 2.001000000
224 424 2 8192 2.001000000
225 425 2 8192 2.001000000
226 426 2 8192 2.001000000
227 427 2 8192 2.001000000
224 296 2 8192 2.001000000
225 297 2 8192 2.001000000
226 298 2 8192 2.001000000
227 299 2 8192 2.001000000
228 424 2 8192 2.001000000
229 425 2 8192 2.001000000
230 426 2 8192 2.001000000
231 427 2 8192 2.001000000
228 296 2 8192 2.001000000
229 297 2 8192 2.001000000
230 298 2 8192 2.001000000
231 299 2 8192 2.001000000
232 424 2 8192 2.001000000
233 425 2 8192 2.001000000
234 426 2 8192 2.001000000
235 427 2 8192 2.001000000
232 296 2 8192 2.001000000
233 297 2 8192 2.001000000
234 298 2 8192 2.001000000
235 299 2 8192 2.001000000
236 424 2 8192 2.001000000
237 425 2 8192 2.001000000
238 426 2 8192 2.001000000
239 427 2 8192 2.001000000
236 296 2 8192 2.001000000
237 297 2 8192 2.001000000
238 298 2 8192 2.001000000
239 299 2 8192 2.001000000
240 424 2 8192 2.001000000
241 425 2 8192 2.001000000
242 426 2 8192 2.001000000
243 427 2 8192 2.001000000
240 296 2 8192 2.001000000
241 297 2 8192 2.001000000
242 298 2 8192 2.001000000
243 299 2 8192 2.001000000
244 424 2 8192 2.001000000
245 425 2 8192 2.001000000
246 426 2 8192 2.001000000
247 427 2 8192 2.001000000
244 296 2 8192 2.001000000
245 297 2 8192 2.001000000
246 298 2 8192 2.001000000
247 299 2 8192 2.001000000
248 424 2 8192 2.001000000
249 425 2 8192 2.001000000
250 426 2 8192 2.001000000
251 427 2 8192 2.001000000
248 296 2 8192 2.001000000
249 297 2 8192 2.001000000
250 298 2 8192 2.001000000
251 299 2 8192 2.001000000
252 424 2 8192 2.001000000
253 425 2 8192 2.001000000
254 426 2 8192 2.001000000
255 427 2 8192 2.001000000
252 296 2 8192 2.001000000
253 297 2 8192 2.001000000
254 298 2 8192 2.001000000
255 299 2 8192 2.001000000
256 424 2 8192 2.001000000
257 425 2 8192 2.001000000
258 426 2 8192 2.001000000
259 427 2 8192 2.001000000
256 296 2 8192 2.001000000
257 297 2 8192 2.001000000
258 298 2 8192 2.001000000
259 299 2 8192 2.001000000
260 424 2 8192 2.001000000
261 425 2 8192 2.001000000
262 426 2 8192 2.001000000
263 427 2 8192 2.001000000
260 296 2 8192 2.001000000
261 297 2 8192 2.001000000
262 298 2 8192 2.001000000
263 299 2 8192 2.001000000
264 424 2 8192 2.001000000
265 425 2 8192 2.001000000
266 426 2 8192 2.001000000
267 427 2 8192 2.001000000
264 296 2 8192 2.001000000
265 297 2 8192 2.001000000
266 298 2 8192 2.001000000
267 299 2 8192 2.001000000
268 424 2 8192 2.001000000
269 425 2 8192 2.001000000
270 426 2 8192 2.001000000
271 427 2 8192 2.001000000
268 296 2 8192 2.001000000
269 297 2 8192 2.001000000
270 298 2 8192 2.001000000
271 299 2 8192 2.001000000
272 424 2 8192 2.001000000
273 425 2 8192 2.001000000
274 426 2 8192 2.001000000
275 427 2 8192 2.001000000
272 296 2 8192 2.001000000
273 297 2 8192 2.001000000
274 298 2 8192 2.001000000
275 299 2 8192 2.001000000
276 424 2 8192 2.001000000
277 425 2 8192 2.001000000
278 426 2 8192 2.001000000
279 427 2 8192 2.001000000
276 296 2 8192 2.001000000
277 297 2 8192 2.001000000
278 298 2 8192 2.001000000
279 299 2 8192 2.001000000
280 424 2 8192 2.001000000
281 425 2 8192 2.001000000
282 426 2 8192 2.001000000
283 427 2 8192 2.001000000
280 296 2 8192 2.001000000
281 297 2 8192 2.001000000
282 298 2 8192 2.001000000
283 299 2 8192 2.001000000
284 424 2 8192 2.001000000
285 425 2 8192 2.001000000
286 426 2 8192 2.001000000
287 427 2 8192 2.001000000
284 296 2 8192 2.001000000
285 297 2 8192 2.001000000
286 298 2 8192 2.001000000
287 299 2 8192 2.001000000
292 424 2 8192 2.001000000
293 425 2 8192 2.001000000
294 426 2 8192 2.001000000
295 427 2 8192 2.001000000
292 296 2 8192 2.001000000
293 297 2 8192 2.001000000
294 298 2 8192 2.001000000
295 299 2 8192 2.001000000
300 424 2 8192 2.001000000
301 425 2 8192 2.001000000
302 426 2 8192 2.001000000
303 427 2 8192 2.001000000
300 296 2 8192 2.001000000
301 297 2 8192 2.001000000
302 298 2 8192 2.001000000
303 299 2 8192 2.001000000
304 424 2 8192 2.001000000
305 425 2 8192 2.001000000
306 426 2 8192 2.001000000
307 427 2 8192 2.001000000
304 296 2 8192 2.001000000
305 297 2 8192 2.001000000
306 298 2 8192 2.001000000
307 299 2 8192 2.001000000
312 424 2 8192 2.001000000
313 425 2 8192 2.001000000
314 426 2 8192 2.001000000
315 427 2 8192 2.001000000
312 296 2 8192 2.001000000
313 297 2 8192 2.001000000
314 298 2 8192 2.001000000
315 299 2 8192 2.001000000
316 424 2 8192 2.001000000
317 425 2 8192 2.001000000
318 426 2 8192 2.001000000
319 427 2 8192 2.001000000
316 296 2 8192 2.001000000
317 297 2 8192 2.001000000
318 298 2 8192 2.001000000
319 299 2 8192 2.001000000
320 424 2 8192 2.001000000
321 425 2 8192 2.001000000
322 426 2 8192 2.001000000
323 427 2 8192 2.001000000
320 296 2 8192 2.001000000
321 297 2 8192 2.001000000
322 298 2 8192 2.001000000
323 299 2 8192 2.001000000
324 424 2 8192 2.001000000
325 425 2 8192 2.001000000
326 426 2 8192 2.001000000
327 427 2 8192 2.001000000
324 296 2 8192 2.001000000
325 297 2 8192 2.001000000
326 298 2 8192 2.001000000
327 299 2 8192 2.001000000
328 424 2 8192 2.001000000
329 425 2 8192 2.001000000
330 426 2 8192 2.001000000
331 427 2 8192 2.001000000
328 296 2 8192 2.001000000
329 297 2 8192 2.001000000
330 298 2 8192 2.001000000
331 299 2 8192 2.001000000
332 424 2 8192 2.001000000
333 425 2 8192 2.001000000
334 426 2 8192 2.001000000
335 427 2 8192 2.001000000
332 296 2 8192 2.001000000
333 297 2 8192 2.001000000
334 298 2 8192 2.001000000
335 299 2 8192 2.001000000
336 424 2 8192 2.001000000
337 425 2 8192 2.001000000
338 426 2 8192 2.001000000
339 427 2 8192 2.001000000
336 296 2 8192 2.001000000
337 297 2 8192 2.001000000
338 298 2 8192 2.001000000
339 299 2 8192 2.001000000
340 424 2 8192 2.001000000
341 425 2 8192 2.001000000
342 426 2 8192 2.001000000
343 427 2 8192 2.001000000
340 296 2 8192 2.001000000
341 297 2 8192 2.001000000
342 298 2 8192 2.001000000
343 299 2 8192 2.001000000
348 424 2 8192 2.001000000
349 425 2 8192 2.001000000
350 426 2 8192 2.001000000
351 427 2 8192 2.001000000
348 296 2 8192 2.001000000
349 297 2 8192 2.001000000
350 298 2 8192 2.001000000
351 299 2 8192 2.001000000
360 424 2 8192 2.001000000
361 425 2 8192 2.001000000
362 426 2 8192 2.001000000
363 427 2 8192 2.001000000
360 296 2 8192 2.001000000
361 297 2 8192 2.001000000
362 298 2 8192 2.001000000
363 299 2 8192 2.001000000
364 424 2 8192 2.001000000
365 425 2 8192 2.001000000
366 426 2 8192 2.001000000
367 427 2 8192 2.001000000
364 296 2 8192 2.001000000
365 297 2 8192 2.001000000
366 298 2 8192 2.001000000
367 299 2 8192 2.001000000
368 424 2 8192 2.001000000
369 425 2 8192 2.001000000
370 426 2 8192 2.001000000
371 427 2 8192 2.001000000
368 296 2 8192 2.001000000
369 297 2 8192 2.001000000
370 298 2 8192 2.001000000
371 299 2 8192 2.001000000
380 424 2 8192 2.001000000
381 425 2 8192 2.001000000
382 426 2 8192 2.001000000
383 427 2 8192 2.001000000
380 296 2 8192 2.001000000
381 297 2 8192 2.001000000
382 298 2 8192 2.001000000
383 299 2 8192 2.001000000
388 424 2 8192 2.001000000
389 425 2 8192 2.001000000
390 426 2 8192 2.001000000
391 427 2 8192 2.001000000
388 296 2 8192 2.001000000
389 297 2 8192 2.001000000
390 298 2 8192 2.001000000
391 299 2 8192 2.001000000
392 424 2 8192 2.001000000
393 425 2 8192 2.001000000
394 426 2 8192 2.001000000
395 427 2 8192 2.001000000
392 296 2 8192 2.001000000
393 297 2 8192 2.001000000
394 298 2 8192 2.001000000
395 299 2 8192 2.001000000
404 424 2 8192 2.001000000
405 425 2 8192 2.001000000
406 426 2 8192 2.001000000
407 427 2 8192 2.001000000
404 296 2 8192 2.001000000
405 297 2 8192 2.001000000
406 298 2 8192 2.001000000
407 299 2 8192 2.001000000
408 424 2 8192 2.001000000
409 425 2 8192 2.001000000
410 426 2 8192 2.001000000
411 427 2 8192 2.001000000
408 296 2 8192 2.001000000
409 297 2 8192 2.001000000
410 298 2 8192 2.001000000
411 299 2 8192 2.001000000
416 424 2 8192 2.001000000
417 425 2 8192 2.001000000
418 426 2 8192 2.001000000
419 427 2 8192 2.001000000
416 296 2 8192 2.001000000
417 297 2 8192 2.001000000
418 298 2 8192 2.001000000
419 299 2 8192 2.001000000
428 424 2 8192 2.001000000
429 425 2 8192 2.001000000
430 426 2 8192 2.001000000
431 427 2 8192 2.001000000
428 296 2 8192 2.001000000
429 297 2 8192 2.001000000
430 298 2 8192 2.001000000
431 299 2 8192 2.001000000
432 424 2 8192 2.001000000
433 425 2 8192 2.001000000
434 426 2 8192 2.001000000
435 427 2 8192 2.001000000
432 296 2 8192 2.001000000
433 297 2 8192 2.001000000
434 298 2 8192 2.001000000
435 299 2 8192 2.001000000
436 424 2 8192 2.001000000
437 425 2 8192 2.001000000
438 426 2 8192 2.001000000
439 427 2 8192 2.001000000
436 296 2 8192 2.001000000
437 297 2 8192 2.001000000
438 298 2 8192 2.001000000
439 299 2 8192 2.001000000
440 424 2 8192 2.001000000
441 425 2 8192 2.001000000
442 426 2 8192 2.001000000
443 427 2 8192 2.001000000
440 296 2 8192 2.001000000
441 297 2 8192 2.001000000
442 298 2 8192 2.001000000
443 299 2 8192 2.001000000
444 424 2 8192 2.001000000
445 425 2 8192 2.001000000
446 426 2 8192 2.001000000
447 427 2 8192 2.001000000
444 296 2 8192 2.001000000
445 297 2 8192 2.001000000
446 298 2 8192 2.001000000
447 299 2 8192 2.001000000
448 424 2 8192 2.001000000
449 425 2 8192 2.001000000
450 426 2 8192 2.001000000
451 427 2 8192 2.001000000
448 296 2 8192 2.001000000
449 297 2 8192 2.001000000
450 298 2 8192 2.001000000
451 299 2 8192 2.001000000
452 424 2 8192 2.001000000
453 425 2 8192 2.001000000
454 426 2 8192 2.001000000
455 427 2 8192 2.001000000
452 296 2 8192 2.001000000
453 297 2 8192 2.001000000
454 298 2 8192 2.001000000
455 299 2 8192 2.001000000
456 424 2 8192 2.001000000
457 425 2 8192 2.001000000
458 426 2 8192 2.001000000
459 427 2 8192 2.001000000
456 296 2 8192 2.001000000
457 297 2 8192 2.001000000
458 298 2 8192 2.001000000
459 299 2 8192 2.001000000
460 424 2 8192 2.001000000
461 425 2 8192 2.001000000
462 426 2 8192 2.001000000
463 427 2 8192 2.001000000
460 296 2 8192 2.001000000
461 297 2 8192 2.001000000
462 298 2 8192 2.001000000
463 299 2 8192 2.001000000
464 424 2 8192 2.001000000
465 425 2 8192 2.001000000
466 426 2 8192 2.001000000
467 427 2 8192 2.001000000
464 296 2 8192 2.001000000
465 297 2 8192 2.001000000
466 298 2 8192 2.001000000
467 299 2 8192 2.001000000
468 424 2 8192 2.001000000
469 425 2 8192 2.001000000
470 426 2 8192 2.001000000
471 427 2 8192 2.001000000
468 296 2 8192 2.001000000
469 297 2 8192 2.001000000
470 298 2 8192 2.001000000
471 299 2 8192 2.001000000
472 424 2 8192 2.001000000
473 425 2 8192 2.001000000
474 426 2 8192 2.001000000
475 427 2 8192 2.001000000
472 296 2 8192 2.001000000
473 297 2 8192 2.001000000
474 298 2 8192 2.001000000
475 299 2 8192 2.001000000
476 424 2 8192 2.001000000
477 425 2 8192 2.001000000
478 426 2 8192 2.001000000
479 427 2 8192 2.001000000
476 296 2 8192 2.001000000
477 297 2 8192 2.001000000
478 298 2 8192 2.001000000
479 299 2 8192 2.001000000
484 424 2 8192 2.001000000
485 425 2 8192 2.001000000
486 426 2 8192 2.001000000
487 427 2 8192 2.001000000
484 296 2 8192 2.001000000
485 297 2 8192 2.001000000
486 298 2 8192 2.001000000
487 299 2 8192 2.001000000
492 424 2 8192 2.001000000
493 425 2 8192 2.001000000
494 426 2 8192 2.001000000
495 427 2 8192 2.001000000
492 296 2 8192 2.001000000
493 297 2 8192 2.001000000
494 298 2 8192 2.001000000
495 299 2 8192 2.001000000
496 424 2 8192 2.001000000
497 425 2 8192 2.001000000
498 426 2 8192 2.001000000
499 427 2 8192 2.001000000
496 296 2 8192 2.001000000
497 297 2 8192 2.001000000
498 298 2 8192 2.001000000
499 299 2 8192 2.001000000
500 424 2 8192 2.001000000
501 425 2 8192 2.001000000
502 426 2 8192 2.001000000
503 427 2 8192 2.001000000
500 296 2 8192 2.001000000
501 297 2 8192 2.001000000
502 298 2 8192 2.001000000
503 299 2 8192 2.001000000
504 424 2 8192 2.001000000
505 425 2 8192 2.001000000
506 426 2 8192 2.001000000
507 427 2 8192 2.001000000
504 296 2 8192 2.001000000
505 297 2 8192 2.001000000
506 298 2 8192 2.001000000
507 299 2 8192 2.001000000
508 424 2 8192 2.001000000
509 425 2 8192 2.001000000
510 426 2 8192 2.001000000
511 427 2 8192 2.001000000
508 296 2 8192 2.001000000
509 297 2 8192 2.001000000
510 298 2 8192 2.001000000
511 299 2 8192 2.001000000
512 424 2 8192 2.001000000
513 425 2 8192 2.001000000
514 426 2 8192 2.001000000
515 427 2 8192 2.001000000
512 296 2 8192 2.001000000
513 297 2 8192 2.001000000
514 298 2 8192 2.001000000
515 299 2 8192 2.001000000
516 424 2 8192 2.001000000
517 425 2 8192 2.001000000
518 426 2 8192 2.001000000
519 427 2 8192 2.001000000
516 296 2 8192 2.001000000
517 297 2 8192 2.001000000
518 298 2 8192 2.001000000
519 299 2 8192 2.001000000
520 424 2 8192 2.001000000
521 425 2 8192 2.001000000
522 426 2 8192 2.001000000
523 427 2 8192 2.001000000
520 296 2 8192 2.001000000
521 297 2 8192 2.001000000
522 298 2 8192 2.001000000
523 299 2 8192 2.001000000
524 424 2 8192 2.001000000
525 425 2 8192 2.001000000
526 426 2 8192 2.001000000
527 427 2 8192 2.001000000
524 296 2 8192 2.001000000
525 297 2 8192 2.001000000
526 298 2 8192 2.001000000
527 299 2 8192 2.001000000
536 424 2 8192 2.001000000
537 425 2 8192 2.001000000
538 426 2 8192 2.001000000
539 427 2 8192 2.001000000
536 296 2 8192 2.001000000
537 297 2 8192 2.001000000
538 298 2 8192 2.001000000
539 299 2 8192 2.001000000
540 424 2 8192 2.001000000
541 425 2 8192 2.001000000
542 426 2 8192 2.001000000
543 427 2 8192 2.001000000
540 296 2 8192 2.001000000
541 297 2 8192 2.001000000
542 298 2 8192 2.001000000
543 299 2 8192 2.001000000
544 424 2 8192 2.001000000
545 425 2 8192 2.001000000
546 426 2 8192 2.001000000
547 427 2 8192 2.001000000
544 296 2 8192 2.001000000
545 297 2 8192 2.001000000
546 298 2 8192 2.001000000
547 299 2 8192 2.001000000
548 424 2 8192 2.001000000
549 425 2 8192 2.001000000
550 426 2 8192 2.001000000
551 427 2 8192 2.001000000
548 296 2 8192 2.001000000
549 297 2 8192 2.001000000
550 298 2 8192 2.001000000
551 299 2 8192 2.001000000
552 424 2 8192 2.001000000
553 425 2 8192 2.001000000
554 426 2 8192 2.001000000
555 427 2 8192 2.001000000
552 296 2 8192 2.001000000
553 297 2 8192 2.001000000
554 298 2 8192 2.001000000
555 299 2 8192 2.001000000
560 424 2 8192 2.001000000
561 425 2 8192 2.001000000
562 426 2 8192 2.001000000
563 427 2 8192 2.001000000
560 296 2 8192 2.001000000
561 297 2 8192 2.001000000
562 298 2 8192 2.001000000
563 299 2 8192 2.001000000
564 424 2 8192 2.001000000
565 425 2 8192 2.001000000
566 426 2 8192 2.001000000
567 427 2 8192 2.001000000
564 296 2 8192 2.001000000
565 297 2 8192 2.001000000
566 298 2 8192 2.001000000
567 299 2 8192 2.001000000
568 424 2 8192 2.001000000
569 425 2 8192 2.001000000
570 426 2 8192 2.001000000
571 427 2 8192 2.001000000
568 296 2 8192 2.001000000
569 297 2 8192 2.001000000
570 298 2 8192 2.001000000
571 299 2 8192 2.001000000
572 424 2 8192 2.001000000
573 425 2 8192 2.001000000
574 426 2 8192 2.001000000
575 427 2 8192 2.001000000
572 296 2 8192 2.001000000
573 297 2 8192 2.001000000
574 298 2 8192 2.001000000
575 299 2 8192 2.001000000
576 424 2 8192 2.001000000
577 425 2 8192 2.001000000
578 426 2 8192 2.001000000
579 427 2 8192 2.001000000
576 296 2 8192 2.001000000
577 297 2 8192 2.001000000
578 298 2 8192 2.001000000
579 299 2 8192 2.001000000
580 424 2 8192 2.001000000
581 425 2 8192 2.001000000
582 426 2 8192 2.001000000
583 427 2 8192 2.001000000
580 296 2 8192 2.001000000
581 297 2 8192 2.001000000
582 298 2 8192 2.001000000
583 299 2 8192 2.001000000
588 424 2 8192 2.001000000
589 425 2 8192 2.001000000
590 426 2 8192 2.001000000
591 427 2 8192 2.001000000
588 296 2 8192 2.001000000
589 297 2 8192 2.001000000
590 298 2 8192 2.001000000
591 299 2 8192 2.001000000
592 424 2 8192 2.001000000
593 425 2 8192 2.001000000
594 426 2 8192 2.001000000
595 427 2 8192 2.001000000
592 296 2 8192 2.001000000
593 297 2 8192 2.001000000
594 298 2 8192 2.001000000
595 299 2 8192 2.001000000
596 424 2 8192 2.001000000
597 425 2 8192 2.001000000
598 426 2 8192 2.001000000
599 427 2 8192 2.001000000
596 296 2 8192 2.001000000
597 297 2 8192 2.001000000
598 298 2 8192 2.001000000
599 299 2 8192 2.001000000
600 424 2 8192 2.001000000
601 425 2 8192 2.001000000
602 426 2 8192 2.001000000
603 427 2 8192 2.001000000
600 296 2 8192 2.001000000
601 297 2 8192 2.001000000
602 298 2 8192 2.001000000
603 299 2 8192 2.001000000
608 424 2 8192 2.001000000
609 425 2 8192 2.001000000
610 426 2 8192 2.001000000
611 427 2 8192 2.001000000
608 296 2 8192 2.001000000
609 297 2 8192 2.001000000
610 298 2 8192 2.001000000
611 299 2 8192 2.001000000
612 424 2 8192 2.001000000
613 425 2 8192 2.001000000
614 426 2 8192 2.001000000
615 427 2 8192 2.001000000
612 296 2 8192 2.001000000
613 297 2 8192 2.001000000
614 298 2 8192 2.001000000
615 299 2 8192 2.001000000
620 424 2 8192 2.001000000
621 425 2 8192 2.001000000
622 426 2 8192 2.001000000
623 427 2 8192 2.001000000
620 296 2 8192 2.001000000
621 297 2 8192 2.001000000
622 298 2 8192 2.001000000
623 299 2 8192 2.001000000
624 424 2 8192 2.001000000
625 425 2 8192 2.001000000
626 426 2 8192 2.001000000
627 427 2 8192 2.001000000
624 296 2 8192 2.001000000
625 297 2 8192 2.001000000
626 298 2 8192 2.001000000
627 299 2 8192 2.001000000
632 424 2 8192 2.001000000
633 425 2 8192 2.001000000
634 426 2 8192 2.001000000
635 427 2 8192 2.001000000
632 296 2 8192 2.001000000
633 297 2 8192 2.001000000
634 298 2 8192 2.001000000
635 299 2 8192 2.001000000
636 424 2 8192 2.001000000
637 425 2 8192 2.001000000
638 426 2 8192 2.001000000
639 427 2 8192 2.001000000
636 296 2 8192 2.001000000
637 297 2 8192 2.001000000
638 298 2 8192 2.001000000
639 299 2 8192 2.001000000
640 424 2 8192 2.001000000
641 425 2 8192 2.001000000
642 426 2 8192 2.001000000
643 427 2 8192 2.001000000
640 296 2 8192 2.001000000
641 297 2 8192 2.001000000
642 298 2 8192 2.001000000
643 299 2 8192 2.001000000
644 424 2 8192 2.001000000
645 425 2 8192 2.001000000
646 426 2 8192 2.001000000
647 427 2 8192 2.001000000
644 296 2 8192 2.001000000
645 297 2 8192 2.001000000
646 298 2 8192 2.001000000
647 299 2 8192 2.001000000
648 424 2 8192 2.001000000
649 425 2 8192 2.001000000
650 426 2 8192 2.001000000
651 427 2 8192 2.001000000
648 296 2 8192 2.001000000
649 297 2 8192 2.001000000
650 298 2 8192 2.001000000
651 299 2 8192 2.001000000
652 424 2 8192 2.001000000
653 425 2 8192 2.001000000
654 426 2 8192 2.001000000
655 427 2 8192 2.001000000
652 296 2 8192 2.001000000
653 297 2 8192 2.001000000
654 298 2 8192 2.001000000
655 299 2 8192 2.001000000
656 424 2 8192 2.001000000
657 425 2 8192 2.001000000
658 426 2 8192 2.001000000
659 427 2 8192 2.001000000
656 296 2 8192 2.001000000
657 297 2 8192 2.001000000
658 298 2 8192 2.001000000
659 299 2 8192 2.001000000
660 424 2 8192 2.001000000
661 425 2 8192 2.001000000
662 426 2 8192 2.001000000
663 427 2 8192 2.001000000
660 296 2 8192 2.001000000
661 297 2 8192 2.001000000
662 298 2 8192 2.001000000
663 299 2 8192 2.001000000
668 424 2 8192 2.001000000
669 425 2 8192 2.001000000
670 426 2 8192 2.001000000
671 427 2 8192 2.001000000
668 296 2 8192 2.001000000
669 297 2 8192 2.001000000
670 298 2 8192 2.001000000
671 299 2 8192 2.001000000
672 424 2 8192 2.001000000
673 425 2 8192 2.001000000
674 426 2 8192 2.001000000
675 427 2 8192 2.001000000
672 296 2 8192 2.001000000
673 297 2 8192 2.001000000
674 298 2 8192 2.001000000
675 299 2 8192 2.001000000
676 424 2 8192 2.001000000
677 425 2 8192 2.001000000
678 426 2 8192 2.001000000
679 427 2 8192 2.001000000
676 296 2 8192 2.001000000
677 297 2 8192 2.001000000
678 298 2 8192 2.001000000
679 299 2 8192 2.001000000
688 424 2 8192 2.001000000
689 425 2 8192 2.001000000
690 426 2 8192 2.001000000
691 427 2 8192 2.001000000
688 296 2 8192 2.001000000
689 297 2 8192 2.001000000
690 298 2 8192 2.001000000
691 299 2 8192 2.001000000
692 424 2 8192 2.001000000
693 425 2 8192 2.001000000
694 426 2 8192 2.001000000
695 427 2 8192 2.001000000
692 296 2 8192 2.001000000
693 297 2 8192 2.001000000
694 298 2 8192 2.001000000
695 299 2 8192 2.001000000
696 424 2 8192 2.001000000
697 425 2 8192 2.001000000
698 426 2 8192 2.001000000
699 427 2 8192 2.001000000
696 296 2 8192 2.001000000
697 297 2 8192 2.001000000
698 298 2 8192 2.001000000
699 299 2 8192 2.001000000
700 424 2 8192 2.001000000
701 425 2 8192 2.001000000
702 426 2 8192 2.001000000
703 427 2 8192 2.001000000
700 296 2 8192 2.001000000
701 297 2 8192 2.001000000
702 298 2 8192 2.001000000
703 299 2 8192 2.001000000
704 424 2 8192 2.001000000
705 425 2 8192 2.001000000
706 426 2 8192 2.001000000
707 427 2 8192 2.001000000
704 296 2 8192 2.001000000
705 297 2 8192 2.001000000
706 298 2 8192 2.001000000
707 299 2 8192 2.001000000
712 424 2 8192 2.001000000
713 425 2 8192 2.001000000
714 426 2 8192 2.001000000
715 427 2 8192 2.001000000
712 296 2 8192 2.001000000
713 297 2 8192 2.001000000
714 298 2 8192 2.001000000
715 299 2 8192 2.001000000
716 424 2 8192 2.001000000
717 425 2 8192 2.001000000
718 426 2 8192 2.001000000
719 427 2 8192 2.001000000
716 296 2 8192 2.001000000
717 297 2 8192 2.001000000
718 298 2 8192 2.001000000
719 299 2 8192 2.001000000
724 424 2 8192 2.001000000
725 425 2 8192 2.001000000
726 426 2 8192 2.001000000
727 427 2 8192 2.001000000
724 296 2 8192 2.001000000
725 297 2 8192 2.001000000
726 298 2 8192 2.001000000
727 299 2 8192 2.001000000
732 424 2 8192 2.001000000
733 425 2 8192 2.001000000
734 426 2 8192 2.001000000
735 427 2 8192 2.001000000
732 296 2 8192 2.001000000
733 297 2 8192 2.001000000
734 298 2 8192 2.001000000
735 299 2 8192 2.001000000
736 424 2 8192 2.001000000
737 425 2 8192 2.001000000
738 426 2 8192 2.001000000
739 427 2 8192 2.001000000
736 296 2 8192 2.001000000
737 297 2 8192 2.001000000
738 298 2 8192 2.001000000
739 299 2 8192 2.001000000
740 424 2 8192 2.001000000
741 425 2 8192 2.001000000
742 426 2 8192 2.001000000
743 427 2 8192 2.001000000
740 296 2 8192 2.001000000
741 297 2 8192 2.001000000
742 298 2 8192 2.001000000
743 299 2 8192 2.001000000
744 424 2 8192 2.001000000
745 425 2 8192 2.001000000
746 426 2 8192 2.001000000
747 427 2 8192 2.001000000
744 296 2 8192 2.001000000
745 297 2 8192 2.001000000
746 298 2 8192 2.001000000
747 299 2 8192 2.001000000
748 424 2 8192 2.001000000
749 425 2 8192 2.001000000
750 426 2 8192 2.001000000
751 427 2 8192 2.001000000
748 296 2 8192 2.001000000
749 297 2 8192 2.001000000
750 298 2 8192 2.001000000
751 299 2 8192 2.001000000
752 424 2 8192 2.001000000
753 425 2 8192 2.001000000
754 426 2 8192 2.001000000
755 427 2 8192 2.001000000
752 296 2 8192 2.001000000
753 297 2 8192 2.001000000
754 298 2 8192 2.001000000
755 299 2 8192 2.001000000
756 424 2 8192 2.001000000
757 425 2 8192 2.001000000
758 426 2 8192 2.001000000
759 427 2 8192 2.001000000
756 296 2 8192 2.001000000
757 297 2 8192 2.001000000
758 298 2 8192 2.001000000
759 299 2 8192 2.001000000
760 424 2 8192 2.001000000
761 425 2 8192 2.001000000
762 426 2 8192 2.001000000
763 427 2 8192 2.001000000
760 296 2 8192 2.001000000
761 297 2 8192 2.001000000
762 298 2 8192 2.001000000
763 299 2 8192 2.001000000
764 424 2 8192 2.001000000
765 425 2 8192 2.001000000
766 426 2 8192 2.001000000
767 427 2 8192 2.001000000
764 296 2 8192 2.001000000
765 297 2 8192 2.001000000
766 298 2 8192 2.001000000
767 299 2 8192 2.001000000
772 424 2 8192 2.001000000
773 425 2 8192 2.001000000
774 426 2 8192 2.001000000
775 427 2 8192 2.001000000
772 296 2 8192 2.001000000
773 297 2 8192 2.001000000
774 298 2 8192 2.001000000
775 299 2 8192 2.001000000
776 424 2 8192 2.001000000
777 425 2 8192 2.001000000
778 426 2 8192 2.001000000
779 427 2 8192 2.001000000
776 296 2 8192 2.001000000
777 297 2 8192 2.001000000
778 298 2 8192 2.001000000
779 299 2 8192 2.001000000
780 424 2 8192 2.001000000
781 425 2 8192 2.001000000
782 426 2 8192 2.001000000
783 427 2 8192 2.001000000
780 296 2 8192 2.001000000
781 297 2 8192 2.001000000
782 298 2 8192 2.001000000
783 299 2 8192 2.001000000
784 424 2 8192 2.001000000
785 425 2 8192 2.001000000
786 426 2 8192 2.001000000
787 427 2 8192 2.001000000
784 296 2 8192 2.001000000
785 297 2 8192 2.001000000
786 298 2 8192 2.001000000
787 299 2 8192 2.001000000
788 424 2 8192 2.001000000
789 425 2 8192 2.001000000
790 426 2 8192 2.001000000
791 427 2 8192 2.001000000
788 296 2 8192 2.001000000
789 297 2 8192 2.001000000
790 298 2 8192 2.001000000
791 299 2 8192 2.001000000
792 424 2 8192 2.001000000
793 425 2 8192 2.001000000
794 426 2 8192 2.001000000
795 427 2 8192 2.001000000
792 296 2 8192 2.001000000
793 297 2 8192 2.001000000
794 298 2 8192 2.001000000
795 299 2 8192 2.001000000
804 424 2 8192 2.001000000
805 425 2 8192 2.001000000
806 426 2 8192 2.001000000
807 427 2 8192 2.001000000
804 296 2 8192 2.001000000
805 297 2 8192 2.001000000
806 298 2 8192 2.001000000
807 299 2 8192 2.001000000
808 424 2 8192 2.001000000
809 425 2 8192 2.001000000
810 426 2 8192 2.001000000
811 427 2 8192 2.001000000
808 296 2 8192 2.001000000
809 297 2 8192 2.001000000
810 298 2 8192 2.001000000
811 299 2 8192 2.001000000
812 424 2 8192 2.001000000
813 425 2 8192 2.001000000
814 426 2 8192 2.001000000
815 427 2 8192 2.001000000
812 296 2 8192 2.001000000
813 297 2 8192 2.001000000
814 298 2 8192 2.001000000
815 299 2 8192 2.001000000
816 424 2 8192 2.001000000
817 425 2 8192 2.001000000
818 426 2 8192 2.001000000
819 427 2 8192 2.001000000
816 296 2 8192 2.001000000
817 297 2 8192 2.001000000
818 298 2 8192 2.001000000
819 299 2 8192 2.001000000
820 424 2 8192 2.001000000
821 425 2 8192 2.001000000
822 426 2 8192 2.001000000
823 427 2 8192 2.001000000
820 296 2 8192 2.001000000
821 297 2 8192 2.001000000
822 298 2 8192 2.001000000
823 299 2 8192 2.001000000
824 424 2 8192 2.001000000
825 425 2 8192 2.001000000
826 426 2 8192 2.001000000
827 427 2 8192 2.001000000
824 296 2 8192 2.001000000
825 297 2 8192 2.001000000
826 298 2 8192 2.001000000
827 299 2 8192 2.001000000
832 424 2 8192 2.001000000
833 425 2 8192 2.001000000
834 426 2 8192 2.001000000
835 427 2 8192 2.001000000
832 296 2 8192 2.001000000
833 297 2 8192 2.001000000
834 298 2 8192 2.001000000
835 299 2 8192 2.001000000
836 424 2 8192 2.001000000
837 425 2 8192 2.001000000
838 426 2 8192 2.001000000
839 427 2 8192 2.001000000
836 296 2 8192 2.001000000
837 297 2 8192 2.001000000
838 298 2 8192 2.001000000
839 299 2 8192 2.001000000
840 424 2 8192 2.001000000
841 425 2 8192 2.001000000
842 426 2 8192 2.001000000
843 427 2 8192 2.001000000
840 296 2 8192 2.001000000
841 297 2 8192 2.001000000
842 298 2 8192 2.001000000
843 299 2 8192 2.001000000
844 424 2 8192 2.001000000
845 425 2 8192 2.001000000
846 426 2 8192 2.001000000
847 427 2 8192 2.001000000
844 296 2 8192 2.001000000
845 297 2 8192 2.001000000
846 298 2 8192 2.001000000
847 299 2 8192 2.001000000
848 424 2 8192 2.001000000
849 425 2 8192 2.001000000
850 426 2 8192 2.001000000
851 427 2 8192 2.001000000
848 296 2 8192 2.001000000
849 297 2 8192 2.001000000
850 298 2 8192 2.001000000
851 299 2 8192 2.001000000
852 424 2 8192 2.001000000
853 425 2 8192 2.001000000
854 426 2 8192 2.001000000
855 427 2 8192 2.001000000
852 296 2 8192 2.001000000
853 297 2 8192 2.001000000
854 298 2 8192 2.001000000
855 299 2 8192 2.001000000
856 424 2 8192 2.001000000
857 425 2 8192 2.001000000
858 426 2 8192 2.001000000
859 427 2 8192 2.001000000
856 296 2 8192 2.001000000
857 297 2 8192 2.001000000
858 298 2 8192 2.001000000
859 299 2 8192 2.001000000
860 424 2 8192 2.001000000
861 425 2 8192 2.001000000
862 426 2 8192 2.001000000
863 427 2 8192 2.001000000
860 296 2 8192 2.001000000
861 297 2 8192 2.001000000
862 298 2 8192 2.001000000
863 299 2 8192 2.001000000
864 424 2 8192 2.001000000
865 425 2 8192 2.001000000
866 426 2 8192 2.001000000
867 427 2 8192 2.001000000
864 296 2 8192 2.001000000
865 297 2 8192 2.001000000
866 298 2 8192 2.001000000
867 299 2 8192 2.001000000
868 424 2 8192 2.001000000
869 425 2 8192 2.001000000
870 426 2 8192 2.001000000
871 427 2 8192 2.001000000
868 296 2 8192 2.001000000
869 297 2 8192 2.001000000
870 298 2 8192 2.001000000
871 299 2 8192 2.001000000
872 424 2 8192 2.001000000
873 425 2 8192 2.001000000
874 426 2 8192 2.001000000
875 427 2 8192 2.001000000
872 296 2 8192 2.001000000
873 297 2 8192 2.001000000
874 298 2 8192 2.001000000
875 299 2 8192 2.001000000
876 424 2 8192 2.001000000
877 425 2 8192 2.001000000
878 426 2 8192 2.001000000
879 427 2 8192 2.001000000
876 296 2 8192 2.001000000
877 297 2 8192 2.001000000
878 298 2 8192 2.001000000
879 299 2 8192 2.001000000
880 424 2 8192 2.001000000
881 425 2 8192 2.001000000
882 426 2 8192 2.001000000
883 427 2 8192 2.001000000
880 296 2 8192 2.001000000
881 297 2 8192 2.001000000
882 298 2 8192 2.001000000
883 299 2 8192 2.001000000
884 424 2 8192 2.001000000
885 425 2 8192 2.001000000
886 426 2 8192 2.001000000
887 427 2 8192 2.001000000
884 296 2 8192 2.001000000
885 297 2 8192 2.001000000
886 298 2 8192 2.001000000
887 299 2 8192 2.001000000
888 424 2 8192 2.001000000
889 425 2 8192 2.001000000
890 426 2 8192 2.001000000
891 427 2 8192 2.001000000
888 296 2 8192 2.001000000
889 297 2 8192 2.001000000
890 298 2 8192 2.001000000
891 299 2 8192 2.001000000
892 424 2 8192 2.001000000
893 425 2 8192 2.001000000
894 426 2 8192 2.001000000
895 427 2 8192 2.001000000
892 296 2 8192 2.001000000
893 297 2 8192 2.001000000
894 298 2 8192 2.001000000
895 299 2 8192 2.001000000
896 424 2 8192 2.001000000
897 425 2 8192 2.001000000
898 426 2 8192 2.001000000
899 427 2 8192 2.001000000
896 296 2 8192 2.001000000
897 297 2 8192 2.001000000
898 298 2 8192 2.001000000
899 299 2 8192 2.001000000
900 424 2 8192 2.001000000
901 425 2 8192 2.001000000
902 426 2 8192 2.001000000
903 427 2 8192 2.001000000
900 296 2 8192 2.001000000
901 297 2 8192 2.001000000
902 298 2 8192 2.001000000
903 299 2 8192 2.001000000
904 424 2 8192 2.001000000
905 425 2 8192 2.001000000
906 426 2 8192 2.001000000
907 427 2 8192 2.001000000
904 296 2 8192 2.001000000
905 297 2 8192 2.001000000
906 298 2 8192 2.001000000
907 299 2 8192 2.001000000
916 424 2 8192 2.001000000
917 425 2 8192 2.001000000
918 426 2 8192 2.001000000
919 427 2 8192 2.001000000
916 296 2 8192 2.001000000
917 297 2 8192 2.001000000
918 298 2 8192 2.001000000
919 299 2 8192 2.001000000
920 424 2 8192 2.001000000
921 425 2 8192 2.001000000
922 426 2 8192 2.001000000
923 427 2 8192 2.001000000
920 296 2 8192 2.001000000
921 297 2 8192 2.001000000
922 298 2 8192 2.001000000
923 299 2 8192 2.001000000
924 424 2 8192 2.001000000
925 425 2 8192 2.001000000
926 426 2 8192 2.001000000
927 427 2 8192 2.001000000
924 296 2 8192 2.001000000
925 297 2 8192 2.001000000
926 298 2 8192 2.001000000
927 299 2 8192 2.001000000
928 424 2 8192 2.001000000
929 425 2 8192 2.001000000
930 426 2 8192 2.001000000
931 427 2 8192 2.001000000
928 296 2 8192 2.001000000
929 297 2 8192 2.001000000
930 298 2 8192 2.001000000
931 299 2 8192 2.001000000
932 424 2 8192 2.001000000
933 425 2 8192 2.001000000
934 426 2 8192 2.001000000
935 427 2 8192 2.001000000
932 296 2 8192 2.001000000
933 297 2 8192 2.001000000
934 298 2 8192 2.001000000
935 299 2 8192 2.001000000
936 424 2 8192 2.001000000
937 425 2 8192 2.001000000
938 426 2 8192 2.001000000
939 427 2 8192 2.001000000
936 296 2 8192 2.001000000
937 297 2 8192 2.001000000
938 298 2 8192 2.001000000
939 299 2 8192 2.001000000
940 424 2 8192 2.001000000
941 425 2 8192 2.001000000
942 426 2 8192 2.001000000
943 427 2 8192 2.001000000
940 296 2 8192 2.001000000
941 297 2 8192 2.001000000
942 298 2 8192 2.001000000
943 299 2 8192 2.001000000
944 424 2 8192 2.001000000
945 425 2 8192 2.001000000
946 426 2 8192 2.001000000
947 427 2 8192 2.001000000
944 296 2 8192 2.001000000
945 297 2 8192 2.001000000
946 298 2 8192 2.001000000
947 299 2 8192 2.001000000
948 424 2 8192 2.001000000
949 425 2 8192 2.001000000
950 426 2 8192 2.001000000
951 427 2 8192 2.001000000
948 296 2 8192 2.001000000
949 297 2 8192 2.001000000
950 298 2 8192 2.001000000
951 299 2 8192 2.001000000
952 424 2 8192 2.001000000
953 425 2 8192 2.001000000
954 426 2 8192 2.001000000
955 427 2 8192 2.001000000
952 296 2 8192 2.001000000
953 297 2 8192 2.001000000
954 298 2 8192 2.001000000
955 299 2 8192 2.001000000
956 424 2 8192 2.001000000
957 425 2 8192 2.001000000
958 426 2 8192 2.001000000
959 427 2 8192 2.001000000
956 296 2 8192 2.001000000
957 297 2 8192 2.001000000
958 298 2 8192 2.001000000
959 299 2 8192 2.001000000
960 424 2 8192 2.001000000
961 425 2 8192 2.001000000
962 426 2 8192 2.001000000
963 427 2 8192 2.001000000
960 296 2 8192 2.001000000
961 297 2 8192 2.001000000
962 298 2 8192 2.001000000
963 299 2 8192 2.001000000
964 424 2 8192 2.001000000
965 425 2 8192 2.001000000
966 426 2 8192 2.001000000
967 427 2 8192 2.001000000
964 296 2 8192 2.001000000
965 297 2 8192 2.001000000
966 298 2 8192 2.001000000
967 299 2 8192 2.001000000
968 424 2 8192 2.001000000
969 425 2 8192 2.001000000
970 426 2 8192 2.001000000
971 427 2 8192 2.001000000
968 296 2 8192 2.001000000
969 297 2 8192 2.001000000
970 298 2 8192 2.001000000
971 299 2 8192 2.001000000
972 424 2 8192 2.001000000
973 425 2 8192 2.001000000
974 426 2 8192 2.001000000
975 427 2 8192 2.001000000
972 296 2 8192 2.001000000
973 297 2 8192 2.001000000
974 298 2 8192 2.001000000
975 299 2 8192 2.001000000
976 424 2 8192 2.001000000
977 425 2 8192 2.001000000
978 426 2 8192 2.001000000
979 427 2 8192 2.001000000
976 296 2 8192 2.001000000
977 297 2 8192 2.001000000
978 298 2 8192 2.001000000
979 299 2 8192 2.001000000
980 424 2 8192 2.001000000
981 425 2 8192 2.001000000
982 426 2 8192 2.001000000
983 427 2 8192 2.001000000
980 296 2 8192 2.001000000
981 297 2 8192 2.001000000
982 298 2 8192 2.001000000
983 299 2 8192 2.001000000
984 424 2 8192 2.001000000
985 425 2 8192 2.001000000
986 426 2 8192 2.001000000
987 427 2 8192 2.001000000
984 296 2 8192 2.001000000
985 297 2 8192 2.001000000
986 298 2 8192 2.001000000
987 299 2 8192 2.001000000
988 424 2 8192 2.001000000
989 425 2 8192 2.001000000
990 426 2 8192 2.001000000
991 427 2 8192 2.001000000
988 296 2 8192 2.001000000
989 297 2 8192 2.001000000
990 298 2 8192 2.001000000
991 299 2 8192 2.001000000
992 424 2 8192 2.001000000
993 425 2 8192 2.001000000
994 426 2 8192 2.001000000
995 427 2 8192 2.001000000
992 296 2 8192 2.001000000
993 297 2 8192 2.001000000
994 298 2 8192 2.001000000
995 299 2 8192 2.001000000
996 424 2 8192 2.001000000
997 425 2 8192 2.001000000
998 426 2 8192 2.001000000
999 427 2 8192 2.001000000
996 296 2 8192 2.001000000
997 297 2 8192 2.001000000
998 298 2 8192 2.001000000
999 299 2 8192 2.001000000
1008 424 2 8192 2.001000000
1009 425 2 8192 2.001000000
1010 426 2 8192 2.001000000
1011 427 2 8192 2.001000000
1008 296 2 8192 2.001000000
1009 297 2 8192 2.001000000
1010 298 2 8192 2.001000000
1011 299 2 8192 2.001000000
1016 424 2 8192 2.001000000
1017 425 2 8192 2.001000000
1018 426 2 8192 2.001000000
1019 427 2 8192 2.001000000
1016 296 2 8192 2.001000000
1017 297 2 8192 2.001000000
1018 298 2 8192 2.001000000
1019 299 2 8192 2.001000000
1020 424 2 8192 2.001000000
1021 425 2 8192 2.001000000
1022 426 2 8192 2.001000000
1023 427 2 8192 2.001000000
1020 296 2 8192 2.001000000
1021 297 2 8192 2.001000000
1022 298 2 8192 2.001000000
1023 299 2 8192 2.001000000
1032 424 2 8192 2.001000000
1033 425 2 8192 2.001000000
1034 426 2 8192 2.001000000
1035 427 2 8192 2.001000000
1032 296 2 8192 2.001000000
1033 297 2 8192 2.001000000
1034 298 2 8192 2.001000000
1035 299 2 8192 2.001000000
1036 424 2 8192 2.001000000
1037 425 2 8192 2.001000000
1038 426 2 8192 2.001000000
1039 427 2 8192 2.001000000
1036 296 2 8192 2.001000000
1037 297 2 8192 2.001000000
1038 298 2 8192 2.001000000
1039 299 2 8192 2.001000000
1040 424 2 8192 2.001000000
1041 425 2 8192 2.001000000
1042 426 2 8192 2.001000000
1043 427 2 8192 2.001000000
1040 296 2 8192 2.001000000
1041 297 2 8192 2.001000000
1042 298 2 8192 2.001000000
1043 299 2 8192 2.001000000
1044 424 2 8192 2.001000000
1045 425 2 8192 2.001000000
1046 426 2 8192 2.001000000
1047 427 2 8192 2.001000000
1044 296 2 8192 2.001000000
1045 297 2 8192 2.001000000
1046 298 2 8192 2.001000000
1047 299 2 8192 2.001000000
1048 424 2 8192 2.001000000
1049 425 2 8192 2.001000000
1050 426 2 8192 2.001000000
1051 427 2 8192 2.001000000
1048 296 2 8192 2.001000000
1049 297 2 8192 2.001000000
1050 298 2 8192 2.001000000
1051 299 2 8192 2.001000000
1056 424 2 8192 2.001000000
1057 425 2 8192 2.001000000
1058 426 2 8192 2.001000000
1059 427 2 8192 2.001000000
1056 296 2 8192 2.001000000
1057 297 2 8192 2.001000000
1058 298 2 8192 2.001000000
1059 299 2 8192 2.001000000
1060 424 2 8192 2.001000000
1061 425 2 8192 2.001000000
1062 426 2 8192 2.001000000
1063 427 2 8192 2.001000000
1060 296 2 8192 2.001000000
1061 297 2 8192 2.001000000
1062 298 2 8192 2.001000000
1063 299 2 8192 2.001000000
1064 424 2 8192 2.001000000
1065 425 2 8192 2.001000000
1066 426 2 8192 2.001000000
1067 427 2 8192 2.001000000
1064 296 2 8192 2.001000000
1065 297 2 8192 2.001000000
1066 298 2 8192 2.001000000
1067 299 2 8192 2.001000000
1068 424 2 8192 2.001000000
1069 425 2 8192 2.001000000
1070 426 2 8192 2.001000000
1071 427 2 8192 2.001000000
1068 296 2 8192 2.001000000
1069 297 2 8192 2.001000000
1070 298 2 8192 2.001000000
1071 299 2 8192 2.001000000
1072 424 2 8192 2.001000000
1073 425 2 8192 2.001000000
1074 426 2 8192 2.001000000
1075 427 2 8192 2.001000000
1072 296 2 8192 2.001000000
1073 297 2 8192 2.001000000
1074 298 2 8192 2.001000000
1075 299 2 8192 2.001000000
1076 424 2 8192 2.001000000
1077 425 2 8192 2.001000000
1078 426 2 8192 2.001000000
1079 427 2 8192 2.001000000
1076 296 2 8192 2.001000000
1077 297 2 8192 2.001000000
1078 298 2 8192 2.001000000
1079 299 2 8192 2.001000000
1080 424 2 8192 2.001000000
1081 425 2 8192 2.001000000
1082 426 2 8192 2.001000000
1083 427 2 8192 2.001000000
1080 296 2 8192 2.001000000
1081 297 2 8192 2.001000000
1082 298 2 8192 2.001000000
1083 299 2 8192 2.001000000
1084 424 2 8192 2.001000000
1085 425 2 8192 2.001000000
1086 426 2 8192 2.001000000
1087 427 2 8192 2.001000000
1084 296 2 8192 2.001000000
1085 297 2 8192 2.001000000
1086 298 2 8192 2.001000000
1087 299 2 8192 2.001000000
1088 424 2 8192 2.001000000
1089 425 2 8192 2.001000000
1090 426 2 8192 2.001000000
1091 427 2 8192 2.001000000
1088 296 2 8192 2.001000000
1089 297 2 8192 2.001000000
1090 298 2 8192 2.001000000
1091 299 2 8192 2.001000000
1096 424 2 8192 2.001000000
1097 425 2 8192 2.001000000
1098 426 2 8192 2.001000000
1099 427 2 8192 2.001000000
1096 296 2 8192 2.001000000
1097 297 2 8192 2.001000000
1098 298 2 8192 2.001000000
1099 299 2 8192 2.001000000
1104 424 2 8192 2.001000000
1105 425 2 8192 2.001000000
1106 426 2 8192 2.001000000
1107 427 2 8192 2.001000000
1104 296 2 8192 2.001000000
1105 297 2 8192 2.001000000
1106 298 2 8192 2.001000000
1107 299 2 8192 2.001000000
1108 424 2 8192 2.001000000
1109 425 2 8192 2.001000000
1110 426 2 8192 2.001000000
1111 427 2 8192 2.001000000
1108 296 2 8192 2.001000000
1109 297 2 8192 2.001000000
1110 298 2 8192 2.001000000
1111 299 2 8192 2.001000000
1112 424 2 8192 2.001000000
1113 425 2 8192 2.001000000
1114 426 2 8192 2.001000000
1115 427 2 8192 2.001000000
1112 296 2 8192 2.001000000
1113 297 2 8192 2.001000000
1114 298 2 8192 2.001000000
1115 299 2 8192 2.001000000
1116 424 2 8192 2.001000000
1117 425 2 8192 2.001000000
1118 426 2 8192 2.001000000
1119 427 2 8192 2.001000000
1116 296 2 8192 2.001000000
1117 297 2 8192 2.001000000
1118 298 2 8192 2.001000000
1119 299 2 8192 2.001000000
1120 424 2 8192 2.001000000
1121 425 2 8192 2.001000000
1122 426 2 8192 2.001000000
1123 427 2 8192 2.001000000
1120 296 2 8192 2.001000000
1121 297 2 8192 2.001000000
1122 298 2 8192 2.001000000
1123 299 2 8192 2.001000000
1124 424 2 8192 2.001000000
1125 425 2 8192 2.001000000
1126 426 2 8192 2.001000000
1127 427 2 8192 2.001000000
1124 296 2 8192 2.001000000
1125 297 2 8192 2.001000000
1126 298 2 8192 2.001000000
1127 299 2 8192 2.001000000
1128 424 2 8192 2.001000000
1129 425 2 8192 2.001000000
1130 426 2 8192 2.001000000
1131 427 2 8192 2.001000000
1128 296 2 8192 2.001000000
1129 297 2 8192 2.001000000
1130 298 2 8192 2.001000000
1131 299 2 8192 2.001000000
1136 424 2 8192 2.001000000
1137 425 2 8192 2.001000000
1138 426 2 8192 2.001000000
1139 427 2 8192 2.001000000
1136 296 2 8192 2.001000000
1137 297 2 8192 2.001000000
1138 298 2 8192 2.001000000
1139 299 2 8192 2.001000000
1140 424 2 8192 2.001000000
1141 425 2 8192 2.001000000
1142 426 2 8192 2.001000000
1143 427 2 8192 2.001000000
1140 296 2 8192 2.001000000
1141 297 2 8192 2.001000000
1142 298 2 8192 2.001000000
1143 299 2 8192 2.001000000
1144 424 2 8192 2.001000000
1145 425 2 8192 2.001000000
1146 426 2 8192 2.001000000
1147 427 2 8192 2.001000000
1144 296 2 8192 2.001000000
1145 297 2 8192 2.001000000
1146 298 2 8192 2.001000000
1147 299 2 8192 2.001000000
1148 424 2 8192 2.001000000
1149 425 2 8192 2.001000000
1150 426 2 8192 2.001000000
1151 427 2 8192 2.001000000
1148 296 2 8192 2.001000000
1149 297 2 8192 2.001000000
1150 298 2 8192 2.001000000
1151 299 2 8192 2.001000000
1152 424 2 8192 2.001000000
1153 425 2 8192 2.001000000
1154 426 2 8192 2.001000000
1155 427 2 8192 2.001000000
1152 296 2 8192 2.001000000
1153 297 2 8192 2.001000000
1154 298 2 8192 2.001000000
1155 299 2 8192 2.001000000
1156 424 2 8192 2.001000000
1157 425 2 8192 2.001000000
1158 426 2 8192 2.001000000
1159 427 2 8192 2.001000000
1156 296 2 8192 2.001000000
1157 297 2 8192 2.001000000
1158 298 2 8192 2.001000000
1159 299 2 8192 2.001000000
1160 424 2 8192 2.001000000
1161 425 2 8192 2.001000000
1162 426 2 8192 2.001000000
1163 427 2 8192 2.001000000
1160 296 2 8192 2.001000000
1161 297 2 8192 2.001000000
1162 298 2 8192 2.001000000
1163 299 2 8192 2.001000000
1164 424 2 8192 2.001000000
1165 425 2 8192 2.001000000
1166 426 2 8192 2.001000000
1167 427 2 8192 2.001000000
1164 296 2 8192 2.001000000
1165 297 2 8192 2.001000000
1166 298 2 8192 2.001000000
1167 299 2 8192 2.001000000
1168 424 2 8192 2.001000000
1169 425 2 8192 2.001000000
1170 426 2 8192 2.001000000
1171 427 2 8192 2.001000000
1168 296 2 8192 2.001000000
1169 297 2 8192 2.001000000
1170 298 2 8192 2.001000000
1171 299 2 8192 2.001000000
1172 424 2 8192 2.001000000
1173 425 2 8192 2.001000000
1174 426 2 8192 2.001000000
1175 427 2 8192 2.001000000
1172 296 2 8192 2.001000000
1173 297 2 8192 2.001000000
1174 298 2 8192 2.001000000
1175 299 2 8192 2.001000000
1180 424 2 8192 2.001000000
1181 425 2 8192 2.001000000
1182 426 2 8192 2.001000000
1183 427 2 8192 2.001000000
1180 296 2 8192 2.001000000
1181 297 2 8192 2.001000000
1182 298 2 8192 2.001000000
1183 299 2 8192 2.001000000
1184 424 2 8192 2.001000000
1185 425 2 8192 2.001000000
1186 426 2 8192 2.001000000
1187 427 2 8192 2.001000000
1184 296 2 8192 2.001000000
1185 297 2 8192 2.001000000
1186 298 2 8192 2.001000000
1187 299 2 8192 2.001000000
1188 424 2 8192 2.001000000
1189 425 2 8192 2.001000000
1190 426 2 8192 2.001000000
1191 427 2 8192 2.001000000
1188 296 2 8192 2.001000000
1189 297 2 8192 2.001000000
1190 298 2 8192 2.001000000
1191 299 2 8192 2.001000000
1192 424 2 8192 2.001000000
1193 425 2 8192 2.001000000
1194 426 2 8192 2.001000000
1195 427 2 8192 2.001000000
1192 296 2 8192 2.001000000
1193 297 2 8192 2.001000000
1194 298 2 8192 2.001000000
1195 299 2 8192 2.001000000
1200 424 2 8192 2.001000000
1201 425 2 8192 2.001000000
1202 426 2 8192 2.001000000
1203 427 2 8192 2.001000000
1200 296 2 8192 2.001000000
1201 297 2 8192 2.001000000
1202 298 2 8192 2.001000000
1203 299 2 8192 2.001000000
1208 424 2 8192 2.001000000
1209 425 2 8192 2.001000000
1210 426 2 8192 2.001000000
1211 427 2 8192 2.001000000
1208 296 2 8192 2.001000000
1209 297 2 8192 2.001000000
1210 298 2 8192 2.001000000
1211 299 2 8192 2.001000000
1212 424 2 8192 2.001000000
1213 425 2 8192 2.001000000
1214 426 2 8192 2.001000000
1215 427 2 8192 2.001000000
1212 296 2 8192 2.001000000
1213 297 2 8192 2.001000000
1214 298 2 8192 2.001000000
1215 299 2 8192 2.001000000
1216 424 2 8192 2.001000000
1217 425 2 8192 2.001000000
1218 426 2 8192 2.001000000
1219 427 2 8192 2.001000000
1216 296 2 8192 2.001000000
1217 297 2 8192 2.001000000
1218 298 2 8192 2.001000000
1219 299 2 8192 2.001000000
1220 424 2 8192 2.001000000
1221 425 2 8192 2.001000000
1222 426 2 8192 2.001000000
1223 427 2 8192 2.001000000
1220 296 2 8192 2.001000000
1221 297 2 8192 2.001000000
1222 298 2 8192 2.001000000
1223 299 2 8192 2.001000000
1224 424 2 8192 2.001000000
1225 425 2 8192 2.001000000
1226 426 2 8192 2.001000000
1227 427 2 8192 2.001000000
1224 296 2 8192 2.001000000
1225 297 2 8192 2.001000000
1226 298 2 8192 2.001000000
1227 299 2 8192 2.001000000
1228 424 2 8192 2.001000000
1229 425 2 8192 2.001000000
1230 426 2 8192 2.001000000
1231 427 2 8192 2.001000000
1228 296 2 8192 2.001000000
1229 297 2 8192 2.001000000
1230 298 2 8192 2.001000000
1231 299 2 8192 2.001000000
1232 424 2 8192 2.001000000
1233 425 2 8192 2.001000000
1234 426 2 8192 2.001000000
1235 427 2 8192 2.001000000
1232 296 2 8192 2.001000000
1233 297 2 8192 2.001000000
1234 298 2 8192 2.001000000
1235 299 2 8192 2.001000000
1236 424 2 8192 2.001000000
1237 425 2 8192 2.001000000
1238 426 2 8192 2.001000000
1239 427 2 8192 2.001000000
1236 296 2 8192 2.001000000
1237 297 2 8192 2.001000000
1238 298 2 8192 2.001000000
1239 299 2 8192 2.001000000
1240 424 2 8192 2.001000000
1241 425 2 8192 2.001000000
1242 426 2 8192 2.001000000
1243 427 2 8192 2.001000000
1240 296 2 8192 2.001000000
1241 297 2 8192 2.001000000
1242 298 2 8192 2.001000000
1243 299 2 8192 2.001000000
1248 424 2 8192 2.001000000
1249 425 2 8192 2.001000000
1250 426 2 8192 2.001000000
1251 427 2 8192 2.001000000
1248 296 2 8192 2.001000000
1249 297 2 8192 2.001000000
1250 298 2 8192 2.001000000
1251 299 2 8192 2.001000000
1252 424 2 8192 2.001000000
1253 425 2 8192 2.001000000
1254 426 2 8192 2.001000000
1255 427 2 8192 2.001000000
1252 296 2 8192 2.001000000
1253 297 2 8192 2.001000000
1254 298 2 8192 2.001000000
1255 299 2 8192 2.001000000
1260 424 2 8192 2.001000000
1261 425 2 8192 2.001000000
1262 426 2 8192 2.001000000
1263 427 2 8192 2.001000000
1260 296 2 8192 2.001000000
1261 297 2 8192 2.001000000
1262 298 2 8192 2.001000000
1263 299 2 8192 2.001000000
1264 424 2 8192 2.001000000
1265 425 2 8192 2.001000000
1266 426 2 8192 2.001000000
1267 427 2 8192 2.001000000
1264 296 2 8192 2.001000000
1265 297 2 8192 2.001000000
1266 298 2 8192 2.001000000
1267 299 2 8192 2.001000000
1272 424 2 8192 2.001000000
1273 425 2 8192 2.001000000
1274 426 2 8192 2.001000000
1275 427 2 8192 2.001000000
1272 296 2 8192 2.001000000
1273 297 2 8192 2.001000000
1274 298 2 8192 2.001000000
1275 299 2 8192 2.001000000
1276 424 2 8192 2.001000000
1277 425 2 8192 2.001000000
1278 426 2 8192 2.001000000
1279 427 2 8192 2.001000000
1276 296 2 8192 2.001000000
1277 297 2 8192 2.001000000
1278 298 2 8192 2.001000000
1279 299 2 8192 2.001000000
0 76 2 8192 2.001000000
1 77 2 8192 2.001000000
2 78 2 8192 2.001000000
3 79 2 8192 2.001000000
0 296 2 8192 2.001000000
1 297 2 8192 2.001000000
2 298 2 8192 2.001000000
3 299 2 8192 2.001000000
8 76 2 8192 2.001000000
9 77 2 8192 2.001000000
10 78 2 8192 2.001000000
11 79 2 8192 2.001000000
8 296 2 8192 2.001000000
9 297 2 8192 2.001000000
10 298 2 8192 2.001000000
11 299 2 8192 2.001000000
12 76 2 8192 2.001000000
13 77 2 8192 2.001000000
14 78 2 8192 2.001000000
15 79 2 8192 2.001000000
12 296 2 8192 2.001000000
13 297 2 8192 2.001000000
14 298 2 8192 2.001000000
15 299 2 8192 2.001000000
16 76 2 8192 2.001000000
17 77 2 8192 2.001000000
18 78 2 8192 2.001000000
19 79 2 8192 2.001000000
16 296 2 8192 2.001000000
17 297 2 8192 2.001000000
18 298 2 8192 2.001000000
19 299 2 8192 2.001000000
24 76 2 8192 2.001000000
25 77 2 8192 2.001000000
26 78 2 8192 2.001000000
27 79 2 8192 2.001000000
24 296 2 8192 2.001000000
25 297 2 8192 2.001000000
26 298 2 8192 2.001000000
27 299 2 8192 2.001000000
28 76 2 8192 2.001000000
29 77 2 8192 2.001000000
30 78 2 8192 2.001000000
31 79 2 8192 2.001000000
28 296 2 8192 2.001000000
29 297 2 8192 2.001000000
30 298 2 8192 2.001000000
31 299 2 8192 2.001000000
32 76 2 8192 2.001000000
33 77 2 8192 2.001000000
34 78 2 8192 2.001000000
35 79 2 8192 2.001000000
32 296 2 8192 2.001000000
33 297 2 8192 2.001000000
34 298 2 8192 2.001000000
35 299 2 8192 2.001000000
36 76 2 8192 2.001000000
37 77 2 8192 2.001000000
38 78 2 8192 2.001000000
39 79 2 8192 2.001000000
36 296 2 8192 2.001000000
37 297 2 8192 2.001000000
38 298 2 8192 2.001000000
39 299 2 8192 2.001000000
48 76 2 8192 2.001000000
49 77 2 8192 2.001000000
50 78 2 8192 2.001000000
51 79 2 8192 2.001000000
48 296 2 8192 2.001000000
49 297 2 8192 2.001000000
50 298 2 8192 2.001000000
51 299 2 8192 2.001000000
52 76 2 8192 2.001000000
53 77 2 8192 2.001000000
54 78 2 8192 2.001000000
55 79 2 8192 2.001000000
52 296 2 8192 2.001000000
53 297 2 8192 2.001000000
54 298 2 8192 2.001000000
55 299 2 8192 2.001000000
56 76 2 8192 2.001000000
57 77 2 8192 2.001000000
58 78 2 8192 2.001000000
59 79 2 8192 2.001000000
56 296 2 8192 2.001000000
57 297 2 8192 2.001000000
58 298 2 8192 2.001000000
59 299 2 8192 2.001000000
60 76 2 8192 2.001000000
61 77 2 8192 2.001000000
62 78 2 8192 2.001000000
63 79 2 8192 2.001000000
60 296 2 8192 2.001000000
61 297 2 8192 2.001000000
62 298 2 8192 2.001000000
63 299 2 8192 2.001000000
64 76 2 8192 2.001000000
65 77 2 8192 2.001000000
66 78 2 8192 2.001000000
67 79 2 8192 2.001000000
64 296 2 8192 2.001000000
65 297 2 8192 2.001000000
66 298 2 8192 2.001000000
67 299 2 8192 2.001000000
68 76 2 8192 2.001000000
69 77 2 8192 2.001000000
70 78 2 8192 2.001000000
71 79 2 8192 2.001000000
68 296 2 8192 2.001000000
69 297 2 8192 2.001000000
70 298 2 8192 2.001000000
71 299 2 8192 2.001000000
72 76 2 8192 2.001000000
73 77 2 8192 2.001000000
74 78 2 8192 2.001000000
75 79 2 8192 2.001000000
72 296 2 8192 2.001000000
73 297 2 8192 2.001000000
74 298 2 8192 2.001000000
75 299 2 8192 2.001000000
80 76 2 8192 2.001000000
81 77 2 8192 2.001000000
82 78 2 8192 2.001000000
83 79 2 8192 2.001000000
80 296 2 8192 2.001000000
81 297 2 8192 2.001000000
82 298 2 8192 2.001000000
83 299 2 8192 2.001000000
84 76 2 8192 2.001000000
85 77 2 8192 2.001000000
86 78 2 8192 2.001000000
87 79 2 8192 2.001000000
84 296 2 8192 2.001000000
85 297 2 8192 2.001000000
86 298 2 8192 2.001000000
87 299 2 8192 2.001000000
88 76 2 8192 2.001000000
89 77 2 8192 2.001000000
90 78 2 8192 2.001000000
91 79 2 8192 2.001000000
88 296 2 8192 2.001000000
89 297 2 8192 2.001000000
90 298 2 8192 2.001000000
91 299 2 8192 2.001000000
92 76 2 8192 2.001000000
93 77 2 8192 2.001000000
94 78 2 8192 2.001000000
95 79 2 8192 2.001000000
92 296 2 8192 2.001000000
93 297 2 8192 2.001000000
94 298 2 8192 2.001000000
95 299 2 8192 2.001000000
96 76 2 8192 2.001000000
97 77 2 8192 2.001000000
98 78 2 8192 2.001000000
99 79 2 8192 2.001000000
96 296 2 8192 2.001000000
97 297 2 8192 2.001000000
98 298 2 8192 2.001000000
99 299 2 8192 2.001000000
108 76 2 8192 2.001000000
109 77 2 8192 2.001000000
110 78 2 8192 2.001000000
111 79 2 8192 2.001000000
108 296 2 8192 2.001000000
109 297 2 8192 2.001000000
110 298 2 8192 2.001000000
111 299 2 8192 2.001000000
112 76 2 8192 2.001000000
113 77 2 8192 2.001000000
114 78 2 8192 2.001000000
115 79 2 8192 2.001000000
112 296 2 8192 2.001000000
113 297 2 8192 2.001000000
114 298 2 8192 2.001000000
115 299 2 8192 2.001000000
116 76 2 8192 2.001000000
117 77 2 8192 2.001000000
118 78 2 8192 2.001000000
119 79 2 8192 2.001000000
116 296 2 8192 2.001000000
117 297 2 8192 2.001000000
118 298 2 8192 2.001000000
119 299 2 8192 2.001000000
120 76 2 8192 2.001000000
121 77 2 8192 2.001000000
122 78 2 8192 2.001000000
123 79 2 8192 2.001000000
120 296 2 8192 2.001000000
121 297 2 8192 2.001000000
122 298 2 8192 2.001000000
123 299 2 8192 2.001000000
124 76 2 8192 2.001000000
125 77 2 8192 2.001000000
126 78 2 8192 2.001000000
127 79 2 8192 2.001000000
124 296 2 8192 2.001000000
125 297 2 8192 2.001000000
126 298 2 8192 2.001000000
127 299 2 8192 2.001000000
128 76 2 8192 2.001000000
129 77 2 8192 2.001000000
130 78 2 8192 2.001000000
131 79 2 8192 2.001000000
128 296 2 8192 2.001000000
129 297 2 8192 2.001000000
130 298 2 8192 2.001000000
131 299 2 8192 2.001000000
140 76 2 8192 2.001000000
141 77 2 8192 2.001000000
142 78 2 8192 2.001000000
143 79 2 8192 2.001000000
140 296 2 8192 2.001000000
141 297 2 8192 2.001000000
142 298 2 8192 2.001000000
143 299 2 8192 2.001000000
144 76 2 8192 2.001000000
145 77 2 8192 2.001000000
146 78 2 8192 2.001000000
147 79 2 8192 2.001000000
144 296 2 8192 2.001000000
145 297 2 8192 2.001000000
146 298 2 8192 2.001000000
147 299 2 8192 2.001000000
156 76 2 8192 2.001000000
157 77 2 8192 2.001000000
158 78 2 8192 2.001000000
159 79 2 8192 2.001000000
156 296 2 8192 2.001000000
157 297 2 8192 2.001000000
158 298 2 8192 2.001000000
159 299 2 8192 2.001000000
160 76 2 8192 2.001000000
161 77 2 8192 2.001000000
162 78 2 8192 2.001000000
163 79 2 8192 2.001000000
160 296 2 8192 2.001000000
161 297 2 8192 2.001000000
162 298 2 8192 2.001000000
163 299 2 8192 2.001000000
164 76 2 8192 2.001000000
165 77 2 8192 2.001000000
166 78 2 8192 2.001000000
167 79 2 8192 2.001000000
164 296 2 8192 2.001000000
165 297 2 8192 2.001000000
166 298 2 8192 2.001000000
167 299 2 8192 2.001000000
168 76 2 8192 2.001000000
169 77 2 8192 2.001000000
170 78 2 8192 2.001000000
171 79 2 8192 2.001000000
168 296 2 8192 2.001000000
169 297 2 8192 2.001000000
170 298 2 8192 2.001000000
171 299 2 8192 2.001000000
172 76 2 8192 2.001000000
173 77 2 8192 2.001000000
174 78 2 8192 2.001000000
175 79 2 8192 2.001000000
172 296 2 8192 2.001000000
173 297 2 8192 2.001000000
174 298 2 8192 2.001000000
175 299 2 8192 2.001000000
176 76 2 8192 2.001000000
177 77 2 8192 2.001000000
178 78 2 8192 2.001000000
179 79 2 8192 2.001000000
176 296 2 8192 2.001000000
177 297 2 8192 2.001000000
178 298 2 8192 2.001000000
179 299 2 8192 2.001000000
180 76 2 8192 2.001000000
181 77 2 8192 2.001000000
182 78 2 8192 2.001000000
183 79 2 8192 2.001000000
180 296 2 8192 2.001000000
181 297 2 8192 2.001000000
182 298 2 8192 2.001000000
183 299 2 8192 2.001000000
188 76 2 8192 2.001000000
189 77 2 8192 2.001000000
190 78 2 8192 2.001000000
191 79 2 8192 2.001000000
188 296 2 8192 2.001000000
189 297 2 8192 2.001000000
190 298 2 8192 2.001000000
191 299 2 8192 2.001000000
196 76 2 8192 2.001000000
197 77 2 8192 2.001000000
198 78 2 8192 2.001000000
199 79 2 8192 2.001000000
196 296 2 8192 2.001000000
197 297 2 8192 2.001000000
198 298 2 8192 2.001000000
199 299 2 8192 2.001000000
200 76 2 8192 2.001000000
201 77 2 8192 2.001000000
202 78 2 8192 2.001000000
203 79 2 8192 2.001000000
200 296 2 8192 2.001000000
201 297 2 8192 2.001000000
202 298 2 8192 2.001000000
203 299 2 8192 2.001000000
204 76 2 8192 2.001000000
205 77 2 8192 2.001000000
206 78 2 8192 2.001000000
207 79 2 8192 2.001000000
204 296 2 8192 2.001000000
205 297 2 8192 2.001000000
206 298 2 8192 2.001000000
207 299 2 8192 2.001000000
208 76 2 8192 2.001000000
209 77 2 8192 2.001000000
210 78 2 8192 2.001000000
211 79 2 8192 2.001000000
208 296 2 8192 2.001000000
209 297 2 8192 2.001000000
210 298 2 8192 2.001000000
211 299 2 8192 2.001000000
216 76 2 8192 2.001000000
217 77 2 8192 2.001000000
218 78 2 8192 2.001000000
219 79 2 8192 2.001000000
216 296 2 8192 2.001000000
217 297 2 8192 2.001000000
218 298 2 8192 2.001000000
219 299 2 8192 2.001000000
220 76 2 8192 2.001000000
221 77 2 8192 2.001000000
222 78 2 8192 2.001000000
223 79 2 8192 2.001000000
220 296 2 8192 2.001000000
221 297 2 8192 2.001000000
222 298 2 8192 2.001000000
223 299 2 8192 2.001000000
224 76 2 8192 2.001000000
225 77 2 8192 2.001000000
226 78 2 8192 2.001000000
227 79 2 8192 2.001000000
224 296 2 8192 2.001000000
225 297 2 8192 2.001000000
226 298 2 8192 2.001000000
227 299 2 8192 2.001000000
228 76 2 8192 2.001000000
229 77 2 8192 2.001000000
230 78 2 8192 2.001000000
231 79 2 8192 2.001000000
228 296 2 8192 2.001000000
229 297 2 8192 2.001000000
230 298 2 8192 2.001000000
231 299 2 8192 2.001000000
232 76 2 8192 2.001000000
233 77 2 8192 2.001000000
234 78 2 8192 2.001000000
235 79 2 8192 2.001000000
232 296 2 8192 2.001000000
233 297 2 8192 2.001000000
234 298 2 8192 2.001000000
235 299 2 8192 2.001000000
236 76 2 8192 2.001000000
237 77 2 8192 2.001000000
238 78 2 8192 2.001000000
239 79 2 8192 2.001000000
236 296 2 8192 2.001000000
237 297 2 8192 2.001000000
238 298 2 8192 2.001000000
239 299 2 8192 2.001000000
240 76 2 8192 2.001000000
241 77 2 8192 2.001000000
242 78 2 8192 2.001000000
243 79 2 8192 2.001000000
240 296 2 8192 2.001000000
241 297 2 8192 2.001000000
242 298 2 8192 2.001000000
243 299 2 8192 2.001000000
244 76 2 8192 2.001000000
245 77 2 8192 2.001000000
246 78 2 8192 2.001000000
247 79 2 8192 2.001000000
244 296 2 8192 2.001000000
245 297 2 8192 2.001000000
246 298 2 8192 2.001000000
247 299 2 8192 2.001000000
248 76 2 8192 2.001000000
249 77 2 8192 2.001000000
250 78 2 8192 2.001000000
251 79 2 8192 2.001000000
248 296 2 8192 2.001000000
249 297 2 8192 2.001000000
250 298 2 8192 2.001000000
251 299 2 8192 2.001000000
252 76 2 8192 2.001000000
253 77 2 8192 2.001000000
254 78 2 8192 2.001000000
255 79 2 8192 2.001000000
252 296 2 8192 2.001000000
253 297 2 8192 2.001000000
254 298 2 8192 2.001000000
255 299 2 8192 2.001000000
256 76 2 8192 2.001000000
257 77 2 8192 2.001000000
258 78 2 8192 2.001000000
259 79 2 8192 2.001000000
256 296 2 8192 2.001000000
257 297 2 8192 2.001000000
258 298 2 8192 2.001000000
259 299 2 8192 2.001000000
260 76 2 8192 2.001000000
261 77 2 8192 2.001000000
262 78 2 8192 2.001000000
263 79 2 8192 2.001000000
260 296 2 8192 2.001000000
261 297 2 8192 2.001000000
262 298 2 8192 2.001000000
263 299 2 8192 2.001000000
264 76 2 8192 2.001000000
265 77 2 8192 2.001000000
266 78 2 8192 2.001000000
267 79 2 8192 2.001000000
264 296 2 8192 2.001000000
265 297 2 8192 2.001000000
266 298 2 8192 2.001000000
267 299 2 8192 2.001000000
268 76 2 8192 2.001000000
269 77 2 8192 2.001000000
270 78 2 8192 2.001000000
271 79 2 8192 2.001000000
268 296 2 8192 2.001000000
269 297 2 8192 2.001000000
270 298 2 8192 2.001000000
271 299 2 8192 2.001000000
272 76 2 8192 2.001000000
273 77 2 8192 2.001000000
274 78 2 8192 2.001000000
275 79 2 8192 2.001000000
272 296 2 8192 2.001000000
273 297 2 8192 2.001000000
274 298 2 8192 2.001000000
275 299 2 8192 2.001000000
276 76 2 8192 2.001000000
277 77 2 8192 2.001000000
278 78 2 8192 2.001000000
279 79 2 8192 2.001000000
276 296 2 8192 2.001000000
277 297 2 8192 2.001000000
278 298 2 8192 2.001000000
279 299 2 8192 2.001000000
280 76 2 8192 2.001000000
281 77 2 8192 2.001000000
282 78 2 8192 2.001000000
283 79 2 8192 2.001000000
280 296 2 8192 2.001000000
281 297 2 8192 2.001000000
282 298 2 8192 2.001000000
283 299 2 8192 2.001000000
284 76 2 8192 2.001000000
285 77 2 8192 2.001000000
286 78 2 8192 2.001000000
287 79 2 8192 2.001000000
284 296 2 8192 2.001000000
285 297 2 8192 2.001000000
286 298 2 8192 2.001000000
287 299 2 8192 2.001000000
292 76 2 8192 2.001000000
293 77 2 8192 2.001000000
294 78 2 8192 2.001000000
295 79 2 8192 2.001000000
292 296 2 8192 2.001000000
293 297 2 8192 2.001000000
294 298 2 8192 2.001000000
295 299 2 8192 2.001000000
300 76 2 8192 2.001000000
301 77 2 8192 2.001000000
302 78 2 8192 2.001000000
303 79 2 8192 2.001000000
300 296 2 8192 2.001000000
301 297 2 8192 2.001000000
302 298 2 8192 2.001000000
303 299 2 8192 2.001000000
304 76 2 8192 2.001000000
305 77 2 8192 2.001000000
306 78 2 8192 2.001000000
307 79 2 8192 2.001000000
304 296 2 8192 2.001000000
305 297 2 8192 2.001000000
306 298 2 8192 2.001000000
307 299 2 8192 2.001000000
312 76 2 8192 2.001000000
313 77 2 8192 2.001000000
314 78 2 8192 2.001000000
315 79 2 8192 2.001000000
312 296 2 8192 2.001000000
313 297 2 8192 2.001000000
314 298 2 8192 2.001000000
315 299 2 8192 2.001000000
316 76 2 8192 2.001000000
317 77 2 8192 2.001000000
318 78 2 8192 2.001000000
319 79 2 8192 2.001000000
316 296 2 8192 2.001000000
317 297 2 8192 2.001000000
318 298 2 8192 2.001000000
319 299 2 8192 2.001000000
320 76 2 8192 2.001000000
321 77 2 8192 2.001000000
322 78 2 8192 2.001000000
323 79 2 8192 2.001000000
320 296 2 8192 2.001000000
321 297 2 8192 2.001000000
322 298 2 8192 2.001000000
323 299 2 8192 2.001000000
324 76 2 8192 2.001000000
325 77 2 8192 2.001000000
326 78 2 8192 2.001000000
327 79 2 8192 2.001000000
324 296 2 8192 2.001000000
325 297 2 8192 2.001000000
326 298 2 8192 2.001000000
327 299 2 8192 2.001000000
328 76 2 8192 2.001000000
329 77 2 8192 2.001000000
330 78 2 8192 2.001000000
331 79 2 8192 2.001000000
328 296 2 8192 2.001000000
329 297 2 8192 2.001000000
330 298 2 8192 2.001000000
331 299 2 8192 2.001000000
332 76 2 8192 2.001000000
333 77 2 8192 2.001000000
334 78 2 8192 2.001000000
335 79 2 8192 2.001000000
332 296 2 8192 2.001000000
333 297 2 8192 2.001000000
334 298 2 8192 2.001000000
335 299 2 8192 2.001000000
336 76 2 8192 2.001000000
337 77 2 8192 2.001000000
338 78 2 8192 2.001000000
339 79 2 8192 2.001000000
336 296 2 8192 2.001000000
337 297 2 8192 2.001000000
338 298 2 8192 2.001000000
339 299 2 8192 2.001000000
340 76 2 8192 2.001000000
341 77 2 8192 2.001000000
342 78 2 8192 2.001000000
343 79 2 8192 2.001000000
340 296 2 8192 2.001000000
341 297 2 8192 2.001000000
342 298 2 8192 2.001000000
343 299 2 8192 2.001000000
348 76 2 8192 2.001000000
349 77 2 8192 2.001000000
350 78 2 8192 2.001000000
351 79 2 8192 2.001000000
348 296 2 8192 2.001000000
349 297 2 8192 2.001000000
350 298 2 8192 2.001000000
351 299 2 8192 2.001000000
360 76 2 8192 2.001000000
361 77 2 8192 2.001000000
362 78 2 8192 2.001000000
363 79 2 8192 2.001000000
360 296 2 8192 2.001000000
361 297 2 8192 2.001000000
362 298 2 8192 2.001000000
363 299 2 8192 2.001000000
364 76 2 8192 2.001000000
365 77 2 8192 2.001000000
366 78 2 8192 2.001000000
367 79 2 8192 2.001000000
364 296 2 8192 2.001000000
365 297 2 8192 2.001000000
366 298 2 8192 2.001000000
367 299 2 8192 2.001000000
368 76 2 8192 2.001000000
369 77 2 8192 2.001000000
370 78 2 8192 2.001000000
371 79 2 8192 2.001000000
368 296 2 8192 2.001000000
369 297 2 8192 2.001000000
370 298 2 8192 2.001000000
371 299 2 8192 2.001000000
380 76 2 8192 2.001000000
381 77 2 8192 2.001000000
382 78 2 8192 2.001000000
383 79 2 8192 2.001000000
380 296 2 8192 2.001000000
381 297 2 8192 2.001000000
382 298 2 8192 2.001000000
383 299 2 8192 2.001000000
388 76 2 8192 2.001000000
389 77 2 8192 2.001000000
390 78 2 8192 2.001000000
391 79 2 8192 2.001000000
388 296 2 8192 2.001000000
389 297 2 8192 2.001000000
390 298 2 8192 2.001000000
391 299 2 8192 2.001000000
392 76 2 8192 2.001000000
393 77 2 8192 2.001000000
394 78 2 8192 2.001000000
395 79 2 8192 2.001000000
392 296 2 8192 2.001000000
393 297 2 8192 2.001000000
394 298 2 8192 2.001000000
395 299 2 8192 2.001000000
404 76 2 8192 2.001000000
405 77 2 8192 2.001000000
406 78 2 8192 2.001000000
407 79 2 8192 2.001000000
404 296 2 8192 2.001000000
405 297 2 8192 2.001000000
406 298 2 8192 2.001000000
407 299 2 8192 2.001000000
408 76 2 8192 2.001000000
409 77 2 8192 2.001000000
410 78 2 8192 2.001000000
411 79 2 8192 2.001000000
408 296 2 8192 2.001000000
409 297 2 8192 2.001000000
410 298 2 8192 2.001000000
411 299 2 8192 2.001000000
416 76 2 8192 2.001000000
417 77 2 8192 2.001000000
418 78 2 8192 2.001000000
419 79 2 8192 2.001000000
416 296 2 8192 2.001000000
417 297 2 8192 2.001000000
418 298 2 8192 2.001000000
419 299 2 8192 2.001000000
428 76 2 8192 2.001000000
429 77 2 8192 2.001000000
430 78 2 8192 2.001000000
431 79 2 8192 2.001000000
428 296 2 8192 2.001000000
429 297 2 8192 2.001000000
430 298 2 8192 2.001000000
431 299 2 8192 2.001000000
432 76 2 8192 2.001000000
433 77 2 8192 2.001000000
434 78 2 8192 2.001000000
435 79 2 8192 2.001000000
432 296 2 8192 2.001000000
433 297 2 8192 2.001000000
434 298 2 8192 2.001000000
435 299 2 8192 2.001000000
436 76 2 8192 2.001000000
437 77 2 8192 2.001000000
438 78 2 8192 2.001000000
439 79 2 8192 2.001000000
436 296 2 8192 2.001000000
437 297 2 8192 2.001000000
438 298 2 8192 2.001000000
439 299 2 8192 2.001000000
440 76 2 8192 2.001000000
441 77 2 8192 2.001000000
442 78 2 8192 2.001000000
443 79 2 8192 2.001000000
440 296 2 8192 2.001000000
441 297 2 8192 2.001000000
442 298 2 8192 2.001000000
443 299 2 8192 2.001000000
444 76 2 8192 2.001000000
445 77 2 8192 2.001000000
446 78 2 8192 2.001000000
447 79 2 8192 2.001000000
444 296 2 8192 2.001000000
445 297 2 8192 2.001000000
446 298 2 8192 2.001000000
447 299 2 8192 2.001000000
448 76 2 8192 2.001000000
449 77 2 8192 2.001000000
450 78 2 8192 2.001000000
451 79 2 8192 2.001000000
448 296 2 8192 2.001000000
449 297 2 8192 2.001000000
450 298 2 8192 2.001000000
451 299 2 8192 2.001000000
452 76 2 8192 2.001000000
453 77 2 8192 2.001000000
454 78 2 8192 2.001000000
455 79 2 8192 2.001000000
452 296 2 8192 2.001000000
453 297 2 8192 2.001000000
454 298 2 8192 2.001000000
455 299 2 8192 2.001000000
456 76 2 8192 2.001000000
457 77 2 8192 2.001000000
458 78 2 8192 2.001000000
459 79 2 8192 2.001000000
456 296 2 8192 2.001000000
457 297 2 8192 2.001000000
458 298 2 8192 2.001000000
459 299 2 8192 2.001000000
460 76 2 8192 2.001000000
461 77 2 8192 2.001000000
462 78 2 8192 2.001000000
463 79 2 8192 2.001000000
460 296 2 8192 2.001000000
461 297 2 8192 2.001000000
462 298 2 8192 2.001000000
463 299 2 8192 2.001000000
464 76 2 8192 2.001000000
465 77 2 8192 2.001000000
466 78 2 8192 2.001000000
467 79 2 8192 2.001000000
464 296 2 8192 2.001000000
465 297 2 8192 2.001000000
466 298 2 8192 2.001000000
467 299 2 8192 2.001000000
468 76 2 8192 2.001000000
469 77 2 8192 2.001000000
470 78 2 8192 2.001000000
471 79 2 8192 2.001000000
468 296 2 8192 2.001000000
469 297 2 8192 2.001000000
470 298 2 8192 2.001000000
471 299 2 8192 2.001000000
472 76 2 8192 2.001000000
473 77 2 8192 2.001000000
474 78 2 8192 2.001000000
475 79 2 8192 2.001000000
472 296 2 8192 2.001000000
473 297 2 8192 2.001000000
474 298 2 8192 2.001000000
475 299 2 8192 2.001000000
476 76 2 8192 2.001000000
477 77 2 8192 2.001000000
478 78 2 8192 2.001000000
479 79 2 8192 2.001000000
476 296 2 8192 2.001000000
477 297 2 8192 2.001000000
478 298 2 8192 2.001000000
479 299 2 8192 2.001000000
484 76 2 8192 2.001000000
485 77 2 8192 2.001000000
486 78 2 8192 2.001000000
487 79 2 8192 2.001000000
484 296 2 8192 2.001000000
485 297 2 8192 2.001000000
486 298 2 8192 2.001000000
487 299 2 8192 2.001000000
492 76 2 8192 2.001000000
493 77 2 8192 2.001000000
494 78 2 8192 2.001000000
495 79 2 8192 2.001000000
492 296 2 8192 2.001000000
493 297 2 8192 2.001000000
494 298 2 8192 2.001000000
495 299 2 8192 2.001000000
496 76 2 8192 2.001000000
497 77 2 8192 2.001000000
498 78 2 8192 2.001000000
499 79 2 8192 2.001000000
496 296 2 8192 2.001000000
497 297 2 8192 2.001000000
498 298 2 8192 2.001000000
499 299 2 8192 2.001000000
500 76 2 8192 2.001000000
501 77 2 8192 2.001000000
502 78 2 8192 2.001000000
503 79 2 8192 2.001000000
500 296 2 8192 2.001000000
501 297 2 8192 2.001000000
502 298 2 8192 2.001000000
503 299 2 8192 2.001000000
504 76 2 8192 2.001000000
505 77 2 8192 2.001000000
506 78 2 8192 2.001000000
507 79 2 8192 2.001000000
504 296 2 8192 2.001000000
505 297 2 8192 2.001000000
506 298 2 8192 2.001000000
507 299 2 8192 2.001000000
508 76 2 8192 2.001000000
509 77 2 8192 2.001000000
510 78 2 8192 2.001000000
511 79 2 8192 2.001000000
508 296 2 8192 2.001000000
509 297 2 8192 2.001000000
510 298 2 8192 2.001000000
511 299 2 8192 2.001000000
512 76 2 8192 2.001000000
513 77 2 8192 2.001000000
514 78 2 8192 2.001000000
515 79 2 8192 2.001000000
512 296 2 8192 2.001000000
513 297 2 8192 2.001000000
514 298 2 8192 2.001000000
515 299 2 8192 2.001000000
516 76 2 8192 2.001000000
517 77 2 8192 2.001000000
518 78 2 8192 2.001000000
519 79 2 8192 2.001000000
516 296 2 8192 2.001000000
517 297 2 8192 2.001000000
518 298 2 8192 2.001000000
519 299 2 8192 2.001000000
520 76 2 8192 2.001000000
521 77 2 8192 2.001000000
522 78 2 8192 2.001000000
523 79 2 8192 2.001000000
520 296 2 8192 2.001000000
521 297 2 8192 2.001000000
522 298 2 8192 2.001000000
523 299 2 8192 2.001000000
524 76 2 8192 2.001000000
525 77 2 8192 2.001000000
526 78 2 8192 2.001000000
527 79 2 8192 2.001000000
524 296 2 8192 2.001000000
525 297 2 8192 2.001000000
526 298 2 8192 2.001000000
527 299 2 8192 2.001000000
536 76 2 8192 2.001000000
537 77 2 8192 2.001000000
538 78 2 8192 2.001000000
539 79 2 8192 2.001000000
536 296 2 8192 2.001000000
537 297 2 8192 2.001000000
538 298 2 8192 2.001000000
539 299 2 8192 2.001000000
540 76 2 8192 2.001000000
541 77 2 8192 2.001000000
542 78 2 8192 2.001000000
543 79 2 8192 2.001000000
540 296 2 8192 2.001000000
541 297 2 8192 2.001000000
542 298 2 8192 2.001000000
543 299 2 8192 2.001000000
544 76 2 8192 2.001000000
545 77 2 8192 2.001000000
546 78 2 8192 2.001000000
547 79 2 8192 2.001000000
544 296 2 8192 2.001000000
545 297 2 8192 2.001000000
546 298 2 8192 2.001000000
547 299 2 8192 2.001000000
548 76 2 8192 2.001000000
549 77 2 8192 2.001000000
550 78 2 8192 2.001000000
551 79 2 8192 2.001000000
548 296 2 8192 2.001000000
549 297 2 8192 2.001000000
550 298 2 8192 2.001000000
551 299 2 8192 2.001000000
552 76 2 8192 2.001000000
553 77 2 8192 2.001000000
554 78 2 8192 2.001000000
555 79 2 8192 2.001000000
552 296 2 8192 2.001000000
553 297 2 8192 2.001000000
554 298 2 8192 2.001000000
555 299 2 8192 2.001000000
560 76 2 8192 2.001000000
561 77 2 8192 2.001000000
562 78 2 8192 2.001000000
563 79 2 8192 2.001000000
560 296 2 8192 2.001000000
561 297 2 8192 2.001000000
562 298 2 8192 2.001000000
563 299 2 8192 2.001000000
564 76 2 8192 2.001000000
565 77 2 8192 2.001000000
566 78 2 8192 2.001000000
567 79 2 8192 2.001000000
564 296 2 8192 2.001000000
565 297 2 8192 2.001000000
566 298 2 8192 2.001000000
567 299 2 8192 2.001000000
568 76 2 8192 2.001000000
569 77 2 8192 2.001000000
570 78 2 8192 2.001000000
571 79 2 8192 2.001000000
568 296 2 8192 2.001000000
569 297 2 8192 2.001000000
570 298 2 8192 2.001000000
571 299 2 8192 2.001000000
572 76 2 8192 2.001000000
573 77 2 8192 2.001000000
574 78 2 8192 2.001000000
575 79 2 8192 2.001000000
572 296 2 8192 2.001000000
573 297 2 8192 2.001000000
574 298 2 8192 2.001000000
575 299 2 8192 2.001000000
576 76 2 8192 2.001000000
577 77 2 8192 2.001000000
578 78 2 8192 2.001000000
579 79 2 8192 2.001000000
576 296 2 8192 2.001000000
577 297 2 8192 2.001000000
578 298 2 8192 2.001000000
579 299 2 8192 2.001000000
580 76 2 8192 2.001000000
581 77 2 8192 2.001000000
582 78 2 8192 2.001000000
583 79 2 8192 2.001000000
580 296 2 8192 2.001000000
581 297 2 8192 2.001000000
582 298 2 8192 2.001000000
583 299 2 8192 2.001000000
588 76 2 8192 2.001000000
589 77 2 8192 2.001000000
590 78 2 8192 2.001000000
591 79 2 8192 2.001000000
588 296 2 8192 2.001000000
589 297 2 8192 2.001000000
590 298 2 8192 2.001000000
591 299 2 8192 2.001000000
592 76 2 8192 2.001000000
593 77 2 8192 2.001000000
594 78 2 8192 2.001000000
595 79 2 8192 2.001000000
592 296 2 8192 2.001000000
593 297 2 8192 2.001000000
594 298 2 8192 2.001000000
595 299 2 8192 2.001000000
596 76 2 8192 2.001000000
597 77 2 8192 2.001000000
598 78 2 8192 2.001000000
599 79 2 8192 2.001000000
596 296 2 8192 2.001000000
597 297 2 8192 2.001000000
598 298 2 8192 2.001000000
599 299 2 8192 2.001000000
600 76 2 8192 2.001000000
601 77 2 8192 2.001000000
602 78 2 8192 2.001000000
603 79 2 8192 2.001000000
600 296 2 8192 2.001000000
601 297 2 8192 2.001000000
602 298 2 8192 2.001000000
603 299 2 8192 2.001000000
608 76 2 8192 2.001000000
609 77 2 8192 2.001000000
610 78 2 8192 2.001000000
611 79 2 8192 2.001000000
608 296 2 8192 2.001000000
609 297 2 8192 2.001000000
610 298 2 8192 2.001000000
611 299 2 8192 2.001000000
612 76 2 8192 2.001000000
613 77 2 8192 2.001000000
614 78 2 8192 2.001000000
615 79 2 8192 2.001000000
612 296 2 8192 2.001000000
613 297 2 8192 2.001000000
614 298 2 8192 2.001000000
615 299 2 8192 2.001000000
620 76 2 8192 2.001000000
621 77 2 8192 2.001000000
622 78 2 8192 2.001000000
623 79 2 8192 2.001000000
620 296 2 8192 2.001000000
621 297 2 8192 2.001000000
622 298 2 8192 2.001000000
623 299 2 8192 2.001000000
624 76 2 8192 2.001000000
625 77 2 8192 2.001000000
626 78 2 8192 2.001000000
627 79 2 8192 2.001000000
624 296 2 8192 2.001000000
625 297 2 8192 2.001000000
626 298 2 8192 2.001000000
627 299 2 8192 2.001000000
632 76 2 8192 2.001000000
633 77 2 8192 2.001000000
634 78 2 8192 2.001000000
635 79 2 8192 2.001000000
632 296 2 8192 2.001000000
633 297 2 8192 2.001000000
634 298 2 8192 2.001000000
635 299 2 8192 2.001000000
636 76 2 8192 2.001000000
637 77 2 8192 2.001000000
638 78 2 8192 2.001000000
639 79 2 8192 2.001000000
636 296 2 8192 2.001000000
637 297 2 8192 2.001000000
638 298 2 8192 2.001000000
639 299 2 8192 2.001000000
640 76 2 8192 2.001000000
641 77 2 8192 2.001000000
642 78 2 8192 2.001000000
643 79 2 8192 2.001000000
640 296 2 8192 2.001000000
641 297 2 8192 2.001000000
642 298 2 8192 2.001000000
643 299 2 8192 2.001000000
644 76 2 8192 2.001000000
645 77 2 8192 2.001000000
646 78 2 8192 2.001000000
647 79 2 8192 2.001000000
644 296 2 8192 2.001000000
645 297 2 8192 2.001000000
646 298 2 8192 2.001000000
647 299 2 8192 2.001000000
648 76 2 8192 2.001000000
649 77 2 8192 2.001000000
650 78 2 8192 2.001000000
651 79 2 8192 2.001000000
648 296 2 8192 2.001000000
649 297 2 8192 2.001000000
650 298 2 8192 2.001000000
651 299 2 8192 2.001000000
652 76 2 8192 2.001000000
653 77 2 8192 2.001000000
654 78 2 8192 2.001000000
655 79 2 8192 2.001000000
652 296 2 8192 2.001000000
653 297 2 8192 2.001000000
654 298 2 8192 2.001000000
655 299 2 8192 2.001000000
656 76 2 8192 2.001000000
657 77 2 8192 2.001000000
658 78 2 8192 2.001000000
659 79 2 8192 2.001000000
656 296 2 8192 2.001000000
657 297 2 8192 2.001000000
658 298 2 8192 2.001000000
659 299 2 8192 2.001000000
660 76 2 8192 2.001000000
661 77 2 8192 2.001000000
662 78 2 8192 2.001000000
663 79 2 8192 2.001000000
660 296 2 8192 2.001000000
661 297 2 8192 2.001000000
662 298 2 8192 2.001000000
663 299 2 8192 2.001000000
668 76 2 8192 2.001000000
669 77 2 8192 2.001000000
670 78 2 8192 2.001000000
671 79 2 8192 2.001000000
668 296 2 8192 2.001000000
669 297 2 8192 2.001000000
670 298 2 8192 2.001000000
671 299 2 8192 2.001000000
672 76 2 8192 2.001000000
673 77 2 8192 2.001000000
674 78 2 8192 2.001000000
675 79 2 8192 2.001000000
672 296 2 8192 2.001000000
673 297 2 8192 2.001000000
674 298 2 8192 2.001000000
675 299 2 8192 2.001000000
676 76 2 8192 2.001000000
677 77 2 8192 2.001000000
678 78 2 8192 2.001000000
679 79 2 8192 2.001000000
676 296 2 8192 2.001000000
677 297 2 8192 2.001000000
678 298 2 8192 2.001000000
679 299 2 8192 2.001000000
688 76 2 8192 2.001000000
689 77 2 8192 2.001000000
690 78 2 8192 2.001000000
691 79 2 8192 2.001000000
688 296 2 8192 2.001000000
689 297 2 8192 2.001000000
690 298 2 8192 2.001000000
691 299 2 8192 2.001000000
692 76 2 8192 2.001000000
693 77 2 8192 2.001000000
694 78 2 8192 2.001000000
695 79 2 8192 2.001000000
692 296 2 8192 2.001000000
693 297 2 8192 2.001000000
694 298 2 8192 2.001000000
695 299 2 8192 2.001000000
696 76 2 8192 2.001000000
697 77 2 8192 2.001000000
698 78 2 8192 2.001000000
699 79 2 8192 2.001000000
696 296 2 8192 2.001000000
697 297 2 8192 2.001000000
698 298 2 8192 2.001000000
699 299 2 8192 2.001000000
700 76 2 8192 2.001000000
701 77 2 8192 2.001000000
702 78 2 8192 2.001000000
703 79 2 8192 2.001000000
700 296 2 8192 2.001000000
701 297 2 8192 2.001000000
702 298 2 8192 2.001000000
703 299 2 8192 2.001000000
704 76 2 8192 2.001000000
705 77 2 8192 2.001000000
706 78 2 8192 2.001000000
707 79 2 8192 2.001000000
704 296 2 8192 2.001000000
705 297 2 8192 2.001000000
706 298 2 8192 2.001000000
707 299 2 8192 2.001000000
712 76 2 8192 2.001000000
713 77 2 8192 2.001000000
714 78 2 8192 2.001000000
715 79 2 8192 2.001000000
712 296 2 8192 2.001000000
713 297 2 8192 2.001000000
714 298 2 8192 2.001000000
715 299 2 8192 2.001000000
716 76 2 8192 2.001000000
717 77 2 8192 2.001000000
718 78 2 8192 2.001000000
719 79 2 8192 2.001000000
716 296 2 8192 2.001000000
717 297 2 8192 2.001000000
718 298 2 8192 2.001000000
719 299 2 8192 2.001000000
724 76 2 8192 2.001000000
725 77 2 8192 2.001000000
726 78 2 8192 2.001000000
727 79 2 8192 2.001000000
724 296 2 8192 2.001000000
725 297 2 8192 2.001000000
726 298 2 8192 2.001000000
727 299 2 8192 2.001000000
732 76 2 8192 2.001000000
733 77 2 8192 2.001000000
734 78 2 8192 2.001000000
735 79 2 8192 2.001000000
732 296 2 8192 2.001000000
733 297 2 8192 2.001000000
734 298 2 8192 2.001000000
735 299 2 8192 2.001000000
736 76 2 8192 2.001000000
737 77 2 8192 2.001000000
738 78 2 8192 2.001000000
739 79 2 8192 2.001000000
736 296 2 8192 2.001000000
737 297 2 8192 2.001000000
738 298 2 8192 2.001000000
739 299 2 8192 2.001000000
740 76 2 8192 2.001000000
741 77 2 8192 2.001000000
742 78 2 8192 2.001000000
743 79 2 8192 2.001000000
740 296 2 8192 2.001000000
741 297 2 8192 2.001000000
742 298 2 8192 2.001000000
743 299 2 8192 2.001000000
744 76 2 8192 2.001000000
745 77 2 8192 2.001000000
746 78 2 8192 2.001000000
747 79 2 8192 2.001000000
744 296 2 8192 2.001000000
745 297 2 8192 2.001000000
746 298 2 8192 2.001000000
747 299 2 8192 2.001000000
748 76 2 8192 2.001000000
749 77 2 8192 2.001000000
750 78 2 8192 2.001000000
751 79 2 8192 2.001000000
748 296 2 8192 2.001000000
749 297 2 8192 2.001000000
750 298 2 8192 2.001000000
751 299 2 8192 2.001000000
752 76 2 8192 2.001000000
753 77 2 8192 2.001000000
754 78 2 8192 2.001000000
755 79 2 8192 2.001000000
752 296 2 8192 2.001000000
753 297 2 8192 2.001000000
754 298 2 8192 2.001000000
755 299 2 8192 2.001000000
756 76 2 8192 2.001000000
757 77 2 8192 2.001000000
758 78 2 8192 2.001000000
759 79 2 8192 2.001000000
756 296 2 8192 2.001000000
757 297 2 8192 2.001000000
758 298 2 8192 2.001000000
759 299 2 8192 2.001000000
760 76 2 8192 2.001000000
761 77 2 8192 2.001000000
762 78 2 8192 2.001000000
763 79 2 8192 2.001000000
760 296 2 8192 2.001000000
761 297 2 8192 2.001000000
762 298 2 8192 2.001000000
763 299 2 8192 2.001000000
764 76 2 8192 2.001000000
765 77 2 8192 2.001000000
766 78 2 8192 2.001000000
767 79 2 8192 2.001000000
764 296 2 8192 2.001000000
765 297 2 8192 2.001000000
766 298 2 8192 2.001000000
767 299 2 8192 2.001000000
772 76 2 8192 2.001000000
773 77 2 8192 2.001000000
774 78 2 8192 2.001000000
775 79 2 8192 2.001000000
772 296 2 8192 2.001000000
773 297 2 8192 2.001000000
774 298 2 8192 2.001000000
775 299 2 8192 2.001000000
776 76 2 8192 2.001000000
777 77 2 8192 2.001000000
778 78 2 8192 2.001000000
779 79 2 8192 2.001000000
776 296 2 8192 2.001000000
777 297 2 8192 2.001000000
778 298 2 8192 2.001000000
779 299 2 8192 2.001000000
780 76 2 8192 2.001000000
781 77 2 8192 2.001000000
782 78 2 8192 2.001000000
783 79 2 8192 2.001000000
780 296 2 8192 2.001000000
781 297 2 8192 2.001000000
782 298 2 8192 2.001000000
783 299 2 8192 2.001000000
784 76 2 8192 2.001000000
785 77 2 8192 2.001000000
786 78 2 8192 2.001000000
787 79 2 8192 2.001000000
784 296 2 8192 2.001000000
785 297 2 8192 2.001000000
786 298 2 8192 2.001000000
787 299 2 8192 2.001000000
788 76 2 8192 2.001000000
789 77 2 8192 2.001000000
790 78 2 8192 2.001000000
791 79 2 8192 2.001000000
788 296 2 8192 2.001000000
789 297 2 8192 2.001000000
790 298 2 8192 2.001000000
791 299 2 8192 2.001000000
792 76 2 8192 2.001000000
793 77 2 8192 2.001000000
794 78 2 8192 2.001000000
795 79 2 8192 2.001000000
792 296 2 8192 2.001000000
793 297 2 8192 2.001000000
794 298 2 8192 2.001000000
795 299 2 8192 2.001000000
804 76 2 8192 2.001000000
805 77 2 8192 2.001000000
806 78 2 8192 2.001000000
807 79 2 8192 2.001000000
804 296 2 8192 2.001000000
805 297 2 8192 2.001000000
806 298 2 8192 2.001000000
807 299 2 8192 2.001000000
808 76 2 8192 2.001000000
809 77 2 8192 2.001000000
810 78 2 8192 2.001000000
811 79 2 8192 2.001000000
808 296 2 8192 2.001000000
809 297 2 8192 2.001000000
810 298 2 8192 2.001000000
811 299 2 8192 2.001000000
812 76 2 8192 2.001000000
813 77 2 8192 2.001000000
814 78 2 8192 2.001000000
815 79 2 8192 2.001000000
812 296 2 8192 2.001000000
813 297 2 8192 2.001000000
814 298 2 8192 2.001000000
815 299 2 8192 2.001000000
816 76 2 8192 2.001000000
817 77 2 8192 2.001000000
818 78 2 8192 2.001000000
819 79 2 8192 2.001000000
816 296 2 8192 2.001000000
817 297 2 8192 2.001000000
818 298 2 8192 2.001000000
819 299 2 8192 2.001000000
820 76 2 8192 2.001000000
821 77 2 8192 2.001000000
822 78 2 8192 2.001000000
823 79 2 8192 2.001000000
820 296 2 8192 2.001000000
821 297 2 8192 2.001000000
822 298 2 8192 2.001000000
823 299 2 8192 2.001000000
824 76 2 8192 2.001000000
825 77 2 8192 2.001000000
826 78 2 8192 2.001000000
827 79 2 8192 2.001000000
824 296 2 8192 2.001000000
825 297 2 8192 2.001000000
826 298 2 8192 2.001000000
827 299 2 8192 2.001000000
832 76 2 8192 2.001000000
833 77 2 8192 2.001000000
834 78 2 8192 2.001000000
835 79 2 8192 2.001000000
832 296 2 8192 2.001000000
833 297 2 8192 2.001000000
834 298 2 8192 2.001000000
835 299 2 8192 2.001000000
836 76 2 8192 2.001000000
837 77 2 8192 2.001000000
838 78 2 8192 2.001000000
839 79 2 8192 2.001000000
836 296 2 8192 2.001000000
837 297 2 8192 2.001000000
838 298 2 8192 2.001000000
839 299 2 8192 2.001000000
840 76 2 8192 2.001000000
841 77 2 8192 2.001000000
842 78 2 8192 2.001000000
843 79 2 8192 2.001000000
840 296 2 8192 2.001000000
841 297 2 8192 2.001000000
842 298 2 8192 2.001000000
843 299 2 8192 2.001000000
844 76 2 8192 2.001000000
845 77 2 8192 2.001000000
846 78 2 8192 2.001000000
847 79 2 8192 2.001000000
844 296 2 8192 2.001000000
845 297 2 8192 2.001000000
846 298 2 8192 2.001000000
847 299 2 8192 2.001000000
848 76 2 8192 2.001000000
849 77 2 8192 2.001000000
850 78 2 8192 2.001000000
851 79 2 8192 2.001000000
848 296 2 8192 2.001000000
849 297 2 8192 2.001000000
850 298 2 8192 2.001000000
851 299 2 8192 2.001000000
852 76 2 8192 2.001000000
853 77 2 8192 2.001000000
854 78 2 8192 2.001000000
855 79 2 8192 2.001000000
852 296 2 8192 2.001000000
853 297 2 8192 2.001000000
854 298 2 8192 2.001000000
855 299 2 8192 2.001000000
856 76 2 8192 2.001000000
857 77 2 8192 2.001000000
858 78 2 8192 2.001000000
859 79 2 8192 2.001000000
856 296 2 8192 2.001000000
857 297 2 8192 2.001000000
858 298 2 8192 2.001000000
859 299 2 8192 2.001000000
860 76 2 8192 2.001000000
861 77 2 8192 2.001000000
862 78 2 8192 2.001000000
863 79 2 8192 2.001000000
860 296 2 8192 2.001000000
861 297 2 8192 2.001000000
862 298 2 8192 2.001000000
863 299 2 8192 2.001000000
864 76 2 8192 2.001000000
865 77 2 8192 2.001000000
866 78 2 8192 2.001000000
867 79 2 8192 2.001000000
864 296 2 8192 2.001000000
865 297 2 8192 2.001000000
866 298 2 8192 2.001000000
867 299 2 8192 2.001000000
868 76 2 8192 2.001000000
869 77 2 8192 2.001000000
870 78 2 8192 2.001000000
871 79 2 8192 2.001000000
868 296 2 8192 2.001000000
869 297 2 8192 2.001000000
870 298 2 8192 2.001000000
871 299 2 8192 2.001000000
872 76 2 8192 2.001000000
873 77 2 8192 2.001000000
874 78 2 8192 2.001000000
875 79 2 8192 2.001000000
872 296 2 8192 2.001000000
873 297 2 8192 2.001000000
874 298 2 8192 2.001000000
875 299 2 8192 2.001000000
876 76 2 8192 2.001000000
877 77 2 8192 2.001000000
878 78 2 8192 2.001000000
879 79 2 8192 2.001000000
876 296 2 8192 2.001000000
877 297 2 8192 2.001000000
878 298 2 8192 2.001000000
879 299 2 8192 2.001000000
880 76 2 8192 2.001000000
881 77 2 8192 2.001000000
882 78 2 8192 2.001000000
883 79 2 8192 2.001000000
880 296 2 8192 2.001000000
881 297 2 8192 2.001000000
882 298 2 8192 2.001000000
883 299 2 8192 2.001000000
884 76 2 8192 2.001000000
885 77 2 8192 2.001000000
886 78 2 8192 2.001000000
887 79 2 8192 2.001000000
884 296 2 8192 2.001000000
885 297 2 8192 2.001000000
886 298 2 8192 2.001000000
887 299 2 8192 2.001000000
888 76 2 8192 2.001000000
889 77 2 8192 2.001000000
890 78 2 8192 2.001000000
891 79 2 8192 2.001000000
888 296 2 8192 2.001000000
889 297 2 8192 2.001000000
890 298 2 8192 2.001000000
891 299 2 8192 2.001000000
892 76 2 8192 2.001000000
893 77 2 8192 2.001000000
894 78 2 8192 2.001000000
895 79 2 8192 2.001000000
892 296 2 8192 2.001000000
893 297 2 8192 2.001000000
894 298 2 8192 2.001000000
895 299 2 8192 2.001000000
896 76 2 8192 2.001000000
897 77 2 8192 2.001000000
898 78 2 8192 2.001000000
899 79 2 8192 2.001000000
896 296 2 8192 2.001000000
897 297 2 8192 2.001000000
898 298 2 8192 2.001000000
899 299 2 8192 2.001000000
900 76 2 8192 2.001000000
901 77 2 8192 2.001000000
902 78 2 8192 2.001000000
903 79 2 8192 2.001000000
900 296 2 8192 2.001000000
901 297 2 8192 2.001000000
902 298 2 8192 2.001000000
903 299 2 8192 2.001000000
904 76 2 8192 2.001000000
905 77 2 8192 2.001000000
906 78 2 8192 2.001000000
907 79 2 8192 2.001000000
904 296 2 8192 2.001000000
905 297 2 8192 2.001000000
906 298 2 8192 2.001000000
907 299 2 8192 2.001000000
916 76 2 8192 2.001000000
917 77 2 8192 2.001000000
918 78 2 8192 2.001000000
919 79 2 8192 2.001000000
916 296 2 8192 2.001000000
917 297 2 8192 2.001000000
918 298 2 8192 2.001000000
919 299 2 8192 2.001000000
920 76 2 8192 2.001000000
921 77 2 8192 2.001000000
922 78 2 8192 2.001000000
923 79 2 8192 2.001000000
920 296 2 8192 2.001000000
921 297 2 8192 2.001000000
922 298 2 8192 2.001000000
923 299 2 8192 2.001000000
924 76 2 8192 2.001000000
925 77 2 8192 2.001000000
926 78 2 8192 2.001000000
927 79 2 8192 2.001000000
924 296 2 8192 2.001000000
925 297 2 8192 2.001000000
926 298 2 8192 2.001000000
927 299 2 8192 2.001000000
928 76 2 8192 2.001000000
929 77 2 8192 2.001000000
930 78 2 8192 2.001000000
931 79 2 8192 2.001000000
928 296 2 8192 2.001000000
929 297 2 8192 2.001000000
930 298 2 8192 2.001000000
931 299 2 8192 2.001000000
932 76 2 8192 2.001000000
933 77 2 8192 2.001000000
934 78 2 8192 2.001000000
935 79 2 8192 2.001000000
932 296 2 8192 2.001000000
933 297 2 8192 2.001000000
934 298 2 8192 2.001000000
935 299 2 8192 2.001000000
936 76 2 8192 2.001000000
937 77 2 8192 2.001000000
938 78 2 8192 2.001000000
939 79 2 8192 2.001000000
936 296 2 8192 2.001000000
937 297 2 8192 2.001000000
938 298 2 8192 2.001000000
939 299 2 8192 2.001000000
940 76 2 8192 2.001000000
941 77 2 8192 2.001000000
942 78 2 8192 2.001000000
943 79 2 8192 2.001000000
940 296 2 8192 2.001000000
941 297 2 8192 2.001000000
942 298 2 8192 2.001000000
943 299 2 8192 2.001000000
944 76 2 8192 2.001000000
945 77 2 8192 2.001000000
946 78 2 8192 2.001000000
947 79 2 8192 2.001000000
944 296 2 8192 2.001000000
945 297 2 8192 2.001000000
946 298 2 8192 2.001000000
947 299 2 8192 2.001000000
948 76 2 8192 2.001000000
949 77 2 8192 2.001000000
950 78 2 8192 2.001000000
951 79 2 8192 2.001000000
948 296 2 8192 2.001000000
949 297 2 8192 2.001000000
950 298 2 8192 2.001000000
951 299 2 8192 2.001000000
952 76 2 8192 2.001000000
953 77 2 8192 2.001000000
954 78 2 8192 2.001000000
955 79 2 8192 2.001000000
952 296 2 8192 2.001000000
953 297 2 8192 2.001000000
954 298 2 8192 2.001000000
955 299 2 8192 2.001000000
956 76 2 8192 2.001000000
957 77 2 8192 2.001000000
958 78 2 8192 2.001000000
959 79 2 8192 2.001000000
956 296 2 8192 2.001000000
957 297 2 8192 2.001000000
958 298 2 8192 2.001000000
959 299 2 8192 2.001000000
960 76 2 8192 2.001000000
961 77 2 8192 2.001000000
962 78 2 8192 2.001000000
963 79 2 8192 2.001000000
960 296 2 8192 2.001000000
961 297 2 8192 2.001000000
962 298 2 8192 2.001000000
963 299 2 8192 2.001000000
964 76 2 8192 2.001000000
965 77 2 8192 2.001000000
966 78 2 8192 2.001000000
967 79 2 8192 2.001000000
964 296 2 8192 2.001000000
965 297 2 8192 2.001000000
966 298 2 8192 2.001000000
967 299 2 8192 2.001000000
968 76 2 8192 2.001000000
969 77 2 8192 2.001000000
970 78 2 8192 2.001000000
971 79 2 8192 2.001000000
968 296 2 8192 2.001000000
969 297 2 8192 2.001000000
970 298 2 8192 2.001000000
971 299 2 8192 2.001000000
972 76 2 8192 2.001000000
973 77 2 8192 2.001000000
974 78 2 8192 2.001000000
975 79 2 8192 2.001000000
972 296 2 8192 2.001000000
973 297 2 8192 2.001000000
974 298 2 8192 2.001000000
975 299 2 8192 2.001000000
976 76 2 8192 2.001000000
977 77 2 8192 2.001000000
978 78 2 8192 2.001000000
979 79 2 8192 2.001000000
976 296 2 8192 2.001000000
977 297 2 8192 2.001000000
978 298 2 8192 2.001000000
979 299 2 8192 2.001000000
980 76 2 8192 2.001000000
981 77 2 8192 2.001000000
982 78 2 8192 2.001000000
983 79 2 8192 2.001000000
980 296 2 8192 2.001000000
981 297 2 8192 2.001000000
982 298 2 8192 2.001000000
983 299 2 8192 2.001000000
984 76 2 8192 2.001000000
985 77 2 8192 2.001000000
986 78 2 8192 2.001000000
987 79 2 8192 2.001000000
984 296 2 8192 2.001000000
985 297 2 8192 2.001000000
986 298 2 8192 2.001000000
987 299 2 8192 2.001000000
988 76 2 8192 2.001000000
989 77 2 8192 2.001000000
990 78 2 8192 2.001000000
991 79 2 8192 2.001000000
988 296 2 8192 2.001000000
989 297 2 8192 2.001000000
990 298 2 8192 2.001000000
991 299 2 8192 2.001000000
992 76 2 8192 2.001000000
993 77 2 8192 2.001000000
994 78 2 8192 2.001000000
995 79 2 8192 2.001000000
992 296 2 8192 2.001000000
993 297 2 8192 2.001000000
994 298 2 8192 2.001000000
995 299 2 8192 2.001000000
996 76 2 8192 2.001000000
997 77 2 8192 2.001000000
998 78 2 8192 2.001000000
999 79 2 8192 2.001000000
996 296 2 8192 2.001000000
997 297 2 8192 2.001000000
998 298 2 8192 2.001000000
999 299 2 8192 2.001000000
1008 76 2 8192 2.001000000
1009 77 2 8192 2.001000000
1010 78 2 8192 2.001000000
1011 79 2 8192 2.001000000
1008 296 2 8192 2.001000000
1009 297 2 8192 2.001000000
1010 298 2 8192 2.001000000
1011 299 2 8192 2.001000000
1016 76 2 8192 2.001000000
1017 77 2 8192 2.001000000
1018 78 2 8192 2.001000000
1019 79 2 8192 2.001000000
1016 296 2 8192 2.001000000
1017 297 2 8192 2.001000000
1018 298 2 8192 2.001000000
1019 299 2 8192 2.001000000
1020 76 2 8192 2.001000000
1021 77 2 8192 2.001000000
1022 78 2 8192 2.001000000
1023 79 2 8192 2.001000000
1020 296 2 8192 2.001000000
1021 297 2 8192 2.001000000
1022 298 2 8192 2.001000000
1023 299 2 8192 2.001000000
1032 76 2 8192 2.001000000
1033 77 2 8192 2.001000000
1034 78 2 8192 2.001000000
1035 79 2 8192 2.001000000
1032 296 2 8192 2.001000000
1033 297 2 8192 2.001000000
1034 298 2 8192 2.001000000
1035 299 2 8192 2.001000000
1036 76 2 8192 2.001000000
1037 77 2 8192 2.001000000
1038 78 2 8192 2.001000000
1039 79 2 8192 2.001000000
1036 296 2 8192 2.001000000
1037 297 2 8192 2.001000000
1038 298 2 8192 2.001000000
1039 299 2 8192 2.001000000
1040 76 2 8192 2.001000000
1041 77 2 8192 2.001000000
1042 78 2 8192 2.001000000
1043 79 2 8192 2.001000000
1040 296 2 8192 2.001000000
1041 297 2 8192 2.001000000
1042 298 2 8192 2.001000000
1043 299 2 8192 2.001000000
1044 76 2 8192 2.001000000
1045 77 2 8192 2.001000000
1046 78 2 8192 2.001000000
1047 79 2 8192 2.001000000
1044 296 2 8192 2.001000000
1045 297 2 8192 2.001000000
1046 298 2 8192 2.001000000
1047 299 2 8192 2.001000000
1048 76 2 8192 2.001000000
1049 77 2 8192 2.001000000
1050 78 2 8192 2.001000000
1051 79 2 8192 2.001000000
1048 296 2 8192 2.001000000
1049 297 2 8192 2.001000000
1050 298 2 8192 2.001000000
1051 299 2 8192 2.001000000
1056 76 2 8192 2.001000000
1057 77 2 8192 2.001000000
1058 78 2 8192 2.001000000
1059 79 2 8192 2.001000000
1056 296 2 8192 2.001000000
1057 297 2 8192 2.001000000
1058 298 2 8192 2.001000000
1059 299 2 8192 2.001000000
1060 76 2 8192 2.001000000
1061 77 2 8192 2.001000000
1062 78 2 8192 2.001000000
1063 79 2 8192 2.001000000
1060 296 2 8192 2.001000000
1061 297 2 8192 2.001000000
1062 298 2 8192 2.001000000
1063 299 2 8192 2.001000000
1064 76 2 8192 2.001000000
1065 77 2 8192 2.001000000
1066 78 2 8192 2.001000000
1067 79 2 8192 2.001000000
1064 296 2 8192 2.001000000
1065 297 2 8192 2.001000000
1066 298 2 8192 2.001000000
1067 299 2 8192 2.001000000
1068 76 2 8192 2.001000000
1069 77 2 8192 2.001000000
1070 78 2 8192 2.001000000
1071 79 2 8192 2.001000000
1068 296 2 8192 2.001000000
1069 297 2 8192 2.001000000
1070 298 2 8192 2.001000000
1071 299 2 8192 2.001000000
1072 76 2 8192 2.001000000
1073 77 2 8192 2.001000000
1074 78 2 8192 2.001000000
1075 79 2 8192 2.001000000
1072 296 2 8192 2.001000000
1073 297 2 8192 2.001000000
1074 298 2 8192 2.001000000
1075 299 2 8192 2.001000000
1076 76 2 8192 2.001000000
1077 77 2 8192 2.001000000
1078 78 2 8192 2.001000000
1079 79 2 8192 2.001000000
1076 296 2 8192 2.001000000
1077 297 2 8192 2.001000000
1078 298 2 8192 2.001000000
1079 299 2 8192 2.001000000
1080 76 2 8192 2.001000000
1081 77 2 8192 2.001000000
1082 78 2 8192 2.001000000
1083 79 2 8192 2.001000000
1080 296 2 8192 2.001000000
1081 297 2 8192 2.001000000
1082 298 2 8192 2.001000000
1083 299 2 8192 2.001000000
1084 76 2 8192 2.001000000
1085 77 2 8192 2.001000000
1086 78 2 8192 2.001000000
1087 79 2 8192 2.001000000
1084 296 2 8192 2.001000000
1085 297 2 8192 2.001000000
1086 298 2 8192 2.001000000
1087 299 2 8192 2.001000000
1088 76 2 8192 2.001000000
1089 77 2 8192 2.001000000
1090 78 2 8192 2.001000000
1091 79 2 8192 2.001000000
1088 296 2 8192 2.001000000
1089 297 2 8192 2.001000000
1090 298 2 8192 2.001000000
1091 299 2 8192 2.001000000
1096 76 2 8192 2.001000000
1097 77 2 8192 2.001000000
1098 78 2 8192 2.001000000
1099 79 2 8192 2.001000000
1096 296 2 8192 2.001000000
1097 297 2 8192 2.001000000
1098 298 2 8192 2.001000000
1099 299 2 8192 2.001000000
1104 76 2 8192 2.001000000
1105 77 2 8192 2.001000000
1106 78 2 8192 2.001000000
1107 79 2 8192 2.001000000
1104 296 2 8192 2.001000000
1105 297 2 8192 2.001000000
1106 298 2 8192 2.001000000
1107 299 2 8192 2.001000000
1108 76 2 8192 2.001000000
1109 77 2 8192 2.001000000
1110 78 2 8192 2.001000000
1111 79 2 8192 2.001000000
1108 296 2 8192 2.001000000
1109 297 2 8192 2.001000000
1110 298 2 8192 2.001000000
1111 299 2 8192 2.001000000
1112 76 2 8192 2.001000000
1113 77 2 8192 2.001000000
1114 78 2 8192 2.001000000
1115 79 2 8192 2.001000000
1112 296 2 8192 2.001000000
1113 297 2 8192 2.001000000
1114 298 2 8192 2.001000000
1115 299 2 8192 2.001000000
1116 76 2 8192 2.001000000
1117 77 2 8192 2.001000000
1118 78 2 8192 2.001000000
1119 79 2 8192 2.001000000
1116 296 2 8192 2.001000000
1117 297 2 8192 2.001000000
1118 298 2 8192 2.001000000
1119 299 2 8192 2.001000000
1120 76 2 8192 2.001000000
1121 77 2 8192 2.001000000
1122 78 2 8192 2.001000000
1123 79 2 8192 2.001000000
1120 296 2 8192 2.001000000
1121 297 2 8192 2.001000000
1122 298 2 8192 2.001000000
1123 299 2 8192 2.001000000
1124 76 2 8192 2.001000000
1125 77 2 8192 2.001000000
1126 78 2 8192 2.001000000
1127 79 2 8192 2.001000000
1124 296 2 8192 2.001000000
1125 297 2 8192 2.001000000
1126 298 2 8192 2.001000000
1127 299 2 8192 2.001000000
1128 76 2 8192 2.001000000
1129 77 2 8192 2.001000000
1130 78 2 8192 2.001000000
1131 79 2 8192 2.001000000
1128 296 2 8192 2.001000000
1129 297 2 8192 2.001000000
1130 298 2 8192 2.001000000
1131 299 2 8192 2.001000000
1136 76 2 8192 2.001000000
1137 77 2 8192 2.001000000
1138 78 2 8192 2.001000000
1139 79 2 8192 2.001000000
1136 296 2 8192 2.001000000
1137 297 2 8192 2.001000000
1138 298 2 8192 2.001000000
1139 299 2 8192 2.001000000
1140 76 2 8192 2.001000000
1141 77 2 8192 2.001000000
1142 78 2 8192 2.001000000
1143 79 2 8192 2.001000000
1140 296 2 8192 2.001000000
1141 297 2 8192 2.001000000
1142 298 2 8192 2.001000000
1143 299 2 8192 2.001000000
1144 76 2 8192 2.001000000
1145 77 2 8192 2.001000000
1146 78 2 8192 2.001000000
1147 79 2 8192 2.001000000
1144 296 2 8192 2.001000000
1145 297 2 8192 2.001000000
1146 298 2 8192 2.001000000
1147 299 2 8192 2.001000000
1148 76 2 8192 2.001000000
1149 77 2 8192 2.001000000
1150 78 2 8192 2.001000000
1151 79 2 8192 2.001000000
1148 296 2 8192 2.001000000
1149 297 2 8192 2.001000000
1150 298 2 8192 2.001000000
1151 299 2 8192 2.001000000
1152 76 2 8192 2.001000000
1153 77 2 8192 2.001000000
1154 78 2 8192 2.001000000
1155 79 2 8192 2.001000000
1152 296 2 8192 2.001000000
1153 297 2 8192 2.001000000
1154 298 2 8192 2.001000000
1155 299 2 8192 2.001000000
1156 76 2 8192 2.001000000
1157 77 2 8192 2.001000000
1158 78 2 8192 2.001000000
1159 79 2 8192 2.001000000
1156 296 2 8192 2.001000000
1157 297 2 8192 2.001000000
1158 298 2 8192 2.001000000
1159 299 2 8192 2.001000000
1160 76 2 8192 2.001000000
1161 77 2 8192 2.001000000
1162 78 2 8192 2.001000000
1163 79 2 8192 2.001000000
1160 296 2 8192 2.001000000
1161 297 2 8192 2.001000000
1162 298 2 8192 2.001000000
1163 299 2 8192 2.001000000
1164 76 2 8192 2.001000000
1165 77 2 8192 2.001000000
1166 78 2 8192 2.001000000
1167 79 2 8192 2.001000000
1164 296 2 8192 2.001000000
1165 297 2 8192 2.001000000
1166 298 2 8192 2.001000000
1167 299 2 8192 2.001000000
1168 76 2 8192 2.001000000
1169 77 2 8192 2.001000000
1170 78 2 8192 2.001000000
1171 79 2 8192 2.001000000
1168 296 2 8192 2.001000000
1169 297 2 8192 2.001000000
1170 298 2 8192 2.001000000
1171 299 2 8192 2.001000000
1172 76 2 8192 2.001000000
1173 77 2 8192 2.001000000
1174 78 2 8192 2.001000000
1175 79 2 8192 2.001000000
1172 296 2 8192 2.001000000
1173 297 2 8192 2.001000000
1174 298 2 8192 2.001000000
1175 299 2 8192 2.001000000
1180 76 2 8192 2.001000000
1181 77 2 8192 2.001000000
1182 78 2 8192 2.001000000
1183 79 2 8192 2.001000000
1180 296 2 8192 2.001000000
1181 297 2 8192 2.001000000
1182 298 2 8192 2.001000000
1183 299 2 8192 2.001000000
1184 76 2 8192 2.001000000
1185 77 2 8192 2.001000000
1186 78 2 8192 2.001000000
1187 79 2 8192 2.001000000
1184 296 2 8192 2.001000000
1185 297 2 8192 2.001000000
1186 298 2 8192 2.001000000
1187 299 2 8192 2.001000000
1188 76 2 8192 2.001000000
1189 77 2 8192 2.001000000
1190 78 2 8192 2.001000000
1191 79 2 8192 2.001000000
1188 296 2 8192 2.001000000
1189 297 2 8192 2.001000000
1190 298 2 8192 2.001000000
1191 299 2 8192 2.001000000
1192 76 2 8192 2.001000000
1193 77 2 8192 2.001000000
1194 78 2 8192 2.001000000
1195 79 2 8192 2.001000000
1192 296 2 8192 2.001000000
1193 297 2 8192 2.001000000
1194 298 2 8192 2.001000000
1195 299 2 8192 2.001000000
1200 76 2 8192 2.001000000
1201 77 2 8192 2.001000000
1202 78 2 8192 2.001000000
1203 79 2 8192 2.001000000
1200 296 2 8192 2.001000000
1201 297 2 8192 2.001000000
1202 298 2 8192 2.001000000
1203 299 2 8192 2.001000000
1208 76 2 8192 2.001000000
1209 77 2 8192 2.001000000
1210 78 2 8192 2.001000000
1211 79 2 8192 2.001000000
1208 296 2 8192 2.001000000
1209 297 2 8192 2.001000000
1210 298 2 8192 2.001000000
1211 299 2 8192 2.001000000
1212 76 2 8192 2.001000000
1213 77 2 8192 2.001000000
1214 78 2 8192 2.001000000
1215 79 2 8192 2.001000000
1212 296 2 8192 2.001000000
1213 297 2 8192 2.001000000
1214 298 2 8192 2.001000000
1215 299 2 8192 2.001000000
1216 76 2 8192 2.001000000
1217 77 2 8192 2.001000000
1218 78 2 8192 2.001000000
1219 79 2 8192 2.001000000
1216 296 2 8192 2.001000000
1217 297 2 8192 2.001000000
1218 298 2 8192 2.001000000
1219 299 2 8192 2.001000000
1220 76 2 8192 2.001000000
1221 77 2 8192 2.001000000
1222 78 2 8192 2.001000000
1223 79 2 8192 2.001000000
1220 296 2 8192 2.001000000
1221 297 2 8192 2.001000000
1222 298 2 8192 2.001000000
1223 299 2 8192 2.001000000
1224 76 2 8192 2.001000000
1225 77 2 8192 2.001000000
1226 78 2 8192 2.001000000
1227 79 2 8192 2.001000000
1224 296 2 8192 2.001000000
1225 297 2 8192 2.001000000
1226 298 2 8192 2.001000000
1227 299 2 8192 2.001000000
1228 76 2 8192 2.001000000
1229 77 2 8192 2.001000000
1230 78 2 8192 2.001000000
1231 79 2 8192 2.001000000
1228 296 2 8192 2.001000000
1229 297 2 8192 2.001000000
1230 298 2 8192 2.001000000
1231 299 2 8192 2.001000000
1232 76 2 8192 2.001000000
1233 77 2 8192 2.001000000
1234 78 2 8192 2.001000000
1235 79 2 8192 2.001000000
1232 296 2 8192 2.001000000
1233 297 2 8192 2.001000000
1234 298 2 8192 2.001000000
1235 299 2 8192 2.001000000
1236 76 2 8192 2.001000000
1237 77 2 8192 2.001000000
1238 78 2 8192 2.001000000
1239 79 2 8192 2.001000000
1236 296 2 8192 2.001000000
1237 297 2 8192 2.001000000
1238 298 2 8192 2.001000000
1239 299 2 8192 2.001000000
1240 76 2 8192 2.001000000
1241 77 2 8192 2.001000000
1242 78 2 8192 2.001000000
1243 79 2 8192 2.001000000
1240 296 2 8192 2.001000000
1241 297 2 8192 2.001000000
1242 298 2 8192 2.001000000
1243 299 2 8192 2.001000000
1248 76 2 8192 2.001000000
1249 77 2 8192 2.001000000
1250 78 2 8192 2.001000000
1251 79 2 8192 2.001000000
1248 296 2 8192 2.001000000
1249 297 2 8192 2.001000000
1250 298 2 8192 2.001000000
1251 299 2 8192 2.001000000
1252 76 2 8192 2.001000000
1253 77 2 8192 2.001000000
1254 78 2 8192 2.001000000
1255 79 2 8192 2.001000000
1252 296 2 8192 2.001000000
1253 297 2 8192 2.001000000
1254 298 2 8192 2.001000000
1255 299 2 8192 2.001000000
1260 76 2 8192 2.001000000
1261 77 2 8192 2.001000000
1262 78 2 8192 2.001000000
1263 79 2 8192 2.001000000
1260 296 2 8192 2.001000000
1261 297 2 8192 2.001000000
1262 298 2 8192 2.001000000
1263 299 2 8192 2.001000000
1264 76 2 8192 2.001000000
1265 77 2 8192 2.001000000
1266 78 2 8192 2.001000000
1267 79 2 8192 2.001000000
1264 296 2 8192 2.001000000
1265 297 2 8192 2.001000000
1266 298 2 8192 2.001000000
1267 299 2 8192 2.001000000
1272 76 2 8192 2.001000000
1273 77 2 8192 2.001000000
1274 78 2 8192 2.001000000
1275 79 2 8192 2.001000000
1272 296 2 8192 2.001000000
1273 297 2 8192 2.001000000
1274 298 2 8192 2.001000000
1275 299 2 8192 2.001000000
1276 76 2 8192 2.001000000
1277 77 2 8192 2.001000000
1278 78 2 8192 2.001000000
1279 79 2 8192 2.001000000
1276 296 2 8192 2.001000000
1277 297 2 8192 2.001000000
1278 298 2 8192 2.001000000
1279 299 2 8192 2.001000000
0 344 2 8192 2.001000000
1 345 2 8192 2.001000000
2 346 2 8192 2.001000000
3 347 2 8192 2.001000000
0 488 2 8192 2.001000000
1 489 2 8192 2.001000000
2 490 2 8192 2.001000000
3 491 2 8192 2.001000000
8 344 2 8192 2.001000000
9 345 2 8192 2.001000000
10 346 2 8192 2.001000000
11 347 2 8192 2.001000000
8 488 2 8192 2.001000000
9 489 2 8192 2.001000000
10 490 2 8192 2.001000000
11 491 2 8192 2.001000000
12 344 2 8192 2.001000000
13 345 2 8192 2.001000000
14 346 2 8192 2.001000000
15 347 2 8192 2.001000000
12 488 2 8192 2.001000000
13 489 2 8192 2.001000000
14 490 2 8192 2.001000000
15 491 2 8192 2.001000000
16 344 2 8192 2.001000000
17 345 2 8192 2.001000000
18 346 2 8192 2.001000000
19 347 2 8192 2.001000000
16 488 2 8192 2.001000000
17 489 2 8192 2.001000000
18 490 2 8192 2.001000000
19 491 2 8192 2.001000000
24 344 2 8192 2.001000000
25 345 2 8192 2.001000000
26 346 2 8192 2.001000000
27 347 2 8192 2.001000000
24 488 2 8192 2.001000000
25 489 2 8192 2.001000000
26 490 2 8192 2.001000000
27 491 2 8192 2.001000000
28 344 2 8192 2.001000000
29 345 2 8192 2.001000000
30 346 2 8192 2.001000000
31 347 2 8192 2.001000000
28 488 2 8192 2.001000000
29 489 2 8192 2.001000000
30 490 2 8192 2.001000000
31 491 2 8192 2.001000000
32 344 2 8192 2.001000000
33 345 2 8192 2.001000000
34 346 2 8192 2.001000000
35 347 2 8192 2.001000000
32 488 2 8192 2.001000000
33 489 2 8192 2.001000000
34 490 2 8192 2.001000000
35 491 2 8192 2.001000000
36 344 2 8192 2.001000000
37 345 2 8192 2.001000000
38 346 2 8192 2.001000000
39 347 2 8192 2.001000000
36 488 2 8192 2.001000000
37 489 2 8192 2.001000000
38 490 2 8192 2.001000000
39 491 2 8192 2.001000000
48 344 2 8192 2.001000000
49 345 2 8192 2.001000000
50 346 2 8192 2.001000000
51 347 2 8192 2.001000000
48 488 2 8192 2.001000000
49 489 2 8192 2.001000000
50 490 2 8192 2.001000000
51 491 2 8192 2.001000000
52 344 2 8192 2.001000000
53 345 2 8192 2.001000000
54 346 2 8192 2.001000000
55 347 2 8192 2.001000000
52 488 2 8192 2.001000000
53 489 2 8192 2.001000000
54 490 2 8192 2.001000000
55 491 2 8192 2.001000000
56 344 2 8192 2.001000000
57 345 2 8192 2.001000000
58 346 2 8192 2.001000000
59 347 2 8192 2.001000000
56 488 2 8192 2.001000000
57 489 2 8192 2.001000000
58 490 2 8192 2.001000000
59 491 2 8192 2.001000000
60 344 2 8192 2.001000000
61 345 2 8192 2.001000000
62 346 2 8192 2.001000000
63 347 2 8192 2.001000000
60 488 2 8192 2.001000000
61 489 2 8192 2.001000000
62 490 2 8192 2.001000000
63 491 2 8192 2.001000000
64 344 2 8192 2.001000000
65 345 2 8192 2.001000000
66 346 2 8192 2.001000000
67 347 2 8192 2.001000000
64 488 2 8192 2.001000000
65 489 2 8192 2.001000000
66 490 2 8192 2.001000000
67 491 2 8192 2.001000000
68 344 2 8192 2.001000000
69 345 2 8192 2.001000000
70 346 2 8192 2.001000000
71 347 2 8192 2.001000000
68 488 2 8192 2.001000000
69 489 2 8192 2.001000000
70 490 2 8192 2.001000000
71 491 2 8192 2.001000000
72 344 2 8192 2.001000000
73 345 2 8192 2.001000000
74 346 2 8192 2.001000000
75 347 2 8192 2.001000000
72 488 2 8192 2.001000000
73 489 2 8192 2.001000000
74 490 2 8192 2.001000000
75 491 2 8192 2.001000000
80 344 2 8192 2.001000000
81 345 2 8192 2.001000000
82 346 2 8192 2.001000000
83 347 2 8192 2.001000000
80 488 2 8192 2.001000000
81 489 2 8192 2.001000000
82 490 2 8192 2.001000000
83 491 2 8192 2.001000000
84 344 2 8192 2.001000000
85 345 2 8192 2.001000000
86 346 2 8192 2.001000000
87 347 2 8192 2.001000000
84 488 2 8192 2.001000000
85 489 2 8192 2.001000000
86 490 2 8192 2.001000000
87 491 2 8192 2.001000000
88 344 2 8192 2.001000000
89 345 2 8192 2.001000000
90 346 2 8192 2.001000000
91 347 2 8192 2.001000000
88 488 2 8192 2.001000000
89 489 2 8192 2.001000000
90 490 2 8192 2.001000000
91 491 2 8192 2.001000000
92 344 2 8192 2.001000000
93 345 2 8192 2.001000000
94 346 2 8192 2.001000000
95 347 2 8192 2.001000000
92 488 2 8192 2.001000000
93 489 2 8192 2.001000000
94 490 2 8192 2.001000000
95 491 2 8192 2.001000000
96 344 2 8192 2.001000000
97 345 2 8192 2.001000000
98 346 2 8192 2.001000000
99 347 2 8192 2.001000000
96 488 2 8192 2.001000000
97 489 2 8192 2.001000000
98 490 2 8192 2.001000000
99 491 2 8192 2.001000000
108 344 2 8192 2.001000000
109 345 2 8192 2.001000000
110 346 2 8192 2.001000000
111 347 2 8192 2.001000000
108 488 2 8192 2.001000000
109 489 2 8192 2.001000000
110 490 2 8192 2.001000000
111 491 2 8192 2.001000000
112 344 2 8192 2.001000000
113 345 2 8192 2.001000000
114 346 2 8192 2.001000000
115 347 2 8192 2.001000000
112 488 2 8192 2.001000000
113 489 2 8192 2.001000000
114 490 2 8192 2.001000000
115 491 2 8192 2.001000000
116 344 2 8192 2.001000000
117 345 2 8192 2.001000000
118 346 2 8192 2.001000000
119 347 2 8192 2.001000000
116 488 2 8192 2.001000000
117 489 2 8192 2.001000000
118 490 2 8192 2.001000000
119 491 2 8192 2.001000000
120 344 2 8192 2.001000000
121 345 2 8192 2.001000000
122 346 2 8192 2.001000000
123 347 2 8192 2.001000000
120 488 2 8192 2.001000000
121 489 2 8192 2.001000000
122 490 2 8192 2.001000000
123 491 2 8192 2.001000000
124 344 2 8192 2.001000000
125 345 2 8192 2.001000000
126 346 2 8192 2.001000000
127 347 2 8192 2.001000000
124 488 2 8192 2.001000000
125 489 2 8192 2.001000000
126 490 2 8192 2.001000000
127 491 2 8192 2.001000000
128 344 2 8192 2.001000000
129 345 2 8192 2.001000000
130 346 2 8192 2.001000000
131 347 2 8192 2.001000000
128 488 2 8192 2.001000000
129 489 2 8192 2.001000000
130 490 2 8192 2.001000000
131 491 2 8192 2.001000000
140 344 2 8192 2.001000000
141 345 2 8192 2.001000000
142 346 2 8192 2.001000000
143 347 2 8192 2.001000000
140 488 2 8192 2.001000000
141 489 2 8192 2.001000000
142 490 2 8192 2.001000000
143 491 2 8192 2.001000000
144 344 2 8192 2.001000000
145 345 2 8192 2.001000000
146 346 2 8192 2.001000000
147 347 2 8192 2.001000000
144 488 2 8192 2.001000000
145 489 2 8192 2.001000000
146 490 2 8192 2.001000000
147 491 2 8192 2.001000000
156 344 2 8192 2.001000000
157 345 2 8192 2.001000000
158 346 2 8192 2.001000000
159 347 2 8192 2.001000000
156 488 2 8192 2.001000000
157 489 2 8192 2.001000000
158 490 2 8192 2.001000000
159 491 2 8192 2.001000000
160 344 2 8192 2.001000000
161 345 2 8192 2.001000000
162 346 2 8192 2.001000000
163 347 2 8192 2.001000000
160 488 2 8192 2.001000000
161 489 2 8192 2.001000000
162 490 2 8192 2.001000000
163 491 2 8192 2.001000000
164 344 2 8192 2.001000000
165 345 2 8192 2.001000000
166 346 2 8192 2.001000000
167 347 2 8192 2.001000000
164 488 2 8192 2.001000000
165 489 2 8192 2.001000000
166 490 2 8192 2.001000000
167 491 2 8192 2.001000000
168 344 2 8192 2.001000000
169 345 2 8192 2.001000000
170 346 2 8192 2.001000000
171 347 2 8192 2.001000000
168 488 2 8192 2.001000000
169 489 2 8192 2.001000000
170 490 2 8192 2.001000000
171 491 2 8192 2.001000000
172 344 2 8192 2.001000000
173 345 2 8192 2.001000000
174 346 2 8192 2.001000000
175 347 2 8192 2.001000000
172 488 2 8192 2.001000000
173 489 2 8192 2.001000000
174 490 2 8192 2.001000000
175 491 2 8192 2.001000000
176 344 2 8192 2.001000000
177 345 2 8192 2.001000000
178 346 2 8192 2.001000000
179 347 2 8192 2.001000000
176 488 2 8192 2.001000000
177 489 2 8192 2.001000000
178 490 2 8192 2.001000000
179 491 2 8192 2.001000000
180 344 2 8192 2.001000000
181 345 2 8192 2.001000000
182 346 2 8192 2.001000000
183 347 2 8192 2.001000000
180 488 2 8192 2.001000000
181 489 2 8192 2.001000000
182 490 2 8192 2.001000000
183 491 2 8192 2.001000000
188 344 2 8192 2.001000000
189 345 2 8192 2.001000000
190 346 2 8192 2.001000000
191 347 2 8192 2.001000000
188 488 2 8192 2.001000000
189 489 2 8192 2.001000000
190 490 2 8192 2.001000000
191 491 2 8192 2.001000000
196 344 2 8192 2.001000000
197 345 2 8192 2.001000000
198 346 2 8192 2.001000000
199 347 2 8192 2.001000000
196 488 2 8192 2.001000000
197 489 2 8192 2.001000000
198 490 2 8192 2.001000000
199 491 2 8192 2.001000000
200 344 2 8192 2.001000000
201 345 2 8192 2.001000000
202 346 2 8192 2.001000000
203 347 2 8192 2.001000000
200 488 2 8192 2.001000000
201 489 2 8192 2.001000000
202 490 2 8192 2.001000000
203 491 2 8192 2.001000000
204 344 2 8192 2.001000000
205 345 2 8192 2.001000000
206 346 2 8192 2.001000000
207 347 2 8192 2.001000000
204 488 2 8192 2.001000000
205 489 2 8192 2.001000000
206 490 2 8192 2.001000000
207 491 2 8192 2.001000000
208 344 2 8192 2.001000000
209 345 2 8192 2.001000000
210 346 2 8192 2.001000000
211 347 2 8192 2.001000000
208 488 2 8192 2.001000000
209 489 2 8192 2.001000000
210 490 2 8192 2.001000000
211 491 2 8192 2.001000000
216 344 2 8192 2.001000000
217 345 2 8192 2.001000000
218 346 2 8192 2.001000000
219 347 2 8192 2.001000000
216 488 2 8192 2.001000000
217 489 2 8192 2.001000000
218 490 2 8192 2.001000000
219 491 2 8192 2.001000000
220 344 2 8192 2.001000000
221 345 2 8192 2.001000000
222 346 2 8192 2.001000000
223 347 2 8192 2.001000000
220 488 2 8192 2.001000000
221 489 2 8192 2.001000000
222 490 2 8192 2.001000000
223 491 2 8192 2.001000000
224 344 2 8192 2.001000000
225 345 2 8192 2.001000000
226 346 2 8192 2.001000000
227 347 2 8192 2.001000000
224 488 2 8192 2.001000000
225 489 2 8192 2.001000000
226 490 2 8192 2.001000000
227 491 2 8192 2.001000000
228 344 2 8192 2.001000000
229 345 2 8192 2.001000000
230 346 2 8192 2.001000000
231 347 2 8192 2.001000000
228 488 2 8192 2.001000000
229 489 2 8192 2.001000000
230 490 2 8192 2.001000000
231 491 2 8192 2.001000000
232 344 2 8192 2.001000000
233 345 2 8192 2.001000000
234 346 2 8192 2.001000000
235 347 2 8192 2.001000000
232 488 2 8192 2.001000000
233 489 2 8192 2.001000000
234 490 2 8192 2.001000000
235 491 2 8192 2.001000000
236 344 2 8192 2.001000000
237 345 2 8192 2.001000000
238 346 2 8192 2.001000000
239 347 2 8192 2.001000000
236 488 2 8192 2.001000000
237 489 2 8192 2.001000000
238 490 2 8192 2.001000000
239 491 2 8192 2.001000000
240 344 2 8192 2.001000000
241 345 2 8192 2.001000000
242 346 2 8192 2.001000000
243 347 2 8192 2.001000000
240 488 2 8192 2.001000000
241 489 2 8192 2.001000000
242 490 2 8192 2.001000000
243 491 2 8192 2.001000000
244 344 2 8192 2.001000000
245 345 2 8192 2.001000000
246 346 2 8192 2.001000000
247 347 2 8192 2.001000000
244 488 2 8192 2.001000000
245 489 2 8192 2.001000000
246 490 2 8192 2.001000000
247 491 2 8192 2.001000000
248 344 2 8192 2.001000000
249 345 2 8192 2.001000000
250 346 2 8192 2.001000000
251 347 2 8192 2.001000000
248 488 2 8192 2.001000000
249 489 2 8192 2.001000000
250 490 2 8192 2.001000000
251 491 2 8192 2.001000000
252 344 2 8192 2.001000000
253 345 2 8192 2.001000000
254 346 2 8192 2.001000000
255 347 2 8192 2.001000000
252 488 2 8192 2.001000000
253 489 2 8192 2.001000000
254 490 2 8192 2.001000000
255 491 2 8192 2.001000000
256 344 2 8192 2.001000000
257 345 2 8192 2.001000000
258 346 2 8192 2.001000000
259 347 2 8192 2.001000000
256 488 2 8192 2.001000000
257 489 2 8192 2.001000000
258 490 2 8192 2.001000000
259 491 2 8192 2.001000000
260 344 2 8192 2.001000000
261 345 2 8192 2.001000000
262 346 2 8192 2.001000000
263 347 2 8192 2.001000000
260 488 2 8192 2.001000000
261 489 2 8192 2.001000000
262 490 2 8192 2.001000000
263 491 2 8192 2.001000000
264 344 2 8192 2.001000000
265 345 2 8192 2.001000000
266 346 2 8192 2.001000000
267 347 2 8192 2.001000000
264 488 2 8192 2.001000000
265 489 2 8192 2.001000000
266 490 2 8192 2.001000000
267 491 2 8192 2.001000000
268 344 2 8192 2.001000000
269 345 2 8192 2.001000000
270 346 2 8192 2.001000000
271 347 2 8192 2.001000000
268 488 2 8192 2.001000000
269 489 2 8192 2.001000000
270 490 2 8192 2.001000000
271 491 2 8192 2.001000000
272 344 2 8192 2.001000000
273 345 2 8192 2.001000000
274 346 2 8192 2.001000000
275 347 2 8192 2.001000000
272 488 2 8192 2.001000000
273 489 2 8192 2.001000000
274 490 2 8192 2.001000000
275 491 2 8192 2.001000000
276 344 2 8192 2.001000000
277 345 2 8192 2.001000000
278 346 2 8192 2.001000000
279 347 2 8192 2.001000000
276 488 2 8192 2.001000000
277 489 2 8192 2.001000000
278 490 2 8192 2.001000000
279 491 2 8192 2.001000000
280 344 2 8192 2.001000000
281 345 2 8192 2.001000000
282 346 2 8192 2.001000000
283 347 2 8192 2.001000000
280 488 2 8192 2.001000000
281 489 2 8192 2.001000000
282 490 2 8192 2.001000000
283 491 2 8192 2.001000000
284 344 2 8192 2.001000000
285 345 2 8192 2.001000000
286 346 2 8192 2.001000000
287 347 2 8192 2.001000000
284 488 2 8192 2.001000000
285 489 2 8192 2.001000000
286 490 2 8192 2.001000000
287 491 2 8192 2.001000000
292 344 2 8192 2.001000000
293 345 2 8192 2.001000000
294 346 2 8192 2.001000000
295 347 2 8192 2.001000000
292 488 2 8192 2.001000000
293 489 2 8192 2.001000000
294 490 2 8192 2.001000000
295 491 2 8192 2.001000000
300 344 2 8192 2.001000000
301 345 2 8192 2.001000000
302 346 2 8192 2.001000000
303 347 2 8192 2.001000000
300 488 2 8192 2.001000000
301 489 2 8192 2.001000000
302 490 2 8192 2.001000000
303 491 2 8192 2.001000000
304 344 2 8192 2.001000000
305 345 2 8192 2.001000000
306 346 2 8192 2.001000000
307 347 2 8192 2.001000000
304 488 2 8192 2.001000000
305 489 2 8192 2.001000000
306 490 2 8192 2.001000000
307 491 2 8192 2.001000000
312 344 2 8192 2.001000000
313 345 2 8192 2.001000000
314 346 2 8192 2.001000000
315 347 2 8192 2.001000000
312 488 2 8192 2.001000000
313 489 2 8192 2.001000000
314 490 2 8192 2.001000000
315 491 2 8192 2.001000000
316 344 2 8192 2.001000000
317 345 2 8192 2.001000000
318 346 2 8192 2.001000000
319 347 2 8192 2.001000000
316 488 2 8192 2.001000000
317 489 2 8192 2.001000000
318 490 2 8192 2.001000000
319 491 2 8192 2.001000000
320 344 2 8192 2.001000000
321 345 2 8192 2.001000000
322 346 2 8192 2.001000000
323 347 2 8192 2.001000000
320 488 2 8192 2.001000000
321 489 2 8192 2.001000000
322 490 2 8192 2.001000000
323 491 2 8192 2.001000000
324 344 2 8192 2.001000000
325 345 2 8192 2.001000000
326 346 2 8192 2.001000000
327 347 2 8192 2.001000000
324 488 2 8192 2.001000000
325 489 2 8192 2.001000000
326 490 2 8192 2.001000000
327 491 2 8192 2.001000000
328 344 2 8192 2.001000000
329 345 2 8192 2.001000000
330 346 2 8192 2.001000000
331 347 2 8192 2.001000000
328 488 2 8192 2.001000000
329 489 2 8192 2.001000000
330 490 2 8192 2.001000000
331 491 2 8192 2.001000000
332 344 2 8192 2.001000000
333 345 2 8192 2.001000000
334 346 2 8192 2.001000000
335 347 2 8192 2.001000000
332 488 2 8192 2.001000000
333 489 2 8192 2.001000000
334 490 2 8192 2.001000000
335 491 2 8192 2.001000000
336 344 2 8192 2.001000000
337 345 2 8192 2.001000000
338 346 2 8192 2.001000000
339 347 2 8192 2.001000000
336 488 2 8192 2.001000000
337 489 2 8192 2.001000000
338 490 2 8192 2.001000000
339 491 2 8192 2.001000000
340 344 2 8192 2.001000000
341 345 2 8192 2.001000000
342 346 2 8192 2.001000000
343 347 2 8192 2.001000000
340 488 2 8192 2.001000000
341 489 2 8192 2.001000000
342 490 2 8192 2.001000000
343 491 2 8192 2.001000000
348 344 2 8192 2.001000000
349 345 2 8192 2.001000000
350 346 2 8192 2.001000000
351 347 2 8192 2.001000000
348 488 2 8192 2.001000000
349 489 2 8192 2.001000000
350 490 2 8192 2.001000000
351 491 2 8192 2.001000000
360 344 2 8192 2.001000000
361 345 2 8192 2.001000000
362 346 2 8192 2.001000000
363 347 2 8192 2.001000000
360 488 2 8192 2.001000000
361 489 2 8192 2.001000000
362 490 2 8192 2.001000000
363 491 2 8192 2.001000000
364 344 2 8192 2.001000000
365 345 2 8192 2.001000000
366 346 2 8192 2.001000000
367 347 2 8192 2.001000000
364 488 2 8192 2.001000000
365 489 2 8192 2.001000000
366 490 2 8192 2.001000000
367 491 2 8192 2.001000000
368 344 2 8192 2.001000000
369 345 2 8192 2.001000000
370 346 2 8192 2.001000000
371 347 2 8192 2.001000000
368 488 2 8192 2.001000000
369 489 2 8192 2.001000000
370 490 2 8192 2.001000000
371 491 2 8192 2.001000000
380 344 2 8192 2.001000000
381 345 2 8192 2.001000000
382 346 2 8192 2.001000000
383 347 2 8192 2.001000000
380 488 2 8192 2.001000000
381 489 2 8192 2.001000000
382 490 2 8192 2.001000000
383 491 2 8192 2.001000000
388 344 2 8192 2.001000000
389 345 2 8192 2.001000000
390 346 2 8192 2.001000000
391 347 2 8192 2.001000000
388 488 2 8192 2.001000000
389 489 2 8192 2.001000000
390 490 2 8192 2.001000000
391 491 2 8192 2.001000000
392 344 2 8192 2.001000000
393 345 2 8192 2.001000000
394 346 2 8192 2.001000000
395 347 2 8192 2.001000000
392 488 2 8192 2.001000000
393 489 2 8192 2.001000000
394 490 2 8192 2.001000000
395 491 2 8192 2.001000000
404 344 2 8192 2.001000000
405 345 2 8192 2.001000000
406 346 2 8192 2.001000000
407 347 2 8192 2.001000000
404 488 2 8192 2.001000000
405 489 2 8192 2.001000000
406 490 2 8192 2.001000000
407 491 2 8192 2.001000000
408 344 2 8192 2.001000000
409 345 2 8192 2.001000000
410 346 2 8192 2.001000000
411 347 2 8192 2.001000000
408 488 2 8192 2.001000000
409 489 2 8192 2.001000000
410 490 2 8192 2.001000000
411 491 2 8192 2.001000000
416 344 2 8192 2.001000000
417 345 2 8192 2.001000000
418 346 2 8192 2.001000000
419 347 2 8192 2.001000000
416 488 2 8192 2.001000000
417 489 2 8192 2.001000000
418 490 2 8192 2.001000000
419 491 2 8192 2.001000000
428 344 2 8192 2.001000000
429 345 2 8192 2.001000000
430 346 2 8192 2.001000000
431 347 2 8192 2.001000000
428 488 2 8192 2.001000000
429 489 2 8192 2.001000000
430 490 2 8192 2.001000000
431 491 2 8192 2.001000000
432 344 2 8192 2.001000000
433 345 2 8192 2.001000000
434 346 2 8192 2.001000000
435 347 2 8192 2.001000000
432 488 2 8192 2.001000000
433 489 2 8192 2.001000000
434 490 2 8192 2.001000000
435 491 2 8192 2.001000000
436 344 2 8192 2.001000000
437 345 2 8192 2.001000000
438 346 2 8192 2.001000000
439 347 2 8192 2.001000000
436 488 2 8192 2.001000000
437 489 2 8192 2.001000000
438 490 2 8192 2.001000000
439 491 2 8192 2.001000000
440 344 2 8192 2.001000000
441 345 2 8192 2.001000000
442 346 2 8192 2.001000000
443 347 2 8192 2.001000000
440 488 2 8192 2.001000000
441 489 2 8192 2.001000000
442 490 2 8192 2.001000000
443 491 2 8192 2.001000000
444 344 2 8192 2.001000000
445 345 2 8192 2.001000000
446 346 2 8192 2.001000000
447 347 2 8192 2.001000000
444 488 2 8192 2.001000000
445 489 2 8192 2.001000000
446 490 2 8192 2.001000000
447 491 2 8192 2.001000000
448 344 2 8192 2.001000000
449 345 2 8192 2.001000000
450 346 2 8192 2.001000000
451 347 2 8192 2.001000000
448 488 2 8192 2.001000000
449 489 2 8192 2.001000000
450 490 2 8192 2.001000000
451 491 2 8192 2.001000000
452 344 2 8192 2.001000000
453 345 2 8192 2.001000000
454 346 2 8192 2.001000000
455 347 2 8192 2.001000000
452 488 2 8192 2.001000000
453 489 2 8192 2.001000000
454 490 2 8192 2.001000000
455 491 2 8192 2.001000000
456 344 2 8192 2.001000000
457 345 2 8192 2.001000000
458 346 2 8192 2.001000000
459 347 2 8192 2.001000000
456 488 2 8192 2.001000000
457 489 2 8192 2.001000000
458 490 2 8192 2.001000000
459 491 2 8192 2.001000000
460 344 2 8192 2.001000000
461 345 2 8192 2.001000000
462 346 2 8192 2.001000000
463 347 2 8192 2.001000000
460 488 2 8192 2.001000000
461 489 2 8192 2.001000000
462 490 2 8192 2.001000000
463 491 2 8192 2.001000000
464 344 2 8192 2.001000000
465 345 2 8192 2.001000000
466 346 2 8192 2.001000000
467 347 2 8192 2.001000000
464 488 2 8192 2.001000000
465 489 2 8192 2.001000000
466 490 2 8192 2.001000000
467 491 2 8192 2.001000000
468 344 2 8192 2.001000000
469 345 2 8192 2.001000000
470 346 2 8192 2.001000000
471 347 2 8192 2.001000000
468 488 2 8192 2.001000000
469 489 2 8192 2.001000000
470 490 2 8192 2.001000000
471 491 2 8192 2.001000000
472 344 2 8192 2.001000000
473 345 2 8192 2.001000000
474 346 2 8192 2.001000000
475 347 2 8192 2.001000000
472 488 2 8192 2.001000000
473 489 2 8192 2.001000000
474 490 2 8192 2.001000000
475 491 2 8192 2.001000000
476 344 2 8192 2.001000000
477 345 2 8192 2.001000000
478 346 2 8192 2.001000000
479 347 2 8192 2.001000000
476 488 2 8192 2.001000000
477 489 2 8192 2.001000000
478 490 2 8192 2.001000000
479 491 2 8192 2.001000000
484 344 2 8192 2.001000000
485 345 2 8192 2.001000000
486 346 2 8192 2.001000000
487 347 2 8192 2.001000000
484 488 2 8192 2.001000000
485 489 2 8192 2.001000000
486 490 2 8192 2.001000000
487 491 2 8192 2.001000000
492 344 2 8192 2.001000000
493 345 2 8192 2.001000000
494 346 2 8192 2.001000000
495 347 2 8192 2.001000000
492 488 2 8192 2.001000000
493 489 2 8192 2.001000000
494 490 2 8192 2.001000000
495 491 2 8192 2.001000000
496 344 2 8192 2.001000000
497 345 2 8192 2.001000000
498 346 2 8192 2.001000000
499 347 2 8192 2.001000000
496 488 2 8192 2.001000000
497 489 2 8192 2.001000000
498 490 2 8192 2.001000000
499 491 2 8192 2.001000000
500 344 2 8192 2.001000000
501 345 2 8192 2.001000000
502 346 2 8192 2.001000000
503 347 2 8192 2.001000000
500 488 2 8192 2.001000000
501 489 2 8192 2.001000000
502 490 2 8192 2.001000000
503 491 2 8192 2.001000000
504 344 2 8192 2.001000000
505 345 2 8192 2.001000000
506 346 2 8192 2.001000000
507 347 2 8192 2.001000000
504 488 2 8192 2.001000000
505 489 2 8192 2.001000000
506 490 2 8192 2.001000000
507 491 2 8192 2.001000000
508 344 2 8192 2.001000000
509 345 2 8192 2.001000000
510 346 2 8192 2.001000000
511 347 2 8192 2.001000000
508 488 2 8192 2.001000000
509 489 2 8192 2.001000000
510 490 2 8192 2.001000000
511 491 2 8192 2.001000000
512 344 2 8192 2.001000000
513 345 2 8192 2.001000000
514 346 2 8192 2.001000000
515 347 2 8192 2.001000000
512 488 2 8192 2.001000000
513 489 2 8192 2.001000000
514 490 2 8192 2.001000000
515 491 2 8192 2.001000000
516 344 2 8192 2.001000000
517 345 2 8192 2.001000000
518 346 2 8192 2.001000000
519 347 2 8192 2.001000000
516 488 2 8192 2.001000000
517 489 2 8192 2.001000000
518 490 2 8192 2.001000000
519 491 2 8192 2.001000000
520 344 2 8192 2.001000000
521 345 2 8192 2.001000000
522 346 2 8192 2.001000000
523 347 2 8192 2.001000000
520 488 2 8192 2.001000000
521 489 2 8192 2.001000000
522 490 2 8192 2.001000000
523 491 2 8192 2.001000000
524 344 2 8192 2.001000000
525 345 2 8192 2.001000000
526 346 2 8192 2.001000000
527 347 2 8192 2.001000000
524 488 2 8192 2.001000000
525 489 2 8192 2.001000000
526 490 2 8192 2.001000000
527 491 2 8192 2.001000000
536 344 2 8192 2.001000000
537 345 2 8192 2.001000000
538 346 2 8192 2.001000000
539 347 2 8192 2.001000000
536 488 2 8192 2.001000000
537 489 2 8192 2.001000000
538 490 2 8192 2.001000000
539 491 2 8192 2.001000000
540 344 2 8192 2.001000000
541 345 2 8192 2.001000000
542 346 2 8192 2.001000000
543 347 2 8192 2.001000000
540 488 2 8192 2.001000000
541 489 2 8192 2.001000000
542 490 2 8192 2.001000000
543 491 2 8192 2.001000000
544 344 2 8192 2.001000000
545 345 2 8192 2.001000000
546 346 2 8192 2.001000000
547 347 2 8192 2.001000000
544 488 2 8192 2.001000000
545 489 2 8192 2.001000000
546 490 2 8192 2.001000000
547 491 2 8192 2.001000000
548 344 2 8192 2.001000000
549 345 2 8192 2.001000000
550 346 2 8192 2.001000000
551 347 2 8192 2.001000000
548 488 2 8192 2.001000000
549 489 2 8192 2.001000000
550 490 2 8192 2.001000000
551 491 2 8192 2.001000000
552 344 2 8192 2.001000000
553 345 2 8192 2.001000000
554 346 2 8192 2.001000000
555 347 2 8192 2.001000000
552 488 2 8192 2.001000000
553 489 2 8192 2.001000000
554 490 2 8192 2.001000000
555 491 2 8192 2.001000000
560 344 2 8192 2.001000000
561 345 2 8192 2.001000000
562 346 2 8192 2.001000000
563 347 2 8192 2.001000000
560 488 2 8192 2.001000000
561 489 2 8192 2.001000000
562 490 2 8192 2.001000000
563 491 2 8192 2.001000000
564 344 2 8192 2.001000000
565 345 2 8192 2.001000000
566 346 2 8192 2.001000000
567 347 2 8192 2.001000000
564 488 2 8192 2.001000000
565 489 2 8192 2.001000000
566 490 2 8192 2.001000000
567 491 2 8192 2.001000000
568 344 2 8192 2.001000000
569 345 2 8192 2.001000000
570 346 2 8192 2.001000000
571 347 2 8192 2.001000000
568 488 2 8192 2.001000000
569 489 2 8192 2.001000000
570 490 2 8192 2.001000000
571 491 2 8192 2.001000000
572 344 2 8192 2.001000000
573 345 2 8192 2.001000000
574 346 2 8192 2.001000000
575 347 2 8192 2.001000000
572 488 2 8192 2.001000000
573 489 2 8192 2.001000000
574 490 2 8192 2.001000000
575 491 2 8192 2.001000000
576 344 2 8192 2.001000000
577 345 2 8192 2.001000000
578 346 2 8192 2.001000000
579 347 2 8192 2.001000000
576 488 2 8192 2.001000000
577 489 2 8192 2.001000000
578 490 2 8192 2.001000000
579 491 2 8192 2.001000000
580 344 2 8192 2.001000000
581 345 2 8192 2.001000000
582 346 2 8192 2.001000000
583 347 2 8192 2.001000000
580 488 2 8192 2.001000000
581 489 2 8192 2.001000000
582 490 2 8192 2.001000000
583 491 2 8192 2.001000000
588 344 2 8192 2.001000000
589 345 2 8192 2.001000000
590 346 2 8192 2.001000000
591 347 2 8192 2.001000000
588 488 2 8192 2.001000000
589 489 2 8192 2.001000000
590 490 2 8192 2.001000000
591 491 2 8192 2.001000000
592 344 2 8192 2.001000000
593 345 2 8192 2.001000000
594 346 2 8192 2.001000000
595 347 2 8192 2.001000000
592 488 2 8192 2.001000000
593 489 2 8192 2.001000000
594 490 2 8192 2.001000000
595 491 2 8192 2.001000000
596 344 2 8192 2.001000000
597 345 2 8192 2.001000000
598 346 2 8192 2.001000000
599 347 2 8192 2.001000000
596 488 2 8192 2.001000000
597 489 2 8192 2.001000000
598 490 2 8192 2.001000000
599 491 2 8192 2.001000000
600 344 2 8192 2.001000000
601 345 2 8192 2.001000000
602 346 2 8192 2.001000000
603 347 2 8192 2.001000000
600 488 2 8192 2.001000000
601 489 2 8192 2.001000000
602 490 2 8192 2.001000000
603 491 2 8192 2.001000000
608 344 2 8192 2.001000000
609 345 2 8192 2.001000000
610 346 2 8192 2.001000000
611 347 2 8192 2.001000000
608 488 2 8192 2.001000000
609 489 2 8192 2.001000000
610 490 2 8192 2.001000000
611 491 2 8192 2.001000000
612 344 2 8192 2.001000000
613 345 2 8192 2.001000000
614 346 2 8192 2.001000000
615 347 2 8192 2.001000000
612 488 2 8192 2.001000000
613 489 2 8192 2.001000000
614 490 2 8192 2.001000000
615 491 2 8192 2.001000000
620 344 2 8192 2.001000000
621 345 2 8192 2.001000000
622 346 2 8192 2.001000000
623 347 2 8192 2.001000000
620 488 2 8192 2.001000000
621 489 2 8192 2.001000000
622 490 2 8192 2.001000000
623 491 2 8192 2.001000000
624 344 2 8192 2.001000000
625 345 2 8192 2.001000000
626 346 2 8192 2.001000000
627 347 2 8192 2.001000000
624 488 2 8192 2.001000000
625 489 2 8192 2.001000000
626 490 2 8192 2.001000000
627 491 2 8192 2.001000000
632 344 2 8192 2.001000000
633 345 2 8192 2.001000000
634 346 2 8192 2.001000000
635 347 2 8192 2.001000000
632 488 2 8192 2.001000000
633 489 2 8192 2.001000000
634 490 2 8192 2.001000000
635 491 2 8192 2.001000000
636 344 2 8192 2.001000000
637 345 2 8192 2.001000000
638 346 2 8192 2.001000000
639 347 2 8192 2.001000000
636 488 2 8192 2.001000000
637 489 2 8192 2.001000000
638 490 2 8192 2.001000000
639 491 2 8192 2.001000000
640 344 2 8192 2.001000000
641 345 2 8192 2.001000000
642 346 2 8192 2.001000000
643 347 2 8192 2.001000000
640 488 2 8192 2.001000000
641 489 2 8192 2.001000000
642 490 2 8192 2.001000000
643 491 2 8192 2.001000000
644 344 2 8192 2.001000000
645 345 2 8192 2.001000000
646 346 2 8192 2.001000000
647 347 2 8192 2.001000000
644 488 2 8192 2.001000000
645 489 2 8192 2.001000000
646 490 2 8192 2.001000000
647 491 2 8192 2.001000000
648 344 2 8192 2.001000000
649 345 2 8192 2.001000000
650 346 2 8192 2.001000000
651 347 2 8192 2.001000000
648 488 2 8192 2.001000000
649 489 2 8192 2.001000000
650 490 2 8192 2.001000000
651 491 2 8192 2.001000000
652 344 2 8192 2.001000000
653 345 2 8192 2.001000000
654 346 2 8192 2.001000000
655 347 2 8192 2.001000000
652 488 2 8192 2.001000000
653 489 2 8192 2.001000000
654 490 2 8192 2.001000000
655 491 2 8192 2.001000000
656 344 2 8192 2.001000000
657 345 2 8192 2.001000000
658 346 2 8192 2.001000000
659 347 2 8192 2.001000000
656 488 2 8192 2.001000000
657 489 2 8192 2.001000000
658 490 2 8192 2.001000000
659 491 2 8192 2.001000000
660 344 2 8192 2.001000000
661 345 2 8192 2.001000000
662 346 2 8192 2.001000000
663 347 2 8192 2.001000000
660 488 2 8192 2.001000000
661 489 2 8192 2.001000000
662 490 2 8192 2.001000000
663 491 2 8192 2.001000000
668 344 2 8192 2.001000000
669 345 2 8192 2.001000000
670 346 2 8192 2.001000000
671 347 2 8192 2.001000000
668 488 2 8192 2.001000000
669 489 2 8192 2.001000000
670 490 2 8192 2.001000000
671 491 2 8192 2.001000000
672 344 2 8192 2.001000000
673 345 2 8192 2.001000000
674 346 2 8192 2.001000000
675 347 2 8192 2.001000000
672 488 2 8192 2.001000000
673 489 2 8192 2.001000000
674 490 2 8192 2.001000000
675 491 2 8192 2.001000000
676 344 2 8192 2.001000000
677 345 2 8192 2.001000000
678 346 2 8192 2.001000000
679 347 2 8192 2.001000000
676 488 2 8192 2.001000000
677 489 2 8192 2.001000000
678 490 2 8192 2.001000000
679 491 2 8192 2.001000000
688 344 2 8192 2.001000000
689 345 2 8192 2.001000000
690 346 2 8192 2.001000000
691 347 2 8192 2.001000000
688 488 2 8192 2.001000000
689 489 2 8192 2.001000000
690 490 2 8192 2.001000000
691 491 2 8192 2.001000000
692 344 2 8192 2.001000000
693 345 2 8192 2.001000000
694 346 2 8192 2.001000000
695 347 2 8192 2.001000000
692 488 2 8192 2.001000000
693 489 2 8192 2.001000000
694 490 2 8192 2.001000000
695 491 2 8192 2.001000000
696 344 2 8192 2.001000000
697 345 2 8192 2.001000000
698 346 2 8192 2.001000000
699 347 2 8192 2.001000000
696 488 2 8192 2.001000000
697 489 2 8192 2.001000000
698 490 2 8192 2.001000000
699 491 2 8192 2.001000000
700 344 2 8192 2.001000000
701 345 2 8192 2.001000000
702 346 2 8192 2.001000000
703 347 2 8192 2.001000000
700 488 2 8192 2.001000000
701 489 2 8192 2.001000000
702 490 2 8192 2.001000000
703 491 2 8192 2.001000000
704 344 2 8192 2.001000000
705 345 2 8192 2.001000000
706 346 2 8192 2.001000000
707 347 2 8192 2.001000000
704 488 2 8192 2.001000000
705 489 2 8192 2.001000000
706 490 2 8192 2.001000000
707 491 2 8192 2.001000000
712 344 2 8192 2.001000000
713 345 2 8192 2.001000000
714 346 2 8192 2.001000000
715 347 2 8192 2.001000000
712 488 2 8192 2.001000000
713 489 2 8192 2.001000000
714 490 2 8192 2.001000000
715 491 2 8192 2.001000000
716 344 2 8192 2.001000000
717 345 2 8192 2.001000000
718 346 2 8192 2.001000000
719 347 2 8192 2.001000000
716 488 2 8192 2.001000000
717 489 2 8192 2.001000000
718 490 2 8192 2.001000000
719 491 2 8192 2.001000000
724 344 2 8192 2.001000000
725 345 2 8192 2.001000000
726 346 2 8192 2.001000000
727 347 2 8192 2.001000000
724 488 2 8192 2.001000000
725 489 2 8192 2.001000000
726 490 2 8192 2.001000000
727 491 2 8192 2.001000000
732 344 2 8192 2.001000000
733 345 2 8192 2.001000000
734 346 2 8192 2.001000000
735 347 2 8192 2.001000000
732 488 2 8192 2.001000000
733 489 2 8192 2.001000000
734 490 2 8192 2.001000000
735 491 2 8192 2.001000000
736 344 2 8192 2.001000000
737 345 2 8192 2.001000000
738 346 2 8192 2.001000000
739 347 2 8192 2.001000000
736 488 2 8192 2.001000000
737 489 2 8192 2.001000000
738 490 2 8192 2.001000000
739 491 2 8192 2.001000000
740 344 2 8192 2.001000000
741 345 2 8192 2.001000000
742 346 2 8192 2.001000000
743 347 2 8192 2.001000000
740 488 2 8192 2.001000000
741 489 2 8192 2.001000000
742 490 2 8192 2.001000000
743 491 2 8192 2.001000000
744 344 2 8192 2.001000000
745 345 2 8192 2.001000000
746 346 2 8192 2.001000000
747 347 2 8192 2.001000000
744 488 2 8192 2.001000000
745 489 2 8192 2.001000000
746 490 2 8192 2.001000000
747 491 2 8192 2.001000000
748 344 2 8192 2.001000000
749 345 2 8192 2.001000000
750 346 2 8192 2.001000000
751 347 2 8192 2.001000000
748 488 2 8192 2.001000000
749 489 2 8192 2.001000000
750 490 2 8192 2.001000000
751 491 2 8192 2.001000000
752 344 2 8192 2.001000000
753 345 2 8192 2.001000000
754 346 2 8192 2.001000000
755 347 2 8192 2.001000000
752 488 2 8192 2.001000000
753 489 2 8192 2.001000000
754 490 2 8192 2.001000000
755 491 2 8192 2.001000000
756 344 2 8192 2.001000000
757 345 2 8192 2.001000000
758 346 2 8192 2.001000000
759 347 2 8192 2.001000000
756 488 2 8192 2.001000000
757 489 2 8192 2.001000000
758 490 2 8192 2.001000000
759 491 2 8192 2.001000000
760 344 2 8192 2.001000000
761 345 2 8192 2.001000000
762 346 2 8192 2.001000000
763 347 2 8192 2.001000000
760 488 2 8192 2.001000000
761 489 2 8192 2.001000000
762 490 2 8192 2.001000000
763 491 2 8192 2.001000000
764 344 2 8192 2.001000000
765 345 2 8192 2.001000000
766 346 2 8192 2.001000000
767 347 2 8192 2.001000000
764 488 2 8192 2.001000000
765 489 2 8192 2.001000000
766 490 2 8192 2.001000000
767 491 2 8192 2.001000000
772 344 2 8192 2.001000000
773 345 2 8192 2.001000000
774 346 2 8192 2.001000000
775 347 2 8192 2.001000000
772 488 2 8192 2.001000000
773 489 2 8192 2.001000000
774 490 2 8192 2.001000000
775 491 2 8192 2.001000000
776 344 2 8192 2.001000000
777 345 2 8192 2.001000000
778 346 2 8192 2.001000000
779 347 2 8192 2.001000000
776 488 2 8192 2.001000000
777 489 2 8192 2.001000000
778 490 2 8192 2.001000000
779 491 2 8192 2.001000000
780 344 2 8192 2.001000000
781 345 2 8192 2.001000000
782 346 2 8192 2.001000000
783 347 2 8192 2.001000000
780 488 2 8192 2.001000000
781 489 2 8192 2.001000000
782 490 2 8192 2.001000000
783 491 2 8192 2.001000000
784 344 2 8192 2.001000000
785 345 2 8192 2.001000000
786 346 2 8192 2.001000000
787 347 2 8192 2.001000000
784 488 2 8192 2.001000000
785 489 2 8192 2.001000000
786 490 2 8192 2.001000000
787 491 2 8192 2.001000000
788 344 2 8192 2.001000000
789 345 2 8192 2.001000000
790 346 2 8192 2.001000000
791 347 2 8192 2.001000000
788 488 2 8192 2.001000000
789 489 2 8192 2.001000000
790 490 2 8192 2.001000000
791 491 2 8192 2.001000000
792 344 2 8192 2.001000000
793 345 2 8192 2.001000000
794 346 2 8192 2.001000000
795 347 2 8192 2.001000000
792 488 2 8192 2.001000000
793 489 2 8192 2.001000000
794 490 2 8192 2.001000000
795 491 2 8192 2.001000000
804 344 2 8192 2.001000000
805 345 2 8192 2.001000000
806 346 2 8192 2.001000000
807 347 2 8192 2.001000000
804 488 2 8192 2.001000000
805 489 2 8192 2.001000000
806 490 2 8192 2.001000000
807 491 2 8192 2.001000000
808 344 2 8192 2.001000000
809 345 2 8192 2.001000000
810 346 2 8192 2.001000000
811 347 2 8192 2.001000000
808 488 2 8192 2.001000000
809 489 2 8192 2.001000000
810 490 2 8192 2.001000000
811 491 2 8192 2.001000000
812 344 2 8192 2.001000000
813 345 2 8192 2.001000000
814 346 2 8192 2.001000000
815 347 2 8192 2.001000000
812 488 2 8192 2.001000000
813 489 2 8192 2.001000000
814 490 2 8192 2.001000000
815 491 2 8192 2.001000000
816 344 2 8192 2.001000000
817 345 2 8192 2.001000000
818 346 2 8192 2.001000000
819 347 2 8192 2.001000000
816 488 2 8192 2.001000000
817 489 2 8192 2.001000000
818 490 2 8192 2.001000000
819 491 2 8192 2.001000000
820 344 2 8192 2.001000000
821 345 2 8192 2.001000000
822 346 2 8192 2.001000000
823 347 2 8192 2.001000000
820 488 2 8192 2.001000000
821 489 2 8192 2.001000000
822 490 2 8192 2.001000000
823 491 2 8192 2.001000000
824 344 2 8192 2.001000000
825 345 2 8192 2.001000000
826 346 2 8192 2.001000000
827 347 2 8192 2.001000000
824 488 2 8192 2.001000000
825 489 2 8192 2.001000000
826 490 2 8192 2.001000000
827 491 2 8192 2.001000000
832 344 2 8192 2.001000000
833 345 2 8192 2.001000000
834 346 2 8192 2.001000000
835 347 2 8192 2.001000000
832 488 2 8192 2.001000000
833 489 2 8192 2.001000000
834 490 2 8192 2.001000000
835 491 2 8192 2.001000000
836 344 2 8192 2.001000000
837 345 2 8192 2.001000000
838 346 2 8192 2.001000000
839 347 2 8192 2.001000000
836 488 2 8192 2.001000000
837 489 2 8192 2.001000000
838 490 2 8192 2.001000000
839 491 2 8192 2.001000000
840 344 2 8192 2.001000000
841 345 2 8192 2.001000000
842 346 2 8192 2.001000000
843 347 2 8192 2.001000000
840 488 2 8192 2.001000000
841 489 2 8192 2.001000000
842 490 2 8192 2.001000000
843 491 2 8192 2.001000000
844 344 2 8192 2.001000000
845 345 2 8192 2.001000000
846 346 2 8192 2.001000000
847 347 2 8192 2.001000000
844 488 2 8192 2.001000000
845 489 2 8192 2.001000000
846 490 2 8192 2.001000000
847 491 2 8192 2.001000000
848 344 2 8192 2.001000000
849 345 2 8192 2.001000000
850 346 2 8192 2.001000000
851 347 2 8192 2.001000000
848 488 2 8192 2.001000000
849 489 2 8192 2.001000000
850 490 2 8192 2.001000000
851 491 2 8192 2.001000000
852 344 2 8192 2.001000000
853 345 2 8192 2.001000000
854 346 2 8192 2.001000000
855 347 2 8192 2.001000000
852 488 2 8192 2.001000000
853 489 2 8192 2.001000000
854 490 2 8192 2.001000000
855 491 2 8192 2.001000000
856 344 2 8192 2.001000000
857 345 2 8192 2.001000000
858 346 2 8192 2.001000000
859 347 2 8192 2.001000000
856 488 2 8192 2.001000000
857 489 2 8192 2.001000000
858 490 2 8192 2.001000000
859 491 2 8192 2.001000000
860 344 2 8192 2.001000000
861 345 2 8192 2.001000000
862 346 2 8192 2.001000000
863 347 2 8192 2.001000000
860 488 2 8192 2.001000000
861 489 2 8192 2.001000000
862 490 2 8192 2.001000000
863 491 2 8192 2.001000000
864 344 2 8192 2.001000000
865 345 2 8192 2.001000000
866 346 2 8192 2.001000000
867 347 2 8192 2.001000000
864 488 2 8192 2.001000000
865 489 2 8192 2.001000000
866 490 2 8192 2.001000000
867 491 2 8192 2.001000000
868 344 2 8192 2.001000000
869 345 2 8192 2.001000000
870 346 2 8192 2.001000000
871 347 2 8192 2.001000000
868 488 2 8192 2.001000000
869 489 2 8192 2.001000000
870 490 2 8192 2.001000000
871 491 2 8192 2.001000000
872 344 2 8192 2.001000000
873 345 2 8192 2.001000000
874 346 2 8192 2.001000000
875 347 2 8192 2.001000000
872 488 2 8192 2.001000000
873 489 2 8192 2.001000000
874 490 2 8192 2.001000000
875 491 2 8192 2.001000000
876 344 2 8192 2.001000000
877 345 2 8192 2.001000000
878 346 2 8192 2.001000000
879 347 2 8192 2.001000000
876 488 2 8192 2.001000000
877 489 2 8192 2.001000000
878 490 2 8192 2.001000000
879 491 2 8192 2.001000000
880 344 2 8192 2.001000000
881 345 2 8192 2.001000000
882 346 2 8192 2.001000000
883 347 2 8192 2.001000000
880 488 2 8192 2.001000000
881 489 2 8192 2.001000000
882 490 2 8192 2.001000000
883 491 2 8192 2.001000000
884 344 2 8192 2.001000000
885 345 2 8192 2.001000000
886 346 2 8192 2.001000000
887 347 2 8192 2.001000000
884 488 2 8192 2.001000000
885 489 2 8192 2.001000000
886 490 2 8192 2.001000000
887 491 2 8192 2.001000000
888 344 2 8192 2.001000000
889 345 2 8192 2.001000000
890 346 2 8192 2.001000000
891 347 2 8192 2.001000000
888 488 2 8192 2.001000000
889 489 2 8192 2.001000000
890 490 2 8192 2.001000000
891 491 2 8192 2.001000000
892 344 2 8192 2.001000000
893 345 2 8192 2.001000000
894 346 2 8192 2.001000000
895 347 2 8192 2.001000000
892 488 2 8192 2.001000000
893 489 2 8192 2.001000000
894 490 2 8192 2.001000000
895 491 2 8192 2.001000000
896 344 2 8192 2.001000000
897 345 2 8192 2.001000000
898 346 2 8192 2.001000000
899 347 2 8192 2.001000000
896 488 2 8192 2.001000000
897 489 2 8192 2.001000000
898 490 2 8192 2.001000000
899 491 2 8192 2.001000000
900 344 2 8192 2.001000000
901 345 2 8192 2.001000000
902 346 2 8192 2.001000000
903 347 2 8192 2.001000000
900 488 2 8192 2.001000000
901 489 2 8192 2.001000000
902 490 2 8192 2.001000000
903 491 2 8192 2.001000000
904 344 2 8192 2.001000000
905 345 2 8192 2.001000000
906 346 2 8192 2.001000000
907 347 2 8192 2.001000000
904 488 2 8192 2.001000000
905 489 2 8192 2.001000000
906 490 2 8192 2.001000000
907 491 2 8192 2.001000000
916 344 2 8192 2.001000000
917 345 2 8192 2.001000000
918 346 2 8192 2.001000000
919 347 2 8192 2.001000000
916 488 2 8192 2.001000000
917 489 2 8192 2.001000000
918 490 2 8192 2.001000000
919 491 2 8192 2.001000000
920 344 2 8192 2.001000000
921 345 2 8192 2.001000000
922 346 2 8192 2.001000000
923 347 2 8192 2.001000000
920 488 2 8192 2.001000000
921 489 2 8192 2.001000000
922 490 2 8192 2.001000000
923 491 2 8192 2.001000000
924 344 2 8192 2.001000000
925 345 2 8192 2.001000000
926 346 2 8192 2.001000000
927 347 2 8192 2.001000000
924 488 2 8192 2.001000000
925 489 2 8192 2.001000000
926 490 2 8192 2.001000000
927 491 2 8192 2.001000000
928 344 2 8192 2.001000000
929 345 2 8192 2.001000000
930 346 2 8192 2.001000000
931 347 2 8192 2.001000000
928 488 2 8192 2.001000000
929 489 2 8192 2.001000000
930 490 2 8192 2.001000000
931 491 2 8192 2.001000000
932 344 2 8192 2.001000000
933 345 2 8192 2.001000000
934 346 2 8192 2.001000000
935 347 2 8192 2.001000000
932 488 2 8192 2.001000000
933 489 2 8192 2.001000000
934 490 2 8192 2.001000000
935 491 2 8192 2.001000000
936 344 2 8192 2.001000000
937 345 2 8192 2.001000000
938 346 2 8192 2.001000000
939 347 2 8192 2.001000000
936 488 2 8192 2.001000000
937 489 2 8192 2.001000000
938 490 2 8192 2.001000000
939 491 2 8192 2.001000000
940 344 2 8192 2.001000000
941 345 2 8192 2.001000000
942 346 2 8192 2.001000000
943 347 2 8192 2.001000000
940 488 2 8192 2.001000000
941 489 2 8192 2.001000000
942 490 2 8192 2.001000000
943 491 2 8192 2.001000000
944 344 2 8192 2.001000000
945 345 2 8192 2.001000000
946 346 2 8192 2.001000000
947 347 2 8192 2.001000000
944 488 2 8192 2.001000000
945 489 2 8192 2.001000000
946 490 2 8192 2.001000000
947 491 2 8192 2.001000000
948 344 2 8192 2.001000000
949 345 2 8192 2.001000000
950 346 2 8192 2.001000000
951 347 2 8192 2.001000000
948 488 2 8192 2.001000000
949 489 2 8192 2.001000000
950 490 2 8192 2.001000000
951 491 2 8192 2.001000000
952 344 2 8192 2.001000000
953 345 2 8192 2.001000000
954 346 2 8192 2.001000000
955 347 2 8192 2.001000000
952 488 2 8192 2.001000000
953 489 2 8192 2.001000000
954 490 2 8192 2.001000000
955 491 2 8192 2.001000000
956 344 2 8192 2.001000000
957 345 2 8192 2.001000000
958 346 2 8192 2.001000000
959 347 2 8192 2.001000000
956 488 2 8192 2.001000000
957 489 2 8192 2.001000000
958 490 2 8192 2.001000000
959 491 2 8192 2.001000000
960 344 2 8192 2.001000000
961 345 2 8192 2.001000000
962 346 2 8192 2.001000000
963 347 2 8192 2.001000000
960 488 2 8192 2.001000000
961 489 2 8192 2.001000000
962 490 2 8192 2.001000000
963 491 2 8192 2.001000000
964 344 2 8192 2.001000000
965 345 2 8192 2.001000000
966 346 2 8192 2.001000000
967 347 2 8192 2.001000000
964 488 2 8192 2.001000000
965 489 2 8192 2.001000000
966 490 2 8192 2.001000000
967 491 2 8192 2.001000000
968 344 2 8192 2.001000000
969 345 2 8192 2.001000000
970 346 2 8192 2.001000000
971 347 2 8192 2.001000000
968 488 2 8192 2.001000000
969 489 2 8192 2.001000000
970 490 2 8192 2.001000000
971 491 2 8192 2.001000000
972 344 2 8192 2.001000000
973 345 2 8192 2.001000000
974 346 2 8192 2.001000000
975 347 2 8192 2.001000000
972 488 2 8192 2.001000000
973 489 2 8192 2.001000000
974 490 2 8192 2.001000000
975 491 2 8192 2.001000000
976 344 2 8192 2.001000000
977 345 2 8192 2.001000000
978 346 2 8192 2.001000000
979 347 2 8192 2.001000000
976 488 2 8192 2.001000000
977 489 2 8192 2.001000000
978 490 2 8192 2.001000000
979 491 2 8192 2.001000000
980 344 2 8192 2.001000000
981 345 2 8192 2.001000000
982 346 2 8192 2.001000000
983 347 2 8192 2.001000000
980 488 2 8192 2.001000000
981 489 2 8192 2.001000000
982 490 2 8192 2.001000000
983 491 2 8192 2.001000000
984 344 2 8192 2.001000000
985 345 2 8192 2.001000000
986 346 2 8192 2.001000000
987 347 2 8192 2.001000000
984 488 2 8192 2.001000000
985 489 2 8192 2.001000000
986 490 2 8192 2.001000000
987 491 2 8192 2.001000000
988 344 2 8192 2.001000000
989 345 2 8192 2.001000000
990 346 2 8192 2.001000000
991 347 2 8192 2.001000000
988 488 2 8192 2.001000000
989 489 2 8192 2.001000000
990 490 2 8192 2.001000000
991 491 2 8192 2.001000000
992 344 2 8192 2.001000000
993 345 2 8192 2.001000000
994 346 2 8192 2.001000000
995 347 2 8192 2.001000000
992 488 2 8192 2.001000000
993 489 2 8192 2.001000000
994 490 2 8192 2.001000000
995 491 2 8192 2.001000000
996 344 2 8192 2.001000000
997 345 2 8192 2.001000000
998 346 2 8192 2.001000000
999 347 2 8192 2.001000000
996 488 2 8192 2.001000000
997 489 2 8192 2.001000000
998 490 2 8192 2.001000000
999 491 2 8192 2.001000000
1008 344 2 8192 2.001000000
1009 345 2 8192 2.001000000
1010 346 2 8192 2.001000000
1011 347 2 8192 2.001000000
1008 488 2 8192 2.001000000
1009 489 2 8192 2.001000000
1010 490 2 8192 2.001000000
1011 491 2 8192 2.001000000
1016 344 2 8192 2.001000000
1017 345 2 8192 2.001000000
1018 346 2 8192 2.001000000
1019 347 2 8192 2.001000000
1016 488 2 8192 2.001000000
1017 489 2 8192 2.001000000
1018 490 2 8192 2.001000000
1019 491 2 8192 2.001000000
1020 344 2 8192 2.001000000
1021 345 2 8192 2.001000000
1022 346 2 8192 2.001000000
1023 347 2 8192 2.001000000
1020 488 2 8192 2.001000000
1021 489 2 8192 2.001000000
1022 490 2 8192 2.001000000
1023 491 2 8192 2.001000000
1032 344 2 8192 2.001000000
1033 345 2 8192 2.001000000
1034 346 2 8192 2.001000000
1035 347 2 8192 2.001000000
1032 488 2 8192 2.001000000
1033 489 2 8192 2.001000000
1034 490 2 8192 2.001000000
1035 491 2 8192 2.001000000
1036 344 2 8192 2.001000000
1037 345 2 8192 2.001000000
1038 346 2 8192 2.001000000
1039 347 2 8192 2.001000000
1036 488 2 8192 2.001000000
1037 489 2 8192 2.001000000
1038 490 2 8192 2.001000000
1039 491 2 8192 2.001000000
1040 344 2 8192 2.001000000
1041 345 2 8192 2.001000000
1042 346 2 8192 2.001000000
1043 347 2 8192 2.001000000
1040 488 2 8192 2.001000000
1041 489 2 8192 2.001000000
1042 490 2 8192 2.001000000
1043 491 2 8192 2.001000000
1044 344 2 8192 2.001000000
1045 345 2 8192 2.001000000
1046 346 2 8192 2.001000000
1047 347 2 8192 2.001000000
1044 488 2 8192 2.001000000
1045 489 2 8192 2.001000000
1046 490 2 8192 2.001000000
1047 491 2 8192 2.001000000
1048 344 2 8192 2.001000000
1049 345 2 8192 2.001000000
1050 346 2 8192 2.001000000
1051 347 2 8192 2.001000000
1048 488 2 8192 2.001000000
1049 489 2 8192 2.001000000
1050 490 2 8192 2.001000000
1051 491 2 8192 2.001000000
1056 344 2 8192 2.001000000
1057 345 2 8192 2.001000000
1058 346 2 8192 2.001000000
1059 347 2 8192 2.001000000
1056 488 2 8192 2.001000000
1057 489 2 8192 2.001000000
1058 490 2 8192 2.001000000
1059 491 2 8192 2.001000000
1060 344 2 8192 2.001000000
1061 345 2 8192 2.001000000
1062 346 2 8192 2.001000000
1063 347 2 8192 2.001000000
1060 488 2 8192 2.001000000
1061 489 2 8192 2.001000000
1062 490 2 8192 2.001000000
1063 491 2 8192 2.001000000
1064 344 2 8192 2.001000000
1065 345 2 8192 2.001000000
1066 346 2 8192 2.001000000
1067 347 2 8192 2.001000000
1064 488 2 8192 2.001000000
1065 489 2 8192 2.001000000
1066 490 2 8192 2.001000000
1067 491 2 8192 2.001000000
1068 344 2 8192 2.001000000
1069 345 2 8192 2.001000000
1070 346 2 8192 2.001000000
1071 347 2 8192 2.001000000
1068 488 2 8192 2.001000000
1069 489 2 8192 2.001000000
1070 490 2 8192 2.001000000
1071 491 2 8192 2.001000000
1072 344 2 8192 2.001000000
1073 345 2 8192 2.001000000
1074 346 2 8192 2.001000000
1075 347 2 8192 2.001000000
1072 488 2 8192 2.001000000
1073 489 2 8192 2.001000000
1074 490 2 8192 2.001000000
1075 491 2 8192 2.001000000
1076 344 2 8192 2.001000000
1077 345 2 8192 2.001000000
1078 346 2 8192 2.001000000
1079 347 2 8192 2.001000000
1076 488 2 8192 2.001000000
1077 489 2 8192 2.001000000
1078 490 2 8192 2.001000000
1079 491 2 8192 2.001000000
1080 344 2 8192 2.001000000
1081 345 2 8192 2.001000000
1082 346 2 8192 2.001000000
1083 347 2 8192 2.001000000
1080 488 2 8192 2.001000000
1081 489 2 8192 2.001000000
1082 490 2 8192 2.001000000
1083 491 2 8192 2.001000000
1084 344 2 8192 2.001000000
1085 345 2 8192 2.001000000
1086 346 2 8192 2.001000000
1087 347 2 8192 2.001000000
1084 488 2 8192 2.001000000
1085 489 2 8192 2.001000000
1086 490 2 8192 2.001000000
1087 491 2 8192 2.001000000
1088 344 2 8192 2.001000000
1089 345 2 8192 2.001000000
1090 346 2 8192 2.001000000
1091 347 2 8192 2.001000000
1088 488 2 8192 2.001000000
1089 489 2 8192 2.001000000
1090 490 2 8192 2.001000000
1091 491 2 8192 2.001000000
1096 344 2 8192 2.001000000
1097 345 2 8192 2.001000000
1098 346 2 8192 2.001000000
1099 347 2 8192 2.001000000
1096 488 2 8192 2.001000000
1097 489 2 8192 2.001000000
1098 490 2 8192 2.001000000
1099 491 2 8192 2.001000000
1104 344 2 8192 2.001000000
1105 345 2 8192 2.001000000
1106 346 2 8192 2.001000000
1107 347 2 8192 2.001000000
1104 488 2 8192 2.001000000
1105 489 2 8192 2.001000000
1106 490 2 8192 2.001000000
1107 491 2 8192 2.001000000
1108 344 2 8192 2.001000000
1109 345 2 8192 2.001000000
1110 346 2 8192 2.001000000
1111 347 2 8192 2.001000000
1108 488 2 8192 2.001000000
1109 489 2 8192 2.001000000
1110 490 2 8192 2.001000000
1111 491 2 8192 2.001000000
1112 344 2 8192 2.001000000
1113 345 2 8192 2.001000000
1114 346 2 8192 2.001000000
1115 347 2 8192 2.001000000
1112 488 2 8192 2.001000000
1113 489 2 8192 2.001000000
1114 490 2 8192 2.001000000
1115 491 2 8192 2.001000000
1116 344 2 8192 2.001000000
1117 345 2 8192 2.001000000
1118 346 2 8192 2.001000000
1119 347 2 8192 2.001000000
1116 488 2 8192 2.001000000
1117 489 2 8192 2.001000000
1118 490 2 8192 2.001000000
1119 491 2 8192 2.001000000
1120 344 2 8192 2.001000000
1121 345 2 8192 2.001000000
1122 346 2 8192 2.001000000
1123 347 2 8192 2.001000000
1120 488 2 8192 2.001000000
1121 489 2 8192 2.001000000
1122 490 2 8192 2.001000000
1123 491 2 8192 2.001000000
1124 344 2 8192 2.001000000
1125 345 2 8192 2.001000000
1126 346 2 8192 2.001000000
1127 347 2 8192 2.001000000
1124 488 2 8192 2.001000000
1125 489 2 8192 2.001000000
1126 490 2 8192 2.001000000
1127 491 2 8192 2.001000000
1128 344 2 8192 2.001000000
1129 345 2 8192 2.001000000
1130 346 2 8192 2.001000000
1131 347 2 8192 2.001000000
1128 488 2 8192 2.001000000
1129 489 2 8192 2.001000000
1130 490 2 8192 2.001000000
1131 491 2 8192 2.001000000
1136 344 2 8192 2.001000000
1137 345 2 8192 2.001000000
1138 346 2 8192 2.001000000
1139 347 2 8192 2.001000000
1136 488 2 8192 2.001000000
1137 489 2 8192 2.001000000
1138 490 2 8192 2.001000000
1139 491 2 8192 2.001000000
1140 344 2 8192 2.001000000
1141 345 2 8192 2.001000000
1142 346 2 8192 2.001000000
1143 347 2 8192 2.001000000
1140 488 2 8192 2.001000000
1141 489 2 8192 2.001000000
1142 490 2 8192 2.001000000
1143 491 2 8192 2.001000000
1144 344 2 8192 2.001000000
1145 345 2 8192 2.001000000
1146 346 2 8192 2.001000000
1147 347 2 8192 2.001000000
1144 488 2 8192 2.001000000
1145 489 2 8192 2.001000000
1146 490 2 8192 2.001000000
1147 491 2 8192 2.001000000
1148 344 2 8192 2.001000000
1149 345 2 8192 2.001000000
1150 346 2 8192 2.001000000
1151 347 2 8192 2.001000000
1148 488 2 8192 2.001000000
1149 489 2 8192 2.001000000
1150 490 2 8192 2.001000000
1151 491 2 8192 2.001000000
1152 344 2 8192 2.001000000
1153 345 2 8192 2.001000000
1154 346 2 8192 2.001000000
1155 347 2 8192 2.001000000
1152 488 2 8192 2.001000000
1153 489 2 8192 2.001000000
1154 490 2 8192 2.001000000
1155 491 2 8192 2.001000000
1156 344 2 8192 2.001000000
1157 345 2 8192 2.001000000
1158 346 2 8192 2.001000000
1159 347 2 8192 2.001000000
1156 488 2 8192 2.001000000
1157 489 2 8192 2.001000000
1158 490 2 8192 2.001000000
1159 491 2 8192 2.001000000
1160 344 2 8192 2.001000000
1161 345 2 8192 2.001000000
1162 346 2 8192 2.001000000
1163 347 2 8192 2.001000000
1160 488 2 8192 2.001000000
1161 489 2 8192 2.001000000
1162 490 2 8192 2.001000000
1163 491 2 8192 2.001000000
1164 344 2 8192 2.001000000
1165 345 2 8192 2.001000000
1166 346 2 8192 2.001000000
1167 347 2 8192 2.001000000
1164 488 2 8192 2.001000000
1165 489 2 8192 2.001000000
1166 490 2 8192 2.001000000
1167 491 2 8192 2.001000000
1168 344 2 8192 2.001000000
1169 345 2 8192 2.001000000
1170 346 2 8192 2.001000000
1171 347 2 8192 2.001000000
1168 488 2 8192 2.001000000
1169 489 2 8192 2.001000000
1170 490 2 8192 2.001000000
1171 491 2 8192 2.001000000
1172 344 2 8192 2.001000000
1173 345 2 8192 2.001000000
1174 346 2 8192 2.001000000
1175 347 2 8192 2.001000000
1172 488 2 8192 2.001000000
1173 489 2 8192 2.001000000
1174 490 2 8192 2.001000000
1175 491 2 8192 2.001000000
1180 344 2 8192 2.001000000
1181 345 2 8192 2.001000000
1182 346 2 8192 2.001000000
1183 347 2 8192 2.001000000
1180 488 2 8192 2.001000000
1181 489 2 8192 2.001000000
1182 490 2 8192 2.001000000
1183 491 2 8192 2.001000000
1184 344 2 8192 2.001000000
1185 345 2 8192 2.001000000
1186 346 2 8192 2.001000000
1187 347 2 8192 2.001000000
1184 488 2 8192 2.001000000
1185 489 2 8192 2.001000000
1186 490 2 8192 2.001000000
1187 491 2 8192 2.001000000
1188 344 2 8192 2.001000000
1189 345 2 8192 2.001000000
1190 346 2 8192 2.001000000
1191 347 2 8192 2.001000000
1188 488 2 8192 2.001000000
1189 489 2 8192 2.001000000
1190 490 2 8192 2.001000000
1191 491 2 8192 2.001000000
1192 344 2 8192 2.001000000
1193 345 2 8192 2.001000000
1194 346 2 8192 2.001000000
1195 347 2 8192 2.001000000
1192 488 2 8192 2.001000000
1193 489 2 8192 2.001000000
1194 490 2 8192 2.001000000
1195 491 2 8192 2.001000000
1200 344 2 8192 2.001000000
1201 345 2 8192 2.001000000
1202 346 2 8192 2.001000000
1203 347 2 8192 2.001000000
1200 488 2 8192 2.001000000
1201 489 2 8192 2.001000000
1202 490 2 8192 2.001000000
1203 491 2 8192 2.001000000
1208 344 2 8192 2.001000000
1209 345 2 8192 2.001000000
1210 346 2 8192 2.001000000
1211 347 2 8192 2.001000000
1208 488 2 8192 2.001000000
1209 489 2 8192 2.001000000
1210 490 2 8192 2.001000000
1211 491 2 8192 2.001000000
1212 344 2 8192 2.001000000
1213 345 2 8192 2.001000000
1214 346 2 8192 2.001000000
1215 347 2 8192 2.001000000
1212 488 2 8192 2.001000000
1213 489 2 8192 2.001000000
1214 490 2 8192 2.001000000
1215 491 2 8192 2.001000000
1216 344 2 8192 2.001000000
1217 345 2 8192 2.001000000
1218 346 2 8192 2.001000000
1219 347 2 8192 2.001000000
1216 488 2 8192 2.001000000
1217 489 2 8192 2.001000000
1218 490 2 8192 2.001000000
1219 491 2 8192 2.001000000
1220 344 2 8192 2.001000000
1221 345 2 8192 2.001000000
1222 346 2 8192 2.001000000
1223 347 2 8192 2.001000000
1220 488 2 8192 2.001000000
1221 489 2 8192 2.001000000
1222 490 2 8192 2.001000000
1223 491 2 8192 2.001000000
1224 344 2 8192 2.001000000
1225 345 2 8192 2.001000000
1226 346 2 8192 2.001000000
1227 347 2 8192 2.001000000
1224 488 2 8192 2.001000000
1225 489 2 8192 2.001000000
1226 490 2 8192 2.001000000
1227 491 2 8192 2.001000000
1228 344 2 8192 2.001000000
1229 345 2 8192 2.001000000
1230 346 2 8192 2.001000000
1231 347 2 8192 2.001000000
1228 488 2 8192 2.001000000
1229 489 2 8192 2.001000000
1230 490 2 8192 2.001000000
1231 491 2 8192 2.001000000
1232 344 2 8192 2.001000000
1233 345 2 8192 2.001000000
1234 346 2 8192 2.001000000
1235 347 2 8192 2.001000000
1232 488 2 8192 2.001000000
1233 489 2 8192 2.001000000
1234 490 2 8192 2.001000000
1235 491 2 8192 2.001000000
1236 344 2 8192 2.001000000
1237 345 2 8192 2.001000000
1238 346 2 8192 2.001000000
1239 347 2 8192 2.001000000
1236 488 2 8192 2.001000000
1237 489 2 8192 2.001000000
1238 490 2 8192 2.001000000
1239 491 2 8192 2.001000000
1240 344 2 8192 2.001000000
1241 345 2 8192 2.001000000
1242 346 2 8192 2.001000000
1243 347 2 8192 2.001000000
1240 488 2 8192 2.001000000
1241 489 2 8192 2.001000000
1242 490 2 8192 2.001000000
1243 491 2 8192 2.001000000
1248 344 2 8192 2.001000000
1249 345 2 8192 2.001000000
1250 346 2 8192 2.001000000
1251 347 2 8192 2.001000000
1248 488 2 8192 2.001000000
1249 489 2 8192 2.001000000
1250 490 2 8192 2.001000000
1251 491 2 8192 2.001000000
1252 344 2 8192 2.001000000
1253 345 2 8192 2.001000000
1254 346 2 8192 2.001000000
1255 347 2 8192 2.001000000
1252 488 2 8192 2.001000000
1253 489 2 8192 2.001000000
1254 490 2 8192 2.001000000
1255 491 2 8192 2.001000000
1260 344 2 8192 2.001000000
1261 345 2 8192 2.001000000
1262 346 2 8192 2.001000000
1263 347 2 8192 2.001000000
1260 488 2 8192 2.001000000
1261 489 2 8192 2.001000000
1262 490 2 8192 2.001000000
1263 491 2 8192 2.001000000
1264 344 2 8192 2.001000000
1265 345 2 8192 2.001000000
1266 346 2 8192 2.001000000
1267 347 2 8192 2.001000000
1264 488 2 8192 2.001000000
1265 489 2 8192 2.001000000
1266 490 2 8192 2.001000000
1267 491 2 8192 2.001000000
1272 344 2 8192 2.001000000
1273 345 2 8192 2.001000000
1274 346 2 8192 2.001000000
1275 347 2 8192 2.001000000
1272 488 2 8192 2.001000000
1273 489 2 8192 2.001000000
1274 490 2 8192 2.001000000
1275 491 2 8192 2.001000000
1276 344 2 8192 2.001000000
1277 345 2 8192 2.001000000
1278 346 2 8192 2.001000000
1279 347 2 8192 2.001000000
1276 488 2 8192 2.001000000
1277 489 2 8192 2.001000000
1278 490 2 8192 2.001000000
1279 491 2 8192 2.001000000
0 344 2 8192 2.001000000
1 345 2 8192 2.001000000
2 346 2 8192 2.001000000
3 347 2 8192 2.001000000
0 488 2 8192 2.001000000
1 489 2 8192 2.001000000
2 490 2 8192 2.001000000
3 491 2 8192 2.001000000
8 344 2 8192 2.001000000
9 345 2 8192 2.001000000
10 346 2 8192 2.001000000
11 347 2 8192 2.001000000
8 488 2 8192 2.001000000
9 489 2 8192 2.001000000
10 490 2 8192 2.001000000
11 491 2 8192 2.001000000
12 344 2 8192 2.001000000
13 345 2 8192 2.001000000
14 346 2 8192 2.001000000
15 347 2 8192 2.001000000
12 488 2 8192 2.001000000
13 489 2 8192 2.001000000
14 490 2 8192 2.001000000
15 491 2 8192 2.001000000
16 344 2 8192 2.001000000
17 345 2 8192 2.001000000
18 346 2 8192 2.001000000
19 347 2 8192 2.001000000
16 488 2 8192 2.001000000
17 489 2 8192 2.001000000
18 490 2 8192 2.001000000
19 491 2 8192 2.001000000
24 344 2 8192 2.001000000
25 345 2 8192 2.001000000
26 346 2 8192 2.001000000
27 347 2 8192 2.001000000
24 488 2 8192 2.001000000
25 489 2 8192 2.001000000
26 490 2 8192 2.001000000
27 491 2 8192 2.001000000
28 344 2 8192 2.001000000
29 345 2 8192 2.001000000
30 346 2 8192 2.001000000
31 347 2 8192 2.001000000
28 488 2 8192 2.001000000
29 489 2 8192 2.001000000
30 490 2 8192 2.001000000
31 491 2 8192 2.001000000
32 344 2 8192 2.001000000
33 345 2 8192 2.001000000
34 346 2 8192 2.001000000
35 347 2 8192 2.001000000
32 488 2 8192 2.001000000
33 489 2 8192 2.001000000
34 490 2 8192 2.001000000
35 491 2 8192 2.001000000
36 344 2 8192 2.001000000
37 345 2 8192 2.001000000
38 346 2 8192 2.001000000
39 347 2 8192 2.001000000
36 488 2 8192 2.001000000
37 489 2 8192 2.001000000
38 490 2 8192 2.001000000
39 491 2 8192 2.001000000
48 344 2 8192 2.001000000
49 345 2 8192 2.001000000
50 346 2 8192 2.001000000
51 347 2 8192 2.001000000
48 488 2 8192 2.001000000
49 489 2 8192 2.001000000
50 490 2 8192 2.001000000
51 491 2 8192 2.001000000
52 344 2 8192 2.001000000
53 345 2 8192 2.001000000
54 346 2 8192 2.001000000
55 347 2 8192 2.001000000
52 488 2 8192 2.001000000
53 489 2 8192 2.001000000
54 490 2 8192 2.001000000
55 491 2 8192 2.001000000
56 344 2 8192 2.001000000
57 345 2 8192 2.001000000
58 346 2 8192 2.001000000
59 347 2 8192 2.001000000
56 488 2 8192 2.001000000
57 489 2 8192 2.001000000
58 490 2 8192 2.001000000
59 491 2 8192 2.001000000
60 344 2 8192 2.001000000
61 345 2 8192 2.001000000
62 346 2 8192 2.001000000
63 347 2 8192 2.001000000
60 488 2 8192 2.001000000
61 489 2 8192 2.001000000
62 490 2 8192 2.001000000
63 491 2 8192 2.001000000
64 344 2 8192 2.001000000
65 345 2 8192 2.001000000
66 346 2 8192 2.001000000
67 347 2 8192 2.001000000
64 488 2 8192 2.001000000
65 489 2 8192 2.001000000
66 490 2 8192 2.001000000
67 491 2 8192 2.001000000
68 344 2 8192 2.001000000
69 345 2 8192 2.001000000
70 346 2 8192 2.001000000
71 347 2 8192 2.001000000
68 488 2 8192 2.001000000
69 489 2 8192 2.001000000
70 490 2 8192 2.001000000
71 491 2 8192 2.001000000
72 344 2 8192 2.001000000
73 345 2 8192 2.001000000
74 346 2 8192 2.001000000
75 347 2 8192 2.001000000
72 488 2 8192 2.001000000
73 489 2 8192 2.001000000
74 490 2 8192 2.001000000
75 491 2 8192 2.001000000
80 344 2 8192 2.001000000
81 345 2 8192 2.001000000
82 346 2 8192 2.001000000
83 347 2 8192 2.001000000
80 488 2 8192 2.001000000
81 489 2 8192 2.001000000
82 490 2 8192 2.001000000
83 491 2 8192 2.001000000
84 344 2 8192 2.001000000
85 345 2 8192 2.001000000
86 346 2 8192 2.001000000
87 347 2 8192 2.001000000
84 488 2 8192 2.001000000
85 489 2 8192 2.001000000
86 490 2 8192 2.001000000
87 491 2 8192 2.001000000
88 344 2 8192 2.001000000
89 345 2 8192 2.001000000
90 346 2 8192 2.001000000
91 347 2 8192 2.001000000
88 488 2 8192 2.001000000
89 489 2 8192 2.001000000
90 490 2 8192 2.001000000
91 491 2 8192 2.001000000
92 344 2 8192 2.001000000
93 345 2 8192 2.001000000
94 346 2 8192 2.001000000
95 347 2 8192 2.001000000
92 488 2 8192 2.001000000
93 489 2 8192 2.001000000
94 490 2 8192 2.001000000
95 491 2 8192 2.001000000
96 344 2 8192 2.001000000
97 345 2 8192 2.001000000
98 346 2 8192 2.001000000
99 347 2 8192 2.001000000
96 488 2 8192 2.001000000
97 489 2 8192 2.001000000
98 490 2 8192 2.001000000
99 491 2 8192 2.001000000
108 344 2 8192 2.001000000
109 345 2 8192 2.001000000
110 346 2 8192 2.001000000
111 347 2 8192 2.001000000
108 488 2 8192 2.001000000
109 489 2 8192 2.001000000
110 490 2 8192 2.001000000
111 491 2 8192 2.001000000
112 344 2 8192 2.001000000
113 345 2 8192 2.001000000
114 346 2 8192 2.001000000
115 347 2 8192 2.001000000
112 488 2 8192 2.001000000
113 489 2 8192 2.001000000
114 490 2 8192 2.001000000
115 491 2 8192 2.001000000
116 344 2 8192 2.001000000
117 345 2 8192 2.001000000
118 346 2 8192 2.001000000
119 347 2 8192 2.001000000
116 488 2 8192 2.001000000
117 489 2 8192 2.001000000
118 490 2 8192 2.001000000
119 491 2 8192 2.001000000
120 344 2 8192 2.001000000
121 345 2 8192 2.001000000
122 346 2 8192 2.001000000
123 347 2 8192 2.001000000
120 488 2 8192 2.001000000
121 489 2 8192 2.001000000
122 490 2 8192 2.001000000
123 491 2 8192 2.001000000
124 344 2 8192 2.001000000
125 345 2 8192 2.001000000
126 346 2 8192 2.001000000
127 347 2 8192 2.001000000
124 488 2 8192 2.001000000
125 489 2 8192 2.001000000
126 490 2 8192 2.001000000
127 491 2 8192 2.001000000
128 344 2 8192 2.001000000
129 345 2 8192 2.001000000
130 346 2 8192 2.001000000
131 347 2 8192 2.001000000
128 488 2 8192 2.001000000
129 489 2 8192 2.001000000
130 490 2 8192 2.001000000
131 491 2 8192 2.001000000
140 344 2 8192 2.001000000
141 345 2 8192 2.001000000
142 346 2 8192 2.001000000
143 347 2 8192 2.001000000
140 488 2 8192 2.001000000
141 489 2 8192 2.001000000
142 490 2 8192 2.001000000
143 491 2 8192 2.001000000
144 344 2 8192 2.001000000
145 345 2 8192 2.001000000
146 346 2 8192 2.001000000
147 347 2 8192 2.001000000
144 488 2 8192 2.001000000
145 489 2 8192 2.001000000
146 490 2 8192 2.001000000
147 491 2 8192 2.001000000
156 344 2 8192 2.001000000
157 345 2 8192 2.001000000
158 346 2 8192 2.001000000
159 347 2 8192 2.001000000
156 488 2 8192 2.001000000
157 489 2 8192 2.001000000
158 490 2 8192 2.001000000
159 491 2 8192 2.001000000
160 344 2 8192 2.001000000
161 345 2 8192 2.001000000
162 346 2 8192 2.001000000
163 347 2 8192 2.001000000
160 488 2 8192 2.001000000
161 489 2 8192 2.001000000
162 490 2 8192 2.001000000
163 491 2 8192 2.001000000
164 344 2 8192 2.001000000
165 345 2 8192 2.001000000
166 346 2 8192 2.001000000
167 347 2 8192 2.001000000
164 488 2 8192 2.001000000
165 489 2 8192 2.001000000
166 490 2 8192 2.001000000
167 491 2 8192 2.001000000
168 344 2 8192 2.001000000
169 345 2 8192 2.001000000
170 346 2 8192 2.001000000
171 347 2 8192 2.001000000
168 488 2 8192 2.001000000
169 489 2 8192 2.001000000
170 490 2 8192 2.001000000
171 491 2 8192 2.001000000
172 344 2 8192 2.001000000
173 345 2 8192 2.001000000
174 346 2 8192 2.001000000
175 347 2 8192 2.001000000
172 488 2 8192 2.001000000
173 489 2 8192 2.001000000
174 490 2 8192 2.001000000
175 491 2 8192 2.001000000
176 344 2 8192 2.001000000
177 345 2 8192 2.001000000
178 346 2 8192 2.001000000
179 347 2 8192 2.001000000
176 488 2 8192 2.001000000
177 489 2 8192 2.001000000
178 490 2 8192 2.001000000
179 491 2 8192 2.001000000
180 344 2 8192 2.001000000
181 345 2 8192 2.001000000
182 346 2 8192 2.001000000
183 347 2 8192 2.001000000
180 488 2 8192 2.001000000
181 489 2 8192 2.001000000
182 490 2 8192 2.001000000
183 491 2 8192 2.001000000
188 344 2 8192 2.001000000
189 345 2 8192 2.001000000
190 346 2 8192 2.001000000
191 347 2 8192 2.001000000
188 488 2 8192 2.001000000
189 489 2 8192 2.001000000
190 490 2 8192 2.001000000
191 491 2 8192 2.001000000
196 344 2 8192 2.001000000
197 345 2 8192 2.001000000
198 346 2 8192 2.001000000
199 347 2 8192 2.001000000
196 488 2 8192 2.001000000
197 489 2 8192 2.001000000
198 490 2 8192 2.001000000
199 491 2 8192 2.001000000
200 344 2 8192 2.001000000
201 345 2 8192 2.001000000
202 346 2 8192 2.001000000
203 347 2 8192 2.001000000
200 488 2 8192 2.001000000
201 489 2 8192 2.001000000
202 490 2 8192 2.001000000
203 491 2 8192 2.001000000
204 344 2 8192 2.001000000
205 345 2 8192 2.001000000
206 346 2 8192 2.001000000
207 347 2 8192 2.001000000
204 488 2 8192 2.001000000
205 489 2 8192 2.001000000
206 490 2 8192 2.001000000
207 491 2 8192 2.001000000
208 344 2 8192 2.001000000
209 345 2 8192 2.001000000
210 346 2 8192 2.001000000
211 347 2 8192 2.001000000
208 488 2 8192 2.001000000
209 489 2 8192 2.001000000
210 490 2 8192 2.001000000
211 491 2 8192 2.001000000
216 344 2 8192 2.001000000
217 345 2 8192 2.001000000
218 346 2 8192 2.001000000
219 347 2 8192 2.001000000
216 488 2 8192 2.001000000
217 489 2 8192 2.001000000
218 490 2 8192 2.001000000
219 491 2 8192 2.001000000
220 344 2 8192 2.001000000
221 345 2 8192 2.001000000
222 346 2 8192 2.001000000
223 347 2 8192 2.001000000
220 488 2 8192 2.001000000
221 489 2 8192 2.001000000
222 490 2 8192 2.001000000
223 491 2 8192 2.001000000
224 344 2 8192 2.001000000
225 345 2 8192 2.001000000
226 346 2 8192 2.001000000
227 347 2 8192 2.001000000
224 488 2 8192 2.001000000
225 489 2 8192 2.001000000
226 490 2 8192 2.001000000
227 491 2 8192 2.001000000
228 344 2 8192 2.001000000
229 345 2 8192 2.001000000
230 346 2 8192 2.001000000
231 347 2 8192 2.001000000
228 488 2 8192 2.001000000
229 489 2 8192 2.001000000
230 490 2 8192 2.001000000
231 491 2 8192 2.001000000
232 344 2 8192 2.001000000
233 345 2 8192 2.001000000
234 346 2 8192 2.001000000
235 347 2 8192 2.001000000
232 488 2 8192 2.001000000
233 489 2 8192 2.001000000
234 490 2 8192 2.001000000
235 491 2 8192 2.001000000
236 344 2 8192 2.001000000
237 345 2 8192 2.001000000
238 346 2 8192 2.001000000
239 347 2 8192 2.001000000
236 488 2 8192 2.001000000
237 489 2 8192 2.001000000
238 490 2 8192 2.001000000
239 491 2 8192 2.001000000
240 344 2 8192 2.001000000
241 345 2 8192 2.001000000
242 346 2 8192 2.001000000
243 347 2 8192 2.001000000
240 488 2 8192 2.001000000
241 489 2 8192 2.001000000
242 490 2 8192 2.001000000
243 491 2 8192 2.001000000
244 344 2 8192 2.001000000
245 345 2 8192 2.001000000
246 346 2 8192 2.001000000
247 347 2 8192 2.001000000
244 488 2 8192 2.001000000
245 489 2 8192 2.001000000
246 490 2 8192 2.001000000
247 491 2 8192 2.001000000
248 344 2 8192 2.001000000
249 345 2 8192 2.001000000
250 346 2 8192 2.001000000
251 347 2 8192 2.001000000
248 488 2 8192 2.001000000
249 489 2 8192 2.001000000
250 490 2 8192 2.001000000
251 491 2 8192 2.001000000
252 344 2 8192 2.001000000
253 345 2 8192 2.001000000
254 346 2 8192 2.001000000
255 347 2 8192 2.001000000
252 488 2 8192 2.001000000
253 489 2 8192 2.001000000
254 490 2 8192 2.001000000
255 491 2 8192 2.001000000
256 344 2 8192 2.001000000
257 345 2 8192 2.001000000
258 346 2 8192 2.001000000
259 347 2 8192 2.001000000
256 488 2 8192 2.001000000
257 489 2 8192 2.001000000
258 490 2 8192 2.001000000
259 491 2 8192 2.001000000
260 344 2 8192 2.001000000
261 345 2 8192 2.001000000
262 346 2 8192 2.001000000
263 347 2 8192 2.001000000
260 488 2 8192 2.001000000
261 489 2 8192 2.001000000
262 490 2 8192 2.001000000
263 491 2 8192 2.001000000
264 344 2 8192 2.001000000
265 345 2 8192 2.001000000
266 346 2 8192 2.001000000
267 347 2 8192 2.001000000
264 488 2 8192 2.001000000
265 489 2 8192 2.001000000
266 490 2 8192 2.001000000
267 491 2 8192 2.001000000
268 344 2 8192 2.001000000
269 345 2 8192 2.001000000
270 346 2 8192 2.001000000
271 347 2 8192 2.001000000
268 488 2 8192 2.001000000
269 489 2 8192 2.001000000
270 490 2 8192 2.001000000
271 491 2 8192 2.001000000
272 344 2 8192 2.001000000
273 345 2 8192 2.001000000
274 346 2 8192 2.001000000
275 347 2 8192 2.001000000
272 488 2 8192 2.001000000
273 489 2 8192 2.001000000
274 490 2 8192 2.001000000
275 491 2 8192 2.001000000
276 344 2 8192 2.001000000
277 345 2 8192 2.001000000
278 346 2 8192 2.001000000
279 347 2 8192 2.001000000
276 488 2 8192 2.001000000
277 489 2 8192 2.001000000
278 490 2 8192 2.001000000
279 491 2 8192 2.001000000
280 344 2 8192 2.001000000
281 345 2 8192 2.001000000
282 346 2 8192 2.001000000
283 347 2 8192 2.001000000
280 488 2 8192 2.001000000
281 489 2 8192 2.001000000
282 490 2 8192 2.001000000
283 491 2 8192 2.001000000
284 344 2 8192 2.001000000
285 345 2 8192 2.001000000
286 346 2 8192 2.001000000
287 347 2 8192 2.001000000
284 488 2 8192 2.001000000
285 489 2 8192 2.001000000
286 490 2 8192 2.001000000
287 491 2 8192 2.001000000
292 344 2 8192 2.001000000
293 345 2 8192 2.001000000
294 346 2 8192 2.001000000
295 347 2 8192 2.001000000
292 488 2 8192 2.001000000
293 489 2 8192 2.001000000
294 490 2 8192 2.001000000
295 491 2 8192 2.001000000
300 344 2 8192 2.001000000
301 345 2 8192 2.001000000
302 346 2 8192 2.001000000
303 347 2 8192 2.001000000
300 488 2 8192 2.001000000
301 489 2 8192 2.001000000
302 490 2 8192 2.001000000
303 491 2 8192 2.001000000
304 344 2 8192 2.001000000
305 345 2 8192 2.001000000
306 346 2 8192 2.001000000
307 347 2 8192 2.001000000
304 488 2 8192 2.001000000
305 489 2 8192 2.001000000
306 490 2 8192 2.001000000
307 491 2 8192 2.001000000
312 344 2 8192 2.001000000
313 345 2 8192 2.001000000
314 346 2 8192 2.001000000
315 347 2 8192 2.001000000
312 488 2 8192 2.001000000
313 489 2 8192 2.001000000
314 490 2 8192 2.001000000
315 491 2 8192 2.001000000
316 344 2 8192 2.001000000
317 345 2 8192 2.001000000
318 346 2 8192 2.001000000
319 347 2 8192 2.001000000
316 488 2 8192 2.001000000
317 489 2 8192 2.001000000
318 490 2 8192 2.001000000
319 491 2 8192 2.001000000
320 344 2 8192 2.001000000
321 345 2 8192 2.001000000
322 346 2 8192 2.001000000
323 347 2 8192 2.001000000
320 488 2 8192 2.001000000
321 489 2 8192 2.001000000
322 490 2 8192 2.001000000
323 491 2 8192 2.001000000
324 344 2 8192 2.001000000
325 345 2 8192 2.001000000
326 346 2 8192 2.001000000
327 347 2 8192 2.001000000
324 488 2 8192 2.001000000
325 489 2 8192 2.001000000
326 490 2 8192 2.001000000
327 491 2 8192 2.001000000
328 344 2 8192 2.001000000
329 345 2 8192 2.001000000
330 346 2 8192 2.001000000
331 347 2 8192 2.001000000
328 488 2 8192 2.001000000
329 489 2 8192 2.001000000
330 490 2 8192 2.001000000
331 491 2 8192 2.001000000
332 344 2 8192 2.001000000
333 345 2 8192 2.001000000
334 346 2 8192 2.001000000
335 347 2 8192 2.001000000
332 488 2 8192 2.001000000
333 489 2 8192 2.001000000
334 490 2 8192 2.001000000
335 491 2 8192 2.001000000
336 344 2 8192 2.001000000
337 345 2 8192 2.001000000
338 346 2 8192 2.001000000
339 347 2 8192 2.001000000
336 488 2 8192 2.001000000
337 489 2 8192 2.001000000
338 490 2 8192 2.001000000
339 491 2 8192 2.001000000
340 344 2 8192 2.001000000
341 345 2 8192 2.001000000
342 346 2 8192 2.001000000
343 347 2 8192 2.001000000
340 488 2 8192 2.001000000
341 489 2 8192 2.001000000
342 490 2 8192 2.001000000
343 491 2 8192 2.001000000
348 344 2 8192 2.001000000
349 345 2 8192 2.001000000
350 346 2 8192 2.001000000
351 347 2 8192 2.001000000
348 488 2 8192 2.001000000
349 489 2 8192 2.001000000
350 490 2 8192 2.001000000
351 491 2 8192 2.001000000
360 344 2 8192 2.001000000
361 345 2 8192 2.001000000
362 346 2 8192 2.001000000
363 347 2 8192 2.001000000
360 488 2 8192 2.001000000
361 489 2 8192 2.001000000
362 490 2 8192 2.001000000
363 491 2 8192 2.001000000
364 344 2 8192 2.001000000
365 345 2 8192 2.001000000
366 346 2 8192 2.001000000
367 347 2 8192 2.001000000
364 488 2 8192 2.001000000
365 489 2 8192 2.001000000
366 490 2 8192 2.001000000
367 491 2 8192 2.001000000
368 344 2 8192 2.001000000
369 345 2 8192 2.001000000
370 346 2 8192 2.001000000
371 347 2 8192 2.001000000
368 488 2 8192 2.001000000
369 489 2 8192 2.001000000
370 490 2 8192 2.001000000
371 491 2 8192 2.001000000
380 344 2 8192 2.001000000
381 345 2 8192 2.001000000
382 346 2 8192 2.001000000
383 347 2 8192 2.001000000
380 488 2 8192 2.001000000
381 489 2 8192 2.001000000
382 490 2 8192 2.001000000
383 491 2 8192 2.001000000
388 344 2 8192 2.001000000
389 345 2 8192 2.001000000
390 346 2 8192 2.001000000
391 347 2 8192 2.001000000
388 488 2 8192 2.001000000
389 489 2 8192 2.001000000
390 490 2 8192 2.001000000
391 491 2 8192 2.001000000
392 344 2 8192 2.001000000
393 345 2 8192 2.001000000
394 346 2 8192 2.001000000
395 347 2 8192 2.001000000
392 488 2 8192 2.001000000
393 489 2 8192 2.001000000
394 490 2 8192 2.001000000
395 491 2 8192 2.001000000
404 344 2 8192 2.001000000
405 345 2 8192 2.001000000
406 346 2 8192 2.001000000
407 347 2 8192 2.001000000
404 488 2 8192 2.001000000
405 489 2 8192 2.001000000
406 490 2 8192 2.001000000
407 491 2 8192 2.001000000
408 344 2 8192 2.001000000
409 345 2 8192 2.001000000
410 346 2 8192 2.001000000
411 347 2 8192 2.001000000
408 488 2 8192 2.001000000
409 489 2 8192 2.001000000
410 490 2 8192 2.001000000
411 491 2 8192 2.001000000
416 344 2 8192 2.001000000
417 345 2 8192 2.001000000
418 346 2 8192 2.001000000
419 347 2 8192 2.001000000
416 488 2 8192 2.001000000
417 489 2 8192 2.001000000
418 490 2 8192 2.001000000
419 491 2 8192 2.001000000
428 344 2 8192 2.001000000
429 345 2 8192 2.001000000
430 346 2 8192 2.001000000
431 347 2 8192 2.001000000
428 488 2 8192 2.001000000
429 489 2 8192 2.001000000
430 490 2 8192 2.001000000
431 491 2 8192 2.001000000
432 344 2 8192 2.001000000
433 345 2 8192 2.001000000
434 346 2 8192 2.001000000
435 347 2 8192 2.001000000
432 488 2 8192 2.001000000
433 489 2 8192 2.001000000
434 490 2 8192 2.001000000
435 491 2 8192 2.001000000
436 344 2 8192 2.001000000
437 345 2 8192 2.001000000
438 346 2 8192 2.001000000
439 347 2 8192 2.001000000
436 488 2 8192 2.001000000
437 489 2 8192 2.001000000
438 490 2 8192 2.001000000
439 491 2 8192 2.001000000
440 344 2 8192 2.001000000
441 345 2 8192 2.001000000
442 346 2 8192 2.001000000
443 347 2 8192 2.001000000
440 488 2 8192 2.001000000
441 489 2 8192 2.001000000
442 490 2 8192 2.001000000
443 491 2 8192 2.001000000
444 344 2 8192 2.001000000
445 345 2 8192 2.001000000
446 346 2 8192 2.001000000
447 347 2 8192 2.001000000
444 488 2 8192 2.001000000
445 489 2 8192 2.001000000
446 490 2 8192 2.001000000
447 491 2 8192 2.001000000
448 344 2 8192 2.001000000
449 345 2 8192 2.001000000
450 346 2 8192 2.001000000
451 347 2 8192 2.001000000
448 488 2 8192 2.001000000
449 489 2 8192 2.001000000
450 490 2 8192 2.001000000
451 491 2 8192 2.001000000
452 344 2 8192 2.001000000
453 345 2 8192 2.001000000
454 346 2 8192 2.001000000
455 347 2 8192 2.001000000
452 488 2 8192 2.001000000
453 489 2 8192 2.001000000
454 490 2 8192 2.001000000
455 491 2 8192 2.001000000
456 344 2 8192 2.001000000
457 345 2 8192 2.001000000
458 346 2 8192 2.001000000
459 347 2 8192 2.001000000
456 488 2 8192 2.001000000
457 489 2 8192 2.001000000
458 490 2 8192 2.001000000
459 491 2 8192 2.001000000
460 344 2 8192 2.001000000
461 345 2 8192 2.001000000
462 346 2 8192 2.001000000
463 347 2 8192 2.001000000
460 488 2 8192 2.001000000
461 489 2 8192 2.001000000
462 490 2 8192 2.001000000
463 491 2 8192 2.001000000
464 344 2 8192 2.001000000
465 345 2 8192 2.001000000
466 346 2 8192 2.001000000
467 347 2 8192 2.001000000
464 488 2 8192 2.001000000
465 489 2 8192 2.001000000
466 490 2 8192 2.001000000
467 491 2 8192 2.001000000
468 344 2 8192 2.001000000
469 345 2 8192 2.001000000
470 346 2 8192 2.001000000
471 347 2 8192 2.001000000
468 488 2 8192 2.001000000
469 489 2 8192 2.001000000
470 490 2 8192 2.001000000
471 491 2 8192 2.001000000
472 344 2 8192 2.001000000
473 345 2 8192 2.001000000
474 346 2 8192 2.001000000
475 347 2 8192 2.001000000
472 488 2 8192 2.001000000
473 489 2 8192 2.001000000
474 490 2 8192 2.001000000
475 491 2 8192 2.001000000
476 344 2 8192 2.001000000
477 345 2 8192 2.001000000
478 346 2 8192 2.001000000
479 347 2 8192 2.001000000
476 488 2 8192 2.001000000
477 489 2 8192 2.001000000
478 490 2 8192 2.001000000
479 491 2 8192 2.001000000
484 344 2 8192 2.001000000
485 345 2 8192 2.001000000
486 346 2 8192 2.001000000
487 347 2 8192 2.001000000
484 488 2 8192 2.001000000
485 489 2 8192 2.001000000
486 490 2 8192 2.001000000
487 491 2 8192 2.001000000
492 344 2 8192 2.001000000
493 345 2 8192 2.001000000
494 346 2 8192 2.001000000
495 347 2 8192 2.001000000
492 488 2 8192 2.001000000
493 489 2 8192 2.001000000
494 490 2 8192 2.001000000
495 491 2 8192 2.001000000
496 344 2 8192 2.001000000
497 345 2 8192 2.001000000
498 346 2 8192 2.001000000
499 347 2 8192 2.001000000
496 488 2 8192 2.001000000
497 489 2 8192 2.001000000
498 490 2 8192 2.001000000
499 491 2 8192 2.001000000
500 344 2 8192 2.001000000
501 345 2 8192 2.001000000
502 346 2 8192 2.001000000
503 347 2 8192 2.001000000
500 488 2 8192 2.001000000
501 489 2 8192 2.001000000
502 490 2 8192 2.001000000
503 491 2 8192 2.001000000
504 344 2 8192 2.001000000
505 345 2 8192 2.001000000
506 346 2 8192 2.001000000
507 347 2 8192 2.001000000
504 488 2 8192 2.001000000
505 489 2 8192 2.001000000
506 490 2 8192 2.001000000
507 491 2 8192 2.001000000
508 344 2 8192 2.001000000
509 345 2 8192 2.001000000
510 346 2 8192 2.001000000
511 347 2 8192 2.001000000
508 488 2 8192 2.001000000
509 489 2 8192 2.001000000
510 490 2 8192 2.001000000
511 491 2 8192 2.001000000
512 344 2 8192 2.001000000
513 345 2 8192 2.001000000
514 346 2 8192 2.001000000
515 347 2 8192 2.001000000
512 488 2 8192 2.001000000
513 489 2 8192 2.001000000
514 490 2 8192 2.001000000
515 491 2 8192 2.001000000
516 344 2 8192 2.001000000
517 345 2 8192 2.001000000
518 346 2 8192 2.001000000
519 347 2 8192 2.001000000
516 488 2 8192 2.001000000
517 489 2 8192 2.001000000
518 490 2 8192 2.001000000
519 491 2 8192 2.001000000
520 344 2 8192 2.001000000
521 345 2 8192 2.001000000
522 346 2 8192 2.001000000
523 347 2 8192 2.001000000
520 488 2 8192 2.001000000
521 489 2 8192 2.001000000
522 490 2 8192 2.001000000
523 491 2 8192 2.001000000
524 344 2 8192 2.001000000
525 345 2 8192 2.001000000
526 346 2 8192 2.001000000
527 347 2 8192 2.001000000
524 488 2 8192 2.001000000
525 489 2 8192 2.001000000
526 490 2 8192 2.001000000
527 491 2 8192 2.001000000
536 344 2 8192 2.001000000
537 345 2 8192 2.001000000
538 346 2 8192 2.001000000
539 347 2 8192 2.001000000
536 488 2 8192 2.001000000
537 489 2 8192 2.001000000
538 490 2 8192 2.001000000
539 491 2 8192 2.001000000
540 344 2 8192 2.001000000
541 345 2 8192 2.001000000
542 346 2 8192 2.001000000
543 347 2 8192 2.001000000
540 488 2 8192 2.001000000
541 489 2 8192 2.001000000
542 490 2 8192 2.001000000
543 491 2 8192 2.001000000
544 344 2 8192 2.001000000
545 345 2 8192 2.001000000
546 346 2 8192 2.001000000
547 347 2 8192 2.001000000
544 488 2 8192 2.001000000
545 489 2 8192 2.001000000
546 490 2 8192 2.001000000
547 491 2 8192 2.001000000
548 344 2 8192 2.001000000
549 345 2 8192 2.001000000
550 346 2 8192 2.001000000
551 347 2 8192 2.001000000
548 488 2 8192 2.001000000
549 489 2 8192 2.001000000
550 490 2 8192 2.001000000
551 491 2 8192 2.001000000
552 344 2 8192 2.001000000
553 345 2 8192 2.001000000
554 346 2 8192 2.001000000
555 347 2 8192 2.001000000
552 488 2 8192 2.001000000
553 489 2 8192 2.001000000
554 490 2 8192 2.001000000
555 491 2 8192 2.001000000
560 344 2 8192 2.001000000
561 345 2 8192 2.001000000
562 346 2 8192 2.001000000
563 347 2 8192 2.001000000
560 488 2 8192 2.001000000
561 489 2 8192 2.001000000
562 490 2 8192 2.001000000
563 491 2 8192 2.001000000
564 344 2 8192 2.001000000
565 345 2 8192 2.001000000
566 346 2 8192 2.001000000
567 347 2 8192 2.001000000
564 488 2 8192 2.001000000
565 489 2 8192 2.001000000
566 490 2 8192 2.001000000
567 491 2 8192 2.001000000
568 344 2 8192 2.001000000
569 345 2 8192 2.001000000
570 346 2 8192 2.001000000
571 347 2 8192 2.001000000
568 488 2 8192 2.001000000
569 489 2 8192 2.001000000
570 490 2 8192 2.001000000
571 491 2 8192 2.001000000
572 344 2 8192 2.001000000
573 345 2 8192 2.001000000
574 346 2 8192 2.001000000
575 347 2 8192 2.001000000
572 488 2 8192 2.001000000
573 489 2 8192 2.001000000
574 490 2 8192 2.001000000
575 491 2 8192 2.001000000
576 344 2 8192 2.001000000
577 345 2 8192 2.001000000
578 346 2 8192 2.001000000
579 347 2 8192 2.001000000
576 488 2 8192 2.001000000
577 489 2 8192 2.001000000
578 490 2 8192 2.001000000
579 491 2 8192 2.001000000
580 344 2 8192 2.001000000
581 345 2 8192 2.001000000
582 346 2 8192 2.001000000
583 347 2 8192 2.001000000
580 488 2 8192 2.001000000
581 489 2 8192 2.001000000
582 490 2 8192 2.001000000
583 491 2 8192 2.001000000
588 344 2 8192 2.001000000
589 345 2 8192 2.001000000
590 346 2 8192 2.001000000
591 347 2 8192 2.001000000
588 488 2 8192 2.001000000
589 489 2 8192 2.001000000
590 490 2 8192 2.001000000
591 491 2 8192 2.001000000
592 344 2 8192 2.001000000
593 345 2 8192 2.001000000
594 346 2 8192 2.001000000
595 347 2 8192 2.001000000
592 488 2 8192 2.001000000
593 489 2 8192 2.001000000
594 490 2 8192 2.001000000
595 491 2 8192 2.001000000
596 344 2 8192 2.001000000
597 345 2 8192 2.001000000
598 346 2 8192 2.001000000
599 347 2 8192 2.001000000
596 488 2 8192 2.001000000
597 489 2 8192 2.001000000
598 490 2 8192 2.001000000
599 491 2 8192 2.001000000
600 344 2 8192 2.001000000
601 345 2 8192 2.001000000
602 346 2 8192 2.001000000
603 347 2 8192 2.001000000
600 488 2 8192 2.001000000
601 489 2 8192 2.001000000
602 490 2 8192 2.001000000
603 491 2 8192 2.001000000
608 344 2 8192 2.001000000
609 345 2 8192 2.001000000
610 346 2 8192 2.001000000
611 347 2 8192 2.001000000
608 488 2 8192 2.001000000
609 489 2 8192 2.001000000
610 490 2 8192 2.001000000
611 491 2 8192 2.001000000
612 344 2 8192 2.001000000
613 345 2 8192 2.001000000
614 346 2 8192 2.001000000
615 347 2 8192 2.001000000
612 488 2 8192 2.001000000
613 489 2 8192 2.001000000
614 490 2 8192 2.001000000
615 491 2 8192 2.001000000
620 344 2 8192 2.001000000
621 345 2 8192 2.001000000
622 346 2 8192 2.001000000
623 347 2 8192 2.001000000
620 488 2 8192 2.001000000
621 489 2 8192 2.001000000
622 490 2 8192 2.001000000
623 491 2 8192 2.001000000
624 344 2 8192 2.001000000
625 345 2 8192 2.001000000
626 346 2 8192 2.001000000
627 347 2 8192 2.001000000
624 488 2 8192 2.001000000
625 489 2 8192 2.001000000
626 490 2 8192 2.001000000
627 491 2 8192 2.001000000
632 344 2 8192 2.001000000
633 345 2 8192 2.001000000
634 346 2 8192 2.001000000
635 347 2 8192 2.001000000
632 488 2 8192 2.001000000
633 489 2 8192 2.001000000
634 490 2 8192 2.001000000
635 491 2 8192 2.001000000
636 344 2 8192 2.001000000
637 345 2 8192 2.001000000
638 346 2 8192 2.001000000
639 347 2 8192 2.001000000
636 488 2 8192 2.001000000
637 489 2 8192 2.001000000
638 490 2 8192 2.001000000
639 491 2 8192 2.001000000
640 344 2 8192 2.001000000
641 345 2 8192 2.001000000
642 346 2 8192 2.001000000
643 347 2 8192 2.001000000
640 488 2 8192 2.001000000
641 489 2 8192 2.001000000
642 490 2 8192 2.001000000
643 491 2 8192 2.001000000
644 344 2 8192 2.001000000
645 345 2 8192 2.001000000
646 346 2 8192 2.001000000
647 347 2 8192 2.001000000
644 488 2 8192 2.001000000
645 489 2 8192 2.001000000
646 490 2 8192 2.001000000
647 491 2 8192 2.001000000
648 344 2 8192 2.001000000
649 345 2 8192 2.001000000
650 346 2 8192 2.001000000
651 347 2 8192 2.001000000
648 488 2 8192 2.001000000
649 489 2 8192 2.001000000
650 490 2 8192 2.001000000
651 491 2 8192 2.001000000
652 344 2 8192 2.001000000
653 345 2 8192 2.001000000
654 346 2 8192 2.001000000
655 347 2 8192 2.001000000
652 488 2 8192 2.001000000
653 489 2 8192 2.001000000
654 490 2 8192 2.001000000
655 491 2 8192 2.001000000
656 344 2 8192 2.001000000
657 345 2 8192 2.001000000
658 346 2 8192 2.001000000
659 347 2 8192 2.001000000
656 488 2 8192 2.001000000
657 489 2 8192 2.001000000
658 490 2 8192 2.001000000
659 491 2 8192 2.001000000
660 344 2 8192 2.001000000
661 345 2 8192 2.001000000
662 346 2 8192 2.001000000
663 347 2 8192 2.001000000
660 488 2 8192 2.001000000
661 489 2 8192 2.001000000
662 490 2 8192 2.001000000
663 491 2 8192 2.001000000
668 344 2 8192 2.001000000
669 345 2 8192 2.001000000
670 346 2 8192 2.001000000
671 347 2 8192 2.001000000
668 488 2 8192 2.001000000
669 489 2 8192 2.001000000
670 490 2 8192 2.001000000
671 491 2 8192 2.001000000
672 344 2 8192 2.001000000
673 345 2 8192 2.001000000
674 346 2 8192 2.001000000
675 347 2 8192 2.001000000
672 488 2 8192 2.001000000
673 489 2 8192 2.001000000
674 490 2 8192 2.001000000
675 491 2 8192 2.001000000
676 344 2 8192 2.001000000
677 345 2 8192 2.001000000
678 346 2 8192 2.001000000
679 347 2 8192 2.001000000
676 488 2 8192 2.001000000
677 489 2 8192 2.001000000
678 490 2 8192 2.001000000
679 491 2 8192 2.001000000
688 344 2 8192 2.001000000
689 345 2 8192 2.001000000
690 346 2 8192 2.001000000
691 347 2 8192 2.001000000
688 488 2 8192 2.001000000
689 489 2 8192 2.001000000
690 490 2 8192 2.001000000
691 491 2 8192 2.001000000
692 344 2 8192 2.001000000
693 345 2 8192 2.001000000
694 346 2 8192 2.001000000
695 347 2 8192 2.001000000
692 488 2 8192 2.001000000
693 489 2 8192 2.001000000
694 490 2 8192 2.001000000
695 491 2 8192 2.001000000
696 344 2 8192 2.001000000
697 345 2 8192 2.001000000
698 346 2 8192 2.001000000
699 347 2 8192 2.001000000
696 488 2 8192 2.001000000
697 489 2 8192 2.001000000
698 490 2 8192 2.001000000
699 491 2 8192 2.001000000
700 344 2 8192 2.001000000
701 345 2 8192 2.001000000
702 346 2 8192 2.001000000
703 347 2 8192 2.001000000
700 488 2 8192 2.001000000
701 489 2 8192 2.001000000
702 490 2 8192 2.001000000
703 491 2 8192 2.001000000
704 344 2 8192 2.001000000
705 345 2 8192 2.001000000
706 346 2 8192 2.001000000
707 347 2 8192 2.001000000
704 488 2 8192 2.001000000
705 489 2 8192 2.001000000
706 490 2 8192 2.001000000
707 491 2 8192 2.001000000
712 344 2 8192 2.001000000
713 345 2 8192 2.001000000
714 346 2 8192 2.001000000
715 347 2 8192 2.001000000
712 488 2 8192 2.001000000
713 489 2 8192 2.001000000
714 490 2 8192 2.001000000
715 491 2 8192 2.001000000
716 344 2 8192 2.001000000
717 345 2 8192 2.001000000
718 346 2 8192 2.001000000
719 347 2 8192 2.001000000
716 488 2 8192 2.001000000
717 489 2 8192 2.001000000
718 490 2 8192 2.001000000
719 491 2 8192 2.001000000
724 344 2 8192 2.001000000
725 345 2 8192 2.001000000
726 346 2 8192 2.001000000
727 347 2 8192 2.001000000
724 488 2 8192 2.001000000
725 489 2 8192 2.001000000
726 490 2 8192 2.001000000
727 491 2 8192 2.001000000
732 344 2 8192 2.001000000
733 345 2 8192 2.001000000
734 346 2 8192 2.001000000
735 347 2 8192 2.001000000
732 488 2 8192 2.001000000
733 489 2 8192 2.001000000
734 490 2 8192 2.001000000
735 491 2 8192 2.001000000
736 344 2 8192 2.001000000
737 345 2 8192 2.001000000
738 346 2 8192 2.001000000
739 347 2 8192 2.001000000
736 488 2 8192 2.001000000
737 489 2 8192 2.001000000
738 490 2 8192 2.001000000
739 491 2 8192 2.001000000
740 344 2 8192 2.001000000
741 345 2 8192 2.001000000
742 346 2 8192 2.001000000
743 347 2 8192 2.001000000
740 488 2 8192 2.001000000
741 489 2 8192 2.001000000
742 490 2 8192 2.001000000
743 491 2 8192 2.001000000
744 344 2 8192 2.001000000
745 345 2 8192 2.001000000
746 346 2 8192 2.001000000
747 347 2 8192 2.001000000
744 488 2 8192 2.001000000
745 489 2 8192 2.001000000
746 490 2 8192 2.001000000
747 491 2 8192 2.001000000
748 344 2 8192 2.001000000
749 345 2 8192 2.001000000
750 346 2 8192 2.001000000
751 347 2 8192 2.001000000
748 488 2 8192 2.001000000
749 489 2 8192 2.001000000
750 490 2 8192 2.001000000
751 491 2 8192 2.001000000
752 344 2 8192 2.001000000
753 345 2 8192 2.001000000
754 346 2 8192 2.001000000
755 347 2 8192 2.001000000
752 488 2 8192 2.001000000
753 489 2 8192 2.001000000
754 490 2 8192 2.001000000
755 491 2 8192 2.001000000
756 344 2 8192 2.001000000
757 345 2 8192 2.001000000
758 346 2 8192 2.001000000
759 347 2 8192 2.001000000
756 488 2 8192 2.001000000
757 489 2 8192 2.001000000
758 490 2 8192 2.001000000
759 491 2 8192 2.001000000
760 344 2 8192 2.001000000
761 345 2 8192 2.001000000
762 346 2 8192 2.001000000
763 347 2 8192 2.001000000
760 488 2 8192 2.001000000
761 489 2 8192 2.001000000
762 490 2 8192 2.001000000
763 491 2 8192 2.001000000
764 344 2 8192 2.001000000
765 345 2 8192 2.001000000
766 346 2 8192 2.001000000
767 347 2 8192 2.001000000
764 488 2 8192 2.001000000
765 489 2 8192 2.001000000
766 490 2 8192 2.001000000
767 491 2 8192 2.001000000
772 344 2 8192 2.001000000
773 345 2 8192 2.001000000
774 346 2 8192 2.001000000
775 347 2 8192 2.001000000
772 488 2 8192 2.001000000
773 489 2 8192 2.001000000
774 490 2 8192 2.001000000
775 491 2 8192 2.001000000
776 344 2 8192 2.001000000
777 345 2 8192 2.001000000
778 346 2 8192 2.001000000
779 347 2 8192 2.001000000
776 488 2 8192 2.001000000
777 489 2 8192 2.001000000
778 490 2 8192 2.001000000
779 491 2 8192 2.001000000
780 344 2 8192 2.001000000
781 345 2 8192 2.001000000
782 346 2 8192 2.001000000
783 347 2 8192 2.001000000
780 488 2 8192 2.001000000
781 489 2 8192 2.001000000
782 490 2 8192 2.001000000
783 491 2 8192 2.001000000
784 344 2 8192 2.001000000
785 345 2 8192 2.001000000
786 346 2 8192 2.001000000
787 347 2 8192 2.001000000
784 488 2 8192 2.001000000
785 489 2 8192 2.001000000
786 490 2 8192 2.001000000
787 491 2 8192 2.001000000
788 344 2 8192 2.001000000
789 345 2 8192 2.001000000
790 346 2 8192 2.001000000
791 347 2 8192 2.001000000
788 488 2 8192 2.001000000
789 489 2 8192 2.001000000
790 490 2 8192 2.001000000
791 491 2 8192 2.001000000
792 344 2 8192 2.001000000
793 345 2 8192 2.001000000
794 346 2 8192 2.001000000
795 347 2 8192 2.001000000
792 488 2 8192 2.001000000
793 489 2 8192 2.001000000
794 490 2 8192 2.001000000
795 491 2 8192 2.001000000
804 344 2 8192 2.001000000
805 345 2 8192 2.001000000
806 346 2 8192 2.001000000
807 347 2 8192 2.001000000
804 488 2 8192 2.001000000
805 489 2 8192 2.001000000
806 490 2 8192 2.001000000
807 491 2 8192 2.001000000
808 344 2 8192 2.001000000
809 345 2 8192 2.001000000
810 346 2 8192 2.001000000
811 347 2 8192 2.001000000
808 488 2 8192 2.001000000
809 489 2 8192 2.001000000
810 490 2 8192 2.001000000
811 491 2 8192 2.001000000
812 344 2 8192 2.001000000
813 345 2 8192 2.001000000
814 346 2 8192 2.001000000
815 347 2 8192 2.001000000
812 488 2 8192 2.001000000
813 489 2 8192 2.001000000
814 490 2 8192 2.001000000
815 491 2 8192 2.001000000
816 344 2 8192 2.001000000
817 345 2 8192 2.001000000
818 346 2 8192 2.001000000
819 347 2 8192 2.001000000
816 488 2 8192 2.001000000
817 489 2 8192 2.001000000
818 490 2 8192 2.001000000
819 491 2 8192 2.001000000
820 344 2 8192 2.001000000
821 345 2 8192 2.001000000
822 346 2 8192 2.001000000
823 347 2 8192 2.001000000
820 488 2 8192 2.001000000
821 489 2 8192 2.001000000
822 490 2 8192 2.001000000
823 491 2 8192 2.001000000
824 344 2 8192 2.001000000
825 345 2 8192 2.001000000
826 346 2 8192 2.001000000
827 347 2 8192 2.001000000
824 488 2 8192 2.001000000
825 489 2 8192 2.001000000
826 490 2 8192 2.001000000
827 491 2 8192 2.001000000
832 344 2 8192 2.001000000
833 345 2 8192 2.001000000
834 346 2 8192 2.001000000
835 347 2 8192 2.001000000
832 488 2 8192 2.001000000
833 489 2 8192 2.001000000
834 490 2 8192 2.001000000
835 491 2 8192 2.001000000
836 344 2 8192 2.001000000
837 345 2 8192 2.001000000
838 346 2 8192 2.001000000
839 347 2 8192 2.001000000
836 488 2 8192 2.001000000
837 489 2 8192 2.001000000
838 490 2 8192 2.001000000
839 491 2 8192 2.001000000
840 344 2 8192 2.001000000
841 345 2 8192 2.001000000
842 346 2 8192 2.001000000
843 347 2 8192 2.001000000
840 488 2 8192 2.001000000
841 489 2 8192 2.001000000
842 490 2 8192 2.001000000
843 491 2 8192 2.001000000
844 344 2 8192 2.001000000
845 345 2 8192 2.001000000
846 346 2 8192 2.001000000
847 347 2 8192 2.001000000
844 488 2 8192 2.001000000
845 489 2 8192 2.001000000
846 490 2 8192 2.001000000
847 491 2 8192 2.001000000
848 344 2 8192 2.001000000
849 345 2 8192 2.001000000
850 346 2 8192 2.001000000
851 347 2 8192 2.001000000
848 488 2 8192 2.001000000
849 489 2 8192 2.001000000
850 490 2 8192 2.001000000
851 491 2 8192 2.001000000
852 344 2 8192 2.001000000
853 345 2 8192 2.001000000
854 346 2 8192 2.001000000
855 347 2 8192 2.001000000
852 488 2 8192 2.001000000
853 489 2 8192 2.001000000
854 490 2 8192 2.001000000
855 491 2 8192 2.001000000
856 344 2 8192 2.001000000
857 345 2 8192 2.001000000
858 346 2 8192 2.001000000
859 347 2 8192 2.001000000
856 488 2 8192 2.001000000
857 489 2 8192 2.001000000
858 490 2 8192 2.001000000
859 491 2 8192 2.001000000
860 344 2 8192 2.001000000
861 345 2 8192 2.001000000
862 346 2 8192 2.001000000
863 347 2 8192 2.001000000
860 488 2 8192 2.001000000
861 489 2 8192 2.001000000
862 490 2 8192 2.001000000
863 491 2 8192 2.001000000
864 344 2 8192 2.001000000
865 345 2 8192 2.001000000
866 346 2 8192 2.001000000
867 347 2 8192 2.001000000
864 488 2 8192 2.001000000
865 489 2 8192 2.001000000
866 490 2 8192 2.001000000
867 491 2 8192 2.001000000
868 344 2 8192 2.001000000
869 345 2 8192 2.001000000
870 346 2 8192 2.001000000
871 347 2 8192 2.001000000
868 488 2 8192 2.001000000
869 489 2 8192 2.001000000
870 490 2 8192 2.001000000
871 491 2 8192 2.001000000
872 344 2 8192 2.001000000
873 345 2 8192 2.001000000
874 346 2 8192 2.001000000
875 347 2 8192 2.001000000
872 488 2 8192 2.001000000
873 489 2 8192 2.001000000
874 490 2 8192 2.001000000
875 491 2 8192 2.001000000
876 344 2 8192 2.001000000
877 345 2 8192 2.001000000
878 346 2 8192 2.001000000
879 347 2 8192 2.001000000
876 488 2 8192 2.001000000
877 489 2 8192 2.001000000
878 490 2 8192 2.001000000
879 491 2 8192 2.001000000
880 344 2 8192 2.001000000
881 345 2 8192 2.001000000
882 346 2 8192 2.001000000
883 347 2 8192 2.001000000
880 488 2 8192 2.001000000
881 489 2 8192 2.001000000
882 490 2 8192 2.001000000
883 491 2 8192 2.001000000
884 344 2 8192 2.001000000
885 345 2 8192 2.001000000
886 346 2 8192 2.001000000
887 347 2 8192 2.001000000
884 488 2 8192 2.001000000
885 489 2 8192 2.001000000
886 490 2 8192 2.001000000
887 491 2 8192 2.001000000
888 344 2 8192 2.001000000
889 345 2 8192 2.001000000
890 346 2 8192 2.001000000
891 347 2 8192 2.001000000
888 488 2 8192 2.001000000
889 489 2 8192 2.001000000
890 490 2 8192 2.001000000
891 491 2 8192 2.001000000
892 344 2 8192 2.001000000
893 345 2 8192 2.001000000
894 346 2 8192 2.001000000
895 347 2 8192 2.001000000
892 488 2 8192 2.001000000
893 489 2 8192 2.001000000
894 490 2 8192 2.001000000
895 491 2 8192 2.001000000
896 344 2 8192 2.001000000
897 345 2 8192 2.001000000
898 346 2 8192 2.001000000
899 347 2 8192 2.001000000
896 488 2 8192 2.001000000
897 489 2 8192 2.001000000
898 490 2 8192 2.001000000
899 491 2 8192 2.001000000
900 344 2 8192 2.001000000
901 345 2 8192 2.001000000
902 346 2 8192 2.001000000
903 347 2 8192 2.001000000
900 488 2 8192 2.001000000
901 489 2 8192 2.001000000
902 490 2 8192 2.001000000
903 491 2 8192 2.001000000
904 344 2 8192 2.001000000
905 345 2 8192 2.001000000
906 346 2 8192 2.001000000
907 347 2 8192 2.001000000
904 488 2 8192 2.001000000
905 489 2 8192 2.001000000
906 490 2 8192 2.001000000
907 491 2 8192 2.001000000
916 344 2 8192 2.001000000
917 345 2 8192 2.001000000
918 346 2 8192 2.001000000
919 347 2 8192 2.001000000
916 488 2 8192 2.001000000
917 489 2 8192 2.001000000
918 490 2 8192 2.001000000
919 491 2 8192 2.001000000
920 344 2 8192 2.001000000
921 345 2 8192 2.001000000
922 346 2 8192 2.001000000
923 347 2 8192 2.001000000
920 488 2 8192 2.001000000
921 489 2 8192 2.001000000
922 490 2 8192 2.001000000
923 491 2 8192 2.001000000
924 344 2 8192 2.001000000
925 345 2 8192 2.001000000
926 346 2 8192 2.001000000
927 347 2 8192 2.001000000
924 488 2 8192 2.001000000
925 489 2 8192 2.001000000
926 490 2 8192 2.001000000
927 491 2 8192 2.001000000
928 344 2 8192 2.001000000
929 345 2 8192 2.001000000
930 346 2 8192 2.001000000
931 347 2 8192 2.001000000
928 488 2 8192 2.001000000
929 489 2 8192 2.001000000
930 490 2 8192 2.001000000
931 491 2 8192 2.001000000
932 344 2 8192 2.001000000
933 345 2 8192 2.001000000
934 346 2 8192 2.001000000
935 347 2 8192 2.001000000
932 488 2 8192 2.001000000
933 489 2 8192 2.001000000
934 490 2 8192 2.001000000
935 491 2 8192 2.001000000
936 344 2 8192 2.001000000
937 345 2 8192 2.001000000
938 346 2 8192 2.001000000
939 347 2 8192 2.001000000
936 488 2 8192 2.001000000
937 489 2 8192 2.001000000
938 490 2 8192 2.001000000
939 491 2 8192 2.001000000
940 344 2 8192 2.001000000
941 345 2 8192 2.001000000
942 346 2 8192 2.001000000
943 347 2 8192 2.001000000
940 488 2 8192 2.001000000
941 489 2 8192 2.001000000
942 490 2 8192 2.001000000
943 491 2 8192 2.001000000
944 344 2 8192 2.001000000
945 345 2 8192 2.001000000
946 346 2 8192 2.001000000
947 347 2 8192 2.001000000
944 488 2 8192 2.001000000
945 489 2 8192 2.001000000
946 490 2 8192 2.001000000
947 491 2 8192 2.001000000
948 344 2 8192 2.001000000
949 345 2 8192 2.001000000
950 346 2 8192 2.001000000
951 347 2 8192 2.001000000
948 488 2 8192 2.001000000
949 489 2 8192 2.001000000
950 490 2 8192 2.001000000
951 491 2 8192 2.001000000
952 344 2 8192 2.001000000
953 345 2 8192 2.001000000
954 346 2 8192 2.001000000
955 347 2 8192 2.001000000
952 488 2 8192 2.001000000
953 489 2 8192 2.001000000
954 490 2 8192 2.001000000
955 491 2 8192 2.001000000
956 344 2 8192 2.001000000
957 345 2 8192 2.001000000
958 346 2 8192 2.001000000
959 347 2 8192 2.001000000
956 488 2 8192 2.001000000
957 489 2 8192 2.001000000
958 490 2 8192 2.001000000
959 491 2 8192 2.001000000
960 344 2 8192 2.001000000
961 345 2 8192 2.001000000
962 346 2 8192 2.001000000
963 347 2 8192 2.001000000
960 488 2 8192 2.001000000
961 489 2 8192 2.001000000
962 490 2 8192 2.001000000
963 491 2 8192 2.001000000
964 344 2 8192 2.001000000
965 345 2 8192 2.001000000
966 346 2 8192 2.001000000
967 347 2 8192 2.001000000
964 488 2 8192 2.001000000
965 489 2 8192 2.001000000
966 490 2 8192 2.001000000
967 491 2 8192 2.001000000
968 344 2 8192 2.001000000
969 345 2 8192 2.001000000
970 346 2 8192 2.001000000
971 347 2 8192 2.001000000
968 488 2 8192 2.001000000
969 489 2 8192 2.001000000
970 490 2 8192 2.001000000
971 491 2 8192 2.001000000
972 344 2 8192 2.001000000
973 345 2 8192 2.001000000
974 346 2 8192 2.001000000
975 347 2 8192 2.001000000
972 488 2 8192 2.001000000
973 489 2 8192 2.001000000
974 490 2 8192 2.001000000
975 491 2 8192 2.001000000
976 344 2 8192 2.001000000
977 345 2 8192 2.001000000
978 346 2 8192 2.001000000
979 347 2 8192 2.001000000
976 488 2 8192 2.001000000
977 489 2 8192 2.001000000
978 490 2 8192 2.001000000
979 491 2 8192 2.001000000
980 344 2 8192 2.001000000
981 345 2 8192 2.001000000
982 346 2 8192 2.001000000
983 347 2 8192 2.001000000
980 488 2 8192 2.001000000
981 489 2 8192 2.001000000
982 490 2 8192 2.001000000
983 491 2 8192 2.001000000
984 344 2 8192 2.001000000
985 345 2 8192 2.001000000
986 346 2 8192 2.001000000
987 347 2 8192 2.001000000
984 488 2 8192 2.001000000
985 489 2 8192 2.001000000
986 490 2 8192 2.001000000
987 491 2 8192 2.001000000
988 344 2 8192 2.001000000
989 345 2 8192 2.001000000
990 346 2 8192 2.001000000
991 347 2 8192 2.001000000
988 488 2 8192 2.001000000
989 489 2 8192 2.001000000
990 490 2 8192 2.001000000
991 491 2 8192 2.001000000
992 344 2 8192 2.001000000
993 345 2 8192 2.001000000
994 346 2 8192 2.001000000
995 347 2 8192 2.001000000
992 488 2 8192 2.001000000
993 489 2 8192 2.001000000
994 490 2 8192 2.001000000
995 491 2 8192 2.001000000
996 344 2 8192 2.001000000
997 345 2 8192 2.001000000
998 346 2 8192 2.001000000
999 347 2 8192 2.001000000
996 488 2 8192 2.001000000
997 489 2 8192 2.001000000
998 490 2 8192 2.001000000
999 491 2 8192 2.001000000
1008 344 2 8192 2.001000000
1009 345 2 8192 2.001000000
1010 346 2 8192 2.001000000
1011 347 2 8192 2.001000000
1008 488 2 8192 2.001000000
1009 489 2 8192 2.001000000
1010 490 2 8192 2.001000000
1011 491 2 8192 2.001000000
1016 344 2 8192 2.001000000
1017 345 2 8192 2.001000000
1018 346 2 8192 2.001000000
1019 347 2 8192 2.001000000
1016 488 2 8192 2.001000000
1017 489 2 8192 2.001000000
1018 490 2 8192 2.001000000
1019 491 2 8192 2.001000000
1020 344 2 8192 2.001000000
1021 345 2 8192 2.001000000
1022 346 2 8192 2.001000000
1023 347 2 8192 2.001000000
1020 488 2 8192 2.001000000
1021 489 2 8192 2.001000000
1022 490 2 8192 2.001000000
1023 491 2 8192 2.001000000
1032 344 2 8192 2.001000000
1033 345 2 8192 2.001000000
1034 346 2 8192 2.001000000
1035 347 2 8192 2.001000000
1032 488 2 8192 2.001000000
1033 489 2 8192 2.001000000
1034 490 2 8192 2.001000000
1035 491 2 8192 2.001000000
1036 344 2 8192 2.001000000
1037 345 2 8192 2.001000000
1038 346 2 8192 2.001000000
1039 347 2 8192 2.001000000
1036 488 2 8192 2.001000000
1037 489 2 8192 2.001000000
1038 490 2 8192 2.001000000
1039 491 2 8192 2.001000000
1040 344 2 8192 2.001000000
1041 345 2 8192 2.001000000
1042 346 2 8192 2.001000000
1043 347 2 8192 2.001000000
1040 488 2 8192 2.001000000
1041 489 2 8192 2.001000000
1042 490 2 8192 2.001000000
1043 491 2 8192 2.001000000
1044 344 2 8192 2.001000000
1045 345 2 8192 2.001000000
1046 346 2 8192 2.001000000
1047 347 2 8192 2.001000000
1044 488 2 8192 2.001000000
1045 489 2 8192 2.001000000
1046 490 2 8192 2.001000000
1047 491 2 8192 2.001000000
1048 344 2 8192 2.001000000
1049 345 2 8192 2.001000000
1050 346 2 8192 2.001000000
1051 347 2 8192 2.001000000
1048 488 2 8192 2.001000000
1049 489 2 8192 2.001000000
1050 490 2 8192 2.001000000
1051 491 2 8192 2.001000000
1056 344 2 8192 2.001000000
1057 345 2 8192 2.001000000
1058 346 2 8192 2.001000000
1059 347 2 8192 2.001000000
1056 488 2 8192 2.001000000
1057 489 2 8192 2.001000000
1058 490 2 8192 2.001000000
1059 491 2 8192 2.001000000
1060 344 2 8192 2.001000000
1061 345 2 8192 2.001000000
1062 346 2 8192 2.001000000
1063 347 2 8192 2.001000000
1060 488 2 8192 2.001000000
1061 489 2 8192 2.001000000
1062 490 2 8192 2.001000000
1063 491 2 8192 2.001000000
1064 344 2 8192 2.001000000
1065 345 2 8192 2.001000000
1066 346 2 8192 2.001000000
1067 347 2 8192 2.001000000
1064 488 2 8192 2.001000000
1065 489 2 8192 2.001000000
1066 490 2 8192 2.001000000
1067 491 2 8192 2.001000000
1068 344 2 8192 2.001000000
1069 345 2 8192 2.001000000
1070 346 2 8192 2.001000000
1071 347 2 8192 2.001000000
1068 488 2 8192 2.001000000
1069 489 2 8192 2.001000000
1070 490 2 8192 2.001000000
1071 491 2 8192 2.001000000
1072 344 2 8192 2.001000000
1073 345 2 8192 2.001000000
1074 346 2 8192 2.001000000
1075 347 2 8192 2.001000000
1072 488 2 8192 2.001000000
1073 489 2 8192 2.001000000
1074 490 2 8192 2.001000000
1075 491 2 8192 2.001000000
1076 344 2 8192 2.001000000
1077 345 2 8192 2.001000000
1078 346 2 8192 2.001000000
1079 347 2 8192 2.001000000
1076 488 2 8192 2.001000000
1077 489 2 8192 2.001000000
1078 490 2 8192 2.001000000
1079 491 2 8192 2.001000000
1080 344 2 8192 2.001000000
1081 345 2 8192 2.001000000
1082 346 2 8192 2.001000000
1083 347 2 8192 2.001000000
1080 488 2 8192 2.001000000
1081 489 2 8192 2.001000000
1082 490 2 8192 2.001000000
1083 491 2 8192 2.001000000
1084 344 2 8192 2.001000000
1085 345 2 8192 2.001000000
1086 346 2 8192 2.001000000
1087 347 2 8192 2.001000000
1084 488 2 8192 2.001000000
1085 489 2 8192 2.001000000
1086 490 2 8192 2.001000000
1087 491 2 8192 2.001000000
1088 344 2 8192 2.001000000
1089 345 2 8192 2.001000000
1090 346 2 8192 2.001000000
1091 347 2 8192 2.001000000
1088 488 2 8192 2.001000000
1089 489 2 8192 2.001000000
1090 490 2 8192 2.001000000
1091 491 2 8192 2.001000000
1096 344 2 8192 2.001000000
1097 345 2 8192 2.001000000
1098 346 2 8192 2.001000000
1099 347 2 8192 2.001000000
1096 488 2 8192 2.001000000
1097 489 2 8192 2.001000000
1098 490 2 8192 2.001000000
1099 491 2 8192 2.001000000
1104 344 2 8192 2.001000000
1105 345 2 8192 2.001000000
1106 346 2 8192 2.001000000
1107 347 2 8192 2.001000000
1104 488 2 8192 2.001000000
1105 489 2 8192 2.001000000
1106 490 2 8192 2.001000000
1107 491 2 8192 2.001000000
1108 344 2 8192 2.001000000
1109 345 2 8192 2.001000000
1110 346 2 8192 2.001000000
1111 347 2 8192 2.001000000
1108 488 2 8192 2.001000000
1109 489 2 8192 2.001000000
1110 490 2 8192 2.001000000
1111 491 2 8192 2.001000000
1112 344 2 8192 2.001000000
1113 345 2 8192 2.001000000
1114 346 2 8192 2.001000000
1115 347 2 8192 2.001000000
1112 488 2 8192 2.001000000
1113 489 2 8192 2.001000000
1114 490 2 8192 2.001000000
1115 491 2 8192 2.001000000
1116 344 2 8192 2.001000000
1117 345 2 8192 2.001000000
1118 346 2 8192 2.001000000
1119 347 2 8192 2.001000000
1116 488 2 8192 2.001000000
1117 489 2 8192 2.001000000
1118 490 2 8192 2.001000000
1119 491 2 8192 2.001000000
1120 344 2 8192 2.001000000
1121 345 2 8192 2.001000000
1122 346 2 8192 2.001000000
1123 347 2 8192 2.001000000
1120 488 2 8192 2.001000000
1121 489 2 8192 2.001000000
1122 490 2 8192 2.001000000
1123 491 2 8192 2.001000000
1124 344 2 8192 2.001000000
1125 345 2 8192 2.001000000
1126 346 2 8192 2.001000000
1127 347 2 8192 2.001000000
1124 488 2 8192 2.001000000
1125 489 2 8192 2.001000000
1126 490 2 8192 2.001000000
1127 491 2 8192 2.001000000
1128 344 2 8192 2.001000000
1129 345 2 8192 2.001000000
1130 346 2 8192 2.001000000
1131 347 2 8192 2.001000000
1128 488 2 8192 2.001000000
1129 489 2 8192 2.001000000
1130 490 2 8192 2.001000000
1131 491 2 8192 2.001000000
1136 344 2 8192 2.001000000
1137 345 2 8192 2.001000000
1138 346 2 8192 2.001000000
1139 347 2 8192 2.001000000
1136 488 2 8192 2.001000000
1137 489 2 8192 2.001000000
1138 490 2 8192 2.001000000
1139 491 2 8192 2.001000000
1140 344 2 8192 2.001000000
1141 345 2 8192 2.001000000
1142 346 2 8192 2.001000000
1143 347 2 8192 2.001000000
1140 488 2 8192 2.001000000
1141 489 2 8192 2.001000000
1142 490 2 8192 2.001000000
1143 491 2 8192 2.001000000
1144 344 2 8192 2.001000000
1145 345 2 8192 2.001000000
1146 346 2 8192 2.001000000
1147 347 2 8192 2.001000000
1144 488 2 8192 2.001000000
1145 489 2 8192 2.001000000
1146 490 2 8192 2.001000000
1147 491 2 8192 2.001000000
1148 344 2 8192 2.001000000
1149 345 2 8192 2.001000000
1150 346 2 8192 2.001000000
1151 347 2 8192 2.001000000
1148 488 2 8192 2.001000000
1149 489 2 8192 2.001000000
1150 490 2 8192 2.001000000
1151 491 2 8192 2.001000000
1152 344 2 8192 2.001000000
1153 345 2 8192 2.001000000
1154 346 2 8192 2.001000000
1155 347 2 8192 2.001000000
1152 488 2 8192 2.001000000
1153 489 2 8192 2.001000000
1154 490 2 8192 2.001000000
1155 491 2 8192 2.001000000
1156 344 2 8192 2.001000000
1157 345 2 8192 2.001000000
1158 346 2 8192 2.001000000
1159 347 2 8192 2.001000000
1156 488 2 8192 2.001000000
1157 489 2 8192 2.001000000
1158 490 2 8192 2.001000000
1159 491 2 8192 2.001000000
1160 344 2 8192 2.001000000
1161 345 2 8192 2.001000000
1162 346 2 8192 2.001000000
1163 347 2 8192 2.001000000
1160 488 2 8192 2.001000000
1161 489 2 8192 2.001000000
1162 490 2 8192 2.001000000
1163 491 2 8192 2.001000000
1164 344 2 8192 2.001000000
1165 345 2 8192 2.001000000
1166 346 2 8192 2.001000000
1167 347 2 8192 2.001000000
1164 488 2 8192 2.001000000
1165 489 2 8192 2.001000000
1166 490 2 8192 2.001000000
1167 491 2 8192 2.001000000
1168 344 2 8192 2.001000000
1169 345 2 8192 2.001000000
1170 346 2 8192 2.001000000
1171 347 2 8192 2.001000000
1168 488 2 8192 2.001000000
1169 489 2 8192 2.001000000
1170 490 2 8192 2.001000000
1171 491 2 8192 2.001000000
1172 344 2 8192 2.001000000
1173 345 2 8192 2.001000000
1174 346 2 8192 2.001000000
1175 347 2 8192 2.001000000
1172 488 2 8192 2.001000000
1173 489 2 8192 2.001000000
1174 490 2 8192 2.001000000
1175 491 2 8192 2.001000000
1180 344 2 8192 2.001000000
1181 345 2 8192 2.001000000
1182 346 2 8192 2.001000000
1183 347 2 8192 2.001000000
1180 488 2 8192 2.001000000
1181 489 2 8192 2.001000000
1182 490 2 8192 2.001000000
1183 491 2 8192 2.001000000
1184 344 2 8192 2.001000000
1185 345 2 8192 2.001000000
1186 346 2 8192 2.001000000
1187 347 2 8192 2.001000000
1184 488 2 8192 2.001000000
1185 489 2 8192 2.001000000
1186 490 2 8192 2.001000000
1187 491 2 8192 2.001000000
1188 344 2 8192 2.001000000
1189 345 2 8192 2.001000000
1190 346 2 8192 2.001000000
1191 347 2 8192 2.001000000
1188 488 2 8192 2.001000000
1189 489 2 8192 2.001000000
1190 490 2 8192 2.001000000
1191 491 2 8192 2.001000000
1192 344 2 8192 2.001000000
1193 345 2 8192 2.001000000
1194 346 2 8192 2.001000000
1195 347 2 8192 2.001000000
1192 488 2 8192 2.001000000
1193 489 2 8192 2.001000000
1194 490 2 8192 2.001000000
1195 491 2 8192 2.001000000
1200 344 2 8192 2.001000000
1201 345 2 8192 2.001000000
1202 346 2 8192 2.001000000
1203 347 2 8192 2.001000000
1200 488 2 8192 2.001000000
1201 489 2 8192 2.001000000
1202 490 2 8192 2.001000000
1203 491 2 8192 2.001000000
1208 344 2 8192 2.001000000
1209 345 2 8192 2.001000000
1210 346 2 8192 2.001000000
1211 347 2 8192 2.001000000
1208 488 2 8192 2.001000000
1209 489 2 8192 2.001000000
1210 490 2 8192 2.001000000
1211 491 2 8192 2.001000000
1212 344 2 8192 2.001000000
1213 345 2 8192 2.001000000
1214 346 2 8192 2.001000000
1215 347 2 8192 2.001000000
1212 488 2 8192 2.001000000
1213 489 2 8192 2.001000000
1214 490 2 8192 2.001000000
1215 491 2 8192 2.001000000
1216 344 2 8192 2.001000000
1217 345 2 8192 2.001000000
1218 346 2 8192 2.001000000
1219 347 2 8192 2.001000000
1216 488 2 8192 2.001000000
1217 489 2 8192 2.001000000
1218 490 2 8192 2.001000000
1219 491 2 8192 2.001000000
1220 344 2 8192 2.001000000
1221 345 2 8192 2.001000000
1222 346 2 8192 2.001000000
1223 347 2 8192 2.001000000
1220 488 2 8192 2.001000000
1221 489 2 8192 2.001000000
1222 490 2 8192 2.001000000
1223 491 2 8192 2.001000000
1224 344 2 8192 2.001000000
1225 345 2 8192 2.001000000
1226 346 2 8192 2.001000000
1227 347 2 8192 2.001000000
1224 488 2 8192 2.001000000
1225 489 2 8192 2.001000000
1226 490 2 8192 2.001000000
1227 491 2 8192 2.001000000
1228 344 2 8192 2.001000000
1229 345 2 8192 2.001000000
1230 346 2 8192 2.001000000
1231 347 2 8192 2.001000000
1228 488 2 8192 2.001000000
1229 489 2 8192 2.001000000
1230 490 2 8192 2.001000000
1231 491 2 8192 2.001000000
1232 344 2 8192 2.001000000
1233 345 2 8192 2.001000000
1234 346 2 8192 2.001000000
1235 347 2 8192 2.001000000
1232 488 2 8192 2.001000000
1233 489 2 8192 2.001000000
1234 490 2 8192 2.001000000
1235 491 2 8192 2.001000000
1236 344 2 8192 2.001000000
1237 345 2 8192 2.001000000
1238 346 2 8192 2.001000000
1239 347 2 8192 2.001000000
1236 488 2 8192 2.001000000
1237 489 2 8192 2.001000000
1238 490 2 8192 2.001000000
1239 491 2 8192 2.001000000
1240 344 2 8192 2.001000000
1241 345 2 8192 2.001000000
1242 346 2 8192 2.001000000
1243 347 2 8192 2.001000000
1240 488 2 8192 2.001000000
1241 489 2 8192 2.001000000
1242 490 2 8192 2.001000000
1243 491 2 8192 2.001000000
1248 344 2 8192 2.001000000
1249 345 2 8192 2.001000000
1250 346 2 8192 2.001000000
1251 347 2 8192 2.001000000
1248 488 2 8192 2.001000000
1249 489 2 8192 2.001000000
1250 490 2 8192 2.001000000
1251 491 2 8192 2.001000000
1252 344 2 8192 2.001000000
1253 345 2 8192 2.001000000
1254 346 2 8192 2.001000000
1255 347 2 8192 2.001000000
1252 488 2 8192 2.001000000
1253 489 2 8192 2.001000000
1254 490 2 8192 2.001000000
1255 491 2 8192 2.001000000
1260 344 2 8192 2.001000000
1261 345 2 8192 2.001000000
1262 346 2 8192 2.001000000
1263 347 2 8192 2.001000000
1260 488 2 8192 2.001000000
1261 489 2 8192 2.001000000
1262 490 2 8192 2.001000000
1263 491 2 8192 2.001000000
1264 344 2 8192 2.001000000
1265 345 2 8192 2.001000000
1266 346 2 8192 2.001000000
1267 347 2 8192 2.001000000
1264 488 2 8192 2.001000000
1265 489 2 8192 2.001000000
1266 490 2 8192 2.001000000
1267 491 2 8192 2.001000000
1272 344 2 8192 2.001000000
1273 345 2 8192 2.001000000
1274 346 2 8192 2.001000000
1275 347 2 8192 2.001000000
1272 488 2 8192 2.001000000
1273 489 2 8192 2.001000000
1274 490 2 8192 2.001000000
1275 491 2 8192 2.001000000
1276 344 2 8192 2.001000000
1277 345 2 8192 2.001000000
1278 346 2 8192 2.001000000
1279 347 2 8192 2.001000000
1276 488 2 8192 2.001000000
1277 489 2 8192 2.001000000
1278 490 2 8192 2.001000000
1279 491 2 8192 2.001000000
0 184 2 8192 2.001000000
1 185 2 8192 2.001000000
2 186 2 8192 2.001000000
3 187 2 8192 2.001000000
0 296 2 8192 2.001000000
1 297 2 8192 2.001000000
2 298 2 8192 2.001000000
3 299 2 8192 2.001000000
8 184 2 8192 2.001000000
9 185 2 8192 2.001000000
10 186 2 8192 2.001000000
11 187 2 8192 2.001000000
8 296 2 8192 2.001000000
9 297 2 8192 2.001000000
10 298 2 8192 2.001000000
11 299 2 8192 2.001000000
12 184 2 8192 2.001000000
13 185 2 8192 2.001000000
14 186 2 8192 2.001000000
15 187 2 8192 2.001000000
12 296 2 8192 2.001000000
13 297 2 8192 2.001000000
14 298 2 8192 2.001000000
15 299 2 8192 2.001000000
16 184 2 8192 2.001000000
17 185 2 8192 2.001000000
18 186 2 8192 2.001000000
19 187 2 8192 2.001000000
16 296 2 8192 2.001000000
17 297 2 8192 2.001000000
18 298 2 8192 2.001000000
19 299 2 8192 2.001000000
24 184 2 8192 2.001000000
25 185 2 8192 2.001000000
26 186 2 8192 2.001000000
27 187 2 8192 2.001000000
24 296 2 8192 2.001000000
25 297 2 8192 2.001000000
26 298 2 8192 2.001000000
27 299 2 8192 2.001000000
28 184 2 8192 2.001000000
29 185 2 8192 2.001000000
30 186 2 8192 2.001000000
31 187 2 8192 2.001000000
28 296 2 8192 2.001000000
29 297 2 8192 2.001000000
30 298 2 8192 2.001000000
31 299 2 8192 2.001000000
32 184 2 8192 2.001000000
33 185 2 8192 2.001000000
34 186 2 8192 2.001000000
35 187 2 8192 2.001000000
32 296 2 8192 2.001000000
33 297 2 8192 2.001000000
34 298 2 8192 2.001000000
35 299 2 8192 2.001000000
36 184 2 8192 2.001000000
37 185 2 8192 2.001000000
38 186 2 8192 2.001000000
39 187 2 8192 2.001000000
36 296 2 8192 2.001000000
37 297 2 8192 2.001000000
38 298 2 8192 2.001000000
39 299 2 8192 2.001000000
48 184 2 8192 2.001000000
49 185 2 8192 2.001000000
50 186 2 8192 2.001000000
51 187 2 8192 2.001000000
48 296 2 8192 2.001000000
49 297 2 8192 2.001000000
50 298 2 8192 2.001000000
51 299 2 8192 2.001000000
52 184 2 8192 2.001000000
53 185 2 8192 2.001000000
54 186 2 8192 2.001000000
55 187 2 8192 2.001000000
52 296 2 8192 2.001000000
53 297 2 8192 2.001000000
54 298 2 8192 2.001000000
55 299 2 8192 2.001000000
56 184 2 8192 2.001000000
57 185 2 8192 2.001000000
58 186 2 8192 2.001000000
59 187 2 8192 2.001000000
56 296 2 8192 2.001000000
57 297 2 8192 2.001000000
58 298 2 8192 2.001000000
59 299 2 8192 2.001000000
60 184 2 8192 2.001000000
61 185 2 8192 2.001000000
62 186 2 8192 2.001000000
63 187 2 8192 2.001000000
60 296 2 8192 2.001000000
61 297 2 8192 2.001000000
62 298 2 8192 2.001000000
63 299 2 8192 2.001000000
64 184 2 8192 2.001000000
65 185 2 8192 2.001000000
66 186 2 8192 2.001000000
67 187 2 8192 2.001000000
64 296 2 8192 2.001000000
65 297 2 8192 2.001000000
66 298 2 8192 2.001000000
67 299 2 8192 2.001000000
68 184 2 8192 2.001000000
69 185 2 8192 2.001000000
70 186 2 8192 2.001000000
71 187 2 8192 2.001000000
68 296 2 8192 2.001000000
69 297 2 8192 2.001000000
70 298 2 8192 2.001000000
71 299 2 8192 2.001000000
72 184 2 8192 2.001000000
73 185 2 8192 2.001000000
74 186 2 8192 2.001000000
75 187 2 8192 2.001000000
72 296 2 8192 2.001000000
73 297 2 8192 2.001000000
74 298 2 8192 2.001000000
75 299 2 8192 2.001000000
80 184 2 8192 2.001000000
81 185 2 8192 2.001000000
82 186 2 8192 2.001000000
83 187 2 8192 2.001000000
80 296 2 8192 2.001000000
81 297 2 8192 2.001000000
82 298 2 8192 2.001000000
83 299 2 8192 2.001000000
84 184 2 8192 2.001000000
85 185 2 8192 2.001000000
86 186 2 8192 2.001000000
87 187 2 8192 2.001000000
84 296 2 8192 2.001000000
85 297 2 8192 2.001000000
86 298 2 8192 2.001000000
87 299 2 8192 2.001000000
88 184 2 8192 2.001000000
89 185 2 8192 2.001000000
90 186 2 8192 2.001000000
91 187 2 8192 2.001000000
88 296 2 8192 2.001000000
89 297 2 8192 2.001000000
90 298 2 8192 2.001000000
91 299 2 8192 2.001000000
92 184 2 8192 2.001000000
93 185 2 8192 2.001000000
94 186 2 8192 2.001000000
95 187 2 8192 2.001000000
92 296 2 8192 2.001000000
93 297 2 8192 2.001000000
94 298 2 8192 2.001000000
95 299 2 8192 2.001000000
96 184 2 8192 2.001000000
97 185 2 8192 2.001000000
98 186 2 8192 2.001000000
99 187 2 8192 2.001000000
96 296 2 8192 2.001000000
97 297 2 8192 2.001000000
98 298 2 8192 2.001000000
99 299 2 8192 2.001000000
108 184 2 8192 2.001000000
109 185 2 8192 2.001000000
110 186 2 8192 2.001000000
111 187 2 8192 2.001000000
108 296 2 8192 2.001000000
109 297 2 8192 2.001000000
110 298 2 8192 2.001000000
111 299 2 8192 2.001000000
112 184 2 8192 2.001000000
113 185 2 8192 2.001000000
114 186 2 8192 2.001000000
115 187 2 8192 2.001000000
112 296 2 8192 2.001000000
113 297 2 8192 2.001000000
114 298 2 8192 2.001000000
115 299 2 8192 2.001000000
116 184 2 8192 2.001000000
117 185 2 8192 2.001000000
118 186 2 8192 2.001000000
119 187 2 8192 2.001000000
116 296 2 8192 2.001000000
117 297 2 8192 2.001000000
118 298 2 8192 2.001000000
119 299 2 8192 2.001000000
120 184 2 8192 2.001000000
121 185 2 8192 2.001000000
122 186 2 8192 2.001000000
123 187 2 8192 2.001000000
120 296 2 8192 2.001000000
121 297 2 8192 2.001000000
122 298 2 8192 2.001000000
123 299 2 8192 2.001000000
124 184 2 8192 2.001000000
125 185 2 8192 2.001000000
126 186 2 8192 2.001000000
127 187 2 8192 2.001000000
124 296 2 8192 2.001000000
125 297 2 8192 2.001000000
126 298 2 8192 2.001000000
127 299 2 8192 2.001000000
128 184 2 8192 2.001000000
129 185 2 8192 2.001000000
130 186 2 8192 2.001000000
131 187 2 8192 2.001000000
128 296 2 8192 2.001000000
129 297 2 8192 2.001000000
130 298 2 8192 2.001000000
131 299 2 8192 2.001000000
140 184 2 8192 2.001000000
141 185 2 8192 2.001000000
142 186 2 8192 2.001000000
143 187 2 8192 2.001000000
140 296 2 8192 2.001000000
141 297 2 8192 2.001000000
142 298 2 8192 2.001000000
143 299 2 8192 2.001000000
144 184 2 8192 2.001000000
145 185 2 8192 2.001000000
146 186 2 8192 2.001000000
147 187 2 8192 2.001000000
144 296 2 8192 2.001000000
145 297 2 8192 2.001000000
146 298 2 8192 2.001000000
147 299 2 8192 2.001000000
156 184 2 8192 2.001000000
157 185 2 8192 2.001000000
158 186 2 8192 2.001000000
159 187 2 8192 2.001000000
156 296 2 8192 2.001000000
157 297 2 8192 2.001000000
158 298 2 8192 2.001000000
159 299 2 8192 2.001000000
160 184 2 8192 2.001000000
161 185 2 8192 2.001000000
162 186 2 8192 2.001000000
163 187 2 8192 2.001000000
160 296 2 8192 2.001000000
161 297 2 8192 2.001000000
162 298 2 8192 2.001000000
163 299 2 8192 2.001000000
164 184 2 8192 2.001000000
165 185 2 8192 2.001000000
166 186 2 8192 2.001000000
167 187 2 8192 2.001000000
164 296 2 8192 2.001000000
165 297 2 8192 2.001000000
166 298 2 8192 2.001000000
167 299 2 8192 2.001000000
168 184 2 8192 2.001000000
169 185 2 8192 2.001000000
170 186 2 8192 2.001000000
171 187 2 8192 2.001000000
168 296 2 8192 2.001000000
169 297 2 8192 2.001000000
170 298 2 8192 2.001000000
171 299 2 8192 2.001000000
172 184 2 8192 2.001000000
173 185 2 8192 2.001000000
174 186 2 8192 2.001000000
175 187 2 8192 2.001000000
172 296 2 8192 2.001000000
173 297 2 8192 2.001000000
174 298 2 8192 2.001000000
175 299 2 8192 2.001000000
176 184 2 8192 2.001000000
177 185 2 8192 2.001000000
178 186 2 8192 2.001000000
179 187 2 8192 2.001000000
176 296 2 8192 2.001000000
177 297 2 8192 2.001000000
178 298 2 8192 2.001000000
179 299 2 8192 2.001000000
180 184 2 8192 2.001000000
181 185 2 8192 2.001000000
182 186 2 8192 2.001000000
183 187 2 8192 2.001000000
180 296 2 8192 2.001000000
181 297 2 8192 2.001000000
182 298 2 8192 2.001000000
183 299 2 8192 2.001000000
188 184 2 8192 2.001000000
189 185 2 8192 2.001000000
190 186 2 8192 2.001000000
191 187 2 8192 2.001000000
188 296 2 8192 2.001000000
189 297 2 8192 2.001000000
190 298 2 8192 2.001000000
191 299 2 8192 2.001000000
196 184 2 8192 2.001000000
197 185 2 8192 2.001000000
198 186 2 8192 2.001000000
199 187 2 8192 2.001000000
196 296 2 8192 2.001000000
197 297 2 8192 2.001000000
198 298 2 8192 2.001000000
199 299 2 8192 2.001000000
200 184 2 8192 2.001000000
201 185 2 8192 2.001000000
202 186 2 8192 2.001000000
203 187 2 8192 2.001000000
200 296 2 8192 2.001000000
201 297 2 8192 2.001000000
202 298 2 8192 2.001000000
203 299 2 8192 2.001000000
204 184 2 8192 2.001000000
205 185 2 8192 2.001000000
206 186 2 8192 2.001000000
207 187 2 8192 2.001000000
204 296 2 8192 2.001000000
205 297 2 8192 2.001000000
206 298 2 8192 2.001000000
207 299 2 8192 2.001000000
208 184 2 8192 2.001000000
209 185 2 8192 2.001000000
210 186 2 8192 2.001000000
211 187 2 8192 2.001000000
208 296 2 8192 2.001000000
209 297 2 8192 2.001000000
210 298 2 8192 2.001000000
211 299 2 8192 2.001000000
216 184 2 8192 2.001000000
217 185 2 8192 2.001000000
218 186 2 8192 2.001000000
219 187 2 8192 2.001000000
216 296 2 8192 2.001000000
217 297 2 8192 2.001000000
218 298 2 8192 2.001000000
219 299 2 8192 2.001000000
220 184 2 8192 2.001000000
221 185 2 8192 2.001000000
222 186 2 8192 2.001000000
223 187 2 8192 2.001000000
220 296 2 8192 2.001000000
221 297 2 8192 2.001000000
222 298 2 8192 2.001000000
223 299 2 8192 2.001000000
224 184 2 8192 2.001000000
225 185 2 8192 2.001000000
226 186 2 8192 2.001000000
227 187 2 8192 2.001000000
224 296 2 8192 2.001000000
225 297 2 8192 2.001000000
226 298 2 8192 2.001000000
227 299 2 8192 2.001000000
228 184 2 8192 2.001000000
229 185 2 8192 2.001000000
230 186 2 8192 2.001000000
231 187 2 8192 2.001000000
228 296 2 8192 2.001000000
229 297 2 8192 2.001000000
230 298 2 8192 2.001000000
231 299 2 8192 2.001000000
232 184 2 8192 2.001000000
233 185 2 8192 2.001000000
234 186 2 8192 2.001000000
235 187 2 8192 2.001000000
232 296 2 8192 2.001000000
233 297 2 8192 2.001000000
234 298 2 8192 2.001000000
235 299 2 8192 2.001000000
236 184 2 8192 2.001000000
237 185 2 8192 2.001000000
238 186 2 8192 2.001000000
239 187 2 8192 2.001000000
236 296 2 8192 2.001000000
237 297 2 8192 2.001000000
238 298 2 8192 2.001000000
239 299 2 8192 2.001000000
240 184 2 8192 2.001000000
241 185 2 8192 2.001000000
242 186 2 8192 2.001000000
243 187 2 8192 2.001000000
240 296 2 8192 2.001000000
241 297 2 8192 2.001000000
242 298 2 8192 2.001000000
243 299 2 8192 2.001000000
244 184 2 8192 2.001000000
245 185 2 8192 2.001000000
246 186 2 8192 2.001000000
247 187 2 8192 2.001000000
244 296 2 8192 2.001000000
245 297 2 8192 2.001000000
246 298 2 8192 2.001000000
247 299 2 8192 2.001000000
248 184 2 8192 2.001000000
249 185 2 8192 2.001000000
250 186 2 8192 2.001000000
251 187 2 8192 2.001000000
248 296 2 8192 2.001000000
249 297 2 8192 2.001000000
250 298 2 8192 2.001000000
251 299 2 8192 2.001000000
252 184 2 8192 2.001000000
253 185 2 8192 2.001000000
254 186 2 8192 2.001000000
255 187 2 8192 2.001000000
252 296 2 8192 2.001000000
253 297 2 8192 2.001000000
254 298 2 8192 2.001000000
255 299 2 8192 2.001000000
256 184 2 8192 2.001000000
257 185 2 8192 2.001000000
258 186 2 8192 2.001000000
259 187 2 8192 2.001000000
256 296 2 8192 2.001000000
257 297 2 8192 2.001000000
258 298 2 8192 2.001000000
259 299 2 8192 2.001000000
260 184 2 8192 2.001000000
261 185 2 8192 2.001000000
262 186 2 8192 2.001000000
263 187 2 8192 2.001000000
260 296 2 8192 2.001000000
261 297 2 8192 2.001000000
262 298 2 8192 2.001000000
263 299 2 8192 2.001000000
264 184 2 8192 2.001000000
265 185 2 8192 2.001000000
266 186 2 8192 2.001000000
267 187 2 8192 2.001000000
264 296 2 8192 2.001000000
265 297 2 8192 2.001000000
266 298 2 8192 2.001000000
267 299 2 8192 2.001000000
268 184 2 8192 2.001000000
269 185 2 8192 2.001000000
270 186 2 8192 2.001000000
271 187 2 8192 2.001000000
268 296 2 8192 2.001000000
269 297 2 8192 2.001000000
270 298 2 8192 2.001000000
271 299 2 8192 2.001000000
272 184 2 8192 2.001000000
273 185 2 8192 2.001000000
274 186 2 8192 2.001000000
275 187 2 8192 2.001000000
272 296 2 8192 2.001000000
273 297 2 8192 2.001000000
274 298 2 8192 2.001000000
275 299 2 8192 2.001000000
276 184 2 8192 2.001000000
277 185 2 8192 2.001000000
278 186 2 8192 2.001000000
279 187 2 8192 2.001000000
276 296 2 8192 2.001000000
277 297 2 8192 2.001000000
278 298 2 8192 2.001000000
279 299 2 8192 2.001000000
280 184 2 8192 2.001000000
281 185 2 8192 2.001000000
282 186 2 8192 2.001000000
283 187 2 8192 2.001000000
280 296 2 8192 2.001000000
281 297 2 8192 2.001000000
282 298 2 8192 2.001000000
283 299 2 8192 2.001000000
284 184 2 8192 2.001000000
285 185 2 8192 2.001000000
286 186 2 8192 2.001000000
287 187 2 8192 2.001000000
284 296 2 8192 2.001000000
285 297 2 8192 2.001000000
286 298 2 8192 2.001000000
287 299 2 8192 2.001000000
292 184 2 8192 2.001000000
293 185 2 8192 2.001000000
294 186 2 8192 2.001000000
295 187 2 8192 2.001000000
292 296 2 8192 2.001000000
293 297 2 8192 2.001000000
294 298 2 8192 2.001000000
295 299 2 8192 2.001000000
300 184 2 8192 2.001000000
301 185 2 8192 2.001000000
302 186 2 8192 2.001000000
303 187 2 8192 2.001000000
300 296 2 8192 2.001000000
301 297 2 8192 2.001000000
302 298 2 8192 2.001000000
303 299 2 8192 2.001000000
304 184 2 8192 2.001000000
305 185 2 8192 2.001000000
306 186 2 8192 2.001000000
307 187 2 8192 2.001000000
304 296 2 8192 2.001000000
305 297 2 8192 2.001000000
306 298 2 8192 2.001000000
307 299 2 8192 2.001000000
312 184 2 8192 2.001000000
313 185 2 8192 2.001000000
314 186 2 8192 2.001000000
315 187 2 8192 2.001000000
312 296 2 8192 2.001000000
313 297 2 8192 2.001000000
314 298 2 8192 2.001000000
315 299 2 8192 2.001000000
316 184 2 8192 2.001000000
317 185 2 8192 2.001000000
318 186 2 8192 2.001000000
319 187 2 8192 2.001000000
316 296 2 8192 2.001000000
317 297 2 8192 2.001000000
318 298 2 8192 2.001000000
319 299 2 8192 2.001000000
320 184 2 8192 2.001000000
321 185 2 8192 2.001000000
322 186 2 8192 2.001000000
323 187 2 8192 2.001000000
320 296 2 8192 2.001000000
321 297 2 8192 2.001000000
322 298 2 8192 2.001000000
323 299 2 8192 2.001000000
324 184 2 8192 2.001000000
325 185 2 8192 2.001000000
326 186 2 8192 2.001000000
327 187 2 8192 2.001000000
324 296 2 8192 2.001000000
325 297 2 8192 2.001000000
326 298 2 8192 2.001000000
327 299 2 8192 2.001000000
328 184 2 8192 2.001000000
329 185 2 8192 2.001000000
330 186 2 8192 2.001000000
331 187 2 8192 2.001000000
328 296 2 8192 2.001000000
329 297 2 8192 2.001000000
330 298 2 8192 2.001000000
331 299 2 8192 2.001000000
332 184 2 8192 2.001000000
333 185 2 8192 2.001000000
334 186 2 8192 2.001000000
335 187 2 8192 2.001000000
332 296 2 8192 2.001000000
333 297 2 8192 2.001000000
334 298 2 8192 2.001000000
335 299 2 8192 2.001000000
336 184 2 8192 2.001000000
337 185 2 8192 2.001000000
338 186 2 8192 2.001000000
339 187 2 8192 2.001000000
336 296 2 8192 2.001000000
337 297 2 8192 2.001000000
338 298 2 8192 2.001000000
339 299 2 8192 2.001000000
340 184 2 8192 2.001000000
341 185 2 8192 2.001000000
342 186 2 8192 2.001000000
343 187 2 8192 2.001000000
340 296 2 8192 2.001000000
341 297 2 8192 2.001000000
342 298 2 8192 2.001000000
343 299 2 8192 2.001000000
348 184 2 8192 2.001000000
349 185 2 8192 2.001000000
350 186 2 8192 2.001000000
351 187 2 8192 2.001000000
348 296 2 8192 2.001000000
349 297 2 8192 2.001000000
350 298 2 8192 2.001000000
351 299 2 8192 2.001000000
360 184 2 8192 2.001000000
361 185 2 8192 2.001000000
362 186 2 8192 2.001000000
363 187 2 8192 2.001000000
360 296 2 8192 2.001000000
361 297 2 8192 2.001000000
362 298 2 8192 2.001000000
363 299 2 8192 2.001000000
364 184 2 8192 2.001000000
365 185 2 8192 2.001000000
366 186 2 8192 2.001000000
367 187 2 8192 2.001000000
364 296 2 8192 2.001000000
365 297 2 8192 2.001000000
366 298 2 8192 2.001000000
367 299 2 8192 2.001000000
368 184 2 8192 2.001000000
369 185 2 8192 2.001000000
370 186 2 8192 2.001000000
371 187 2 8192 2.001000000
368 296 2 8192 2.001000000
369 297 2 8192 2.001000000
370 298 2 8192 2.001000000
371 299 2 8192 2.001000000
380 184 2 8192 2.001000000
381 185 2 8192 2.001000000
382 186 2 8192 2.001000000
383 187 2 8192 2.001000000
380 296 2 8192 2.001000000
381 297 2 8192 2.001000000
382 298 2 8192 2.001000000
383 299 2 8192 2.001000000
388 184 2 8192 2.001000000
389 185 2 8192 2.001000000
390 186 2 8192 2.001000000
391 187 2 8192 2.001000000
388 296 2 8192 2.001000000
389 297 2 8192 2.001000000
390 298 2 8192 2.001000000
391 299 2 8192 2.001000000
392 184 2 8192 2.001000000
393 185 2 8192 2.001000000
394 186 2 8192 2.001000000
395 187 2 8192 2.001000000
392 296 2 8192 2.001000000
393 297 2 8192 2.001000000
394 298 2 8192 2.001000000
395 299 2 8192 2.001000000
404 184 2 8192 2.001000000
405 185 2 8192 2.001000000
406 186 2 8192 2.001000000
407 187 2 8192 2.001000000
404 296 2 8192 2.001000000
405 297 2 8192 2.001000000
406 298 2 8192 2.001000000
407 299 2 8192 2.001000000
408 184 2 8192 2.001000000
409 185 2 8192 2.001000000
410 186 2 8192 2.001000000
411 187 2 8192 2.001000000
408 296 2 8192 2.001000000
409 297 2 8192 2.001000000
410 298 2 8192 2.001000000
411 299 2 8192 2.001000000
416 184 2 8192 2.001000000
417 185 2 8192 2.001000000
418 186 2 8192 2.001000000
419 187 2 8192 2.001000000
416 296 2 8192 2.001000000
417 297 2 8192 2.001000000
418 298 2 8192 2.001000000
419 299 2 8192 2.001000000
428 184 2 8192 2.001000000
429 185 2 8192 2.001000000
430 186 2 8192 2.001000000
431 187 2 8192 2.001000000
428 296 2 8192 2.001000000
429 297 2 8192 2.001000000
430 298 2 8192 2.001000000
431 299 2 8192 2.001000000
432 184 2 8192 2.001000000
433 185 2 8192 2.001000000
434 186 2 8192 2.001000000
435 187 2 8192 2.001000000
432 296 2 8192 2.001000000
433 297 2 8192 2.001000000
434 298 2 8192 2.001000000
435 299 2 8192 2.001000000
436 184 2 8192 2.001000000
437 185 2 8192 2.001000000
438 186 2 8192 2.001000000
439 187 2 8192 2.001000000
436 296 2 8192 2.001000000
437 297 2 8192 2.001000000
438 298 2 8192 2.001000000
439 299 2 8192 2.001000000
440 184 2 8192 2.001000000
441 185 2 8192 2.001000000
442 186 2 8192 2.001000000
443 187 2 8192 2.001000000
440 296 2 8192 2.001000000
441 297 2 8192 2.001000000
442 298 2 8192 2.001000000
443 299 2 8192 2.001000000
444 184 2 8192 2.001000000
445 185 2 8192 2.001000000
446 186 2 8192 2.001000000
447 187 2 8192 2.001000000
444 296 2 8192 2.001000000
445 297 2 8192 2.001000000
446 298 2 8192 2.001000000
447 299 2 8192 2.001000000
448 184 2 8192 2.001000000
449 185 2 8192 2.001000000
450 186 2 8192 2.001000000
451 187 2 8192 2.001000000
448 296 2 8192 2.001000000
449 297 2 8192 2.001000000
450 298 2 8192 2.001000000
451 299 2 8192 2.001000000
452 184 2 8192 2.001000000
453 185 2 8192 2.001000000
454 186 2 8192 2.001000000
455 187 2 8192 2.001000000
452 296 2 8192 2.001000000
453 297 2 8192 2.001000000
454 298 2 8192 2.001000000
455 299 2 8192 2.001000000
456 184 2 8192 2.001000000
457 185 2 8192 2.001000000
458 186 2 8192 2.001000000
459 187 2 8192 2.001000000
456 296 2 8192 2.001000000
457 297 2 8192 2.001000000
458 298 2 8192 2.001000000
459 299 2 8192 2.001000000
460 184 2 8192 2.001000000
461 185 2 8192 2.001000000
462 186 2 8192 2.001000000
463 187 2 8192 2.001000000
460 296 2 8192 2.001000000
461 297 2 8192 2.001000000
462 298 2 8192 2.001000000
463 299 2 8192 2.001000000
464 184 2 8192 2.001000000
465 185 2 8192 2.001000000
466 186 2 8192 2.001000000
467 187 2 8192 2.001000000
464 296 2 8192 2.001000000
465 297 2 8192 2.001000000
466 298 2 8192 2.001000000
467 299 2 8192 2.001000000
468 184 2 8192 2.001000000
469 185 2 8192 2.001000000
470 186 2 8192 2.001000000
471 187 2 8192 2.001000000
468 296 2 8192 2.001000000
469 297 2 8192 2.001000000
470 298 2 8192 2.001000000
471 299 2 8192 2.001000000
472 184 2 8192 2.001000000
473 185 2 8192 2.001000000
474 186 2 8192 2.001000000
475 187 2 8192 2.001000000
472 296 2 8192 2.001000000
473 297 2 8192 2.001000000
474 298 2 8192 2.001000000
475 299 2 8192 2.001000000
476 184 2 8192 2.001000000
477 185 2 8192 2.001000000
478 186 2 8192 2.001000000
479 187 2 8192 2.001000000
476 296 2 8192 2.001000000
477 297 2 8192 2.001000000
478 298 2 8192 2.001000000
479 299 2 8192 2.001000000
484 184 2 8192 2.001000000
485 185 2 8192 2.001000000
486 186 2 8192 2.001000000
487 187 2 8192 2.001000000
484 296 2 8192 2.001000000
485 297 2 8192 2.001000000
486 298 2 8192 2.001000000
487 299 2 8192 2.001000000
492 184 2 8192 2.001000000
493 185 2 8192 2.001000000
494 186 2 8192 2.001000000
495 187 2 8192 2.001000000
492 296 2 8192 2.001000000
493 297 2 8192 2.001000000
494 298 2 8192 2.001000000
495 299 2 8192 2.001000000
496 184 2 8192 2.001000000
497 185 2 8192 2.001000000
498 186 2 8192 2.001000000
499 187 2 8192 2.001000000
496 296 2 8192 2.001000000
497 297 2 8192 2.001000000
498 298 2 8192 2.001000000
499 299 2 8192 2.001000000
500 184 2 8192 2.001000000
501 185 2 8192 2.001000000
502 186 2 8192 2.001000000
503 187 2 8192 2.001000000
500 296 2 8192 2.001000000
501 297 2 8192 2.001000000
502 298 2 8192 2.001000000
503 299 2 8192 2.001000000
504 184 2 8192 2.001000000
505 185 2 8192 2.001000000
506 186 2 8192 2.001000000
507 187 2 8192 2.001000000
504 296 2 8192 2.001000000
505 297 2 8192 2.001000000
506 298 2 8192 2.001000000
507 299 2 8192 2.001000000
508 184 2 8192 2.001000000
509 185 2 8192 2.001000000
510 186 2 8192 2.001000000
511 187 2 8192 2.001000000
508 296 2 8192 2.001000000
509 297 2 8192 2.001000000
510 298 2 8192 2.001000000
511 299 2 8192 2.001000000
512 184 2 8192 2.001000000
513 185 2 8192 2.001000000
514 186 2 8192 2.001000000
515 187 2 8192 2.001000000
512 296 2 8192 2.001000000
513 297 2 8192 2.001000000
514 298 2 8192 2.001000000
515 299 2 8192 2.001000000
516 184 2 8192 2.001000000
517 185 2 8192 2.001000000
518 186 2 8192 2.001000000
519 187 2 8192 2.001000000
516 296 2 8192 2.001000000
517 297 2 8192 2.001000000
518 298 2 8192 2.001000000
519 299 2 8192 2.001000000
520 184 2 8192 2.001000000
521 185 2 8192 2.001000000
522 186 2 8192 2.001000000
523 187 2 8192 2.001000000
520 296 2 8192 2.001000000
521 297 2 8192 2.001000000
522 298 2 8192 2.001000000
523 299 2 8192 2.001000000
524 184 2 8192 2.001000000
525 185 2 8192 2.001000000
526 186 2 8192 2.001000000
527 187 2 8192 2.001000000
524 296 2 8192 2.001000000
525 297 2 8192 2.001000000
526 298 2 8192 2.001000000
527 299 2 8192 2.001000000
536 184 2 8192 2.001000000
537 185 2 8192 2.001000000
538 186 2 8192 2.001000000
539 187 2 8192 2.001000000
536 296 2 8192 2.001000000
537 297 2 8192 2.001000000
538 298 2 8192 2.001000000
539 299 2 8192 2.001000000
540 184 2 8192 2.001000000
541 185 2 8192 2.001000000
542 186 2 8192 2.001000000
543 187 2 8192 2.001000000
540 296 2 8192 2.001000000
541 297 2 8192 2.001000000
542 298 2 8192 2.001000000
543 299 2 8192 2.001000000
544 184 2 8192 2.001000000
545 185 2 8192 2.001000000
546 186 2 8192 2.001000000
547 187 2 8192 2.001000000
544 296 2 8192 2.001000000
545 297 2 8192 2.001000000
546 298 2 8192 2.001000000
547 299 2 8192 2.001000000
548 184 2 8192 2.001000000
549 185 2 8192 2.001000000
550 186 2 8192 2.001000000
551 187 2 8192 2.001000000
548 296 2 8192 2.001000000
549 297 2 8192 2.001000000
550 298 2 8192 2.001000000
551 299 2 8192 2.001000000
552 184 2 8192 2.001000000
553 185 2 8192 2.001000000
554 186 2 8192 2.001000000
555 187 2 8192 2.001000000
552 296 2 8192 2.001000000
553 297 2 8192 2.001000000
554 298 2 8192 2.001000000
555 299 2 8192 2.001000000
560 184 2 8192 2.001000000
561 185 2 8192 2.001000000
562 186 2 8192 2.001000000
563 187 2 8192 2.001000000
560 296 2 8192 2.001000000
561 297 2 8192 2.001000000
562 298 2 8192 2.001000000
563 299 2 8192 2.001000000
564 184 2 8192 2.001000000
565 185 2 8192 2.001000000
566 186 2 8192 2.001000000
567 187 2 8192 2.001000000
564 296 2 8192 2.001000000
565 297 2 8192 2.001000000
566 298 2 8192 2.001000000
567 299 2 8192 2.001000000
568 184 2 8192 2.001000000
569 185 2 8192 2.001000000
570 186 2 8192 2.001000000
571 187 2 8192 2.001000000
568 296 2 8192 2.001000000
569 297 2 8192 2.001000000
570 298 2 8192 2.001000000
571 299 2 8192 2.001000000
572 184 2 8192 2.001000000
573 185 2 8192 2.001000000
574 186 2 8192 2.001000000
575 187 2 8192 2.001000000
572 296 2 8192 2.001000000
573 297 2 8192 2.001000000
574 298 2 8192 2.001000000
575 299 2 8192 2.001000000
576 184 2 8192 2.001000000
577 185 2 8192 2.001000000
578 186 2 8192 2.001000000
579 187 2 8192 2.001000000
576 296 2 8192 2.001000000
577 297 2 8192 2.001000000
578 298 2 8192 2.001000000
579 299 2 8192 2.001000000
580 184 2 8192 2.001000000
581 185 2 8192 2.001000000
582 186 2 8192 2.001000000
583 187 2 8192 2.001000000
580 296 2 8192 2.001000000
581 297 2 8192 2.001000000
582 298 2 8192 2.001000000
583 299 2 8192 2.001000000
588 184 2 8192 2.001000000
589 185 2 8192 2.001000000
590 186 2 8192 2.001000000
591 187 2 8192 2.001000000
588 296 2 8192 2.001000000
589 297 2 8192 2.001000000
590 298 2 8192 2.001000000
591 299 2 8192 2.001000000
592 184 2 8192 2.001000000
593 185 2 8192 2.001000000
594 186 2 8192 2.001000000
595 187 2 8192 2.001000000
592 296 2 8192 2.001000000
593 297 2 8192 2.001000000
594 298 2 8192 2.001000000
595 299 2 8192 2.001000000
596 184 2 8192 2.001000000
597 185 2 8192 2.001000000
598 186 2 8192 2.001000000
599 187 2 8192 2.001000000
596 296 2 8192 2.001000000
597 297 2 8192 2.001000000
598 298 2 8192 2.001000000
599 299 2 8192 2.001000000
600 184 2 8192 2.001000000
601 185 2 8192 2.001000000
602 186 2 8192 2.001000000
603 187 2 8192 2.001000000
600 296 2 8192 2.001000000
601 297 2 8192 2.001000000
602 298 2 8192 2.001000000
603 299 2 8192 2.001000000
608 184 2 8192 2.001000000
609 185 2 8192 2.001000000
610 186 2 8192 2.001000000
611 187 2 8192 2.001000000
608 296 2 8192 2.001000000
609 297 2 8192 2.001000000
610 298 2 8192 2.001000000
611 299 2 8192 2.001000000
612 184 2 8192 2.001000000
613 185 2 8192 2.001000000
614 186 2 8192 2.001000000
615 187 2 8192 2.001000000
612 296 2 8192 2.001000000
613 297 2 8192 2.001000000
614 298 2 8192 2.001000000
615 299 2 8192 2.001000000
620 184 2 8192 2.001000000
621 185 2 8192 2.001000000
622 186 2 8192 2.001000000
623 187 2 8192 2.001000000
620 296 2 8192 2.001000000
621 297 2 8192 2.001000000
622 298 2 8192 2.001000000
623 299 2 8192 2.001000000
624 184 2 8192 2.001000000
625 185 2 8192 2.001000000
626 186 2 8192 2.001000000
627 187 2 8192 2.001000000
624 296 2 8192 2.001000000
625 297 2 8192 2.001000000
626 298 2 8192 2.001000000
627 299 2 8192 2.001000000
632 184 2 8192 2.001000000
633 185 2 8192 2.001000000
634 186 2 8192 2.001000000
635 187 2 8192 2.001000000
632 296 2 8192 2.001000000
633 297 2 8192 2.001000000
634 298 2 8192 2.001000000
635 299 2 8192 2.001000000
636 184 2 8192 2.001000000
637 185 2 8192 2.001000000
638 186 2 8192 2.001000000
639 187 2 8192 2.001000000
636 296 2 8192 2.001000000
637 297 2 8192 2.001000000
638 298 2 8192 2.001000000
639 299 2 8192 2.001000000
640 184 2 8192 2.001000000
641 185 2 8192 2.001000000
642 186 2 8192 2.001000000
643 187 2 8192 2.001000000
640 296 2 8192 2.001000000
641 297 2 8192 2.001000000
642 298 2 8192 2.001000000
643 299 2 8192 2.001000000
644 184 2 8192 2.001000000
645 185 2 8192 2.001000000
646 186 2 8192 2.001000000
647 187 2 8192 2.001000000
644 296 2 8192 2.001000000
645 297 2 8192 2.001000000
646 298 2 8192 2.001000000
647 299 2 8192 2.001000000
648 184 2 8192 2.001000000
649 185 2 8192 2.001000000
650 186 2 8192 2.001000000
651 187 2 8192 2.001000000
648 296 2 8192 2.001000000
649 297 2 8192 2.001000000
650 298 2 8192 2.001000000
651 299 2 8192 2.001000000
652 184 2 8192 2.001000000
653 185 2 8192 2.001000000
654 186 2 8192 2.001000000
655 187 2 8192 2.001000000
652 296 2 8192 2.001000000
653 297 2 8192 2.001000000
654 298 2 8192 2.001000000
655 299 2 8192 2.001000000
656 184 2 8192 2.001000000
657 185 2 8192 2.001000000
658 186 2 8192 2.001000000
659 187 2 8192 2.001000000
656 296 2 8192 2.001000000
657 297 2 8192 2.001000000
658 298 2 8192 2.001000000
659 299 2 8192 2.001000000
660 184 2 8192 2.001000000
661 185 2 8192 2.001000000
662 186 2 8192 2.001000000
663 187 2 8192 2.001000000
660 296 2 8192 2.001000000
661 297 2 8192 2.001000000
662 298 2 8192 2.001000000
663 299 2 8192 2.001000000
668 184 2 8192 2.001000000
669 185 2 8192 2.001000000
670 186 2 8192 2.001000000
671 187 2 8192 2.001000000
668 296 2 8192 2.001000000
669 297 2 8192 2.001000000
670 298 2 8192 2.001000000
671 299 2 8192 2.001000000
672 184 2 8192 2.001000000
673 185 2 8192 2.001000000
674 186 2 8192 2.001000000
675 187 2 8192 2.001000000
672 296 2 8192 2.001000000
673 297 2 8192 2.001000000
674 298 2 8192 2.001000000
675 299 2 8192 2.001000000
676 184 2 8192 2.001000000
677 185 2 8192 2.001000000
678 186 2 8192 2.001000000
679 187 2 8192 2.001000000
676 296 2 8192 2.001000000
677 297 2 8192 2.001000000
678 298 2 8192 2.001000000
679 299 2 8192 2.001000000
688 184 2 8192 2.001000000
689 185 2 8192 2.001000000
690 186 2 8192 2.001000000
691 187 2 8192 2.001000000
688 296 2 8192 2.001000000
689 297 2 8192 2.001000000
690 298 2 8192 2.001000000
691 299 2 8192 2.001000000
692 184 2 8192 2.001000000
693 185 2 8192 2.001000000
694 186 2 8192 2.001000000
695 187 2 8192 2.001000000
692 296 2 8192 2.001000000
693 297 2 8192 2.001000000
694 298 2 8192 2.001000000
695 299 2 8192 2.001000000
696 184 2 8192 2.001000000
697 185 2 8192 2.001000000
698 186 2 8192 2.001000000
699 187 2 8192 2.001000000
696 296 2 8192 2.001000000
697 297 2 8192 2.001000000
698 298 2 8192 2.001000000
699 299 2 8192 2.001000000
700 184 2 8192 2.001000000
701 185 2 8192 2.001000000
702 186 2 8192 2.001000000
703 187 2 8192 2.001000000
700 296 2 8192 2.001000000
701 297 2 8192 2.001000000
702 298 2 8192 2.001000000
703 299 2 8192 2.001000000
704 184 2 8192 2.001000000
705 185 2 8192 2.001000000
706 186 2 8192 2.001000000
707 187 2 8192 2.001000000
704 296 2 8192 2.001000000
705 297 2 8192 2.001000000
706 298 2 8192 2.001000000
707 299 2 8192 2.001000000
712 184 2 8192 2.001000000
713 185 2 8192 2.001000000
714 186 2 8192 2.001000000
715 187 2 8192 2.001000000
712 296 2 8192 2.001000000
713 297 2 8192 2.001000000
714 298 2 8192 2.001000000
715 299 2 8192 2.001000000
716 184 2 8192 2.001000000
717 185 2 8192 2.001000000
718 186 2 8192 2.001000000
719 187 2 8192 2.001000000
716 296 2 8192 2.001000000
717 297 2 8192 2.001000000
718 298 2 8192 2.001000000
719 299 2 8192 2.001000000
724 184 2 8192 2.001000000
725 185 2 8192 2.001000000
726 186 2 8192 2.001000000
727 187 2 8192 2.001000000
724 296 2 8192 2.001000000
725 297 2 8192 2.001000000
726 298 2 8192 2.001000000
727 299 2 8192 2.001000000
732 184 2 8192 2.001000000
733 185 2 8192 2.001000000
734 186 2 8192 2.001000000
735 187 2 8192 2.001000000
732 296 2 8192 2.001000000
733 297 2 8192 2.001000000
734 298 2 8192 2.001000000
735 299 2 8192 2.001000000
736 184 2 8192 2.001000000
737 185 2 8192 2.001000000
738 186 2 8192 2.001000000
739 187 2 8192 2.001000000
736 296 2 8192 2.001000000
737 297 2 8192 2.001000000
738 298 2 8192 2.001000000
739 299 2 8192 2.001000000
740 184 2 8192 2.001000000
741 185 2 8192 2.001000000
742 186 2 8192 2.001000000
743 187 2 8192 2.001000000
740 296 2 8192 2.001000000
741 297 2 8192 2.001000000
742 298 2 8192 2.001000000
743 299 2 8192 2.001000000
744 184 2 8192 2.001000000
745 185 2 8192 2.001000000
746 186 2 8192 2.001000000
747 187 2 8192 2.001000000
744 296 2 8192 2.001000000
745 297 2 8192 2.001000000
746 298 2 8192 2.001000000
747 299 2 8192 2.001000000
748 184 2 8192 2.001000000
749 185 2 8192 2.001000000
750 186 2 8192 2.001000000
751 187 2 8192 2.001000000
748 296 2 8192 2.001000000
749 297 2 8192 2.001000000
750 298 2 8192 2.001000000
751 299 2 8192 2.001000000
752 184 2 8192 2.001000000
753 185 2 8192 2.001000000
754 186 2 8192 2.001000000
755 187 2 8192 2.001000000
752 296 2 8192 2.001000000
753 297 2 8192 2.001000000
754 298 2 8192 2.001000000
755 299 2 8192 2.001000000
756 184 2 8192 2.001000000
757 185 2 8192 2.001000000
758 186 2 8192 2.001000000
759 187 2 8192 2.001000000
756 296 2 8192 2.001000000
757 297 2 8192 2.001000000
758 298 2 8192 2.001000000
759 299 2 8192 2.001000000
760 184 2 8192 2.001000000
761 185 2 8192 2.001000000
762 186 2 8192 2.001000000
763 187 2 8192 2.001000000
760 296 2 8192 2.001000000
761 297 2 8192 2.001000000
762 298 2 8192 2.001000000
763 299 2 8192 2.001000000
764 184 2 8192 2.001000000
765 185 2 8192 2.001000000
766 186 2 8192 2.001000000
767 187 2 8192 2.001000000
764 296 2 8192 2.001000000
765 297 2 8192 2.001000000
766 298 2 8192 2.001000000
767 299 2 8192 2.001000000
772 184 2 8192 2.001000000
773 185 2 8192 2.001000000
774 186 2 8192 2.001000000
775 187 2 8192 2.001000000
772 296 2 8192 2.001000000
773 297 2 8192 2.001000000
774 298 2 8192 2.001000000
775 299 2 8192 2.001000000
776 184 2 8192 2.001000000
777 185 2 8192 2.001000000
778 186 2 8192 2.001000000
779 187 2 8192 2.001000000
776 296 2 8192 2.001000000
777 297 2 8192 2.001000000
778 298 2 8192 2.001000000
779 299 2 8192 2.001000000
780 184 2 8192 2.001000000
781 185 2 8192 2.001000000
782 186 2 8192 2.001000000
783 187 2 8192 2.001000000
780 296 2 8192 2.001000000
781 297 2 8192 2.001000000
782 298 2 8192 2.001000000
783 299 2 8192 2.001000000
784 184 2 8192 2.001000000
785 185 2 8192 2.001000000
786 186 2 8192 2.001000000
787 187 2 8192 2.001000000
784 296 2 8192 2.001000000
785 297 2 8192 2.001000000
786 298 2 8192 2.001000000
787 299 2 8192 2.001000000
788 184 2 8192 2.001000000
789 185 2 8192 2.001000000
790 186 2 8192 2.001000000
791 187 2 8192 2.001000000
788 296 2 8192 2.001000000
789 297 2 8192 2.001000000
790 298 2 8192 2.001000000
791 299 2 8192 2.001000000
792 184 2 8192 2.001000000
793 185 2 8192 2.001000000
794 186 2 8192 2.001000000
795 187 2 8192 2.001000000
792 296 2 8192 2.001000000
793 297 2 8192 2.001000000
794 298 2 8192 2.001000000
795 299 2 8192 2.001000000
804 184 2 8192 2.001000000
805 185 2 8192 2.001000000
806 186 2 8192 2.001000000
807 187 2 8192 2.001000000
804 296 2 8192 2.001000000
805 297 2 8192 2.001000000
806 298 2 8192 2.001000000
807 299 2 8192 2.001000000
808 184 2 8192 2.001000000
809 185 2 8192 2.001000000
810 186 2 8192 2.001000000
811 187 2 8192 2.001000000
808 296 2 8192 2.001000000
809 297 2 8192 2.001000000
810 298 2 8192 2.001000000
811 299 2 8192 2.001000000
812 184 2 8192 2.001000000
813 185 2 8192 2.001000000
814 186 2 8192 2.001000000
815 187 2 8192 2.001000000
812 296 2 8192 2.001000000
813 297 2 8192 2.001000000
814 298 2 8192 2.001000000
815 299 2 8192 2.001000000
816 184 2 8192 2.001000000
817 185 2 8192 2.001000000
818 186 2 8192 2.001000000
819 187 2 8192 2.001000000
816 296 2 8192 2.001000000
817 297 2 8192 2.001000000
818 298 2 8192 2.001000000
819 299 2 8192 2.001000000
820 184 2 8192 2.001000000
821 185 2 8192 2.001000000
822 186 2 8192 2.001000000
823 187 2 8192 2.001000000
820 296 2 8192 2.001000000
821 297 2 8192 2.001000000
822 298 2 8192 2.001000000
823 299 2 8192 2.001000000
824 184 2 8192 2.001000000
825 185 2 8192 2.001000000
826 186 2 8192 2.001000000
827 187 2 8192 2.001000000
824 296 2 8192 2.001000000
825 297 2 8192 2.001000000
826 298 2 8192 2.001000000
827 299 2 8192 2.001000000
832 184 2 8192 2.001000000
833 185 2 8192 2.001000000
834 186 2 8192 2.001000000
835 187 2 8192 2.001000000
832 296 2 8192 2.001000000
833 297 2 8192 2.001000000
834 298 2 8192 2.001000000
835 299 2 8192 2.001000000
836 184 2 8192 2.001000000
837 185 2 8192 2.001000000
838 186 2 8192 2.001000000
839 187 2 8192 2.001000000
836 296 2 8192 2.001000000
837 297 2 8192 2.001000000
838 298 2 8192 2.001000000
839 299 2 8192 2.001000000
840 184 2 8192 2.001000000
841 185 2 8192 2.001000000
842 186 2 8192 2.001000000
843 187 2 8192 2.001000000
840 296 2 8192 2.001000000
841 297 2 8192 2.001000000
842 298 2 8192 2.001000000
843 299 2 8192 2.001000000
844 184 2 8192 2.001000000
845 185 2 8192 2.001000000
846 186 2 8192 2.001000000
847 187 2 8192 2.001000000
844 296 2 8192 2.001000000
845 297 2 8192 2.001000000
846 298 2 8192 2.001000000
847 299 2 8192 2.001000000
848 184 2 8192 2.001000000
849 185 2 8192 2.001000000
850 186 2 8192 2.001000000
851 187 2 8192 2.001000000
848 296 2 8192 2.001000000
849 297 2 8192 2.001000000
850 298 2 8192 2.001000000
851 299 2 8192 2.001000000
852 184 2 8192 2.001000000
853 185 2 8192 2.001000000
854 186 2 8192 2.001000000
855 187 2 8192 2.001000000
852 296 2 8192 2.001000000
853 297 2 8192 2.001000000
854 298 2 8192 2.001000000
855 299 2 8192 2.001000000
856 184 2 8192 2.001000000
857 185 2 8192 2.001000000
858 186 2 8192 2.001000000
859 187 2 8192 2.001000000
856 296 2 8192 2.001000000
857 297 2 8192 2.001000000
858 298 2 8192 2.001000000
859 299 2 8192 2.001000000
860 184 2 8192 2.001000000
861 185 2 8192 2.001000000
862 186 2 8192 2.001000000
863 187 2 8192 2.001000000
860 296 2 8192 2.001000000
861 297 2 8192 2.001000000
862 298 2 8192 2.001000000
863 299 2 8192 2.001000000
864 184 2 8192 2.001000000
865 185 2 8192 2.001000000
866 186 2 8192 2.001000000
867 187 2 8192 2.001000000
864 296 2 8192 2.001000000
865 297 2 8192 2.001000000
866 298 2 8192 2.001000000
867 299 2 8192 2.001000000
868 184 2 8192 2.001000000
869 185 2 8192 2.001000000
870 186 2 8192 2.001000000
871 187 2 8192 2.001000000
868 296 2 8192 2.001000000
869 297 2 8192 2.001000000
870 298 2 8192 2.001000000
871 299 2 8192 2.001000000
872 184 2 8192 2.001000000
873 185 2 8192 2.001000000
874 186 2 8192 2.001000000
875 187 2 8192 2.001000000
872 296 2 8192 2.001000000
873 297 2 8192 2.001000000
874 298 2 8192 2.001000000
875 299 2 8192 2.001000000
876 184 2 8192 2.001000000
877 185 2 8192 2.001000000
878 186 2 8192 2.001000000
879 187 2 8192 2.001000000
876 296 2 8192 2.001000000
877 297 2 8192 2.001000000
878 298 2 8192 2.001000000
879 299 2 8192 2.001000000
880 184 2 8192 2.001000000
881 185 2 8192 2.001000000
882 186 2 8192 2.001000000
883 187 2 8192 2.001000000
880 296 2 8192 2.001000000
881 297 2 8192 2.001000000
882 298 2 8192 2.001000000
883 299 2 8192 2.001000000
884 184 2 8192 2.001000000
885 185 2 8192 2.001000000
886 186 2 8192 2.001000000
887 187 2 8192 2.001000000
884 296 2 8192 2.001000000
885 297 2 8192 2.001000000
886 298 2 8192 2.001000000
887 299 2 8192 2.001000000
888 184 2 8192 2.001000000
889 185 2 8192 2.001000000
890 186 2 8192 2.001000000
891 187 2 8192 2.001000000
888 296 2 8192 2.001000000
889 297 2 8192 2.001000000
890 298 2 8192 2.001000000
891 299 2 8192 2.001000000
892 184 2 8192 2.001000000
893 185 2 8192 2.001000000
894 186 2 8192 2.001000000
895 187 2 8192 2.001000000
892 296 2 8192 2.001000000
893 297 2 8192 2.001000000
894 298 2 8192 2.001000000
895 299 2 8192 2.001000000
896 184 2 8192 2.001000000
897 185 2 8192 2.001000000
898 186 2 8192 2.001000000
899 187 2 8192 2.001000000
896 296 2 8192 2.001000000
897 297 2 8192 2.001000000
898 298 2 8192 2.001000000
899 299 2 8192 2.001000000
900 184 2 8192 2.001000000
901 185 2 8192 2.001000000
902 186 2 8192 2.001000000
903 187 2 8192 2.001000000
900 296 2 8192 2.001000000
901 297 2 8192 2.001000000
902 298 2 8192 2.001000000
903 299 2 8192 2.001000000
904 184 2 8192 2.001000000
905 185 2 8192 2.001000000
906 186 2 8192 2.001000000
907 187 2 8192 2.001000000
904 296 2 8192 2.001000000
905 297 2 8192 2.001000000
906 298 2 8192 2.001000000
907 299 2 8192 2.001000000
916 184 2 8192 2.001000000
917 185 2 8192 2.001000000
918 186 2 8192 2.001000000
919 187 2 8192 2.001000000
916 296 2 8192 2.001000000
917 297 2 8192 2.001000000
918 298 2 8192 2.001000000
919 299 2 8192 2.001000000
920 184 2 8192 2.001000000
921 185 2 8192 2.001000000
922 186 2 8192 2.001000000
923 187 2 8192 2.001000000
920 296 2 8192 2.001000000
921 297 2 8192 2.001000000
922 298 2 8192 2.001000000
923 299 2 8192 2.001000000
924 184 2 8192 2.001000000
925 185 2 8192 2.001000000
926 186 2 8192 2.001000000
927 187 2 8192 2.001000000
924 296 2 8192 2.001000000
925 297 2 8192 2.001000000
926 298 2 8192 2.001000000
927 299 2 8192 2.001000000
928 184 2 8192 2.001000000
929 185 2 8192 2.001000000
930 186 2 8192 2.001000000
931 187 2 8192 2.001000000
928 296 2 8192 2.001000000
929 297 2 8192 2.001000000
930 298 2 8192 2.001000000
931 299 2 8192 2.001000000
932 184 2 8192 2.001000000
933 185 2 8192 2.001000000
934 186 2 8192 2.001000000
935 187 2 8192 2.001000000
932 296 2 8192 2.001000000
933 297 2 8192 2.001000000
934 298 2 8192 2.001000000
935 299 2 8192 2.001000000
936 184 2 8192 2.001000000
937 185 2 8192 2.001000000
938 186 2 8192 2.001000000
939 187 2 8192 2.001000000
936 296 2 8192 2.001000000
937 297 2 8192 2.001000000
938 298 2 8192 2.001000000
939 299 2 8192 2.001000000
940 184 2 8192 2.001000000
941 185 2 8192 2.001000000
942 186 2 8192 2.001000000
943 187 2 8192 2.001000000
940 296 2 8192 2.001000000
941 297 2 8192 2.001000000
942 298 2 8192 2.001000000
943 299 2 8192 2.001000000
944 184 2 8192 2.001000000
945 185 2 8192 2.001000000
946 186 2 8192 2.001000000
947 187 2 8192 2.001000000
944 296 2 8192 2.001000000
945 297 2 8192 2.001000000
946 298 2 8192 2.001000000
947 299 2 8192 2.001000000
948 184 2 8192 2.001000000
949 185 2 8192 2.001000000
950 186 2 8192 2.001000000
951 187 2 8192 2.001000000
948 296 2 8192 2.001000000
949 297 2 8192 2.001000000
950 298 2 8192 2.001000000
951 299 2 8192 2.001000000
952 184 2 8192 2.001000000
953 185 2 8192 2.001000000
954 186 2 8192 2.001000000
955 187 2 8192 2.001000000
952 296 2 8192 2.001000000
953 297 2 8192 2.001000000
954 298 2 8192 2.001000000
955 299 2 8192 2.001000000
956 184 2 8192 2.001000000
957 185 2 8192 2.001000000
958 186 2 8192 2.001000000
959 187 2 8192 2.001000000
956 296 2 8192 2.001000000
957 297 2 8192 2.001000000
958 298 2 8192 2.001000000
959 299 2 8192 2.001000000
960 184 2 8192 2.001000000
961 185 2 8192 2.001000000
962 186 2 8192 2.001000000
963 187 2 8192 2.001000000
960 296 2 8192 2.001000000
961 297 2 8192 2.001000000
962 298 2 8192 2.001000000
963 299 2 8192 2.001000000
964 184 2 8192 2.001000000
965 185 2 8192 2.001000000
966 186 2 8192 2.001000000
967 187 2 8192 2.001000000
964 296 2 8192 2.001000000
965 297 2 8192 2.001000000
966 298 2 8192 2.001000000
967 299 2 8192 2.001000000
968 184 2 8192 2.001000000
969 185 2 8192 2.001000000
970 186 2 8192 2.001000000
971 187 2 8192 2.001000000
968 296 2 8192 2.001000000
969 297 2 8192 2.001000000
970 298 2 8192 2.001000000
971 299 2 8192 2.001000000
972 184 2 8192 2.001000000
973 185 2 8192 2.001000000
974 186 2 8192 2.001000000
975 187 2 8192 2.001000000
972 296 2 8192 2.001000000
973 297 2 8192 2.001000000
974 298 2 8192 2.001000000
975 299 2 8192 2.001000000
976 184 2 8192 2.001000000
977 185 2 8192 2.001000000
978 186 2 8192 2.001000000
979 187 2 8192 2.001000000
976 296 2 8192 2.001000000
977 297 2 8192 2.001000000
978 298 2 8192 2.001000000
979 299 2 8192 2.001000000
980 184 2 8192 2.001000000
981 185 2 8192 2.001000000
982 186 2 8192 2.001000000
983 187 2 8192 2.001000000
980 296 2 8192 2.001000000
981 297 2 8192 2.001000000
982 298 2 8192 2.001000000
983 299 2 8192 2.001000000
984 184 2 8192 2.001000000
985 185 2 8192 2.001000000
986 186 2 8192 2.001000000
987 187 2 8192 2.001000000
984 296 2 8192 2.001000000
985 297 2 8192 2.001000000
986 298 2 8192 2.001000000
987 299 2 8192 2.001000000
988 184 2 8192 2.001000000
989 185 2 8192 2.001000000
990 186 2 8192 2.001000000
991 187 2 8192 2.001000000
988 296 2 8192 2.001000000
989 297 2 8192 2.001000000
990 298 2 8192 2.001000000
991 299 2 8192 2.001000000
992 184 2 8192 2.001000000
993 185 2 8192 2.001000000
994 186 2 8192 2.001000000
995 187 2 8192 2.001000000
992 296 2 8192 2.001000000
993 297 2 8192 2.001000000
994 298 2 8192 2.001000000
995 299 2 8192 2.001000000
996 184 2 8192 2.001000000
997 185 2 8192 2.001000000
998 186 2 8192 2.001000000
999 187 2 8192 2.001000000
996 296 2 8192 2.001000000
997 297 2 8192 2.001000000
998 298 2 8192 2.001000000
999 299 2 8192 2.001000000
1008 184 2 8192 2.001000000
1009 185 2 8192 2.001000000
1010 186 2 8192 2.001000000
1011 187 2 8192 2.001000000
1008 296 2 8192 2.001000000
1009 297 2 8192 2.001000000
1010 298 2 8192 2.001000000
1011 299 2 8192 2.001000000
1016 184 2 8192 2.001000000
1017 185 2 8192 2.001000000
1018 186 2 8192 2.001000000
1019 187 2 8192 2.001000000
1016 296 2 8192 2.001000000
1017 297 2 8192 2.001000000
1018 298 2 8192 2.001000000
1019 299 2 8192 2.001000000
1020 184 2 8192 2.001000000
1021 185 2 8192 2.001000000
1022 186 2 8192 2.001000000
1023 187 2 8192 2.001000000
1020 296 2 8192 2.001000000
1021 297 2 8192 2.001000000
1022 298 2 8192 2.001000000
1023 299 2 8192 2.001000000
1032 184 2 8192 2.001000000
1033 185 2 8192 2.001000000
1034 186 2 8192 2.001000000
1035 187 2 8192 2.001000000
1032 296 2 8192 2.001000000
1033 297 2 8192 2.001000000
1034 298 2 8192 2.001000000
1035 299 2 8192 2.001000000
1036 184 2 8192 2.001000000
1037 185 2 8192 2.001000000
1038 186 2 8192 2.001000000
1039 187 2 8192 2.001000000
1036 296 2 8192 2.001000000
1037 297 2 8192 2.001000000
1038 298 2 8192 2.001000000
1039 299 2 8192 2.001000000
1040 184 2 8192 2.001000000
1041 185 2 8192 2.001000000
1042 186 2 8192 2.001000000
1043 187 2 8192 2.001000000
1040 296 2 8192 2.001000000
1041 297 2 8192 2.001000000
1042 298 2 8192 2.001000000
1043 299 2 8192 2.001000000
1044 184 2 8192 2.001000000
1045 185 2 8192 2.001000000
1046 186 2 8192 2.001000000
1047 187 2 8192 2.001000000
1044 296 2 8192 2.001000000
1045 297 2 8192 2.001000000
1046 298 2 8192 2.001000000
1047 299 2 8192 2.001000000
1048 184 2 8192 2.001000000
1049 185 2 8192 2.001000000
1050 186 2 8192 2.001000000
1051 187 2 8192 2.001000000
1048 296 2 8192 2.001000000
1049 297 2 8192 2.001000000
1050 298 2 8192 2.001000000
1051 299 2 8192 2.001000000
1056 184 2 8192 2.001000000
1057 185 2 8192 2.001000000
1058 186 2 8192 2.001000000
1059 187 2 8192 2.001000000
1056 296 2 8192 2.001000000
1057 297 2 8192 2.001000000
1058 298 2 8192 2.001000000
1059 299 2 8192 2.001000000
1060 184 2 8192 2.001000000
1061 185 2 8192 2.001000000
1062 186 2 8192 2.001000000
1063 187 2 8192 2.001000000
1060 296 2 8192 2.001000000
1061 297 2 8192 2.001000000
1062 298 2 8192 2.001000000
1063 299 2 8192 2.001000000
1064 184 2 8192 2.001000000
1065 185 2 8192 2.001000000
1066 186 2 8192 2.001000000
1067 187 2 8192 2.001000000
1064 296 2 8192 2.001000000
1065 297 2 8192 2.001000000
1066 298 2 8192 2.001000000
1067 299 2 8192 2.001000000
1068 184 2 8192 2.001000000
1069 185 2 8192 2.001000000
1070 186 2 8192 2.001000000
1071 187 2 8192 2.001000000
1068 296 2 8192 2.001000000
1069 297 2 8192 2.001000000
1070 298 2 8192 2.001000000
1071 299 2 8192 2.001000000
1072 184 2 8192 2.001000000
1073 185 2 8192 2.001000000
1074 186 2 8192 2.001000000
1075 187 2 8192 2.001000000
1072 296 2 8192 2.001000000
1073 297 2 8192 2.001000000
1074 298 2 8192 2.001000000
1075 299 2 8192 2.001000000
1076 184 2 8192 2.001000000
1077 185 2 8192 2.001000000
1078 186 2 8192 2.001000000
1079 187 2 8192 2.001000000
1076 296 2 8192 2.001000000
1077 297 2 8192 2.001000000
1078 298 2 8192 2.001000000
1079 299 2 8192 2.001000000
1080 184 2 8192 2.001000000
1081 185 2 8192 2.001000000
1082 186 2 8192 2.001000000
1083 187 2 8192 2.001000000
1080 296 2 8192 2.001000000
1081 297 2 8192 2.001000000
1082 298 2 8192 2.001000000
1083 299 2 8192 2.001000000
1084 184 2 8192 2.001000000
1085 185 2 8192 2.001000000
1086 186 2 8192 2.001000000
1087 187 2 8192 2.001000000
1084 296 2 8192 2.001000000
1085 297 2 8192 2.001000000
1086 298 2 8192 2.001000000
1087 299 2 8192 2.001000000
1088 184 2 8192 2.001000000
1089 185 2 8192 2.001000000
1090 186 2 8192 2.001000000
1091 187 2 8192 2.001000000
1088 296 2 8192 2.001000000
1089 297 2 8192 2.001000000
1090 298 2 8192 2.001000000
1091 299 2 8192 2.001000000
1096 184 2 8192 2.001000000
1097 185 2 8192 2.001000000
1098 186 2 8192 2.001000000
1099 187 2 8192 2.001000000
1096 296 2 8192 2.001000000
1097 297 2 8192 2.001000000
1098 298 2 8192 2.001000000
1099 299 2 8192 2.001000000
1104 184 2 8192 2.001000000
1105 185 2 8192 2.001000000
1106 186 2 8192 2.001000000
1107 187 2 8192 2.001000000
1104 296 2 8192 2.001000000
1105 297 2 8192 2.001000000
1106 298 2 8192 2.001000000
1107 299 2 8192 2.001000000
1108 184 2 8192 2.001000000
1109 185 2 8192 2.001000000
1110 186 2 8192 2.001000000
1111 187 2 8192 2.001000000
1108 296 2 8192 2.001000000
1109 297 2 8192 2.001000000
1110 298 2 8192 2.001000000
1111 299 2 8192 2.001000000
1112 184 2 8192 2.001000000
1113 185 2 8192 2.001000000
1114 186 2 8192 2.001000000
1115 187 2 8192 2.001000000
1112 296 2 8192 2.001000000
1113 297 2 8192 2.001000000
1114 298 2 8192 2.001000000
1115 299 2 8192 2.001000000
1116 184 2 8192 2.001000000
1117 185 2 8192 2.001000000
1118 186 2 8192 2.001000000
1119 187 2 8192 2.001000000
1116 296 2 8192 2.001000000
1117 297 2 8192 2.001000000
1118 298 2 8192 2.001000000
1119 299 2 8192 2.001000000
1120 184 2 8192 2.001000000
1121 185 2 8192 2.001000000
1122 186 2 8192 2.001000000
1123 187 2 8192 2.001000000
1120 296 2 8192 2.001000000
1121 297 2 8192 2.001000000
1122 298 2 8192 2.001000000
1123 299 2 8192 2.001000000
1124 184 2 8192 2.001000000
1125 185 2 8192 2.001000000
1126 186 2 8192 2.001000000
1127 187 2 8192 2.001000000
1124 296 2 8192 2.001000000
1125 297 2 8192 2.001000000
1126 298 2 8192 2.001000000
1127 299 2 8192 2.001000000
1128 184 2 8192 2.001000000
1129 185 2 8192 2.001000000
1130 186 2 8192 2.001000000
1131 187 2 8192 2.001000000
1128 296 2 8192 2.001000000
1129 297 2 8192 2.001000000
1130 298 2 8192 2.001000000
1131 299 2 8192 2.001000000
1136 184 2 8192 2.001000000
1137 185 2 8192 2.001000000
1138 186 2 8192 2.001000000
1139 187 2 8192 2.001000000
1136 296 2 8192 2.001000000
1137 297 2 8192 2.001000000
1138 298 2 8192 2.001000000
1139 299 2 8192 2.001000000
1140 184 2 8192 2.001000000
1141 185 2 8192 2.001000000
1142 186 2 8192 2.001000000
1143 187 2 8192 2.001000000
1140 296 2 8192 2.001000000
1141 297 2 8192 2.001000000
1142 298 2 8192 2.001000000
1143 299 2 8192 2.001000000
1144 184 2 8192 2.001000000
1145 185 2 8192 2.001000000
1146 186 2 8192 2.001000000
1147 187 2 8192 2.001000000
1144 296 2 8192 2.001000000
1145 297 2 8192 2.001000000
1146 298 2 8192 2.001000000
1147 299 2 8192 2.001000000
1148 184 2 8192 2.001000000
1149 185 2 8192 2.001000000
1150 186 2 8192 2.001000000
1151 187 2 8192 2.001000000
1148 296 2 8192 2.001000000
1149 297 2 8192 2.001000000
1150 298 2 8192 2.001000000
1151 299 2 8192 2.001000000
1152 184 2 8192 2.001000000
1153 185 2 8192 2.001000000
1154 186 2 8192 2.001000000
1155 187 2 8192 2.001000000
1152 296 2 8192 2.001000000
1153 297 2 8192 2.001000000
1154 298 2 8192 2.001000000
1155 299 2 8192 2.001000000
1156 184 2 8192 2.001000000
1157 185 2 8192 2.001000000
1158 186 2 8192 2.001000000
1159 187 2 8192 2.001000000
1156 296 2 8192 2.001000000
1157 297 2 8192 2.001000000
1158 298 2 8192 2.001000000
1159 299 2 8192 2.001000000
1160 184 2 8192 2.001000000
1161 185 2 8192 2.001000000
1162 186 2 8192 2.001000000
1163 187 2 8192 2.001000000
1160 296 2 8192 2.001000000
1161 297 2 8192 2.001000000
1162 298 2 8192 2.001000000
1163 299 2 8192 2.001000000
1164 184 2 8192 2.001000000
1165 185 2 8192 2.001000000
1166 186 2 8192 2.001000000
1167 187 2 8192 2.001000000
1164 296 2 8192 2.001000000
1165 297 2 8192 2.001000000
1166 298 2 8192 2.001000000
1167 299 2 8192 2.001000000
1168 184 2 8192 2.001000000
1169 185 2 8192 2.001000000
1170 186 2 8192 2.001000000
1171 187 2 8192 2.001000000
1168 296 2 8192 2.001000000
1169 297 2 8192 2.001000000
1170 298 2 8192 2.001000000
1171 299 2 8192 2.001000000
1172 184 2 8192 2.001000000
1173 185 2 8192 2.001000000
1174 186 2 8192 2.001000000
1175 187 2 8192 2.001000000
1172 296 2 8192 2.001000000
1173 297 2 8192 2.001000000
1174 298 2 8192 2.001000000
1175 299 2 8192 2.001000000
1180 184 2 8192 2.001000000
1181 185 2 8192 2.001000000
1182 186 2 8192 2.001000000
1183 187 2 8192 2.001000000
1180 296 2 8192 2.001000000
1181 297 2 8192 2.001000000
1182 298 2 8192 2.001000000
1183 299 2 8192 2.001000000
1184 184 2 8192 2.001000000
1185 185 2 8192 2.001000000
1186 186 2 8192 2.001000000
1187 187 2 8192 2.001000000
1184 296 2 8192 2.001000000
1185 297 2 8192 2.001000000
1186 298 2 8192 2.001000000
1187 299 2 8192 2.001000000
1188 184 2 8192 2.001000000
1189 185 2 8192 2.001000000
1190 186 2 8192 2.001000000
1191 187 2 8192 2.001000000
1188 296 2 8192 2.001000000
1189 297 2 8192 2.001000000
1190 298 2 8192 2.001000000
1191 299 2 8192 2.001000000
1192 184 2 8192 2.001000000
1193 185 2 8192 2.001000000
1194 186 2 8192 2.001000000
1195 187 2 8192 2.001000000
1192 296 2 8192 2.001000000
1193 297 2 8192 2.001000000
1194 298 2 8192 2.001000000
1195 299 2 8192 2.001000000
1200 184 2 8192 2.001000000
1201 185 2 8192 2.001000000
1202 186 2 8192 2.001000000
1203 187 2 8192 2.001000000
1200 296 2 8192 2.001000000
1201 297 2 8192 2.001000000
1202 298 2 8192 2.001000000
1203 299 2 8192 2.001000000
1208 184 2 8192 2.001000000
1209 185 2 8192 2.001000000
1210 186 2 8192 2.001000000
1211 187 2 8192 2.001000000
1208 296 2 8192 2.001000000
1209 297 2 8192 2.001000000
1210 298 2 8192 2.001000000
1211 299 2 8192 2.001000000
1212 184 2 8192 2.001000000
1213 185 2 8192 2.001000000
1214 186 2 8192 2.001000000
1215 187 2 8192 2.001000000
1212 296 2 8192 2.001000000
1213 297 2 8192 2.001000000
1214 298 2 8192 2.001000000
1215 299 2 8192 2.001000000
1216 184 2 8192 2.001000000
1217 185 2 8192 2.001000000
1218 186 2 8192 2.001000000
1219 187 2 8192 2.001000000
1216 296 2 8192 2.001000000
1217 297 2 8192 2.001000000
1218 298 2 8192 2.001000000
1219 299 2 8192 2.001000000
1220 184 2 8192 2.001000000
1221 185 2 8192 2.001000000
1222 186 2 8192 2.001000000
1223 187 2 8192 2.001000000
1220 296 2 8192 2.001000000
1221 297 2 8192 2.001000000
1222 298 2 8192 2.001000000
1223 299 2 8192 2.001000000
1224 184 2 8192 2.001000000
1225 185 2 8192 2.001000000
1226 186 2 8192 2.001000000
1227 187 2 8192 2.001000000
1224 296 2 8192 2.001000000
1225 297 2 8192 2.001000000
1226 298 2 8192 2.001000000
1227 299 2 8192 2.001000000
1228 184 2 8192 2.001000000
1229 185 2 8192 2.001000000
1230 186 2 8192 2.001000000
1231 187 2 8192 2.001000000
1228 296 2 8192 2.001000000
1229 297 2 8192 2.001000000
1230 298 2 8192 2.001000000
1231 299 2 8192 2.001000000
1232 184 2 8192 2.001000000
1233 185 2 8192 2.001000000
1234 186 2 8192 2.001000000
1235 187 2 8192 2.001000000
1232 296 2 8192 2.001000000
1233 297 2 8192 2.001000000
1234 298 2 8192 2.001000000
1235 299 2 8192 2.001000000
1236 184 2 8192 2.001000000
1237 185 2 8192 2.001000000
1238 186 2 8192 2.001000000
1239 187 2 8192 2.001000000
1236 296 2 8192 2.001000000
1237 297 2 8192 2.001000000
1238 298 2 8192 2.001000000
1239 299 2 8192 2.001000000
1240 184 2 8192 2.001000000
1241 185 2 8192 2.001000000
1242 186 2 8192 2.001000000
1243 187 2 8192 2.001000000
1240 296 2 8192 2.001000000
1241 297 2 8192 2.001000000
1242 298 2 8192 2.001000000
1243 299 2 8192 2.001000000
1248 184 2 8192 2.001000000
1249 185 2 8192 2.001000000
1250 186 2 8192 2.001000000
1251 187 2 8192 2.001000000
1248 296 2 8192 2.001000000
1249 297 2 8192 2.001000000
1250 298 2 8192 2.001000000
1251 299 2 8192 2.001000000
1252 184 2 8192 2.001000000
1253 185 2 8192 2.001000000
1254 186 2 8192 2.001000000
1255 187 2 8192 2.001000000
1252 296 2 8192 2.001000000
1253 297 2 8192 2.001000000
1254 298 2 8192 2.001000000
1255 299 2 8192 2.001000000
1260 184 2 8192 2.001000000
1261 185 2 8192 2.001000000
1262 186 2 8192 2.001000000
1263 187 2 8192 2.001000000
1260 296 2 8192 2.001000000
1261 297 2 8192 2.001000000
1262 298 2 8192 2.001000000
1263 299 2 8192 2.001000000
1264 184 2 8192 2.001000000
1265 185 2 8192 2.001000000
1266 186 2 8192 2.001000000
1267 187 2 8192 2.001000000
1264 296 2 8192 2.001000000
1265 297 2 8192 2.001000000
1266 298 2 8192 2.001000000
1267 299 2 8192 2.001000000
1272 184 2 8192 2.001000000
1273 185 2 8192 2.001000000
1274 186 2 8192 2.001000000
1275 187 2 8192 2.001000000
1272 296 2 8192 2.001000000
1273 297 2 8192 2.001000000
1274 298 2 8192 2.001000000
1275 299 2 8192 2.001000000
1276 184 2 8192 2.001000000
1277 185 2 8192 2.001000000
1278 186 2 8192 2.001000000
1279 187 2 8192 2.001000000
1276 296 2 8192 2.001000000
1277 297 2 8192 2.001000000
1278 298 2 8192 2.001000000
1279 299 2 8192 2.001000000
0 1092 2 8192 2.001000000
1 1093 2 8192 2.001000000
2 1094 2 8192 2.001000000
3 1095 2 8192 2.001000000
0 424 2 8192 2.001000000
1 425 2 8192 2.001000000
2 426 2 8192 2.001000000
3 427 2 8192 2.001000000
8 1092 2 8192 2.001000000
9 1093 2 8192 2.001000000
10 1094 2 8192 2.001000000
11 1095 2 8192 2.001000000
8 424 2 8192 2.001000000
9 425 2 8192 2.001000000
10 426 2 8192 2.001000000
11 427 2 8192 2.001000000
12 1092 2 8192 2.001000000
13 1093 2 8192 2.001000000
14 1094 2 8192 2.001000000
15 1095 2 8192 2.001000000
12 424 2 8192 2.001000000
13 425 2 8192 2.001000000
14 426 2 8192 2.001000000
15 427 2 8192 2.001000000
16 1092 2 8192 2.001000000
17 1093 2 8192 2.001000000
18 1094 2 8192 2.001000000
19 1095 2 8192 2.001000000
16 424 2 8192 2.001000000
17 425 2 8192 2.001000000
18 426 2 8192 2.001000000
19 427 2 8192 2.001000000
24 1092 2 8192 2.001000000
25 1093 2 8192 2.001000000
26 1094 2 8192 2.001000000
27 1095 2 8192 2.001000000
24 424 2 8192 2.001000000
25 425 2 8192 2.001000000
26 426 2 8192 2.001000000
27 427 2 8192 2.001000000
28 1092 2 8192 2.001000000
29 1093 2 8192 2.001000000
30 1094 2 8192 2.001000000
31 1095 2 8192 2.001000000
28 424 2 8192 2.001000000
29 425 2 8192 2.001000000
30 426 2 8192 2.001000000
31 427 2 8192 2.001000000
32 1092 2 8192 2.001000000
33 1093 2 8192 2.001000000
34 1094 2 8192 2.001000000
35 1095 2 8192 2.001000000
32 424 2 8192 2.001000000
33 425 2 8192 2.001000000
34 426 2 8192 2.001000000
35 427 2 8192 2.001000000
36 1092 2 8192 2.001000000
37 1093 2 8192 2.001000000
38 1094 2 8192 2.001000000
39 1095 2 8192 2.001000000
36 424 2 8192 2.001000000
37 425 2 8192 2.001000000
38 426 2 8192 2.001000000
39 427 2 8192 2.001000000
48 1092 2 8192 2.001000000
49 1093 2 8192 2.001000000
50 1094 2 8192 2.001000000
51 1095 2 8192 2.001000000
48 424 2 8192 2.001000000
49 425 2 8192 2.001000000
50 426 2 8192 2.001000000
51 427 2 8192 2.001000000
52 1092 2 8192 2.001000000
53 1093 2 8192 2.001000000
54 1094 2 8192 2.001000000
55 1095 2 8192 2.001000000
52 424 2 8192 2.001000000
53 425 2 8192 2.001000000
54 426 2 8192 2.001000000
55 427 2 8192 2.001000000
56 1092 2 8192 2.001000000
57 1093 2 8192 2.001000000
58 1094 2 8192 2.001000000
59 1095 2 8192 2.001000000
56 424 2 8192 2.001000000
57 425 2 8192 2.001000000
58 426 2 8192 2.001000000
59 427 2 8192 2.001000000
60 1092 2 8192 2.001000000
61 1093 2 8192 2.001000000
62 1094 2 8192 2.001000000
63 1095 2 8192 2.001000000
60 424 2 8192 2.001000000
61 425 2 8192 2.001000000
62 426 2 8192 2.001000000
63 427 2 8192 2.001000000
64 1092 2 8192 2.001000000
65 1093 2 8192 2.001000000
66 1094 2 8192 2.001000000
67 1095 2 8192 2.001000000
64 424 2 8192 2.001000000
65 425 2 8192 2.001000000
66 426 2 8192 2.001000000
67 427 2 8192 2.001000000
68 1092 2 8192 2.001000000
69 1093 2 8192 2.001000000
70 1094 2 8192 2.001000000
71 1095 2 8192 2.001000000
68 424 2 8192 2.001000000
69 425 2 8192 2.001000000
70 426 2 8192 2.001000000
71 427 2 8192 2.001000000
72 1092 2 8192 2.001000000
73 1093 2 8192 2.001000000
74 1094 2 8192 2.001000000
75 1095 2 8192 2.001000000
72 424 2 8192 2.001000000
73 425 2 8192 2.001000000
74 426 2 8192 2.001000000
75 427 2 8192 2.001000000
80 1092 2 8192 2.001000000
81 1093 2 8192 2.001000000
82 1094 2 8192 2.001000000
83 1095 2 8192 2.001000000
80 424 2 8192 2.001000000
81 425 2 8192 2.001000000
82 426 2 8192 2.001000000
83 427 2 8192 2.001000000
84 1092 2 8192 2.001000000
85 1093 2 8192 2.001000000
86 1094 2 8192 2.001000000
87 1095 2 8192 2.001000000
84 424 2 8192 2.001000000
85 425 2 8192 2.001000000
86 426 2 8192 2.001000000
87 427 2 8192 2.001000000
88 1092 2 8192 2.001000000
89 1093 2 8192 2.001000000
90 1094 2 8192 2.001000000
91 1095 2 8192 2.001000000
88 424 2 8192 2.001000000
89 425 2 8192 2.001000000
90 426 2 8192 2.001000000
91 427 2 8192 2.001000000
92 1092 2 8192 2.001000000
93 1093 2 8192 2.001000000
94 1094 2 8192 2.001000000
95 1095 2 8192 2.001000000
92 424 2 8192 2.001000000
93 425 2 8192 2.001000000
94 426 2 8192 2.001000000
95 427 2 8192 2.001000000
96 1092 2 8192 2.001000000
97 1093 2 8192 2.001000000
98 1094 2 8192 2.001000000
99 1095 2 8192 2.001000000
96 424 2 8192 2.001000000
97 425 2 8192 2.001000000
98 426 2 8192 2.001000000
99 427 2 8192 2.001000000
108 1092 2 8192 2.001000000
109 1093 2 8192 2.001000000
110 1094 2 8192 2.001000000
111 1095 2 8192 2.001000000
108 424 2 8192 2.001000000
109 425 2 8192 2.001000000
110 426 2 8192 2.001000000
111 427 2 8192 2.001000000
112 1092 2 8192 2.001000000
113 1093 2 8192 2.001000000
114 1094 2 8192 2.001000000
115 1095 2 8192 2.001000000
112 424 2 8192 2.001000000
113 425 2 8192 2.001000000
114 426 2 8192 2.001000000
115 427 2 8192 2.001000000
116 1092 2 8192 2.001000000
117 1093 2 8192 2.001000000
118 1094 2 8192 2.001000000
119 1095 2 8192 2.001000000
116 424 2 8192 2.001000000
117 425 2 8192 2.001000000
118 426 2 8192 2.001000000
119 427 2 8192 2.001000000
120 1092 2 8192 2.001000000
121 1093 2 8192 2.001000000
122 1094 2 8192 2.001000000
123 1095 2 8192 2.001000000
120 424 2 8192 2.001000000
121 425 2 8192 2.001000000
122 426 2 8192 2.001000000
123 427 2 8192 2.001000000
124 1092 2 8192 2.001000000
125 1093 2 8192 2.001000000
126 1094 2 8192 2.001000000
127 1095 2 8192 2.001000000
124 424 2 8192 2.001000000
125 425 2 8192 2.001000000
126 426 2 8192 2.001000000
127 427 2 8192 2.001000000
128 1092 2 8192 2.001000000
129 1093 2 8192 2.001000000
130 1094 2 8192 2.001000000
131 1095 2 8192 2.001000000
128 424 2 8192 2.001000000
129 425 2 8192 2.001000000
130 426 2 8192 2.001000000
131 427 2 8192 2.001000000
140 1092 2 8192 2.001000000
141 1093 2 8192 2.001000000
142 1094 2 8192 2.001000000
143 1095 2 8192 2.001000000
140 424 2 8192 2.001000000
141 425 2 8192 2.001000000
142 426 2 8192 2.001000000
143 427 2 8192 2.001000000
144 1092 2 8192 2.001000000
145 1093 2 8192 2.001000000
146 1094 2 8192 2.001000000
147 1095 2 8192 2.001000000
144 424 2 8192 2.001000000
145 425 2 8192 2.001000000
146 426 2 8192 2.001000000
147 427 2 8192 2.001000000
156 1092 2 8192 2.001000000
157 1093 2 8192 2.001000000
158 1094 2 8192 2.001000000
159 1095 2 8192 2.001000000
156 424 2 8192 2.001000000
157 425 2 8192 2.001000000
158 426 2 8192 2.001000000
159 427 2 8192 2.001000000
160 1092 2 8192 2.001000000
161 1093 2 8192 2.001000000
162 1094 2 8192 2.001000000
163 1095 2 8192 2.001000000
160 424 2 8192 2.001000000
161 425 2 8192 2.001000000
162 426 2 8192 2.001000000
163 427 2 8192 2.001000000
164 1092 2 8192 2.001000000
165 1093 2 8192 2.001000000
166 1094 2 8192 2.001000000
167 1095 2 8192 2.001000000
164 424 2 8192 2.001000000
165 425 2 8192 2.001000000
166 426 2 8192 2.001000000
167 427 2 8192 2.001000000
168 1092 2 8192 2.001000000
169 1093 2 8192 2.001000000
170 1094 2 8192 2.001000000
171 1095 2 8192 2.001000000
168 424 2 8192 2.001000000
169 425 2 8192 2.001000000
170 426 2 8192 2.001000000
171 427 2 8192 2.001000000
172 1092 2 8192 2.001000000
173 1093 2 8192 2.001000000
174 1094 2 8192 2.001000000
175 1095 2 8192 2.001000000
172 424 2 8192 2.001000000
173 425 2 8192 2.001000000
174 426 2 8192 2.001000000
175 427 2 8192 2.001000000
176 1092 2 8192 2.001000000
177 1093 2 8192 2.001000000
178 1094 2 8192 2.001000000
179 1095 2 8192 2.001000000
176 424 2 8192 2.001000000
177 425 2 8192 2.001000000
178 426 2 8192 2.001000000
179 427 2 8192 2.001000000
180 1092 2 8192 2.001000000
181 1093 2 8192 2.001000000
182 1094 2 8192 2.001000000
183 1095 2 8192 2.001000000
180 424 2 8192 2.001000000
181 425 2 8192 2.001000000
182 426 2 8192 2.001000000
183 427 2 8192 2.001000000
188 1092 2 8192 2.001000000
189 1093 2 8192 2.001000000
190 1094 2 8192 2.001000000
191 1095 2 8192 2.001000000
188 424 2 8192 2.001000000
189 425 2 8192 2.001000000
190 426 2 8192 2.001000000
191 427 2 8192 2.001000000
196 1092 2 8192 2.001000000
197 1093 2 8192 2.001000000
198 1094 2 8192 2.001000000
199 1095 2 8192 2.001000000
196 424 2 8192 2.001000000
197 425 2 8192 2.001000000
198 426 2 8192 2.001000000
199 427 2 8192 2.001000000
200 1092 2 8192 2.001000000
201 1093 2 8192 2.001000000
202 1094 2 8192 2.001000000
203 1095 2 8192 2.001000000
200 424 2 8192 2.001000000
201 425 2 8192 2.001000000
202 426 2 8192 2.001000000
203 427 2 8192 2.001000000
204 1092 2 8192 2.001000000
205 1093 2 8192 2.001000000
206 1094 2 8192 2.001000000
207 1095 2 8192 2.001000000
204 424 2 8192 2.001000000
205 425 2 8192 2.001000000
206 426 2 8192 2.001000000
207 427 2 8192 2.001000000
208 1092 2 8192 2.001000000
209 1093 2 8192 2.001000000
210 1094 2 8192 2.001000000
211 1095 2 8192 2.001000000
208 424 2 8192 2.001000000
209 425 2 8192 2.001000000
210 426 2 8192 2.001000000
211 427 2 8192 2.001000000
216 1092 2 8192 2.001000000
217 1093 2 8192 2.001000000
218 1094 2 8192 2.001000000
219 1095 2 8192 2.001000000
216 424 2 8192 2.001000000
217 425 2 8192 2.001000000
218 426 2 8192 2.001000000
219 427 2 8192 2.001000000
220 1092 2 8192 2.001000000
221 1093 2 8192 2.001000000
222 1094 2 8192 2.001000000
223 1095 2 8192 2.001000000
220 424 2 8192 2.001000000
221 425 2 8192 2.001000000
222 426 2 8192 2.001000000
223 427 2 8192 2.001000000
224 1092 2 8192 2.001000000
225 1093 2 8192 2.001000000
226 1094 2 8192 2.001000000
227 1095 2 8192 2.001000000
224 424 2 8192 2.001000000
225 425 2 8192 2.001000000
226 426 2 8192 2.001000000
227 427 2 8192 2.001000000
228 1092 2 8192 2.001000000
229 1093 2 8192 2.001000000
230 1094 2 8192 2.001000000
231 1095 2 8192 2.001000000
228 424 2 8192 2.001000000
229 425 2 8192 2.001000000
230 426 2 8192 2.001000000
231 427 2 8192 2.001000000
232 1092 2 8192 2.001000000
233 1093 2 8192 2.001000000
234 1094 2 8192 2.001000000
235 1095 2 8192 2.001000000
232 424 2 8192 2.001000000
233 425 2 8192 2.001000000
234 426 2 8192 2.001000000
235 427 2 8192 2.001000000
236 1092 2 8192 2.001000000
237 1093 2 8192 2.001000000
238 1094 2 8192 2.001000000
239 1095 2 8192 2.001000000
236 424 2 8192 2.001000000
237 425 2 8192 2.001000000
238 426 2 8192 2.001000000
239 427 2 8192 2.001000000
240 1092 2 8192 2.001000000
241 1093 2 8192 2.001000000
242 1094 2 8192 2.001000000
243 1095 2 8192 2.001000000
240 424 2 8192 2.001000000
241 425 2 8192 2.001000000
242 426 2 8192 2.001000000
243 427 2 8192 2.001000000
244 1092 2 8192 2.001000000
245 1093 2 8192 2.001000000
246 1094 2 8192 2.001000000
247 1095 2 8192 2.001000000
244 424 2 8192 2.001000000
245 425 2 8192 2.001000000
246 426 2 8192 2.001000000
247 427 2 8192 2.001000000
248 1092 2 8192 2.001000000
249 1093 2 8192 2.001000000
250 1094 2 8192 2.001000000
251 1095 2 8192 2.001000000
248 424 2 8192 2.001000000
249 425 2 8192 2.001000000
250 426 2 8192 2.001000000
251 427 2 8192 2.001000000
252 1092 2 8192 2.001000000
253 1093 2 8192 2.001000000
254 1094 2 8192 2.001000000
255 1095 2 8192 2.001000000
252 424 2 8192 2.001000000
253 425 2 8192 2.001000000
254 426 2 8192 2.001000000
255 427 2 8192 2.001000000
256 1092 2 8192 2.001000000
257 1093 2 8192 2.001000000
258 1094 2 8192 2.001000000
259 1095 2 8192 2.001000000
256 424 2 8192 2.001000000
257 425 2 8192 2.001000000
258 426 2 8192 2.001000000
259 427 2 8192 2.001000000
260 1092 2 8192 2.001000000
261 1093 2 8192 2.001000000
262 1094 2 8192 2.001000000
263 1095 2 8192 2.001000000
260 424 2 8192 2.001000000
261 425 2 8192 2.001000000
262 426 2 8192 2.001000000
263 427 2 8192 2.001000000
264 1092 2 8192 2.001000000
265 1093 2 8192 2.001000000
266 1094 2 8192 2.001000000
267 1095 2 8192 2.001000000
264 424 2 8192 2.001000000
265 425 2 8192 2.001000000
266 426 2 8192 2.001000000
267 427 2 8192 2.001000000
268 1092 2 8192 2.001000000
269 1093 2 8192 2.001000000
270 1094 2 8192 2.001000000
271 1095 2 8192 2.001000000
268 424 2 8192 2.001000000
269 425 2 8192 2.001000000
270 426 2 8192 2.001000000
271 427 2 8192 2.001000000
272 1092 2 8192 2.001000000
273 1093 2 8192 2.001000000
274 1094 2 8192 2.001000000
275 1095 2 8192 2.001000000
272 424 2 8192 2.001000000
273 425 2 8192 2.001000000
274 426 2 8192 2.001000000
275 427 2 8192 2.001000000
276 1092 2 8192 2.001000000
277 1093 2 8192 2.001000000
278 1094 2 8192 2.001000000
279 1095 2 8192 2.001000000
276 424 2 8192 2.001000000
277 425 2 8192 2.001000000
278 426 2 8192 2.001000000
279 427 2 8192 2.001000000
280 1092 2 8192 2.001000000
281 1093 2 8192 2.001000000
282 1094 2 8192 2.001000000
283 1095 2 8192 2.001000000
280 424 2 8192 2.001000000
281 425 2 8192 2.001000000
282 426 2 8192 2.001000000
283 427 2 8192 2.001000000
284 1092 2 8192 2.001000000
285 1093 2 8192 2.001000000
286 1094 2 8192 2.001000000
287 1095 2 8192 2.001000000
284 424 2 8192 2.001000000
285 425 2 8192 2.001000000
286 426 2 8192 2.001000000
287 427 2 8192 2.001000000
292 1092 2 8192 2.001000000
293 1093 2 8192 2.001000000
294 1094 2 8192 2.001000000
295 1095 2 8192 2.001000000
292 424 2 8192 2.001000000
293 425 2 8192 2.001000000
294 426 2 8192 2.001000000
295 427 2 8192 2.001000000
300 1092 2 8192 2.001000000
301 1093 2 8192 2.001000000
302 1094 2 8192 2.001000000
303 1095 2 8192 2.001000000
300 424 2 8192 2.001000000
301 425 2 8192 2.001000000
302 426 2 8192 2.001000000
303 427 2 8192 2.001000000
304 1092 2 8192 2.001000000
305 1093 2 8192 2.001000000
306 1094 2 8192 2.001000000
307 1095 2 8192 2.001000000
304 424 2 8192 2.001000000
305 425 2 8192 2.001000000
306 426 2 8192 2.001000000
307 427 2 8192 2.001000000
312 1092 2 8192 2.001000000
313 1093 2 8192 2.001000000
314 1094 2 8192 2.001000000
315 1095 2 8192 2.001000000
312 424 2 8192 2.001000000
313 425 2 8192 2.001000000
314 426 2 8192 2.001000000
315 427 2 8192 2.001000000
316 1092 2 8192 2.001000000
317 1093 2 8192 2.001000000
318 1094 2 8192 2.001000000
319 1095 2 8192 2.001000000
316 424 2 8192 2.001000000
317 425 2 8192 2.001000000
318 426 2 8192 2.001000000
319 427 2 8192 2.001000000
320 1092 2 8192 2.001000000
321 1093 2 8192 2.001000000
322 1094 2 8192 2.001000000
323 1095 2 8192 2.001000000
320 424 2 8192 2.001000000
321 425 2 8192 2.001000000
322 426 2 8192 2.001000000
323 427 2 8192 2.001000000
324 1092 2 8192 2.001000000
325 1093 2 8192 2.001000000
326 1094 2 8192 2.001000000
327 1095 2 8192 2.001000000
324 424 2 8192 2.001000000
325 425 2 8192 2.001000000
326 426 2 8192 2.001000000
327 427 2 8192 2.001000000
328 1092 2 8192 2.001000000
329 1093 2 8192 2.001000000
330 1094 2 8192 2.001000000
331 1095 2 8192 2.001000000
328 424 2 8192 2.001000000
329 425 2 8192 2.001000000
330 426 2 8192 2.001000000
331 427 2 8192 2.001000000
332 1092 2 8192 2.001000000
333 1093 2 8192 2.001000000
334 1094 2 8192 2.001000000
335 1095 2 8192 2.001000000
332 424 2 8192 2.001000000
333 425 2 8192 2.001000000
334 426 2 8192 2.001000000
335 427 2 8192 2.001000000
336 1092 2 8192 2.001000000
337 1093 2 8192 2.001000000
338 1094 2 8192 2.001000000
339 1095 2 8192 2.001000000
336 424 2 8192 2.001000000
337 425 2 8192 2.001000000
338 426 2 8192 2.001000000
339 427 2 8192 2.001000000
340 1092 2 8192 2.001000000
341 1093 2 8192 2.001000000
342 1094 2 8192 2.001000000
343 1095 2 8192 2.001000000
340 424 2 8192 2.001000000
341 425 2 8192 2.001000000
342 426 2 8192 2.001000000
343 427 2 8192 2.001000000
348 1092 2 8192 2.001000000
349 1093 2 8192 2.001000000
350 1094 2 8192 2.001000000
351 1095 2 8192 2.001000000
348 424 2 8192 2.001000000
349 425 2 8192 2.001000000
350 426 2 8192 2.001000000
351 427 2 8192 2.001000000
360 1092 2 8192 2.001000000
361 1093 2 8192 2.001000000
362 1094 2 8192 2.001000000
363 1095 2 8192 2.001000000
360 424 2 8192 2.001000000
361 425 2 8192 2.001000000
362 426 2 8192 2.001000000
363 427 2 8192 2.001000000
364 1092 2 8192 2.001000000
365 1093 2 8192 2.001000000
366 1094 2 8192 2.001000000
367 1095 2 8192 2.001000000
364 424 2 8192 2.001000000
365 425 2 8192 2.001000000
366 426 2 8192 2.001000000
367 427 2 8192 2.001000000
368 1092 2 8192 2.001000000
369 1093 2 8192 2.001000000
370 1094 2 8192 2.001000000
371 1095 2 8192 2.001000000
368 424 2 8192 2.001000000
369 425 2 8192 2.001000000
370 426 2 8192 2.001000000
371 427 2 8192 2.001000000
380 1092 2 8192 2.001000000
381 1093 2 8192 2.001000000
382 1094 2 8192 2.001000000
383 1095 2 8192 2.001000000
380 424 2 8192 2.001000000
381 425 2 8192 2.001000000
382 426 2 8192 2.001000000
383 427 2 8192 2.001000000
388 1092 2 8192 2.001000000
389 1093 2 8192 2.001000000
390 1094 2 8192 2.001000000
391 1095 2 8192 2.001000000
388 424 2 8192 2.001000000
389 425 2 8192 2.001000000
390 426 2 8192 2.001000000
391 427 2 8192 2.001000000
392 1092 2 8192 2.001000000
393 1093 2 8192 2.001000000
394 1094 2 8192 2.001000000
395 1095 2 8192 2.001000000
392 424 2 8192 2.001000000
393 425 2 8192 2.001000000
394 426 2 8192 2.001000000
395 427 2 8192 2.001000000
404 1092 2 8192 2.001000000
405 1093 2 8192 2.001000000
406 1094 2 8192 2.001000000
407 1095 2 8192 2.001000000
404 424 2 8192 2.001000000
405 425 2 8192 2.001000000
406 426 2 8192 2.001000000
407 427 2 8192 2.001000000
408 1092 2 8192 2.001000000
409 1093 2 8192 2.001000000
410 1094 2 8192 2.001000000
411 1095 2 8192 2.001000000
408 424 2 8192 2.001000000
409 425 2 8192 2.001000000
410 426 2 8192 2.001000000
411 427 2 8192 2.001000000
416 1092 2 8192 2.001000000
417 1093 2 8192 2.001000000
418 1094 2 8192 2.001000000
419 1095 2 8192 2.001000000
416 424 2 8192 2.001000000
417 425 2 8192 2.001000000
418 426 2 8192 2.001000000
419 427 2 8192 2.001000000
428 1092 2 8192 2.001000000
429 1093 2 8192 2.001000000
430 1094 2 8192 2.001000000
431 1095 2 8192 2.001000000
428 424 2 8192 2.001000000
429 425 2 8192 2.001000000
430 426 2 8192 2.001000000
431 427 2 8192 2.001000000
432 1092 2 8192 2.001000000
433 1093 2 8192 2.001000000
434 1094 2 8192 2.001000000
435 1095 2 8192 2.001000000
432 424 2 8192 2.001000000
433 425 2 8192 2.001000000
434 426 2 8192 2.001000000
435 427 2 8192 2.001000000
436 1092 2 8192 2.001000000
437 1093 2 8192 2.001000000
438 1094 2 8192 2.001000000
439 1095 2 8192 2.001000000
436 424 2 8192 2.001000000
437 425 2 8192 2.001000000
438 426 2 8192 2.001000000
439 427 2 8192 2.001000000
440 1092 2 8192 2.001000000
441 1093 2 8192 2.001000000
442 1094 2 8192 2.001000000
443 1095 2 8192 2.001000000
440 424 2 8192 2.001000000
441 425 2 8192 2.001000000
442 426 2 8192 2.001000000
443 427 2 8192 2.001000000
444 1092 2 8192 2.001000000
445 1093 2 8192 2.001000000
446 1094 2 8192 2.001000000
447 1095 2 8192 2.001000000
444 424 2 8192 2.001000000
445 425 2 8192 2.001000000
446 426 2 8192 2.001000000
447 427 2 8192 2.001000000
448 1092 2 8192 2.001000000
449 1093 2 8192 2.001000000
450 1094 2 8192 2.001000000
451 1095 2 8192 2.001000000
448 424 2 8192 2.001000000
449 425 2 8192 2.001000000
450 426 2 8192 2.001000000
451 427 2 8192 2.001000000
452 1092 2 8192 2.001000000
453 1093 2 8192 2.001000000
454 1094 2 8192 2.001000000
455 1095 2 8192 2.001000000
452 424 2 8192 2.001000000
453 425 2 8192 2.001000000
454 426 2 8192 2.001000000
455 427 2 8192 2.001000000
456 1092 2 8192 2.001000000
457 1093 2 8192 2.001000000
458 1094 2 8192 2.001000000
459 1095 2 8192 2.001000000
456 424 2 8192 2.001000000
457 425 2 8192 2.001000000
458 426 2 8192 2.001000000
459 427 2 8192 2.001000000
460 1092 2 8192 2.001000000
461 1093 2 8192 2.001000000
462 1094 2 8192 2.001000000
463 1095 2 8192 2.001000000
460 424 2 8192 2.001000000
461 425 2 8192 2.001000000
462 426 2 8192 2.001000000
463 427 2 8192 2.001000000
464 1092 2 8192 2.001000000
465 1093 2 8192 2.001000000
466 1094 2 8192 2.001000000
467 1095 2 8192 2.001000000
464 424 2 8192 2.001000000
465 425 2 8192 2.001000000
466 426 2 8192 2.001000000
467 427 2 8192 2.001000000
468 1092 2 8192 2.001000000
469 1093 2 8192 2.001000000
470 1094 2 8192 2.001000000
471 1095 2 8192 2.001000000
468 424 2 8192 2.001000000
469 425 2 8192 2.001000000
470 426 2 8192 2.001000000
471 427 2 8192 2.001000000
472 1092 2 8192 2.001000000
473 1093 2 8192 2.001000000
474 1094 2 8192 2.001000000
475 1095 2 8192 2.001000000
472 424 2 8192 2.001000000
473 425 2 8192 2.001000000
474 426 2 8192 2.001000000
475 427 2 8192 2.001000000
476 1092 2 8192 2.001000000
477 1093 2 8192 2.001000000
478 1094 2 8192 2.001000000
479 1095 2 8192 2.001000000
476 424 2 8192 2.001000000
477 425 2 8192 2.001000000
478 426 2 8192 2.001000000
479 427 2 8192 2.001000000
484 1092 2 8192 2.001000000
485 1093 2 8192 2.001000000
486 1094 2 8192 2.001000000
487 1095 2 8192 2.001000000
484 424 2 8192 2.001000000
485 425 2 8192 2.001000000
486 426 2 8192 2.001000000
487 427 2 8192 2.001000000
492 1092 2 8192 2.001000000
493 1093 2 8192 2.001000000
494 1094 2 8192 2.001000000
495 1095 2 8192 2.001000000
492 424 2 8192 2.001000000
493 425 2 8192 2.001000000
494 426 2 8192 2.001000000
495 427 2 8192 2.001000000
496 1092 2 8192 2.001000000
497 1093 2 8192 2.001000000
498 1094 2 8192 2.001000000
499 1095 2 8192 2.001000000
496 424 2 8192 2.001000000
497 425 2 8192 2.001000000
498 426 2 8192 2.001000000
499 427 2 8192 2.001000000
500 1092 2 8192 2.001000000
501 1093 2 8192 2.001000000
502 1094 2 8192 2.001000000
503 1095 2 8192 2.001000000
500 424 2 8192 2.001000000
501 425 2 8192 2.001000000
502 426 2 8192 2.001000000
503 427 2 8192 2.001000000
504 1092 2 8192 2.001000000
505 1093 2 8192 2.001000000
506 1094 2 8192 2.001000000
507 1095 2 8192 2.001000000
504 424 2 8192 2.001000000
505 425 2 8192 2.001000000
506 426 2 8192 2.001000000
507 427 2 8192 2.001000000
508 1092 2 8192 2.001000000
509 1093 2 8192 2.001000000
510 1094 2 8192 2.001000000
511 1095 2 8192 2.001000000
508 424 2 8192 2.001000000
509 425 2 8192 2.001000000
510 426 2 8192 2.001000000
511 427 2 8192 2.001000000
512 1092 2 8192 2.001000000
513 1093 2 8192 2.001000000
514 1094 2 8192 2.001000000
515 1095 2 8192 2.001000000
512 424 2 8192 2.001000000
513 425 2 8192 2.001000000
514 426 2 8192 2.001000000
515 427 2 8192 2.001000000
516 1092 2 8192 2.001000000
517 1093 2 8192 2.001000000
518 1094 2 8192 2.001000000
519 1095 2 8192 2.001000000
516 424 2 8192 2.001000000
517 425 2 8192 2.001000000
518 426 2 8192 2.001000000
519 427 2 8192 2.001000000
520 1092 2 8192 2.001000000
521 1093 2 8192 2.001000000
522 1094 2 8192 2.001000000
523 1095 2 8192 2.001000000
520 424 2 8192 2.001000000
521 425 2 8192 2.001000000
522 426 2 8192 2.001000000
523 427 2 8192 2.001000000
524 1092 2 8192 2.001000000
525 1093 2 8192 2.001000000
526 1094 2 8192 2.001000000
527 1095 2 8192 2.001000000
524 424 2 8192 2.001000000
525 425 2 8192 2.001000000
526 426 2 8192 2.001000000
527 427 2 8192 2.001000000
536 1092 2 8192 2.001000000
537 1093 2 8192 2.001000000
538 1094 2 8192 2.001000000
539 1095 2 8192 2.001000000
536 424 2 8192 2.001000000
537 425 2 8192 2.001000000
538 426 2 8192 2.001000000
539 427 2 8192 2.001000000
540 1092 2 8192 2.001000000
541 1093 2 8192 2.001000000
542 1094 2 8192 2.001000000
543 1095 2 8192 2.001000000
540 424 2 8192 2.001000000
541 425 2 8192 2.001000000
542 426 2 8192 2.001000000
543 427 2 8192 2.001000000
544 1092 2 8192 2.001000000
545 1093 2 8192 2.001000000
546 1094 2 8192 2.001000000
547 1095 2 8192 2.001000000
544 424 2 8192 2.001000000
545 425 2 8192 2.001000000
546 426 2 8192 2.001000000
547 427 2 8192 2.001000000
548 1092 2 8192 2.001000000
549 1093 2 8192 2.001000000
550 1094 2 8192 2.001000000
551 1095 2 8192 2.001000000
548 424 2 8192 2.001000000
549 425 2 8192 2.001000000
550 426 2 8192 2.001000000
551 427 2 8192 2.001000000
552 1092 2 8192 2.001000000
553 1093 2 8192 2.001000000
554 1094 2 8192 2.001000000
555 1095 2 8192 2.001000000
552 424 2 8192 2.001000000
553 425 2 8192 2.001000000
554 426 2 8192 2.001000000
555 427 2 8192 2.001000000
560 1092 2 8192 2.001000000
561 1093 2 8192 2.001000000
562 1094 2 8192 2.001000000
563 1095 2 8192 2.001000000
560 424 2 8192 2.001000000
561 425 2 8192 2.001000000
562 426 2 8192 2.001000000
563 427 2 8192 2.001000000
564 1092 2 8192 2.001000000
565 1093 2 8192 2.001000000
566 1094 2 8192 2.001000000
567 1095 2 8192 2.001000000
564 424 2 8192 2.001000000
565 425 2 8192 2.001000000
566 426 2 8192 2.001000000
567 427 2 8192 2.001000000
568 1092 2 8192 2.001000000
569 1093 2 8192 2.001000000
570 1094 2 8192 2.001000000
571 1095 2 8192 2.001000000
568 424 2 8192 2.001000000
569 425 2 8192 2.001000000
570 426 2 8192 2.001000000
571 427 2 8192 2.001000000
572 1092 2 8192 2.001000000
573 1093 2 8192 2.001000000
574 1094 2 8192 2.001000000
575 1095 2 8192 2.001000000
572 424 2 8192 2.001000000
573 425 2 8192 2.001000000
574 426 2 8192 2.001000000
575 427 2 8192 2.001000000
576 1092 2 8192 2.001000000
577 1093 2 8192 2.001000000
578 1094 2 8192 2.001000000
579 1095 2 8192 2.001000000
576 424 2 8192 2.001000000
577 425 2 8192 2.001000000
578 426 2 8192 2.001000000
579 427 2 8192 2.001000000
580 1092 2 8192 2.001000000
581 1093 2 8192 2.001000000
582 1094 2 8192 2.001000000
583 1095 2 8192 2.001000000
580 424 2 8192 2.001000000
581 425 2 8192 2.001000000
582 426 2 8192 2.001000000
583 427 2 8192 2.001000000
588 1092 2 8192 2.001000000
589 1093 2 8192 2.001000000
590 1094 2 8192 2.001000000
591 1095 2 8192 2.001000000
588 424 2 8192 2.001000000
589 425 2 8192 2.001000000
590 426 2 8192 2.001000000
591 427 2 8192 2.001000000
592 1092 2 8192 2.001000000
593 1093 2 8192 2.001000000
594 1094 2 8192 2.001000000
595 1095 2 8192 2.001000000
592 424 2 8192 2.001000000
593 425 2 8192 2.001000000
594 426 2 8192 2.001000000
595 427 2 8192 2.001000000
596 1092 2 8192 2.001000000
597 1093 2 8192 2.001000000
598 1094 2 8192 2.001000000
599 1095 2 8192 2.001000000
596 424 2 8192 2.001000000
597 425 2 8192 2.001000000
598 426 2 8192 2.001000000
599 427 2 8192 2.001000000
600 1092 2 8192 2.001000000
601 1093 2 8192 2.001000000
602 1094 2 8192 2.001000000
603 1095 2 8192 2.001000000
600 424 2 8192 2.001000000
601 425 2 8192 2.001000000
602 426 2 8192 2.001000000
603 427 2 8192 2.001000000
608 1092 2 8192 2.001000000
609 1093 2 8192 2.001000000
610 1094 2 8192 2.001000000
611 1095 2 8192 2.001000000
608 424 2 8192 2.001000000
609 425 2 8192 2.001000000
610 426 2 8192 2.001000000
611 427 2 8192 2.001000000
612 1092 2 8192 2.001000000
613 1093 2 8192 2.001000000
614 1094 2 8192 2.001000000
615 1095 2 8192 2.001000000
612 424 2 8192 2.001000000
613 425 2 8192 2.001000000
614 426 2 8192 2.001000000
615 427 2 8192 2.001000000
620 1092 2 8192 2.001000000
621 1093 2 8192 2.001000000
622 1094 2 8192 2.001000000
623 1095 2 8192 2.001000000
620 424 2 8192 2.001000000
621 425 2 8192 2.001000000
622 426 2 8192 2.001000000
623 427 2 8192 2.001000000
624 1092 2 8192 2.001000000
625 1093 2 8192 2.001000000
626 1094 2 8192 2.001000000
627 1095 2 8192 2.001000000
624 424 2 8192 2.001000000
625 425 2 8192 2.001000000
626 426 2 8192 2.001000000
627 427 2 8192 2.001000000
632 1092 2 8192 2.001000000
633 1093 2 8192 2.001000000
634 1094 2 8192 2.001000000
635 1095 2 8192 2.001000000
632 424 2 8192 2.001000000
633 425 2 8192 2.001000000
634 426 2 8192 2.001000000
635 427 2 8192 2.001000000
636 1092 2 8192 2.001000000
637 1093 2 8192 2.001000000
638 1094 2 8192 2.001000000
639 1095 2 8192 2.001000000
636 424 2 8192 2.001000000
637 425 2 8192 2.001000000
638 426 2 8192 2.001000000
639 427 2 8192 2.001000000
640 1092 2 8192 2.001000000
641 1093 2 8192 2.001000000
642 1094 2 8192 2.001000000
643 1095 2 8192 2.001000000
640 424 2 8192 2.001000000
641 425 2 8192 2.001000000
642 426 2 8192 2.001000000
643 427 2 8192 2.001000000
644 1092 2 8192 2.001000000
645 1093 2 8192 2.001000000
646 1094 2 8192 2.001000000
647 1095 2 8192 2.001000000
644 424 2 8192 2.001000000
645 425 2 8192 2.001000000
646 426 2 8192 2.001000000
647 427 2 8192 2.001000000
648 1092 2 8192 2.001000000
649 1093 2 8192 2.001000000
650 1094 2 8192 2.001000000
651 1095 2 8192 2.001000000
648 424 2 8192 2.001000000
649 425 2 8192 2.001000000
650 426 2 8192 2.001000000
651 427 2 8192 2.001000000
652 1092 2 8192 2.001000000
653 1093 2 8192 2.001000000
654 1094 2 8192 2.001000000
655 1095 2 8192 2.001000000
652 424 2 8192 2.001000000
653 425 2 8192 2.001000000
654 426 2 8192 2.001000000
655 427 2 8192 2.001000000
656 1092 2 8192 2.001000000
657 1093 2 8192 2.001000000
658 1094 2 8192 2.001000000
659 1095 2 8192 2.001000000
656 424 2 8192 2.001000000
657 425 2 8192 2.001000000
658 426 2 8192 2.001000000
659 427 2 8192 2.001000000
660 1092 2 8192 2.001000000
661 1093 2 8192 2.001000000
662 1094 2 8192 2.001000000
663 1095 2 8192 2.001000000
660 424 2 8192 2.001000000
661 425 2 8192 2.001000000
662 426 2 8192 2.001000000
663 427 2 8192 2.001000000
668 1092 2 8192 2.001000000
669 1093 2 8192 2.001000000
670 1094 2 8192 2.001000000
671 1095 2 8192 2.001000000
668 424 2 8192 2.001000000
669 425 2 8192 2.001000000
670 426 2 8192 2.001000000
671 427 2 8192 2.001000000
672 1092 2 8192 2.001000000
673 1093 2 8192 2.001000000
674 1094 2 8192 2.001000000
675 1095 2 8192 2.001000000
672 424 2 8192 2.001000000
673 425 2 8192 2.001000000
674 426 2 8192 2.001000000
675 427 2 8192 2.001000000
676 1092 2 8192 2.001000000
677 1093 2 8192 2.001000000
678 1094 2 8192 2.001000000
679 1095 2 8192 2.001000000
676 424 2 8192 2.001000000
677 425 2 8192 2.001000000
678 426 2 8192 2.001000000
679 427 2 8192 2.001000000
688 1092 2 8192 2.001000000
689 1093 2 8192 2.001000000
690 1094 2 8192 2.001000000
691 1095 2 8192 2.001000000
688 424 2 8192 2.001000000
689 425 2 8192 2.001000000
690 426 2 8192 2.001000000
691 427 2 8192 2.001000000
692 1092 2 8192 2.001000000
693 1093 2 8192 2.001000000
694 1094 2 8192 2.001000000
695 1095 2 8192 2.001000000
692 424 2 8192 2.001000000
693 425 2 8192 2.001000000
694 426 2 8192 2.001000000
695 427 2 8192 2.001000000
696 1092 2 8192 2.001000000
697 1093 2 8192 2.001000000
698 1094 2 8192 2.001000000
699 1095 2 8192 2.001000000
696 424 2 8192 2.001000000
697 425 2 8192 2.001000000
698 426 2 8192 2.001000000
699 427 2 8192 2.001000000
700 1092 2 8192 2.001000000
701 1093 2 8192 2.001000000
702 1094 2 8192 2.001000000
703 1095 2 8192 2.001000000
700 424 2 8192 2.001000000
701 425 2 8192 2.001000000
702 426 2 8192 2.001000000
703 427 2 8192 2.001000000
704 1092 2 8192 2.001000000
705 1093 2 8192 2.001000000
706 1094 2 8192 2.001000000
707 1095 2 8192 2.001000000
704 424 2 8192 2.001000000
705 425 2 8192 2.001000000
706 426 2 8192 2.001000000
707 427 2 8192 2.001000000
712 1092 2 8192 2.001000000
713 1093 2 8192 2.001000000
714 1094 2 8192 2.001000000
715 1095 2 8192 2.001000000
712 424 2 8192 2.001000000
713 425 2 8192 2.001000000
714 426 2 8192 2.001000000
715 427 2 8192 2.001000000
716 1092 2 8192 2.001000000
717 1093 2 8192 2.001000000
718 1094 2 8192 2.001000000
719 1095 2 8192 2.001000000
716 424 2 8192 2.001000000
717 425 2 8192 2.001000000
718 426 2 8192 2.001000000
719 427 2 8192 2.001000000
724 1092 2 8192 2.001000000
725 1093 2 8192 2.001000000
726 1094 2 8192 2.001000000
727 1095 2 8192 2.001000000
724 424 2 8192 2.001000000
725 425 2 8192 2.001000000
726 426 2 8192 2.001000000
727 427 2 8192 2.001000000
732 1092 2 8192 2.001000000
733 1093 2 8192 2.001000000
734 1094 2 8192 2.001000000
735 1095 2 8192 2.001000000
732 424 2 8192 2.001000000
733 425 2 8192 2.001000000
734 426 2 8192 2.001000000
735 427 2 8192 2.001000000
736 1092 2 8192 2.001000000
737 1093 2 8192 2.001000000
738 1094 2 8192 2.001000000
739 1095 2 8192 2.001000000
736 424 2 8192 2.001000000
737 425 2 8192 2.001000000
738 426 2 8192 2.001000000
739 427 2 8192 2.001000000
740 1092 2 8192 2.001000000
741 1093 2 8192 2.001000000
742 1094 2 8192 2.001000000
743 1095 2 8192 2.001000000
740 424 2 8192 2.001000000
741 425 2 8192 2.001000000
742 426 2 8192 2.001000000
743 427 2 8192 2.001000000
744 1092 2 8192 2.001000000
745 1093 2 8192 2.001000000
746 1094 2 8192 2.001000000
747 1095 2 8192 2.001000000
744 424 2 8192 2.001000000
745 425 2 8192 2.001000000
746 426 2 8192 2.001000000
747 427 2 8192 2.001000000
748 1092 2 8192 2.001000000
749 1093 2 8192 2.001000000
750 1094 2 8192 2.001000000
751 1095 2 8192 2.001000000
748 424 2 8192 2.001000000
749 425 2 8192 2.001000000
750 426 2 8192 2.001000000
751 427 2 8192 2.001000000
752 1092 2 8192 2.001000000
753 1093 2 8192 2.001000000
754 1094 2 8192 2.001000000
755 1095 2 8192 2.001000000
752 424 2 8192 2.001000000
753 425 2 8192 2.001000000
754 426 2 8192 2.001000000
755 427 2 8192 2.001000000
756 1092 2 8192 2.001000000
757 1093 2 8192 2.001000000
758 1094 2 8192 2.001000000
759 1095 2 8192 2.001000000
756 424 2 8192 2.001000000
757 425 2 8192 2.001000000
758 426 2 8192 2.001000000
759 427 2 8192 2.001000000
760 1092 2 8192 2.001000000
761 1093 2 8192 2.001000000
762 1094 2 8192 2.001000000
763 1095 2 8192 2.001000000
760 424 2 8192 2.001000000
761 425 2 8192 2.001000000
762 426 2 8192 2.001000000
763 427 2 8192 2.001000000
764 1092 2 8192 2.001000000
765 1093 2 8192 2.001000000
766 1094 2 8192 2.001000000
767 1095 2 8192 2.001000000
764 424 2 8192 2.001000000
765 425 2 8192 2.001000000
766 426 2 8192 2.001000000
767 427 2 8192 2.001000000
772 1092 2 8192 2.001000000
773 1093 2 8192 2.001000000
774 1094 2 8192 2.001000000
775 1095 2 8192 2.001000000
772 424 2 8192 2.001000000
773 425 2 8192 2.001000000
774 426 2 8192 2.001000000
775 427 2 8192 2.001000000
776 1092 2 8192 2.001000000
777 1093 2 8192 2.001000000
778 1094 2 8192 2.001000000
779 1095 2 8192 2.001000000
776 424 2 8192 2.001000000
777 425 2 8192 2.001000000
778 426 2 8192 2.001000000
779 427 2 8192 2.001000000
780 1092 2 8192 2.001000000
781 1093 2 8192 2.001000000
782 1094 2 8192 2.001000000
783 1095 2 8192 2.001000000
780 424 2 8192 2.001000000
781 425 2 8192 2.001000000
782 426 2 8192 2.001000000
783 427 2 8192 2.001000000
784 1092 2 8192 2.001000000
785 1093 2 8192 2.001000000
786 1094 2 8192 2.001000000
787 1095 2 8192 2.001000000
784 424 2 8192 2.001000000
785 425 2 8192 2.001000000
786 426 2 8192 2.001000000
787 427 2 8192 2.001000000
788 1092 2 8192 2.001000000
789 1093 2 8192 2.001000000
790 1094 2 8192 2.001000000
791 1095 2 8192 2.001000000
788 424 2 8192 2.001000000
789 425 2 8192 2.001000000
790 426 2 8192 2.001000000
791 427 2 8192 2.001000000
792 1092 2 8192 2.001000000
793 1093 2 8192 2.001000000
794 1094 2 8192 2.001000000
795 1095 2 8192 2.001000000
792 424 2 8192 2.001000000
793 425 2 8192 2.001000000
794 426 2 8192 2.001000000
795 427 2 8192 2.001000000
804 1092 2 8192 2.001000000
805 1093 2 8192 2.001000000
806 1094 2 8192 2.001000000
807 1095 2 8192 2.001000000
804 424 2 8192 2.001000000
805 425 2 8192 2.001000000
806 426 2 8192 2.001000000
807 427 2 8192 2.001000000
808 1092 2 8192 2.001000000
809 1093 2 8192 2.001000000
810 1094 2 8192 2.001000000
811 1095 2 8192 2.001000000
808 424 2 8192 2.001000000
809 425 2 8192 2.001000000
810 426 2 8192 2.001000000
811 427 2 8192 2.001000000
812 1092 2 8192 2.001000000
813 1093 2 8192 2.001000000
814 1094 2 8192 2.001000000
815 1095 2 8192 2.001000000
812 424 2 8192 2.001000000
813 425 2 8192 2.001000000
814 426 2 8192 2.001000000
815 427 2 8192 2.001000000
816 1092 2 8192 2.001000000
817 1093 2 8192 2.001000000
818 1094 2 8192 2.001000000
819 1095 2 8192 2.001000000
816 424 2 8192 2.001000000
817 425 2 8192 2.001000000
818 426 2 8192 2.001000000
819 427 2 8192 2.001000000
820 1092 2 8192 2.001000000
821 1093 2 8192 2.001000000
822 1094 2 8192 2.001000000
823 1095 2 8192 2.001000000
820 424 2 8192 2.001000000
821 425 2 8192 2.001000000
822 426 2 8192 2.001000000
823 427 2 8192 2.001000000
824 1092 2 8192 2.001000000
825 1093 2 8192 2.001000000
826 1094 2 8192 2.001000000
827 1095 2 8192 2.001000000
824 424 2 8192 2.001000000
825 425 2 8192 2.001000000
826 426 2 8192 2.001000000
827 427 2 8192 2.001000000
832 1092 2 8192 2.001000000
833 1093 2 8192 2.001000000
834 1094 2 8192 2.001000000
835 1095 2 8192 2.001000000
832 424 2 8192 2.001000000
833 425 2 8192 2.001000000
834 426 2 8192 2.001000000
835 427 2 8192 2.001000000
836 1092 2 8192 2.001000000
837 1093 2 8192 2.001000000
838 1094 2 8192 2.001000000
839 1095 2 8192 2.001000000
836 424 2 8192 2.001000000
837 425 2 8192 2.001000000
838 426 2 8192 2.001000000
839 427 2 8192 2.001000000
840 1092 2 8192 2.001000000
841 1093 2 8192 2.001000000
842 1094 2 8192 2.001000000
843 1095 2 8192 2.001000000
840 424 2 8192 2.001000000
841 425 2 8192 2.001000000
842 426 2 8192 2.001000000
843 427 2 8192 2.001000000
844 1092 2 8192 2.001000000
845 1093 2 8192 2.001000000
846 1094 2 8192 2.001000000
847 1095 2 8192 2.001000000
844 424 2 8192 2.001000000
845 425 2 8192 2.001000000
846 426 2 8192 2.001000000
847 427 2 8192 2.001000000
848 1092 2 8192 2.001000000
849 1093 2 8192 2.001000000
850 1094 2 8192 2.001000000
851 1095 2 8192 2.001000000
848 424 2 8192 2.001000000
849 425 2 8192 2.001000000
850 426 2 8192 2.001000000
851 427 2 8192 2.001000000
852 1092 2 8192 2.001000000
853 1093 2 8192 2.001000000
854 1094 2 8192 2.001000000
855 1095 2 8192 2.001000000
852 424 2 8192 2.001000000
853 425 2 8192 2.001000000
854 426 2 8192 2.001000000
855 427 2 8192 2.001000000
856 1092 2 8192 2.001000000
857 1093 2 8192 2.001000000
858 1094 2 8192 2.001000000
859 1095 2 8192 2.001000000
856 424 2 8192 2.001000000
857 425 2 8192 2.001000000
858 426 2 8192 2.001000000
859 427 2 8192 2.001000000
860 1092 2 8192 2.001000000
861 1093 2 8192 2.001000000
862 1094 2 8192 2.001000000
863 1095 2 8192 2.001000000
860 424 2 8192 2.001000000
861 425 2 8192 2.001000000
862 426 2 8192 2.001000000
863 427 2 8192 2.001000000
864 1092 2 8192 2.001000000
865 1093 2 8192 2.001000000
866 1094 2 8192 2.001000000
867 1095 2 8192 2.001000000
864 424 2 8192 2.001000000
865 425 2 8192 2.001000000
866 426 2 8192 2.001000000
867 427 2 8192 2.001000000
868 1092 2 8192 2.001000000
869 1093 2 8192 2.001000000
870 1094 2 8192 2.001000000
871 1095 2 8192 2.001000000
868 424 2 8192 2.001000000
869 425 2 8192 2.001000000
870 426 2 8192 2.001000000
871 427 2 8192 2.001000000
872 1092 2 8192 2.001000000
873 1093 2 8192 2.001000000
874 1094 2 8192 2.001000000
875 1095 2 8192 2.001000000
872 424 2 8192 2.001000000
873 425 2 8192 2.001000000
874 426 2 8192 2.001000000
875 427 2 8192 2.001000000
876 1092 2 8192 2.001000000
877 1093 2 8192 2.001000000
878 1094 2 8192 2.001000000
879 1095 2 8192 2.001000000
876 424 2 8192 2.001000000
877 425 2 8192 2.001000000
878 426 2 8192 2.001000000
879 427 2 8192 2.001000000
880 1092 2 8192 2.001000000
881 1093 2 8192 2.001000000
882 1094 2 8192 2.001000000
883 1095 2 8192 2.001000000
880 424 2 8192 2.001000000
881 425 2 8192 2.001000000
882 426 2 8192 2.001000000
883 427 2 8192 2.001000000
884 1092 2 8192 2.001000000
885 1093 2 8192 2.001000000
886 1094 2 8192 2.001000000
887 1095 2 8192 2.001000000
884 424 2 8192 2.001000000
885 425 2 8192 2.001000000
886 426 2 8192 2.001000000
887 427 2 8192 2.001000000
888 1092 2 8192 2.001000000
889 1093 2 8192 2.001000000
890 1094 2 8192 2.001000000
891 1095 2 8192 2.001000000
888 424 2 8192 2.001000000
889 425 2 8192 2.001000000
890 426 2 8192 2.001000000
891 427 2 8192 2.001000000
892 1092 2 8192 2.001000000
893 1093 2 8192 2.001000000
894 1094 2 8192 2.001000000
895 1095 2 8192 2.001000000
892 424 2 8192 2.001000000
893 425 2 8192 2.001000000
894 426 2 8192 2.001000000
895 427 2 8192 2.001000000
896 1092 2 8192 2.001000000
897 1093 2 8192 2.001000000
898 1094 2 8192 2.001000000
899 1095 2 8192 2.001000000
896 424 2 8192 2.001000000
897 425 2 8192 2.001000000
898 426 2 8192 2.001000000
899 427 2 8192 2.001000000
900 1092 2 8192 2.001000000
901 1093 2 8192 2.001000000
902 1094 2 8192 2.001000000
903 1095 2 8192 2.001000000
900 424 2 8192 2.001000000
901 425 2 8192 2.001000000
902 426 2 8192 2.001000000
903 427 2 8192 2.001000000
904 1092 2 8192 2.001000000
905 1093 2 8192 2.001000000
906 1094 2 8192 2.001000000
907 1095 2 8192 2.001000000
904 424 2 8192 2.001000000
905 425 2 8192 2.001000000
906 426 2 8192 2.001000000
907 427 2 8192 2.001000000
916 1092 2 8192 2.001000000
917 1093 2 8192 2.001000000
918 1094 2 8192 2.001000000
919 1095 2 8192 2.001000000
916 424 2 8192 2.001000000
917 425 2 8192 2.001000000
918 426 2 8192 2.001000000
919 427 2 8192 2.001000000
920 1092 2 8192 2.001000000
921 1093 2 8192 2.001000000
922 1094 2 8192 2.001000000
923 1095 2 8192 2.001000000
920 424 2 8192 2.001000000
921 425 2 8192 2.001000000
922 426 2 8192 2.001000000
923 427 2 8192 2.001000000
924 1092 2 8192 2.001000000
925 1093 2 8192 2.001000000
926 1094 2 8192 2.001000000
927 1095 2 8192 2.001000000
924 424 2 8192 2.001000000
925 425 2 8192 2.001000000
926 426 2 8192 2.001000000
927 427 2 8192 2.001000000
928 1092 2 8192 2.001000000
929 1093 2 8192 2.001000000
930 1094 2 8192 2.001000000
931 1095 2 8192 2.001000000
928 424 2 8192 2.001000000
929 425 2 8192 2.001000000
930 426 2 8192 2.001000000
931 427 2 8192 2.001000000
932 1092 2 8192 2.001000000
933 1093 2 8192 2.001000000
934 1094 2 8192 2.001000000
935 1095 2 8192 2.001000000
932 424 2 8192 2.001000000
933 425 2 8192 2.001000000
934 426 2 8192 2.001000000
935 427 2 8192 2.001000000
936 1092 2 8192 2.001000000
937 1093 2 8192 2.001000000
938 1094 2 8192 2.001000000
939 1095 2 8192 2.001000000
936 424 2 8192 2.001000000
937 425 2 8192 2.001000000
938 426 2 8192 2.001000000
939 427 2 8192 2.001000000
940 1092 2 8192 2.001000000
941 1093 2 8192 2.001000000
942 1094 2 8192 2.001000000
943 1095 2 8192 2.001000000
940 424 2 8192 2.001000000
941 425 2 8192 2.001000000
942 426 2 8192 2.001000000
943 427 2 8192 2.001000000
944 1092 2 8192 2.001000000
945 1093 2 8192 2.001000000
946 1094 2 8192 2.001000000
947 1095 2 8192 2.001000000
944 424 2 8192 2.001000000
945 425 2 8192 2.001000000
946 426 2 8192 2.001000000
947 427 2 8192 2.001000000
948 1092 2 8192 2.001000000
949 1093 2 8192 2.001000000
950 1094 2 8192 2.001000000
951 1095 2 8192 2.001000000
948 424 2 8192 2.001000000
949 425 2 8192 2.001000000
950 426 2 8192 2.001000000
951 427 2 8192 2.001000000
952 1092 2 8192 2.001000000
953 1093 2 8192 2.001000000
954 1094 2 8192 2.001000000
955 1095 2 8192 2.001000000
952 424 2 8192 2.001000000
953 425 2 8192 2.001000000
954 426 2 8192 2.001000000
955 427 2 8192 2.001000000
956 1092 2 8192 2.001000000
957 1093 2 8192 2.001000000
958 1094 2 8192 2.001000000
959 1095 2 8192 2.001000000
956 424 2 8192 2.001000000
957 425 2 8192 2.001000000
958 426 2 8192 2.001000000
959 427 2 8192 2.001000000
960 1092 2 8192 2.001000000
961 1093 2 8192 2.001000000
962 1094 2 8192 2.001000000
963 1095 2 8192 2.001000000
960 424 2 8192 2.001000000
961 425 2 8192 2.001000000
962 426 2 8192 2.001000000
963 427 2 8192 2.001000000
964 1092 2 8192 2.001000000
965 1093 2 8192 2.001000000
966 1094 2 8192 2.001000000
967 1095 2 8192 2.001000000
964 424 2 8192 2.001000000
965 425 2 8192 2.001000000
966 426 2 8192 2.001000000
967 427 2 8192 2.001000000
968 1092 2 8192 2.001000000
969 1093 2 8192 2.001000000
970 1094 2 8192 2.001000000
971 1095 2 8192 2.001000000
968 424 2 8192 2.001000000
969 425 2 8192 2.001000000
970 426 2 8192 2.001000000
971 427 2 8192 2.001000000
972 1092 2 8192 2.001000000
973 1093 2 8192 2.001000000
974 1094 2 8192 2.001000000
975 1095 2 8192 2.001000000
972 424 2 8192 2.001000000
973 425 2 8192 2.001000000
974 426 2 8192 2.001000000
975 427 2 8192 2.001000000
976 1092 2 8192 2.001000000
977 1093 2 8192 2.001000000
978 1094 2 8192 2.001000000
979 1095 2 8192 2.001000000
976 424 2 8192 2.001000000
977 425 2 8192 2.001000000
978 426 2 8192 2.001000000
979 427 2 8192 2.001000000
980 1092 2 8192 2.001000000
981 1093 2 8192 2.001000000
982 1094 2 8192 2.001000000
983 1095 2 8192 2.001000000
980 424 2 8192 2.001000000
981 425 2 8192 2.001000000
982 426 2 8192 2.001000000
983 427 2 8192 2.001000000
984 1092 2 8192 2.001000000
985 1093 2 8192 2.001000000
986 1094 2 8192 2.001000000
987 1095 2 8192 2.001000000
984 424 2 8192 2.001000000
985 425 2 8192 2.001000000
986 426 2 8192 2.001000000
987 427 2 8192 2.001000000
988 1092 2 8192 2.001000000
989 1093 2 8192 2.001000000
990 1094 2 8192 2.001000000
991 1095 2 8192 2.001000000
988 424 2 8192 2.001000000
989 425 2 8192 2.001000000
990 426 2 8192 2.001000000
991 427 2 8192 2.001000000
992 1092 2 8192 2.001000000
993 1093 2 8192 2.001000000
994 1094 2 8192 2.001000000
995 1095 2 8192 2.001000000
992 424 2 8192 2.001000000
993 425 2 8192 2.001000000
994 426 2 8192 2.001000000
995 427 2 8192 2.001000000
996 1092 2 8192 2.001000000
997 1093 2 8192 2.001000000
998 1094 2 8192 2.001000000
999 1095 2 8192 2.001000000
996 424 2 8192 2.001000000
997 425 2 8192 2.001000000
998 426 2 8192 2.001000000
999 427 2 8192 2.001000000
1008 1092 2 8192 2.001000000
1009 1093 2 8192 2.001000000
1010 1094 2 8192 2.001000000
1011 1095 2 8192 2.001000000
1008 424 2 8192 2.001000000
1009 425 2 8192 2.001000000
1010 426 2 8192 2.001000000
1011 427 2 8192 2.001000000
1016 1092 2 8192 2.001000000
1017 1093 2 8192 2.001000000
1018 1094 2 8192 2.001000000
1019 1095 2 8192 2.001000000
1016 424 2 8192 2.001000000
1017 425 2 8192 2.001000000
1018 426 2 8192 2.001000000
1019 427 2 8192 2.001000000
1020 1092 2 8192 2.001000000
1021 1093 2 8192 2.001000000
1022 1094 2 8192 2.001000000
1023 1095 2 8192 2.001000000
1020 424 2 8192 2.001000000
1021 425 2 8192 2.001000000
1022 426 2 8192 2.001000000
1023 427 2 8192 2.001000000
1032 1092 2 8192 2.001000000
1033 1093 2 8192 2.001000000
1034 1094 2 8192 2.001000000
1035 1095 2 8192 2.001000000
1032 424 2 8192 2.001000000
1033 425 2 8192 2.001000000
1034 426 2 8192 2.001000000
1035 427 2 8192 2.001000000
1036 1092 2 8192 2.001000000
1037 1093 2 8192 2.001000000
1038 1094 2 8192 2.001000000
1039 1095 2 8192 2.001000000
1036 424 2 8192 2.001000000
1037 425 2 8192 2.001000000
1038 426 2 8192 2.001000000
1039 427 2 8192 2.001000000
1040 1092 2 8192 2.001000000
1041 1093 2 8192 2.001000000
1042 1094 2 8192 2.001000000
1043 1095 2 8192 2.001000000
1040 424 2 8192 2.001000000
1041 425 2 8192 2.001000000
1042 426 2 8192 2.001000000
1043 427 2 8192 2.001000000
1044 1092 2 8192 2.001000000
1045 1093 2 8192 2.001000000
1046 1094 2 8192 2.001000000
1047 1095 2 8192 2.001000000
1044 424 2 8192 2.001000000
1045 425 2 8192 2.001000000
1046 426 2 8192 2.001000000
1047 427 2 8192 2.001000000
1048 1092 2 8192 2.001000000
1049 1093 2 8192 2.001000000
1050 1094 2 8192 2.001000000
1051 1095 2 8192 2.001000000
1048 424 2 8192 2.001000000
1049 425 2 8192 2.001000000
1050 426 2 8192 2.001000000
1051 427 2 8192 2.001000000
1056 1092 2 8192 2.001000000
1057 1093 2 8192 2.001000000
1058 1094 2 8192 2.001000000
1059 1095 2 8192 2.001000000
1056 424 2 8192 2.001000000
1057 425 2 8192 2.001000000
1058 426 2 8192 2.001000000
1059 427 2 8192 2.001000000
1060 1092 2 8192 2.001000000
1061 1093 2 8192 2.001000000
1062 1094 2 8192 2.001000000
1063 1095 2 8192 2.001000000
1060 424 2 8192 2.001000000
1061 425 2 8192 2.001000000
1062 426 2 8192 2.001000000
1063 427 2 8192 2.001000000
1064 1092 2 8192 2.001000000
1065 1093 2 8192 2.001000000
1066 1094 2 8192 2.001000000
1067 1095 2 8192 2.001000000
1064 424 2 8192 2.001000000
1065 425 2 8192 2.001000000
1066 426 2 8192 2.001000000
1067 427 2 8192 2.001000000
1068 1092 2 8192 2.001000000
1069 1093 2 8192 2.001000000
1070 1094 2 8192 2.001000000
1071 1095 2 8192 2.001000000
1068 424 2 8192 2.001000000
1069 425 2 8192 2.001000000
1070 426 2 8192 2.001000000
1071 427 2 8192 2.001000000
1072 1092 2 8192 2.001000000
1073 1093 2 8192 2.001000000
1074 1094 2 8192 2.001000000
1075 1095 2 8192 2.001000000
1072 424 2 8192 2.001000000
1073 425 2 8192 2.001000000
1074 426 2 8192 2.001000000
1075 427 2 8192 2.001000000
1076 1092 2 8192 2.001000000
1077 1093 2 8192 2.001000000
1078 1094 2 8192 2.001000000
1079 1095 2 8192 2.001000000
1076 424 2 8192 2.001000000
1077 425 2 8192 2.001000000
1078 426 2 8192 2.001000000
1079 427 2 8192 2.001000000
1080 1092 2 8192 2.001000000
1081 1093 2 8192 2.001000000
1082 1094 2 8192 2.001000000
1083 1095 2 8192 2.001000000
1080 424 2 8192 2.001000000
1081 425 2 8192 2.001000000
1082 426 2 8192 2.001000000
1083 427 2 8192 2.001000000
1084 1092 2 8192 2.001000000
1085 1093 2 8192 2.001000000
1086 1094 2 8192 2.001000000
1087 1095 2 8192 2.001000000
1084 424 2 8192 2.001000000
1085 425 2 8192 2.001000000
1086 426 2 8192 2.001000000
1087 427 2 8192 2.001000000
1088 1092 2 8192 2.001000000
1089 1093 2 8192 2.001000000
1090 1094 2 8192 2.001000000
1091 1095 2 8192 2.001000000
1088 424 2 8192 2.001000000
1089 425 2 8192 2.001000000
1090 426 2 8192 2.001000000
1091 427 2 8192 2.001000000
1096 1092 2 8192 2.001000000
1097 1093 2 8192 2.001000000
1098 1094 2 8192 2.001000000
1099 1095 2 8192 2.001000000
1096 424 2 8192 2.001000000
1097 425 2 8192 2.001000000
1098 426 2 8192 2.001000000
1099 427 2 8192 2.001000000
1104 1092 2 8192 2.001000000
1105 1093 2 8192 2.001000000
1106 1094 2 8192 2.001000000
1107 1095 2 8192 2.001000000
1104 424 2 8192 2.001000000
1105 425 2 8192 2.001000000
1106 426 2 8192 2.001000000
1107 427 2 8192 2.001000000
1108 1092 2 8192 2.001000000
1109 1093 2 8192 2.001000000
1110 1094 2 8192 2.001000000
1111 1095 2 8192 2.001000000
1108 424 2 8192 2.001000000
1109 425 2 8192 2.001000000
1110 426 2 8192 2.001000000
1111 427 2 8192 2.001000000
1112 1092 2 8192 2.001000000
1113 1093 2 8192 2.001000000
1114 1094 2 8192 2.001000000
1115 1095 2 8192 2.001000000
1112 424 2 8192 2.001000000
1113 425 2 8192 2.001000000
1114 426 2 8192 2.001000000
1115 427 2 8192 2.001000000
1116 1092 2 8192 2.001000000
1117 1093 2 8192 2.001000000
1118 1094 2 8192 2.001000000
1119 1095 2 8192 2.001000000
1116 424 2 8192 2.001000000
1117 425 2 8192 2.001000000
1118 426 2 8192 2.001000000
1119 427 2 8192 2.001000000
1120 1092 2 8192 2.001000000
1121 1093 2 8192 2.001000000
1122 1094 2 8192 2.001000000
1123 1095 2 8192 2.001000000
1120 424 2 8192 2.001000000
1121 425 2 8192 2.001000000
1122 426 2 8192 2.001000000
1123 427 2 8192 2.001000000
1124 1092 2 8192 2.001000000
1125 1093 2 8192 2.001000000
1126 1094 2 8192 2.001000000
1127 1095 2 8192 2.001000000
1124 424 2 8192 2.001000000
1125 425 2 8192 2.001000000
1126 426 2 8192 2.001000000
1127 427 2 8192 2.001000000
1128 1092 2 8192 2.001000000
1129 1093 2 8192 2.001000000
1130 1094 2 8192 2.001000000
1131 1095 2 8192 2.001000000
1128 424 2 8192 2.001000000
1129 425 2 8192 2.001000000
1130 426 2 8192 2.001000000
1131 427 2 8192 2.001000000
1136 1092 2 8192 2.001000000
1137 1093 2 8192 2.001000000
1138 1094 2 8192 2.001000000
1139 1095 2 8192 2.001000000
1136 424 2 8192 2.001000000
1137 425 2 8192 2.001000000
1138 426 2 8192 2.001000000
1139 427 2 8192 2.001000000
1140 1092 2 8192 2.001000000
1141 1093 2 8192 2.001000000
1142 1094 2 8192 2.001000000
1143 1095 2 8192 2.001000000
1140 424 2 8192 2.001000000
1141 425 2 8192 2.001000000
1142 426 2 8192 2.001000000
1143 427 2 8192 2.001000000
1144 1092 2 8192 2.001000000
1145 1093 2 8192 2.001000000
1146 1094 2 8192 2.001000000
1147 1095 2 8192 2.001000000
1144 424 2 8192 2.001000000
1145 425 2 8192 2.001000000
1146 426 2 8192 2.001000000
1147 427 2 8192 2.001000000
1148 1092 2 8192 2.001000000
1149 1093 2 8192 2.001000000
1150 1094 2 8192 2.001000000
1151 1095 2 8192 2.001000000
1148 424 2 8192 2.001000000
1149 425 2 8192 2.001000000
1150 426 2 8192 2.001000000
1151 427 2 8192 2.001000000
1152 1092 2 8192 2.001000000
1153 1093 2 8192 2.001000000
1154 1094 2 8192 2.001000000
1155 1095 2 8192 2.001000000
1152 424 2 8192 2.001000000
1153 425 2 8192 2.001000000
1154 426 2 8192 2.001000000
1155 427 2 8192 2.001000000
1156 1092 2 8192 2.001000000
1157 1093 2 8192 2.001000000
1158 1094 2 8192 2.001000000
1159 1095 2 8192 2.001000000
1156 424 2 8192 2.001000000
1157 425 2 8192 2.001000000
1158 426 2 8192 2.001000000
1159 427 2 8192 2.001000000
1160 1092 2 8192 2.001000000
1161 1093 2 8192 2.001000000
1162 1094 2 8192 2.001000000
1163 1095 2 8192 2.001000000
1160 424 2 8192 2.001000000
1161 425 2 8192 2.001000000
1162 426 2 8192 2.001000000
1163 427 2 8192 2.001000000
1164 1092 2 8192 2.001000000
1165 1093 2 8192 2.001000000
1166 1094 2 8192 2.001000000
1167 1095 2 8192 2.001000000
1164 424 2 8192 2.001000000
1165 425 2 8192 2.001000000
1166 426 2 8192 2.001000000
1167 427 2 8192 2.001000000
1168 1092 2 8192 2.001000000
1169 1093 2 8192 2.001000000
1170 1094 2 8192 2.001000000
1171 1095 2 8192 2.001000000
1168 424 2 8192 2.001000000
1169 425 2 8192 2.001000000
1170 426 2 8192 2.001000000
1171 427 2 8192 2.001000000
1172 1092 2 8192 2.001000000
1173 1093 2 8192 2.001000000
1174 1094 2 8192 2.001000000
1175 1095 2 8192 2.001000000
1172 424 2 8192 2.001000000
1173 425 2 8192 2.001000000
1174 426 2 8192 2.001000000
1175 427 2 8192 2.001000000
1180 1092 2 8192 2.001000000
1181 1093 2 8192 2.001000000
1182 1094 2 8192 2.001000000
1183 1095 2 8192 2.001000000
1180 424 2 8192 2.001000000
1181 425 2 8192 2.001000000
1182 426 2 8192 2.001000000
1183 427 2 8192 2.001000000
1184 1092 2 8192 2.001000000
1185 1093 2 8192 2.001000000
1186 1094 2 8192 2.001000000
1187 1095 2 8192 2.001000000
1184 424 2 8192 2.001000000
1185 425 2 8192 2.001000000
1186 426 2 8192 2.001000000
1187 427 2 8192 2.001000000
1188 1092 2 8192 2.001000000
1189 1093 2 8192 2.001000000
1190 1094 2 8192 2.001000000
1191 1095 2 8192 2.001000000
1188 424 2 8192 2.001000000
1189 425 2 8192 2.001000000
1190 426 2 8192 2.001000000
1191 427 2 8192 2.001000000
1192 1092 2 8192 2.001000000
1193 1093 2 8192 2.001000000
1194 1094 2 8192 2.001000000
1195 1095 2 8192 2.001000000
1192 424 2 8192 2.001000000
1193 425 2 8192 2.001000000
1194 426 2 8192 2.001000000
1195 427 2 8192 2.001000000
1200 1092 2 8192 2.001000000
1201 1093 2 8192 2.001000000
1202 1094 2 8192 2.001000000
1203 1095 2 8192 2.001000000
1200 424 2 8192 2.001000000
1201 425 2 8192 2.001000000
1202 426 2 8192 2.001000000
1203 427 2 8192 2.001000000
1208 1092 2 8192 2.001000000
1209 1093 2 8192 2.001000000
1210 1094 2 8192 2.001000000
1211 1095 2 8192 2.001000000
1208 424 2 8192 2.001000000
1209 425 2 8192 2.001000000
1210 426 2 8192 2.001000000
1211 427 2 8192 2.001000000
1212 1092 2 8192 2.001000000
1213 1093 2 8192 2.001000000
1214 1094 2 8192 2.001000000
1215 1095 2 8192 2.001000000
1212 424 2 8192 2.001000000
1213 425 2 8192 2.001000000
1214 426 2 8192 2.001000000
1215 427 2 8192 2.001000000
1216 1092 2 8192 2.001000000
1217 1093 2 8192 2.001000000
1218 1094 2 8192 2.001000000
1219 1095 2 8192 2.001000000
1216 424 2 8192 2.001000000
1217 425 2 8192 2.001000000
1218 426 2 8192 2.001000000
1219 427 2 8192 2.001000000
1220 1092 2 8192 2.001000000
1221 1093 2 8192 2.001000000
1222 1094 2 8192 2.001000000
1223 1095 2 8192 2.001000000
1220 424 2 8192 2.001000000
1221 425 2 8192 2.001000000
1222 426 2 8192 2.001000000
1223 427 2 8192 2.001000000
1224 1092 2 8192 2.001000000
1225 1093 2 8192 2.001000000
1226 1094 2 8192 2.001000000
1227 1095 2 8192 2.001000000
1224 424 2 8192 2.001000000
1225 425 2 8192 2.001000000
1226 426 2 8192 2.001000000
1227 427 2 8192 2.001000000
1228 1092 2 8192 2.001000000
1229 1093 2 8192 2.001000000
1230 1094 2 8192 2.001000000
1231 1095 2 8192 2.001000000
1228 424 2 8192 2.001000000
1229 425 2 8192 2.001000000
1230 426 2 8192 2.001000000
1231 427 2 8192 2.001000000
1232 1092 2 8192 2.001000000
1233 1093 2 8192 2.001000000
1234 1094 2 8192 2.001000000
1235 1095 2 8192 2.001000000
1232 424 2 8192 2.001000000
1233 425 2 8192 2.001000000
1234 426 2 8192 2.001000000
1235 427 2 8192 2.001000000
1236 1092 2 8192 2.001000000
1237 1093 2 8192 2.001000000
1238 1094 2 8192 2.001000000
1239 1095 2 8192 2.001000000
1236 424 2 8192 2.001000000
1237 425 2 8192 2.001000000
1238 426 2 8192 2.001000000
1239 427 2 8192 2.001000000
1240 1092 2 8192 2.001000000
1241 1093 2 8192 2.001000000
1242 1094 2 8192 2.001000000
1243 1095 2 8192 2.001000000
1240 424 2 8192 2.001000000
1241 425 2 8192 2.001000000
1242 426 2 8192 2.001000000
1243 427 2 8192 2.001000000
1248 1092 2 8192 2.001000000
1249 1093 2 8192 2.001000000
1250 1094 2 8192 2.001000000
1251 1095 2 8192 2.001000000
1248 424 2 8192 2.001000000
1249 425 2 8192 2.001000000
1250 426 2 8192 2.001000000
1251 427 2 8192 2.001000000
1252 1092 2 8192 2.001000000
1253 1093 2 8192 2.001000000
1254 1094 2 8192 2.001000000
1255 1095 2 8192 2.001000000
1252 424 2 8192 2.001000000
1253 425 2 8192 2.001000000
1254 426 2 8192 2.001000000
1255 427 2 8192 2.001000000
1260 1092 2 8192 2.001000000
1261 1093 2 8192 2.001000000
1262 1094 2 8192 2.001000000
1263 1095 2 8192 2.001000000
1260 424 2 8192 2.001000000
1261 425 2 8192 2.001000000
1262 426 2 8192 2.001000000
1263 427 2 8192 2.001000000
1264 1092 2 8192 2.001000000
1265 1093 2 8192 2.001000000
1266 1094 2 8192 2.001000000
1267 1095 2 8192 2.001000000
1264 424 2 8192 2.001000000
1265 425 2 8192 2.001000000
1266 426 2 8192 2.001000000
1267 427 2 8192 2.001000000
1272 1092 2 8192 2.001000000
1273 1093 2 8192 2.001000000
1274 1094 2 8192 2.001000000
1275 1095 2 8192 2.001000000
1272 424 2 8192 2.001000000
1273 425 2 8192 2.001000000
1274 426 2 8192 2.001000000
1275 427 2 8192 2.001000000
1276 1092 2 8192 2.001000000
1277 1093 2 8192 2.001000000
1278 1094 2 8192 2.001000000
1279 1095 2 8192 2.001000000
1276 424 2 8192 2.001000000
1277 425 2 8192 2.001000000
1278 426 2 8192 2.001000000
1279 427 2 8192 2.001000000
