16384
0 260 3 8192 2.000000000 2
0 260 3 8192 2.000000000 2
1 261 3 8192 2.000000000 2
1 261 3 8192 2.000000000 2
2 262 3 8192 2.000000000 2
2 262 3 8192 2.000000000 2
3 263 3 8192 2.000000000 2
3 263 3 8192 2.000000000 2
0 484 3 8192 2.000000000 2
0 484 3 8192 2.000000000 2
1 485 3 8192 2.000000000 2
1 485 3 8192 2.000000000 2
2 486 3 8192 2.000000000 2
2 486 3 8192 2.000000000 2
3 487 3 8192 2.000000000 2
3 487 3 8192 2.000000000 2
0 612 3 8192 2.000000000 2
0 612 3 8192 2.000000000 2
1 613 3 8192 2.000000000 2
1 613 3 8192 2.000000000 2
2 614 3 8192 2.000000000 2
2 614 3 8192 2.000000000 2
3 615 3 8192 2.000000000 2
3 615 3 8192 2.000000000 2
0 660 3 8192 2.000000000 2
0 660 3 8192 2.000000000 2
1 661 3 8192 2.000000000 2
1 661 3 8192 2.000000000 2
2 662 3 8192 2.000000000 2
2 662 3 8192 2.000000000 2
3 663 3 8192 2.000000000 2
3 663 3 8192 2.000000000 2
0 756 3 8192 2.000000000 2
0 756 3 8192 2.000000000 2
1 757 3 8192 2.000000000 2
1 757 3 8192 2.000000000 2
2 758 3 8192 2.000000000 2
2 758 3 8192 2.000000000 2
3 759 3 8192 2.000000000 2
3 759 3 8192 2.000000000 2
0 844 3 8192 2.000000000 2
0 844 3 8192 2.000000000 2
1 845 3 8192 2.000000000 2
1 845 3 8192 2.000000000 2
2 846 3 8192 2.000000000 2
2 846 3 8192 2.000000000 2
3 847 3 8192 2.000000000 2
3 847 3 8192 2.000000000 2
0 856 3 8192 2.000000000 2
0 856 3 8192 2.000000000 2
1 857 3 8192 2.000000000 2
1 857 3 8192 2.000000000 2
2 858 3 8192 2.000000000 2
2 858 3 8192 2.000000000 2
3 859 3 8192 2.000000000 2
3 859 3 8192 2.000000000 2
0 1168 3 8192 2.000000000 2
0 1168 3 8192 2.000000000 2
1 1169 3 8192 2.000000000 2
1 1169 3 8192 2.000000000 2
2 1170 3 8192 2.000000000 2
2 1170 3 8192 2.000000000 2
3 1171 3 8192 2.000000000 2
3 1171 3 8192 2.000000000 2
8 24 3 8192 2.000000000 2
8 24 3 8192 2.000000000 2
9 25 3 8192 2.000000000 2
9 25 3 8192 2.000000000 2
10 26 3 8192 2.000000000 2
10 26 3 8192 2.000000000 2
11 27 3 8192 2.000000000 2
11 27 3 8192 2.000000000 2
8 964 3 8192 2.000000000 2
8 964 3 8192 2.000000000 2
9 965 3 8192 2.000000000 2
9 965 3 8192 2.000000000 2
10 966 3 8192 2.000000000 2
10 966 3 8192 2.000000000 2
11 967 3 8192 2.000000000 2
11 967 3 8192 2.000000000 2
8 1008 3 8192 2.000000000 2
8 1008 3 8192 2.000000000 2
9 1009 3 8192 2.000000000 2
9 1009 3 8192 2.000000000 2
10 1010 3 8192 2.000000000 2
10 1010 3 8192 2.000000000 2
11 1011 3 8192 2.000000000 2
11 1011 3 8192 2.000000000 2
8 1016 3 8192 2.000000000 2
8 1016 3 8192 2.000000000 2
9 1017 3 8192 2.000000000 2
9 1017 3 8192 2.000000000 2
10 1018 3 8192 2.000000000 2
10 1018 3 8192 2.000000000 2
11 1019 3 8192 2.000000000 2
11 1019 3 8192 2.000000000 2
8 1060 3 8192 2.000000000 2
8 1060 3 8192 2.000000000 2
9 1061 3 8192 2.000000000 2
9 1061 3 8192 2.000000000 2
10 1062 3 8192 2.000000000 2
10 1062 3 8192 2.000000000 2
11 1063 3 8192 2.000000000 2
11 1063 3 8192 2.000000000 2
8 1084 3 8192 2.000000000 2
8 1084 3 8192 2.000000000 2
9 1085 3 8192 2.000000000 2
9 1085 3 8192 2.000000000 2
10 1086 3 8192 2.000000000 2
10 1086 3 8192 2.000000000 2
11 1087 3 8192 2.000000000 2
11 1087 3 8192 2.000000000 2
8 1088 3 8192 2.000000000 2
8 1088 3 8192 2.000000000 2
9 1089 3 8192 2.000000000 2
9 1089 3 8192 2.000000000 2
10 1090 3 8192 2.000000000 2
10 1090 3 8192 2.000000000 2
11 1091 3 8192 2.000000000 2
11 1091 3 8192 2.000000000 2
8 1164 3 8192 2.000000000 2
8 1164 3 8192 2.000000000 2
9 1165 3 8192 2.000000000 2
9 1165 3 8192 2.000000000 2
10 1166 3 8192 2.000000000 2
10 1166 3 8192 2.000000000 2
11 1167 3 8192 2.000000000 2
11 1167 3 8192 2.000000000 2
12 52 3 8192 2.000000000 2
12 52 3 8192 2.000000000 2
13 53 3 8192 2.000000000 2
13 53 3 8192 2.000000000 2
14 54 3 8192 2.000000000 2
14 54 3 8192 2.000000000 2
15 55 3 8192 2.000000000 2
15 55 3 8192 2.000000000 2
12 264 3 8192 2.000000000 2
12 264 3 8192 2.000000000 2
13 265 3 8192 2.000000000 2
13 265 3 8192 2.000000000 2
14 266 3 8192 2.000000000 2
14 266 3 8192 2.000000000 2
15 267 3 8192 2.000000000 2
15 267 3 8192 2.000000000 2
12 300 3 8192 2.000000000 2
12 300 3 8192 2.000000000 2
13 301 3 8192 2.000000000 2
13 301 3 8192 2.000000000 2
14 302 3 8192 2.000000000 2
14 302 3 8192 2.000000000 2
15 303 3 8192 2.000000000 2
15 303 3 8192 2.000000000 2
12 496 3 8192 2.000000000 2
12 496 3 8192 2.000000000 2
13 497 3 8192 2.000000000 2
13 497 3 8192 2.000000000 2
14 498 3 8192 2.000000000 2
14 498 3 8192 2.000000000 2
15 499 3 8192 2.000000000 2
15 499 3 8192 2.000000000 2
12 700 3 8192 2.000000000 2
12 700 3 8192 2.000000000 2
13 701 3 8192 2.000000000 2
13 701 3 8192 2.000000000 2
14 702 3 8192 2.000000000 2
14 702 3 8192 2.000000000 2
15 703 3 8192 2.000000000 2
15 703 3 8192 2.000000000 2
12 872 3 8192 2.000000000 2
12 872 3 8192 2.000000000 2
13 873 3 8192 2.000000000 2
13 873 3 8192 2.000000000 2
14 874 3 8192 2.000000000 2
14 874 3 8192 2.000000000 2
15 875 3 8192 2.000000000 2
15 875 3 8192 2.000000000 2
12 956 3 8192 2.000000000 2
12 956 3 8192 2.000000000 2
13 957 3 8192 2.000000000 2
13 957 3 8192 2.000000000 2
14 958 3 8192 2.000000000 2
14 958 3 8192 2.000000000 2
15 959 3 8192 2.000000000 2
15 959 3 8192 2.000000000 2
12 1152 3 8192 2.000000000 2
12 1152 3 8192 2.000000000 2
13 1153 3 8192 2.000000000 2
13 1153 3 8192 2.000000000 2
14 1154 3 8192 2.000000000 2
14 1154 3 8192 2.000000000 2
15 1155 3 8192 2.000000000 2
15 1155 3 8192 2.000000000 2
16 92 3 8192 2.000000000 2
16 92 3 8192 2.000000000 2
17 93 3 8192 2.000000000 2
17 93 3 8192 2.000000000 2
18 94 3 8192 2.000000000 2
18 94 3 8192 2.000000000 2
19 95 3 8192 2.000000000 2
19 95 3 8192 2.000000000 2
16 140 3 8192 2.000000000 2
16 140 3 8192 2.000000000 2
17 141 3 8192 2.000000000 2
17 141 3 8192 2.000000000 2
18 142 3 8192 2.000000000 2
18 142 3 8192 2.000000000 2
19 143 3 8192 2.000000000 2
19 143 3 8192 2.000000000 2
16 360 3 8192 2.000000000 2
16 360 3 8192 2.000000000 2
17 361 3 8192 2.000000000 2
17 361 3 8192 2.000000000 2
18 362 3 8192 2.000000000 2
18 362 3 8192 2.000000000 2
19 363 3 8192 2.000000000 2
19 363 3 8192 2.000000000 2
16 452 3 8192 2.000000000 2
16 452 3 8192 2.000000000 2
17 453 3 8192 2.000000000 2
17 453 3 8192 2.000000000 2
18 454 3 8192 2.000000000 2
18 454 3 8192 2.000000000 2
19 455 3 8192 2.000000000 2
19 455 3 8192 2.000000000 2
16 540 3 8192 2.000000000 2
16 540 3 8192 2.000000000 2
17 541 3 8192 2.000000000 2
17 541 3 8192 2.000000000 2
18 542 3 8192 2.000000000 2
18 542 3 8192 2.000000000 2
19 543 3 8192 2.000000000 2
19 543 3 8192 2.000000000 2
16 672 3 8192 2.000000000 2
16 672 3 8192 2.000000000 2
17 673 3 8192 2.000000000 2
17 673 3 8192 2.000000000 2
18 674 3 8192 2.000000000 2
18 674 3 8192 2.000000000 2
19 675 3 8192 2.000000000 2
19 675 3 8192 2.000000000 2
16 832 3 8192 2.000000000 2
16 832 3 8192 2.000000000 2
17 833 3 8192 2.000000000 2
17 833 3 8192 2.000000000 2
18 834 3 8192 2.000000000 2
18 834 3 8192 2.000000000 2
19 835 3 8192 2.000000000 2
19 835 3 8192 2.000000000 2
16 1220 3 8192 2.000000000 2
16 1220 3 8192 2.000000000 2
17 1221 3 8192 2.000000000 2
17 1221 3 8192 2.000000000 2
18 1222 3 8192 2.000000000 2
18 1222 3 8192 2.000000000 2
19 1223 3 8192 2.000000000 2
19 1223 3 8192 2.000000000 2
24 112 3 8192 2.000000000 2
24 112 3 8192 2.000000000 2
25 113 3 8192 2.000000000 2
25 113 3 8192 2.000000000 2
26 114 3 8192 2.000000000 2
26 114 3 8192 2.000000000 2
27 115 3 8192 2.000000000 2
27 115 3 8192 2.000000000 2
24 712 3 8192 2.000000000 2
24 712 3 8192 2.000000000 2
25 713 3 8192 2.000000000 2
25 713 3 8192 2.000000000 2
26 714 3 8192 2.000000000 2
26 714 3 8192 2.000000000 2
27 715 3 8192 2.000000000 2
27 715 3 8192 2.000000000 2
24 716 3 8192 2.000000000 2
24 716 3 8192 2.000000000 2
25 717 3 8192 2.000000000 2
25 717 3 8192 2.000000000 2
26 718 3 8192 2.000000000 2
26 718 3 8192 2.000000000 2
27 719 3 8192 2.000000000 2
27 719 3 8192 2.000000000 2
24 740 3 8192 2.000000000 2
24 740 3 8192 2.000000000 2
25 741 3 8192 2.000000000 2
25 741 3 8192 2.000000000 2
26 742 3 8192 2.000000000 2
26 742 3 8192 2.000000000 2
27 743 3 8192 2.000000000 2
27 743 3 8192 2.000000000 2
24 956 3 8192 2.000000000 2
24 956 3 8192 2.000000000 2
25 957 3 8192 2.000000000 2
25 957 3 8192 2.000000000 2
26 958 3 8192 2.000000000 2
26 958 3 8192 2.000000000 2
27 959 3 8192 2.000000000 2
27 959 3 8192 2.000000000 2
24 1088 3 8192 2.000000000 2
24 1088 3 8192 2.000000000 2
25 1089 3 8192 2.000000000 2
25 1089 3 8192 2.000000000 2
26 1090 3 8192 2.000000000 2
26 1090 3 8192 2.000000000 2
27 1091 3 8192 2.000000000 2
27 1091 3 8192 2.000000000 2
24 1124 3 8192 2.000000000 2
24 1124 3 8192 2.000000000 2
25 1125 3 8192 2.000000000 2
25 1125 3 8192 2.000000000 2
26 1126 3 8192 2.000000000 2
26 1126 3 8192 2.000000000 2
27 1127 3 8192 2.000000000 2
27 1127 3 8192 2.000000000 2
24 1232 3 8192 2.000000000 2
24 1232 3 8192 2.000000000 2
25 1233 3 8192 2.000000000 2
25 1233 3 8192 2.000000000 2
26 1234 3 8192 2.000000000 2
26 1234 3 8192 2.000000000 2
27 1235 3 8192 2.000000000 2
27 1235 3 8192 2.000000000 2
28 80 3 8192 2.000000000 2
28 80 3 8192 2.000000000 2
29 81 3 8192 2.000000000 2
29 81 3 8192 2.000000000 2
30 82 3 8192 2.000000000 2
30 82 3 8192 2.000000000 2
31 83 3 8192 2.000000000 2
31 83 3 8192 2.000000000 2
28 320 3 8192 2.000000000 2
28 320 3 8192 2.000000000 2
29 321 3 8192 2.000000000 2
29 321 3 8192 2.000000000 2
30 322 3 8192 2.000000000 2
30 322 3 8192 2.000000000 2
31 323 3 8192 2.000000000 2
31 323 3 8192 2.000000000 2
28 324 3 8192 2.000000000 2
28 324 3 8192 2.000000000 2
29 325 3 8192 2.000000000 2
29 325 3 8192 2.000000000 2
30 326 3 8192 2.000000000 2
30 326 3 8192 2.000000000 2
31 327 3 8192 2.000000000 2
31 327 3 8192 2.000000000 2
28 596 3 8192 2.000000000 2
28 596 3 8192 2.000000000 2
29 597 3 8192 2.000000000 2
29 597 3 8192 2.000000000 2
30 598 3 8192 2.000000000 2
30 598 3 8192 2.000000000 2
31 599 3 8192 2.000000000 2
31 599 3 8192 2.000000000 2
28 696 3 8192 2.000000000 2
28 696 3 8192 2.000000000 2
29 697 3 8192 2.000000000 2
29 697 3 8192 2.000000000 2
30 698 3 8192 2.000000000 2
30 698 3 8192 2.000000000 2
31 699 3 8192 2.000000000 2
31 699 3 8192 2.000000000 2
28 756 3 8192 2.000000000 2
28 756 3 8192 2.000000000 2
29 757 3 8192 2.000000000 2
29 757 3 8192 2.000000000 2
30 758 3 8192 2.000000000 2
30 758 3 8192 2.000000000 2
31 759 3 8192 2.000000000 2
31 759 3 8192 2.000000000 2
28 1036 3 8192 2.000000000 2
28 1036 3 8192 2.000000000 2
29 1037 3 8192 2.000000000 2
29 1037 3 8192 2.000000000 2
30 1038 3 8192 2.000000000 2
30 1038 3 8192 2.000000000 2
31 1039 3 8192 2.000000000 2
31 1039 3 8192 2.000000000 2
28 1240 3 8192 2.000000000 2
28 1240 3 8192 2.000000000 2
29 1241 3 8192 2.000000000 2
29 1241 3 8192 2.000000000 2
30 1242 3 8192 2.000000000 2
30 1242 3 8192 2.000000000 2
31 1243 3 8192 2.000000000 2
31 1243 3 8192 2.000000000 2
32 244 3 8192 2.000000000 2
32 244 3 8192 2.000000000 2
33 245 3 8192 2.000000000 2
33 245 3 8192 2.000000000 2
34 246 3 8192 2.000000000 2
34 246 3 8192 2.000000000 2
35 247 3 8192 2.000000000 2
35 247 3 8192 2.000000000 2
32 332 3 8192 2.000000000 2
32 332 3 8192 2.000000000 2
33 333 3 8192 2.000000000 2
33 333 3 8192 2.000000000 2
34 334 3 8192 2.000000000 2
34 334 3 8192 2.000000000 2
35 335 3 8192 2.000000000 2
35 335 3 8192 2.000000000 2
32 856 3 8192 2.000000000 2
32 856 3 8192 2.000000000 2
33 857 3 8192 2.000000000 2
33 857 3 8192 2.000000000 2
34 858 3 8192 2.000000000 2
34 858 3 8192 2.000000000 2
35 859 3 8192 2.000000000 2
35 859 3 8192 2.000000000 2
32 896 3 8192 2.000000000 2
32 896 3 8192 2.000000000 2
33 897 3 8192 2.000000000 2
33 897 3 8192 2.000000000 2
34 898 3 8192 2.000000000 2
34 898 3 8192 2.000000000 2
35 899 3 8192 2.000000000 2
35 899 3 8192 2.000000000 2
32 956 3 8192 2.000000000 2
32 956 3 8192 2.000000000 2
33 957 3 8192 2.000000000 2
33 957 3 8192 2.000000000 2
34 958 3 8192 2.000000000 2
34 958 3 8192 2.000000000 2
35 959 3 8192 2.000000000 2
35 959 3 8192 2.000000000 2
32 1036 3 8192 2.000000000 2
32 1036 3 8192 2.000000000 2
33 1037 3 8192 2.000000000 2
33 1037 3 8192 2.000000000 2
34 1038 3 8192 2.000000000 2
34 1038 3 8192 2.000000000 2
35 1039 3 8192 2.000000000 2
35 1039 3 8192 2.000000000 2
32 1108 3 8192 2.000000000 2
32 1108 3 8192 2.000000000 2
33 1109 3 8192 2.000000000 2
33 1109 3 8192 2.000000000 2
34 1110 3 8192 2.000000000 2
34 1110 3 8192 2.000000000 2
35 1111 3 8192 2.000000000 2
35 1111 3 8192 2.000000000 2
32 1200 3 8192 2.000000000 2
32 1200 3 8192 2.000000000 2
33 1201 3 8192 2.000000000 2
33 1201 3 8192 2.000000000 2
34 1202 3 8192 2.000000000 2
34 1202 3 8192 2.000000000 2
35 1203 3 8192 2.000000000 2
35 1203 3 8192 2.000000000 2
36 60 3 8192 2.000000000 2
36 60 3 8192 2.000000000 2
37 61 3 8192 2.000000000 2
37 61 3 8192 2.000000000 2
38 62 3 8192 2.000000000 2
38 62 3 8192 2.000000000 2
39 63 3 8192 2.000000000 2
39 63 3 8192 2.000000000 2
36 240 3 8192 2.000000000 2
36 240 3 8192 2.000000000 2
37 241 3 8192 2.000000000 2
37 241 3 8192 2.000000000 2
38 242 3 8192 2.000000000 2
38 242 3 8192 2.000000000 2
39 243 3 8192 2.000000000 2
39 243 3 8192 2.000000000 2
36 300 3 8192 2.000000000 2
36 300 3 8192 2.000000000 2
37 301 3 8192 2.000000000 2
37 301 3 8192 2.000000000 2
38 302 3 8192 2.000000000 2
38 302 3 8192 2.000000000 2
39 303 3 8192 2.000000000 2
39 303 3 8192 2.000000000 2
36 320 3 8192 2.000000000 2
36 320 3 8192 2.000000000 2
37 321 3 8192 2.000000000 2
37 321 3 8192 2.000000000 2
38 322 3 8192 2.000000000 2
38 322 3 8192 2.000000000 2
39 323 3 8192 2.000000000 2
39 323 3 8192 2.000000000 2
36 608 3 8192 2.000000000 2
36 608 3 8192 2.000000000 2
37 609 3 8192 2.000000000 2
37 609 3 8192 2.000000000 2
38 610 3 8192 2.000000000 2
38 610 3 8192 2.000000000 2
39 611 3 8192 2.000000000 2
39 611 3 8192 2.000000000 2
36 896 3 8192 2.000000000 2
36 896 3 8192 2.000000000 2
37 897 3 8192 2.000000000 2
37 897 3 8192 2.000000000 2
38 898 3 8192 2.000000000 2
38 898 3 8192 2.000000000 2
39 899 3 8192 2.000000000 2
39 899 3 8192 2.000000000 2
36 932 3 8192 2.000000000 2
36 932 3 8192 2.000000000 2
37 933 3 8192 2.000000000 2
37 933 3 8192 2.000000000 2
38 934 3 8192 2.000000000 2
38 934 3 8192 2.000000000 2
39 935 3 8192 2.000000000 2
39 935 3 8192 2.000000000 2
36 1252 3 8192 2.000000000 2
36 1252 3 8192 2.000000000 2
37 1253 3 8192 2.000000000 2
37 1253 3 8192 2.000000000 2
38 1254 3 8192 2.000000000 2
38 1254 3 8192 2.000000000 2
39 1255 3 8192 2.000000000 2
39 1255 3 8192 2.000000000 2
48 124 3 8192 2.000000000 2
48 124 3 8192 2.000000000 2
49 125 3 8192 2.000000000 2
49 125 3 8192 2.000000000 2
50 126 3 8192 2.000000000 2
50 126 3 8192 2.000000000 2
51 127 3 8192 2.000000000 2
51 127 3 8192 2.000000000 2
48 252 3 8192 2.000000000 2
48 252 3 8192 2.000000000 2
49 253 3 8192 2.000000000 2
49 253 3 8192 2.000000000 2
50 254 3 8192 2.000000000 2
50 254 3 8192 2.000000000 2
51 255 3 8192 2.000000000 2
51 255 3 8192 2.000000000 2
48 348 3 8192 2.000000000 2
48 348 3 8192 2.000000000 2
49 349 3 8192 2.000000000 2
49 349 3 8192 2.000000000 2
50 350 3 8192 2.000000000 2
50 350 3 8192 2.000000000 2
51 351 3 8192 2.000000000 2
51 351 3 8192 2.000000000 2
48 368 3 8192 2.000000000 2
48 368 3 8192 2.000000000 2
49 369 3 8192 2.000000000 2
49 369 3 8192 2.000000000 2
50 370 3 8192 2.000000000 2
50 370 3 8192 2.000000000 2
51 371 3 8192 2.000000000 2
51 371 3 8192 2.000000000 2
48 740 3 8192 2.000000000 2
48 740 3 8192 2.000000000 2
49 741 3 8192 2.000000000 2
49 741 3 8192 2.000000000 2
50 742 3 8192 2.000000000 2
50 742 3 8192 2.000000000 2
51 743 3 8192 2.000000000 2
51 743 3 8192 2.000000000 2
48 808 3 8192 2.000000000 2
48 808 3 8192 2.000000000 2
49 809 3 8192 2.000000000 2
49 809 3 8192 2.000000000 2
50 810 3 8192 2.000000000 2
50 810 3 8192 2.000000000 2
51 811 3 8192 2.000000000 2
51 811 3 8192 2.000000000 2
48 948 3 8192 2.000000000 2
48 948 3 8192 2.000000000 2
49 949 3 8192 2.000000000 2
49 949 3 8192 2.000000000 2
50 950 3 8192 2.000000000 2
50 950 3 8192 2.000000000 2
51 951 3 8192 2.000000000 2
51 951 3 8192 2.000000000 2
48 960 3 8192 2.000000000 2
48 960 3 8192 2.000000000 2
49 961 3 8192 2.000000000 2
49 961 3 8192 2.000000000 2
50 962 3 8192 2.000000000 2
50 962 3 8192 2.000000000 2
51 963 3 8192 2.000000000 2
51 963 3 8192 2.000000000 2
52 84 3 8192 2.000000000 2
52 84 3 8192 2.000000000 2
53 85 3 8192 2.000000000 2
53 85 3 8192 2.000000000 2
54 86 3 8192 2.000000000 2
54 86 3 8192 2.000000000 2
55 87 3 8192 2.000000000 2
55 87 3 8192 2.000000000 2
52 88 3 8192 2.000000000 2
52 88 3 8192 2.000000000 2
53 89 3 8192 2.000000000 2
53 89 3 8192 2.000000000 2
54 90 3 8192 2.000000000 2
54 90 3 8192 2.000000000 2
55 91 3 8192 2.000000000 2
55 91 3 8192 2.000000000 2
52 180 3 8192 2.000000000 2
52 180 3 8192 2.000000000 2
53 181 3 8192 2.000000000 2
53 181 3 8192 2.000000000 2
54 182 3 8192 2.000000000 2
54 182 3 8192 2.000000000 2
55 183 3 8192 2.000000000 2
55 183 3 8192 2.000000000 2
52 416 3 8192 2.000000000 2
52 416 3 8192 2.000000000 2
53 417 3 8192 2.000000000 2
53 417 3 8192 2.000000000 2
54 418 3 8192 2.000000000 2
54 418 3 8192 2.000000000 2
55 419 3 8192 2.000000000 2
55 419 3 8192 2.000000000 2
52 696 3 8192 2.000000000 2
52 696 3 8192 2.000000000 2
53 697 3 8192 2.000000000 2
53 697 3 8192 2.000000000 2
54 698 3 8192 2.000000000 2
54 698 3 8192 2.000000000 2
55 699 3 8192 2.000000000 2
55 699 3 8192 2.000000000 2
52 1072 3 8192 2.000000000 2
52 1072 3 8192 2.000000000 2
53 1073 3 8192 2.000000000 2
53 1073 3 8192 2.000000000 2
54 1074 3 8192 2.000000000 2
54 1074 3 8192 2.000000000 2
55 1075 3 8192 2.000000000 2
55 1075 3 8192 2.000000000 2
52 1160 3 8192 2.000000000 2
52 1160 3 8192 2.000000000 2
53 1161 3 8192 2.000000000 2
53 1161 3 8192 2.000000000 2
54 1162 3 8192 2.000000000 2
54 1162 3 8192 2.000000000 2
55 1163 3 8192 2.000000000 2
55 1163 3 8192 2.000000000 2
52 1172 3 8192 2.000000000 2
52 1172 3 8192 2.000000000 2
53 1173 3 8192 2.000000000 2
53 1173 3 8192 2.000000000 2
54 1174 3 8192 2.000000000 2
54 1174 3 8192 2.000000000 2
55 1175 3 8192 2.000000000 2
55 1175 3 8192 2.000000000 2
56 272 3 8192 2.000000000 2
56 272 3 8192 2.000000000 2
57 273 3 8192 2.000000000 2
57 273 3 8192 2.000000000 2
58 274 3 8192 2.000000000 2
58 274 3 8192 2.000000000 2
59 275 3 8192 2.000000000 2
59 275 3 8192 2.000000000 2
56 300 3 8192 2.000000000 2
56 300 3 8192 2.000000000 2
57 301 3 8192 2.000000000 2
57 301 3 8192 2.000000000 2
58 302 3 8192 2.000000000 2
58 302 3 8192 2.000000000 2
59 303 3 8192 2.000000000 2
59 303 3 8192 2.000000000 2
56 320 3 8192 2.000000000 2
56 320 3 8192 2.000000000 2
57 321 3 8192 2.000000000 2
57 321 3 8192 2.000000000 2
58 322 3 8192 2.000000000 2
58 322 3 8192 2.000000000 2
59 323 3 8192 2.000000000 2
59 323 3 8192 2.000000000 2
56 620 3 8192 2.000000000 2
56 620 3 8192 2.000000000 2
57 621 3 8192 2.000000000 2
57 621 3 8192 2.000000000 2
58 622 3 8192 2.000000000 2
58 622 3 8192 2.000000000 2
59 623 3 8192 2.000000000 2
59 623 3 8192 2.000000000 2
56 640 3 8192 2.000000000 2
56 640 3 8192 2.000000000 2
57 641 3 8192 2.000000000 2
57 641 3 8192 2.000000000 2
58 642 3 8192 2.000000000 2
58 642 3 8192 2.000000000 2
59 643 3 8192 2.000000000 2
59 643 3 8192 2.000000000 2
56 772 3 8192 2.000000000 2
56 772 3 8192 2.000000000 2
57 773 3 8192 2.000000000 2
57 773 3 8192 2.000000000 2
58 774 3 8192 2.000000000 2
58 774 3 8192 2.000000000 2
59 775 3 8192 2.000000000 2
59 775 3 8192 2.000000000 2
56 776 3 8192 2.000000000 2
56 776 3 8192 2.000000000 2
57 777 3 8192 2.000000000 2
57 777 3 8192 2.000000000 2
58 778 3 8192 2.000000000 2
58 778 3 8192 2.000000000 2
59 779 3 8192 2.000000000 2
59 779 3 8192 2.000000000 2
56 976 3 8192 2.000000000 2
56 976 3 8192 2.000000000 2
57 977 3 8192 2.000000000 2
57 977 3 8192 2.000000000 2
58 978 3 8192 2.000000000 2
58 978 3 8192 2.000000000 2
59 979 3 8192 2.000000000 2
59 979 3 8192 2.000000000 2
60 72 3 8192 2.000000000 2
60 72 3 8192 2.000000000 2
61 73 3 8192 2.000000000 2
61 73 3 8192 2.000000000 2
62 74 3 8192 2.000000000 2
62 74 3 8192 2.000000000 2
63 75 3 8192 2.000000000 2
63 75 3 8192 2.000000000 2
60 140 3 8192 2.000000000 2
60 140 3 8192 2.000000000 2
61 141 3 8192 2.000000000 2
61 141 3 8192 2.000000000 2
62 142 3 8192 2.000000000 2
62 142 3 8192 2.000000000 2
63 143 3 8192 2.000000000 2
63 143 3 8192 2.000000000 2
60 440 3 8192 2.000000000 2
60 440 3 8192 2.000000000 2
61 441 3 8192 2.000000000 2
61 441 3 8192 2.000000000 2
62 442 3 8192 2.000000000 2
62 442 3 8192 2.000000000 2
63 443 3 8192 2.000000000 2
63 443 3 8192 2.000000000 2
60 716 3 8192 2.000000000 2
60 716 3 8192 2.000000000 2
61 717 3 8192 2.000000000 2
61 717 3 8192 2.000000000 2
62 718 3 8192 2.000000000 2
62 718 3 8192 2.000000000 2
63 719 3 8192 2.000000000 2
63 719 3 8192 2.000000000 2
60 840 3 8192 2.000000000 2
60 840 3 8192 2.000000000 2
61 841 3 8192 2.000000000 2
61 841 3 8192 2.000000000 2
62 842 3 8192 2.000000000 2
62 842 3 8192 2.000000000 2
63 843 3 8192 2.000000000 2
63 843 3 8192 2.000000000 2
60 1008 3 8192 2.000000000 2
60 1008 3 8192 2.000000000 2
61 1009 3 8192 2.000000000 2
61 1009 3 8192 2.000000000 2
62 1010 3 8192 2.000000000 2
62 1010 3 8192 2.000000000 2
63 1011 3 8192 2.000000000 2
63 1011 3 8192 2.000000000 2
60 1020 3 8192 2.000000000 2
60 1020 3 8192 2.000000000 2
61 1021 3 8192 2.000000000 2
61 1021 3 8192 2.000000000 2
62 1022 3 8192 2.000000000 2
62 1022 3 8192 2.000000000 2
63 1023 3 8192 2.000000000 2
63 1023 3 8192 2.000000000 2
60 1136 3 8192 2.000000000 2
60 1136 3 8192 2.000000000 2
61 1137 3 8192 2.000000000 2
61 1137 3 8192 2.000000000 2
62 1138 3 8192 2.000000000 2
62 1138 3 8192 2.000000000 2
63 1139 3 8192 2.000000000 2
63 1139 3 8192 2.000000000 2
64 96 3 8192 2.000000000 2
64 96 3 8192 2.000000000 2
65 97 3 8192 2.000000000 2
65 97 3 8192 2.000000000 2
66 98 3 8192 2.000000000 2
66 98 3 8192 2.000000000 2
67 99 3 8192 2.000000000 2
67 99 3 8192 2.000000000 2
64 116 3 8192 2.000000000 2
64 116 3 8192 2.000000000 2
65 117 3 8192 2.000000000 2
65 117 3 8192 2.000000000 2
66 118 3 8192 2.000000000 2
66 118 3 8192 2.000000000 2
67 119 3 8192 2.000000000 2
67 119 3 8192 2.000000000 2
64 140 3 8192 2.000000000 2
64 140 3 8192 2.000000000 2
65 141 3 8192 2.000000000 2
65 141 3 8192 2.000000000 2
66 142 3 8192 2.000000000 2
66 142 3 8192 2.000000000 2
67 143 3 8192 2.000000000 2
67 143 3 8192 2.000000000 2
64 164 3 8192 2.000000000 2
64 164 3 8192 2.000000000 2
65 165 3 8192 2.000000000 2
65 165 3 8192 2.000000000 2
66 166 3 8192 2.000000000 2
66 166 3 8192 2.000000000 2
67 167 3 8192 2.000000000 2
67 167 3 8192 2.000000000 2
64 260 3 8192 2.000000000 2
64 260 3 8192 2.000000000 2
65 261 3 8192 2.000000000 2
65 261 3 8192 2.000000000 2
66 262 3 8192 2.000000000 2
66 262 3 8192 2.000000000 2
67 263 3 8192 2.000000000 2
67 263 3 8192 2.000000000 2
64 592 3 8192 2.000000000 2
64 592 3 8192 2.000000000 2
65 593 3 8192 2.000000000 2
65 593 3 8192 2.000000000 2
66 594 3 8192 2.000000000 2
66 594 3 8192 2.000000000 2
67 595 3 8192 2.000000000 2
67 595 3 8192 2.000000000 2
64 636 3 8192 2.000000000 2
64 636 3 8192 2.000000000 2
65 637 3 8192 2.000000000 2
65 637 3 8192 2.000000000 2
66 638 3 8192 2.000000000 2
66 638 3 8192 2.000000000 2
67 639 3 8192 2.000000000 2
67 639 3 8192 2.000000000 2
64 640 3 8192 2.000000000 2
64 640 3 8192 2.000000000 2
65 641 3 8192 2.000000000 2
65 641 3 8192 2.000000000 2
66 642 3 8192 2.000000000 2
66 642 3 8192 2.000000000 2
67 643 3 8192 2.000000000 2
67 643 3 8192 2.000000000 2
68 12 3 8192 2.000000000 2
68 12 3 8192 2.000000000 2
69 13 3 8192 2.000000000 2
69 13 3 8192 2.000000000 2
70 14 3 8192 2.000000000 2
70 14 3 8192 2.000000000 2
71 15 3 8192 2.000000000 2
71 15 3 8192 2.000000000 2
68 280 3 8192 2.000000000 2
68 280 3 8192 2.000000000 2
69 281 3 8192 2.000000000 2
69 281 3 8192 2.000000000 2
70 282 3 8192 2.000000000 2
70 282 3 8192 2.000000000 2
71 283 3 8192 2.000000000 2
71 283 3 8192 2.000000000 2
68 408 3 8192 2.000000000 2
68 408 3 8192 2.000000000 2
69 409 3 8192 2.000000000 2
69 409 3 8192 2.000000000 2
70 410 3 8192 2.000000000 2
70 410 3 8192 2.000000000 2
71 411 3 8192 2.000000000 2
71 411 3 8192 2.000000000 2
68 648 3 8192 2.000000000 2
68 648 3 8192 2.000000000 2
69 649 3 8192 2.000000000 2
69 649 3 8192 2.000000000 2
70 650 3 8192 2.000000000 2
70 650 3 8192 2.000000000 2
71 651 3 8192 2.000000000 2
71 651 3 8192 2.000000000 2
68 724 3 8192 2.000000000 2
68 724 3 8192 2.000000000 2
69 725 3 8192 2.000000000 2
69 725 3 8192 2.000000000 2
70 726 3 8192 2.000000000 2
70 726 3 8192 2.000000000 2
71 727 3 8192 2.000000000 2
71 727 3 8192 2.000000000 2
68 756 3 8192 2.000000000 2
68 756 3 8192 2.000000000 2
69 757 3 8192 2.000000000 2
69 757 3 8192 2.000000000 2
70 758 3 8192 2.000000000 2
70 758 3 8192 2.000000000 2
71 759 3 8192 2.000000000 2
71 759 3 8192 2.000000000 2
68 780 3 8192 2.000000000 2
68 780 3 8192 2.000000000 2
69 781 3 8192 2.000000000 2
69 781 3 8192 2.000000000 2
70 782 3 8192 2.000000000 2
70 782 3 8192 2.000000000 2
71 783 3 8192 2.000000000 2
71 783 3 8192 2.000000000 2
68 792 3 8192 2.000000000 2
68 792 3 8192 2.000000000 2
69 793 3 8192 2.000000000 2
69 793 3 8192 2.000000000 2
70 794 3 8192 2.000000000 2
70 794 3 8192 2.000000000 2
71 795 3 8192 2.000000000 2
71 795 3 8192 2.000000000 2
72 160 3 8192 2.000000000 2
72 160 3 8192 2.000000000 2
73 161 3 8192 2.000000000 2
73 161 3 8192 2.000000000 2
74 162 3 8192 2.000000000 2
74 162 3 8192 2.000000000 2
75 163 3 8192 2.000000000 2
75 163 3 8192 2.000000000 2
72 576 3 8192 2.000000000 2
72 576 3 8192 2.000000000 2
73 577 3 8192 2.000000000 2
73 577 3 8192 2.000000000 2
74 578 3 8192 2.000000000 2
74 578 3 8192 2.000000000 2
75 579 3 8192 2.000000000 2
75 579 3 8192 2.000000000 2
72 592 3 8192 2.000000000 2
72 592 3 8192 2.000000000 2
73 593 3 8192 2.000000000 2
73 593 3 8192 2.000000000 2
74 594 3 8192 2.000000000 2
74 594 3 8192 2.000000000 2
75 595 3 8192 2.000000000 2
75 595 3 8192 2.000000000 2
72 772 3 8192 2.000000000 2
72 772 3 8192 2.000000000 2
73 773 3 8192 2.000000000 2
73 773 3 8192 2.000000000 2
74 774 3 8192 2.000000000 2
74 774 3 8192 2.000000000 2
75 775 3 8192 2.000000000 2
75 775 3 8192 2.000000000 2
72 936 3 8192 2.000000000 2
72 936 3 8192 2.000000000 2
73 937 3 8192 2.000000000 2
73 937 3 8192 2.000000000 2
74 938 3 8192 2.000000000 2
74 938 3 8192 2.000000000 2
75 939 3 8192 2.000000000 2
75 939 3 8192 2.000000000 2
72 1112 3 8192 2.000000000 2
72 1112 3 8192 2.000000000 2
73 1113 3 8192 2.000000000 2
73 1113 3 8192 2.000000000 2
74 1114 3 8192 2.000000000 2
74 1114 3 8192 2.000000000 2
75 1115 3 8192 2.000000000 2
75 1115 3 8192 2.000000000 2
72 1140 3 8192 2.000000000 2
72 1140 3 8192 2.000000000 2
73 1141 3 8192 2.000000000 2
73 1141 3 8192 2.000000000 2
74 1142 3 8192 2.000000000 2
74 1142 3 8192 2.000000000 2
75 1143 3 8192 2.000000000 2
75 1143 3 8192 2.000000000 2
72 1160 3 8192 2.000000000 2
72 1160 3 8192 2.000000000 2
73 1161 3 8192 2.000000000 2
73 1161 3 8192 2.000000000 2
74 1162 3 8192 2.000000000 2
74 1162 3 8192 2.000000000 2
75 1163 3 8192 2.000000000 2
75 1163 3 8192 2.000000000 2
80 256 3 8192 2.000000000 2
80 256 3 8192 2.000000000 2
81 257 3 8192 2.000000000 2
81 257 3 8192 2.000000000 2
82 258 3 8192 2.000000000 2
82 258 3 8192 2.000000000 2
83 259 3 8192 2.000000000 2
83 259 3 8192 2.000000000 2
80 780 3 8192 2.000000000 2
80 780 3 8192 2.000000000 2
81 781 3 8192 2.000000000 2
81 781 3 8192 2.000000000 2
82 782 3 8192 2.000000000 2
82 782 3 8192 2.000000000 2
83 783 3 8192 2.000000000 2
83 783 3 8192 2.000000000 2
80 816 3 8192 2.000000000 2
80 816 3 8192 2.000000000 2
81 817 3 8192 2.000000000 2
81 817 3 8192 2.000000000 2
82 818 3 8192 2.000000000 2
82 818 3 8192 2.000000000 2
83 819 3 8192 2.000000000 2
83 819 3 8192 2.000000000 2
80 840 3 8192 2.000000000 2
80 840 3 8192 2.000000000 2
81 841 3 8192 2.000000000 2
81 841 3 8192 2.000000000 2
82 842 3 8192 2.000000000 2
82 842 3 8192 2.000000000 2
83 843 3 8192 2.000000000 2
83 843 3 8192 2.000000000 2
80 848 3 8192 2.000000000 2
80 848 3 8192 2.000000000 2
81 849 3 8192 2.000000000 2
81 849 3 8192 2.000000000 2
82 850 3 8192 2.000000000 2
82 850 3 8192 2.000000000 2
83 851 3 8192 2.000000000 2
83 851 3 8192 2.000000000 2
80 972 3 8192 2.000000000 2
80 972 3 8192 2.000000000 2
81 973 3 8192 2.000000000 2
81 973 3 8192 2.000000000 2
82 974 3 8192 2.000000000 2
82 974 3 8192 2.000000000 2
83 975 3 8192 2.000000000 2
83 975 3 8192 2.000000000 2
80 996 3 8192 2.000000000 2
80 996 3 8192 2.000000000 2
81 997 3 8192 2.000000000 2
81 997 3 8192 2.000000000 2
82 998 3 8192 2.000000000 2
82 998 3 8192 2.000000000 2
83 999 3 8192 2.000000000 2
83 999 3 8192 2.000000000 2
80 1044 3 8192 2.000000000 2
80 1044 3 8192 2.000000000 2
81 1045 3 8192 2.000000000 2
81 1045 3 8192 2.000000000 2
82 1046 3 8192 2.000000000 2
82 1046 3 8192 2.000000000 2
83 1047 3 8192 2.000000000 2
83 1047 3 8192 2.000000000 2
84 0 3 8192 2.000000000 2
84 0 3 8192 2.000000000 2
85 1 3 8192 2.000000000 2
85 1 3 8192 2.000000000 2
86 2 3 8192 2.000000000 2
86 2 3 8192 2.000000000 2
87 3 3 8192 2.000000000 2
87 3 3 8192 2.000000000 2
84 328 3 8192 2.000000000 2
84 328 3 8192 2.000000000 2
85 329 3 8192 2.000000000 2
85 329 3 8192 2.000000000 2
86 330 3 8192 2.000000000 2
86 330 3 8192 2.000000000 2
87 331 3 8192 2.000000000 2
87 331 3 8192 2.000000000 2
84 360 3 8192 2.000000000 2
84 360 3 8192 2.000000000 2
85 361 3 8192 2.000000000 2
85 361 3 8192 2.000000000 2
86 362 3 8192 2.000000000 2
86 362 3 8192 2.000000000 2
87 363 3 8192 2.000000000 2
87 363 3 8192 2.000000000 2
84 548 3 8192 2.000000000 2
84 548 3 8192 2.000000000 2
85 549 3 8192 2.000000000 2
85 549 3 8192 2.000000000 2
86 550 3 8192 2.000000000 2
86 550 3 8192 2.000000000 2
87 551 3 8192 2.000000000 2
87 551 3 8192 2.000000000 2
84 608 3 8192 2.000000000 2
84 608 3 8192 2.000000000 2
85 609 3 8192 2.000000000 2
85 609 3 8192 2.000000000 2
86 610 3 8192 2.000000000 2
86 610 3 8192 2.000000000 2
87 611 3 8192 2.000000000 2
87 611 3 8192 2.000000000 2
84 792 3 8192 2.000000000 2
84 792 3 8192 2.000000000 2
85 793 3 8192 2.000000000 2
85 793 3 8192 2.000000000 2
86 794 3 8192 2.000000000 2
86 794 3 8192 2.000000000 2
87 795 3 8192 2.000000000 2
87 795 3 8192 2.000000000 2
84 972 3 8192 2.000000000 2
84 972 3 8192 2.000000000 2
85 973 3 8192 2.000000000 2
85 973 3 8192 2.000000000 2
86 974 3 8192 2.000000000 2
86 974 3 8192 2.000000000 2
87 975 3 8192 2.000000000 2
87 975 3 8192 2.000000000 2
84 1276 3 8192 2.000000000 2
84 1276 3 8192 2.000000000 2
85 1277 3 8192 2.000000000 2
85 1277 3 8192 2.000000000 2
86 1278 3 8192 2.000000000 2
86 1278 3 8192 2.000000000 2
87 1279 3 8192 2.000000000 2
87 1279 3 8192 2.000000000 2
88 240 3 8192 2.000000000 2
88 240 3 8192 2.000000000 2
89 241 3 8192 2.000000000 2
89 241 3 8192 2.000000000 2
90 242 3 8192 2.000000000 2
90 242 3 8192 2.000000000 2
91 243 3 8192 2.000000000 2
91 243 3 8192 2.000000000 2
88 380 3 8192 2.000000000 2
88 380 3 8192 2.000000000 2
89 381 3 8192 2.000000000 2
89 381 3 8192 2.000000000 2
90 382 3 8192 2.000000000 2
90 382 3 8192 2.000000000 2
91 383 3 8192 2.000000000 2
91 383 3 8192 2.000000000 2
88 452 3 8192 2.000000000 2
88 452 3 8192 2.000000000 2
89 453 3 8192 2.000000000 2
89 453 3 8192 2.000000000 2
90 454 3 8192 2.000000000 2
90 454 3 8192 2.000000000 2
91 455 3 8192 2.000000000 2
91 455 3 8192 2.000000000 2
88 644 3 8192 2.000000000 2
88 644 3 8192 2.000000000 2
89 645 3 8192 2.000000000 2
89 645 3 8192 2.000000000 2
90 646 3 8192 2.000000000 2
90 646 3 8192 2.000000000 2
91 647 3 8192 2.000000000 2
91 647 3 8192 2.000000000 2
88 656 3 8192 2.000000000 2
88 656 3 8192 2.000000000 2
89 657 3 8192 2.000000000 2
89 657 3 8192 2.000000000 2
90 658 3 8192 2.000000000 2
90 658 3 8192 2.000000000 2
91 659 3 8192 2.000000000 2
91 659 3 8192 2.000000000 2
88 672 3 8192 2.000000000 2
88 672 3 8192 2.000000000 2
89 673 3 8192 2.000000000 2
89 673 3 8192 2.000000000 2
90 674 3 8192 2.000000000 2
90 674 3 8192 2.000000000 2
91 675 3 8192 2.000000000 2
91 675 3 8192 2.000000000 2
88 688 3 8192 2.000000000 2
88 688 3 8192 2.000000000 2
89 689 3 8192 2.000000000 2
89 689 3 8192 2.000000000 2
90 690 3 8192 2.000000000 2
90 690 3 8192 2.000000000 2
91 691 3 8192 2.000000000 2
91 691 3 8192 2.000000000 2
88 836 3 8192 2.000000000 2
88 836 3 8192 2.000000000 2
89 837 3 8192 2.000000000 2
89 837 3 8192 2.000000000 2
90 838 3 8192 2.000000000 2
90 838 3 8192 2.000000000 2
91 839 3 8192 2.000000000 2
91 839 3 8192 2.000000000 2
92 324 3 8192 2.000000000 2
92 324 3 8192 2.000000000 2
93 325 3 8192 2.000000000 2
93 325 3 8192 2.000000000 2
94 326 3 8192 2.000000000 2
94 326 3 8192 2.000000000 2
95 327 3 8192 2.000000000 2
95 327 3 8192 2.000000000 2
92 340 3 8192 2.000000000 2
92 340 3 8192 2.000000000 2
93 341 3 8192 2.000000000 2
93 341 3 8192 2.000000000 2
94 342 3 8192 2.000000000 2
94 342 3 8192 2.000000000 2
95 343 3 8192 2.000000000 2
95 343 3 8192 2.000000000 2
92 408 3 8192 2.000000000 2
92 408 3 8192 2.000000000 2
93 409 3 8192 2.000000000 2
93 409 3 8192 2.000000000 2
94 410 3 8192 2.000000000 2
94 410 3 8192 2.000000000 2
95 411 3 8192 2.000000000 2
95 411 3 8192 2.000000000 2
92 464 3 8192 2.000000000 2
92 464 3 8192 2.000000000 2
93 465 3 8192 2.000000000 2
93 465 3 8192 2.000000000 2
94 466 3 8192 2.000000000 2
94 466 3 8192 2.000000000 2
95 467 3 8192 2.000000000 2
95 467 3 8192 2.000000000 2
92 712 3 8192 2.000000000 2
92 712 3 8192 2.000000000 2
93 713 3 8192 2.000000000 2
93 713 3 8192 2.000000000 2
94 714 3 8192 2.000000000 2
94 714 3 8192 2.000000000 2
95 715 3 8192 2.000000000 2
95 715 3 8192 2.000000000 2
92 852 3 8192 2.000000000 2
92 852 3 8192 2.000000000 2
93 853 3 8192 2.000000000 2
93 853 3 8192 2.000000000 2
94 854 3 8192 2.000000000 2
94 854 3 8192 2.000000000 2
95 855 3 8192 2.000000000 2
95 855 3 8192 2.000000000 2
92 1120 3 8192 2.000000000 2
92 1120 3 8192 2.000000000 2
93 1121 3 8192 2.000000000 2
93 1121 3 8192 2.000000000 2
94 1122 3 8192 2.000000000 2
94 1122 3 8192 2.000000000 2
95 1123 3 8192 2.000000000 2
95 1123 3 8192 2.000000000 2
92 1220 3 8192 2.000000000 2
92 1220 3 8192 2.000000000 2
93 1221 3 8192 2.000000000 2
93 1221 3 8192 2.000000000 2
94 1222 3 8192 2.000000000 2
94 1222 3 8192 2.000000000 2
95 1223 3 8192 2.000000000 2
95 1223 3 8192 2.000000000 2
96 160 3 8192 2.000000000 2
96 160 3 8192 2.000000000 2
97 161 3 8192 2.000000000 2
97 161 3 8192 2.000000000 2
98 162 3 8192 2.000000000 2
98 162 3 8192 2.000000000 2
99 163 3 8192 2.000000000 2
99 163 3 8192 2.000000000 2
96 364 3 8192 2.000000000 2
96 364 3 8192 2.000000000 2
97 365 3 8192 2.000000000 2
97 365 3 8192 2.000000000 2
98 366 3 8192 2.000000000 2
98 366 3 8192 2.000000000 2
99 367 3 8192 2.000000000 2
99 367 3 8192 2.000000000 2
96 432 3 8192 2.000000000 2
96 432 3 8192 2.000000000 2
97 433 3 8192 2.000000000 2
97 433 3 8192 2.000000000 2
98 434 3 8192 2.000000000 2
98 434 3 8192 2.000000000 2
99 435 3 8192 2.000000000 2
99 435 3 8192 2.000000000 2
96 588 3 8192 2.000000000 2
96 588 3 8192 2.000000000 2
97 589 3 8192 2.000000000 2
97 589 3 8192 2.000000000 2
98 590 3 8192 2.000000000 2
98 590 3 8192 2.000000000 2
99 591 3 8192 2.000000000 2
99 591 3 8192 2.000000000 2
96 668 3 8192 2.000000000 2
96 668 3 8192 2.000000000 2
97 669 3 8192 2.000000000 2
97 669 3 8192 2.000000000 2
98 670 3 8192 2.000000000 2
98 670 3 8192 2.000000000 2
99 671 3 8192 2.000000000 2
99 671 3 8192 2.000000000 2
96 748 3 8192 2.000000000 2
96 748 3 8192 2.000000000 2
97 749 3 8192 2.000000000 2
97 749 3 8192 2.000000000 2
98 750 3 8192 2.000000000 2
98 750 3 8192 2.000000000 2
99 751 3 8192 2.000000000 2
99 751 3 8192 2.000000000 2
96 832 3 8192 2.000000000 2
96 832 3 8192 2.000000000 2
97 833 3 8192 2.000000000 2
97 833 3 8192 2.000000000 2
98 834 3 8192 2.000000000 2
98 834 3 8192 2.000000000 2
99 835 3 8192 2.000000000 2
99 835 3 8192 2.000000000 2
96 884 3 8192 2.000000000 2
96 884 3 8192 2.000000000 2
97 885 3 8192 2.000000000 2
97 885 3 8192 2.000000000 2
98 886 3 8192 2.000000000 2
98 886 3 8192 2.000000000 2
99 887 3 8192 2.000000000 2
99 887 3 8192 2.000000000 2
108 8 3 8192 2.000000000 2
108 8 3 8192 2.000000000 2
109 9 3 8192 2.000000000 2
109 9 3 8192 2.000000000 2
110 10 3 8192 2.000000000 2
110 10 3 8192 2.000000000 2
111 11 3 8192 2.000000000 2
111 11 3 8192 2.000000000 2
108 244 3 8192 2.000000000 2
108 244 3 8192 2.000000000 2
109 245 3 8192 2.000000000 2
109 245 3 8192 2.000000000 2
110 246 3 8192 2.000000000 2
110 246 3 8192 2.000000000 2
111 247 3 8192 2.000000000 2
111 247 3 8192 2.000000000 2
108 440 3 8192 2.000000000 2
108 440 3 8192 2.000000000 2
109 441 3 8192 2.000000000 2
109 441 3 8192 2.000000000 2
110 442 3 8192 2.000000000 2
110 442 3 8192 2.000000000 2
111 443 3 8192 2.000000000 2
111 443 3 8192 2.000000000 2
108 648 3 8192 2.000000000 2
108 648 3 8192 2.000000000 2
109 649 3 8192 2.000000000 2
109 649 3 8192 2.000000000 2
110 650 3 8192 2.000000000 2
110 650 3 8192 2.000000000 2
111 651 3 8192 2.000000000 2
111 651 3 8192 2.000000000 2
108 972 3 8192 2.000000000 2
108 972 3 8192 2.000000000 2
109 973 3 8192 2.000000000 2
109 973 3 8192 2.000000000 2
110 974 3 8192 2.000000000 2
110 974 3 8192 2.000000000 2
111 975 3 8192 2.000000000 2
111 975 3 8192 2.000000000 2
108 1148 3 8192 2.000000000 2
108 1148 3 8192 2.000000000 2
109 1149 3 8192 2.000000000 2
109 1149 3 8192 2.000000000 2
110 1150 3 8192 2.000000000 2
110 1150 3 8192 2.000000000 2
111 1151 3 8192 2.000000000 2
111 1151 3 8192 2.000000000 2
108 1216 3 8192 2.000000000 2
108 1216 3 8192 2.000000000 2
109 1217 3 8192 2.000000000 2
109 1217 3 8192 2.000000000 2
110 1218 3 8192 2.000000000 2
110 1218 3 8192 2.000000000 2
111 1219 3 8192 2.000000000 2
111 1219 3 8192 2.000000000 2
108 1252 3 8192 2.000000000 2
108 1252 3 8192 2.000000000 2
109 1253 3 8192 2.000000000 2
109 1253 3 8192 2.000000000 2
110 1254 3 8192 2.000000000 2
110 1254 3 8192 2.000000000 2
111 1255 3 8192 2.000000000 2
111 1255 3 8192 2.000000000 2
112 84 3 8192 2.000000000 2
112 84 3 8192 2.000000000 2
113 85 3 8192 2.000000000 2
113 85 3 8192 2.000000000 2
114 86 3 8192 2.000000000 2
114 86 3 8192 2.000000000 2
115 87 3 8192 2.000000000 2
115 87 3 8192 2.000000000 2
112 224 3 8192 2.000000000 2
112 224 3 8192 2.000000000 2
113 225 3 8192 2.000000000 2
113 225 3 8192 2.000000000 2
114 226 3 8192 2.000000000 2
114 226 3 8192 2.000000000 2
115 227 3 8192 2.000000000 2
115 227 3 8192 2.000000000 2
112 240 3 8192 2.000000000 2
112 240 3 8192 2.000000000 2
113 241 3 8192 2.000000000 2
113 241 3 8192 2.000000000 2
114 242 3 8192 2.000000000 2
114 242 3 8192 2.000000000 2
115 243 3 8192 2.000000000 2
115 243 3 8192 2.000000000 2
112 632 3 8192 2.000000000 2
112 632 3 8192 2.000000000 2
113 633 3 8192 2.000000000 2
113 633 3 8192 2.000000000 2
114 634 3 8192 2.000000000 2
114 634 3 8192 2.000000000 2
115 635 3 8192 2.000000000 2
115 635 3 8192 2.000000000 2
112 656 3 8192 2.000000000 2
112 656 3 8192 2.000000000 2
113 657 3 8192 2.000000000 2
113 657 3 8192 2.000000000 2
114 658 3 8192 2.000000000 2
114 658 3 8192 2.000000000 2
115 659 3 8192 2.000000000 2
115 659 3 8192 2.000000000 2
112 676 3 8192 2.000000000 2
112 676 3 8192 2.000000000 2
113 677 3 8192 2.000000000 2
113 677 3 8192 2.000000000 2
114 678 3 8192 2.000000000 2
114 678 3 8192 2.000000000 2
115 679 3 8192 2.000000000 2
115 679 3 8192 2.000000000 2
112 976 3 8192 2.000000000 2
112 976 3 8192 2.000000000 2
113 977 3 8192 2.000000000 2
113 977 3 8192 2.000000000 2
114 978 3 8192 2.000000000 2
114 978 3 8192 2.000000000 2
115 979 3 8192 2.000000000 2
115 979 3 8192 2.000000000 2
112 1248 3 8192 2.000000000 2
112 1248 3 8192 2.000000000 2
113 1249 3 8192 2.000000000 2
113 1249 3 8192 2.000000000 2
114 1250 3 8192 2.000000000 2
114 1250 3 8192 2.000000000 2
115 1251 3 8192 2.000000000 2
115 1251 3 8192 2.000000000 2
116 128 3 8192 2.000000000 2
116 128 3 8192 2.000000000 2
117 129 3 8192 2.000000000 2
117 129 3 8192 2.000000000 2
118 130 3 8192 2.000000000 2
118 130 3 8192 2.000000000 2
119 131 3 8192 2.000000000 2
119 131 3 8192 2.000000000 2
116 416 3 8192 2.000000000 2
116 416 3 8192 2.000000000 2
117 417 3 8192 2.000000000 2
117 417 3 8192 2.000000000 2
118 418 3 8192 2.000000000 2
118 418 3 8192 2.000000000 2
119 419 3 8192 2.000000000 2
119 419 3 8192 2.000000000 2
116 464 3 8192 2.000000000 2
116 464 3 8192 2.000000000 2
117 465 3 8192 2.000000000 2
117 465 3 8192 2.000000000 2
118 466 3 8192 2.000000000 2
118 466 3 8192 2.000000000 2
119 467 3 8192 2.000000000 2
119 467 3 8192 2.000000000 2
116 576 3 8192 2.000000000 2
116 576 3 8192 2.000000000 2
117 577 3 8192 2.000000000 2
117 577 3 8192 2.000000000 2
118 578 3 8192 2.000000000 2
118 578 3 8192 2.000000000 2
119 579 3 8192 2.000000000 2
119 579 3 8192 2.000000000 2
116 592 3 8192 2.000000000 2
116 592 3 8192 2.000000000 2
117 593 3 8192 2.000000000 2
117 593 3 8192 2.000000000 2
118 594 3 8192 2.000000000 2
118 594 3 8192 2.000000000 2
119 595 3 8192 2.000000000 2
119 595 3 8192 2.000000000 2
116 880 3 8192 2.000000000 2
116 880 3 8192 2.000000000 2
117 881 3 8192 2.000000000 2
117 881 3 8192 2.000000000 2
118 882 3 8192 2.000000000 2
118 882 3 8192 2.000000000 2
119 883 3 8192 2.000000000 2
119 883 3 8192 2.000000000 2
116 1112 3 8192 2.000000000 2
116 1112 3 8192 2.000000000 2
117 1113 3 8192 2.000000000 2
117 1113 3 8192 2.000000000 2
118 1114 3 8192 2.000000000 2
118 1114 3 8192 2.000000000 2
119 1115 3 8192 2.000000000 2
119 1115 3 8192 2.000000000 2
116 1184 3 8192 2.000000000 2
116 1184 3 8192 2.000000000 2
117 1185 3 8192 2.000000000 2
117 1185 3 8192 2.000000000 2
118 1186 3 8192 2.000000000 2
118 1186 3 8192 2.000000000 2
119 1187 3 8192 2.000000000 2
119 1187 3 8192 2.000000000 2
120 156 3 8192 2.000000000 2
120 156 3 8192 2.000000000 2
121 157 3 8192 2.000000000 2
121 157 3 8192 2.000000000 2
122 158 3 8192 2.000000000 2
122 158 3 8192 2.000000000 2
123 159 3 8192 2.000000000 2
123 159 3 8192 2.000000000 2
120 244 3 8192 2.000000000 2
120 244 3 8192 2.000000000 2
121 245 3 8192 2.000000000 2
121 245 3 8192 2.000000000 2
122 246 3 8192 2.000000000 2
122 246 3 8192 2.000000000 2
123 247 3 8192 2.000000000 2
123 247 3 8192 2.000000000 2
120 256 3 8192 2.000000000 2
120 256 3 8192 2.000000000 2
121 257 3 8192 2.000000000 2
121 257 3 8192 2.000000000 2
122 258 3 8192 2.000000000 2
122 258 3 8192 2.000000000 2
123 259 3 8192 2.000000000 2
123 259 3 8192 2.000000000 2
120 716 3 8192 2.000000000 2
120 716 3 8192 2.000000000 2
121 717 3 8192 2.000000000 2
121 717 3 8192 2.000000000 2
122 718 3 8192 2.000000000 2
122 718 3 8192 2.000000000 2
123 719 3 8192 2.000000000 2
123 719 3 8192 2.000000000 2
120 844 3 8192 2.000000000 2
120 844 3 8192 2.000000000 2
121 845 3 8192 2.000000000 2
121 845 3 8192 2.000000000 2
122 846 3 8192 2.000000000 2
122 846 3 8192 2.000000000 2
123 847 3 8192 2.000000000 2
123 847 3 8192 2.000000000 2
120 892 3 8192 2.000000000 2
120 892 3 8192 2.000000000 2
121 893 3 8192 2.000000000 2
121 893 3 8192 2.000000000 2
122 894 3 8192 2.000000000 2
122 894 3 8192 2.000000000 2
123 895 3 8192 2.000000000 2
123 895 3 8192 2.000000000 2
120 996 3 8192 2.000000000 2
120 996 3 8192 2.000000000 2
121 997 3 8192 2.000000000 2
121 997 3 8192 2.000000000 2
122 998 3 8192 2.000000000 2
122 998 3 8192 2.000000000 2
123 999 3 8192 2.000000000 2
123 999 3 8192 2.000000000 2
120 1064 3 8192 2.000000000 2
120 1064 3 8192 2.000000000 2
121 1065 3 8192 2.000000000 2
121 1065 3 8192 2.000000000 2
122 1066 3 8192 2.000000000 2
122 1066 3 8192 2.000000000 2
123 1067 3 8192 2.000000000 2
123 1067 3 8192 2.000000000 2
124 276 3 8192 2.000000000 2
124 276 3 8192 2.000000000 2
125 277 3 8192 2.000000000 2
125 277 3 8192 2.000000000 2
126 278 3 8192 2.000000000 2
126 278 3 8192 2.000000000 2
127 279 3 8192 2.000000000 2
127 279 3 8192 2.000000000 2
124 304 3 8192 2.000000000 2
124 304 3 8192 2.000000000 2
125 305 3 8192 2.000000000 2
125 305 3 8192 2.000000000 2
126 306 3 8192 2.000000000 2
126 306 3 8192 2.000000000 2
127 307 3 8192 2.000000000 2
127 307 3 8192 2.000000000 2
124 428 3 8192 2.000000000 2
124 428 3 8192 2.000000000 2
125 429 3 8192 2.000000000 2
125 429 3 8192 2.000000000 2
126 430 3 8192 2.000000000 2
126 430 3 8192 2.000000000 2
127 431 3 8192 2.000000000 2
127 431 3 8192 2.000000000 2
124 440 3 8192 2.000000000 2
124 440 3 8192 2.000000000 2
125 441 3 8192 2.000000000 2
125 441 3 8192 2.000000000 2
126 442 3 8192 2.000000000 2
126 442 3 8192 2.000000000 2
127 443 3 8192 2.000000000 2
127 443 3 8192 2.000000000 2
124 668 3 8192 2.000000000 2
124 668 3 8192 2.000000000 2
125 669 3 8192 2.000000000 2
125 669 3 8192 2.000000000 2
126 670 3 8192 2.000000000 2
126 670 3 8192 2.000000000 2
127 671 3 8192 2.000000000 2
127 671 3 8192 2.000000000 2
124 704 3 8192 2.000000000 2
124 704 3 8192 2.000000000 2
125 705 3 8192 2.000000000 2
125 705 3 8192 2.000000000 2
126 706 3 8192 2.000000000 2
126 706 3 8192 2.000000000 2
127 707 3 8192 2.000000000 2
127 707 3 8192 2.000000000 2
124 980 3 8192 2.000000000 2
124 980 3 8192 2.000000000 2
125 981 3 8192 2.000000000 2
125 981 3 8192 2.000000000 2
126 982 3 8192 2.000000000 2
126 982 3 8192 2.000000000 2
127 983 3 8192 2.000000000 2
127 983 3 8192 2.000000000 2
124 984 3 8192 2.000000000 2
124 984 3 8192 2.000000000 2
125 985 3 8192 2.000000000 2
125 985 3 8192 2.000000000 2
126 986 3 8192 2.000000000 2
126 986 3 8192 2.000000000 2
127 987 3 8192 2.000000000 2
127 987 3 8192 2.000000000 2
128 144 3 8192 2.000000000 2
128 144 3 8192 2.000000000 2
129 145 3 8192 2.000000000 2
129 145 3 8192 2.000000000 2
130 146 3 8192 2.000000000 2
130 146 3 8192 2.000000000 2
131 147 3 8192 2.000000000 2
131 147 3 8192 2.000000000 2
128 272 3 8192 2.000000000 2
128 272 3 8192 2.000000000 2
129 273 3 8192 2.000000000 2
129 273 3 8192 2.000000000 2
130 274 3 8192 2.000000000 2
130 274 3 8192 2.000000000 2
131 275 3 8192 2.000000000 2
131 275 3 8192 2.000000000 2
128 408 3 8192 2.000000000 2
128 408 3 8192 2.000000000 2
129 409 3 8192 2.000000000 2
129 409 3 8192 2.000000000 2
130 410 3 8192 2.000000000 2
130 410 3 8192 2.000000000 2
131 411 3 8192 2.000000000 2
131 411 3 8192 2.000000000 2
128 632 3 8192 2.000000000 2
128 632 3 8192 2.000000000 2
129 633 3 8192 2.000000000 2
129 633 3 8192 2.000000000 2
130 634 3 8192 2.000000000 2
130 634 3 8192 2.000000000 2
131 635 3 8192 2.000000000 2
131 635 3 8192 2.000000000 2
128 760 3 8192 2.000000000 2
128 760 3 8192 2.000000000 2
129 761 3 8192 2.000000000 2
129 761 3 8192 2.000000000 2
130 762 3 8192 2.000000000 2
130 762 3 8192 2.000000000 2
131 763 3 8192 2.000000000 2
131 763 3 8192 2.000000000 2
128 812 3 8192 2.000000000 2
128 812 3 8192 2.000000000 2
129 813 3 8192 2.000000000 2
129 813 3 8192 2.000000000 2
130 814 3 8192 2.000000000 2
130 814 3 8192 2.000000000 2
131 815 3 8192 2.000000000 2
131 815 3 8192 2.000000000 2
128 892 3 8192 2.000000000 2
128 892 3 8192 2.000000000 2
129 893 3 8192 2.000000000 2
129 893 3 8192 2.000000000 2
130 894 3 8192 2.000000000 2
130 894 3 8192 2.000000000 2
131 895 3 8192 2.000000000 2
131 895 3 8192 2.000000000 2
128 1188 3 8192 2.000000000 2
128 1188 3 8192 2.000000000 2
129 1189 3 8192 2.000000000 2
129 1189 3 8192 2.000000000 2
130 1190 3 8192 2.000000000 2
130 1190 3 8192 2.000000000 2
131 1191 3 8192 2.000000000 2
131 1191 3 8192 2.000000000 2
140 216 3 8192 2.000000000 2
140 216 3 8192 2.000000000 2
141 217 3 8192 2.000000000 2
141 217 3 8192 2.000000000 2
142 218 3 8192 2.000000000 2
142 218 3 8192 2.000000000 2
143 219 3 8192 2.000000000 2
143 219 3 8192 2.000000000 2
140 220 3 8192 2.000000000 2
140 220 3 8192 2.000000000 2
141 221 3 8192 2.000000000 2
141 221 3 8192 2.000000000 2
142 222 3 8192 2.000000000 2
142 222 3 8192 2.000000000 2
143 223 3 8192 2.000000000 2
143 223 3 8192 2.000000000 2
140 256 3 8192 2.000000000 2
140 256 3 8192 2.000000000 2
141 257 3 8192 2.000000000 2
141 257 3 8192 2.000000000 2
142 258 3 8192 2.000000000 2
142 258 3 8192 2.000000000 2
143 259 3 8192 2.000000000 2
143 259 3 8192 2.000000000 2
140 444 3 8192 2.000000000 2
140 444 3 8192 2.000000000 2
141 445 3 8192 2.000000000 2
141 445 3 8192 2.000000000 2
142 446 3 8192 2.000000000 2
142 446 3 8192 2.000000000 2
143 447 3 8192 2.000000000 2
143 447 3 8192 2.000000000 2
140 536 3 8192 2.000000000 2
140 536 3 8192 2.000000000 2
141 537 3 8192 2.000000000 2
141 537 3 8192 2.000000000 2
142 538 3 8192 2.000000000 2
142 538 3 8192 2.000000000 2
143 539 3 8192 2.000000000 2
143 539 3 8192 2.000000000 2
140 880 3 8192 2.000000000 2
140 880 3 8192 2.000000000 2
141 881 3 8192 2.000000000 2
141 881 3 8192 2.000000000 2
142 882 3 8192 2.000000000 2
142 882 3 8192 2.000000000 2
143 883 3 8192 2.000000000 2
143 883 3 8192 2.000000000 2
140 984 3 8192 2.000000000 2
140 984 3 8192 2.000000000 2
141 985 3 8192 2.000000000 2
141 985 3 8192 2.000000000 2
142 986 3 8192 2.000000000 2
142 986 3 8192 2.000000000 2
143 987 3 8192 2.000000000 2
143 987 3 8192 2.000000000 2
140 1016 3 8192 2.000000000 2
140 1016 3 8192 2.000000000 2
141 1017 3 8192 2.000000000 2
141 1017 3 8192 2.000000000 2
142 1018 3 8192 2.000000000 2
142 1018 3 8192 2.000000000 2
143 1019 3 8192 2.000000000 2
143 1019 3 8192 2.000000000 2
144 220 3 8192 2.000000000 2
144 220 3 8192 2.000000000 2
145 221 3 8192 2.000000000 2
145 221 3 8192 2.000000000 2
146 222 3 8192 2.000000000 2
146 222 3 8192 2.000000000 2
147 223 3 8192 2.000000000 2
147 223 3 8192 2.000000000 2
144 232 3 8192 2.000000000 2
144 232 3 8192 2.000000000 2
145 233 3 8192 2.000000000 2
145 233 3 8192 2.000000000 2
146 234 3 8192 2.000000000 2
146 234 3 8192 2.000000000 2
147 235 3 8192 2.000000000 2
147 235 3 8192 2.000000000 2
144 448 3 8192 2.000000000 2
144 448 3 8192 2.000000000 2
145 449 3 8192 2.000000000 2
145 449 3 8192 2.000000000 2
146 450 3 8192 2.000000000 2
146 450 3 8192 2.000000000 2
147 451 3 8192 2.000000000 2
147 451 3 8192 2.000000000 2
144 692 3 8192 2.000000000 2
144 692 3 8192 2.000000000 2
145 693 3 8192 2.000000000 2
145 693 3 8192 2.000000000 2
146 694 3 8192 2.000000000 2
146 694 3 8192 2.000000000 2
147 695 3 8192 2.000000000 2
147 695 3 8192 2.000000000 2
144 812 3 8192 2.000000000 2
144 812 3 8192 2.000000000 2
145 813 3 8192 2.000000000 2
145 813 3 8192 2.000000000 2
146 814 3 8192 2.000000000 2
146 814 3 8192 2.000000000 2
147 815 3 8192 2.000000000 2
147 815 3 8192 2.000000000 2
144 868 3 8192 2.000000000 2
144 868 3 8192 2.000000000 2
145 869 3 8192 2.000000000 2
145 869 3 8192 2.000000000 2
146 870 3 8192 2.000000000 2
146 870 3 8192 2.000000000 2
147 871 3 8192 2.000000000 2
147 871 3 8192 2.000000000 2
144 1104 3 8192 2.000000000 2
144 1104 3 8192 2.000000000 2
145 1105 3 8192 2.000000000 2
145 1105 3 8192 2.000000000 2
146 1106 3 8192 2.000000000 2
146 1106 3 8192 2.000000000 2
147 1107 3 8192 2.000000000 2
147 1107 3 8192 2.000000000 2
144 1224 3 8192 2.000000000 2
144 1224 3 8192 2.000000000 2
145 1225 3 8192 2.000000000 2
145 1225 3 8192 2.000000000 2
146 1226 3 8192 2.000000000 2
146 1226 3 8192 2.000000000 2
147 1227 3 8192 2.000000000 2
147 1227 3 8192 2.000000000 2
156 560 3 8192 2.000000000 2
156 560 3 8192 2.000000000 2
157 561 3 8192 2.000000000 2
157 561 3 8192 2.000000000 2
158 562 3 8192 2.000000000 2
158 562 3 8192 2.000000000 2
159 563 3 8192 2.000000000 2
159 563 3 8192 2.000000000 2
156 636 3 8192 2.000000000 2
156 636 3 8192 2.000000000 2
157 637 3 8192 2.000000000 2
157 637 3 8192 2.000000000 2
158 638 3 8192 2.000000000 2
158 638 3 8192 2.000000000 2
159 639 3 8192 2.000000000 2
159 639 3 8192 2.000000000 2
156 788 3 8192 2.000000000 2
156 788 3 8192 2.000000000 2
157 789 3 8192 2.000000000 2
157 789 3 8192 2.000000000 2
158 790 3 8192 2.000000000 2
158 790 3 8192 2.000000000 2
159 791 3 8192 2.000000000 2
159 791 3 8192 2.000000000 2
156 860 3 8192 2.000000000 2
156 860 3 8192 2.000000000 2
157 861 3 8192 2.000000000 2
157 861 3 8192 2.000000000 2
158 862 3 8192 2.000000000 2
158 862 3 8192 2.000000000 2
159 863 3 8192 2.000000000 2
159 863 3 8192 2.000000000 2
156 940 3 8192 2.000000000 2
156 940 3 8192 2.000000000 2
157 941 3 8192 2.000000000 2
157 941 3 8192 2.000000000 2
158 942 3 8192 2.000000000 2
158 942 3 8192 2.000000000 2
159 943 3 8192 2.000000000 2
159 943 3 8192 2.000000000 2
156 996 3 8192 2.000000000 2
156 996 3 8192 2.000000000 2
157 997 3 8192 2.000000000 2
157 997 3 8192 2.000000000 2
158 998 3 8192 2.000000000 2
158 998 3 8192 2.000000000 2
159 999 3 8192 2.000000000 2
159 999 3 8192 2.000000000 2
156 1016 3 8192 2.000000000 2
156 1016 3 8192 2.000000000 2
157 1017 3 8192 2.000000000 2
157 1017 3 8192 2.000000000 2
158 1018 3 8192 2.000000000 2
158 1018 3 8192 2.000000000 2
159 1019 3 8192 2.000000000 2
159 1019 3 8192 2.000000000 2
156 1260 3 8192 2.000000000 2
156 1260 3 8192 2.000000000 2
157 1261 3 8192 2.000000000 2
157 1261 3 8192 2.000000000 2
158 1262 3 8192 2.000000000 2
158 1262 3 8192 2.000000000 2
159 1263 3 8192 2.000000000 2
159 1263 3 8192 2.000000000 2
160 300 3 8192 2.000000000 2
160 300 3 8192 2.000000000 2
161 301 3 8192 2.000000000 2
161 301 3 8192 2.000000000 2
162 302 3 8192 2.000000000 2
162 302 3 8192 2.000000000 2
163 303 3 8192 2.000000000 2
163 303 3 8192 2.000000000 2
160 340 3 8192 2.000000000 2
160 340 3 8192 2.000000000 2
161 341 3 8192 2.000000000 2
161 341 3 8192 2.000000000 2
162 342 3 8192 2.000000000 2
162 342 3 8192 2.000000000 2
163 343 3 8192 2.000000000 2
163 343 3 8192 2.000000000 2
160 348 3 8192 2.000000000 2
160 348 3 8192 2.000000000 2
161 349 3 8192 2.000000000 2
161 349 3 8192 2.000000000 2
162 350 3 8192 2.000000000 2
162 350 3 8192 2.000000000 2
163 351 3 8192 2.000000000 2
163 351 3 8192 2.000000000 2
160 632 3 8192 2.000000000 2
160 632 3 8192 2.000000000 2
161 633 3 8192 2.000000000 2
161 633 3 8192 2.000000000 2
162 634 3 8192 2.000000000 2
162 634 3 8192 2.000000000 2
163 635 3 8192 2.000000000 2
163 635 3 8192 2.000000000 2
160 1076 3 8192 2.000000000 2
160 1076 3 8192 2.000000000 2
161 1077 3 8192 2.000000000 2
161 1077 3 8192 2.000000000 2
162 1078 3 8192 2.000000000 2
162 1078 3 8192 2.000000000 2
163 1079 3 8192 2.000000000 2
163 1079 3 8192 2.000000000 2
160 1108 3 8192 2.000000000 2
160 1108 3 8192 2.000000000 2
161 1109 3 8192 2.000000000 2
161 1109 3 8192 2.000000000 2
162 1110 3 8192 2.000000000 2
162 1110 3 8192 2.000000000 2
163 1111 3 8192 2.000000000 2
163 1111 3 8192 2.000000000 2
160 1192 3 8192 2.000000000 2
160 1192 3 8192 2.000000000 2
161 1193 3 8192 2.000000000 2
161 1193 3 8192 2.000000000 2
162 1194 3 8192 2.000000000 2
162 1194 3 8192 2.000000000 2
163 1195 3 8192 2.000000000 2
163 1195 3 8192 2.000000000 2
160 1200 3 8192 2.000000000 2
160 1200 3 8192 2.000000000 2
161 1201 3 8192 2.000000000 2
161 1201 3 8192 2.000000000 2
162 1202 3 8192 2.000000000 2
162 1202 3 8192 2.000000000 2
163 1203 3 8192 2.000000000 2
163 1203 3 8192 2.000000000 2
164 204 3 8192 2.000000000 2
164 204 3 8192 2.000000000 2
165 205 3 8192 2.000000000 2
165 205 3 8192 2.000000000 2
166 206 3 8192 2.000000000 2
166 206 3 8192 2.000000000 2
167 207 3 8192 2.000000000 2
167 207 3 8192 2.000000000 2
164 416 3 8192 2.000000000 2
164 416 3 8192 2.000000000 2
165 417 3 8192 2.000000000 2
165 417 3 8192 2.000000000 2
166 418 3 8192 2.000000000 2
166 418 3 8192 2.000000000 2
167 419 3 8192 2.000000000 2
167 419 3 8192 2.000000000 2
164 428 3 8192 2.000000000 2
164 428 3 8192 2.000000000 2
165 429 3 8192 2.000000000 2
165 429 3 8192 2.000000000 2
166 430 3 8192 2.000000000 2
166 430 3 8192 2.000000000 2
167 431 3 8192 2.000000000 2
167 431 3 8192 2.000000000 2
164 456 3 8192 2.000000000 2
164 456 3 8192 2.000000000 2
165 457 3 8192 2.000000000 2
165 457 3 8192 2.000000000 2
166 458 3 8192 2.000000000 2
166 458 3 8192 2.000000000 2
167 459 3 8192 2.000000000 2
167 459 3 8192 2.000000000 2
164 476 3 8192 2.000000000 2
164 476 3 8192 2.000000000 2
165 477 3 8192 2.000000000 2
165 477 3 8192 2.000000000 2
166 478 3 8192 2.000000000 2
166 478 3 8192 2.000000000 2
167 479 3 8192 2.000000000 2
167 479 3 8192 2.000000000 2
164 500 3 8192 2.000000000 2
164 500 3 8192 2.000000000 2
165 501 3 8192 2.000000000 2
165 501 3 8192 2.000000000 2
166 502 3 8192 2.000000000 2
166 502 3 8192 2.000000000 2
167 503 3 8192 2.000000000 2
167 503 3 8192 2.000000000 2
164 944 3 8192 2.000000000 2
164 944 3 8192 2.000000000 2
165 945 3 8192 2.000000000 2
165 945 3 8192 2.000000000 2
166 946 3 8192 2.000000000 2
166 946 3 8192 2.000000000 2
167 947 3 8192 2.000000000 2
167 947 3 8192 2.000000000 2
164 1072 3 8192 2.000000000 2
164 1072 3 8192 2.000000000 2
165 1073 3 8192 2.000000000 2
165 1073 3 8192 2.000000000 2
166 1074 3 8192 2.000000000 2
166 1074 3 8192 2.000000000 2
167 1075 3 8192 2.000000000 2
167 1075 3 8192 2.000000000 2
168 428 3 8192 2.000000000 2
168 428 3 8192 2.000000000 2
169 429 3 8192 2.000000000 2
169 429 3 8192 2.000000000 2
170 430 3 8192 2.000000000 2
170 430 3 8192 2.000000000 2
171 431 3 8192 2.000000000 2
171 431 3 8192 2.000000000 2
168 436 3 8192 2.000000000 2
168 436 3 8192 2.000000000 2
169 437 3 8192 2.000000000 2
169 437 3 8192 2.000000000 2
170 438 3 8192 2.000000000 2
170 438 3 8192 2.000000000 2
171 439 3 8192 2.000000000 2
171 439 3 8192 2.000000000 2
168 524 3 8192 2.000000000 2
168 524 3 8192 2.000000000 2
169 525 3 8192 2.000000000 2
169 525 3 8192 2.000000000 2
170 526 3 8192 2.000000000 2
170 526 3 8192 2.000000000 2
171 527 3 8192 2.000000000 2
171 527 3 8192 2.000000000 2
168 568 3 8192 2.000000000 2
168 568 3 8192 2.000000000 2
169 569 3 8192 2.000000000 2
169 569 3 8192 2.000000000 2
170 570 3 8192 2.000000000 2
170 570 3 8192 2.000000000 2
171 571 3 8192 2.000000000 2
171 571 3 8192 2.000000000 2
168 600 3 8192 2.000000000 2
168 600 3 8192 2.000000000 2
169 601 3 8192 2.000000000 2
169 601 3 8192 2.000000000 2
170 602 3 8192 2.000000000 2
170 602 3 8192 2.000000000 2
171 603 3 8192 2.000000000 2
171 603 3 8192 2.000000000 2
168 752 3 8192 2.000000000 2
168 752 3 8192 2.000000000 2
169 753 3 8192 2.000000000 2
169 753 3 8192 2.000000000 2
170 754 3 8192 2.000000000 2
170 754 3 8192 2.000000000 2
171 755 3 8192 2.000000000 2
171 755 3 8192 2.000000000 2
168 960 3 8192 2.000000000 2
168 960 3 8192 2.000000000 2
169 961 3 8192 2.000000000 2
169 961 3 8192 2.000000000 2
170 962 3 8192 2.000000000 2
170 962 3 8192 2.000000000 2
171 963 3 8192 2.000000000 2
171 963 3 8192 2.000000000 2
168 980 3 8192 2.000000000 2
168 980 3 8192 2.000000000 2
169 981 3 8192 2.000000000 2
169 981 3 8192 2.000000000 2
170 982 3 8192 2.000000000 2
170 982 3 8192 2.000000000 2
171 983 3 8192 2.000000000 2
171 983 3 8192 2.000000000 2
172 8 3 8192 2.000000000 2
172 8 3 8192 2.000000000 2
173 9 3 8192 2.000000000 2
173 9 3 8192 2.000000000 2
174 10 3 8192 2.000000000 2
174 10 3 8192 2.000000000 2
175 11 3 8192 2.000000000 2
175 11 3 8192 2.000000000 2
172 72 3 8192 2.000000000 2
172 72 3 8192 2.000000000 2
173 73 3 8192 2.000000000 2
173 73 3 8192 2.000000000 2
174 74 3 8192 2.000000000 2
174 74 3 8192 2.000000000 2
175 75 3 8192 2.000000000 2
175 75 3 8192 2.000000000 2
172 544 3 8192 2.000000000 2
172 544 3 8192 2.000000000 2
173 545 3 8192 2.000000000 2
173 545 3 8192 2.000000000 2
174 546 3 8192 2.000000000 2
174 546 3 8192 2.000000000 2
175 547 3 8192 2.000000000 2
175 547 3 8192 2.000000000 2
172 548 3 8192 2.000000000 2
172 548 3 8192 2.000000000 2
173 549 3 8192 2.000000000 2
173 549 3 8192 2.000000000 2
174 550 3 8192 2.000000000 2
174 550 3 8192 2.000000000 2
175 551 3 8192 2.000000000 2
175 551 3 8192 2.000000000 2
172 560 3 8192 2.000000000 2
172 560 3 8192 2.000000000 2
173 561 3 8192 2.000000000 2
173 561 3 8192 2.000000000 2
174 562 3 8192 2.000000000 2
174 562 3 8192 2.000000000 2
175 563 3 8192 2.000000000 2
175 563 3 8192 2.000000000 2
172 980 3 8192 2.000000000 2
172 980 3 8192 2.000000000 2
173 981 3 8192 2.000000000 2
173 981 3 8192 2.000000000 2
174 982 3 8192 2.000000000 2
174 982 3 8192 2.000000000 2
175 983 3 8192 2.000000000 2
175 983 3 8192 2.000000000 2
172 1208 3 8192 2.000000000 2
172 1208 3 8192 2.000000000 2
173 1209 3 8192 2.000000000 2
173 1209 3 8192 2.000000000 2
174 1210 3 8192 2.000000000 2
174 1210 3 8192 2.000000000 2
175 1211 3 8192 2.000000000 2
175 1211 3 8192 2.000000000 2
172 1236 3 8192 2.000000000 2
172 1236 3 8192 2.000000000 2
173 1237 3 8192 2.000000000 2
173 1237 3 8192 2.000000000 2
174 1238 3 8192 2.000000000 2
174 1238 3 8192 2.000000000 2
175 1239 3 8192 2.000000000 2
175 1239 3 8192 2.000000000 2
176 196 3 8192 2.000000000 2
176 196 3 8192 2.000000000 2
177 197 3 8192 2.000000000 2
177 197 3 8192 2.000000000 2
178 198 3 8192 2.000000000 2
178 198 3 8192 2.000000000 2
179 199 3 8192 2.000000000 2
179 199 3 8192 2.000000000 2
176 364 3 8192 2.000000000 2
176 364 3 8192 2.000000000 2
177 365 3 8192 2.000000000 2
177 365 3 8192 2.000000000 2
178 366 3 8192 2.000000000 2
178 366 3 8192 2.000000000 2
179 367 3 8192 2.000000000 2
179 367 3 8192 2.000000000 2
176 476 3 8192 2.000000000 2
176 476 3 8192 2.000000000 2
177 477 3 8192 2.000000000 2
177 477 3 8192 2.000000000 2
178 478 3 8192 2.000000000 2
178 478 3 8192 2.000000000 2
179 479 3 8192 2.000000000 2
179 479 3 8192 2.000000000 2
176 608 3 8192 2.000000000 2
176 608 3 8192 2.000000000 2
177 609 3 8192 2.000000000 2
177 609 3 8192 2.000000000 2
178 610 3 8192 2.000000000 2
178 610 3 8192 2.000000000 2
179 611 3 8192 2.000000000 2
179 611 3 8192 2.000000000 2
176 852 3 8192 2.000000000 2
176 852 3 8192 2.000000000 2
177 853 3 8192 2.000000000 2
177 853 3 8192 2.000000000 2
178 854 3 8192 2.000000000 2
178 854 3 8192 2.000000000 2
179 855 3 8192 2.000000000 2
179 855 3 8192 2.000000000 2
176 984 3 8192 2.000000000 2
176 984 3 8192 2.000000000 2
177 985 3 8192 2.000000000 2
177 985 3 8192 2.000000000 2
178 986 3 8192 2.000000000 2
178 986 3 8192 2.000000000 2
179 987 3 8192 2.000000000 2
179 987 3 8192 2.000000000 2
176 1044 3 8192 2.000000000 2
176 1044 3 8192 2.000000000 2
177 1045 3 8192 2.000000000 2
177 1045 3 8192 2.000000000 2
178 1046 3 8192 2.000000000 2
178 1046 3 8192 2.000000000 2
179 1047 3 8192 2.000000000 2
179 1047 3 8192 2.000000000 2
176 1248 3 8192 2.000000000 2
176 1248 3 8192 2.000000000 2
177 1249 3 8192 2.000000000 2
177 1249 3 8192 2.000000000 2
178 1250 3 8192 2.000000000 2
178 1250 3 8192 2.000000000 2
179 1251 3 8192 2.000000000 2
179 1251 3 8192 2.000000000 2
180 24 3 8192 2.000000000 2
180 24 3 8192 2.000000000 2
181 25 3 8192 2.000000000 2
181 25 3 8192 2.000000000 2
182 26 3 8192 2.000000000 2
182 26 3 8192 2.000000000 2
183 27 3 8192 2.000000000 2
183 27 3 8192 2.000000000 2
180 264 3 8192 2.000000000 2
180 264 3 8192 2.000000000 2
181 265 3 8192 2.000000000 2
181 265 3 8192 2.000000000 2
182 266 3 8192 2.000000000 2
182 266 3 8192 2.000000000 2
183 267 3 8192 2.000000000 2
183 267 3 8192 2.000000000 2
180 272 3 8192 2.000000000 2
180 272 3 8192 2.000000000 2
181 273 3 8192 2.000000000 2
181 273 3 8192 2.000000000 2
182 274 3 8192 2.000000000 2
182 274 3 8192 2.000000000 2
183 275 3 8192 2.000000000 2
183 275 3 8192 2.000000000 2
180 332 3 8192 2.000000000 2
180 332 3 8192 2.000000000 2
181 333 3 8192 2.000000000 2
181 333 3 8192 2.000000000 2
182 334 3 8192 2.000000000 2
182 334 3 8192 2.000000000 2
183 335 3 8192 2.000000000 2
183 335 3 8192 2.000000000 2
180 868 3 8192 2.000000000 2
180 868 3 8192 2.000000000 2
181 869 3 8192 2.000000000 2
181 869 3 8192 2.000000000 2
182 870 3 8192 2.000000000 2
182 870 3 8192 2.000000000 2
183 871 3 8192 2.000000000 2
183 871 3 8192 2.000000000 2
180 920 3 8192 2.000000000 2
180 920 3 8192 2.000000000 2
181 921 3 8192 2.000000000 2
181 921 3 8192 2.000000000 2
182 922 3 8192 2.000000000 2
182 922 3 8192 2.000000000 2
183 923 3 8192 2.000000000 2
183 923 3 8192 2.000000000 2
180 932 3 8192 2.000000000 2
180 932 3 8192 2.000000000 2
181 933 3 8192 2.000000000 2
181 933 3 8192 2.000000000 2
182 934 3 8192 2.000000000 2
182 934 3 8192 2.000000000 2
183 935 3 8192 2.000000000 2
183 935 3 8192 2.000000000 2
180 1060 3 8192 2.000000000 2
180 1060 3 8192 2.000000000 2
181 1061 3 8192 2.000000000 2
181 1061 3 8192 2.000000000 2
182 1062 3 8192 2.000000000 2
182 1062 3 8192 2.000000000 2
183 1063 3 8192 2.000000000 2
183 1063 3 8192 2.000000000 2
188 32 3 8192 2.000000000 2
188 32 3 8192 2.000000000 2
189 33 3 8192 2.000000000 2
189 33 3 8192 2.000000000 2
190 34 3 8192 2.000000000 2
190 34 3 8192 2.000000000 2
191 35 3 8192 2.000000000 2
191 35 3 8192 2.000000000 2
188 404 3 8192 2.000000000 2
188 404 3 8192 2.000000000 2
189 405 3 8192 2.000000000 2
189 405 3 8192 2.000000000 2
190 406 3 8192 2.000000000 2
190 406 3 8192 2.000000000 2
191 407 3 8192 2.000000000 2
191 407 3 8192 2.000000000 2
188 444 3 8192 2.000000000 2
188 444 3 8192 2.000000000 2
189 445 3 8192 2.000000000 2
189 445 3 8192 2.000000000 2
190 446 3 8192 2.000000000 2
190 446 3 8192 2.000000000 2
191 447 3 8192 2.000000000 2
191 447 3 8192 2.000000000 2
188 504 3 8192 2.000000000 2
188 504 3 8192 2.000000000 2
189 505 3 8192 2.000000000 2
189 505 3 8192 2.000000000 2
190 506 3 8192 2.000000000 2
190 506 3 8192 2.000000000 2
191 507 3 8192 2.000000000 2
191 507 3 8192 2.000000000 2
188 512 3 8192 2.000000000 2
188 512 3 8192 2.000000000 2
189 513 3 8192 2.000000000 2
189 513 3 8192 2.000000000 2
190 514 3 8192 2.000000000 2
190 514 3 8192 2.000000000 2
191 515 3 8192 2.000000000 2
191 515 3 8192 2.000000000 2
188 572 3 8192 2.000000000 2
188 572 3 8192 2.000000000 2
189 573 3 8192 2.000000000 2
189 573 3 8192 2.000000000 2
190 574 3 8192 2.000000000 2
190 574 3 8192 2.000000000 2
191 575 3 8192 2.000000000 2
191 575 3 8192 2.000000000 2
188 1020 3 8192 2.000000000 2
188 1020 3 8192 2.000000000 2
189 1021 3 8192 2.000000000 2
189 1021 3 8192 2.000000000 2
190 1022 3 8192 2.000000000 2
190 1022 3 8192 2.000000000 2
191 1023 3 8192 2.000000000 2
191 1023 3 8192 2.000000000 2
188 1076 3 8192 2.000000000 2
188 1076 3 8192 2.000000000 2
189 1077 3 8192 2.000000000 2
189 1077 3 8192 2.000000000 2
190 1078 3 8192 2.000000000 2
190 1078 3 8192 2.000000000 2
191 1079 3 8192 2.000000000 2
191 1079 3 8192 2.000000000 2
196 264 3 8192 2.000000000 2
196 264 3 8192 2.000000000 2
197 265 3 8192 2.000000000 2
197 265 3 8192 2.000000000 2
198 266 3 8192 2.000000000 2
198 266 3 8192 2.000000000 2
199 267 3 8192 2.000000000 2
199 267 3 8192 2.000000000 2
196 280 3 8192 2.000000000 2
196 280 3 8192 2.000000000 2
197 281 3 8192 2.000000000 2
197 281 3 8192 2.000000000 2
198 282 3 8192 2.000000000 2
198 282 3 8192 2.000000000 2
199 283 3 8192 2.000000000 2
199 283 3 8192 2.000000000 2
196 448 3 8192 2.000000000 2
196 448 3 8192 2.000000000 2
197 449 3 8192 2.000000000 2
197 449 3 8192 2.000000000 2
198 450 3 8192 2.000000000 2
198 450 3 8192 2.000000000 2
199 451 3 8192 2.000000000 2
199 451 3 8192 2.000000000 2
196 744 3 8192 2.000000000 2
196 744 3 8192 2.000000000 2
197 745 3 8192 2.000000000 2
197 745 3 8192 2.000000000 2
198 746 3 8192 2.000000000 2
198 746 3 8192 2.000000000 2
199 747 3 8192 2.000000000 2
199 747 3 8192 2.000000000 2
196 748 3 8192 2.000000000 2
196 748 3 8192 2.000000000 2
197 749 3 8192 2.000000000 2
197 749 3 8192 2.000000000 2
198 750 3 8192 2.000000000 2
198 750 3 8192 2.000000000 2
199 751 3 8192 2.000000000 2
199 751 3 8192 2.000000000 2
196 820 3 8192 2.000000000 2
196 820 3 8192 2.000000000 2
197 821 3 8192 2.000000000 2
197 821 3 8192 2.000000000 2
198 822 3 8192 2.000000000 2
198 822 3 8192 2.000000000 2
199 823 3 8192 2.000000000 2
199 823 3 8192 2.000000000 2
196 956 3 8192 2.000000000 2
196 956 3 8192 2.000000000 2
197 957 3 8192 2.000000000 2
197 957 3 8192 2.000000000 2
198 958 3 8192 2.000000000 2
198 958 3 8192 2.000000000 2
199 959 3 8192 2.000000000 2
199 959 3 8192 2.000000000 2
196 1036 3 8192 2.000000000 2
196 1036 3 8192 2.000000000 2
197 1037 3 8192 2.000000000 2
197 1037 3 8192 2.000000000 2
198 1038 3 8192 2.000000000 2
198 1038 3 8192 2.000000000 2
199 1039 3 8192 2.000000000 2
199 1039 3 8192 2.000000000 2
200 96 3 8192 2.000000000 2
200 96 3 8192 2.000000000 2
201 97 3 8192 2.000000000 2
201 97 3 8192 2.000000000 2
202 98 3 8192 2.000000000 2
202 98 3 8192 2.000000000 2
203 99 3 8192 2.000000000 2
203 99 3 8192 2.000000000 2
200 144 3 8192 2.000000000 2
200 144 3 8192 2.000000000 2
201 145 3 8192 2.000000000 2
201 145 3 8192 2.000000000 2
202 146 3 8192 2.000000000 2
202 146 3 8192 2.000000000 2
203 147 3 8192 2.000000000 2
203 147 3 8192 2.000000000 2
200 224 3 8192 2.000000000 2
200 224 3 8192 2.000000000 2
201 225 3 8192 2.000000000 2
201 225 3 8192 2.000000000 2
202 226 3 8192 2.000000000 2
202 226 3 8192 2.000000000 2
203 227 3 8192 2.000000000 2
203 227 3 8192 2.000000000 2
200 320 3 8192 2.000000000 2
200 320 3 8192 2.000000000 2
201 321 3 8192 2.000000000 2
201 321 3 8192 2.000000000 2
202 322 3 8192 2.000000000 2
202 322 3 8192 2.000000000 2
203 323 3 8192 2.000000000 2
203 323 3 8192 2.000000000 2
200 364 3 8192 2.000000000 2
200 364 3 8192 2.000000000 2
201 365 3 8192 2.000000000 2
201 365 3 8192 2.000000000 2
202 366 3 8192 2.000000000 2
202 366 3 8192 2.000000000 2
203 367 3 8192 2.000000000 2
203 367 3 8192 2.000000000 2
200 588 3 8192 2.000000000 2
200 588 3 8192 2.000000000 2
201 589 3 8192 2.000000000 2
201 589 3 8192 2.000000000 2
202 590 3 8192 2.000000000 2
202 590 3 8192 2.000000000 2
203 591 3 8192 2.000000000 2
203 591 3 8192 2.000000000 2
200 668 3 8192 2.000000000 2
200 668 3 8192 2.000000000 2
201 669 3 8192 2.000000000 2
201 669 3 8192 2.000000000 2
202 670 3 8192 2.000000000 2
202 670 3 8192 2.000000000 2
203 671 3 8192 2.000000000 2
203 671 3 8192 2.000000000 2
200 1108 3 8192 2.000000000 2
200 1108 3 8192 2.000000000 2
201 1109 3 8192 2.000000000 2
201 1109 3 8192 2.000000000 2
202 1110 3 8192 2.000000000 2
202 1110 3 8192 2.000000000 2
203 1111 3 8192 2.000000000 2
203 1111 3 8192 2.000000000 2
204 448 3 8192 2.000000000 2
204 448 3 8192 2.000000000 2
205 449 3 8192 2.000000000 2
205 449 3 8192 2.000000000 2
206 450 3 8192 2.000000000 2
206 450 3 8192 2.000000000 2
207 451 3 8192 2.000000000 2
207 451 3 8192 2.000000000 2
204 632 3 8192 2.000000000 2
204 632 3 8192 2.000000000 2
205 633 3 8192 2.000000000 2
205 633 3 8192 2.000000000 2
206 634 3 8192 2.000000000 2
206 634 3 8192 2.000000000 2
207 635 3 8192 2.000000000 2
207 635 3 8192 2.000000000 2
204 640 3 8192 2.000000000 2
204 640 3 8192 2.000000000 2
205 641 3 8192 2.000000000 2
205 641 3 8192 2.000000000 2
206 642 3 8192 2.000000000 2
206 642 3 8192 2.000000000 2
207 643 3 8192 2.000000000 2
207 643 3 8192 2.000000000 2
204 784 3 8192 2.000000000 2
204 784 3 8192 2.000000000 2
205 785 3 8192 2.000000000 2
205 785 3 8192 2.000000000 2
206 786 3 8192 2.000000000 2
206 786 3 8192 2.000000000 2
207 787 3 8192 2.000000000 2
207 787 3 8192 2.000000000 2
204 936 3 8192 2.000000000 2
204 936 3 8192 2.000000000 2
205 937 3 8192 2.000000000 2
205 937 3 8192 2.000000000 2
206 938 3 8192 2.000000000 2
206 938 3 8192 2.000000000 2
207 939 3 8192 2.000000000 2
207 939 3 8192 2.000000000 2
204 940 3 8192 2.000000000 2
204 940 3 8192 2.000000000 2
205 941 3 8192 2.000000000 2
205 941 3 8192 2.000000000 2
206 942 3 8192 2.000000000 2
206 942 3 8192 2.000000000 2
207 943 3 8192 2.000000000 2
207 943 3 8192 2.000000000 2
204 1212 3 8192 2.000000000 2
204 1212 3 8192 2.000000000 2
205 1213 3 8192 2.000000000 2
205 1213 3 8192 2.000000000 2
206 1214 3 8192 2.000000000 2
206 1214 3 8192 2.000000000 2
207 1215 3 8192 2.000000000 2
207 1215 3 8192 2.000000000 2
204 1220 3 8192 2.000000000 2
204 1220 3 8192 2.000000000 2
205 1221 3 8192 2.000000000 2
205 1221 3 8192 2.000000000 2
206 1222 3 8192 2.000000000 2
206 1222 3 8192 2.000000000 2
207 1223 3 8192 2.000000000 2
207 1223 3 8192 2.000000000 2
208 60 3 8192 2.000000000 2
208 60 3 8192 2.000000000 2
209 61 3 8192 2.000000000 2
209 61 3 8192 2.000000000 2
210 62 3 8192 2.000000000 2
210 62 3 8192 2.000000000 2
211 63 3 8192 2.000000000 2
211 63 3 8192 2.000000000 2
208 520 3 8192 2.000000000 2
208 520 3 8192 2.000000000 2
209 521 3 8192 2.000000000 2
209 521 3 8192 2.000000000 2
210 522 3 8192 2.000000000 2
210 522 3 8192 2.000000000 2
211 523 3 8192 2.000000000 2
211 523 3 8192 2.000000000 2
208 864 3 8192 2.000000000 2
208 864 3 8192 2.000000000 2
209 865 3 8192 2.000000000 2
209 865 3 8192 2.000000000 2
210 866 3 8192 2.000000000 2
210 866 3 8192 2.000000000 2
211 867 3 8192 2.000000000 2
211 867 3 8192 2.000000000 2
208 896 3 8192 2.000000000 2
208 896 3 8192 2.000000000 2
209 897 3 8192 2.000000000 2
209 897 3 8192 2.000000000 2
210 898 3 8192 2.000000000 2
210 898 3 8192 2.000000000 2
211 899 3 8192 2.000000000 2
211 899 3 8192 2.000000000 2
208 996 3 8192 2.000000000 2
208 996 3 8192 2.000000000 2
209 997 3 8192 2.000000000 2
209 997 3 8192 2.000000000 2
210 998 3 8192 2.000000000 2
210 998 3 8192 2.000000000 2
211 999 3 8192 2.000000000 2
211 999 3 8192 2.000000000 2
208 1216 3 8192 2.000000000 2
208 1216 3 8192 2.000000000 2
209 1217 3 8192 2.000000000 2
209 1217 3 8192 2.000000000 2
210 1218 3 8192 2.000000000 2
210 1218 3 8192 2.000000000 2
211 1219 3 8192 2.000000000 2
211 1219 3 8192 2.000000000 2
208 1228 3 8192 2.000000000 2
208 1228 3 8192 2.000000000 2
209 1229 3 8192 2.000000000 2
209 1229 3 8192 2.000000000 2
210 1230 3 8192 2.000000000 2
210 1230 3 8192 2.000000000 2
211 1231 3 8192 2.000000000 2
211 1231 3 8192 2.000000000 2
208 1240 3 8192 2.000000000 2
208 1240 3 8192 2.000000000 2
209 1241 3 8192 2.000000000 2
209 1241 3 8192 2.000000000 2
210 1242 3 8192 2.000000000 2
210 1242 3 8192 2.000000000 2
211 1243 3 8192 2.000000000 2
211 1243 3 8192 2.000000000 2
216 324 3 8192 2.000000000 2
216 324 3 8192 2.000000000 2
217 325 3 8192 2.000000000 2
217 325 3 8192 2.000000000 2
218 326 3 8192 2.000000000 2
218 326 3 8192 2.000000000 2
219 327 3 8192 2.000000000 2
219 327 3 8192 2.000000000 2
216 368 3 8192 2.000000000 2
216 368 3 8192 2.000000000 2
217 369 3 8192 2.000000000 2
217 369 3 8192 2.000000000 2
218 370 3 8192 2.000000000 2
218 370 3 8192 2.000000000 2
219 371 3 8192 2.000000000 2
219 371 3 8192 2.000000000 2
216 648 3 8192 2.000000000 2
216 648 3 8192 2.000000000 2
217 649 3 8192 2.000000000 2
217 649 3 8192 2.000000000 2
218 650 3 8192 2.000000000 2
218 650 3 8192 2.000000000 2
219 651 3 8192 2.000000000 2
219 651 3 8192 2.000000000 2
216 780 3 8192 2.000000000 2
216 780 3 8192 2.000000000 2
217 781 3 8192 2.000000000 2
217 781 3 8192 2.000000000 2
218 782 3 8192 2.000000000 2
218 782 3 8192 2.000000000 2
219 783 3 8192 2.000000000 2
219 783 3 8192 2.000000000 2
216 808 3 8192 2.000000000 2
216 808 3 8192 2.000000000 2
217 809 3 8192 2.000000000 2
217 809 3 8192 2.000000000 2
218 810 3 8192 2.000000000 2
218 810 3 8192 2.000000000 2
219 811 3 8192 2.000000000 2
219 811 3 8192 2.000000000 2
216 920 3 8192 2.000000000 2
216 920 3 8192 2.000000000 2
217 921 3 8192 2.000000000 2
217 921 3 8192 2.000000000 2
218 922 3 8192 2.000000000 2
218 922 3 8192 2.000000000 2
219 923 3 8192 2.000000000 2
219 923 3 8192 2.000000000 2
216 1164 3 8192 2.000000000 2
216 1164 3 8192 2.000000000 2
217 1165 3 8192 2.000000000 2
217 1165 3 8192 2.000000000 2
218 1166 3 8192 2.000000000 2
218 1166 3 8192 2.000000000 2
219 1167 3 8192 2.000000000 2
219 1167 3 8192 2.000000000 2
216 1264 3 8192 2.000000000 2
216 1264 3 8192 2.000000000 2
217 1265 3 8192 2.000000000 2
217 1265 3 8192 2.000000000 2
218 1266 3 8192 2.000000000 2
218 1266 3 8192 2.000000000 2
219 1267 3 8192 2.000000000 2
219 1267 3 8192 2.000000000 2
220 72 3 8192 2.000000000 2
220 72 3 8192 2.000000000 2
221 73 3 8192 2.000000000 2
221 73 3 8192 2.000000000 2
222 74 3 8192 2.000000000 2
222 74 3 8192 2.000000000 2
223 75 3 8192 2.000000000 2
223 75 3 8192 2.000000000 2
220 80 3 8192 2.000000000 2
220 80 3 8192 2.000000000 2
221 81 3 8192 2.000000000 2
221 81 3 8192 2.000000000 2
222 82 3 8192 2.000000000 2
222 82 3 8192 2.000000000 2
223 83 3 8192 2.000000000 2
223 83 3 8192 2.000000000 2
220 128 3 8192 2.000000000 2
220 128 3 8192 2.000000000 2
221 129 3 8192 2.000000000 2
221 129 3 8192 2.000000000 2
222 130 3 8192 2.000000000 2
222 130 3 8192 2.000000000 2
223 131 3 8192 2.000000000 2
223 131 3 8192 2.000000000 2
220 364 3 8192 2.000000000 2
220 364 3 8192 2.000000000 2
221 365 3 8192 2.000000000 2
221 365 3 8192 2.000000000 2
222 366 3 8192 2.000000000 2
222 366 3 8192 2.000000000 2
223 367 3 8192 2.000000000 2
223 367 3 8192 2.000000000 2
220 464 3 8192 2.000000000 2
220 464 3 8192 2.000000000 2
221 465 3 8192 2.000000000 2
221 465 3 8192 2.000000000 2
222 466 3 8192 2.000000000 2
222 466 3 8192 2.000000000 2
223 467 3 8192 2.000000000 2
223 467 3 8192 2.000000000 2
220 508 3 8192 2.000000000 2
220 508 3 8192 2.000000000 2
221 509 3 8192 2.000000000 2
221 509 3 8192 2.000000000 2
222 510 3 8192 2.000000000 2
222 510 3 8192 2.000000000 2
223 511 3 8192 2.000000000 2
223 511 3 8192 2.000000000 2
220 716 3 8192 2.000000000 2
220 716 3 8192 2.000000000 2
221 717 3 8192 2.000000000 2
221 717 3 8192 2.000000000 2
222 718 3 8192 2.000000000 2
222 718 3 8192 2.000000000 2
223 719 3 8192 2.000000000 2
223 719 3 8192 2.000000000 2
220 844 3 8192 2.000000000 2
220 844 3 8192 2.000000000 2
221 845 3 8192 2.000000000 2
221 845 3 8192 2.000000000 2
222 846 3 8192 2.000000000 2
222 846 3 8192 2.000000000 2
223 847 3 8192 2.000000000 2
223 847 3 8192 2.000000000 2
224 156 3 8192 2.000000000 2
224 156 3 8192 2.000000000 2
225 157 3 8192 2.000000000 2
225 157 3 8192 2.000000000 2
226 158 3 8192 2.000000000 2
226 158 3 8192 2.000000000 2
227 159 3 8192 2.000000000 2
227 159 3 8192 2.000000000 2
224 180 3 8192 2.000000000 2
224 180 3 8192 2.000000000 2
225 181 3 8192 2.000000000 2
225 181 3 8192 2.000000000 2
226 182 3 8192 2.000000000 2
226 182 3 8192 2.000000000 2
227 183 3 8192 2.000000000 2
227 183 3 8192 2.000000000 2
224 380 3 8192 2.000000000 2
224 380 3 8192 2.000000000 2
225 381 3 8192 2.000000000 2
225 381 3 8192 2.000000000 2
226 382 3 8192 2.000000000 2
226 382 3 8192 2.000000000 2
227 383 3 8192 2.000000000 2
227 383 3 8192 2.000000000 2
224 500 3 8192 2.000000000 2
224 500 3 8192 2.000000000 2
225 501 3 8192 2.000000000 2
225 501 3 8192 2.000000000 2
226 502 3 8192 2.000000000 2
226 502 3 8192 2.000000000 2
227 503 3 8192 2.000000000 2
227 503 3 8192 2.000000000 2
224 588 3 8192 2.000000000 2
224 588 3 8192 2.000000000 2
225 589 3 8192 2.000000000 2
225 589 3 8192 2.000000000 2
226 590 3 8192 2.000000000 2
226 590 3 8192 2.000000000 2
227 591 3 8192 2.000000000 2
227 591 3 8192 2.000000000 2
224 632 3 8192 2.000000000 2
224 632 3 8192 2.000000000 2
225 633 3 8192 2.000000000 2
225 633 3 8192 2.000000000 2
226 634 3 8192 2.000000000 2
226 634 3 8192 2.000000000 2
227 635 3 8192 2.000000000 2
227 635 3 8192 2.000000000 2
224 1136 3 8192 2.000000000 2
224 1136 3 8192 2.000000000 2
225 1137 3 8192 2.000000000 2
225 1137 3 8192 2.000000000 2
226 1138 3 8192 2.000000000 2
226 1138 3 8192 2.000000000 2
227 1139 3 8192 2.000000000 2
227 1139 3 8192 2.000000000 2
224 1184 3 8192 2.000000000 2
224 1184 3 8192 2.000000000 2
225 1185 3 8192 2.000000000 2
225 1185 3 8192 2.000000000 2
226 1186 3 8192 2.000000000 2
226 1186 3 8192 2.000000000 2
227 1187 3 8192 2.000000000 2
227 1187 3 8192 2.000000000 2
228 92 3 8192 2.000000000 2
228 92 3 8192 2.000000000 2
229 93 3 8192 2.000000000 2
229 93 3 8192 2.000000000 2
230 94 3 8192 2.000000000 2
230 94 3 8192 2.000000000 2
231 95 3 8192 2.000000000 2
231 95 3 8192 2.000000000 2
228 448 3 8192 2.000000000 2
228 448 3 8192 2.000000000 2
229 449 3 8192 2.000000000 2
229 449 3 8192 2.000000000 2
230 450 3 8192 2.000000000 2
230 450 3 8192 2.000000000 2
231 451 3 8192 2.000000000 2
231 451 3 8192 2.000000000 2
228 552 3 8192 2.000000000 2
228 552 3 8192 2.000000000 2
229 553 3 8192 2.000000000 2
229 553 3 8192 2.000000000 2
230 554 3 8192 2.000000000 2
230 554 3 8192 2.000000000 2
231 555 3 8192 2.000000000 2
231 555 3 8192 2.000000000 2
228 948 3 8192 2.000000000 2
228 948 3 8192 2.000000000 2
229 949 3 8192 2.000000000 2
229 949 3 8192 2.000000000 2
230 950 3 8192 2.000000000 2
230 950 3 8192 2.000000000 2
231 951 3 8192 2.000000000 2
231 951 3 8192 2.000000000 2
228 964 3 8192 2.000000000 2
228 964 3 8192 2.000000000 2
229 965 3 8192 2.000000000 2
229 965 3 8192 2.000000000 2
230 966 3 8192 2.000000000 2
230 966 3 8192 2.000000000 2
231 967 3 8192 2.000000000 2
231 967 3 8192 2.000000000 2
228 992 3 8192 2.000000000 2
228 992 3 8192 2.000000000 2
229 993 3 8192 2.000000000 2
229 993 3 8192 2.000000000 2
230 994 3 8192 2.000000000 2
230 994 3 8192 2.000000000 2
231 995 3 8192 2.000000000 2
231 995 3 8192 2.000000000 2
228 1068 3 8192 2.000000000 2
228 1068 3 8192 2.000000000 2
229 1069 3 8192 2.000000000 2
229 1069 3 8192 2.000000000 2
230 1070 3 8192 2.000000000 2
230 1070 3 8192 2.000000000 2
231 1071 3 8192 2.000000000 2
231 1071 3 8192 2.000000000 2
228 1252 3 8192 2.000000000 2
228 1252 3 8192 2.000000000 2
229 1253 3 8192 2.000000000 2
229 1253 3 8192 2.000000000 2
230 1254 3 8192 2.000000000 2
230 1254 3 8192 2.000000000 2
231 1255 3 8192 2.000000000 2
231 1255 3 8192 2.000000000 2
232 116 3 8192 2.000000000 2
232 116 3 8192 2.000000000 2
233 117 3 8192 2.000000000 2
233 117 3 8192 2.000000000 2
234 118 3 8192 2.000000000 2
234 118 3 8192 2.000000000 2
235 119 3 8192 2.000000000 2
235 119 3 8192 2.000000000 2
232 204 3 8192 2.000000000 2
232 204 3 8192 2.000000000 2
233 205 3 8192 2.000000000 2
233 205 3 8192 2.000000000 2
234 206 3 8192 2.000000000 2
234 206 3 8192 2.000000000 2
235 207 3 8192 2.000000000 2
235 207 3 8192 2.000000000 2
232 264 3 8192 2.000000000 2
232 264 3 8192 2.000000000 2
233 265 3 8192 2.000000000 2
233 265 3 8192 2.000000000 2
234 266 3 8192 2.000000000 2
234 266 3 8192 2.000000000 2
235 267 3 8192 2.000000000 2
235 267 3 8192 2.000000000 2
232 408 3 8192 2.000000000 2
232 408 3 8192 2.000000000 2
233 409 3 8192 2.000000000 2
233 409 3 8192 2.000000000 2
234 410 3 8192 2.000000000 2
234 410 3 8192 2.000000000 2
235 411 3 8192 2.000000000 2
235 411 3 8192 2.000000000 2
232 748 3 8192 2.000000000 2
232 748 3 8192 2.000000000 2
233 749 3 8192 2.000000000 2
233 749 3 8192 2.000000000 2
234 750 3 8192 2.000000000 2
234 750 3 8192 2.000000000 2
235 751 3 8192 2.000000000 2
235 751 3 8192 2.000000000 2
232 760 3 8192 2.000000000 2
232 760 3 8192 2.000000000 2
233 761 3 8192 2.000000000 2
233 761 3 8192 2.000000000 2
234 762 3 8192 2.000000000 2
234 762 3 8192 2.000000000 2
235 763 3 8192 2.000000000 2
235 763 3 8192 2.000000000 2
232 780 3 8192 2.000000000 2
232 780 3 8192 2.000000000 2
233 781 3 8192 2.000000000 2
233 781 3 8192 2.000000000 2
234 782 3 8192 2.000000000 2
234 782 3 8192 2.000000000 2
235 783 3 8192 2.000000000 2
235 783 3 8192 2.000000000 2
232 1124 3 8192 2.000000000 2
232 1124 3 8192 2.000000000 2
233 1125 3 8192 2.000000000 2
233 1125 3 8192 2.000000000 2
234 1126 3 8192 2.000000000 2
234 1126 3 8192 2.000000000 2
235 1127 3 8192 2.000000000 2
235 1127 3 8192 2.000000000 2
236 320 3 8192 2.000000000 2
236 320 3 8192 2.000000000 2
237 321 3 8192 2.000000000 2
237 321 3 8192 2.000000000 2
238 322 3 8192 2.000000000 2
238 322 3 8192 2.000000000 2
239 323 3 8192 2.000000000 2
239 323 3 8192 2.000000000 2
236 336 3 8192 2.000000000 2
236 336 3 8192 2.000000000 2
237 337 3 8192 2.000000000 2
237 337 3 8192 2.000000000 2
238 338 3 8192 2.000000000 2
238 338 3 8192 2.000000000 2
239 339 3 8192 2.000000000 2
239 339 3 8192 2.000000000 2
236 448 3 8192 2.000000000 2
236 448 3 8192 2.000000000 2
237 449 3 8192 2.000000000 2
237 449 3 8192 2.000000000 2
238 450 3 8192 2.000000000 2
238 450 3 8192 2.000000000 2
239 451 3 8192 2.000000000 2
239 451 3 8192 2.000000000 2
236 588 3 8192 2.000000000 2
236 588 3 8192 2.000000000 2
237 589 3 8192 2.000000000 2
237 589 3 8192 2.000000000 2
238 590 3 8192 2.000000000 2
238 590 3 8192 2.000000000 2
239 591 3 8192 2.000000000 2
239 591 3 8192 2.000000000 2
236 732 3 8192 2.000000000 2
236 732 3 8192 2.000000000 2
237 733 3 8192 2.000000000 2
237 733 3 8192 2.000000000 2
238 734 3 8192 2.000000000 2
238 734 3 8192 2.000000000 2
239 735 3 8192 2.000000000 2
239 735 3 8192 2.000000000 2
236 760 3 8192 2.000000000 2
236 760 3 8192 2.000000000 2
237 761 3 8192 2.000000000 2
237 761 3 8192 2.000000000 2
238 762 3 8192 2.000000000 2
238 762 3 8192 2.000000000 2
239 763 3 8192 2.000000000 2
239 763 3 8192 2.000000000 2
236 868 3 8192 2.000000000 2
236 868 3 8192 2.000000000 2
237 869 3 8192 2.000000000 2
237 869 3 8192 2.000000000 2
238 870 3 8192 2.000000000 2
238 870 3 8192 2.000000000 2
239 871 3 8192 2.000000000 2
239 871 3 8192 2.000000000 2
236 980 3 8192 2.000000000 2
236 980 3 8192 2.000000000 2
237 981 3 8192 2.000000000 2
237 981 3 8192 2.000000000 2
238 982 3 8192 2.000000000 2
238 982 3 8192 2.000000000 2
239 983 3 8192 2.000000000 2
239 983 3 8192 2.000000000 2
240 28 3 8192 2.000000000 2
240 28 3 8192 2.000000000 2
241 29 3 8192 2.000000000 2
241 29 3 8192 2.000000000 2
242 30 3 8192 2.000000000 2
242 30 3 8192 2.000000000 2
243 31 3 8192 2.000000000 2
243 31 3 8192 2.000000000 2
240 188 3 8192 2.000000000 2
240 188 3 8192 2.000000000 2
241 189 3 8192 2.000000000 2
241 189 3 8192 2.000000000 2
242 190 3 8192 2.000000000 2
242 190 3 8192 2.000000000 2
243 191 3 8192 2.000000000 2
243 191 3 8192 2.000000000 2
240 392 3 8192 2.000000000 2
240 392 3 8192 2.000000000 2
241 393 3 8192 2.000000000 2
241 393 3 8192 2.000000000 2
242 394 3 8192 2.000000000 2
242 394 3 8192 2.000000000 2
243 395 3 8192 2.000000000 2
243 395 3 8192 2.000000000 2
240 704 3 8192 2.000000000 2
240 704 3 8192 2.000000000 2
241 705 3 8192 2.000000000 2
241 705 3 8192 2.000000000 2
242 706 3 8192 2.000000000 2
242 706 3 8192 2.000000000 2
243 707 3 8192 2.000000000 2
243 707 3 8192 2.000000000 2
240 744 3 8192 2.000000000 2
240 744 3 8192 2.000000000 2
241 745 3 8192 2.000000000 2
241 745 3 8192 2.000000000 2
242 746 3 8192 2.000000000 2
242 746 3 8192 2.000000000 2
243 747 3 8192 2.000000000 2
243 747 3 8192 2.000000000 2
240 896 3 8192 2.000000000 2
240 896 3 8192 2.000000000 2
241 897 3 8192 2.000000000 2
241 897 3 8192 2.000000000 2
242 898 3 8192 2.000000000 2
242 898 3 8192 2.000000000 2
243 899 3 8192 2.000000000 2
243 899 3 8192 2.000000000 2
240 988 3 8192 2.000000000 2
240 988 3 8192 2.000000000 2
241 989 3 8192 2.000000000 2
241 989 3 8192 2.000000000 2
242 990 3 8192 2.000000000 2
242 990 3 8192 2.000000000 2
243 991 3 8192 2.000000000 2
243 991 3 8192 2.000000000 2
240 1060 3 8192 2.000000000 2
240 1060 3 8192 2.000000000 2
241 1061 3 8192 2.000000000 2
241 1061 3 8192 2.000000000 2
242 1062 3 8192 2.000000000 2
242 1062 3 8192 2.000000000 2
243 1063 3 8192 2.000000000 2
243 1063 3 8192 2.000000000 2
244 88 3 8192 2.000000000 2
244 88 3 8192 2.000000000 2
245 89 3 8192 2.000000000 2
245 89 3 8192 2.000000000 2
246 90 3 8192 2.000000000 2
246 90 3 8192 2.000000000 2
247 91 3 8192 2.000000000 2
247 91 3 8192 2.000000000 2
244 436 3 8192 2.000000000 2
244 436 3 8192 2.000000000 2
245 437 3 8192 2.000000000 2
245 437 3 8192 2.000000000 2
246 438 3 8192 2.000000000 2
246 438 3 8192 2.000000000 2
247 439 3 8192 2.000000000 2
247 439 3 8192 2.000000000 2
244 916 3 8192 2.000000000 2
244 916 3 8192 2.000000000 2
245 917 3 8192 2.000000000 2
245 917 3 8192 2.000000000 2
246 918 3 8192 2.000000000 2
246 918 3 8192 2.000000000 2
247 919 3 8192 2.000000000 2
247 919 3 8192 2.000000000 2
244 928 3 8192 2.000000000 2
244 928 3 8192 2.000000000 2
245 929 3 8192 2.000000000 2
245 929 3 8192 2.000000000 2
246 930 3 8192 2.000000000 2
246 930 3 8192 2.000000000 2
247 931 3 8192 2.000000000 2
247 931 3 8192 2.000000000 2
244 956 3 8192 2.000000000 2
244 956 3 8192 2.000000000 2
245 957 3 8192 2.000000000 2
245 957 3 8192 2.000000000 2
246 958 3 8192 2.000000000 2
246 958 3 8192 2.000000000 2
247 959 3 8192 2.000000000 2
247 959 3 8192 2.000000000 2
244 988 3 8192 2.000000000 2
244 988 3 8192 2.000000000 2
245 989 3 8192 2.000000000 2
245 989 3 8192 2.000000000 2
246 990 3 8192 2.000000000 2
246 990 3 8192 2.000000000 2
247 991 3 8192 2.000000000 2
247 991 3 8192 2.000000000 2
244 1016 3 8192 2.000000000 2
244 1016 3 8192 2.000000000 2
245 1017 3 8192 2.000000000 2
245 1017 3 8192 2.000000000 2
246 1018 3 8192 2.000000000 2
246 1018 3 8192 2.000000000 2
247 1019 3 8192 2.000000000 2
247 1019 3 8192 2.000000000 2
244 1120 3 8192 2.000000000 2
244 1120 3 8192 2.000000000 2
245 1121 3 8192 2.000000000 2
245 1121 3 8192 2.000000000 2
246 1122 3 8192 2.000000000 2
246 1122 3 8192 2.000000000 2
247 1123 3 8192 2.000000000 2
247 1123 3 8192 2.000000000 2
248 492 3 8192 2.000000000 2
248 492 3 8192 2.000000000 2
249 493 3 8192 2.000000000 2
249 493 3 8192 2.000000000 2
250 494 3 8192 2.000000000 2
250 494 3 8192 2.000000000 2
251 495 3 8192 2.000000000 2
251 495 3 8192 2.000000000 2
248 596 3 8192 2.000000000 2
248 596 3 8192 2.000000000 2
249 597 3 8192 2.000000000 2
249 597 3 8192 2.000000000 2
250 598 3 8192 2.000000000 2
250 598 3 8192 2.000000000 2
251 599 3 8192 2.000000000 2
251 599 3 8192 2.000000000 2
248 964 3 8192 2.000000000 2
248 964 3 8192 2.000000000 2
249 965 3 8192 2.000000000 2
249 965 3 8192 2.000000000 2
250 966 3 8192 2.000000000 2
250 966 3 8192 2.000000000 2
251 967 3 8192 2.000000000 2
251 967 3 8192 2.000000000 2
248 988 3 8192 2.000000000 2
248 988 3 8192 2.000000000 2
249 989 3 8192 2.000000000 2
249 989 3 8192 2.000000000 2
250 990 3 8192 2.000000000 2
250 990 3 8192 2.000000000 2
251 991 3 8192 2.000000000 2
251 991 3 8192 2.000000000 2
248 1104 3 8192 2.000000000 2
248 1104 3 8192 2.000000000 2
249 1105 3 8192 2.000000000 2
249 1105 3 8192 2.000000000 2
250 1106 3 8192 2.000000000 2
250 1106 3 8192 2.000000000 2
251 1107 3 8192 2.000000000 2
251 1107 3 8192 2.000000000 2
248 1140 3 8192 2.000000000 2
248 1140 3 8192 2.000000000 2
249 1141 3 8192 2.000000000 2
249 1141 3 8192 2.000000000 2
250 1142 3 8192 2.000000000 2
250 1142 3 8192 2.000000000 2
251 1143 3 8192 2.000000000 2
251 1143 3 8192 2.000000000 2
248 1160 3 8192 2.000000000 2
248 1160 3 8192 2.000000000 2
249 1161 3 8192 2.000000000 2
249 1161 3 8192 2.000000000 2
250 1162 3 8192 2.000000000 2
250 1162 3 8192 2.000000000 2
251 1163 3 8192 2.000000000 2
251 1163 3 8192 2.000000000 2
248 1228 3 8192 2.000000000 2
248 1228 3 8192 2.000000000 2
249 1229 3 8192 2.000000000 2
249 1229 3 8192 2.000000000 2
250 1230 3 8192 2.000000000 2
250 1230 3 8192 2.000000000 2
251 1231 3 8192 2.000000000 2
251 1231 3 8192 2.000000000 2
252 244 3 8192 2.000000000 2
252 244 3 8192 2.000000000 2
253 245 3 8192 2.000000000 2
253 245 3 8192 2.000000000 2
254 246 3 8192 2.000000000 2
254 246 3 8192 2.000000000 2
255 247 3 8192 2.000000000 2
255 247 3 8192 2.000000000 2
252 276 3 8192 2.000000000 2
252 276 3 8192 2.000000000 2
253 277 3 8192 2.000000000 2
253 277 3 8192 2.000000000 2
254 278 3 8192 2.000000000 2
254 278 3 8192 2.000000000 2
255 279 3 8192 2.000000000 2
255 279 3 8192 2.000000000 2
252 300 3 8192 2.000000000 2
252 300 3 8192 2.000000000 2
253 301 3 8192 2.000000000 2
253 301 3 8192 2.000000000 2
254 302 3 8192 2.000000000 2
254 302 3 8192 2.000000000 2
255 303 3 8192 2.000000000 2
255 303 3 8192 2.000000000 2
252 444 3 8192 2.000000000 2
252 444 3 8192 2.000000000 2
253 445 3 8192 2.000000000 2
253 445 3 8192 2.000000000 2
254 446 3 8192 2.000000000 2
254 446 3 8192 2.000000000 2
255 447 3 8192 2.000000000 2
255 447 3 8192 2.000000000 2
252 456 3 8192 2.000000000 2
252 456 3 8192 2.000000000 2
253 457 3 8192 2.000000000 2
253 457 3 8192 2.000000000 2
254 458 3 8192 2.000000000 2
254 458 3 8192 2.000000000 2
255 459 3 8192 2.000000000 2
255 459 3 8192 2.000000000 2
252 492 3 8192 2.000000000 2
252 492 3 8192 2.000000000 2
253 493 3 8192 2.000000000 2
253 493 3 8192 2.000000000 2
254 494 3 8192 2.000000000 2
254 494 3 8192 2.000000000 2
255 495 3 8192 2.000000000 2
255 495 3 8192 2.000000000 2
252 612 3 8192 2.000000000 2
252 612 3 8192 2.000000000 2
253 613 3 8192 2.000000000 2
253 613 3 8192 2.000000000 2
254 614 3 8192 2.000000000 2
254 614 3 8192 2.000000000 2
255 615 3 8192 2.000000000 2
255 615 3 8192 2.000000000 2
252 624 3 8192 2.000000000 2
252 624 3 8192 2.000000000 2
253 625 3 8192 2.000000000 2
253 625 3 8192 2.000000000 2
254 626 3 8192 2.000000000 2
254 626 3 8192 2.000000000 2
255 627 3 8192 2.000000000 2
255 627 3 8192 2.000000000 2
256 260 3 8192 2.000000000 2
256 260 3 8192 2.000000000 2
257 261 3 8192 2.000000000 2
257 261 3 8192 2.000000000 2
258 262 3 8192 2.000000000 2
258 262 3 8192 2.000000000 2
259 263 3 8192 2.000000000 2
259 263 3 8192 2.000000000 2
256 332 3 8192 2.000000000 2
256 332 3 8192 2.000000000 2
257 333 3 8192 2.000000000 2
257 333 3 8192 2.000000000 2
258 334 3 8192 2.000000000 2
258 334 3 8192 2.000000000 2
259 335 3 8192 2.000000000 2
259 335 3 8192 2.000000000 2
256 336 3 8192 2.000000000 2
256 336 3 8192 2.000000000 2
257 337 3 8192 2.000000000 2
257 337 3 8192 2.000000000 2
258 338 3 8192 2.000000000 2
258 338 3 8192 2.000000000 2
259 339 3 8192 2.000000000 2
259 339 3 8192 2.000000000 2
256 804 3 8192 2.000000000 2
256 804 3 8192 2.000000000 2
257 805 3 8192 2.000000000 2
257 805 3 8192 2.000000000 2
258 806 3 8192 2.000000000 2
258 806 3 8192 2.000000000 2
259 807 3 8192 2.000000000 2
259 807 3 8192 2.000000000 2
256 884 3 8192 2.000000000 2
256 884 3 8192 2.000000000 2
257 885 3 8192 2.000000000 2
257 885 3 8192 2.000000000 2
258 886 3 8192 2.000000000 2
258 886 3 8192 2.000000000 2
259 887 3 8192 2.000000000 2
259 887 3 8192 2.000000000 2
256 920 3 8192 2.000000000 2
256 920 3 8192 2.000000000 2
257 921 3 8192 2.000000000 2
257 921 3 8192 2.000000000 2
258 922 3 8192 2.000000000 2
258 922 3 8192 2.000000000 2
259 923 3 8192 2.000000000 2
259 923 3 8192 2.000000000 2
256 964 3 8192 2.000000000 2
256 964 3 8192 2.000000000 2
257 965 3 8192 2.000000000 2
257 965 3 8192 2.000000000 2
258 966 3 8192 2.000000000 2
258 966 3 8192 2.000000000 2
259 967 3 8192 2.000000000 2
259 967 3 8192 2.000000000 2
256 1240 3 8192 2.000000000 2
256 1240 3 8192 2.000000000 2
257 1241 3 8192 2.000000000 2
257 1241 3 8192 2.000000000 2
258 1242 3 8192 2.000000000 2
258 1242 3 8192 2.000000000 2
259 1243 3 8192 2.000000000 2
259 1243 3 8192 2.000000000 2
260 28 3 8192 2.000000000 2
260 28 3 8192 2.000000000 2
261 29 3 8192 2.000000000 2
261 29 3 8192 2.000000000 2
262 30 3 8192 2.000000000 2
262 30 3 8192 2.000000000 2
263 31 3 8192 2.000000000 2
263 31 3 8192 2.000000000 2
260 164 3 8192 2.000000000 2
260 164 3 8192 2.000000000 2
261 165 3 8192 2.000000000 2
261 165 3 8192 2.000000000 2
262 166 3 8192 2.000000000 2
262 166 3 8192 2.000000000 2
263 167 3 8192 2.000000000 2
263 167 3 8192 2.000000000 2
260 188 3 8192 2.000000000 2
260 188 3 8192 2.000000000 2
261 189 3 8192 2.000000000 2
261 189 3 8192 2.000000000 2
262 190 3 8192 2.000000000 2
262 190 3 8192 2.000000000 2
263 191 3 8192 2.000000000 2
263 191 3 8192 2.000000000 2
260 536 3 8192 2.000000000 2
260 536 3 8192 2.000000000 2
261 537 3 8192 2.000000000 2
261 537 3 8192 2.000000000 2
262 538 3 8192 2.000000000 2
262 538 3 8192 2.000000000 2
263 539 3 8192 2.000000000 2
263 539 3 8192 2.000000000 2
260 552 3 8192 2.000000000 2
260 552 3 8192 2.000000000 2
261 553 3 8192 2.000000000 2
261 553 3 8192 2.000000000 2
262 554 3 8192 2.000000000 2
262 554 3 8192 2.000000000 2
263 555 3 8192 2.000000000 2
263 555 3 8192 2.000000000 2
260 572 3 8192 2.000000000 2
260 572 3 8192 2.000000000 2
261 573 3 8192 2.000000000 2
261 573 3 8192 2.000000000 2
262 574 3 8192 2.000000000 2
262 574 3 8192 2.000000000 2
263 575 3 8192 2.000000000 2
263 575 3 8192 2.000000000 2
260 848 3 8192 2.000000000 2
260 848 3 8192 2.000000000 2
261 849 3 8192 2.000000000 2
261 849 3 8192 2.000000000 2
262 850 3 8192 2.000000000 2
262 850 3 8192 2.000000000 2
263 851 3 8192 2.000000000 2
263 851 3 8192 2.000000000 2
260 1192 3 8192 2.000000000 2
260 1192 3 8192 2.000000000 2
261 1193 3 8192 2.000000000 2
261 1193 3 8192 2.000000000 2
262 1194 3 8192 2.000000000 2
262 1194 3 8192 2.000000000 2
263 1195 3 8192 2.000000000 2
263 1195 3 8192 2.000000000 2
264 64 3 8192 2.000000000 2
264 64 3 8192 2.000000000 2
265 65 3 8192 2.000000000 2
265 65 3 8192 2.000000000 2
266 66 3 8192 2.000000000 2
266 66 3 8192 2.000000000 2
267 67 3 8192 2.000000000 2
267 67 3 8192 2.000000000 2
264 80 3 8192 2.000000000 2
264 80 3 8192 2.000000000 2
265 81 3 8192 2.000000000 2
265 81 3 8192 2.000000000 2
266 82 3 8192 2.000000000 2
266 82 3 8192 2.000000000 2
267 83 3 8192 2.000000000 2
267 83 3 8192 2.000000000 2
264 648 3 8192 2.000000000 2
264 648 3 8192 2.000000000 2
265 649 3 8192 2.000000000 2
265 649 3 8192 2.000000000 2
266 650 3 8192 2.000000000 2
266 650 3 8192 2.000000000 2
267 651 3 8192 2.000000000 2
267 651 3 8192 2.000000000 2
264 704 3 8192 2.000000000 2
264 704 3 8192 2.000000000 2
265 705 3 8192 2.000000000 2
265 705 3 8192 2.000000000 2
266 706 3 8192 2.000000000 2
266 706 3 8192 2.000000000 2
267 707 3 8192 2.000000000 2
267 707 3 8192 2.000000000 2
264 1036 3 8192 2.000000000 2
264 1036 3 8192 2.000000000 2
265 1037 3 8192 2.000000000 2
265 1037 3 8192 2.000000000 2
266 1038 3 8192 2.000000000 2
266 1038 3 8192 2.000000000 2
267 1039 3 8192 2.000000000 2
267 1039 3 8192 2.000000000 2
264 1044 3 8192 2.000000000 2
264 1044 3 8192 2.000000000 2
265 1045 3 8192 2.000000000 2
265 1045 3 8192 2.000000000 2
266 1046 3 8192 2.000000000 2
266 1046 3 8192 2.000000000 2
267 1047 3 8192 2.000000000 2
267 1047 3 8192 2.000000000 2
264 1072 3 8192 2.000000000 2
264 1072 3 8192 2.000000000 2
265 1073 3 8192 2.000000000 2
265 1073 3 8192 2.000000000 2
266 1074 3 8192 2.000000000 2
266 1074 3 8192 2.000000000 2
267 1075 3 8192 2.000000000 2
267 1075 3 8192 2.000000000 2
264 1168 3 8192 2.000000000 2
264 1168 3 8192 2.000000000 2
265 1169 3 8192 2.000000000 2
265 1169 3 8192 2.000000000 2
266 1170 3 8192 2.000000000 2
266 1170 3 8192 2.000000000 2
267 1171 3 8192 2.000000000 2
267 1171 3 8192 2.000000000 2
268 24 3 8192 2.000000000 2
268 24 3 8192 2.000000000 2
269 25 3 8192 2.000000000 2
269 25 3 8192 2.000000000 2
270 26 3 8192 2.000000000 2
270 26 3 8192 2.000000000 2
271 27 3 8192 2.000000000 2
271 27 3 8192 2.000000000 2
268 48 3 8192 2.000000000 2
268 48 3 8192 2.000000000 2
269 49 3 8192 2.000000000 2
269 49 3 8192 2.000000000 2
270 50 3 8192 2.000000000 2
270 50 3 8192 2.000000000 2
271 51 3 8192 2.000000000 2
271 51 3 8192 2.000000000 2
268 504 3 8192 2.000000000 2
268 504 3 8192 2.000000000 2
269 505 3 8192 2.000000000 2
269 505 3 8192 2.000000000 2
270 506 3 8192 2.000000000 2
270 506 3 8192 2.000000000 2
271 507 3 8192 2.000000000 2
271 507 3 8192 2.000000000 2
268 580 3 8192 2.000000000 2
268 580 3 8192 2.000000000 2
269 581 3 8192 2.000000000 2
269 581 3 8192 2.000000000 2
270 582 3 8192 2.000000000 2
270 582 3 8192 2.000000000 2
271 583 3 8192 2.000000000 2
271 583 3 8192 2.000000000 2
268 688 3 8192 2.000000000 2
268 688 3 8192 2.000000000 2
269 689 3 8192 2.000000000 2
269 689 3 8192 2.000000000 2
270 690 3 8192 2.000000000 2
270 690 3 8192 2.000000000 2
271 691 3 8192 2.000000000 2
271 691 3 8192 2.000000000 2
268 752 3 8192 2.000000000 2
268 752 3 8192 2.000000000 2
269 753 3 8192 2.000000000 2
269 753 3 8192 2.000000000 2
270 754 3 8192 2.000000000 2
270 754 3 8192 2.000000000 2
271 755 3 8192 2.000000000 2
271 755 3 8192 2.000000000 2
268 1272 3 8192 2.000000000 2
268 1272 3 8192 2.000000000 2
269 1273 3 8192 2.000000000 2
269 1273 3 8192 2.000000000 2
270 1274 3 8192 2.000000000 2
270 1274 3 8192 2.000000000 2
271 1275 3 8192 2.000000000 2
271 1275 3 8192 2.000000000 2
268 1276 3 8192 2.000000000 2
268 1276 3 8192 2.000000000 2
269 1277 3 8192 2.000000000 2
269 1277 3 8192 2.000000000 2
270 1278 3 8192 2.000000000 2
270 1278 3 8192 2.000000000 2
271 1279 3 8192 2.000000000 2
271 1279 3 8192 2.000000000 2
272 448 3 8192 2.000000000 2
272 448 3 8192 2.000000000 2
273 449 3 8192 2.000000000 2
273 449 3 8192 2.000000000 2
274 450 3 8192 2.000000000 2
274 450 3 8192 2.000000000 2
275 451 3 8192 2.000000000 2
275 451 3 8192 2.000000000 2
272 652 3 8192 2.000000000 2
272 652 3 8192 2.000000000 2
273 653 3 8192 2.000000000 2
273 653 3 8192 2.000000000 2
274 654 3 8192 2.000000000 2
274 654 3 8192 2.000000000 2
275 655 3 8192 2.000000000 2
275 655 3 8192 2.000000000 2
272 672 3 8192 2.000000000 2
272 672 3 8192 2.000000000 2
273 673 3 8192 2.000000000 2
273 673 3 8192 2.000000000 2
274 674 3 8192 2.000000000 2
274 674 3 8192 2.000000000 2
275 675 3 8192 2.000000000 2
275 675 3 8192 2.000000000 2
272 716 3 8192 2.000000000 2
272 716 3 8192 2.000000000 2
273 717 3 8192 2.000000000 2
273 717 3 8192 2.000000000 2
274 718 3 8192 2.000000000 2
274 718 3 8192 2.000000000 2
275 719 3 8192 2.000000000 2
275 719 3 8192 2.000000000 2
272 1020 3 8192 2.000000000 2
272 1020 3 8192 2.000000000 2
273 1021 3 8192 2.000000000 2
273 1021 3 8192 2.000000000 2
274 1022 3 8192 2.000000000 2
274 1022 3 8192 2.000000000 2
275 1023 3 8192 2.000000000 2
275 1023 3 8192 2.000000000 2
272 1036 3 8192 2.000000000 2
272 1036 3 8192 2.000000000 2
273 1037 3 8192 2.000000000 2
273 1037 3 8192 2.000000000 2
274 1038 3 8192 2.000000000 2
274 1038 3 8192 2.000000000 2
275 1039 3 8192 2.000000000 2
275 1039 3 8192 2.000000000 2
272 1124 3 8192 2.000000000 2
272 1124 3 8192 2.000000000 2
273 1125 3 8192 2.000000000 2
273 1125 3 8192 2.000000000 2
274 1126 3 8192 2.000000000 2
274 1126 3 8192 2.000000000 2
275 1127 3 8192 2.000000000 2
275 1127 3 8192 2.000000000 2
272 1228 3 8192 2.000000000 2
272 1228 3 8192 2.000000000 2
273 1229 3 8192 2.000000000 2
273 1229 3 8192 2.000000000 2
274 1230 3 8192 2.000000000 2
274 1230 3 8192 2.000000000 2
275 1231 3 8192 2.000000000 2
275 1231 3 8192 2.000000000 2
276 88 3 8192 2.000000000 2
276 88 3 8192 2.000000000 2
277 89 3 8192 2.000000000 2
277 89 3 8192 2.000000000 2
278 90 3 8192 2.000000000 2
278 90 3 8192 2.000000000 2
279 91 3 8192 2.000000000 2
279 91 3 8192 2.000000000 2
276 96 3 8192 2.000000000 2
276 96 3 8192 2.000000000 2
277 97 3 8192 2.000000000 2
277 97 3 8192 2.000000000 2
278 98 3 8192 2.000000000 2
278 98 3 8192 2.000000000 2
279 99 3 8192 2.000000000 2
279 99 3 8192 2.000000000 2
276 380 3 8192 2.000000000 2
276 380 3 8192 2.000000000 2
277 381 3 8192 2.000000000 2
277 381 3 8192 2.000000000 2
278 382 3 8192 2.000000000 2
278 382 3 8192 2.000000000 2
279 383 3 8192 2.000000000 2
279 383 3 8192 2.000000000 2
276 456 3 8192 2.000000000 2
276 456 3 8192 2.000000000 2
277 457 3 8192 2.000000000 2
277 457 3 8192 2.000000000 2
278 458 3 8192 2.000000000 2
278 458 3 8192 2.000000000 2
279 459 3 8192 2.000000000 2
279 459 3 8192 2.000000000 2
276 752 3 8192 2.000000000 2
276 752 3 8192 2.000000000 2
277 753 3 8192 2.000000000 2
277 753 3 8192 2.000000000 2
278 754 3 8192 2.000000000 2
278 754 3 8192 2.000000000 2
279 755 3 8192 2.000000000 2
279 755 3 8192 2.000000000 2
276 764 3 8192 2.000000000 2
276 764 3 8192 2.000000000 2
277 765 3 8192 2.000000000 2
277 765 3 8192 2.000000000 2
278 766 3 8192 2.000000000 2
278 766 3 8192 2.000000000 2
279 767 3 8192 2.000000000 2
279 767 3 8192 2.000000000 2
276 840 3 8192 2.000000000 2
276 840 3 8192 2.000000000 2
277 841 3 8192 2.000000000 2
277 841 3 8192 2.000000000 2
278 842 3 8192 2.000000000 2
278 842 3 8192 2.000000000 2
279 843 3 8192 2.000000000 2
279 843 3 8192 2.000000000 2
276 952 3 8192 2.000000000 2
276 952 3 8192 2.000000000 2
277 953 3 8192 2.000000000 2
277 953 3 8192 2.000000000 2
278 954 3 8192 2.000000000 2
278 954 3 8192 2.000000000 2
279 955 3 8192 2.000000000 2
279 955 3 8192 2.000000000 2
280 120 3 8192 2.000000000 2
280 120 3 8192 2.000000000 2
281 121 3 8192 2.000000000 2
281 121 3 8192 2.000000000 2
282 122 3 8192 2.000000000 2
282 122 3 8192 2.000000000 2
283 123 3 8192 2.000000000 2
283 123 3 8192 2.000000000 2
280 156 3 8192 2.000000000 2
280 156 3 8192 2.000000000 2
281 157 3 8192 2.000000000 2
281 157 3 8192 2.000000000 2
282 158 3 8192 2.000000000 2
282 158 3 8192 2.000000000 2
283 159 3 8192 2.000000000 2
283 159 3 8192 2.000000000 2
280 216 3 8192 2.000000000 2
280 216 3 8192 2.000000000 2
281 217 3 8192 2.000000000 2
281 217 3 8192 2.000000000 2
282 218 3 8192 2.000000000 2
282 218 3 8192 2.000000000 2
283 219 3 8192 2.000000000 2
283 219 3 8192 2.000000000 2
280 712 3 8192 2.000000000 2
280 712 3 8192 2.000000000 2
281 713 3 8192 2.000000000 2
281 713 3 8192 2.000000000 2
282 714 3 8192 2.000000000 2
282 714 3 8192 2.000000000 2
283 715 3 8192 2.000000000 2
283 715 3 8192 2.000000000 2
280 744 3 8192 2.000000000 2
280 744 3 8192 2.000000000 2
281 745 3 8192 2.000000000 2
281 745 3 8192 2.000000000 2
282 746 3 8192 2.000000000 2
282 746 3 8192 2.000000000 2
283 747 3 8192 2.000000000 2
283 747 3 8192 2.000000000 2
280 996 3 8192 2.000000000 2
280 996 3 8192 2.000000000 2
281 997 3 8192 2.000000000 2
281 997 3 8192 2.000000000 2
282 998 3 8192 2.000000000 2
282 998 3 8192 2.000000000 2
283 999 3 8192 2.000000000 2
283 999 3 8192 2.000000000 2
280 1036 3 8192 2.000000000 2
280 1036 3 8192 2.000000000 2
281 1037 3 8192 2.000000000 2
281 1037 3 8192 2.000000000 2
282 1038 3 8192 2.000000000 2
282 1038 3 8192 2.000000000 2
283 1039 3 8192 2.000000000 2
283 1039 3 8192 2.000000000 2
280 1248 3 8192 2.000000000 2
280 1248 3 8192 2.000000000 2
281 1249 3 8192 2.000000000 2
281 1249 3 8192 2.000000000 2
282 1250 3 8192 2.000000000 2
282 1250 3 8192 2.000000000 2
283 1251 3 8192 2.000000000 2
283 1251 3 8192 2.000000000 2
284 116 3 8192 2.000000000 2
284 116 3 8192 2.000000000 2
285 117 3 8192 2.000000000 2
285 117 3 8192 2.000000000 2
286 118 3 8192 2.000000000 2
286 118 3 8192 2.000000000 2
287 119 3 8192 2.000000000 2
287 119 3 8192 2.000000000 2
284 624 3 8192 2.000000000 2
284 624 3 8192 2.000000000 2
285 625 3 8192 2.000000000 2
285 625 3 8192 2.000000000 2
286 626 3 8192 2.000000000 2
286 626 3 8192 2.000000000 2
287 627 3 8192 2.000000000 2
287 627 3 8192 2.000000000 2
284 688 3 8192 2.000000000 2
284 688 3 8192 2.000000000 2
285 689 3 8192 2.000000000 2
285 689 3 8192 2.000000000 2
286 690 3 8192 2.000000000 2
286 690 3 8192 2.000000000 2
287 691 3 8192 2.000000000 2
287 691 3 8192 2.000000000 2
284 760 3 8192 2.000000000 2
284 760 3 8192 2.000000000 2
285 761 3 8192 2.000000000 2
285 761 3 8192 2.000000000 2
286 762 3 8192 2.000000000 2
286 762 3 8192 2.000000000 2
287 763 3 8192 2.000000000 2
287 763 3 8192 2.000000000 2
284 812 3 8192 2.000000000 2
284 812 3 8192 2.000000000 2
285 813 3 8192 2.000000000 2
285 813 3 8192 2.000000000 2
286 814 3 8192 2.000000000 2
286 814 3 8192 2.000000000 2
287 815 3 8192 2.000000000 2
287 815 3 8192 2.000000000 2
284 1088 3 8192 2.000000000 2
284 1088 3 8192 2.000000000 2
285 1089 3 8192 2.000000000 2
285 1089 3 8192 2.000000000 2
286 1090 3 8192 2.000000000 2
286 1090 3 8192 2.000000000 2
287 1091 3 8192 2.000000000 2
287 1091 3 8192 2.000000000 2
284 1096 3 8192 2.000000000 2
284 1096 3 8192 2.000000000 2
285 1097 3 8192 2.000000000 2
285 1097 3 8192 2.000000000 2
286 1098 3 8192 2.000000000 2
286 1098 3 8192 2.000000000 2
287 1099 3 8192 2.000000000 2
287 1099 3 8192 2.000000000 2
284 1184 3 8192 2.000000000 2
284 1184 3 8192 2.000000000 2
285 1185 3 8192 2.000000000 2
285 1185 3 8192 2.000000000 2
286 1186 3 8192 2.000000000 2
286 1186 3 8192 2.000000000 2
287 1187 3 8192 2.000000000 2
287 1187 3 8192 2.000000000 2
292 92 3 8192 2.000000000 2
292 92 3 8192 2.000000000 2
293 93 3 8192 2.000000000 2
293 93 3 8192 2.000000000 2
294 94 3 8192 2.000000000 2
294 94 3 8192 2.000000000 2
295 95 3 8192 2.000000000 2
295 95 3 8192 2.000000000 2
292 248 3 8192 2.000000000 2
292 248 3 8192 2.000000000 2
293 249 3 8192 2.000000000 2
293 249 3 8192 2.000000000 2
294 250 3 8192 2.000000000 2
294 250 3 8192 2.000000000 2
295 251 3 8192 2.000000000 2
295 251 3 8192 2.000000000 2
292 576 3 8192 2.000000000 2
292 576 3 8192 2.000000000 2
293 577 3 8192 2.000000000 2
293 577 3 8192 2.000000000 2
294 578 3 8192 2.000000000 2
294 578 3 8192 2.000000000 2
295 579 3 8192 2.000000000 2
295 579 3 8192 2.000000000 2
292 856 3 8192 2.000000000 2
292 856 3 8192 2.000000000 2
293 857 3 8192 2.000000000 2
293 857 3 8192 2.000000000 2
294 858 3 8192 2.000000000 2
294 858 3 8192 2.000000000 2
295 859 3 8192 2.000000000 2
295 859 3 8192 2.000000000 2
292 892 3 8192 2.000000000 2
292 892 3 8192 2.000000000 2
293 893 3 8192 2.000000000 2
293 893 3 8192 2.000000000 2
294 894 3 8192 2.000000000 2
294 894 3 8192 2.000000000 2
295 895 3 8192 2.000000000 2
295 895 3 8192 2.000000000 2
292 968 3 8192 2.000000000 2
292 968 3 8192 2.000000000 2
293 969 3 8192 2.000000000 2
293 969 3 8192 2.000000000 2
294 970 3 8192 2.000000000 2
294 970 3 8192 2.000000000 2
295 971 3 8192 2.000000000 2
295 971 3 8192 2.000000000 2
292 984 3 8192 2.000000000 2
292 984 3 8192 2.000000000 2
293 985 3 8192 2.000000000 2
293 985 3 8192 2.000000000 2
294 986 3 8192 2.000000000 2
294 986 3 8192 2.000000000 2
295 987 3 8192 2.000000000 2
295 987 3 8192 2.000000000 2
292 1276 3 8192 2.000000000 2
292 1276 3 8192 2.000000000 2
293 1277 3 8192 2.000000000 2
293 1277 3 8192 2.000000000 2
294 1278 3 8192 2.000000000 2
294 1278 3 8192 2.000000000 2
295 1279 3 8192 2.000000000 2
295 1279 3 8192 2.000000000 2
300 364 3 8192 2.000000000 2
300 364 3 8192 2.000000000 2
301 365 3 8192 2.000000000 2
301 365 3 8192 2.000000000 2
302 366 3 8192 2.000000000 2
302 366 3 8192 2.000000000 2
303 367 3 8192 2.000000000 2
303 367 3 8192 2.000000000 2
300 600 3 8192 2.000000000 2
300 600 3 8192 2.000000000 2
301 601 3 8192 2.000000000 2
301 601 3 8192 2.000000000 2
302 602 3 8192 2.000000000 2
302 602 3 8192 2.000000000 2
303 603 3 8192 2.000000000 2
303 603 3 8192 2.000000000 2
300 624 3 8192 2.000000000 2
300 624 3 8192 2.000000000 2
301 625 3 8192 2.000000000 2
301 625 3 8192 2.000000000 2
302 626 3 8192 2.000000000 2
302 626 3 8192 2.000000000 2
303 627 3 8192 2.000000000 2
303 627 3 8192 2.000000000 2
300 956 3 8192 2.000000000 2
300 956 3 8192 2.000000000 2
301 957 3 8192 2.000000000 2
301 957 3 8192 2.000000000 2
302 958 3 8192 2.000000000 2
302 958 3 8192 2.000000000 2
303 959 3 8192 2.000000000 2
303 959 3 8192 2.000000000 2
300 1060 3 8192 2.000000000 2
300 1060 3 8192 2.000000000 2
301 1061 3 8192 2.000000000 2
301 1061 3 8192 2.000000000 2
302 1062 3 8192 2.000000000 2
302 1062 3 8192 2.000000000 2
303 1063 3 8192 2.000000000 2
303 1063 3 8192 2.000000000 2
300 1136 3 8192 2.000000000 2
300 1136 3 8192 2.000000000 2
301 1137 3 8192 2.000000000 2
301 1137 3 8192 2.000000000 2
302 1138 3 8192 2.000000000 2
302 1138 3 8192 2.000000000 2
303 1139 3 8192 2.000000000 2
303 1139 3 8192 2.000000000 2
300 1144 3 8192 2.000000000 2
300 1144 3 8192 2.000000000 2
301 1145 3 8192 2.000000000 2
301 1145 3 8192 2.000000000 2
302 1146 3 8192 2.000000000 2
302 1146 3 8192 2.000000000 2
303 1147 3 8192 2.000000000 2
303 1147 3 8192 2.000000000 2
300 1276 3 8192 2.000000000 2
300 1276 3 8192 2.000000000 2
301 1277 3 8192 2.000000000 2
301 1277 3 8192 2.000000000 2
302 1278 3 8192 2.000000000 2
302 1278 3 8192 2.000000000 2
303 1279 3 8192 2.000000000 2
303 1279 3 8192 2.000000000 2
304 92 3 8192 2.000000000 2
304 92 3 8192 2.000000000 2
305 93 3 8192 2.000000000 2
305 93 3 8192 2.000000000 2
306 94 3 8192 2.000000000 2
306 94 3 8192 2.000000000 2
307 95 3 8192 2.000000000 2
307 95 3 8192 2.000000000 2
304 204 3 8192 2.000000000 2
304 204 3 8192 2.000000000 2
305 205 3 8192 2.000000000 2
305 205 3 8192 2.000000000 2
306 206 3 8192 2.000000000 2
306 206 3 8192 2.000000000 2
307 207 3 8192 2.000000000 2
307 207 3 8192 2.000000000 2
304 240 3 8192 2.000000000 2
304 240 3 8192 2.000000000 2
305 241 3 8192 2.000000000 2
305 241 3 8192 2.000000000 2
306 242 3 8192 2.000000000 2
306 242 3 8192 2.000000000 2
307 243 3 8192 2.000000000 2
307 243 3 8192 2.000000000 2
304 452 3 8192 2.000000000 2
304 452 3 8192 2.000000000 2
305 453 3 8192 2.000000000 2
305 453 3 8192 2.000000000 2
306 454 3 8192 2.000000000 2
306 454 3 8192 2.000000000 2
307 455 3 8192 2.000000000 2
307 455 3 8192 2.000000000 2
304 460 3 8192 2.000000000 2
304 460 3 8192 2.000000000 2
305 461 3 8192 2.000000000 2
305 461 3 8192 2.000000000 2
306 462 3 8192 2.000000000 2
306 462 3 8192 2.000000000 2
307 463 3 8192 2.000000000 2
307 463 3 8192 2.000000000 2
304 764 3 8192 2.000000000 2
304 764 3 8192 2.000000000 2
305 765 3 8192 2.000000000 2
305 765 3 8192 2.000000000 2
306 766 3 8192 2.000000000 2
306 766 3 8192 2.000000000 2
307 767 3 8192 2.000000000 2
307 767 3 8192 2.000000000 2
304 852 3 8192 2.000000000 2
304 852 3 8192 2.000000000 2
305 853 3 8192 2.000000000 2
305 853 3 8192 2.000000000 2
306 854 3 8192 2.000000000 2
306 854 3 8192 2.000000000 2
307 855 3 8192 2.000000000 2
307 855 3 8192 2.000000000 2
304 856 3 8192 2.000000000 2
304 856 3 8192 2.000000000 2
305 857 3 8192 2.000000000 2
305 857 3 8192 2.000000000 2
306 858 3 8192 2.000000000 2
306 858 3 8192 2.000000000 2
307 859 3 8192 2.000000000 2
307 859 3 8192 2.000000000 2
312 576 3 8192 2.000000000 2
312 576 3 8192 2.000000000 2
313 577 3 8192 2.000000000 2
313 577 3 8192 2.000000000 2
314 578 3 8192 2.000000000 2
314 578 3 8192 2.000000000 2
315 579 3 8192 2.000000000 2
315 579 3 8192 2.000000000 2
312 608 3 8192 2.000000000 2
312 608 3 8192 2.000000000 2
313 609 3 8192 2.000000000 2
313 609 3 8192 2.000000000 2
314 610 3 8192 2.000000000 2
314 610 3 8192 2.000000000 2
315 611 3 8192 2.000000000 2
315 611 3 8192 2.000000000 2
312 704 3 8192 2.000000000 2
312 704 3 8192 2.000000000 2
313 705 3 8192 2.000000000 2
313 705 3 8192 2.000000000 2
314 706 3 8192 2.000000000 2
314 706 3 8192 2.000000000 2
315 707 3 8192 2.000000000 2
315 707 3 8192 2.000000000 2
312 900 3 8192 2.000000000 2
312 900 3 8192 2.000000000 2
313 901 3 8192 2.000000000 2
313 901 3 8192 2.000000000 2
314 902 3 8192 2.000000000 2
314 902 3 8192 2.000000000 2
315 903 3 8192 2.000000000 2
315 903 3 8192 2.000000000 2
312 956 3 8192 2.000000000 2
312 956 3 8192 2.000000000 2
313 957 3 8192 2.000000000 2
313 957 3 8192 2.000000000 2
314 958 3 8192 2.000000000 2
314 958 3 8192 2.000000000 2
315 959 3 8192 2.000000000 2
315 959 3 8192 2.000000000 2
312 996 3 8192 2.000000000 2
312 996 3 8192 2.000000000 2
313 997 3 8192 2.000000000 2
313 997 3 8192 2.000000000 2
314 998 3 8192 2.000000000 2
314 998 3 8192 2.000000000 2
315 999 3 8192 2.000000000 2
315 999 3 8192 2.000000000 2
312 1060 3 8192 2.000000000 2
312 1060 3 8192 2.000000000 2
313 1061 3 8192 2.000000000 2
313 1061 3 8192 2.000000000 2
314 1062 3 8192 2.000000000 2
314 1062 3 8192 2.000000000 2
315 1063 3 8192 2.000000000 2
315 1063 3 8192 2.000000000 2
312 1216 3 8192 2.000000000 2
312 1216 3 8192 2.000000000 2
313 1217 3 8192 2.000000000 2
313 1217 3 8192 2.000000000 2
314 1218 3 8192 2.000000000 2
314 1218 3 8192 2.000000000 2
315 1219 3 8192 2.000000000 2
315 1219 3 8192 2.000000000 2
316 8 3 8192 2.000000000 2
316 8 3 8192 2.000000000 2
317 9 3 8192 2.000000000 2
317 9 3 8192 2.000000000 2
318 10 3 8192 2.000000000 2
318 10 3 8192 2.000000000 2
319 11 3 8192 2.000000000 2
319 11 3 8192 2.000000000 2
316 28 3 8192 2.000000000 2
316 28 3 8192 2.000000000 2
317 29 3 8192 2.000000000 2
317 29 3 8192 2.000000000 2
318 30 3 8192 2.000000000 2
318 30 3 8192 2.000000000 2
319 31 3 8192 2.000000000 2
319 31 3 8192 2.000000000 2
316 404 3 8192 2.000000000 2
316 404 3 8192 2.000000000 2
317 405 3 8192 2.000000000 2
317 405 3 8192 2.000000000 2
318 406 3 8192 2.000000000 2
318 406 3 8192 2.000000000 2
319 407 3 8192 2.000000000 2
319 407 3 8192 2.000000000 2
316 540 3 8192 2.000000000 2
316 540 3 8192 2.000000000 2
317 541 3 8192 2.000000000 2
317 541 3 8192 2.000000000 2
318 542 3 8192 2.000000000 2
318 542 3 8192 2.000000000 2
319 543 3 8192 2.000000000 2
319 543 3 8192 2.000000000 2
316 764 3 8192 2.000000000 2
316 764 3 8192 2.000000000 2
317 765 3 8192 2.000000000 2
317 765 3 8192 2.000000000 2
318 766 3 8192 2.000000000 2
318 766 3 8192 2.000000000 2
319 767 3 8192 2.000000000 2
319 767 3 8192 2.000000000 2
316 824 3 8192 2.000000000 2
316 824 3 8192 2.000000000 2
317 825 3 8192 2.000000000 2
317 825 3 8192 2.000000000 2
318 826 3 8192 2.000000000 2
318 826 3 8192 2.000000000 2
319 827 3 8192 2.000000000 2
319 827 3 8192 2.000000000 2
316 1072 3 8192 2.000000000 2
316 1072 3 8192 2.000000000 2
317 1073 3 8192 2.000000000 2
317 1073 3 8192 2.000000000 2
318 1074 3 8192 2.000000000 2
318 1074 3 8192 2.000000000 2
319 1075 3 8192 2.000000000 2
319 1075 3 8192 2.000000000 2
316 1144 3 8192 2.000000000 2
316 1144 3 8192 2.000000000 2
317 1145 3 8192 2.000000000 2
317 1145 3 8192 2.000000000 2
318 1146 3 8192 2.000000000 2
318 1146 3 8192 2.000000000 2
319 1147 3 8192 2.000000000 2
319 1147 3 8192 2.000000000 2
320 12 3 8192 2.000000000 2
320 12 3 8192 2.000000000 2
321 13 3 8192 2.000000000 2
321 13 3 8192 2.000000000 2
322 14 3 8192 2.000000000 2
322 14 3 8192 2.000000000 2
323 15 3 8192 2.000000000 2
323 15 3 8192 2.000000000 2
320 24 3 8192 2.000000000 2
320 24 3 8192 2.000000000 2
321 25 3 8192 2.000000000 2
321 25 3 8192 2.000000000 2
322 26 3 8192 2.000000000 2
322 26 3 8192 2.000000000 2
323 27 3 8192 2.000000000 2
323 27 3 8192 2.000000000 2
320 204 3 8192 2.000000000 2
320 204 3 8192 2.000000000 2
321 205 3 8192 2.000000000 2
321 205 3 8192 2.000000000 2
322 206 3 8192 2.000000000 2
322 206 3 8192 2.000000000 2
323 207 3 8192 2.000000000 2
323 207 3 8192 2.000000000 2
320 284 3 8192 2.000000000 2
320 284 3 8192 2.000000000 2
321 285 3 8192 2.000000000 2
321 285 3 8192 2.000000000 2
322 286 3 8192 2.000000000 2
322 286 3 8192 2.000000000 2
323 287 3 8192 2.000000000 2
323 287 3 8192 2.000000000 2
320 336 3 8192 2.000000000 2
320 336 3 8192 2.000000000 2
321 337 3 8192 2.000000000 2
321 337 3 8192 2.000000000 2
322 338 3 8192 2.000000000 2
322 338 3 8192 2.000000000 2
323 339 3 8192 2.000000000 2
323 339 3 8192 2.000000000 2
320 444 3 8192 2.000000000 2
320 444 3 8192 2.000000000 2
321 445 3 8192 2.000000000 2
321 445 3 8192 2.000000000 2
322 446 3 8192 2.000000000 2
322 446 3 8192 2.000000000 2
323 447 3 8192 2.000000000 2
323 447 3 8192 2.000000000 2
320 520 3 8192 2.000000000 2
320 520 3 8192 2.000000000 2
321 521 3 8192 2.000000000 2
321 521 3 8192 2.000000000 2
322 522 3 8192 2.000000000 2
322 522 3 8192 2.000000000 2
323 523 3 8192 2.000000000 2
323 523 3 8192 2.000000000 2
320 572 3 8192 2.000000000 2
320 572 3 8192 2.000000000 2
321 573 3 8192 2.000000000 2
321 573 3 8192 2.000000000 2
322 574 3 8192 2.000000000 2
322 574 3 8192 2.000000000 2
323 575 3 8192 2.000000000 2
323 575 3 8192 2.000000000 2
324 284 3 8192 2.000000000 2
324 284 3 8192 2.000000000 2
325 285 3 8192 2.000000000 2
325 285 3 8192 2.000000000 2
326 286 3 8192 2.000000000 2
326 286 3 8192 2.000000000 2
327 287 3 8192 2.000000000 2
327 287 3 8192 2.000000000 2
324 448 3 8192 2.000000000 2
324 448 3 8192 2.000000000 2
325 449 3 8192 2.000000000 2
325 449 3 8192 2.000000000 2
326 450 3 8192 2.000000000 2
326 450 3 8192 2.000000000 2
327 451 3 8192 2.000000000 2
327 451 3 8192 2.000000000 2
324 612 3 8192 2.000000000 2
324 612 3 8192 2.000000000 2
325 613 3 8192 2.000000000 2
325 613 3 8192 2.000000000 2
326 614 3 8192 2.000000000 2
326 614 3 8192 2.000000000 2
327 615 3 8192 2.000000000 2
327 615 3 8192 2.000000000 2
324 712 3 8192 2.000000000 2
324 712 3 8192 2.000000000 2
325 713 3 8192 2.000000000 2
325 713 3 8192 2.000000000 2
326 714 3 8192 2.000000000 2
326 714 3 8192 2.000000000 2
327 715 3 8192 2.000000000 2
327 715 3 8192 2.000000000 2
324 776 3 8192 2.000000000 2
324 776 3 8192 2.000000000 2
325 777 3 8192 2.000000000 2
325 777 3 8192 2.000000000 2
326 778 3 8192 2.000000000 2
326 778 3 8192 2.000000000 2
327 779 3 8192 2.000000000 2
327 779 3 8192 2.000000000 2
324 880 3 8192 2.000000000 2
324 880 3 8192 2.000000000 2
325 881 3 8192 2.000000000 2
325 881 3 8192 2.000000000 2
326 882 3 8192 2.000000000 2
326 882 3 8192 2.000000000 2
327 883 3 8192 2.000000000 2
327 883 3 8192 2.000000000 2
324 984 3 8192 2.000000000 2
324 984 3 8192 2.000000000 2
325 985 3 8192 2.000000000 2
325 985 3 8192 2.000000000 2
326 986 3 8192 2.000000000 2
326 986 3 8192 2.000000000 2
327 987 3 8192 2.000000000 2
327 987 3 8192 2.000000000 2
324 1108 3 8192 2.000000000 2
324 1108 3 8192 2.000000000 2
325 1109 3 8192 2.000000000 2
325 1109 3 8192 2.000000000 2
326 1110 3 8192 2.000000000 2
326 1110 3 8192 2.000000000 2
327 1111 3 8192 2.000000000 2
327 1111 3 8192 2.000000000 2
328 260 3 8192 2.000000000 2
328 260 3 8192 2.000000000 2
329 261 3 8192 2.000000000 2
329 261 3 8192 2.000000000 2
330 262 3 8192 2.000000000 2
330 262 3 8192 2.000000000 2
331 263 3 8192 2.000000000 2
331 263 3 8192 2.000000000 2
328 476 3 8192 2.000000000 2
328 476 3 8192 2.000000000 2
329 477 3 8192 2.000000000 2
329 477 3 8192 2.000000000 2
330 478 3 8192 2.000000000 2
330 478 3 8192 2.000000000 2
331 479 3 8192 2.000000000 2
331 479 3 8192 2.000000000 2
328 764 3 8192 2.000000000 2
328 764 3 8192 2.000000000 2
329 765 3 8192 2.000000000 2
329 765 3 8192 2.000000000 2
330 766 3 8192 2.000000000 2
330 766 3 8192 2.000000000 2
331 767 3 8192 2.000000000 2
331 767 3 8192 2.000000000 2
328 860 3 8192 2.000000000 2
328 860 3 8192 2.000000000 2
329 861 3 8192 2.000000000 2
329 861 3 8192 2.000000000 2
330 862 3 8192 2.000000000 2
330 862 3 8192 2.000000000 2
331 863 3 8192 2.000000000 2
331 863 3 8192 2.000000000 2
328 872 3 8192 2.000000000 2
328 872 3 8192 2.000000000 2
329 873 3 8192 2.000000000 2
329 873 3 8192 2.000000000 2
330 874 3 8192 2.000000000 2
330 874 3 8192 2.000000000 2
331 875 3 8192 2.000000000 2
331 875 3 8192 2.000000000 2
328 988 3 8192 2.000000000 2
328 988 3 8192 2.000000000 2
329 989 3 8192 2.000000000 2
329 989 3 8192 2.000000000 2
330 990 3 8192 2.000000000 2
330 990 3 8192 2.000000000 2
331 991 3 8192 2.000000000 2
331 991 3 8192 2.000000000 2
328 1064 3 8192 2.000000000 2
328 1064 3 8192 2.000000000 2
329 1065 3 8192 2.000000000 2
329 1065 3 8192 2.000000000 2
330 1066 3 8192 2.000000000 2
330 1066 3 8192 2.000000000 2
331 1067 3 8192 2.000000000 2
331 1067 3 8192 2.000000000 2
328 1184 3 8192 2.000000000 2
328 1184 3 8192 2.000000000 2
329 1185 3 8192 2.000000000 2
329 1185 3 8192 2.000000000 2
330 1186 3 8192 2.000000000 2
330 1186 3 8192 2.000000000 2
331 1187 3 8192 2.000000000 2
331 1187 3 8192 2.000000000 2
332 208 3 8192 2.000000000 2
332 208 3 8192 2.000000000 2
333 209 3 8192 2.000000000 2
333 209 3 8192 2.000000000 2
334 210 3 8192 2.000000000 2
334 210 3 8192 2.000000000 2
335 211 3 8192 2.000000000 2
335 211 3 8192 2.000000000 2
332 248 3 8192 2.000000000 2
332 248 3 8192 2.000000000 2
333 249 3 8192 2.000000000 2
333 249 3 8192 2.000000000 2
334 250 3 8192 2.000000000 2
334 250 3 8192 2.000000000 2
335 251 3 8192 2.000000000 2
335 251 3 8192 2.000000000 2
332 764 3 8192 2.000000000 2
332 764 3 8192 2.000000000 2
333 765 3 8192 2.000000000 2
333 765 3 8192 2.000000000 2
334 766 3 8192 2.000000000 2
334 766 3 8192 2.000000000 2
335 767 3 8192 2.000000000 2
335 767 3 8192 2.000000000 2
332 932 3 8192 2.000000000 2
332 932 3 8192 2.000000000 2
333 933 3 8192 2.000000000 2
333 933 3 8192 2.000000000 2
334 934 3 8192 2.000000000 2
334 934 3 8192 2.000000000 2
335 935 3 8192 2.000000000 2
335 935 3 8192 2.000000000 2
332 988 3 8192 2.000000000 2
332 988 3 8192 2.000000000 2
333 989 3 8192 2.000000000 2
333 989 3 8192 2.000000000 2
334 990 3 8192 2.000000000 2
334 990 3 8192 2.000000000 2
335 991 3 8192 2.000000000 2
335 991 3 8192 2.000000000 2
332 1120 3 8192 2.000000000 2
332 1120 3 8192 2.000000000 2
333 1121 3 8192 2.000000000 2
333 1121 3 8192 2.000000000 2
334 1122 3 8192 2.000000000 2
334 1122 3 8192 2.000000000 2
335 1123 3 8192 2.000000000 2
335 1123 3 8192 2.000000000 2
332 1136 3 8192 2.000000000 2
332 1136 3 8192 2.000000000 2
333 1137 3 8192 2.000000000 2
333 1137 3 8192 2.000000000 2
334 1138 3 8192 2.000000000 2
334 1138 3 8192 2.000000000 2
335 1139 3 8192 2.000000000 2
335 1139 3 8192 2.000000000 2
332 1148 3 8192 2.000000000 2
332 1148 3 8192 2.000000000 2
333 1149 3 8192 2.000000000 2
333 1149 3 8192 2.000000000 2
334 1150 3 8192 2.000000000 2
334 1150 3 8192 2.000000000 2
335 1151 3 8192 2.000000000 2
335 1151 3 8192 2.000000000 2
336 32 3 8192 2.000000000 2
336 32 3 8192 2.000000000 2
337 33 3 8192 2.000000000 2
337 33 3 8192 2.000000000 2
338 34 3 8192 2.000000000 2
338 34 3 8192 2.000000000 2
339 35 3 8192 2.000000000 2
339 35 3 8192 2.000000000 2
336 128 3 8192 2.000000000 2
336 128 3 8192 2.000000000 2
337 129 3 8192 2.000000000 2
337 129 3 8192 2.000000000 2
338 130 3 8192 2.000000000 2
338 130 3 8192 2.000000000 2
339 131 3 8192 2.000000000 2
339 131 3 8192 2.000000000 2
336 200 3 8192 2.000000000 2
336 200 3 8192 2.000000000 2
337 201 3 8192 2.000000000 2
337 201 3 8192 2.000000000 2
338 202 3 8192 2.000000000 2
338 202 3 8192 2.000000000 2
339 203 3 8192 2.000000000 2
339 203 3 8192 2.000000000 2
336 240 3 8192 2.000000000 2
336 240 3 8192 2.000000000 2
337 241 3 8192 2.000000000 2
337 241 3 8192 2.000000000 2
338 242 3 8192 2.000000000 2
338 242 3 8192 2.000000000 2
339 243 3 8192 2.000000000 2
339 243 3 8192 2.000000000 2
336 264 3 8192 2.000000000 2
336 264 3 8192 2.000000000 2
337 265 3 8192 2.000000000 2
337 265 3 8192 2.000000000 2
338 266 3 8192 2.000000000 2
338 266 3 8192 2.000000000 2
339 267 3 8192 2.000000000 2
339 267 3 8192 2.000000000 2
336 428 3 8192 2.000000000 2
336 428 3 8192 2.000000000 2
337 429 3 8192 2.000000000 2
337 429 3 8192 2.000000000 2
338 430 3 8192 2.000000000 2
338 430 3 8192 2.000000000 2
339 431 3 8192 2.000000000 2
339 431 3 8192 2.000000000 2
336 712 3 8192 2.000000000 2
336 712 3 8192 2.000000000 2
337 713 3 8192 2.000000000 2
337 713 3 8192 2.000000000 2
338 714 3 8192 2.000000000 2
338 714 3 8192 2.000000000 2
339 715 3 8192 2.000000000 2
339 715 3 8192 2.000000000 2
336 804 3 8192 2.000000000 2
336 804 3 8192 2.000000000 2
337 805 3 8192 2.000000000 2
337 805 3 8192 2.000000000 2
338 806 3 8192 2.000000000 2
338 806 3 8192 2.000000000 2
339 807 3 8192 2.000000000 2
339 807 3 8192 2.000000000 2
340 56 3 8192 2.000000000 2
340 56 3 8192 2.000000000 2
341 57 3 8192 2.000000000 2
341 57 3 8192 2.000000000 2
342 58 3 8192 2.000000000 2
342 58 3 8192 2.000000000 2
343 59 3 8192 2.000000000 2
343 59 3 8192 2.000000000 2
340 172 3 8192 2.000000000 2
340 172 3 8192 2.000000000 2
341 173 3 8192 2.000000000 2
341 173 3 8192 2.000000000 2
342 174 3 8192 2.000000000 2
342 174 3 8192 2.000000000 2
343 175 3 8192 2.000000000 2
343 175 3 8192 2.000000000 2
340 472 3 8192 2.000000000 2
340 472 3 8192 2.000000000 2
341 473 3 8192 2.000000000 2
341 473 3 8192 2.000000000 2
342 474 3 8192 2.000000000 2
342 474 3 8192 2.000000000 2
343 475 3 8192 2.000000000 2
343 475 3 8192 2.000000000 2
340 724 3 8192 2.000000000 2
340 724 3 8192 2.000000000 2
341 725 3 8192 2.000000000 2
341 725 3 8192 2.000000000 2
342 726 3 8192 2.000000000 2
342 726 3 8192 2.000000000 2
343 727 3 8192 2.000000000 2
343 727 3 8192 2.000000000 2
340 996 3 8192 2.000000000 2
340 996 3 8192 2.000000000 2
341 997 3 8192 2.000000000 2
341 997 3 8192 2.000000000 2
342 998 3 8192 2.000000000 2
342 998 3 8192 2.000000000 2
343 999 3 8192 2.000000000 2
343 999 3 8192 2.000000000 2
340 1088 3 8192 2.000000000 2
340 1088 3 8192 2.000000000 2
341 1089 3 8192 2.000000000 2
341 1089 3 8192 2.000000000 2
342 1090 3 8192 2.000000000 2
342 1090 3 8192 2.000000000 2
343 1091 3 8192 2.000000000 2
343 1091 3 8192 2.000000000 2
340 1212 3 8192 2.000000000 2
340 1212 3 8192 2.000000000 2
341 1213 3 8192 2.000000000 2
341 1213 3 8192 2.000000000 2
342 1214 3 8192 2.000000000 2
342 1214 3 8192 2.000000000 2
343 1215 3 8192 2.000000000 2
343 1215 3 8192 2.000000000 2
340 1224 3 8192 2.000000000 2
340 1224 3 8192 2.000000000 2
341 1225 3 8192 2.000000000 2
341 1225 3 8192 2.000000000 2
342 1226 3 8192 2.000000000 2
342 1226 3 8192 2.000000000 2
343 1227 3 8192 2.000000000 2
343 1227 3 8192 2.000000000 2
348 88 3 8192 2.000000000 2
348 88 3 8192 2.000000000 2
349 89 3 8192 2.000000000 2
349 89 3 8192 2.000000000 2
350 90 3 8192 2.000000000 2
350 90 3 8192 2.000000000 2
351 91 3 8192 2.000000000 2
351 91 3 8192 2.000000000 2
348 268 3 8192 2.000000000 2
348 268 3 8192 2.000000000 2
349 269 3 8192 2.000000000 2
349 269 3 8192 2.000000000 2
350 270 3 8192 2.000000000 2
350 270 3 8192 2.000000000 2
351 271 3 8192 2.000000000 2
351 271 3 8192 2.000000000 2
348 292 3 8192 2.000000000 2
348 292 3 8192 2.000000000 2
349 293 3 8192 2.000000000 2
349 293 3 8192 2.000000000 2
350 294 3 8192 2.000000000 2
350 294 3 8192 2.000000000 2
351 295 3 8192 2.000000000 2
351 295 3 8192 2.000000000 2
348 436 3 8192 2.000000000 2
348 436 3 8192 2.000000000 2
349 437 3 8192 2.000000000 2
349 437 3 8192 2.000000000 2
350 438 3 8192 2.000000000 2
350 438 3 8192 2.000000000 2
351 439 3 8192 2.000000000 2
351 439 3 8192 2.000000000 2
348 448 3 8192 2.000000000 2
348 448 3 8192 2.000000000 2
349 449 3 8192 2.000000000 2
349 449 3 8192 2.000000000 2
350 450 3 8192 2.000000000 2
350 450 3 8192 2.000000000 2
351 451 3 8192 2.000000000 2
351 451 3 8192 2.000000000 2
348 864 3 8192 2.000000000 2
348 864 3 8192 2.000000000 2
349 865 3 8192 2.000000000 2
349 865 3 8192 2.000000000 2
350 866 3 8192 2.000000000 2
350 866 3 8192 2.000000000 2
351 867 3 8192 2.000000000 2
351 867 3 8192 2.000000000 2
348 1120 3 8192 2.000000000 2
348 1120 3 8192 2.000000000 2
349 1121 3 8192 2.000000000 2
349 1121 3 8192 2.000000000 2
350 1122 3 8192 2.000000000 2
350 1122 3 8192 2.000000000 2
351 1123 3 8192 2.000000000 2
351 1123 3 8192 2.000000000 2
348 1188 3 8192 2.000000000 2
348 1188 3 8192 2.000000000 2
349 1189 3 8192 2.000000000 2
349 1189 3 8192 2.000000000 2
350 1190 3 8192 2.000000000 2
350 1190 3 8192 2.000000000 2
351 1191 3 8192 2.000000000 2
351 1191 3 8192 2.000000000 2
360 220 3 8192 2.000000000 2
360 220 3 8192 2.000000000 2
361 221 3 8192 2.000000000 2
361 221 3 8192 2.000000000 2
362 222 3 8192 2.000000000 2
362 222 3 8192 2.000000000 2
363 223 3 8192 2.000000000 2
363 223 3 8192 2.000000000 2
360 260 3 8192 2.000000000 2
360 260 3 8192 2.000000000 2
361 261 3 8192 2.000000000 2
361 261 3 8192 2.000000000 2
362 262 3 8192 2.000000000 2
362 262 3 8192 2.000000000 2
363 263 3 8192 2.000000000 2
363 263 3 8192 2.000000000 2
360 300 3 8192 2.000000000 2
360 300 3 8192 2.000000000 2
361 301 3 8192 2.000000000 2
361 301 3 8192 2.000000000 2
362 302 3 8192 2.000000000 2
362 302 3 8192 2.000000000 2
363 303 3 8192 2.000000000 2
363 303 3 8192 2.000000000 2
360 348 3 8192 2.000000000 2
360 348 3 8192 2.000000000 2
361 349 3 8192 2.000000000 2
361 349 3 8192 2.000000000 2
362 350 3 8192 2.000000000 2
362 350 3 8192 2.000000000 2
363 351 3 8192 2.000000000 2
363 351 3 8192 2.000000000 2
360 416 3 8192 2.000000000 2
360 416 3 8192 2.000000000 2
361 417 3 8192 2.000000000 2
361 417 3 8192 2.000000000 2
362 418 3 8192 2.000000000 2
362 418 3 8192 2.000000000 2
363 419 3 8192 2.000000000 2
363 419 3 8192 2.000000000 2
360 568 3 8192 2.000000000 2
360 568 3 8192 2.000000000 2
361 569 3 8192 2.000000000 2
361 569 3 8192 2.000000000 2
362 570 3 8192 2.000000000 2
362 570 3 8192 2.000000000 2
363 571 3 8192 2.000000000 2
363 571 3 8192 2.000000000 2
360 1200 3 8192 2.000000000 2
360 1200 3 8192 2.000000000 2
361 1201 3 8192 2.000000000 2
361 1201 3 8192 2.000000000 2
362 1202 3 8192 2.000000000 2
362 1202 3 8192 2.000000000 2
363 1203 3 8192 2.000000000 2
363 1203 3 8192 2.000000000 2
360 1272 3 8192 2.000000000 2
360 1272 3 8192 2.000000000 2
361 1273 3 8192 2.000000000 2
361 1273 3 8192 2.000000000 2
362 1274 3 8192 2.000000000 2
362 1274 3 8192 2.000000000 2
363 1275 3 8192 2.000000000 2
363 1275 3 8192 2.000000000 2
364 32 3 8192 2.000000000 2
364 32 3 8192 2.000000000 2
365 33 3 8192 2.000000000 2
365 33 3 8192 2.000000000 2
366 34 3 8192 2.000000000 2
366 34 3 8192 2.000000000 2
367 35 3 8192 2.000000000 2
367 35 3 8192 2.000000000 2
364 188 3 8192 2.000000000 2
364 188 3 8192 2.000000000 2
365 189 3 8192 2.000000000 2
365 189 3 8192 2.000000000 2
366 190 3 8192 2.000000000 2
366 190 3 8192 2.000000000 2
367 191 3 8192 2.000000000 2
367 191 3 8192 2.000000000 2
364 276 3 8192 2.000000000 2
364 276 3 8192 2.000000000 2
365 277 3 8192 2.000000000 2
365 277 3 8192 2.000000000 2
366 278 3 8192 2.000000000 2
366 278 3 8192 2.000000000 2
367 279 3 8192 2.000000000 2
367 279 3 8192 2.000000000 2
364 476 3 8192 2.000000000 2
364 476 3 8192 2.000000000 2
365 477 3 8192 2.000000000 2
365 477 3 8192 2.000000000 2
366 478 3 8192 2.000000000 2
366 478 3 8192 2.000000000 2
367 479 3 8192 2.000000000 2
367 479 3 8192 2.000000000 2
364 988 3 8192 2.000000000 2
364 988 3 8192 2.000000000 2
365 989 3 8192 2.000000000 2
365 989 3 8192 2.000000000 2
366 990 3 8192 2.000000000 2
366 990 3 8192 2.000000000 2
367 991 3 8192 2.000000000 2
367 991 3 8192 2.000000000 2
364 1128 3 8192 2.000000000 2
364 1128 3 8192 2.000000000 2
365 1129 3 8192 2.000000000 2
365 1129 3 8192 2.000000000 2
366 1130 3 8192 2.000000000 2
366 1130 3 8192 2.000000000 2
367 1131 3 8192 2.000000000 2
367 1131 3 8192 2.000000000 2
364 1156 3 8192 2.000000000 2
364 1156 3 8192 2.000000000 2
365 1157 3 8192 2.000000000 2
365 1157 3 8192 2.000000000 2
366 1158 3 8192 2.000000000 2
366 1158 3 8192 2.000000000 2
367 1159 3 8192 2.000000000 2
367 1159 3 8192 2.000000000 2
364 1180 3 8192 2.000000000 2
364 1180 3 8192 2.000000000 2
365 1181 3 8192 2.000000000 2
365 1181 3 8192 2.000000000 2
366 1182 3 8192 2.000000000 2
366 1182 3 8192 2.000000000 2
367 1183 3 8192 2.000000000 2
367 1183 3 8192 2.000000000 2
368 32 3 8192 2.000000000 2
368 32 3 8192 2.000000000 2
369 33 3 8192 2.000000000 2
369 33 3 8192 2.000000000 2
370 34 3 8192 2.000000000 2
370 34 3 8192 2.000000000 2
371 35 3 8192 2.000000000 2
371 35 3 8192 2.000000000 2
368 168 3 8192 2.000000000 2
368 168 3 8192 2.000000000 2
369 169 3 8192 2.000000000 2
369 169 3 8192 2.000000000 2
370 170 3 8192 2.000000000 2
370 170 3 8192 2.000000000 2
371 171 3 8192 2.000000000 2
371 171 3 8192 2.000000000 2
368 508 3 8192 2.000000000 2
368 508 3 8192 2.000000000 2
369 509 3 8192 2.000000000 2
369 509 3 8192 2.000000000 2
370 510 3 8192 2.000000000 2
370 510 3 8192 2.000000000 2
371 511 3 8192 2.000000000 2
371 511 3 8192 2.000000000 2
368 588 3 8192 2.000000000 2
368 588 3 8192 2.000000000 2
369 589 3 8192 2.000000000 2
369 589 3 8192 2.000000000 2
370 590 3 8192 2.000000000 2
370 590 3 8192 2.000000000 2
371 591 3 8192 2.000000000 2
371 591 3 8192 2.000000000 2
368 592 3 8192 2.000000000 2
368 592 3 8192 2.000000000 2
369 593 3 8192 2.000000000 2
369 593 3 8192 2.000000000 2
370 594 3 8192 2.000000000 2
370 594 3 8192 2.000000000 2
371 595 3 8192 2.000000000 2
371 595 3 8192 2.000000000 2
368 1076 3 8192 2.000000000 2
368 1076 3 8192 2.000000000 2
369 1077 3 8192 2.000000000 2
369 1077 3 8192 2.000000000 2
370 1078 3 8192 2.000000000 2
370 1078 3 8192 2.000000000 2
371 1079 3 8192 2.000000000 2
371 1079 3 8192 2.000000000 2
368 1212 3 8192 2.000000000 2
368 1212 3 8192 2.000000000 2
369 1213 3 8192 2.000000000 2
369 1213 3 8192 2.000000000 2
370 1214 3 8192 2.000000000 2
370 1214 3 8192 2.000000000 2
371 1215 3 8192 2.000000000 2
371 1215 3 8192 2.000000000 2
368 1216 3 8192 2.000000000 2
368 1216 3 8192 2.000000000 2
369 1217 3 8192 2.000000000 2
369 1217 3 8192 2.000000000 2
370 1218 3 8192 2.000000000 2
370 1218 3 8192 2.000000000 2
371 1219 3 8192 2.000000000 2
371 1219 3 8192 2.000000000 2
380 64 3 8192 2.000000000 2
380 64 3 8192 2.000000000 2
381 65 3 8192 2.000000000 2
381 65 3 8192 2.000000000 2
382 66 3 8192 2.000000000 2
382 66 3 8192 2.000000000 2
383 67 3 8192 2.000000000 2
383 67 3 8192 2.000000000 2
380 268 3 8192 2.000000000 2
380 268 3 8192 2.000000000 2
381 269 3 8192 2.000000000 2
381 269 3 8192 2.000000000 2
382 270 3 8192 2.000000000 2
382 270 3 8192 2.000000000 2
383 271 3 8192 2.000000000 2
383 271 3 8192 2.000000000 2
380 512 3 8192 2.000000000 2
380 512 3 8192 2.000000000 2
381 513 3 8192 2.000000000 2
381 513 3 8192 2.000000000 2
382 514 3 8192 2.000000000 2
382 514 3 8192 2.000000000 2
383 515 3 8192 2.000000000 2
383 515 3 8192 2.000000000 2
380 596 3 8192 2.000000000 2
380 596 3 8192 2.000000000 2
381 597 3 8192 2.000000000 2
381 597 3 8192 2.000000000 2
382 598 3 8192 2.000000000 2
382 598 3 8192 2.000000000 2
383 599 3 8192 2.000000000 2
383 599 3 8192 2.000000000 2
380 956 3 8192 2.000000000 2
380 956 3 8192 2.000000000 2
381 957 3 8192 2.000000000 2
381 957 3 8192 2.000000000 2
382 958 3 8192 2.000000000 2
382 958 3 8192 2.000000000 2
383 959 3 8192 2.000000000 2
383 959 3 8192 2.000000000 2
380 960 3 8192 2.000000000 2
380 960 3 8192 2.000000000 2
381 961 3 8192 2.000000000 2
381 961 3 8192 2.000000000 2
382 962 3 8192 2.000000000 2
382 962 3 8192 2.000000000 2
383 963 3 8192 2.000000000 2
383 963 3 8192 2.000000000 2
380 1104 3 8192 2.000000000 2
380 1104 3 8192 2.000000000 2
381 1105 3 8192 2.000000000 2
381 1105 3 8192 2.000000000 2
382 1106 3 8192 2.000000000 2
382 1106 3 8192 2.000000000 2
383 1107 3 8192 2.000000000 2
383 1107 3 8192 2.000000000 2
380 1120 3 8192 2.000000000 2
380 1120 3 8192 2.000000000 2
381 1121 3 8192 2.000000000 2
381 1121 3 8192 2.000000000 2
382 1122 3 8192 2.000000000 2
382 1122 3 8192 2.000000000 2
383 1123 3 8192 2.000000000 2
383 1123 3 8192 2.000000000 2
388 256 3 8192 2.000000000 2
388 256 3 8192 2.000000000 2
389 257 3 8192 2.000000000 2
389 257 3 8192 2.000000000 2
390 258 3 8192 2.000000000 2
390 258 3 8192 2.000000000 2
391 259 3 8192 2.000000000 2
391 259 3 8192 2.000000000 2
388 264 3 8192 2.000000000 2
388 264 3 8192 2.000000000 2
389 265 3 8192 2.000000000 2
389 265 3 8192 2.000000000 2
390 266 3 8192 2.000000000 2
390 266 3 8192 2.000000000 2
391 267 3 8192 2.000000000 2
391 267 3 8192 2.000000000 2
388 512 3 8192 2.000000000 2
388 512 3 8192 2.000000000 2
389 513 3 8192 2.000000000 2
389 513 3 8192 2.000000000 2
390 514 3 8192 2.000000000 2
390 514 3 8192 2.000000000 2
391 515 3 8192 2.000000000 2
391 515 3 8192 2.000000000 2
388 540 3 8192 2.000000000 2
388 540 3 8192 2.000000000 2
389 541 3 8192 2.000000000 2
389 541 3 8192 2.000000000 2
390 542 3 8192 2.000000000 2
390 542 3 8192 2.000000000 2
391 543 3 8192 2.000000000 2
391 543 3 8192 2.000000000 2
388 588 3 8192 2.000000000 2
388 588 3 8192 2.000000000 2
389 589 3 8192 2.000000000 2
389 589 3 8192 2.000000000 2
390 590 3 8192 2.000000000 2
390 590 3 8192 2.000000000 2
391 591 3 8192 2.000000000 2
391 591 3 8192 2.000000000 2
388 784 3 8192 2.000000000 2
388 784 3 8192 2.000000000 2
389 785 3 8192 2.000000000 2
389 785 3 8192 2.000000000 2
390 786 3 8192 2.000000000 2
390 786 3 8192 2.000000000 2
391 787 3 8192 2.000000000 2
391 787 3 8192 2.000000000 2
388 988 3 8192 2.000000000 2
388 988 3 8192 2.000000000 2
389 989 3 8192 2.000000000 2
389 989 3 8192 2.000000000 2
390 990 3 8192 2.000000000 2
390 990 3 8192 2.000000000 2
391 991 3 8192 2.000000000 2
391 991 3 8192 2.000000000 2
388 1056 3 8192 2.000000000 2
388 1056 3 8192 2.000000000 2
389 1057 3 8192 2.000000000 2
389 1057 3 8192 2.000000000 2
390 1058 3 8192 2.000000000 2
390 1058 3 8192 2.000000000 2
391 1059 3 8192 2.000000000 2
391 1059 3 8192 2.000000000 2
392 120 3 8192 2.000000000 2
392 120 3 8192 2.000000000 2
393 121 3 8192 2.000000000 2
393 121 3 8192 2.000000000 2
394 122 3 8192 2.000000000 2
394 122 3 8192 2.000000000 2
395 123 3 8192 2.000000000 2
395 123 3 8192 2.000000000 2
392 168 3 8192 2.000000000 2
392 168 3 8192 2.000000000 2
393 169 3 8192 2.000000000 2
393 169 3 8192 2.000000000 2
394 170 3 8192 2.000000000 2
394 170 3 8192 2.000000000 2
395 171 3 8192 2.000000000 2
395 171 3 8192 2.000000000 2
392 232 3 8192 2.000000000 2
392 232 3 8192 2.000000000 2
393 233 3 8192 2.000000000 2
393 233 3 8192 2.000000000 2
394 234 3 8192 2.000000000 2
394 234 3 8192 2.000000000 2
395 235 3 8192 2.000000000 2
395 235 3 8192 2.000000000 2
392 672 3 8192 2.000000000 2
392 672 3 8192 2.000000000 2
393 673 3 8192 2.000000000 2
393 673 3 8192 2.000000000 2
394 674 3 8192 2.000000000 2
394 674 3 8192 2.000000000 2
395 675 3 8192 2.000000000 2
395 675 3 8192 2.000000000 2
392 772 3 8192 2.000000000 2
392 772 3 8192 2.000000000 2
393 773 3 8192 2.000000000 2
393 773 3 8192 2.000000000 2
394 774 3 8192 2.000000000 2
394 774 3 8192 2.000000000 2
395 775 3 8192 2.000000000 2
395 775 3 8192 2.000000000 2
392 940 3 8192 2.000000000 2
392 940 3 8192 2.000000000 2
393 941 3 8192 2.000000000 2
393 941 3 8192 2.000000000 2
394 942 3 8192 2.000000000 2
394 942 3 8192 2.000000000 2
395 943 3 8192 2.000000000 2
395 943 3 8192 2.000000000 2
392 1168 3 8192 2.000000000 2
392 1168 3 8192 2.000000000 2
393 1169 3 8192 2.000000000 2
393 1169 3 8192 2.000000000 2
394 1170 3 8192 2.000000000 2
394 1170 3 8192 2.000000000 2
395 1171 3 8192 2.000000000 2
395 1171 3 8192 2.000000000 2
392 1240 3 8192 2.000000000 2
392 1240 3 8192 2.000000000 2
393 1241 3 8192 2.000000000 2
393 1241 3 8192 2.000000000 2
394 1242 3 8192 2.000000000 2
394 1242 3 8192 2.000000000 2
395 1243 3 8192 2.000000000 2
395 1243 3 8192 2.000000000 2
404 164 3 8192 2.000000000 2
404 164 3 8192 2.000000000 2
405 165 3 8192 2.000000000 2
405 165 3 8192 2.000000000 2
406 166 3 8192 2.000000000 2
406 166 3 8192 2.000000000 2
407 167 3 8192 2.000000000 2
407 167 3 8192 2.000000000 2
404 168 3 8192 2.000000000 2
404 168 3 8192 2.000000000 2
405 169 3 8192 2.000000000 2
405 169 3 8192 2.000000000 2
406 170 3 8192 2.000000000 2
406 170 3 8192 2.000000000 2
407 171 3 8192 2.000000000 2
407 171 3 8192 2.000000000 2
404 220 3 8192 2.000000000 2
404 220 3 8192 2.000000000 2
405 221 3 8192 2.000000000 2
405 221 3 8192 2.000000000 2
406 222 3 8192 2.000000000 2
406 222 3 8192 2.000000000 2
407 223 3 8192 2.000000000 2
407 223 3 8192 2.000000000 2
404 268 3 8192 2.000000000 2
404 268 3 8192 2.000000000 2
405 269 3 8192 2.000000000 2
405 269 3 8192 2.000000000 2
406 270 3 8192 2.000000000 2
406 270 3 8192 2.000000000 2
407 271 3 8192 2.000000000 2
407 271 3 8192 2.000000000 2
404 652 3 8192 2.000000000 2
404 652 3 8192 2.000000000 2
405 653 3 8192 2.000000000 2
405 653 3 8192 2.000000000 2
406 654 3 8192 2.000000000 2
406 654 3 8192 2.000000000 2
407 655 3 8192 2.000000000 2
407 655 3 8192 2.000000000 2
404 692 3 8192 2.000000000 2
404 692 3 8192 2.000000000 2
405 693 3 8192 2.000000000 2
405 693 3 8192 2.000000000 2
406 694 3 8192 2.000000000 2
406 694 3 8192 2.000000000 2
407 695 3 8192 2.000000000 2
407 695 3 8192 2.000000000 2
404 972 3 8192 2.000000000 2
404 972 3 8192 2.000000000 2
405 973 3 8192 2.000000000 2
405 973 3 8192 2.000000000 2
406 974 3 8192 2.000000000 2
406 974 3 8192 2.000000000 2
407 975 3 8192 2.000000000 2
407 975 3 8192 2.000000000 2
404 1208 3 8192 2.000000000 2
404 1208 3 8192 2.000000000 2
405 1209 3 8192 2.000000000 2
405 1209 3 8192 2.000000000 2
406 1210 3 8192 2.000000000 2
406 1210 3 8192 2.000000000 2
407 1211 3 8192 2.000000000 2
407 1211 3 8192 2.000000000 2
408 248 3 8192 2.000000000 2
408 248 3 8192 2.000000000 2
409 249 3 8192 2.000000000 2
409 249 3 8192 2.000000000 2
410 250 3 8192 2.000000000 2
410 250 3 8192 2.000000000 2
411 251 3 8192 2.000000000 2
411 251 3 8192 2.000000000 2
408 440 3 8192 2.000000000 2
408 440 3 8192 2.000000000 2
409 441 3 8192 2.000000000 2
409 441 3 8192 2.000000000 2
410 442 3 8192 2.000000000 2
410 442 3 8192 2.000000000 2
411 443 3 8192 2.000000000 2
411 443 3 8192 2.000000000 2
408 484 3 8192 2.000000000 2
408 484 3 8192 2.000000000 2
409 485 3 8192 2.000000000 2
409 485 3 8192 2.000000000 2
410 486 3 8192 2.000000000 2
410 486 3 8192 2.000000000 2
411 487 3 8192 2.000000000 2
411 487 3 8192 2.000000000 2
408 560 3 8192 2.000000000 2
408 560 3 8192 2.000000000 2
409 561 3 8192 2.000000000 2
409 561 3 8192 2.000000000 2
410 562 3 8192 2.000000000 2
410 562 3 8192 2.000000000 2
411 563 3 8192 2.000000000 2
411 563 3 8192 2.000000000 2
408 804 3 8192 2.000000000 2
408 804 3 8192 2.000000000 2
409 805 3 8192 2.000000000 2
409 805 3 8192 2.000000000 2
410 806 3 8192 2.000000000 2
410 806 3 8192 2.000000000 2
411 807 3 8192 2.000000000 2
411 807 3 8192 2.000000000 2
408 956 3 8192 2.000000000 2
408 956 3 8192 2.000000000 2
409 957 3 8192 2.000000000 2
409 957 3 8192 2.000000000 2
410 958 3 8192 2.000000000 2
410 958 3 8192 2.000000000 2
411 959 3 8192 2.000000000 2
411 959 3 8192 2.000000000 2
408 964 3 8192 2.000000000 2
408 964 3 8192 2.000000000 2
409 965 3 8192 2.000000000 2
409 965 3 8192 2.000000000 2
410 966 3 8192 2.000000000 2
410 966 3 8192 2.000000000 2
411 967 3 8192 2.000000000 2
411 967 3 8192 2.000000000 2
408 1276 3 8192 2.000000000 2
408 1276 3 8192 2.000000000 2
409 1277 3 8192 2.000000000 2
409 1277 3 8192 2.000000000 2
410 1278 3 8192 2.000000000 2
410 1278 3 8192 2.000000000 2
411 1279 3 8192 2.000000000 2
411 1279 3 8192 2.000000000 2
416 120 3 8192 2.000000000 2
416 120 3 8192 2.000000000 2
417 121 3 8192 2.000000000 2
417 121 3 8192 2.000000000 2
418 122 3 8192 2.000000000 2
418 122 3 8192 2.000000000 2
419 123 3 8192 2.000000000 2
419 123 3 8192 2.000000000 2
416 268 3 8192 2.000000000 2
416 268 3 8192 2.000000000 2
417 269 3 8192 2.000000000 2
417 269 3 8192 2.000000000 2
418 270 3 8192 2.000000000 2
418 270 3 8192 2.000000000 2
419 271 3 8192 2.000000000 2
419 271 3 8192 2.000000000 2
416 328 3 8192 2.000000000 2
416 328 3 8192 2.000000000 2
417 329 3 8192 2.000000000 2
417 329 3 8192 2.000000000 2
418 330 3 8192 2.000000000 2
418 330 3 8192 2.000000000 2
419 331 3 8192 2.000000000 2
419 331 3 8192 2.000000000 2
416 492 3 8192 2.000000000 2
416 492 3 8192 2.000000000 2
417 493 3 8192 2.000000000 2
417 493 3 8192 2.000000000 2
418 494 3 8192 2.000000000 2
418 494 3 8192 2.000000000 2
419 495 3 8192 2.000000000 2
419 495 3 8192 2.000000000 2
416 640 3 8192 2.000000000 2
416 640 3 8192 2.000000000 2
417 641 3 8192 2.000000000 2
417 641 3 8192 2.000000000 2
418 642 3 8192 2.000000000 2
418 642 3 8192 2.000000000 2
419 643 3 8192 2.000000000 2
419 643 3 8192 2.000000000 2
416 672 3 8192 2.000000000 2
416 672 3 8192 2.000000000 2
417 673 3 8192 2.000000000 2
417 673 3 8192 2.000000000 2
418 674 3 8192 2.000000000 2
418 674 3 8192 2.000000000 2
419 675 3 8192 2.000000000 2
419 675 3 8192 2.000000000 2
416 1036 3 8192 2.000000000 2
416 1036 3 8192 2.000000000 2
417 1037 3 8192 2.000000000 2
417 1037 3 8192 2.000000000 2
418 1038 3 8192 2.000000000 2
418 1038 3 8192 2.000000000 2
419 1039 3 8192 2.000000000 2
419 1039 3 8192 2.000000000 2
416 1264 3 8192 2.000000000 2
416 1264 3 8192 2.000000000 2
417 1265 3 8192 2.000000000 2
417 1265 3 8192 2.000000000 2
418 1266 3 8192 2.000000000 2
418 1266 3 8192 2.000000000 2
419 1267 3 8192 2.000000000 2
419 1267 3 8192 2.000000000 2
428 8 3 8192 2.000000000 2
428 8 3 8192 2.000000000 2
429 9 3 8192 2.000000000 2
429 9 3 8192 2.000000000 2
430 10 3 8192 2.000000000 2
430 10 3 8192 2.000000000 2
431 11 3 8192 2.000000000 2
431 11 3 8192 2.000000000 2
428 24 3 8192 2.000000000 2
428 24 3 8192 2.000000000 2
429 25 3 8192 2.000000000 2
429 25 3 8192 2.000000000 2
430 26 3 8192 2.000000000 2
430 26 3 8192 2.000000000 2
431 27 3 8192 2.000000000 2
431 27 3 8192 2.000000000 2
428 156 3 8192 2.000000000 2
428 156 3 8192 2.000000000 2
429 157 3 8192 2.000000000 2
429 157 3 8192 2.000000000 2
430 158 3 8192 2.000000000 2
430 158 3 8192 2.000000000 2
431 159 3 8192 2.000000000 2
431 159 3 8192 2.000000000 2
428 512 3 8192 2.000000000 2
428 512 3 8192 2.000000000 2
429 513 3 8192 2.000000000 2
429 513 3 8192 2.000000000 2
430 514 3 8192 2.000000000 2
430 514 3 8192 2.000000000 2
431 515 3 8192 2.000000000 2
431 515 3 8192 2.000000000 2
428 608 3 8192 2.000000000 2
428 608 3 8192 2.000000000 2
429 609 3 8192 2.000000000 2
429 609 3 8192 2.000000000 2
430 610 3 8192 2.000000000 2
430 610 3 8192 2.000000000 2
431 611 3 8192 2.000000000 2
431 611 3 8192 2.000000000 2
428 676 3 8192 2.000000000 2
428 676 3 8192 2.000000000 2
429 677 3 8192 2.000000000 2
429 677 3 8192 2.000000000 2
430 678 3 8192 2.000000000 2
430 678 3 8192 2.000000000 2
431 679 3 8192 2.000000000 2
431 679 3 8192 2.000000000 2
428 1040 3 8192 2.000000000 2
428 1040 3 8192 2.000000000 2
429 1041 3 8192 2.000000000 2
429 1041 3 8192 2.000000000 2
430 1042 3 8192 2.000000000 2
430 1042 3 8192 2.000000000 2
431 1043 3 8192 2.000000000 2
431 1043 3 8192 2.000000000 2
428 1212 3 8192 2.000000000 2
428 1212 3 8192 2.000000000 2
429 1213 3 8192 2.000000000 2
429 1213 3 8192 2.000000000 2
430 1214 3 8192 2.000000000 2
430 1214 3 8192 2.000000000 2
431 1215 3 8192 2.000000000 2
431 1215 3 8192 2.000000000 2
432 128 3 8192 2.000000000 2
432 128 3 8192 2.000000000 2
433 129 3 8192 2.000000000 2
433 129 3 8192 2.000000000 2
434 130 3 8192 2.000000000 2
434 130 3 8192 2.000000000 2
435 131 3 8192 2.000000000 2
435 131 3 8192 2.000000000 2
432 476 3 8192 2.000000000 2
432 476 3 8192 2.000000000 2
433 477 3 8192 2.000000000 2
433 477 3 8192 2.000000000 2
434 478 3 8192 2.000000000 2
434 478 3 8192 2.000000000 2
435 479 3 8192 2.000000000 2
435 479 3 8192 2.000000000 2
432 492 3 8192 2.000000000 2
432 492 3 8192 2.000000000 2
433 493 3 8192 2.000000000 2
433 493 3 8192 2.000000000 2
434 494 3 8192 2.000000000 2
434 494 3 8192 2.000000000 2
435 495 3 8192 2.000000000 2
435 495 3 8192 2.000000000 2
432 540 3 8192 2.000000000 2
432 540 3 8192 2.000000000 2
433 541 3 8192 2.000000000 2
433 541 3 8192 2.000000000 2
434 542 3 8192 2.000000000 2
434 542 3 8192 2.000000000 2
435 543 3 8192 2.000000000 2
435 543 3 8192 2.000000000 2
432 564 3 8192 2.000000000 2
432 564 3 8192 2.000000000 2
433 565 3 8192 2.000000000 2
433 565 3 8192 2.000000000 2
434 566 3 8192 2.000000000 2
434 566 3 8192 2.000000000 2
435 567 3 8192 2.000000000 2
435 567 3 8192 2.000000000 2
432 1108 3 8192 2.000000000 2
432 1108 3 8192 2.000000000 2
433 1109 3 8192 2.000000000 2
433 1109 3 8192 2.000000000 2
434 1110 3 8192 2.000000000 2
434 1110 3 8192 2.000000000 2
435 1111 3 8192 2.000000000 2
435 1111 3 8192 2.000000000 2
432 1216 3 8192 2.000000000 2
432 1216 3 8192 2.000000000 2
433 1217 3 8192 2.000000000 2
433 1217 3 8192 2.000000000 2
434 1218 3 8192 2.000000000 2
434 1218 3 8192 2.000000000 2
435 1219 3 8192 2.000000000 2
435 1219 3 8192 2.000000000 2
432 1232 3 8192 2.000000000 2
432 1232 3 8192 2.000000000 2
433 1233 3 8192 2.000000000 2
433 1233 3 8192 2.000000000 2
434 1234 3 8192 2.000000000 2
434 1234 3 8192 2.000000000 2
435 1235 3 8192 2.000000000 2
435 1235 3 8192 2.000000000 2
436 84 3 8192 2.000000000 2
436 84 3 8192 2.000000000 2
437 85 3 8192 2.000000000 2
437 85 3 8192 2.000000000 2
438 86 3 8192 2.000000000 2
438 86 3 8192 2.000000000 2
439 87 3 8192 2.000000000 2
439 87 3 8192 2.000000000 2
436 404 3 8192 2.000000000 2
436 404 3 8192 2.000000000 2
437 405 3 8192 2.000000000 2
437 405 3 8192 2.000000000 2
438 406 3 8192 2.000000000 2
438 406 3 8192 2.000000000 2
439 407 3 8192 2.000000000 2
439 407 3 8192 2.000000000 2
436 428 3 8192 2.000000000 2
436 428 3 8192 2.000000000 2
437 429 3 8192 2.000000000 2
437 429 3 8192 2.000000000 2
438 430 3 8192 2.000000000 2
438 430 3 8192 2.000000000 2
439 431 3 8192 2.000000000 2
439 431 3 8192 2.000000000 2
436 580 3 8192 2.000000000 2
436 580 3 8192 2.000000000 2
437 581 3 8192 2.000000000 2
437 581 3 8192 2.000000000 2
438 582 3 8192 2.000000000 2
438 582 3 8192 2.000000000 2
439 583 3 8192 2.000000000 2
439 583 3 8192 2.000000000 2
436 856 3 8192 2.000000000 2
436 856 3 8192 2.000000000 2
437 857 3 8192 2.000000000 2
437 857 3 8192 2.000000000 2
438 858 3 8192 2.000000000 2
438 858 3 8192 2.000000000 2
439 859 3 8192 2.000000000 2
439 859 3 8192 2.000000000 2
436 1080 3 8192 2.000000000 2
436 1080 3 8192 2.000000000 2
437 1081 3 8192 2.000000000 2
437 1081 3 8192 2.000000000 2
438 1082 3 8192 2.000000000 2
438 1082 3 8192 2.000000000 2
439 1083 3 8192 2.000000000 2
439 1083 3 8192 2.000000000 2
436 1096 3 8192 2.000000000 2
436 1096 3 8192 2.000000000 2
437 1097 3 8192 2.000000000 2
437 1097 3 8192 2.000000000 2
438 1098 3 8192 2.000000000 2
438 1098 3 8192 2.000000000 2
439 1099 3 8192 2.000000000 2
439 1099 3 8192 2.000000000 2
436 1216 3 8192 2.000000000 2
436 1216 3 8192 2.000000000 2
437 1217 3 8192 2.000000000 2
437 1217 3 8192 2.000000000 2
438 1218 3 8192 2.000000000 2
438 1218 3 8192 2.000000000 2
439 1219 3 8192 2.000000000 2
439 1219 3 8192 2.000000000 2
440 112 3 8192 2.000000000 2
440 112 3 8192 2.000000000 2
441 113 3 8192 2.000000000 2
441 113 3 8192 2.000000000 2
442 114 3 8192 2.000000000 2
442 114 3 8192 2.000000000 2
443 115 3 8192 2.000000000 2
443 115 3 8192 2.000000000 2
440 292 3 8192 2.000000000 2
440 292 3 8192 2.000000000 2
441 293 3 8192 2.000000000 2
441 293 3 8192 2.000000000 2
442 294 3 8192 2.000000000 2
442 294 3 8192 2.000000000 2
443 295 3 8192 2.000000000 2
443 295 3 8192 2.000000000 2
440 520 3 8192 2.000000000 2
440 520 3 8192 2.000000000 2
441 521 3 8192 2.000000000 2
441 521 3 8192 2.000000000 2
442 522 3 8192 2.000000000 2
442 522 3 8192 2.000000000 2
443 523 3 8192 2.000000000 2
443 523 3 8192 2.000000000 2
440 848 3 8192 2.000000000 2
440 848 3 8192 2.000000000 2
441 849 3 8192 2.000000000 2
441 849 3 8192 2.000000000 2
442 850 3 8192 2.000000000 2
442 850 3 8192 2.000000000 2
443 851 3 8192 2.000000000 2
443 851 3 8192 2.000000000 2
440 856 3 8192 2.000000000 2
440 856 3 8192 2.000000000 2
441 857 3 8192 2.000000000 2
441 857 3 8192 2.000000000 2
442 858 3 8192 2.000000000 2
442 858 3 8192 2.000000000 2
443 859 3 8192 2.000000000 2
443 859 3 8192 2.000000000 2
440 916 3 8192 2.000000000 2
440 916 3 8192 2.000000000 2
441 917 3 8192 2.000000000 2
441 917 3 8192 2.000000000 2
442 918 3 8192 2.000000000 2
442 918 3 8192 2.000000000 2
443 919 3 8192 2.000000000 2
443 919 3 8192 2.000000000 2
440 1048 3 8192 2.000000000 2
440 1048 3 8192 2.000000000 2
441 1049 3 8192 2.000000000 2
441 1049 3 8192 2.000000000 2
442 1050 3 8192 2.000000000 2
442 1050 3 8192 2.000000000 2
443 1051 3 8192 2.000000000 2
443 1051 3 8192 2.000000000 2
440 1128 3 8192 2.000000000 2
440 1128 3 8192 2.000000000 2
441 1129 3 8192 2.000000000 2
441 1129 3 8192 2.000000000 2
442 1130 3 8192 2.000000000 2
442 1130 3 8192 2.000000000 2
443 1131 3 8192 2.000000000 2
443 1131 3 8192 2.000000000 2
444 24 3 8192 2.000000000 2
444 24 3 8192 2.000000000 2
445 25 3 8192 2.000000000 2
445 25 3 8192 2.000000000 2
446 26 3 8192 2.000000000 2
446 26 3 8192 2.000000000 2
447 27 3 8192 2.000000000 2
447 27 3 8192 2.000000000 2
444 360 3 8192 2.000000000 2
444 360 3 8192 2.000000000 2
445 361 3 8192 2.000000000 2
445 361 3 8192 2.000000000 2
446 362 3 8192 2.000000000 2
446 362 3 8192 2.000000000 2
447 363 3 8192 2.000000000 2
447 363 3 8192 2.000000000 2
444 632 3 8192 2.000000000 2
444 632 3 8192 2.000000000 2
445 633 3 8192 2.000000000 2
445 633 3 8192 2.000000000 2
446 634 3 8192 2.000000000 2
446 634 3 8192 2.000000000 2
447 635 3 8192 2.000000000 2
447 635 3 8192 2.000000000 2
444 852 3 8192 2.000000000 2
444 852 3 8192 2.000000000 2
445 853 3 8192 2.000000000 2
445 853 3 8192 2.000000000 2
446 854 3 8192 2.000000000 2
446 854 3 8192 2.000000000 2
447 855 3 8192 2.000000000 2
447 855 3 8192 2.000000000 2
444 944 3 8192 2.000000000 2
444 944 3 8192 2.000000000 2
445 945 3 8192 2.000000000 2
445 945 3 8192 2.000000000 2
446 946 3 8192 2.000000000 2
446 946 3 8192 2.000000000 2
447 947 3 8192 2.000000000 2
447 947 3 8192 2.000000000 2
444 1152 3 8192 2.000000000 2
444 1152 3 8192 2.000000000 2
445 1153 3 8192 2.000000000 2
445 1153 3 8192 2.000000000 2
446 1154 3 8192 2.000000000 2
446 1154 3 8192 2.000000000 2
447 1155 3 8192 2.000000000 2
447 1155 3 8192 2.000000000 2
444 1220 3 8192 2.000000000 2
444 1220 3 8192 2.000000000 2
445 1221 3 8192 2.000000000 2
445 1221 3 8192 2.000000000 2
446 1222 3 8192 2.000000000 2
446 1222 3 8192 2.000000000 2
447 1223 3 8192 2.000000000 2
447 1223 3 8192 2.000000000 2
444 1232 3 8192 2.000000000 2
444 1232 3 8192 2.000000000 2
445 1233 3 8192 2.000000000 2
445 1233 3 8192 2.000000000 2
446 1234 3 8192 2.000000000 2
446 1234 3 8192 2.000000000 2
447 1235 3 8192 2.000000000 2
447 1235 3 8192 2.000000000 2
448 12 3 8192 2.000000000 2
448 12 3 8192 2.000000000 2
449 13 3 8192 2.000000000 2
449 13 3 8192 2.000000000 2
450 14 3 8192 2.000000000 2
450 14 3 8192 2.000000000 2
451 15 3 8192 2.000000000 2
451 15 3 8192 2.000000000 2
448 60 3 8192 2.000000000 2
448 60 3 8192 2.000000000 2
449 61 3 8192 2.000000000 2
449 61 3 8192 2.000000000 2
450 62 3 8192 2.000000000 2
450 62 3 8192 2.000000000 2
451 63 3 8192 2.000000000 2
451 63 3 8192 2.000000000 2
448 196 3 8192 2.000000000 2
448 196 3 8192 2.000000000 2
449 197 3 8192 2.000000000 2
449 197 3 8192 2.000000000 2
450 198 3 8192 2.000000000 2
450 198 3 8192 2.000000000 2
451 199 3 8192 2.000000000 2
451 199 3 8192 2.000000000 2
448 236 3 8192 2.000000000 2
448 236 3 8192 2.000000000 2
449 237 3 8192 2.000000000 2
449 237 3 8192 2.000000000 2
450 238 3 8192 2.000000000 2
450 238 3 8192 2.000000000 2
451 239 3 8192 2.000000000 2
451 239 3 8192 2.000000000 2
448 320 3 8192 2.000000000 2
448 320 3 8192 2.000000000 2
449 321 3 8192 2.000000000 2
449 321 3 8192 2.000000000 2
450 322 3 8192 2.000000000 2
450 322 3 8192 2.000000000 2
451 323 3 8192 2.000000000 2
451 323 3 8192 2.000000000 2
448 440 3 8192 2.000000000 2
448 440 3 8192 2.000000000 2
449 441 3 8192 2.000000000 2
449 441 3 8192 2.000000000 2
450 442 3 8192 2.000000000 2
450 442 3 8192 2.000000000 2
451 443 3 8192 2.000000000 2
451 443 3 8192 2.000000000 2
448 752 3 8192 2.000000000 2
448 752 3 8192 2.000000000 2
449 753 3 8192 2.000000000 2
449 753 3 8192 2.000000000 2
450 754 3 8192 2.000000000 2
450 754 3 8192 2.000000000 2
451 755 3 8192 2.000000000 2
451 755 3 8192 2.000000000 2
448 1088 3 8192 2.000000000 2
448 1088 3 8192 2.000000000 2
449 1089 3 8192 2.000000000 2
449 1089 3 8192 2.000000000 2
450 1090 3 8192 2.000000000 2
450 1090 3 8192 2.000000000 2
451 1091 3 8192 2.000000000 2
451 1091 3 8192 2.000000000 2
452 52 3 8192 2.000000000 2
452 52 3 8192 2.000000000 2
453 53 3 8192 2.000000000 2
453 53 3 8192 2.000000000 2
454 54 3 8192 2.000000000 2
454 54 3 8192 2.000000000 2
455 55 3 8192 2.000000000 2
455 55 3 8192 2.000000000 2
452 172 3 8192 2.000000000 2
452 172 3 8192 2.000000000 2
453 173 3 8192 2.000000000 2
453 173 3 8192 2.000000000 2
454 174 3 8192 2.000000000 2
454 174 3 8192 2.000000000 2
455 175 3 8192 2.000000000 2
455 175 3 8192 2.000000000 2
452 188 3 8192 2.000000000 2
452 188 3 8192 2.000000000 2
453 189 3 8192 2.000000000 2
453 189 3 8192 2.000000000 2
454 190 3 8192 2.000000000 2
454 190 3 8192 2.000000000 2
455 191 3 8192 2.000000000 2
455 191 3 8192 2.000000000 2
452 208 3 8192 2.000000000 2
452 208 3 8192 2.000000000 2
453 209 3 8192 2.000000000 2
453 209 3 8192 2.000000000 2
454 210 3 8192 2.000000000 2
454 210 3 8192 2.000000000 2
455 211 3 8192 2.000000000 2
455 211 3 8192 2.000000000 2
452 632 3 8192 2.000000000 2
452 632 3 8192 2.000000000 2
453 633 3 8192 2.000000000 2
453 633 3 8192 2.000000000 2
454 634 3 8192 2.000000000 2
454 634 3 8192 2.000000000 2
455 635 3 8192 2.000000000 2
455 635 3 8192 2.000000000 2
452 692 3 8192 2.000000000 2
452 692 3 8192 2.000000000 2
453 693 3 8192 2.000000000 2
453 693 3 8192 2.000000000 2
454 694 3 8192 2.000000000 2
454 694 3 8192 2.000000000 2
455 695 3 8192 2.000000000 2
455 695 3 8192 2.000000000 2
452 900 3 8192 2.000000000 2
452 900 3 8192 2.000000000 2
453 901 3 8192 2.000000000 2
453 901 3 8192 2.000000000 2
454 902 3 8192 2.000000000 2
454 902 3 8192 2.000000000 2
455 903 3 8192 2.000000000 2
455 903 3 8192 2.000000000 2
452 980 3 8192 2.000000000 2
452 980 3 8192 2.000000000 2
453 981 3 8192 2.000000000 2
453 981 3 8192 2.000000000 2
454 982 3 8192 2.000000000 2
454 982 3 8192 2.000000000 2
455 983 3 8192 2.000000000 2
455 983 3 8192 2.000000000 2
456 80 3 8192 2.000000000 2
456 80 3 8192 2.000000000 2
457 81 3 8192 2.000000000 2
457 81 3 8192 2.000000000 2
458 82 3 8192 2.000000000 2
458 82 3 8192 2.000000000 2
459 83 3 8192 2.000000000 2
459 83 3 8192 2.000000000 2
456 268 3 8192 2.000000000 2
456 268 3 8192 2.000000000 2
457 269 3 8192 2.000000000 2
457 269 3 8192 2.000000000 2
458 270 3 8192 2.000000000 2
458 270 3 8192 2.000000000 2
459 271 3 8192 2.000000000 2
459 271 3 8192 2.000000000 2
456 392 3 8192 2.000000000 2
456 392 3 8192 2.000000000 2
457 393 3 8192 2.000000000 2
457 393 3 8192 2.000000000 2
458 394 3 8192 2.000000000 2
458 394 3 8192 2.000000000 2
459 395 3 8192 2.000000000 2
459 395 3 8192 2.000000000 2
456 788 3 8192 2.000000000 2
456 788 3 8192 2.000000000 2
457 789 3 8192 2.000000000 2
457 789 3 8192 2.000000000 2
458 790 3 8192 2.000000000 2
458 790 3 8192 2.000000000 2
459 791 3 8192 2.000000000 2
459 791 3 8192 2.000000000 2
456 868 3 8192 2.000000000 2
456 868 3 8192 2.000000000 2
457 869 3 8192 2.000000000 2
457 869 3 8192 2.000000000 2
458 870 3 8192 2.000000000 2
458 870 3 8192 2.000000000 2
459 871 3 8192 2.000000000 2
459 871 3 8192 2.000000000 2
456 956 3 8192 2.000000000 2
456 956 3 8192 2.000000000 2
457 957 3 8192 2.000000000 2
457 957 3 8192 2.000000000 2
458 958 3 8192 2.000000000 2
458 958 3 8192 2.000000000 2
459 959 3 8192 2.000000000 2
459 959 3 8192 2.000000000 2
456 1040 3 8192 2.000000000 2
456 1040 3 8192 2.000000000 2
457 1041 3 8192 2.000000000 2
457 1041 3 8192 2.000000000 2
458 1042 3 8192 2.000000000 2
458 1042 3 8192 2.000000000 2
459 1043 3 8192 2.000000000 2
459 1043 3 8192 2.000000000 2
456 1116 3 8192 2.000000000 2
456 1116 3 8192 2.000000000 2
457 1117 3 8192 2.000000000 2
457 1117 3 8192 2.000000000 2
458 1118 3 8192 2.000000000 2
458 1118 3 8192 2.000000000 2
459 1119 3 8192 2.000000000 2
459 1119 3 8192 2.000000000 2
460 216 3 8192 2.000000000 2
460 216 3 8192 2.000000000 2
461 217 3 8192 2.000000000 2
461 217 3 8192 2.000000000 2
462 218 3 8192 2.000000000 2
462 218 3 8192 2.000000000 2
463 219 3 8192 2.000000000 2
463 219 3 8192 2.000000000 2
460 232 3 8192 2.000000000 2
460 232 3 8192 2.000000000 2
461 233 3 8192 2.000000000 2
461 233 3 8192 2.000000000 2
462 234 3 8192 2.000000000 2
462 234 3 8192 2.000000000 2
463 235 3 8192 2.000000000 2
463 235 3 8192 2.000000000 2
460 504 3 8192 2.000000000 2
460 504 3 8192 2.000000000 2
461 505 3 8192 2.000000000 2
461 505 3 8192 2.000000000 2
462 506 3 8192 2.000000000 2
462 506 3 8192 2.000000000 2
463 507 3 8192 2.000000000 2
463 507 3 8192 2.000000000 2
460 560 3 8192 2.000000000 2
460 560 3 8192 2.000000000 2
461 561 3 8192 2.000000000 2
461 561 3 8192 2.000000000 2
462 562 3 8192 2.000000000 2
462 562 3 8192 2.000000000 2
463 563 3 8192 2.000000000 2
463 563 3 8192 2.000000000 2
460 564 3 8192 2.000000000 2
460 564 3 8192 2.000000000 2
461 565 3 8192 2.000000000 2
461 565 3 8192 2.000000000 2
462 566 3 8192 2.000000000 2
462 566 3 8192 2.000000000 2
463 567 3 8192 2.000000000 2
463 567 3 8192 2.000000000 2
460 820 3 8192 2.000000000 2
460 820 3 8192 2.000000000 2
461 821 3 8192 2.000000000 2
461 821 3 8192 2.000000000 2
462 822 3 8192 2.000000000 2
462 822 3 8192 2.000000000 2
463 823 3 8192 2.000000000 2
463 823 3 8192 2.000000000 2
460 1064 3 8192 2.000000000 2
460 1064 3 8192 2.000000000 2
461 1065 3 8192 2.000000000 2
461 1065 3 8192 2.000000000 2
462 1066 3 8192 2.000000000 2
462 1066 3 8192 2.000000000 2
463 1067 3 8192 2.000000000 2
463 1067 3 8192 2.000000000 2
460 1200 3 8192 2.000000000 2
460 1200 3 8192 2.000000000 2
461 1201 3 8192 2.000000000 2
461 1201 3 8192 2.000000000 2
462 1202 3 8192 2.000000000 2
462 1202 3 8192 2.000000000 2
463 1203 3 8192 2.000000000 2
463 1203 3 8192 2.000000000 2
464 204 3 8192 2.000000000 2
464 204 3 8192 2.000000000 2
465 205 3 8192 2.000000000 2
465 205 3 8192 2.000000000 2
466 206 3 8192 2.000000000 2
466 206 3 8192 2.000000000 2
467 207 3 8192 2.000000000 2
467 207 3 8192 2.000000000 2
464 240 3 8192 2.000000000 2
464 240 3 8192 2.000000000 2
465 241 3 8192 2.000000000 2
465 241 3 8192 2.000000000 2
466 242 3 8192 2.000000000 2
466 242 3 8192 2.000000000 2
467 243 3 8192 2.000000000 2
467 243 3 8192 2.000000000 2
464 496 3 8192 2.000000000 2
464 496 3 8192 2.000000000 2
465 497 3 8192 2.000000000 2
465 497 3 8192 2.000000000 2
466 498 3 8192 2.000000000 2
466 498 3 8192 2.000000000 2
467 499 3 8192 2.000000000 2
467 499 3 8192 2.000000000 2
464 692 3 8192 2.000000000 2
464 692 3 8192 2.000000000 2
465 693 3 8192 2.000000000 2
465 693 3 8192 2.000000000 2
466 694 3 8192 2.000000000 2
466 694 3 8192 2.000000000 2
467 695 3 8192 2.000000000 2
467 695 3 8192 2.000000000 2
464 876 3 8192 2.000000000 2
464 876 3 8192 2.000000000 2
465 877 3 8192 2.000000000 2
465 877 3 8192 2.000000000 2
466 878 3 8192 2.000000000 2
466 878 3 8192 2.000000000 2
467 879 3 8192 2.000000000 2
467 879 3 8192 2.000000000 2
464 956 3 8192 2.000000000 2
464 956 3 8192 2.000000000 2
465 957 3 8192 2.000000000 2
465 957 3 8192 2.000000000 2
466 958 3 8192 2.000000000 2
466 958 3 8192 2.000000000 2
467 959 3 8192 2.000000000 2
467 959 3 8192 2.000000000 2
464 1048 3 8192 2.000000000 2
464 1048 3 8192 2.000000000 2
465 1049 3 8192 2.000000000 2
465 1049 3 8192 2.000000000 2
466 1050 3 8192 2.000000000 2
466 1050 3 8192 2.000000000 2
467 1051 3 8192 2.000000000 2
467 1051 3 8192 2.000000000 2
464 1236 3 8192 2.000000000 2
464 1236 3 8192 2.000000000 2
465 1237 3 8192 2.000000000 2
465 1237 3 8192 2.000000000 2
466 1238 3 8192 2.000000000 2
466 1238 3 8192 2.000000000 2
467 1239 3 8192 2.000000000 2
467 1239 3 8192 2.000000000 2
468 36 3 8192 2.000000000 2
468 36 3 8192 2.000000000 2
469 37 3 8192 2.000000000 2
469 37 3 8192 2.000000000 2
470 38 3 8192 2.000000000 2
470 38 3 8192 2.000000000 2
471 39 3 8192 2.000000000 2
471 39 3 8192 2.000000000 2
468 156 3 8192 2.000000000 2
468 156 3 8192 2.000000000 2
469 157 3 8192 2.000000000 2
469 157 3 8192 2.000000000 2
470 158 3 8192 2.000000000 2
470 158 3 8192 2.000000000 2
471 159 3 8192 2.000000000 2
471 159 3 8192 2.000000000 2
468 220 3 8192 2.000000000 2
468 220 3 8192 2.000000000 2
469 221 3 8192 2.000000000 2
469 221 3 8192 2.000000000 2
470 222 3 8192 2.000000000 2
470 222 3 8192 2.000000000 2
471 223 3 8192 2.000000000 2
471 223 3 8192 2.000000000 2
468 264 3 8192 2.000000000 2
468 264 3 8192 2.000000000 2
469 265 3 8192 2.000000000 2
469 265 3 8192 2.000000000 2
470 266 3 8192 2.000000000 2
470 266 3 8192 2.000000000 2
471 267 3 8192 2.000000000 2
471 267 3 8192 2.000000000 2
468 660 3 8192 2.000000000 2
468 660 3 8192 2.000000000 2
469 661 3 8192 2.000000000 2
469 661 3 8192 2.000000000 2
470 662 3 8192 2.000000000 2
470 662 3 8192 2.000000000 2
471 663 3 8192 2.000000000 2
471 663 3 8192 2.000000000 2
468 1016 3 8192 2.000000000 2
468 1016 3 8192 2.000000000 2
469 1017 3 8192 2.000000000 2
469 1017 3 8192 2.000000000 2
470 1018 3 8192 2.000000000 2
470 1018 3 8192 2.000000000 2
471 1019 3 8192 2.000000000 2
471 1019 3 8192 2.000000000 2
468 1136 3 8192 2.000000000 2
468 1136 3 8192 2.000000000 2
469 1137 3 8192 2.000000000 2
469 1137 3 8192 2.000000000 2
470 1138 3 8192 2.000000000 2
470 1138 3 8192 2.000000000 2
471 1139 3 8192 2.000000000 2
471 1139 3 8192 2.000000000 2
468 1184 3 8192 2.000000000 2
468 1184 3 8192 2.000000000 2
469 1185 3 8192 2.000000000 2
469 1185 3 8192 2.000000000 2
470 1186 3 8192 2.000000000 2
470 1186 3 8192 2.000000000 2
471 1187 3 8192 2.000000000 2
471 1187 3 8192 2.000000000 2
472 336 3 8192 2.000000000 2
472 336 3 8192 2.000000000 2
473 337 3 8192 2.000000000 2
473 337 3 8192 2.000000000 2
474 338 3 8192 2.000000000 2
474 338 3 8192 2.000000000 2
475 339 3 8192 2.000000000 2
475 339 3 8192 2.000000000 2
472 416 3 8192 2.000000000 2
472 416 3 8192 2.000000000 2
473 417 3 8192 2.000000000 2
473 417 3 8192 2.000000000 2
474 418 3 8192 2.000000000 2
474 418 3 8192 2.000000000 2
475 419 3 8192 2.000000000 2
475 419 3 8192 2.000000000 2
472 504 3 8192 2.000000000 2
472 504 3 8192 2.000000000 2
473 505 3 8192 2.000000000 2
473 505 3 8192 2.000000000 2
474 506 3 8192 2.000000000 2
474 506 3 8192 2.000000000 2
475 507 3 8192 2.000000000 2
475 507 3 8192 2.000000000 2
472 544 3 8192 2.000000000 2
472 544 3 8192 2.000000000 2
473 545 3 8192 2.000000000 2
473 545 3 8192 2.000000000 2
474 546 3 8192 2.000000000 2
474 546 3 8192 2.000000000 2
475 547 3 8192 2.000000000 2
475 547 3 8192 2.000000000 2
472 824 3 8192 2.000000000 2
472 824 3 8192 2.000000000 2
473 825 3 8192 2.000000000 2
473 825 3 8192 2.000000000 2
474 826 3 8192 2.000000000 2
474 826 3 8192 2.000000000 2
475 827 3 8192 2.000000000 2
475 827 3 8192 2.000000000 2
472 832 3 8192 2.000000000 2
472 832 3 8192 2.000000000 2
473 833 3 8192 2.000000000 2
473 833 3 8192 2.000000000 2
474 834 3 8192 2.000000000 2
474 834 3 8192 2.000000000 2
475 835 3 8192 2.000000000 2
475 835 3 8192 2.000000000 2
472 1084 3 8192 2.000000000 2
472 1084 3 8192 2.000000000 2
473 1085 3 8192 2.000000000 2
473 1085 3 8192 2.000000000 2
474 1086 3 8192 2.000000000 2
474 1086 3 8192 2.000000000 2
475 1087 3 8192 2.000000000 2
475 1087 3 8192 2.000000000 2
472 1164 3 8192 2.000000000 2
472 1164 3 8192 2.000000000 2
473 1165 3 8192 2.000000000 2
473 1165 3 8192 2.000000000 2
474 1166 3 8192 2.000000000 2
474 1166 3 8192 2.000000000 2
475 1167 3 8192 2.000000000 2
475 1167 3 8192 2.000000000 2
476 32 3 8192 2.000000000 2
476 32 3 8192 2.000000000 2
477 33 3 8192 2.000000000 2
477 33 3 8192 2.000000000 2
478 34 3 8192 2.000000000 2
478 34 3 8192 2.000000000 2
479 35 3 8192 2.000000000 2
479 35 3 8192 2.000000000 2
476 36 3 8192 2.000000000 2
476 36 3 8192 2.000000000 2
477 37 3 8192 2.000000000 2
477 37 3 8192 2.000000000 2
478 38 3 8192 2.000000000 2
478 38 3 8192 2.000000000 2
479 39 3 8192 2.000000000 2
479 39 3 8192 2.000000000 2
476 48 3 8192 2.000000000 2
476 48 3 8192 2.000000000 2
477 49 3 8192 2.000000000 2
477 49 3 8192 2.000000000 2
478 50 3 8192 2.000000000 2
478 50 3 8192 2.000000000 2
479 51 3 8192 2.000000000 2
479 51 3 8192 2.000000000 2
476 440 3 8192 2.000000000 2
476 440 3 8192 2.000000000 2
477 441 3 8192 2.000000000 2
477 441 3 8192 2.000000000 2
478 442 3 8192 2.000000000 2
478 442 3 8192 2.000000000 2
479 443 3 8192 2.000000000 2
479 443 3 8192 2.000000000 2
476 448 3 8192 2.000000000 2
476 448 3 8192 2.000000000 2
477 449 3 8192 2.000000000 2
477 449 3 8192 2.000000000 2
478 450 3 8192 2.000000000 2
478 450 3 8192 2.000000000 2
479 451 3 8192 2.000000000 2
479 451 3 8192 2.000000000 2
476 632 3 8192 2.000000000 2
476 632 3 8192 2.000000000 2
477 633 3 8192 2.000000000 2
477 633 3 8192 2.000000000 2
478 634 3 8192 2.000000000 2
478 634 3 8192 2.000000000 2
479 635 3 8192 2.000000000 2
479 635 3 8192 2.000000000 2
476 1008 3 8192 2.000000000 2
476 1008 3 8192 2.000000000 2
477 1009 3 8192 2.000000000 2
477 1009 3 8192 2.000000000 2
478 1010 3 8192 2.000000000 2
478 1010 3 8192 2.000000000 2
479 1011 3 8192 2.000000000 2
479 1011 3 8192 2.000000000 2
476 1144 3 8192 2.000000000 2
476 1144 3 8192 2.000000000 2
477 1145 3 8192 2.000000000 2
477 1145 3 8192 2.000000000 2
478 1146 3 8192 2.000000000 2
478 1146 3 8192 2.000000000 2
479 1147 3 8192 2.000000000 2
479 1147 3 8192 2.000000000 2
484 60 3 8192 2.000000000 2
484 60 3 8192 2.000000000 2
485 61 3 8192 2.000000000 2
485 61 3 8192 2.000000000 2
486 62 3 8192 2.000000000 2
486 62 3 8192 2.000000000 2
487 63 3 8192 2.000000000 2
487 63 3 8192 2.000000000 2
484 196 3 8192 2.000000000 2
484 196 3 8192 2.000000000 2
485 197 3 8192 2.000000000 2
485 197 3 8192 2.000000000 2
486 198 3 8192 2.000000000 2
486 198 3 8192 2.000000000 2
487 199 3 8192 2.000000000 2
487 199 3 8192 2.000000000 2
484 508 3 8192 2.000000000 2
484 508 3 8192 2.000000000 2
485 509 3 8192 2.000000000 2
485 509 3 8192 2.000000000 2
486 510 3 8192 2.000000000 2
486 510 3 8192 2.000000000 2
487 511 3 8192 2.000000000 2
487 511 3 8192 2.000000000 2
484 548 3 8192 2.000000000 2
484 548 3 8192 2.000000000 2
485 549 3 8192 2.000000000 2
485 549 3 8192 2.000000000 2
486 550 3 8192 2.000000000 2
486 550 3 8192 2.000000000 2
487 551 3 8192 2.000000000 2
487 551 3 8192 2.000000000 2
484 724 3 8192 2.000000000 2
484 724 3 8192 2.000000000 2
485 725 3 8192 2.000000000 2
485 725 3 8192 2.000000000 2
486 726 3 8192 2.000000000 2
486 726 3 8192 2.000000000 2
487 727 3 8192 2.000000000 2
487 727 3 8192 2.000000000 2
484 952 3 8192 2.000000000 2
484 952 3 8192 2.000000000 2
485 953 3 8192 2.000000000 2
485 953 3 8192 2.000000000 2
486 954 3 8192 2.000000000 2
486 954 3 8192 2.000000000 2
487 955 3 8192 2.000000000 2
487 955 3 8192 2.000000000 2
484 1124 3 8192 2.000000000 2
484 1124 3 8192 2.000000000 2
485 1125 3 8192 2.000000000 2
485 1125 3 8192 2.000000000 2
486 1126 3 8192 2.000000000 2
486 1126 3 8192 2.000000000 2
487 1127 3 8192 2.000000000 2
487 1127 3 8192 2.000000000 2
484 1168 3 8192 2.000000000 2
484 1168 3 8192 2.000000000 2
485 1169 3 8192 2.000000000 2
485 1169 3 8192 2.000000000 2
486 1170 3 8192 2.000000000 2
486 1170 3 8192 2.000000000 2
487 1171 3 8192 2.000000000 2
487 1171 3 8192 2.000000000 2
492 16 3 8192 2.000000000 2
492 16 3 8192 2.000000000 2
493 17 3 8192 2.000000000 2
493 17 3 8192 2.000000000 2
494 18 3 8192 2.000000000 2
494 18 3 8192 2.000000000 2
495 19 3 8192 2.000000000 2
495 19 3 8192 2.000000000 2
492 128 3 8192 2.000000000 2
492 128 3 8192 2.000000000 2
493 129 3 8192 2.000000000 2
493 129 3 8192 2.000000000 2
494 130 3 8192 2.000000000 2
494 130 3 8192 2.000000000 2
495 131 3 8192 2.000000000 2
495 131 3 8192 2.000000000 2
492 216 3 8192 2.000000000 2
492 216 3 8192 2.000000000 2
493 217 3 8192 2.000000000 2
493 217 3 8192 2.000000000 2
494 218 3 8192 2.000000000 2
494 218 3 8192 2.000000000 2
495 219 3 8192 2.000000000 2
495 219 3 8192 2.000000000 2
492 228 3 8192 2.000000000 2
492 228 3 8192 2.000000000 2
493 229 3 8192 2.000000000 2
493 229 3 8192 2.000000000 2
494 230 3 8192 2.000000000 2
494 230 3 8192 2.000000000 2
495 231 3 8192 2.000000000 2
495 231 3 8192 2.000000000 2
492 700 3 8192 2.000000000 2
492 700 3 8192 2.000000000 2
493 701 3 8192 2.000000000 2
493 701 3 8192 2.000000000 2
494 702 3 8192 2.000000000 2
494 702 3 8192 2.000000000 2
495 703 3 8192 2.000000000 2
495 703 3 8192 2.000000000 2
492 792 3 8192 2.000000000 2
492 792 3 8192 2.000000000 2
493 793 3 8192 2.000000000 2
493 793 3 8192 2.000000000 2
494 794 3 8192 2.000000000 2
494 794 3 8192 2.000000000 2
495 795 3 8192 2.000000000 2
495 795 3 8192 2.000000000 2
492 936 3 8192 2.000000000 2
492 936 3 8192 2.000000000 2
493 937 3 8192 2.000000000 2
493 937 3 8192 2.000000000 2
494 938 3 8192 2.000000000 2
494 938 3 8192 2.000000000 2
495 939 3 8192 2.000000000 2
495 939 3 8192 2.000000000 2
492 980 3 8192 2.000000000 2
492 980 3 8192 2.000000000 2
493 981 3 8192 2.000000000 2
493 981 3 8192 2.000000000 2
494 982 3 8192 2.000000000 2
494 982 3 8192 2.000000000 2
495 983 3 8192 2.000000000 2
495 983 3 8192 2.000000000 2
496 84 3 8192 2.000000000 2
496 84 3 8192 2.000000000 2
497 85 3 8192 2.000000000 2
497 85 3 8192 2.000000000 2
498 86 3 8192 2.000000000 2
498 86 3 8192 2.000000000 2
499 87 3 8192 2.000000000 2
499 87 3 8192 2.000000000 2
496 120 3 8192 2.000000000 2
496 120 3 8192 2.000000000 2
497 121 3 8192 2.000000000 2
497 121 3 8192 2.000000000 2
498 122 3 8192 2.000000000 2
498 122 3 8192 2.000000000 2
499 123 3 8192 2.000000000 2
499 123 3 8192 2.000000000 2
496 156 3 8192 2.000000000 2
496 156 3 8192 2.000000000 2
497 157 3 8192 2.000000000 2
497 157 3 8192 2.000000000 2
498 158 3 8192 2.000000000 2
498 158 3 8192 2.000000000 2
499 159 3 8192 2.000000000 2
499 159 3 8192 2.000000000 2
496 284 3 8192 2.000000000 2
496 284 3 8192 2.000000000 2
497 285 3 8192 2.000000000 2
497 285 3 8192 2.000000000 2
498 286 3 8192 2.000000000 2
498 286 3 8192 2.000000000 2
499 287 3 8192 2.000000000 2
499 287 3 8192 2.000000000 2
496 468 3 8192 2.000000000 2
496 468 3 8192 2.000000000 2
497 469 3 8192 2.000000000 2
497 469 3 8192 2.000000000 2
498 470 3 8192 2.000000000 2
498 470 3 8192 2.000000000 2
499 471 3 8192 2.000000000 2
499 471 3 8192 2.000000000 2
496 564 3 8192 2.000000000 2
496 564 3 8192 2.000000000 2
497 565 3 8192 2.000000000 2
497 565 3 8192 2.000000000 2
498 566 3 8192 2.000000000 2
498 566 3 8192 2.000000000 2
499 567 3 8192 2.000000000 2
499 567 3 8192 2.000000000 2
496 1152 3 8192 2.000000000 2
496 1152 3 8192 2.000000000 2
497 1153 3 8192 2.000000000 2
497 1153 3 8192 2.000000000 2
498 1154 3 8192 2.000000000 2
498 1154 3 8192 2.000000000 2
499 1155 3 8192 2.000000000 2
499 1155 3 8192 2.000000000 2
496 1264 3 8192 2.000000000 2
496 1264 3 8192 2.000000000 2
497 1265 3 8192 2.000000000 2
497 1265 3 8192 2.000000000 2
498 1266 3 8192 2.000000000 2
498 1266 3 8192 2.000000000 2
499 1267 3 8192 2.000000000 2
499 1267 3 8192 2.000000000 2
500 560 3 8192 2.000000000 2
500 560 3 8192 2.000000000 2
501 561 3 8192 2.000000000 2
501 561 3 8192 2.000000000 2
502 562 3 8192 2.000000000 2
502 562 3 8192 2.000000000 2
503 563 3 8192 2.000000000 2
503 563 3 8192 2.000000000 2
500 620 3 8192 2.000000000 2
500 620 3 8192 2.000000000 2
501 621 3 8192 2.000000000 2
501 621 3 8192 2.000000000 2
502 622 3 8192 2.000000000 2
502 622 3 8192 2.000000000 2
503 623 3 8192 2.000000000 2
503 623 3 8192 2.000000000 2
500 636 3 8192 2.000000000 2
500 636 3 8192 2.000000000 2
501 637 3 8192 2.000000000 2
501 637 3 8192 2.000000000 2
502 638 3 8192 2.000000000 2
502 638 3 8192 2.000000000 2
503 639 3 8192 2.000000000 2
503 639 3 8192 2.000000000 2
500 716 3 8192 2.000000000 2
500 716 3 8192 2.000000000 2
501 717 3 8192 2.000000000 2
501 717 3 8192 2.000000000 2
502 718 3 8192 2.000000000 2
502 718 3 8192 2.000000000 2
503 719 3 8192 2.000000000 2
503 719 3 8192 2.000000000 2
500 1108 3 8192 2.000000000 2
500 1108 3 8192 2.000000000 2
501 1109 3 8192 2.000000000 2
501 1109 3 8192 2.000000000 2
502 1110 3 8192 2.000000000 2
502 1110 3 8192 2.000000000 2
503 1111 3 8192 2.000000000 2
503 1111 3 8192 2.000000000 2
500 1152 3 8192 2.000000000 2
500 1152 3 8192 2.000000000 2
501 1153 3 8192 2.000000000 2
501 1153 3 8192 2.000000000 2
502 1154 3 8192 2.000000000 2
502 1154 3 8192 2.000000000 2
503 1155 3 8192 2.000000000 2
503 1155 3 8192 2.000000000 2
500 1236 3 8192 2.000000000 2
500 1236 3 8192 2.000000000 2
501 1237 3 8192 2.000000000 2
501 1237 3 8192 2.000000000 2
502 1238 3 8192 2.000000000 2
502 1238 3 8192 2.000000000 2
503 1239 3 8192 2.000000000 2
503 1239 3 8192 2.000000000 2
500 1260 3 8192 2.000000000 2
500 1260 3 8192 2.000000000 2
501 1261 3 8192 2.000000000 2
501 1261 3 8192 2.000000000 2
502 1262 3 8192 2.000000000 2
502 1262 3 8192 2.000000000 2
503 1263 3 8192 2.000000000 2
503 1263 3 8192 2.000000000 2
504 0 3 8192 2.000000000 2
504 0 3 8192 2.000000000 2
505 1 3 8192 2.000000000 2
505 1 3 8192 2.000000000 2
506 2 3 8192 2.000000000 2
506 2 3 8192 2.000000000 2
507 3 3 8192 2.000000000 2
507 3 3 8192 2.000000000 2
504 180 3 8192 2.000000000 2
504 180 3 8192 2.000000000 2
505 181 3 8192 2.000000000 2
505 181 3 8192 2.000000000 2
506 182 3 8192 2.000000000 2
506 182 3 8192 2.000000000 2
507 183 3 8192 2.000000000 2
507 183 3 8192 2.000000000 2
504 428 3 8192 2.000000000 2
504 428 3 8192 2.000000000 2
505 429 3 8192 2.000000000 2
505 429 3 8192 2.000000000 2
506 430 3 8192 2.000000000 2
506 430 3 8192 2.000000000 2
507 431 3 8192 2.000000000 2
507 431 3 8192 2.000000000 2
504 588 3 8192 2.000000000 2
504 588 3 8192 2.000000000 2
505 589 3 8192 2.000000000 2
505 589 3 8192 2.000000000 2
506 590 3 8192 2.000000000 2
506 590 3 8192 2.000000000 2
507 591 3 8192 2.000000000 2
507 591 3 8192 2.000000000 2
504 804 3 8192 2.000000000 2
504 804 3 8192 2.000000000 2
505 805 3 8192 2.000000000 2
505 805 3 8192 2.000000000 2
506 806 3 8192 2.000000000 2
506 806 3 8192 2.000000000 2
507 807 3 8192 2.000000000 2
507 807 3 8192 2.000000000 2
504 844 3 8192 2.000000000 2
504 844 3 8192 2.000000000 2
505 845 3 8192 2.000000000 2
505 845 3 8192 2.000000000 2
506 846 3 8192 2.000000000 2
506 846 3 8192 2.000000000 2
507 847 3 8192 2.000000000 2
507 847 3 8192 2.000000000 2
504 1048 3 8192 2.000000000 2
504 1048 3 8192 2.000000000 2
505 1049 3 8192 2.000000000 2
505 1049 3 8192 2.000000000 2
506 1050 3 8192 2.000000000 2
506 1050 3 8192 2.000000000 2
507 1051 3 8192 2.000000000 2
507 1051 3 8192 2.000000000 2
504 1108 3 8192 2.000000000 2
504 1108 3 8192 2.000000000 2
505 1109 3 8192 2.000000000 2
505 1109 3 8192 2.000000000 2
506 1110 3 8192 2.000000000 2
506 1110 3 8192 2.000000000 2
507 1111 3 8192 2.000000000 2
507 1111 3 8192 2.000000000 2
508 172 3 8192 2.000000000 2
508 172 3 8192 2.000000000 2
509 173 3 8192 2.000000000 2
509 173 3 8192 2.000000000 2
510 174 3 8192 2.000000000 2
510 174 3 8192 2.000000000 2
511 175 3 8192 2.000000000 2
511 175 3 8192 2.000000000 2
508 328 3 8192 2.000000000 2
508 328 3 8192 2.000000000 2
509 329 3 8192 2.000000000 2
509 329 3 8192 2.000000000 2
510 330 3 8192 2.000000000 2
510 330 3 8192 2.000000000 2
511 331 3 8192 2.000000000 2
511 331 3 8192 2.000000000 2
508 440 3 8192 2.000000000 2
508 440 3 8192 2.000000000 2
509 441 3 8192 2.000000000 2
509 441 3 8192 2.000000000 2
510 442 3 8192 2.000000000 2
510 442 3 8192 2.000000000 2
511 443 3 8192 2.000000000 2
511 443 3 8192 2.000000000 2
508 632 3 8192 2.000000000 2
508 632 3 8192 2.000000000 2
509 633 3 8192 2.000000000 2
509 633 3 8192 2.000000000 2
510 634 3 8192 2.000000000 2
510 634 3 8192 2.000000000 2
511 635 3 8192 2.000000000 2
511 635 3 8192 2.000000000 2
508 636 3 8192 2.000000000 2
508 636 3 8192 2.000000000 2
509 637 3 8192 2.000000000 2
509 637 3 8192 2.000000000 2
510 638 3 8192 2.000000000 2
510 638 3 8192 2.000000000 2
511 639 3 8192 2.000000000 2
511 639 3 8192 2.000000000 2
508 864 3 8192 2.000000000 2
508 864 3 8192 2.000000000 2
509 865 3 8192 2.000000000 2
509 865 3 8192 2.000000000 2
510 866 3 8192 2.000000000 2
510 866 3 8192 2.000000000 2
511 867 3 8192 2.000000000 2
511 867 3 8192 2.000000000 2
508 1156 3 8192 2.000000000 2
508 1156 3 8192 2.000000000 2
509 1157 3 8192 2.000000000 2
509 1157 3 8192 2.000000000 2
510 1158 3 8192 2.000000000 2
510 1158 3 8192 2.000000000 2
511 1159 3 8192 2.000000000 2
511 1159 3 8192 2.000000000 2
508 1160 3 8192 2.000000000 2
508 1160 3 8192 2.000000000 2
509 1161 3 8192 2.000000000 2
509 1161 3 8192 2.000000000 2
510 1162 3 8192 2.000000000 2
510 1162 3 8192 2.000000000 2
511 1163 3 8192 2.000000000 2
511 1163 3 8192 2.000000000 2
512 124 3 8192 2.000000000 2
512 124 3 8192 2.000000000 2
513 125 3 8192 2.000000000 2
513 125 3 8192 2.000000000 2
514 126 3 8192 2.000000000 2
514 126 3 8192 2.000000000 2
515 127 3 8192 2.000000000 2
515 127 3 8192 2.000000000 2
512 492 3 8192 2.000000000 2
512 492 3 8192 2.000000000 2
513 493 3 8192 2.000000000 2
513 493 3 8192 2.000000000 2
514 494 3 8192 2.000000000 2
514 494 3 8192 2.000000000 2
515 495 3 8192 2.000000000 2
515 495 3 8192 2.000000000 2
512 640 3 8192 2.000000000 2
512 640 3 8192 2.000000000 2
513 641 3 8192 2.000000000 2
513 641 3 8192 2.000000000 2
514 642 3 8192 2.000000000 2
514 642 3 8192 2.000000000 2
515 643 3 8192 2.000000000 2
515 643 3 8192 2.000000000 2
512 724 3 8192 2.000000000 2
512 724 3 8192 2.000000000 2
513 725 3 8192 2.000000000 2
513 725 3 8192 2.000000000 2
514 726 3 8192 2.000000000 2
514 726 3 8192 2.000000000 2
515 727 3 8192 2.000000000 2
515 727 3 8192 2.000000000 2
512 816 3 8192 2.000000000 2
512 816 3 8192 2.000000000 2
513 817 3 8192 2.000000000 2
513 817 3 8192 2.000000000 2
514 818 3 8192 2.000000000 2
514 818 3 8192 2.000000000 2
515 819 3 8192 2.000000000 2
515 819 3 8192 2.000000000 2
512 876 3 8192 2.000000000 2
512 876 3 8192 2.000000000 2
513 877 3 8192 2.000000000 2
513 877 3 8192 2.000000000 2
514 878 3 8192 2.000000000 2
514 878 3 8192 2.000000000 2
515 879 3 8192 2.000000000 2
515 879 3 8192 2.000000000 2
512 932 3 8192 2.000000000 2
512 932 3 8192 2.000000000 2
513 933 3 8192 2.000000000 2
513 933 3 8192 2.000000000 2
514 934 3 8192 2.000000000 2
514 934 3 8192 2.000000000 2
515 935 3 8192 2.000000000 2
515 935 3 8192 2.000000000 2
512 1224 3 8192 2.000000000 2
512 1224 3 8192 2.000000000 2
513 1225 3 8192 2.000000000 2
513 1225 3 8192 2.000000000 2
514 1226 3 8192 2.000000000 2
514 1226 3 8192 2.000000000 2
515 1227 3 8192 2.000000000 2
515 1227 3 8192 2.000000000 2
516 172 3 8192 2.000000000 2
516 172 3 8192 2.000000000 2
517 173 3 8192 2.000000000 2
517 173 3 8192 2.000000000 2
518 174 3 8192 2.000000000 2
518 174 3 8192 2.000000000 2
519 175 3 8192 2.000000000 2
519 175 3 8192 2.000000000 2
516 256 3 8192 2.000000000 2
516 256 3 8192 2.000000000 2
517 257 3 8192 2.000000000 2
517 257 3 8192 2.000000000 2
518 258 3 8192 2.000000000 2
518 258 3 8192 2.000000000 2
519 259 3 8192 2.000000000 2
519 259 3 8192 2.000000000 2
516 280 3 8192 2.000000000 2
516 280 3 8192 2.000000000 2
517 281 3 8192 2.000000000 2
517 281 3 8192 2.000000000 2
518 282 3 8192 2.000000000 2
518 282 3 8192 2.000000000 2
519 283 3 8192 2.000000000 2
519 283 3 8192 2.000000000 2
516 656 3 8192 2.000000000 2
516 656 3 8192 2.000000000 2
517 657 3 8192 2.000000000 2
517 657 3 8192 2.000000000 2
518 658 3 8192 2.000000000 2
518 658 3 8192 2.000000000 2
519 659 3 8192 2.000000000 2
519 659 3 8192 2.000000000 2
516 760 3 8192 2.000000000 2
516 760 3 8192 2.000000000 2
517 761 3 8192 2.000000000 2
517 761 3 8192 2.000000000 2
518 762 3 8192 2.000000000 2
518 762 3 8192 2.000000000 2
519 763 3 8192 2.000000000 2
519 763 3 8192 2.000000000 2
516 964 3 8192 2.000000000 2
516 964 3 8192 2.000000000 2
517 965 3 8192 2.000000000 2
517 965 3 8192 2.000000000 2
518 966 3 8192 2.000000000 2
518 966 3 8192 2.000000000 2
519 967 3 8192 2.000000000 2
519 967 3 8192 2.000000000 2
516 1072 3 8192 2.000000000 2
516 1072 3 8192 2.000000000 2
517 1073 3 8192 2.000000000 2
517 1073 3 8192 2.000000000 2
518 1074 3 8192 2.000000000 2
518 1074 3 8192 2.000000000 2
519 1075 3 8192 2.000000000 2
519 1075 3 8192 2.000000000 2
516 1104 3 8192 2.000000000 2
516 1104 3 8192 2.000000000 2
517 1105 3 8192 2.000000000 2
517 1105 3 8192 2.000000000 2
518 1106 3 8192 2.000000000 2
518 1106 3 8192 2.000000000 2
519 1107 3 8192 2.000000000 2
519 1107 3 8192 2.000000000 2
520 112 3 8192 2.000000000 2
520 112 3 8192 2.000000000 2
521 113 3 8192 2.000000000 2
521 113 3 8192 2.000000000 2
522 114 3 8192 2.000000000 2
522 114 3 8192 2.000000000 2
523 115 3 8192 2.000000000 2
523 115 3 8192 2.000000000 2
520 176 3 8192 2.000000000 2
520 176 3 8192 2.000000000 2
521 177 3 8192 2.000000000 2
521 177 3 8192 2.000000000 2
522 178 3 8192 2.000000000 2
522 178 3 8192 2.000000000 2
523 179 3 8192 2.000000000 2
523 179 3 8192 2.000000000 2
520 196 3 8192 2.000000000 2
520 196 3 8192 2.000000000 2
521 197 3 8192 2.000000000 2
521 197 3 8192 2.000000000 2
522 198 3 8192 2.000000000 2
522 198 3 8192 2.000000000 2
523 199 3 8192 2.000000000 2
523 199 3 8192 2.000000000 2
520 284 3 8192 2.000000000 2
520 284 3 8192 2.000000000 2
521 285 3 8192 2.000000000 2
521 285 3 8192 2.000000000 2
522 286 3 8192 2.000000000 2
522 286 3 8192 2.000000000 2
523 287 3 8192 2.000000000 2
523 287 3 8192 2.000000000 2
520 688 3 8192 2.000000000 2
520 688 3 8192 2.000000000 2
521 689 3 8192 2.000000000 2
521 689 3 8192 2.000000000 2
522 690 3 8192 2.000000000 2
522 690 3 8192 2.000000000 2
523 691 3 8192 2.000000000 2
523 691 3 8192 2.000000000 2
520 864 3 8192 2.000000000 2
520 864 3 8192 2.000000000 2
521 865 3 8192 2.000000000 2
521 865 3 8192 2.000000000 2
522 866 3 8192 2.000000000 2
522 866 3 8192 2.000000000 2
523 867 3 8192 2.000000000 2
523 867 3 8192 2.000000000 2
520 1044 3 8192 2.000000000 2
520 1044 3 8192 2.000000000 2
521 1045 3 8192 2.000000000 2
521 1045 3 8192 2.000000000 2
522 1046 3 8192 2.000000000 2
522 1046 3 8192 2.000000000 2
523 1047 3 8192 2.000000000 2
523 1047 3 8192 2.000000000 2
520 1212 3 8192 2.000000000 2
520 1212 3 8192 2.000000000 2
521 1213 3 8192 2.000000000 2
521 1213 3 8192 2.000000000 2
522 1214 3 8192 2.000000000 2
522 1214 3 8192 2.000000000 2
523 1215 3 8192 2.000000000 2
523 1215 3 8192 2.000000000 2
524 124 3 8192 2.000000000 2
524 124 3 8192 2.000000000 2
525 125 3 8192 2.000000000 2
525 125 3 8192 2.000000000 2
526 126 3 8192 2.000000000 2
526 126 3 8192 2.000000000 2
527 127 3 8192 2.000000000 2
527 127 3 8192 2.000000000 2
524 140 3 8192 2.000000000 2
524 140 3 8192 2.000000000 2
525 141 3 8192 2.000000000 2
525 141 3 8192 2.000000000 2
526 142 3 8192 2.000000000 2
526 142 3 8192 2.000000000 2
527 143 3 8192 2.000000000 2
527 143 3 8192 2.000000000 2
524 368 3 8192 2.000000000 2
524 368 3 8192 2.000000000 2
525 369 3 8192 2.000000000 2
525 369 3 8192 2.000000000 2
526 370 3 8192 2.000000000 2
526 370 3 8192 2.000000000 2
527 371 3 8192 2.000000000 2
527 371 3 8192 2.000000000 2
524 544 3 8192 2.000000000 2
524 544 3 8192 2.000000000 2
525 545 3 8192 2.000000000 2
525 545 3 8192 2.000000000 2
526 546 3 8192 2.000000000 2
526 546 3 8192 2.000000000 2
527 547 3 8192 2.000000000 2
527 547 3 8192 2.000000000 2
524 816 3 8192 2.000000000 2
524 816 3 8192 2.000000000 2
525 817 3 8192 2.000000000 2
525 817 3 8192 2.000000000 2
526 818 3 8192 2.000000000 2
526 818 3 8192 2.000000000 2
527 819 3 8192 2.000000000 2
527 819 3 8192 2.000000000 2
524 932 3 8192 2.000000000 2
524 932 3 8192 2.000000000 2
525 933 3 8192 2.000000000 2
525 933 3 8192 2.000000000 2
526 934 3 8192 2.000000000 2
526 934 3 8192 2.000000000 2
527 935 3 8192 2.000000000 2
527 935 3 8192 2.000000000 2
524 960 3 8192 2.000000000 2
524 960 3 8192 2.000000000 2
525 961 3 8192 2.000000000 2
525 961 3 8192 2.000000000 2
526 962 3 8192 2.000000000 2
526 962 3 8192 2.000000000 2
527 963 3 8192 2.000000000 2
527 963 3 8192 2.000000000 2
524 1144 3 8192 2.000000000 2
524 1144 3 8192 2.000000000 2
525 1145 3 8192 2.000000000 2
525 1145 3 8192 2.000000000 2
526 1146 3 8192 2.000000000 2
526 1146 3 8192 2.000000000 2
527 1147 3 8192 2.000000000 2
527 1147 3 8192 2.000000000 2
536 244 3 8192 2.000000000 2
536 244 3 8192 2.000000000 2
537 245 3 8192 2.000000000 2
537 245 3 8192 2.000000000 2
538 246 3 8192 2.000000000 2
538 246 3 8192 2.000000000 2
539 247 3 8192 2.000000000 2
539 247 3 8192 2.000000000 2
536 284 3 8192 2.000000000 2
536 284 3 8192 2.000000000 2
537 285 3 8192 2.000000000 2
537 285 3 8192 2.000000000 2
538 286 3 8192 2.000000000 2
538 286 3 8192 2.000000000 2
539 287 3 8192 2.000000000 2
539 287 3 8192 2.000000000 2
536 320 3 8192 2.000000000 2
536 320 3 8192 2.000000000 2
537 321 3 8192 2.000000000 2
537 321 3 8192 2.000000000 2
538 322 3 8192 2.000000000 2
538 322 3 8192 2.000000000 2
539 323 3 8192 2.000000000 2
539 323 3 8192 2.000000000 2
536 324 3 8192 2.000000000 2
536 324 3 8192 2.000000000 2
537 325 3 8192 2.000000000 2
537 325 3 8192 2.000000000 2
538 326 3 8192 2.000000000 2
538 326 3 8192 2.000000000 2
539 327 3 8192 2.000000000 2
539 327 3 8192 2.000000000 2
536 408 3 8192 2.000000000 2
536 408 3 8192 2.000000000 2
537 409 3 8192 2.000000000 2
537 409 3 8192 2.000000000 2
538 410 3 8192 2.000000000 2
538 410 3 8192 2.000000000 2
539 411 3 8192 2.000000000 2
539 411 3 8192 2.000000000 2
536 448 3 8192 2.000000000 2
536 448 3 8192 2.000000000 2
537 449 3 8192 2.000000000 2
537 449 3 8192 2.000000000 2
538 450 3 8192 2.000000000 2
538 450 3 8192 2.000000000 2
539 451 3 8192 2.000000000 2
539 451 3 8192 2.000000000 2
536 864 3 8192 2.000000000 2
536 864 3 8192 2.000000000 2
537 865 3 8192 2.000000000 2
537 865 3 8192 2.000000000 2
538 866 3 8192 2.000000000 2
538 866 3 8192 2.000000000 2
539 867 3 8192 2.000000000 2
539 867 3 8192 2.000000000 2
536 944 3 8192 2.000000000 2
536 944 3 8192 2.000000000 2
537 945 3 8192 2.000000000 2
537 945 3 8192 2.000000000 2
538 946 3 8192 2.000000000 2
538 946 3 8192 2.000000000 2
539 947 3 8192 2.000000000 2
539 947 3 8192 2.000000000 2
540 620 3 8192 2.000000000 2
540 620 3 8192 2.000000000 2
541 621 3 8192 2.000000000 2
541 621 3 8192 2.000000000 2
542 622 3 8192 2.000000000 2
542 622 3 8192 2.000000000 2
543 623 3 8192 2.000000000 2
543 623 3 8192 2.000000000 2
540 692 3 8192 2.000000000 2
540 692 3 8192 2.000000000 2
541 693 3 8192 2.000000000 2
541 693 3 8192 2.000000000 2
542 694 3 8192 2.000000000 2
542 694 3 8192 2.000000000 2
543 695 3 8192 2.000000000 2
543 695 3 8192 2.000000000 2
540 696 3 8192 2.000000000 2
540 696 3 8192 2.000000000 2
541 697 3 8192 2.000000000 2
541 697 3 8192 2.000000000 2
542 698 3 8192 2.000000000 2
542 698 3 8192 2.000000000 2
543 699 3 8192 2.000000000 2
543 699 3 8192 2.000000000 2
540 764 3 8192 2.000000000 2
540 764 3 8192 2.000000000 2
541 765 3 8192 2.000000000 2
541 765 3 8192 2.000000000 2
542 766 3 8192 2.000000000 2
542 766 3 8192 2.000000000 2
543 767 3 8192 2.000000000 2
543 767 3 8192 2.000000000 2
540 784 3 8192 2.000000000 2
540 784 3 8192 2.000000000 2
541 785 3 8192 2.000000000 2
541 785 3 8192 2.000000000 2
542 786 3 8192 2.000000000 2
542 786 3 8192 2.000000000 2
543 787 3 8192 2.000000000 2
543 787 3 8192 2.000000000 2
540 876 3 8192 2.000000000 2
540 876 3 8192 2.000000000 2
541 877 3 8192 2.000000000 2
541 877 3 8192 2.000000000 2
542 878 3 8192 2.000000000 2
542 878 3 8192 2.000000000 2
543 879 3 8192 2.000000000 2
543 879 3 8192 2.000000000 2
540 924 3 8192 2.000000000 2
540 924 3 8192 2.000000000 2
541 925 3 8192 2.000000000 2
541 925 3 8192 2.000000000 2
542 926 3 8192 2.000000000 2
542 926 3 8192 2.000000000 2
543 927 3 8192 2.000000000 2
543 927 3 8192 2.000000000 2
540 1248 3 8192 2.000000000 2
540 1248 3 8192 2.000000000 2
541 1249 3 8192 2.000000000 2
541 1249 3 8192 2.000000000 2
542 1250 3 8192 2.000000000 2
542 1250 3 8192 2.000000000 2
543 1251 3 8192 2.000000000 2
543 1251 3 8192 2.000000000 2
544 176 3 8192 2.000000000 2
544 176 3 8192 2.000000000 2
545 177 3 8192 2.000000000 2
545 177 3 8192 2.000000000 2
546 178 3 8192 2.000000000 2
546 178 3 8192 2.000000000 2
547 179 3 8192 2.000000000 2
547 179 3 8192 2.000000000 2
544 340 3 8192 2.000000000 2
544 340 3 8192 2.000000000 2
545 341 3 8192 2.000000000 2
545 341 3 8192 2.000000000 2
546 342 3 8192 2.000000000 2
546 342 3 8192 2.000000000 2
547 343 3 8192 2.000000000 2
547 343 3 8192 2.000000000 2
544 444 3 8192 2.000000000 2
544 444 3 8192 2.000000000 2
545 445 3 8192 2.000000000 2
545 445 3 8192 2.000000000 2
546 446 3 8192 2.000000000 2
546 446 3 8192 2.000000000 2
547 447 3 8192 2.000000000 2
547 447 3 8192 2.000000000 2
544 568 3 8192 2.000000000 2
544 568 3 8192 2.000000000 2
545 569 3 8192 2.000000000 2
545 569 3 8192 2.000000000 2
546 570 3 8192 2.000000000 2
546 570 3 8192 2.000000000 2
547 571 3 8192 2.000000000 2
547 571 3 8192 2.000000000 2
544 976 3 8192 2.000000000 2
544 976 3 8192 2.000000000 2
545 977 3 8192 2.000000000 2
545 977 3 8192 2.000000000 2
546 978 3 8192 2.000000000 2
546 978 3 8192 2.000000000 2
547 979 3 8192 2.000000000 2
547 979 3 8192 2.000000000 2
544 1140 3 8192 2.000000000 2
544 1140 3 8192 2.000000000 2
545 1141 3 8192 2.000000000 2
545 1141 3 8192 2.000000000 2
546 1142 3 8192 2.000000000 2
546 1142 3 8192 2.000000000 2
547 1143 3 8192 2.000000000 2
547 1143 3 8192 2.000000000 2
544 1156 3 8192 2.000000000 2
544 1156 3 8192 2.000000000 2
545 1157 3 8192 2.000000000 2
545 1157 3 8192 2.000000000 2
546 1158 3 8192 2.000000000 2
546 1158 3 8192 2.000000000 2
547 1159 3 8192 2.000000000 2
547 1159 3 8192 2.000000000 2
544 1264 3 8192 2.000000000 2
544 1264 3 8192 2.000000000 2
545 1265 3 8192 2.000000000 2
545 1265 3 8192 2.000000000 2
546 1266 3 8192 2.000000000 2
546 1266 3 8192 2.000000000 2
547 1267 3 8192 2.000000000 2
547 1267 3 8192 2.000000000 2
548 48 3 8192 2.000000000 2
548 48 3 8192 2.000000000 2
549 49 3 8192 2.000000000 2
549 49 3 8192 2.000000000 2
550 50 3 8192 2.000000000 2
550 50 3 8192 2.000000000 2
551 51 3 8192 2.000000000 2
551 51 3 8192 2.000000000 2
548 200 3 8192 2.000000000 2
548 200 3 8192 2.000000000 2
549 201 3 8192 2.000000000 2
549 201 3 8192 2.000000000 2
550 202 3 8192 2.000000000 2
550 202 3 8192 2.000000000 2
551 203 3 8192 2.000000000 2
551 203 3 8192 2.000000000 2
548 500 3 8192 2.000000000 2
548 500 3 8192 2.000000000 2
549 501 3 8192 2.000000000 2
549 501 3 8192 2.000000000 2
550 502 3 8192 2.000000000 2
550 502 3 8192 2.000000000 2
551 503 3 8192 2.000000000 2
551 503 3 8192 2.000000000 2
548 772 3 8192 2.000000000 2
548 772 3 8192 2.000000000 2
549 773 3 8192 2.000000000 2
549 773 3 8192 2.000000000 2
550 774 3 8192 2.000000000 2
550 774 3 8192 2.000000000 2
551 775 3 8192 2.000000000 2
551 775 3 8192 2.000000000 2
548 868 3 8192 2.000000000 2
548 868 3 8192 2.000000000 2
549 869 3 8192 2.000000000 2
549 869 3 8192 2.000000000 2
550 870 3 8192 2.000000000 2
550 870 3 8192 2.000000000 2
551 871 3 8192 2.000000000 2
551 871 3 8192 2.000000000 2
548 952 3 8192 2.000000000 2
548 952 3 8192 2.000000000 2
549 953 3 8192 2.000000000 2
549 953 3 8192 2.000000000 2
550 954 3 8192 2.000000000 2
550 954 3 8192 2.000000000 2
551 955 3 8192 2.000000000 2
551 955 3 8192 2.000000000 2
548 1096 3 8192 2.000000000 2
548 1096 3 8192 2.000000000 2
549 1097 3 8192 2.000000000 2
549 1097 3 8192 2.000000000 2
550 1098 3 8192 2.000000000 2
550 1098 3 8192 2.000000000 2
551 1099 3 8192 2.000000000 2
551 1099 3 8192 2.000000000 2
548 1200 3 8192 2.000000000 2
548 1200 3 8192 2.000000000 2
549 1201 3 8192 2.000000000 2
549 1201 3 8192 2.000000000 2
550 1202 3 8192 2.000000000 2
550 1202 3 8192 2.000000000 2
551 1203 3 8192 2.000000000 2
551 1203 3 8192 2.000000000 2
552 64 3 8192 2.000000000 2
552 64 3 8192 2.000000000 2
553 65 3 8192 2.000000000 2
553 65 3 8192 2.000000000 2
554 66 3 8192 2.000000000 2
554 66 3 8192 2.000000000 2
555 67 3 8192 2.000000000 2
555 67 3 8192 2.000000000 2
552 256 3 8192 2.000000000 2
552 256 3 8192 2.000000000 2
553 257 3 8192 2.000000000 2
553 257 3 8192 2.000000000 2
554 258 3 8192 2.000000000 2
554 258 3 8192 2.000000000 2
555 259 3 8192 2.000000000 2
555 259 3 8192 2.000000000 2
552 512 3 8192 2.000000000 2
552 512 3 8192 2.000000000 2
553 513 3 8192 2.000000000 2
553 513 3 8192 2.000000000 2
554 514 3 8192 2.000000000 2
554 514 3 8192 2.000000000 2
555 515 3 8192 2.000000000 2
555 515 3 8192 2.000000000 2
552 836 3 8192 2.000000000 2
552 836 3 8192 2.000000000 2
553 837 3 8192 2.000000000 2
553 837 3 8192 2.000000000 2
554 838 3 8192 2.000000000 2
554 838 3 8192 2.000000000 2
555 839 3 8192 2.000000000 2
555 839 3 8192 2.000000000 2
552 964 3 8192 2.000000000 2
552 964 3 8192 2.000000000 2
553 965 3 8192 2.000000000 2
553 965 3 8192 2.000000000 2
554 966 3 8192 2.000000000 2
554 966 3 8192 2.000000000 2
555 967 3 8192 2.000000000 2
555 967 3 8192 2.000000000 2
552 1032 3 8192 2.000000000 2
552 1032 3 8192 2.000000000 2
553 1033 3 8192 2.000000000 2
553 1033 3 8192 2.000000000 2
554 1034 3 8192 2.000000000 2
554 1034 3 8192 2.000000000 2
555 1035 3 8192 2.000000000 2
555 1035 3 8192 2.000000000 2
552 1036 3 8192 2.000000000 2
552 1036 3 8192 2.000000000 2
553 1037 3 8192 2.000000000 2
553 1037 3 8192 2.000000000 2
554 1038 3 8192 2.000000000 2
554 1038 3 8192 2.000000000 2
555 1039 3 8192 2.000000000 2
555 1039 3 8192 2.000000000 2
552 1160 3 8192 2.000000000 2
552 1160 3 8192 2.000000000 2
553 1161 3 8192 2.000000000 2
553 1161 3 8192 2.000000000 2
554 1162 3 8192 2.000000000 2
554 1162 3 8192 2.000000000 2
555 1163 3 8192 2.000000000 2
555 1163 3 8192 2.000000000 2
560 16 3 8192 2.000000000 2
560 16 3 8192 2.000000000 2
561 17 3 8192 2.000000000 2
561 17 3 8192 2.000000000 2
562 18 3 8192 2.000000000 2
562 18 3 8192 2.000000000 2
563 19 3 8192 2.000000000 2
563 19 3 8192 2.000000000 2
560 48 3 8192 2.000000000 2
560 48 3 8192 2.000000000 2
561 49 3 8192 2.000000000 2
561 49 3 8192 2.000000000 2
562 50 3 8192 2.000000000 2
562 50 3 8192 2.000000000 2
563 51 3 8192 2.000000000 2
563 51 3 8192 2.000000000 2
560 196 3 8192 2.000000000 2
560 196 3 8192 2.000000000 2
561 197 3 8192 2.000000000 2
561 197 3 8192 2.000000000 2
562 198 3 8192 2.000000000 2
562 198 3 8192 2.000000000 2
563 199 3 8192 2.000000000 2
563 199 3 8192 2.000000000 2
560 240 3 8192 2.000000000 2
560 240 3 8192 2.000000000 2
561 241 3 8192 2.000000000 2
561 241 3 8192 2.000000000 2
562 242 3 8192 2.000000000 2
562 242 3 8192 2.000000000 2
563 243 3 8192 2.000000000 2
563 243 3 8192 2.000000000 2
560 840 3 8192 2.000000000 2
560 840 3 8192 2.000000000 2
561 841 3 8192 2.000000000 2
561 841 3 8192 2.000000000 2
562 842 3 8192 2.000000000 2
562 842 3 8192 2.000000000 2
563 843 3 8192 2.000000000 2
563 843 3 8192 2.000000000 2
560 1032 3 8192 2.000000000 2
560 1032 3 8192 2.000000000 2
561 1033 3 8192 2.000000000 2
561 1033 3 8192 2.000000000 2
562 1034 3 8192 2.000000000 2
562 1034 3 8192 2.000000000 2
563 1035 3 8192 2.000000000 2
563 1035 3 8192 2.000000000 2
560 1076 3 8192 2.000000000 2
560 1076 3 8192 2.000000000 2
561 1077 3 8192 2.000000000 2
561 1077 3 8192 2.000000000 2
562 1078 3 8192 2.000000000 2
562 1078 3 8192 2.000000000 2
563 1079 3 8192 2.000000000 2
563 1079 3 8192 2.000000000 2
560 1252 3 8192 2.000000000 2
560 1252 3 8192 2.000000000 2
561 1253 3 8192 2.000000000 2
561 1253 3 8192 2.000000000 2
562 1254 3 8192 2.000000000 2
562 1254 3 8192 2.000000000 2
563 1255 3 8192 2.000000000 2
563 1255 3 8192 2.000000000 2
564 12 3 8192 2.000000000 2
564 12 3 8192 2.000000000 2
565 13 3 8192 2.000000000 2
565 13 3 8192 2.000000000 2
566 14 3 8192 2.000000000 2
566 14 3 8192 2.000000000 2
567 15 3 8192 2.000000000 2
567 15 3 8192 2.000000000 2
564 220 3 8192 2.000000000 2
564 220 3 8192 2.000000000 2
565 221 3 8192 2.000000000 2
565 221 3 8192 2.000000000 2
566 222 3 8192 2.000000000 2
566 222 3 8192 2.000000000 2
567 223 3 8192 2.000000000 2
567 223 3 8192 2.000000000 2
564 304 3 8192 2.000000000 2
564 304 3 8192 2.000000000 2
565 305 3 8192 2.000000000 2
565 305 3 8192 2.000000000 2
566 306 3 8192 2.000000000 2
566 306 3 8192 2.000000000 2
567 307 3 8192 2.000000000 2
567 307 3 8192 2.000000000 2
564 440 3 8192 2.000000000 2
564 440 3 8192 2.000000000 2
565 441 3 8192 2.000000000 2
565 441 3 8192 2.000000000 2
566 442 3 8192 2.000000000 2
566 442 3 8192 2.000000000 2
567 443 3 8192 2.000000000 2
567 443 3 8192 2.000000000 2
564 524 3 8192 2.000000000 2
564 524 3 8192 2.000000000 2
565 525 3 8192 2.000000000 2
565 525 3 8192 2.000000000 2
566 526 3 8192 2.000000000 2
566 526 3 8192 2.000000000 2
567 527 3 8192 2.000000000 2
567 527 3 8192 2.000000000 2
564 644 3 8192 2.000000000 2
564 644 3 8192 2.000000000 2
565 645 3 8192 2.000000000 2
565 645 3 8192 2.000000000 2
566 646 3 8192 2.000000000 2
566 646 3 8192 2.000000000 2
567 647 3 8192 2.000000000 2
567 647 3 8192 2.000000000 2
564 760 3 8192 2.000000000 2
564 760 3 8192 2.000000000 2
565 761 3 8192 2.000000000 2
565 761 3 8192 2.000000000 2
566 762 3 8192 2.000000000 2
566 762 3 8192 2.000000000 2
567 763 3 8192 2.000000000 2
567 763 3 8192 2.000000000 2
564 1108 3 8192 2.000000000 2
564 1108 3 8192 2.000000000 2
565 1109 3 8192 2.000000000 2
565 1109 3 8192 2.000000000 2
566 1110 3 8192 2.000000000 2
566 1110 3 8192 2.000000000 2
567 1111 3 8192 2.000000000 2
567 1111 3 8192 2.000000000 2
568 248 3 8192 2.000000000 2
568 248 3 8192 2.000000000 2
569 249 3 8192 2.000000000 2
569 249 3 8192 2.000000000 2
570 250 3 8192 2.000000000 2
570 250 3 8192 2.000000000 2
571 251 3 8192 2.000000000 2
571 251 3 8192 2.000000000 2
568 464 3 8192 2.000000000 2
568 464 3 8192 2.000000000 2
569 465 3 8192 2.000000000 2
569 465 3 8192 2.000000000 2
570 466 3 8192 2.000000000 2
570 466 3 8192 2.000000000 2
571 467 3 8192 2.000000000 2
571 467 3 8192 2.000000000 2
568 540 3 8192 2.000000000 2
568 540 3 8192 2.000000000 2
569 541 3 8192 2.000000000 2
569 541 3 8192 2.000000000 2
570 542 3 8192 2.000000000 2
570 542 3 8192 2.000000000 2
571 543 3 8192 2.000000000 2
571 543 3 8192 2.000000000 2
568 764 3 8192 2.000000000 2
568 764 3 8192 2.000000000 2
569 765 3 8192 2.000000000 2
569 765 3 8192 2.000000000 2
570 766 3 8192 2.000000000 2
570 766 3 8192 2.000000000 2
571 767 3 8192 2.000000000 2
571 767 3 8192 2.000000000 2
568 832 3 8192 2.000000000 2
568 832 3 8192 2.000000000 2
569 833 3 8192 2.000000000 2
569 833 3 8192 2.000000000 2
570 834 3 8192 2.000000000 2
570 834 3 8192 2.000000000 2
571 835 3 8192 2.000000000 2
571 835 3 8192 2.000000000 2
568 1060 3 8192 2.000000000 2
568 1060 3 8192 2.000000000 2
569 1061 3 8192 2.000000000 2
569 1061 3 8192 2.000000000 2
570 1062 3 8192 2.000000000 2
570 1062 3 8192 2.000000000 2
571 1063 3 8192 2.000000000 2
571 1063 3 8192 2.000000000 2
568 1120 3 8192 2.000000000 2
568 1120 3 8192 2.000000000 2
569 1121 3 8192 2.000000000 2
569 1121 3 8192 2.000000000 2
570 1122 3 8192 2.000000000 2
570 1122 3 8192 2.000000000 2
571 1123 3 8192 2.000000000 2
571 1123 3 8192 2.000000000 2
568 1240 3 8192 2.000000000 2
568 1240 3 8192 2.000000000 2
569 1241 3 8192 2.000000000 2
569 1241 3 8192 2.000000000 2
570 1242 3 8192 2.000000000 2
570 1242 3 8192 2.000000000 2
571 1243 3 8192 2.000000000 2
571 1243 3 8192 2.000000000 2
572 272 3 8192 2.000000000 2
572 272 3 8192 2.000000000 2
573 273 3 8192 2.000000000 2
573 273 3 8192 2.000000000 2
574 274 3 8192 2.000000000 2
574 274 3 8192 2.000000000 2
575 275 3 8192 2.000000000 2
575 275 3 8192 2.000000000 2
572 336 3 8192 2.000000000 2
572 336 3 8192 2.000000000 2
573 337 3 8192 2.000000000 2
573 337 3 8192 2.000000000 2
574 338 3 8192 2.000000000 2
574 338 3 8192 2.000000000 2
575 339 3 8192 2.000000000 2
575 339 3 8192 2.000000000 2
572 588 3 8192 2.000000000 2
572 588 3 8192 2.000000000 2
573 589 3 8192 2.000000000 2
573 589 3 8192 2.000000000 2
574 590 3 8192 2.000000000 2
574 590 3 8192 2.000000000 2
575 591 3 8192 2.000000000 2
575 591 3 8192 2.000000000 2
572 600 3 8192 2.000000000 2
572 600 3 8192 2.000000000 2
573 601 3 8192 2.000000000 2
573 601 3 8192 2.000000000 2
574 602 3 8192 2.000000000 2
574 602 3 8192 2.000000000 2
575 603 3 8192 2.000000000 2
575 603 3 8192 2.000000000 2
572 608 3 8192 2.000000000 2
572 608 3 8192 2.000000000 2
573 609 3 8192 2.000000000 2
573 609 3 8192 2.000000000 2
574 610 3 8192 2.000000000 2
574 610 3 8192 2.000000000 2
575 611 3 8192 2.000000000 2
575 611 3 8192 2.000000000 2
572 732 3 8192 2.000000000 2
572 732 3 8192 2.000000000 2
573 733 3 8192 2.000000000 2
573 733 3 8192 2.000000000 2
574 734 3 8192 2.000000000 2
574 734 3 8192 2.000000000 2
575 735 3 8192 2.000000000 2
575 735 3 8192 2.000000000 2
572 824 3 8192 2.000000000 2
572 824 3 8192 2.000000000 2
573 825 3 8192 2.000000000 2
573 825 3 8192 2.000000000 2
574 826 3 8192 2.000000000 2
574 826 3 8192 2.000000000 2
575 827 3 8192 2.000000000 2
575 827 3 8192 2.000000000 2
572 1276 3 8192 2.000000000 2
572 1276 3 8192 2.000000000 2
573 1277 3 8192 2.000000000 2
573 1277 3 8192 2.000000000 2
574 1278 3 8192 2.000000000 2
574 1278 3 8192 2.000000000 2
575 1279 3 8192 2.000000000 2
575 1279 3 8192 2.000000000 2
576 164 3 8192 2.000000000 2
576 164 3 8192 2.000000000 2
577 165 3 8192 2.000000000 2
577 165 3 8192 2.000000000 2
578 166 3 8192 2.000000000 2
578 166 3 8192 2.000000000 2
579 167 3 8192 2.000000000 2
579 167 3 8192 2.000000000 2
576 364 3 8192 2.000000000 2
576 364 3 8192 2.000000000 2
577 365 3 8192 2.000000000 2
577 365 3 8192 2.000000000 2
578 366 3 8192 2.000000000 2
578 366 3 8192 2.000000000 2
579 367 3 8192 2.000000000 2
579 367 3 8192 2.000000000 2
576 456 3 8192 2.000000000 2
576 456 3 8192 2.000000000 2
577 457 3 8192 2.000000000 2
577 457 3 8192 2.000000000 2
578 458 3 8192 2.000000000 2
578 458 3 8192 2.000000000 2
579 459 3 8192 2.000000000 2
579 459 3 8192 2.000000000 2
576 688 3 8192 2.000000000 2
576 688 3 8192 2.000000000 2
577 689 3 8192 2.000000000 2
577 689 3 8192 2.000000000 2
578 690 3 8192 2.000000000 2
578 690 3 8192 2.000000000 2
579 691 3 8192 2.000000000 2
579 691 3 8192 2.000000000 2
576 860 3 8192 2.000000000 2
576 860 3 8192 2.000000000 2
577 861 3 8192 2.000000000 2
577 861 3 8192 2.000000000 2
578 862 3 8192 2.000000000 2
578 862 3 8192 2.000000000 2
579 863 3 8192 2.000000000 2
579 863 3 8192 2.000000000 2
576 960 3 8192 2.000000000 2
576 960 3 8192 2.000000000 2
577 961 3 8192 2.000000000 2
577 961 3 8192 2.000000000 2
578 962 3 8192 2.000000000 2
578 962 3 8192 2.000000000 2
579 963 3 8192 2.000000000 2
579 963 3 8192 2.000000000 2
576 984 3 8192 2.000000000 2
576 984 3 8192 2.000000000 2
577 985 3 8192 2.000000000 2
577 985 3 8192 2.000000000 2
578 986 3 8192 2.000000000 2
578 986 3 8192 2.000000000 2
579 987 3 8192 2.000000000 2
579 987 3 8192 2.000000000 2
576 1184 3 8192 2.000000000 2
576 1184 3 8192 2.000000000 2
577 1185 3 8192 2.000000000 2
577 1185 3 8192 2.000000000 2
578 1186 3 8192 2.000000000 2
578 1186 3 8192 2.000000000 2
579 1187 3 8192 2.000000000 2
579 1187 3 8192 2.000000000 2
580 244 3 8192 2.000000000 2
580 244 3 8192 2.000000000 2
581 245 3 8192 2.000000000 2
581 245 3 8192 2.000000000 2
582 246 3 8192 2.000000000 2
582 246 3 8192 2.000000000 2
583 247 3 8192 2.000000000 2
583 247 3 8192 2.000000000 2
580 328 3 8192 2.000000000 2
580 328 3 8192 2.000000000 2
581 329 3 8192 2.000000000 2
581 329 3 8192 2.000000000 2
582 330 3 8192 2.000000000 2
582 330 3 8192 2.000000000 2
583 331 3 8192 2.000000000 2
583 331 3 8192 2.000000000 2
580 456 3 8192 2.000000000 2
580 456 3 8192 2.000000000 2
581 457 3 8192 2.000000000 2
581 457 3 8192 2.000000000 2
582 458 3 8192 2.000000000 2
582 458 3 8192 2.000000000 2
583 459 3 8192 2.000000000 2
583 459 3 8192 2.000000000 2
580 460 3 8192 2.000000000 2
580 460 3 8192 2.000000000 2
581 461 3 8192 2.000000000 2
581 461 3 8192 2.000000000 2
582 462 3 8192 2.000000000 2
582 462 3 8192 2.000000000 2
583 463 3 8192 2.000000000 2
583 463 3 8192 2.000000000 2
580 648 3 8192 2.000000000 2
580 648 3 8192 2.000000000 2
581 649 3 8192 2.000000000 2
581 649 3 8192 2.000000000 2
582 650 3 8192 2.000000000 2
582 650 3 8192 2.000000000 2
583 651 3 8192 2.000000000 2
583 651 3 8192 2.000000000 2
580 1044 3 8192 2.000000000 2
580 1044 3 8192 2.000000000 2
581 1045 3 8192 2.000000000 2
581 1045 3 8192 2.000000000 2
582 1046 3 8192 2.000000000 2
582 1046 3 8192 2.000000000 2
583 1047 3 8192 2.000000000 2
583 1047 3 8192 2.000000000 2
580 1124 3 8192 2.000000000 2
580 1124 3 8192 2.000000000 2
581 1125 3 8192 2.000000000 2
581 1125 3 8192 2.000000000 2
582 1126 3 8192 2.000000000 2
582 1126 3 8192 2.000000000 2
583 1127 3 8192 2.000000000 2
583 1127 3 8192 2.000000000 2
580 1148 3 8192 2.000000000 2
580 1148 3 8192 2.000000000 2
581 1149 3 8192 2.000000000 2
581 1149 3 8192 2.000000000 2
582 1150 3 8192 2.000000000 2
582 1150 3 8192 2.000000000 2
583 1151 3 8192 2.000000000 2
583 1151 3 8192 2.000000000 2
588 124 3 8192 2.000000000 2
588 124 3 8192 2.000000000 2
589 125 3 8192 2.000000000 2
589 125 3 8192 2.000000000 2
590 126 3 8192 2.000000000 2
590 126 3 8192 2.000000000 2
591 127 3 8192 2.000000000 2
591 127 3 8192 2.000000000 2
588 460 3 8192 2.000000000 2
588 460 3 8192 2.000000000 2
589 461 3 8192 2.000000000 2
589 461 3 8192 2.000000000 2
590 462 3 8192 2.000000000 2
590 462 3 8192 2.000000000 2
591 463 3 8192 2.000000000 2
591 463 3 8192 2.000000000 2
588 608 3 8192 2.000000000 2
588 608 3 8192 2.000000000 2
589 609 3 8192 2.000000000 2
589 609 3 8192 2.000000000 2
590 610 3 8192 2.000000000 2
590 610 3 8192 2.000000000 2
591 611 3 8192 2.000000000 2
591 611 3 8192 2.000000000 2
588 736 3 8192 2.000000000 2
588 736 3 8192 2.000000000 2
589 737 3 8192 2.000000000 2
589 737 3 8192 2.000000000 2
590 738 3 8192 2.000000000 2
590 738 3 8192 2.000000000 2
591 739 3 8192 2.000000000 2
591 739 3 8192 2.000000000 2
588 868 3 8192 2.000000000 2
588 868 3 8192 2.000000000 2
589 869 3 8192 2.000000000 2
589 869 3 8192 2.000000000 2
590 870 3 8192 2.000000000 2
590 870 3 8192 2.000000000 2
591 871 3 8192 2.000000000 2
591 871 3 8192 2.000000000 2
588 876 3 8192 2.000000000 2
588 876 3 8192 2.000000000 2
589 877 3 8192 2.000000000 2
589 877 3 8192 2.000000000 2
590 878 3 8192 2.000000000 2
590 878 3 8192 2.000000000 2
591 879 3 8192 2.000000000 2
591 879 3 8192 2.000000000 2
588 988 3 8192 2.000000000 2
588 988 3 8192 2.000000000 2
589 989 3 8192 2.000000000 2
589 989 3 8192 2.000000000 2
590 990 3 8192 2.000000000 2
590 990 3 8192 2.000000000 2
591 991 3 8192 2.000000000 2
591 991 3 8192 2.000000000 2
588 1108 3 8192 2.000000000 2
588 1108 3 8192 2.000000000 2
589 1109 3 8192 2.000000000 2
589 1109 3 8192 2.000000000 2
590 1110 3 8192 2.000000000 2
590 1110 3 8192 2.000000000 2
591 1111 3 8192 2.000000000 2
591 1111 3 8192 2.000000000 2
592 84 3 8192 2.000000000 2
592 84 3 8192 2.000000000 2
593 85 3 8192 2.000000000 2
593 85 3 8192 2.000000000 2
594 86 3 8192 2.000000000 2
594 86 3 8192 2.000000000 2
595 87 3 8192 2.000000000 2
595 87 3 8192 2.000000000 2
592 336 3 8192 2.000000000 2
592 336 3 8192 2.000000000 2
593 337 3 8192 2.000000000 2
593 337 3 8192 2.000000000 2
594 338 3 8192 2.000000000 2
594 338 3 8192 2.000000000 2
595 339 3 8192 2.000000000 2
595 339 3 8192 2.000000000 2
592 492 3 8192 2.000000000 2
592 492 3 8192 2.000000000 2
593 493 3 8192 2.000000000 2
593 493 3 8192 2.000000000 2
594 494 3 8192 2.000000000 2
594 494 3 8192 2.000000000 2
595 495 3 8192 2.000000000 2
595 495 3 8192 2.000000000 2
592 568 3 8192 2.000000000 2
592 568 3 8192 2.000000000 2
593 569 3 8192 2.000000000 2
593 569 3 8192 2.000000000 2
594 570 3 8192 2.000000000 2
594 570 3 8192 2.000000000 2
595 571 3 8192 2.000000000 2
595 571 3 8192 2.000000000 2
592 692 3 8192 2.000000000 2
592 692 3 8192 2.000000000 2
593 693 3 8192 2.000000000 2
593 693 3 8192 2.000000000 2
594 694 3 8192 2.000000000 2
594 694 3 8192 2.000000000 2
595 695 3 8192 2.000000000 2
595 695 3 8192 2.000000000 2
592 848 3 8192 2.000000000 2
592 848 3 8192 2.000000000 2
593 849 3 8192 2.000000000 2
593 849 3 8192 2.000000000 2
594 850 3 8192 2.000000000 2
594 850 3 8192 2.000000000 2
595 851 3 8192 2.000000000 2
595 851 3 8192 2.000000000 2
592 980 3 8192 2.000000000 2
592 980 3 8192 2.000000000 2
593 981 3 8192 2.000000000 2
593 981 3 8192 2.000000000 2
594 982 3 8192 2.000000000 2
594 982 3 8192 2.000000000 2
595 983 3 8192 2.000000000 2
595 983 3 8192 2.000000000 2
592 1008 3 8192 2.000000000 2
592 1008 3 8192 2.000000000 2
593 1009 3 8192 2.000000000 2
593 1009 3 8192 2.000000000 2
594 1010 3 8192 2.000000000 2
594 1010 3 8192 2.000000000 2
595 1011 3 8192 2.000000000 2
595 1011 3 8192 2.000000000 2
596 32 3 8192 2.000000000 2
596 32 3 8192 2.000000000 2
597 33 3 8192 2.000000000 2
597 33 3 8192 2.000000000 2
598 34 3 8192 2.000000000 2
598 34 3 8192 2.000000000 2
599 35 3 8192 2.000000000 2
599 35 3 8192 2.000000000 2
596 124 3 8192 2.000000000 2
596 124 3 8192 2.000000000 2
597 125 3 8192 2.000000000 2
597 125 3 8192 2.000000000 2
598 126 3 8192 2.000000000 2
598 126 3 8192 2.000000000 2
599 127 3 8192 2.000000000 2
599 127 3 8192 2.000000000 2
596 172 3 8192 2.000000000 2
596 172 3 8192 2.000000000 2
597 173 3 8192 2.000000000 2
597 173 3 8192 2.000000000 2
598 174 3 8192 2.000000000 2
598 174 3 8192 2.000000000 2
599 175 3 8192 2.000000000 2
599 175 3 8192 2.000000000 2
596 292 3 8192 2.000000000 2
596 292 3 8192 2.000000000 2
597 293 3 8192 2.000000000 2
597 293 3 8192 2.000000000 2
598 294 3 8192 2.000000000 2
598 294 3 8192 2.000000000 2
599 295 3 8192 2.000000000 2
599 295 3 8192 2.000000000 2
596 612 3 8192 2.000000000 2
596 612 3 8192 2.000000000 2
597 613 3 8192 2.000000000 2
597 613 3 8192 2.000000000 2
598 614 3 8192 2.000000000 2
598 614 3 8192 2.000000000 2
599 615 3 8192 2.000000000 2
599 615 3 8192 2.000000000 2
596 732 3 8192 2.000000000 2
596 732 3 8192 2.000000000 2
597 733 3 8192 2.000000000 2
597 733 3 8192 2.000000000 2
598 734 3 8192 2.000000000 2
598 734 3 8192 2.000000000 2
599 735 3 8192 2.000000000 2
599 735 3 8192 2.000000000 2
596 1232 3 8192 2.000000000 2
596 1232 3 8192 2.000000000 2
597 1233 3 8192 2.000000000 2
597 1233 3 8192 2.000000000 2
598 1234 3 8192 2.000000000 2
598 1234 3 8192 2.000000000 2
599 1235 3 8192 2.000000000 2
599 1235 3 8192 2.000000000 2
596 1248 3 8192 2.000000000 2
596 1248 3 8192 2.000000000 2
597 1249 3 8192 2.000000000 2
597 1249 3 8192 2.000000000 2
598 1250 3 8192 2.000000000 2
598 1250 3 8192 2.000000000 2
599 1251 3 8192 2.000000000 2
599 1251 3 8192 2.000000000 2
600 156 3 8192 2.000000000 2
600 156 3 8192 2.000000000 2
601 157 3 8192 2.000000000 2
601 157 3 8192 2.000000000 2
602 158 3 8192 2.000000000 2
602 158 3 8192 2.000000000 2
603 159 3 8192 2.000000000 2
603 159 3 8192 2.000000000 2
600 164 3 8192 2.000000000 2
600 164 3 8192 2.000000000 2
601 165 3 8192 2.000000000 2
601 165 3 8192 2.000000000 2
602 166 3 8192 2.000000000 2
602 166 3 8192 2.000000000 2
603 167 3 8192 2.000000000 2
603 167 3 8192 2.000000000 2
600 172 3 8192 2.000000000 2
600 172 3 8192 2.000000000 2
601 173 3 8192 2.000000000 2
601 173 3 8192 2.000000000 2
602 174 3 8192 2.000000000 2
602 174 3 8192 2.000000000 2
603 175 3 8192 2.000000000 2
603 175 3 8192 2.000000000 2
600 392 3 8192 2.000000000 2
600 392 3 8192 2.000000000 2
601 393 3 8192 2.000000000 2
601 393 3 8192 2.000000000 2
602 394 3 8192 2.000000000 2
602 394 3 8192 2.000000000 2
603 395 3 8192 2.000000000 2
603 395 3 8192 2.000000000 2
600 736 3 8192 2.000000000 2
600 736 3 8192 2.000000000 2
601 737 3 8192 2.000000000 2
601 737 3 8192 2.000000000 2
602 738 3 8192 2.000000000 2
602 738 3 8192 2.000000000 2
603 739 3 8192 2.000000000 2
603 739 3 8192 2.000000000 2
600 928 3 8192 2.000000000 2
600 928 3 8192 2.000000000 2
601 929 3 8192 2.000000000 2
601 929 3 8192 2.000000000 2
602 930 3 8192 2.000000000 2
602 930 3 8192 2.000000000 2
603 931 3 8192 2.000000000 2
603 931 3 8192 2.000000000 2
600 1072 3 8192 2.000000000 2
600 1072 3 8192 2.000000000 2
601 1073 3 8192 2.000000000 2
601 1073 3 8192 2.000000000 2
602 1074 3 8192 2.000000000 2
602 1074 3 8192 2.000000000 2
603 1075 3 8192 2.000000000 2
603 1075 3 8192 2.000000000 2
600 1124 3 8192 2.000000000 2
600 1124 3 8192 2.000000000 2
601 1125 3 8192 2.000000000 2
601 1125 3 8192 2.000000000 2
602 1126 3 8192 2.000000000 2
602 1126 3 8192 2.000000000 2
603 1127 3 8192 2.000000000 2
603 1127 3 8192 2.000000000 2
608 112 3 8192 2.000000000 2
608 112 3 8192 2.000000000 2
609 113 3 8192 2.000000000 2
609 113 3 8192 2.000000000 2
610 114 3 8192 2.000000000 2
610 114 3 8192 2.000000000 2
611 115 3 8192 2.000000000 2
611 115 3 8192 2.000000000 2
608 416 3 8192 2.000000000 2
608 416 3 8192 2.000000000 2
609 417 3 8192 2.000000000 2
609 417 3 8192 2.000000000 2
610 418 3 8192 2.000000000 2
610 418 3 8192 2.000000000 2
611 419 3 8192 2.000000000 2
611 419 3 8192 2.000000000 2
608 464 3 8192 2.000000000 2
608 464 3 8192 2.000000000 2
609 465 3 8192 2.000000000 2
609 465 3 8192 2.000000000 2
610 466 3 8192 2.000000000 2
610 466 3 8192 2.000000000 2
611 467 3 8192 2.000000000 2
611 467 3 8192 2.000000000 2
608 576 3 8192 2.000000000 2
608 576 3 8192 2.000000000 2
609 577 3 8192 2.000000000 2
609 577 3 8192 2.000000000 2
610 578 3 8192 2.000000000 2
610 578 3 8192 2.000000000 2
611 579 3 8192 2.000000000 2
611 579 3 8192 2.000000000 2
608 596 3 8192 2.000000000 2
608 596 3 8192 2.000000000 2
609 597 3 8192 2.000000000 2
609 597 3 8192 2.000000000 2
610 598 3 8192 2.000000000 2
610 598 3 8192 2.000000000 2
611 599 3 8192 2.000000000 2
611 599 3 8192 2.000000000 2
608 740 3 8192 2.000000000 2
608 740 3 8192 2.000000000 2
609 741 3 8192 2.000000000 2
609 741 3 8192 2.000000000 2
610 742 3 8192 2.000000000 2
610 742 3 8192 2.000000000 2
611 743 3 8192 2.000000000 2
611 743 3 8192 2.000000000 2
608 1208 3 8192 2.000000000 2
608 1208 3 8192 2.000000000 2
609 1209 3 8192 2.000000000 2
609 1209 3 8192 2.000000000 2
610 1210 3 8192 2.000000000 2
610 1210 3 8192 2.000000000 2
611 1211 3 8192 2.000000000 2
611 1211 3 8192 2.000000000 2
608 1260 3 8192 2.000000000 2
608 1260 3 8192 2.000000000 2
609 1261 3 8192 2.000000000 2
609 1261 3 8192 2.000000000 2
610 1262 3 8192 2.000000000 2
610 1262 3 8192 2.000000000 2
611 1263 3 8192 2.000000000 2
611 1263 3 8192 2.000000000 2
612 240 3 8192 2.000000000 2
612 240 3 8192 2.000000000 2
613 241 3 8192 2.000000000 2
613 241 3 8192 2.000000000 2
614 242 3 8192 2.000000000 2
614 242 3 8192 2.000000000 2
615 243 3 8192 2.000000000 2
615 243 3 8192 2.000000000 2
612 524 3 8192 2.000000000 2
612 524 3 8192 2.000000000 2
613 525 3 8192 2.000000000 2
613 525 3 8192 2.000000000 2
614 526 3 8192 2.000000000 2
614 526 3 8192 2.000000000 2
615 527 3 8192 2.000000000 2
615 527 3 8192 2.000000000 2
612 672 3 8192 2.000000000 2
612 672 3 8192 2.000000000 2
613 673 3 8192 2.000000000 2
613 673 3 8192 2.000000000 2
614 674 3 8192 2.000000000 2
614 674 3 8192 2.000000000 2
615 675 3 8192 2.000000000 2
615 675 3 8192 2.000000000 2
612 1060 3 8192 2.000000000 2
612 1060 3 8192 2.000000000 2
613 1061 3 8192 2.000000000 2
613 1061 3 8192 2.000000000 2
614 1062 3 8192 2.000000000 2
614 1062 3 8192 2.000000000 2
615 1063 3 8192 2.000000000 2
615 1063 3 8192 2.000000000 2
612 1116 3 8192 2.000000000 2
612 1116 3 8192 2.000000000 2
613 1117 3 8192 2.000000000 2
613 1117 3 8192 2.000000000 2
614 1118 3 8192 2.000000000 2
614 1118 3 8192 2.000000000 2
615 1119 3 8192 2.000000000 2
615 1119 3 8192 2.000000000 2
612 1208 3 8192 2.000000000 2
612 1208 3 8192 2.000000000 2
613 1209 3 8192 2.000000000 2
613 1209 3 8192 2.000000000 2
614 1210 3 8192 2.000000000 2
614 1210 3 8192 2.000000000 2
615 1211 3 8192 2.000000000 2
615 1211 3 8192 2.000000000 2
612 1236 3 8192 2.000000000 2
612 1236 3 8192 2.000000000 2
613 1237 3 8192 2.000000000 2
613 1237 3 8192 2.000000000 2
614 1238 3 8192 2.000000000 2
614 1238 3 8192 2.000000000 2
615 1239 3 8192 2.000000000 2
615 1239 3 8192 2.000000000 2
612 1240 3 8192 2.000000000 2
612 1240 3 8192 2.000000000 2
613 1241 3 8192 2.000000000 2
613 1241 3 8192 2.000000000 2
614 1242 3 8192 2.000000000 2
614 1242 3 8192 2.000000000 2
615 1243 3 8192 2.000000000 2
615 1243 3 8192 2.000000000 2
620 196 3 8192 2.000000000 2
620 196 3 8192 2.000000000 2
621 197 3 8192 2.000000000 2
621 197 3 8192 2.000000000 2
622 198 3 8192 2.000000000 2
622 198 3 8192 2.000000000 2
623 199 3 8192 2.000000000 2
623 199 3 8192 2.000000000 2
620 252 3 8192 2.000000000 2
620 252 3 8192 2.000000000 2
621 253 3 8192 2.000000000 2
621 253 3 8192 2.000000000 2
622 254 3 8192 2.000000000 2
622 254 3 8192 2.000000000 2
623 255 3 8192 2.000000000 2
623 255 3 8192 2.000000000 2
620 280 3 8192 2.000000000 2
620 280 3 8192 2.000000000 2
621 281 3 8192 2.000000000 2
621 281 3 8192 2.000000000 2
622 282 3 8192 2.000000000 2
622 282 3 8192 2.000000000 2
623 283 3 8192 2.000000000 2
623 283 3 8192 2.000000000 2
620 676 3 8192 2.000000000 2
620 676 3 8192 2.000000000 2
621 677 3 8192 2.000000000 2
621 677 3 8192 2.000000000 2
622 678 3 8192 2.000000000 2
622 678 3 8192 2.000000000 2
623 679 3 8192 2.000000000 2
623 679 3 8192 2.000000000 2
620 888 3 8192 2.000000000 2
620 888 3 8192 2.000000000 2
621 889 3 8192 2.000000000 2
621 889 3 8192 2.000000000 2
622 890 3 8192 2.000000000 2
622 890 3 8192 2.000000000 2
623 891 3 8192 2.000000000 2
623 891 3 8192 2.000000000 2
620 992 3 8192 2.000000000 2
620 992 3 8192 2.000000000 2
621 993 3 8192 2.000000000 2
621 993 3 8192 2.000000000 2
622 994 3 8192 2.000000000 2
622 994 3 8192 2.000000000 2
623 995 3 8192 2.000000000 2
623 995 3 8192 2.000000000 2
620 1084 3 8192 2.000000000 2
620 1084 3 8192 2.000000000 2
621 1085 3 8192 2.000000000 2
621 1085 3 8192 2.000000000 2
622 1086 3 8192 2.000000000 2
622 1086 3 8192 2.000000000 2
623 1087 3 8192 2.000000000 2
623 1087 3 8192 2.000000000 2
620 1140 3 8192 2.000000000 2
620 1140 3 8192 2.000000000 2
621 1141 3 8192 2.000000000 2
621 1141 3 8192 2.000000000 2
622 1142 3 8192 2.000000000 2
622 1142 3 8192 2.000000000 2
623 1143 3 8192 2.000000000 2
623 1143 3 8192 2.000000000 2
624 24 3 8192 2.000000000 2
624 24 3 8192 2.000000000 2
625 25 3 8192 2.000000000 2
625 25 3 8192 2.000000000 2
626 26 3 8192 2.000000000 2
626 26 3 8192 2.000000000 2
627 27 3 8192 2.000000000 2
627 27 3 8192 2.000000000 2
624 256 3 8192 2.000000000 2
624 256 3 8192 2.000000000 2
625 257 3 8192 2.000000000 2
625 257 3 8192 2.000000000 2
626 258 3 8192 2.000000000 2
626 258 3 8192 2.000000000 2
627 259 3 8192 2.000000000 2
627 259 3 8192 2.000000000 2
624 472 3 8192 2.000000000 2
624 472 3 8192 2.000000000 2
625 473 3 8192 2.000000000 2
625 473 3 8192 2.000000000 2
626 474 3 8192 2.000000000 2
626 474 3 8192 2.000000000 2
627 475 3 8192 2.000000000 2
627 475 3 8192 2.000000000 2
624 700 3 8192 2.000000000 2
624 700 3 8192 2.000000000 2
625 701 3 8192 2.000000000 2
625 701 3 8192 2.000000000 2
626 702 3 8192 2.000000000 2
626 702 3 8192 2.000000000 2
627 703 3 8192 2.000000000 2
627 703 3 8192 2.000000000 2
624 792 3 8192 2.000000000 2
624 792 3 8192 2.000000000 2
625 793 3 8192 2.000000000 2
625 793 3 8192 2.000000000 2
626 794 3 8192 2.000000000 2
626 794 3 8192 2.000000000 2
627 795 3 8192 2.000000000 2
627 795 3 8192 2.000000000 2
624 948 3 8192 2.000000000 2
624 948 3 8192 2.000000000 2
625 949 3 8192 2.000000000 2
625 949 3 8192 2.000000000 2
626 950 3 8192 2.000000000 2
626 950 3 8192 2.000000000 2
627 951 3 8192 2.000000000 2
627 951 3 8192 2.000000000 2
624 960 3 8192 2.000000000 2
624 960 3 8192 2.000000000 2
625 961 3 8192 2.000000000 2
625 961 3 8192 2.000000000 2
626 962 3 8192 2.000000000 2
626 962 3 8192 2.000000000 2
627 963 3 8192 2.000000000 2
627 963 3 8192 2.000000000 2
624 996 3 8192 2.000000000 2
624 996 3 8192 2.000000000 2
625 997 3 8192 2.000000000 2
625 997 3 8192 2.000000000 2
626 998 3 8192 2.000000000 2
626 998 3 8192 2.000000000 2
627 999 3 8192 2.000000000 2
627 999 3 8192 2.000000000 2
632 64 3 8192 2.000000000 2
632 64 3 8192 2.000000000 2
633 65 3 8192 2.000000000 2
633 65 3 8192 2.000000000 2
634 66 3 8192 2.000000000 2
634 66 3 8192 2.000000000 2
635 67 3 8192 2.000000000 2
635 67 3 8192 2.000000000 2
632 204 3 8192 2.000000000 2
632 204 3 8192 2.000000000 2
633 205 3 8192 2.000000000 2
633 205 3 8192 2.000000000 2
634 206 3 8192 2.000000000 2
634 206 3 8192 2.000000000 2
635 207 3 8192 2.000000000 2
635 207 3 8192 2.000000000 2
632 700 3 8192 2.000000000 2
632 700 3 8192 2.000000000 2
633 701 3 8192 2.000000000 2
633 701 3 8192 2.000000000 2
634 702 3 8192 2.000000000 2
634 702 3 8192 2.000000000 2
635 703 3 8192 2.000000000 2
635 703 3 8192 2.000000000 2
632 704 3 8192 2.000000000 2
632 704 3 8192 2.000000000 2
633 705 3 8192 2.000000000 2
633 705 3 8192 2.000000000 2
634 706 3 8192 2.000000000 2
634 706 3 8192 2.000000000 2
635 707 3 8192 2.000000000 2
635 707 3 8192 2.000000000 2
632 712 3 8192 2.000000000 2
632 712 3 8192 2.000000000 2
633 713 3 8192 2.000000000 2
633 713 3 8192 2.000000000 2
634 714 3 8192 2.000000000 2
634 714 3 8192 2.000000000 2
635 715 3 8192 2.000000000 2
635 715 3 8192 2.000000000 2
632 752 3 8192 2.000000000 2
632 752 3 8192 2.000000000 2
633 753 3 8192 2.000000000 2
633 753 3 8192 2.000000000 2
634 754 3 8192 2.000000000 2
634 754 3 8192 2.000000000 2
635 755 3 8192 2.000000000 2
635 755 3 8192 2.000000000 2
632 1036 3 8192 2.000000000 2
632 1036 3 8192 2.000000000 2
633 1037 3 8192 2.000000000 2
633 1037 3 8192 2.000000000 2
634 1038 3 8192 2.000000000 2
634 1038 3 8192 2.000000000 2
635 1039 3 8192 2.000000000 2
635 1039 3 8192 2.000000000 2
632 1112 3 8192 2.000000000 2
632 1112 3 8192 2.000000000 2
633 1113 3 8192 2.000000000 2
633 1113 3 8192 2.000000000 2
634 1114 3 8192 2.000000000 2
634 1114 3 8192 2.000000000 2
635 1115 3 8192 2.000000000 2
635 1115 3 8192 2.000000000 2
636 224 3 8192 2.000000000 2
636 224 3 8192 2.000000000 2
637 225 3 8192 2.000000000 2
637 225 3 8192 2.000000000 2
638 226 3 8192 2.000000000 2
638 226 3 8192 2.000000000 2
639 227 3 8192 2.000000000 2
639 227 3 8192 2.000000000 2
636 292 3 8192 2.000000000 2
636 292 3 8192 2.000000000 2
637 293 3 8192 2.000000000 2
637 293 3 8192 2.000000000 2
638 294 3 8192 2.000000000 2
638 294 3 8192 2.000000000 2
639 295 3 8192 2.000000000 2
639 295 3 8192 2.000000000 2
636 484 3 8192 2.000000000 2
636 484 3 8192 2.000000000 2
637 485 3 8192 2.000000000 2
637 485 3 8192 2.000000000 2
638 486 3 8192 2.000000000 2
638 486 3 8192 2.000000000 2
639 487 3 8192 2.000000000 2
639 487 3 8192 2.000000000 2
636 500 3 8192 2.000000000 2
636 500 3 8192 2.000000000 2
637 501 3 8192 2.000000000 2
637 501 3 8192 2.000000000 2
638 502 3 8192 2.000000000 2
638 502 3 8192 2.000000000 2
639 503 3 8192 2.000000000 2
639 503 3 8192 2.000000000 2
636 704 3 8192 2.000000000 2
636 704 3 8192 2.000000000 2
637 705 3 8192 2.000000000 2
637 705 3 8192 2.000000000 2
638 706 3 8192 2.000000000 2
638 706 3 8192 2.000000000 2
639 707 3 8192 2.000000000 2
639 707 3 8192 2.000000000 2
636 724 3 8192 2.000000000 2
636 724 3 8192 2.000000000 2
637 725 3 8192 2.000000000 2
637 725 3 8192 2.000000000 2
638 726 3 8192 2.000000000 2
638 726 3 8192 2.000000000 2
639 727 3 8192 2.000000000 2
639 727 3 8192 2.000000000 2
636 900 3 8192 2.000000000 2
636 900 3 8192 2.000000000 2
637 901 3 8192 2.000000000 2
637 901 3 8192 2.000000000 2
638 902 3 8192 2.000000000 2
638 902 3 8192 2.000000000 2
639 903 3 8192 2.000000000 2
639 903 3 8192 2.000000000 2
636 1216 3 8192 2.000000000 2
636 1216 3 8192 2.000000000 2
637 1217 3 8192 2.000000000 2
637 1217 3 8192 2.000000000 2
638 1218 3 8192 2.000000000 2
638 1218 3 8192 2.000000000 2
639 1219 3 8192 2.000000000 2
639 1219 3 8192 2.000000000 2
640 128 3 8192 2.000000000 2
640 128 3 8192 2.000000000 2
641 129 3 8192 2.000000000 2
641 129 3 8192 2.000000000 2
642 130 3 8192 2.000000000 2
642 130 3 8192 2.000000000 2
643 131 3 8192 2.000000000 2
643 131 3 8192 2.000000000 2
640 216 3 8192 2.000000000 2
640 216 3 8192 2.000000000 2
641 217 3 8192 2.000000000 2
641 217 3 8192 2.000000000 2
642 218 3 8192 2.000000000 2
642 218 3 8192 2.000000000 2
643 219 3 8192 2.000000000 2
643 219 3 8192 2.000000000 2
640 224 3 8192 2.000000000 2
640 224 3 8192 2.000000000 2
641 225 3 8192 2.000000000 2
641 225 3 8192 2.000000000 2
642 226 3 8192 2.000000000 2
642 226 3 8192 2.000000000 2
643 227 3 8192 2.000000000 2
643 227 3 8192 2.000000000 2
640 284 3 8192 2.000000000 2
640 284 3 8192 2.000000000 2
641 285 3 8192 2.000000000 2
641 285 3 8192 2.000000000 2
642 286 3 8192 2.000000000 2
642 286 3 8192 2.000000000 2
643 287 3 8192 2.000000000 2
643 287 3 8192 2.000000000 2
640 820 3 8192 2.000000000 2
640 820 3 8192 2.000000000 2
641 821 3 8192 2.000000000 2
641 821 3 8192 2.000000000 2
642 822 3 8192 2.000000000 2
642 822 3 8192 2.000000000 2
643 823 3 8192 2.000000000 2
643 823 3 8192 2.000000000 2
640 840 3 8192 2.000000000 2
640 840 3 8192 2.000000000 2
641 841 3 8192 2.000000000 2
641 841 3 8192 2.000000000 2
642 842 3 8192 2.000000000 2
642 842 3 8192 2.000000000 2
643 843 3 8192 2.000000000 2
643 843 3 8192 2.000000000 2
640 888 3 8192 2.000000000 2
640 888 3 8192 2.000000000 2
641 889 3 8192 2.000000000 2
641 889 3 8192 2.000000000 2
642 890 3 8192 2.000000000 2
642 890 3 8192 2.000000000 2
643 891 3 8192 2.000000000 2
643 891 3 8192 2.000000000 2
640 1108 3 8192 2.000000000 2
640 1108 3 8192 2.000000000 2
641 1109 3 8192 2.000000000 2
641 1109 3 8192 2.000000000 2
642 1110 3 8192 2.000000000 2
642 1110 3 8192 2.000000000 2
643 1111 3 8192 2.000000000 2
643 1111 3 8192 2.000000000 2
644 204 3 8192 2.000000000 2
644 204 3 8192 2.000000000 2
645 205 3 8192 2.000000000 2
645 205 3 8192 2.000000000 2
646 206 3 8192 2.000000000 2
646 206 3 8192 2.000000000 2
647 207 3 8192 2.000000000 2
647 207 3 8192 2.000000000 2
644 724 3 8192 2.000000000 2
644 724 3 8192 2.000000000 2
645 725 3 8192 2.000000000 2
645 725 3 8192 2.000000000 2
646 726 3 8192 2.000000000 2
646 726 3 8192 2.000000000 2
647 727 3 8192 2.000000000 2
647 727 3 8192 2.000000000 2
644 932 3 8192 2.000000000 2
644 932 3 8192 2.000000000 2
645 933 3 8192 2.000000000 2
645 933 3 8192 2.000000000 2
646 934 3 8192 2.000000000 2
646 934 3 8192 2.000000000 2
647 935 3 8192 2.000000000 2
647 935 3 8192 2.000000000 2
644 968 3 8192 2.000000000 2
644 968 3 8192 2.000000000 2
645 969 3 8192 2.000000000 2
645 969 3 8192 2.000000000 2
646 970 3 8192 2.000000000 2
646 970 3 8192 2.000000000 2
647 971 3 8192 2.000000000 2
647 971 3 8192 2.000000000 2
644 1084 3 8192 2.000000000 2
644 1084 3 8192 2.000000000 2
645 1085 3 8192 2.000000000 2
645 1085 3 8192 2.000000000 2
646 1086 3 8192 2.000000000 2
646 1086 3 8192 2.000000000 2
647 1087 3 8192 2.000000000 2
647 1087 3 8192 2.000000000 2
644 1192 3 8192 2.000000000 2
644 1192 3 8192 2.000000000 2
645 1193 3 8192 2.000000000 2
645 1193 3 8192 2.000000000 2
646 1194 3 8192 2.000000000 2
646 1194 3 8192 2.000000000 2
647 1195 3 8192 2.000000000 2
647 1195 3 8192 2.000000000 2
644 1212 3 8192 2.000000000 2
644 1212 3 8192 2.000000000 2
645 1213 3 8192 2.000000000 2
645 1213 3 8192 2.000000000 2
646 1214 3 8192 2.000000000 2
646 1214 3 8192 2.000000000 2
647 1215 3 8192 2.000000000 2
647 1215 3 8192 2.000000000 2
644 1224 3 8192 2.000000000 2
644 1224 3 8192 2.000000000 2
645 1225 3 8192 2.000000000 2
645 1225 3 8192 2.000000000 2
646 1226 3 8192 2.000000000 2
646 1226 3 8192 2.000000000 2
647 1227 3 8192 2.000000000 2
647 1227 3 8192 2.000000000 2
648 64 3 8192 2.000000000 2
648 64 3 8192 2.000000000 2
649 65 3 8192 2.000000000 2
649 65 3 8192 2.000000000 2
650 66 3 8192 2.000000000 2
650 66 3 8192 2.000000000 2
651 67 3 8192 2.000000000 2
651 67 3 8192 2.000000000 2
648 260 3 8192 2.000000000 2
648 260 3 8192 2.000000000 2
649 261 3 8192 2.000000000 2
649 261 3 8192 2.000000000 2
650 262 3 8192 2.000000000 2
650 262 3 8192 2.000000000 2
651 263 3 8192 2.000000000 2
651 263 3 8192 2.000000000 2
648 364 3 8192 2.000000000 2
648 364 3 8192 2.000000000 2
649 365 3 8192 2.000000000 2
649 365 3 8192 2.000000000 2
650 366 3 8192 2.000000000 2
650 366 3 8192 2.000000000 2
651 367 3 8192 2.000000000 2
651 367 3 8192 2.000000000 2
648 564 3 8192 2.000000000 2
648 564 3 8192 2.000000000 2
649 565 3 8192 2.000000000 2
649 565 3 8192 2.000000000 2
650 566 3 8192 2.000000000 2
650 566 3 8192 2.000000000 2
651 567 3 8192 2.000000000 2
651 567 3 8192 2.000000000 2
648 812 3 8192 2.000000000 2
648 812 3 8192 2.000000000 2
649 813 3 8192 2.000000000 2
649 813 3 8192 2.000000000 2
650 814 3 8192 2.000000000 2
650 814 3 8192 2.000000000 2
651 815 3 8192 2.000000000 2
651 815 3 8192 2.000000000 2
648 1108 3 8192 2.000000000 2
648 1108 3 8192 2.000000000 2
649 1109 3 8192 2.000000000 2
649 1109 3 8192 2.000000000 2
650 1110 3 8192 2.000000000 2
650 1110 3 8192 2.000000000 2
651 1111 3 8192 2.000000000 2
651 1111 3 8192 2.000000000 2
648 1228 3 8192 2.000000000 2
648 1228 3 8192 2.000000000 2
649 1229 3 8192 2.000000000 2
649 1229 3 8192 2.000000000 2
650 1230 3 8192 2.000000000 2
650 1230 3 8192 2.000000000 2
651 1231 3 8192 2.000000000 2
651 1231 3 8192 2.000000000 2
648 1240 3 8192 2.000000000 2
648 1240 3 8192 2.000000000 2
649 1241 3 8192 2.000000000 2
649 1241 3 8192 2.000000000 2
650 1242 3 8192 2.000000000 2
650 1242 3 8192 2.000000000 2
651 1243 3 8192 2.000000000 2
651 1243 3 8192 2.000000000 2
652 392 3 8192 2.000000000 2
652 392 3 8192 2.000000000 2
653 393 3 8192 2.000000000 2
653 393 3 8192 2.000000000 2
654 394 3 8192 2.000000000 2
654 394 3 8192 2.000000000 2
655 395 3 8192 2.000000000 2
655 395 3 8192 2.000000000 2
652 516 3 8192 2.000000000 2
652 516 3 8192 2.000000000 2
653 517 3 8192 2.000000000 2
653 517 3 8192 2.000000000 2
654 518 3 8192 2.000000000 2
654 518 3 8192 2.000000000 2
655 519 3 8192 2.000000000 2
655 519 3 8192 2.000000000 2
652 536 3 8192 2.000000000 2
652 536 3 8192 2.000000000 2
653 537 3 8192 2.000000000 2
653 537 3 8192 2.000000000 2
654 538 3 8192 2.000000000 2
654 538 3 8192 2.000000000 2
655 539 3 8192 2.000000000 2
655 539 3 8192 2.000000000 2
652 560 3 8192 2.000000000 2
652 560 3 8192 2.000000000 2
653 561 3 8192 2.000000000 2
653 561 3 8192 2.000000000 2
654 562 3 8192 2.000000000 2
654 562 3 8192 2.000000000 2
655 563 3 8192 2.000000000 2
655 563 3 8192 2.000000000 2
652 696 3 8192 2.000000000 2
652 696 3 8192 2.000000000 2
653 697 3 8192 2.000000000 2
653 697 3 8192 2.000000000 2
654 698 3 8192 2.000000000 2
654 698 3 8192 2.000000000 2
655 699 3 8192 2.000000000 2
655 699 3 8192 2.000000000 2
652 1156 3 8192 2.000000000 2
652 1156 3 8192 2.000000000 2
653 1157 3 8192 2.000000000 2
653 1157 3 8192 2.000000000 2
654 1158 3 8192 2.000000000 2
654 1158 3 8192 2.000000000 2
655 1159 3 8192 2.000000000 2
655 1159 3 8192 2.000000000 2
652 1216 3 8192 2.000000000 2
652 1216 3 8192 2.000000000 2
653 1217 3 8192 2.000000000 2
653 1217 3 8192 2.000000000 2
654 1218 3 8192 2.000000000 2
654 1218 3 8192 2.000000000 2
655 1219 3 8192 2.000000000 2
655 1219 3 8192 2.000000000 2
652 1240 3 8192 2.000000000 2
652 1240 3 8192 2.000000000 2
653 1241 3 8192 2.000000000 2
653 1241 3 8192 2.000000000 2
654 1242 3 8192 2.000000000 2
654 1242 3 8192 2.000000000 2
655 1243 3 8192 2.000000000 2
655 1243 3 8192 2.000000000 2
656 180 3 8192 2.000000000 2
656 180 3 8192 2.000000000 2
657 181 3 8192 2.000000000 2
657 181 3 8192 2.000000000 2
658 182 3 8192 2.000000000 2
658 182 3 8192 2.000000000 2
659 183 3 8192 2.000000000 2
659 183 3 8192 2.000000000 2
656 404 3 8192 2.000000000 2
656 404 3 8192 2.000000000 2
657 405 3 8192 2.000000000 2
657 405 3 8192 2.000000000 2
658 406 3 8192 2.000000000 2
658 406 3 8192 2.000000000 2
659 407 3 8192 2.000000000 2
659 407 3 8192 2.000000000 2
656 440 3 8192 2.000000000 2
656 440 3 8192 2.000000000 2
657 441 3 8192 2.000000000 2
657 441 3 8192 2.000000000 2
658 442 3 8192 2.000000000 2
658 442 3 8192 2.000000000 2
659 443 3 8192 2.000000000 2
659 443 3 8192 2.000000000 2
656 620 3 8192 2.000000000 2
656 620 3 8192 2.000000000 2
657 621 3 8192 2.000000000 2
657 621 3 8192 2.000000000 2
658 622 3 8192 2.000000000 2
658 622 3 8192 2.000000000 2
659 623 3 8192 2.000000000 2
659 623 3 8192 2.000000000 2
656 632 3 8192 2.000000000 2
656 632 3 8192 2.000000000 2
657 633 3 8192 2.000000000 2
657 633 3 8192 2.000000000 2
658 634 3 8192 2.000000000 2
658 634 3 8192 2.000000000 2
659 635 3 8192 2.000000000 2
659 635 3 8192 2.000000000 2
656 936 3 8192 2.000000000 2
656 936 3 8192 2.000000000 2
657 937 3 8192 2.000000000 2
657 937 3 8192 2.000000000 2
658 938 3 8192 2.000000000 2
658 938 3 8192 2.000000000 2
659 939 3 8192 2.000000000 2
659 939 3 8192 2.000000000 2
656 1148 3 8192 2.000000000 2
656 1148 3 8192 2.000000000 2
657 1149 3 8192 2.000000000 2
657 1149 3 8192 2.000000000 2
658 1150 3 8192 2.000000000 2
658 1150 3 8192 2.000000000 2
659 1151 3 8192 2.000000000 2
659 1151 3 8192 2.000000000 2
656 1208 3 8192 2.000000000 2
656 1208 3 8192 2.000000000 2
657 1209 3 8192 2.000000000 2
657 1209 3 8192 2.000000000 2
658 1210 3 8192 2.000000000 2
658 1210 3 8192 2.000000000 2
659 1211 3 8192 2.000000000 2
659 1211 3 8192 2.000000000 2
660 0 3 8192 2.000000000 2
660 0 3 8192 2.000000000 2
661 1 3 8192 2.000000000 2
661 1 3 8192 2.000000000 2
662 2 3 8192 2.000000000 2
662 2 3 8192 2.000000000 2
663 3 3 8192 2.000000000 2
663 3 3 8192 2.000000000 2
660 96 3 8192 2.000000000 2
660 96 3 8192 2.000000000 2
661 97 3 8192 2.000000000 2
661 97 3 8192 2.000000000 2
662 98 3 8192 2.000000000 2
662 98 3 8192 2.000000000 2
663 99 3 8192 2.000000000 2
663 99 3 8192 2.000000000 2
660 268 3 8192 2.000000000 2
660 268 3 8192 2.000000000 2
661 269 3 8192 2.000000000 2
661 269 3 8192 2.000000000 2
662 270 3 8192 2.000000000 2
662 270 3 8192 2.000000000 2
663 271 3 8192 2.000000000 2
663 271 3 8192 2.000000000 2
660 324 3 8192 2.000000000 2
660 324 3 8192 2.000000000 2
661 325 3 8192 2.000000000 2
661 325 3 8192 2.000000000 2
662 326 3 8192 2.000000000 2
662 326 3 8192 2.000000000 2
663 327 3 8192 2.000000000 2
663 327 3 8192 2.000000000 2
660 428 3 8192 2.000000000 2
660 428 3 8192 2.000000000 2
661 429 3 8192 2.000000000 2
661 429 3 8192 2.000000000 2
662 430 3 8192 2.000000000 2
662 430 3 8192 2.000000000 2
663 431 3 8192 2.000000000 2
663 431 3 8192 2.000000000 2
660 744 3 8192 2.000000000 2
660 744 3 8192 2.000000000 2
661 745 3 8192 2.000000000 2
661 745 3 8192 2.000000000 2
662 746 3 8192 2.000000000 2
662 746 3 8192 2.000000000 2
663 747 3 8192 2.000000000 2
663 747 3 8192 2.000000000 2
660 876 3 8192 2.000000000 2
660 876 3 8192 2.000000000 2
661 877 3 8192 2.000000000 2
661 877 3 8192 2.000000000 2
662 878 3 8192 2.000000000 2
662 878 3 8192 2.000000000 2
663 879 3 8192 2.000000000 2
663 879 3 8192 2.000000000 2
660 924 3 8192 2.000000000 2
660 924 3 8192 2.000000000 2
661 925 3 8192 2.000000000 2
661 925 3 8192 2.000000000 2
662 926 3 8192 2.000000000 2
662 926 3 8192 2.000000000 2
663 927 3 8192 2.000000000 2
663 927 3 8192 2.000000000 2
668 80 3 8192 2.000000000 2
668 80 3 8192 2.000000000 2
669 81 3 8192 2.000000000 2
669 81 3 8192 2.000000000 2
670 82 3 8192 2.000000000 2
670 82 3 8192 2.000000000 2
671 83 3 8192 2.000000000 2
671 83 3 8192 2.000000000 2
668 88 3 8192 2.000000000 2
668 88 3 8192 2.000000000 2
669 89 3 8192 2.000000000 2
669 89 3 8192 2.000000000 2
670 90 3 8192 2.000000000 2
670 90 3 8192 2.000000000 2
671 91 3 8192 2.000000000 2
671 91 3 8192 2.000000000 2
668 788 3 8192 2.000000000 2
668 788 3 8192 2.000000000 2
669 789 3 8192 2.000000000 2
669 789 3 8192 2.000000000 2
670 790 3 8192 2.000000000 2
670 790 3 8192 2.000000000 2
671 791 3 8192 2.000000000 2
671 791 3 8192 2.000000000 2
668 812 3 8192 2.000000000 2
668 812 3 8192 2.000000000 2
669 813 3 8192 2.000000000 2
669 813 3 8192 2.000000000 2
670 814 3 8192 2.000000000 2
670 814 3 8192 2.000000000 2
671 815 3 8192 2.000000000 2
671 815 3 8192 2.000000000 2
668 948 3 8192 2.000000000 2
668 948 3 8192 2.000000000 2
669 949 3 8192 2.000000000 2
669 949 3 8192 2.000000000 2
670 950 3 8192 2.000000000 2
670 950 3 8192 2.000000000 2
671 951 3 8192 2.000000000 2
671 951 3 8192 2.000000000 2
668 972 3 8192 2.000000000 2
668 972 3 8192 2.000000000 2
669 973 3 8192 2.000000000 2
669 973 3 8192 2.000000000 2
670 974 3 8192 2.000000000 2
670 974 3 8192 2.000000000 2
671 975 3 8192 2.000000000 2
671 975 3 8192 2.000000000 2
668 1184 3 8192 2.000000000 2
668 1184 3 8192 2.000000000 2
669 1185 3 8192 2.000000000 2
669 1185 3 8192 2.000000000 2
670 1186 3 8192 2.000000000 2
670 1186 3 8192 2.000000000 2
671 1187 3 8192 2.000000000 2
671 1187 3 8192 2.000000000 2
668 1228 3 8192 2.000000000 2
668 1228 3 8192 2.000000000 2
669 1229 3 8192 2.000000000 2
669 1229 3 8192 2.000000000 2
670 1230 3 8192 2.000000000 2
670 1230 3 8192 2.000000000 2
671 1231 3 8192 2.000000000 2
671 1231 3 8192 2.000000000 2
672 188 3 8192 2.000000000 2
672 188 3 8192 2.000000000 2
673 189 3 8192 2.000000000 2
673 189 3 8192 2.000000000 2
674 190 3 8192 2.000000000 2
674 190 3 8192 2.000000000 2
675 191 3 8192 2.000000000 2
675 191 3 8192 2.000000000 2
672 196 3 8192 2.000000000 2
672 196 3 8192 2.000000000 2
673 197 3 8192 2.000000000 2
673 197 3 8192 2.000000000 2
674 198 3 8192 2.000000000 2
674 198 3 8192 2.000000000 2
675 199 3 8192 2.000000000 2
675 199 3 8192 2.000000000 2
672 220 3 8192 2.000000000 2
672 220 3 8192 2.000000000 2
673 221 3 8192 2.000000000 2
673 221 3 8192 2.000000000 2
674 222 3 8192 2.000000000 2
674 222 3 8192 2.000000000 2
675 223 3 8192 2.000000000 2
675 223 3 8192 2.000000000 2
672 548 3 8192 2.000000000 2
672 548 3 8192 2.000000000 2
673 549 3 8192 2.000000000 2
673 549 3 8192 2.000000000 2
674 550 3 8192 2.000000000 2
674 550 3 8192 2.000000000 2
675 551 3 8192 2.000000000 2
675 551 3 8192 2.000000000 2
672 640 3 8192 2.000000000 2
672 640 3 8192 2.000000000 2
673 641 3 8192 2.000000000 2
673 641 3 8192 2.000000000 2
674 642 3 8192 2.000000000 2
674 642 3 8192 2.000000000 2
675 643 3 8192 2.000000000 2
675 643 3 8192 2.000000000 2
672 980 3 8192 2.000000000 2
672 980 3 8192 2.000000000 2
673 981 3 8192 2.000000000 2
673 981 3 8192 2.000000000 2
674 982 3 8192 2.000000000 2
674 982 3 8192 2.000000000 2
675 983 3 8192 2.000000000 2
675 983 3 8192 2.000000000 2
672 1064 3 8192 2.000000000 2
672 1064 3 8192 2.000000000 2
673 1065 3 8192 2.000000000 2
673 1065 3 8192 2.000000000 2
674 1066 3 8192 2.000000000 2
674 1066 3 8192 2.000000000 2
675 1067 3 8192 2.000000000 2
675 1067 3 8192 2.000000000 2
672 1240 3 8192 2.000000000 2
672 1240 3 8192 2.000000000 2
673 1241 3 8192 2.000000000 2
673 1241 3 8192 2.000000000 2
674 1242 3 8192 2.000000000 2
674 1242 3 8192 2.000000000 2
675 1243 3 8192 2.000000000 2
675 1243 3 8192 2.000000000 2
676 216 3 8192 2.000000000 2
676 216 3 8192 2.000000000 2
677 217 3 8192 2.000000000 2
677 217 3 8192 2.000000000 2
678 218 3 8192 2.000000000 2
678 218 3 8192 2.000000000 2
679 219 3 8192 2.000000000 2
679 219 3 8192 2.000000000 2
676 316 3 8192 2.000000000 2
676 316 3 8192 2.000000000 2
677 317 3 8192 2.000000000 2
677 317 3 8192 2.000000000 2
678 318 3 8192 2.000000000 2
678 318 3 8192 2.000000000 2
679 319 3 8192 2.000000000 2
679 319 3 8192 2.000000000 2
676 520 3 8192 2.000000000 2
676 520 3 8192 2.000000000 2
677 521 3 8192 2.000000000 2
677 521 3 8192 2.000000000 2
678 522 3 8192 2.000000000 2
678 522 3 8192 2.000000000 2
679 523 3 8192 2.000000000 2
679 523 3 8192 2.000000000 2
676 1016 3 8192 2.000000000 2
676 1016 3 8192 2.000000000 2
677 1017 3 8192 2.000000000 2
677 1017 3 8192 2.000000000 2
678 1018 3 8192 2.000000000 2
678 1018 3 8192 2.000000000 2
679 1019 3 8192 2.000000000 2
679 1019 3 8192 2.000000000 2
676 1044 3 8192 2.000000000 2
676 1044 3 8192 2.000000000 2
677 1045 3 8192 2.000000000 2
677 1045 3 8192 2.000000000 2
678 1046 3 8192 2.000000000 2
678 1046 3 8192 2.000000000 2
679 1047 3 8192 2.000000000 2
679 1047 3 8192 2.000000000 2
676 1220 3 8192 2.000000000 2
676 1220 3 8192 2.000000000 2
677 1221 3 8192 2.000000000 2
677 1221 3 8192 2.000000000 2
678 1222 3 8192 2.000000000 2
678 1222 3 8192 2.000000000 2
679 1223 3 8192 2.000000000 2
679 1223 3 8192 2.000000000 2
676 1248 3 8192 2.000000000 2
676 1248 3 8192 2.000000000 2
677 1249 3 8192 2.000000000 2
677 1249 3 8192 2.000000000 2
678 1250 3 8192 2.000000000 2
678 1250 3 8192 2.000000000 2
679 1251 3 8192 2.000000000 2
679 1251 3 8192 2.000000000 2
676 1252 3 8192 2.000000000 2
676 1252 3 8192 2.000000000 2
677 1253 3 8192 2.000000000 2
677 1253 3 8192 2.000000000 2
678 1254 3 8192 2.000000000 2
678 1254 3 8192 2.000000000 2
679 1255 3 8192 2.000000000 2
679 1255 3 8192 2.000000000 2
688 252 3 8192 2.000000000 2
688 252 3 8192 2.000000000 2
689 253 3 8192 2.000000000 2
689 253 3 8192 2.000000000 2
690 254 3 8192 2.000000000 2
690 254 3 8192 2.000000000 2
691 255 3 8192 2.000000000 2
691 255 3 8192 2.000000000 2
688 320 3 8192 2.000000000 2
688 320 3 8192 2.000000000 2
689 321 3 8192 2.000000000 2
689 321 3 8192 2.000000000 2
690 322 3 8192 2.000000000 2
690 322 3 8192 2.000000000 2
691 323 3 8192 2.000000000 2
691 323 3 8192 2.000000000 2
688 468 3 8192 2.000000000 2
688 468 3 8192 2.000000000 2
689 469 3 8192 2.000000000 2
689 469 3 8192 2.000000000 2
690 470 3 8192 2.000000000 2
690 470 3 8192 2.000000000 2
691 471 3 8192 2.000000000 2
691 471 3 8192 2.000000000 2
688 520 3 8192 2.000000000 2
688 520 3 8192 2.000000000 2
689 521 3 8192 2.000000000 2
689 521 3 8192 2.000000000 2
690 522 3 8192 2.000000000 2
690 522 3 8192 2.000000000 2
691 523 3 8192 2.000000000 2
691 523 3 8192 2.000000000 2
688 560 3 8192 2.000000000 2
688 560 3 8192 2.000000000 2
689 561 3 8192 2.000000000 2
689 561 3 8192 2.000000000 2
690 562 3 8192 2.000000000 2
690 562 3 8192 2.000000000 2
691 563 3 8192 2.000000000 2
691 563 3 8192 2.000000000 2
688 784 3 8192 2.000000000 2
688 784 3 8192 2.000000000 2
689 785 3 8192 2.000000000 2
689 785 3 8192 2.000000000 2
690 786 3 8192 2.000000000 2
690 786 3 8192 2.000000000 2
691 787 3 8192 2.000000000 2
691 787 3 8192 2.000000000 2
688 852 3 8192 2.000000000 2
688 852 3 8192 2.000000000 2
689 853 3 8192 2.000000000 2
689 853 3 8192 2.000000000 2
690 854 3 8192 2.000000000 2
690 854 3 8192 2.000000000 2
691 855 3 8192 2.000000000 2
691 855 3 8192 2.000000000 2
688 1076 3 8192 2.000000000 2
688 1076 3 8192 2.000000000 2
689 1077 3 8192 2.000000000 2
689 1077 3 8192 2.000000000 2
690 1078 3 8192 2.000000000 2
690 1078 3 8192 2.000000000 2
691 1079 3 8192 2.000000000 2
691 1079 3 8192 2.000000000 2
692 92 3 8192 2.000000000 2
692 92 3 8192 2.000000000 2
693 93 3 8192 2.000000000 2
693 93 3 8192 2.000000000 2
694 94 3 8192 2.000000000 2
694 94 3 8192 2.000000000 2
695 95 3 8192 2.000000000 2
695 95 3 8192 2.000000000 2
692 188 3 8192 2.000000000 2
692 188 3 8192 2.000000000 2
693 189 3 8192 2.000000000 2
693 189 3 8192 2.000000000 2
694 190 3 8192 2.000000000 2
694 190 3 8192 2.000000000 2
695 191 3 8192 2.000000000 2
695 191 3 8192 2.000000000 2
692 284 3 8192 2.000000000 2
692 284 3 8192 2.000000000 2
693 285 3 8192 2.000000000 2
693 285 3 8192 2.000000000 2
694 286 3 8192 2.000000000 2
694 286 3 8192 2.000000000 2
695 287 3 8192 2.000000000 2
695 287 3 8192 2.000000000 2
692 360 3 8192 2.000000000 2
692 360 3 8192 2.000000000 2
693 361 3 8192 2.000000000 2
693 361 3 8192 2.000000000 2
694 362 3 8192 2.000000000 2
694 362 3 8192 2.000000000 2
695 363 3 8192 2.000000000 2
695 363 3 8192 2.000000000 2
692 536 3 8192 2.000000000 2
692 536 3 8192 2.000000000 2
693 537 3 8192 2.000000000 2
693 537 3 8192 2.000000000 2
694 538 3 8192 2.000000000 2
694 538 3 8192 2.000000000 2
695 539 3 8192 2.000000000 2
695 539 3 8192 2.000000000 2
692 1148 3 8192 2.000000000 2
692 1148 3 8192 2.000000000 2
693 1149 3 8192 2.000000000 2
693 1149 3 8192 2.000000000 2
694 1150 3 8192 2.000000000 2
694 1150 3 8192 2.000000000 2
695 1151 3 8192 2.000000000 2
695 1151 3 8192 2.000000000 2
692 1216 3 8192 2.000000000 2
692 1216 3 8192 2.000000000 2
693 1217 3 8192 2.000000000 2
693 1217 3 8192 2.000000000 2
694 1218 3 8192 2.000000000 2
694 1218 3 8192 2.000000000 2
695 1219 3 8192 2.000000000 2
695 1219 3 8192 2.000000000 2
692 1232 3 8192 2.000000000 2
692 1232 3 8192 2.000000000 2
693 1233 3 8192 2.000000000 2
693 1233 3 8192 2.000000000 2
694 1234 3 8192 2.000000000 2
694 1234 3 8192 2.000000000 2
695 1235 3 8192 2.000000000 2
695 1235 3 8192 2.000000000 2
696 168 3 8192 2.000000000 2
696 168 3 8192 2.000000000 2
697 169 3 8192 2.000000000 2
697 169 3 8192 2.000000000 2
698 170 3 8192 2.000000000 2
698 170 3 8192 2.000000000 2
699 171 3 8192 2.000000000 2
699 171 3 8192 2.000000000 2
696 204 3 8192 2.000000000 2
696 204 3 8192 2.000000000 2
697 205 3 8192 2.000000000 2
697 205 3 8192 2.000000000 2
698 206 3 8192 2.000000000 2
698 206 3 8192 2.000000000 2
699 207 3 8192 2.000000000 2
699 207 3 8192 2.000000000 2
696 264 3 8192 2.000000000 2
696 264 3 8192 2.000000000 2
697 265 3 8192 2.000000000 2
697 265 3 8192 2.000000000 2
698 266 3 8192 2.000000000 2
698 266 3 8192 2.000000000 2
699 267 3 8192 2.000000000 2
699 267 3 8192 2.000000000 2
696 776 3 8192 2.000000000 2
696 776 3 8192 2.000000000 2
697 777 3 8192 2.000000000 2
697 777 3 8192 2.000000000 2
698 778 3 8192 2.000000000 2
698 778 3 8192 2.000000000 2
699 779 3 8192 2.000000000 2
699 779 3 8192 2.000000000 2
696 880 3 8192 2.000000000 2
696 880 3 8192 2.000000000 2
697 881 3 8192 2.000000000 2
697 881 3 8192 2.000000000 2
698 882 3 8192 2.000000000 2
698 882 3 8192 2.000000000 2
699 883 3 8192 2.000000000 2
699 883 3 8192 2.000000000 2
696 940 3 8192 2.000000000 2
696 940 3 8192 2.000000000 2
697 941 3 8192 2.000000000 2
697 941 3 8192 2.000000000 2
698 942 3 8192 2.000000000 2
698 942 3 8192 2.000000000 2
699 943 3 8192 2.000000000 2
699 943 3 8192 2.000000000 2
696 956 3 8192 2.000000000 2
696 956 3 8192 2.000000000 2
697 957 3 8192 2.000000000 2
697 957 3 8192 2.000000000 2
698 958 3 8192 2.000000000 2
698 958 3 8192 2.000000000 2
699 959 3 8192 2.000000000 2
699 959 3 8192 2.000000000 2
696 1212 3 8192 2.000000000 2
696 1212 3 8192 2.000000000 2
697 1213 3 8192 2.000000000 2
697 1213 3 8192 2.000000000 2
698 1214 3 8192 2.000000000 2
698 1214 3 8192 2.000000000 2
699 1215 3 8192 2.000000000 2
699 1215 3 8192 2.000000000 2
700 12 3 8192 2.000000000 2
700 12 3 8192 2.000000000 2
701 13 3 8192 2.000000000 2
701 13 3 8192 2.000000000 2
702 14 3 8192 2.000000000 2
702 14 3 8192 2.000000000 2
703 15 3 8192 2.000000000 2
703 15 3 8192 2.000000000 2
700 196 3 8192 2.000000000 2
700 196 3 8192 2.000000000 2
701 197 3 8192 2.000000000 2
701 197 3 8192 2.000000000 2
702 198 3 8192 2.000000000 2
702 198 3 8192 2.000000000 2
703 199 3 8192 2.000000000 2
703 199 3 8192 2.000000000 2
700 360 3 8192 2.000000000 2
700 360 3 8192 2.000000000 2
701 361 3 8192 2.000000000 2
701 361 3 8192 2.000000000 2
702 362 3 8192 2.000000000 2
702 362 3 8192 2.000000000 2
703 363 3 8192 2.000000000 2
703 363 3 8192 2.000000000 2
700 444 3 8192 2.000000000 2
700 444 3 8192 2.000000000 2
701 445 3 8192 2.000000000 2
701 445 3 8192 2.000000000 2
702 446 3 8192 2.000000000 2
702 446 3 8192 2.000000000 2
703 447 3 8192 2.000000000 2
703 447 3 8192 2.000000000 2
700 588 3 8192 2.000000000 2
700 588 3 8192 2.000000000 2
701 589 3 8192 2.000000000 2
701 589 3 8192 2.000000000 2
702 590 3 8192 2.000000000 2
702 590 3 8192 2.000000000 2
703 591 3 8192 2.000000000 2
703 591 3 8192 2.000000000 2
700 844 3 8192 2.000000000 2
700 844 3 8192 2.000000000 2
701 845 3 8192 2.000000000 2
701 845 3 8192 2.000000000 2
702 846 3 8192 2.000000000 2
702 846 3 8192 2.000000000 2
703 847 3 8192 2.000000000 2
703 847 3 8192 2.000000000 2
700 880 3 8192 2.000000000 2
700 880 3 8192 2.000000000 2
701 881 3 8192 2.000000000 2
701 881 3 8192 2.000000000 2
702 882 3 8192 2.000000000 2
702 882 3 8192 2.000000000 2
703 883 3 8192 2.000000000 2
703 883 3 8192 2.000000000 2
700 976 3 8192 2.000000000 2
700 976 3 8192 2.000000000 2
701 977 3 8192 2.000000000 2
701 977 3 8192 2.000000000 2
702 978 3 8192 2.000000000 2
702 978 3 8192 2.000000000 2
703 979 3 8192 2.000000000 2
703 979 3 8192 2.000000000 2
704 140 3 8192 2.000000000 2
704 140 3 8192 2.000000000 2
705 141 3 8192 2.000000000 2
705 141 3 8192 2.000000000 2
706 142 3 8192 2.000000000 2
706 142 3 8192 2.000000000 2
707 143 3 8192 2.000000000 2
707 143 3 8192 2.000000000 2
704 164 3 8192 2.000000000 2
704 164 3 8192 2.000000000 2
705 165 3 8192 2.000000000 2
705 165 3 8192 2.000000000 2
706 166 3 8192 2.000000000 2
706 166 3 8192 2.000000000 2
707 167 3 8192 2.000000000 2
707 167 3 8192 2.000000000 2
704 428 3 8192 2.000000000 2
704 428 3 8192 2.000000000 2
705 429 3 8192 2.000000000 2
705 429 3 8192 2.000000000 2
706 430 3 8192 2.000000000 2
706 430 3 8192 2.000000000 2
707 431 3 8192 2.000000000 2
707 431 3 8192 2.000000000 2
704 692 3 8192 2.000000000 2
704 692 3 8192 2.000000000 2
705 693 3 8192 2.000000000 2
705 693 3 8192 2.000000000 2
706 694 3 8192 2.000000000 2
706 694 3 8192 2.000000000 2
707 695 3 8192 2.000000000 2
707 695 3 8192 2.000000000 2
704 696 3 8192 2.000000000 2
704 696 3 8192 2.000000000 2
705 697 3 8192 2.000000000 2
705 697 3 8192 2.000000000 2
706 698 3 8192 2.000000000 2
706 698 3 8192 2.000000000 2
707 699 3 8192 2.000000000 2
707 699 3 8192 2.000000000 2
704 792 3 8192 2.000000000 2
704 792 3 8192 2.000000000 2
705 793 3 8192 2.000000000 2
705 793 3 8192 2.000000000 2
706 794 3 8192 2.000000000 2
706 794 3 8192 2.000000000 2
707 795 3 8192 2.000000000 2
707 795 3 8192 2.000000000 2
704 832 3 8192 2.000000000 2
704 832 3 8192 2.000000000 2
705 833 3 8192 2.000000000 2
705 833 3 8192 2.000000000 2
706 834 3 8192 2.000000000 2
706 834 3 8192 2.000000000 2
707 835 3 8192 2.000000000 2
707 835 3 8192 2.000000000 2
704 988 3 8192 2.000000000 2
704 988 3 8192 2.000000000 2
705 989 3 8192 2.000000000 2
705 989 3 8192 2.000000000 2
706 990 3 8192 2.000000000 2
706 990 3 8192 2.000000000 2
707 991 3 8192 2.000000000 2
707 991 3 8192 2.000000000 2
712 168 3 8192 2.000000000 2
712 168 3 8192 2.000000000 2
713 169 3 8192 2.000000000 2
713 169 3 8192 2.000000000 2
714 170 3 8192 2.000000000 2
714 170 3 8192 2.000000000 2
715 171 3 8192 2.000000000 2
715 171 3 8192 2.000000000 2
712 300 3 8192 2.000000000 2
712 300 3 8192 2.000000000 2
713 301 3 8192 2.000000000 2
713 301 3 8192 2.000000000 2
714 302 3 8192 2.000000000 2
714 302 3 8192 2.000000000 2
715 303 3 8192 2.000000000 2
715 303 3 8192 2.000000000 2
712 404 3 8192 2.000000000 2
712 404 3 8192 2.000000000 2
713 405 3 8192 2.000000000 2
713 405 3 8192 2.000000000 2
714 406 3 8192 2.000000000 2
714 406 3 8192 2.000000000 2
715 407 3 8192 2.000000000 2
715 407 3 8192 2.000000000 2
712 580 3 8192 2.000000000 2
712 580 3 8192 2.000000000 2
713 581 3 8192 2.000000000 2
713 581 3 8192 2.000000000 2
714 582 3 8192 2.000000000 2
714 582 3 8192 2.000000000 2
715 583 3 8192 2.000000000 2
715 583 3 8192 2.000000000 2
712 624 3 8192 2.000000000 2
712 624 3 8192 2.000000000 2
713 625 3 8192 2.000000000 2
713 625 3 8192 2.000000000 2
714 626 3 8192 2.000000000 2
714 626 3 8192 2.000000000 2
715 627 3 8192 2.000000000 2
715 627 3 8192 2.000000000 2
712 724 3 8192 2.000000000 2
712 724 3 8192 2.000000000 2
713 725 3 8192 2.000000000 2
713 725 3 8192 2.000000000 2
714 726 3 8192 2.000000000 2
714 726 3 8192 2.000000000 2
715 727 3 8192 2.000000000 2
715 727 3 8192 2.000000000 2
712 868 3 8192 2.000000000 2
712 868 3 8192 2.000000000 2
713 869 3 8192 2.000000000 2
713 869 3 8192 2.000000000 2
714 870 3 8192 2.000000000 2
714 870 3 8192 2.000000000 2
715 871 3 8192 2.000000000 2
715 871 3 8192 2.000000000 2
712 1064 3 8192 2.000000000 2
712 1064 3 8192 2.000000000 2
713 1065 3 8192 2.000000000 2
713 1065 3 8192 2.000000000 2
714 1066 3 8192 2.000000000 2
714 1066 3 8192 2.000000000 2
715 1067 3 8192 2.000000000 2
715 1067 3 8192 2.000000000 2
716 92 3 8192 2.000000000 2
716 92 3 8192 2.000000000 2
717 93 3 8192 2.000000000 2
717 93 3 8192 2.000000000 2
718 94 3 8192 2.000000000 2
718 94 3 8192 2.000000000 2
719 95 3 8192 2.000000000 2
719 95 3 8192 2.000000000 2
716 208 3 8192 2.000000000 2
716 208 3 8192 2.000000000 2
717 209 3 8192 2.000000000 2
717 209 3 8192 2.000000000 2
718 210 3 8192 2.000000000 2
718 210 3 8192 2.000000000 2
719 211 3 8192 2.000000000 2
719 211 3 8192 2.000000000 2
716 600 3 8192 2.000000000 2
716 600 3 8192 2.000000000 2
717 601 3 8192 2.000000000 2
717 601 3 8192 2.000000000 2
718 602 3 8192 2.000000000 2
718 602 3 8192 2.000000000 2
719 603 3 8192 2.000000000 2
719 603 3 8192 2.000000000 2
716 812 3 8192 2.000000000 2
716 812 3 8192 2.000000000 2
717 813 3 8192 2.000000000 2
717 813 3 8192 2.000000000 2
718 814 3 8192 2.000000000 2
718 814 3 8192 2.000000000 2
719 815 3 8192 2.000000000 2
719 815 3 8192 2.000000000 2
716 960 3 8192 2.000000000 2
716 960 3 8192 2.000000000 2
717 961 3 8192 2.000000000 2
717 961 3 8192 2.000000000 2
718 962 3 8192 2.000000000 2
718 962 3 8192 2.000000000 2
719 963 3 8192 2.000000000 2
719 963 3 8192 2.000000000 2
716 972 3 8192 2.000000000 2
716 972 3 8192 2.000000000 2
717 973 3 8192 2.000000000 2
717 973 3 8192 2.000000000 2
718 974 3 8192 2.000000000 2
718 974 3 8192 2.000000000 2
719 975 3 8192 2.000000000 2
719 975 3 8192 2.000000000 2
716 1136 3 8192 2.000000000 2
716 1136 3 8192 2.000000000 2
717 1137 3 8192 2.000000000 2
717 1137 3 8192 2.000000000 2
718 1138 3 8192 2.000000000 2
718 1138 3 8192 2.000000000 2
719 1139 3 8192 2.000000000 2
719 1139 3 8192 2.000000000 2
716 1252 3 8192 2.000000000 2
716 1252 3 8192 2.000000000 2
717 1253 3 8192 2.000000000 2
717 1253 3 8192 2.000000000 2
718 1254 3 8192 2.000000000 2
718 1254 3 8192 2.000000000 2
719 1255 3 8192 2.000000000 2
719 1255 3 8192 2.000000000 2
724 56 3 8192 2.000000000 2
724 56 3 8192 2.000000000 2
725 57 3 8192 2.000000000 2
725 57 3 8192 2.000000000 2
726 58 3 8192 2.000000000 2
726 58 3 8192 2.000000000 2
727 59 3 8192 2.000000000 2
727 59 3 8192 2.000000000 2
724 348 3 8192 2.000000000 2
724 348 3 8192 2.000000000 2
725 349 3 8192 2.000000000 2
725 349 3 8192 2.000000000 2
726 350 3 8192 2.000000000 2
726 350 3 8192 2.000000000 2
727 351 3 8192 2.000000000 2
727 351 3 8192 2.000000000 2
724 460 3 8192 2.000000000 2
724 460 3 8192 2.000000000 2
725 461 3 8192 2.000000000 2
725 461 3 8192 2.000000000 2
726 462 3 8192 2.000000000 2
726 462 3 8192 2.000000000 2
727 463 3 8192 2.000000000 2
727 463 3 8192 2.000000000 2
724 936 3 8192 2.000000000 2
724 936 3 8192 2.000000000 2
725 937 3 8192 2.000000000 2
725 937 3 8192 2.000000000 2
726 938 3 8192 2.000000000 2
726 938 3 8192 2.000000000 2
727 939 3 8192 2.000000000 2
727 939 3 8192 2.000000000 2
724 1128 3 8192 2.000000000 2
724 1128 3 8192 2.000000000 2
725 1129 3 8192 2.000000000 2
725 1129 3 8192 2.000000000 2
726 1130 3 8192 2.000000000 2
726 1130 3 8192 2.000000000 2
727 1131 3 8192 2.000000000 2
727 1131 3 8192 2.000000000 2
724 1168 3 8192 2.000000000 2
724 1168 3 8192 2.000000000 2
725 1169 3 8192 2.000000000 2
725 1169 3 8192 2.000000000 2
726 1170 3 8192 2.000000000 2
726 1170 3 8192 2.000000000 2
727 1171 3 8192 2.000000000 2
727 1171 3 8192 2.000000000 2
724 1220 3 8192 2.000000000 2
724 1220 3 8192 2.000000000 2
725 1221 3 8192 2.000000000 2
725 1221 3 8192 2.000000000 2
726 1222 3 8192 2.000000000 2
726 1222 3 8192 2.000000000 2
727 1223 3 8192 2.000000000 2
727 1223 3 8192 2.000000000 2
724 1264 3 8192 2.000000000 2
724 1264 3 8192 2.000000000 2
725 1265 3 8192 2.000000000 2
725 1265 3 8192 2.000000000 2
726 1266 3 8192 2.000000000 2
726 1266 3 8192 2.000000000 2
727 1267 3 8192 2.000000000 2
727 1267 3 8192 2.000000000 2
732 156 3 8192 2.000000000 2
732 156 3 8192 2.000000000 2
733 157 3 8192 2.000000000 2
733 157 3 8192 2.000000000 2
734 158 3 8192 2.000000000 2
734 158 3 8192 2.000000000 2
735 159 3 8192 2.000000000 2
735 159 3 8192 2.000000000 2
732 328 3 8192 2.000000000 2
732 328 3 8192 2.000000000 2
733 329 3 8192 2.000000000 2
733 329 3 8192 2.000000000 2
734 330 3 8192 2.000000000 2
734 330 3 8192 2.000000000 2
735 331 3 8192 2.000000000 2
735 331 3 8192 2.000000000 2
732 508 3 8192 2.000000000 2
732 508 3 8192 2.000000000 2
733 509 3 8192 2.000000000 2
733 509 3 8192 2.000000000 2
734 510 3 8192 2.000000000 2
734 510 3 8192 2.000000000 2
735 511 3 8192 2.000000000 2
735 511 3 8192 2.000000000 2
732 568 3 8192 2.000000000 2
732 568 3 8192 2.000000000 2
733 569 3 8192 2.000000000 2
733 569 3 8192 2.000000000 2
734 570 3 8192 2.000000000 2
734 570 3 8192 2.000000000 2
735 571 3 8192 2.000000000 2
735 571 3 8192 2.000000000 2
732 620 3 8192 2.000000000 2
732 620 3 8192 2.000000000 2
733 621 3 8192 2.000000000 2
733 621 3 8192 2.000000000 2
734 622 3 8192 2.000000000 2
734 622 3 8192 2.000000000 2
735 623 3 8192 2.000000000 2
735 623 3 8192 2.000000000 2
732 832 3 8192 2.000000000 2
732 832 3 8192 2.000000000 2
733 833 3 8192 2.000000000 2
733 833 3 8192 2.000000000 2
734 834 3 8192 2.000000000 2
734 834 3 8192 2.000000000 2
735 835 3 8192 2.000000000 2
735 835 3 8192 2.000000000 2
732 1080 3 8192 2.000000000 2
732 1080 3 8192 2.000000000 2
733 1081 3 8192 2.000000000 2
733 1081 3 8192 2.000000000 2
734 1082 3 8192 2.000000000 2
734 1082 3 8192 2.000000000 2
735 1083 3 8192 2.000000000 2
735 1083 3 8192 2.000000000 2
732 1148 3 8192 2.000000000 2
732 1148 3 8192 2.000000000 2
733 1149 3 8192 2.000000000 2
733 1149 3 8192 2.000000000 2
734 1150 3 8192 2.000000000 2
734 1150 3 8192 2.000000000 2
735 1151 3 8192 2.000000000 2
735 1151 3 8192 2.000000000 2
736 228 3 8192 2.000000000 2
736 228 3 8192 2.000000000 2
737 229 3 8192 2.000000000 2
737 229 3 8192 2.000000000 2
738 230 3 8192 2.000000000 2
738 230 3 8192 2.000000000 2
739 231 3 8192 2.000000000 2
739 231 3 8192 2.000000000 2
736 644 3 8192 2.000000000 2
736 644 3 8192 2.000000000 2
737 645 3 8192 2.000000000 2
737 645 3 8192 2.000000000 2
738 646 3 8192 2.000000000 2
738 646 3 8192 2.000000000 2
739 647 3 8192 2.000000000 2
739 647 3 8192 2.000000000 2
736 776 3 8192 2.000000000 2
736 776 3 8192 2.000000000 2
737 777 3 8192 2.000000000 2
737 777 3 8192 2.000000000 2
738 778 3 8192 2.000000000 2
738 778 3 8192 2.000000000 2
739 779 3 8192 2.000000000 2
739 779 3 8192 2.000000000 2
736 900 3 8192 2.000000000 2
736 900 3 8192 2.000000000 2
737 901 3 8192 2.000000000 2
737 901 3 8192 2.000000000 2
738 902 3 8192 2.000000000 2
738 902 3 8192 2.000000000 2
739 903 3 8192 2.000000000 2
739 903 3 8192 2.000000000 2
736 924 3 8192 2.000000000 2
736 924 3 8192 2.000000000 2
737 925 3 8192 2.000000000 2
737 925 3 8192 2.000000000 2
738 926 3 8192 2.000000000 2
738 926 3 8192 2.000000000 2
739 927 3 8192 2.000000000 2
739 927 3 8192 2.000000000 2
736 1032 3 8192 2.000000000 2
736 1032 3 8192 2.000000000 2
737 1033 3 8192 2.000000000 2
737 1033 3 8192 2.000000000 2
738 1034 3 8192 2.000000000 2
738 1034 3 8192 2.000000000 2
739 1035 3 8192 2.000000000 2
739 1035 3 8192 2.000000000 2
736 1116 3 8192 2.000000000 2
736 1116 3 8192 2.000000000 2
737 1117 3 8192 2.000000000 2
737 1117 3 8192 2.000000000 2
738 1118 3 8192 2.000000000 2
738 1118 3 8192 2.000000000 2
739 1119 3 8192 2.000000000 2
739 1119 3 8192 2.000000000 2
736 1128 3 8192 2.000000000 2
736 1128 3 8192 2.000000000 2
737 1129 3 8192 2.000000000 2
737 1129 3 8192 2.000000000 2
738 1130 3 8192 2.000000000 2
738 1130 3 8192 2.000000000 2
739 1131 3 8192 2.000000000 2
739 1131 3 8192 2.000000000 2
740 116 3 8192 2.000000000 2
740 116 3 8192 2.000000000 2
741 117 3 8192 2.000000000 2
741 117 3 8192 2.000000000 2
742 118 3 8192 2.000000000 2
742 118 3 8192 2.000000000 2
743 119 3 8192 2.000000000 2
743 119 3 8192 2.000000000 2
740 140 3 8192 2.000000000 2
740 140 3 8192 2.000000000 2
741 141 3 8192 2.000000000 2
741 141 3 8192 2.000000000 2
742 142 3 8192 2.000000000 2
742 142 3 8192 2.000000000 2
743 143 3 8192 2.000000000 2
743 143 3 8192 2.000000000 2
740 284 3 8192 2.000000000 2
740 284 3 8192 2.000000000 2
741 285 3 8192 2.000000000 2
741 285 3 8192 2.000000000 2
742 286 3 8192 2.000000000 2
742 286 3 8192 2.000000000 2
743 287 3 8192 2.000000000 2
743 287 3 8192 2.000000000 2
740 388 3 8192 2.000000000 2
740 388 3 8192 2.000000000 2
741 389 3 8192 2.000000000 2
741 389 3 8192 2.000000000 2
742 390 3 8192 2.000000000 2
742 390 3 8192 2.000000000 2
743 391 3 8192 2.000000000 2
743 391 3 8192 2.000000000 2
740 692 3 8192 2.000000000 2
740 692 3 8192 2.000000000 2
741 693 3 8192 2.000000000 2
741 693 3 8192 2.000000000 2
742 694 3 8192 2.000000000 2
742 694 3 8192 2.000000000 2
743 695 3 8192 2.000000000 2
743 695 3 8192 2.000000000 2
740 804 3 8192 2.000000000 2
740 804 3 8192 2.000000000 2
741 805 3 8192 2.000000000 2
741 805 3 8192 2.000000000 2
742 806 3 8192 2.000000000 2
742 806 3 8192 2.000000000 2
743 807 3 8192 2.000000000 2
743 807 3 8192 2.000000000 2
740 948 3 8192 2.000000000 2
740 948 3 8192 2.000000000 2
741 949 3 8192 2.000000000 2
741 949 3 8192 2.000000000 2
742 950 3 8192 2.000000000 2
742 950 3 8192 2.000000000 2
743 951 3 8192 2.000000000 2
743 951 3 8192 2.000000000 2
740 976 3 8192 2.000000000 2
740 976 3 8192 2.000000000 2
741 977 3 8192 2.000000000 2
741 977 3 8192 2.000000000 2
742 978 3 8192 2.000000000 2
742 978 3 8192 2.000000000 2
743 979 3 8192 2.000000000 2
743 979 3 8192 2.000000000 2
744 312 3 8192 2.000000000 2
744 312 3 8192 2.000000000 2
745 313 3 8192 2.000000000 2
745 313 3 8192 2.000000000 2
746 314 3 8192 2.000000000 2
746 314 3 8192 2.000000000 2
747 315 3 8192 2.000000000 2
747 315 3 8192 2.000000000 2
744 484 3 8192 2.000000000 2
744 484 3 8192 2.000000000 2
745 485 3 8192 2.000000000 2
745 485 3 8192 2.000000000 2
746 486 3 8192 2.000000000 2
746 486 3 8192 2.000000000 2
747 487 3 8192 2.000000000 2
747 487 3 8192 2.000000000 2
744 792 3 8192 2.000000000 2
744 792 3 8192 2.000000000 2
745 793 3 8192 2.000000000 2
745 793 3 8192 2.000000000 2
746 794 3 8192 2.000000000 2
746 794 3 8192 2.000000000 2
747 795 3 8192 2.000000000 2
747 795 3 8192 2.000000000 2
744 872 3 8192 2.000000000 2
744 872 3 8192 2.000000000 2
745 873 3 8192 2.000000000 2
745 873 3 8192 2.000000000 2
746 874 3 8192 2.000000000 2
746 874 3 8192 2.000000000 2
747 875 3 8192 2.000000000 2
747 875 3 8192 2.000000000 2
744 1096 3 8192 2.000000000 2
744 1096 3 8192 2.000000000 2
745 1097 3 8192 2.000000000 2
745 1097 3 8192 2.000000000 2
746 1098 3 8192 2.000000000 2
746 1098 3 8192 2.000000000 2
747 1099 3 8192 2.000000000 2
747 1099 3 8192 2.000000000 2
744 1116 3 8192 2.000000000 2
744 1116 3 8192 2.000000000 2
745 1117 3 8192 2.000000000 2
745 1117 3 8192 2.000000000 2
746 1118 3 8192 2.000000000 2
746 1118 3 8192 2.000000000 2
747 1119 3 8192 2.000000000 2
747 1119 3 8192 2.000000000 2
744 1120 3 8192 2.000000000 2
744 1120 3 8192 2.000000000 2
745 1121 3 8192 2.000000000 2
745 1121 3 8192 2.000000000 2
746 1122 3 8192 2.000000000 2
746 1122 3 8192 2.000000000 2
747 1123 3 8192 2.000000000 2
747 1123 3 8192 2.000000000 2
744 1228 3 8192 2.000000000 2
744 1228 3 8192 2.000000000 2
745 1229 3 8192 2.000000000 2
745 1229 3 8192 2.000000000 2
746 1230 3 8192 2.000000000 2
746 1230 3 8192 2.000000000 2
747 1231 3 8192 2.000000000 2
747 1231 3 8192 2.000000000 2
748 72 3 8192 2.000000000 2
748 72 3 8192 2.000000000 2
749 73 3 8192 2.000000000 2
749 73 3 8192 2.000000000 2
750 74 3 8192 2.000000000 2
750 74 3 8192 2.000000000 2
751 75 3 8192 2.000000000 2
751 75 3 8192 2.000000000 2
748 560 3 8192 2.000000000 2
748 560 3 8192 2.000000000 2
749 561 3 8192 2.000000000 2
749 561 3 8192 2.000000000 2
750 562 3 8192 2.000000000 2
750 562 3 8192 2.000000000 2
751 563 3 8192 2.000000000 2
751 563 3 8192 2.000000000 2
748 572 3 8192 2.000000000 2
748 572 3 8192 2.000000000 2
749 573 3 8192 2.000000000 2
749 573 3 8192 2.000000000 2
750 574 3 8192 2.000000000 2
750 574 3 8192 2.000000000 2
751 575 3 8192 2.000000000 2
751 575 3 8192 2.000000000 2
748 652 3 8192 2.000000000 2
748 652 3 8192 2.000000000 2
749 653 3 8192 2.000000000 2
749 653 3 8192 2.000000000 2
750 654 3 8192 2.000000000 2
750 654 3 8192 2.000000000 2
751 655 3 8192 2.000000000 2
751 655 3 8192 2.000000000 2
748 844 3 8192 2.000000000 2
748 844 3 8192 2.000000000 2
749 845 3 8192 2.000000000 2
749 845 3 8192 2.000000000 2
750 846 3 8192 2.000000000 2
750 846 3 8192 2.000000000 2
751 847 3 8192 2.000000000 2
751 847 3 8192 2.000000000 2
748 916 3 8192 2.000000000 2
748 916 3 8192 2.000000000 2
749 917 3 8192 2.000000000 2
749 917 3 8192 2.000000000 2
750 918 3 8192 2.000000000 2
750 918 3 8192 2.000000000 2
751 919 3 8192 2.000000000 2
751 919 3 8192 2.000000000 2
748 1080 3 8192 2.000000000 2
748 1080 3 8192 2.000000000 2
749 1081 3 8192 2.000000000 2
749 1081 3 8192 2.000000000 2
750 1082 3 8192 2.000000000 2
750 1082 3 8192 2.000000000 2
751 1083 3 8192 2.000000000 2
751 1083 3 8192 2.000000000 2
748 1232 3 8192 2.000000000 2
748 1232 3 8192 2.000000000 2
749 1233 3 8192 2.000000000 2
749 1233 3 8192 2.000000000 2
750 1234 3 8192 2.000000000 2
750 1234 3 8192 2.000000000 2
751 1235 3 8192 2.000000000 2
751 1235 3 8192 2.000000000 2
752 140 3 8192 2.000000000 2
752 140 3 8192 2.000000000 2
753 141 3 8192 2.000000000 2
753 141 3 8192 2.000000000 2
754 142 3 8192 2.000000000 2
754 142 3 8192 2.000000000 2
755 143 3 8192 2.000000000 2
755 143 3 8192 2.000000000 2
752 360 3 8192 2.000000000 2
752 360 3 8192 2.000000000 2
753 361 3 8192 2.000000000 2
753 361 3 8192 2.000000000 2
754 362 3 8192 2.000000000 2
754 362 3 8192 2.000000000 2
755 363 3 8192 2.000000000 2
755 363 3 8192 2.000000000 2
752 364 3 8192 2.000000000 2
752 364 3 8192 2.000000000 2
753 365 3 8192 2.000000000 2
753 365 3 8192 2.000000000 2
754 366 3 8192 2.000000000 2
754 366 3 8192 2.000000000 2
755 367 3 8192 2.000000000 2
755 367 3 8192 2.000000000 2
752 940 3 8192 2.000000000 2
752 940 3 8192 2.000000000 2
753 941 3 8192 2.000000000 2
753 941 3 8192 2.000000000 2
754 942 3 8192 2.000000000 2
754 942 3 8192 2.000000000 2
755 943 3 8192 2.000000000 2
755 943 3 8192 2.000000000 2
752 948 3 8192 2.000000000 2
752 948 3 8192 2.000000000 2
753 949 3 8192 2.000000000 2
753 949 3 8192 2.000000000 2
754 950 3 8192 2.000000000 2
754 950 3 8192 2.000000000 2
755 951 3 8192 2.000000000 2
755 951 3 8192 2.000000000 2
752 988 3 8192 2.000000000 2
752 988 3 8192 2.000000000 2
753 989 3 8192 2.000000000 2
753 989 3 8192 2.000000000 2
754 990 3 8192 2.000000000 2
754 990 3 8192 2.000000000 2
755 991 3 8192 2.000000000 2
755 991 3 8192 2.000000000 2
752 1084 3 8192 2.000000000 2
752 1084 3 8192 2.000000000 2
753 1085 3 8192 2.000000000 2
753 1085 3 8192 2.000000000 2
754 1086 3 8192 2.000000000 2
754 1086 3 8192 2.000000000 2
755 1087 3 8192 2.000000000 2
755 1087 3 8192 2.000000000 2
752 1116 3 8192 2.000000000 2
752 1116 3 8192 2.000000000 2
753 1117 3 8192 2.000000000 2
753 1117 3 8192 2.000000000 2
754 1118 3 8192 2.000000000 2
754 1118 3 8192 2.000000000 2
755 1119 3 8192 2.000000000 2
755 1119 3 8192 2.000000000 2
756 324 3 8192 2.000000000 2
756 324 3 8192 2.000000000 2
757 325 3 8192 2.000000000 2
757 325 3 8192 2.000000000 2
758 326 3 8192 2.000000000 2
758 326 3 8192 2.000000000 2
759 327 3 8192 2.000000000 2
759 327 3 8192 2.000000000 2
756 448 3 8192 2.000000000 2
756 448 3 8192 2.000000000 2
757 449 3 8192 2.000000000 2
757 449 3 8192 2.000000000 2
758 450 3 8192 2.000000000 2
758 450 3 8192 2.000000000 2
759 451 3 8192 2.000000000 2
759 451 3 8192 2.000000000 2
756 560 3 8192 2.000000000 2
756 560 3 8192 2.000000000 2
757 561 3 8192 2.000000000 2
757 561 3 8192 2.000000000 2
758 562 3 8192 2.000000000 2
758 562 3 8192 2.000000000 2
759 563 3 8192 2.000000000 2
759 563 3 8192 2.000000000 2
756 672 3 8192 2.000000000 2
756 672 3 8192 2.000000000 2
757 673 3 8192 2.000000000 2
757 673 3 8192 2.000000000 2
758 674 3 8192 2.000000000 2
758 674 3 8192 2.000000000 2
759 675 3 8192 2.000000000 2
759 675 3 8192 2.000000000 2
756 844 3 8192 2.000000000 2
756 844 3 8192 2.000000000 2
757 845 3 8192 2.000000000 2
757 845 3 8192 2.000000000 2
758 846 3 8192 2.000000000 2
758 846 3 8192 2.000000000 2
759 847 3 8192 2.000000000 2
759 847 3 8192 2.000000000 2
756 872 3 8192 2.000000000 2
756 872 3 8192 2.000000000 2
757 873 3 8192 2.000000000 2
757 873 3 8192 2.000000000 2
758 874 3 8192 2.000000000 2
758 874 3 8192 2.000000000 2
759 875 3 8192 2.000000000 2
759 875 3 8192 2.000000000 2
756 1080 3 8192 2.000000000 2
756 1080 3 8192 2.000000000 2
757 1081 3 8192 2.000000000 2
757 1081 3 8192 2.000000000 2
758 1082 3 8192 2.000000000 2
758 1082 3 8192 2.000000000 2
759 1083 3 8192 2.000000000 2
759 1083 3 8192 2.000000000 2
756 1160 3 8192 2.000000000 2
756 1160 3 8192 2.000000000 2
757 1161 3 8192 2.000000000 2
757 1161 3 8192 2.000000000 2
758 1162 3 8192 2.000000000 2
758 1162 3 8192 2.000000000 2
759 1163 3 8192 2.000000000 2
759 1163 3 8192 2.000000000 2
760 16 3 8192 2.000000000 2
760 16 3 8192 2.000000000 2
761 17 3 8192 2.000000000 2
761 17 3 8192 2.000000000 2
762 18 3 8192 2.000000000 2
762 18 3 8192 2.000000000 2
763 19 3 8192 2.000000000 2
763 19 3 8192 2.000000000 2
760 112 3 8192 2.000000000 2
760 112 3 8192 2.000000000 2
761 113 3 8192 2.000000000 2
761 113 3 8192 2.000000000 2
762 114 3 8192 2.000000000 2
762 114 3 8192 2.000000000 2
763 115 3 8192 2.000000000 2
763 115 3 8192 2.000000000 2
760 128 3 8192 2.000000000 2
760 128 3 8192 2.000000000 2
761 129 3 8192 2.000000000 2
761 129 3 8192 2.000000000 2
762 130 3 8192 2.000000000 2
762 130 3 8192 2.000000000 2
763 131 3 8192 2.000000000 2
763 131 3 8192 2.000000000 2
760 324 3 8192 2.000000000 2
760 324 3 8192 2.000000000 2
761 325 3 8192 2.000000000 2
761 325 3 8192 2.000000000 2
762 326 3 8192 2.000000000 2
762 326 3 8192 2.000000000 2
763 327 3 8192 2.000000000 2
763 327 3 8192 2.000000000 2
760 476 3 8192 2.000000000 2
760 476 3 8192 2.000000000 2
761 477 3 8192 2.000000000 2
761 477 3 8192 2.000000000 2
762 478 3 8192 2.000000000 2
762 478 3 8192 2.000000000 2
763 479 3 8192 2.000000000 2
763 479 3 8192 2.000000000 2
760 928 3 8192 2.000000000 2
760 928 3 8192 2.000000000 2
761 929 3 8192 2.000000000 2
761 929 3 8192 2.000000000 2
762 930 3 8192 2.000000000 2
762 930 3 8192 2.000000000 2
763 931 3 8192 2.000000000 2
763 931 3 8192 2.000000000 2
760 1044 3 8192 2.000000000 2
760 1044 3 8192 2.000000000 2
761 1045 3 8192 2.000000000 2
761 1045 3 8192 2.000000000 2
762 1046 3 8192 2.000000000 2
762 1046 3 8192 2.000000000 2
763 1047 3 8192 2.000000000 2
763 1047 3 8192 2.000000000 2
760 1260 3 8192 2.000000000 2
760 1260 3 8192 2.000000000 2
761 1261 3 8192 2.000000000 2
761 1261 3 8192 2.000000000 2
762 1262 3 8192 2.000000000 2
762 1262 3 8192 2.000000000 2
763 1263 3 8192 2.000000000 2
763 1263 3 8192 2.000000000 2
764 280 3 8192 2.000000000 2
764 280 3 8192 2.000000000 2
765 281 3 8192 2.000000000 2
765 281 3 8192 2.000000000 2
766 282 3 8192 2.000000000 2
766 282 3 8192 2.000000000 2
767 283 3 8192 2.000000000 2
767 283 3 8192 2.000000000 2
764 316 3 8192 2.000000000 2
764 316 3 8192 2.000000000 2
765 317 3 8192 2.000000000 2
765 317 3 8192 2.000000000 2
766 318 3 8192 2.000000000 2
766 318 3 8192 2.000000000 2
767 319 3 8192 2.000000000 2
767 319 3 8192 2.000000000 2
764 576 3 8192 2.000000000 2
764 576 3 8192 2.000000000 2
765 577 3 8192 2.000000000 2
765 577 3 8192 2.000000000 2
766 578 3 8192 2.000000000 2
766 578 3 8192 2.000000000 2
767 579 3 8192 2.000000000 2
767 579 3 8192 2.000000000 2
764 644 3 8192 2.000000000 2
764 644 3 8192 2.000000000 2
765 645 3 8192 2.000000000 2
765 645 3 8192 2.000000000 2
766 646 3 8192 2.000000000 2
766 646 3 8192 2.000000000 2
767 647 3 8192 2.000000000 2
767 647 3 8192 2.000000000 2
764 652 3 8192 2.000000000 2
764 652 3 8192 2.000000000 2
765 653 3 8192 2.000000000 2
765 653 3 8192 2.000000000 2
766 654 3 8192 2.000000000 2
766 654 3 8192 2.000000000 2
767 655 3 8192 2.000000000 2
767 655 3 8192 2.000000000 2
764 776 3 8192 2.000000000 2
764 776 3 8192 2.000000000 2
765 777 3 8192 2.000000000 2
765 777 3 8192 2.000000000 2
766 778 3 8192 2.000000000 2
766 778 3 8192 2.000000000 2
767 779 3 8192 2.000000000 2
767 779 3 8192 2.000000000 2
764 784 3 8192 2.000000000 2
764 784 3 8192 2.000000000 2
765 785 3 8192 2.000000000 2
765 785 3 8192 2.000000000 2
766 786 3 8192 2.000000000 2
766 786 3 8192 2.000000000 2
767 787 3 8192 2.000000000 2
767 787 3 8192 2.000000000 2
764 872 3 8192 2.000000000 2
764 872 3 8192 2.000000000 2
765 873 3 8192 2.000000000 2
765 873 3 8192 2.000000000 2
766 874 3 8192 2.000000000 2
766 874 3 8192 2.000000000 2
767 875 3 8192 2.000000000 2
767 875 3 8192 2.000000000 2
772 140 3 8192 2.000000000 2
772 140 3 8192 2.000000000 2
773 141 3 8192 2.000000000 2
773 141 3 8192 2.000000000 2
774 142 3 8192 2.000000000 2
774 142 3 8192 2.000000000 2
775 143 3 8192 2.000000000 2
775 143 3 8192 2.000000000 2
772 340 3 8192 2.000000000 2
772 340 3 8192 2.000000000 2
773 341 3 8192 2.000000000 2
773 341 3 8192 2.000000000 2
774 342 3 8192 2.000000000 2
774 342 3 8192 2.000000000 2
775 343 3 8192 2.000000000 2
775 343 3 8192 2.000000000 2
772 644 3 8192 2.000000000 2
772 644 3 8192 2.000000000 2
773 645 3 8192 2.000000000 2
773 645 3 8192 2.000000000 2
774 646 3 8192 2.000000000 2
774 646 3 8192 2.000000000 2
775 647 3 8192 2.000000000 2
775 647 3 8192 2.000000000 2
772 744 3 8192 2.000000000 2
772 744 3 8192 2.000000000 2
773 745 3 8192 2.000000000 2
773 745 3 8192 2.000000000 2
774 746 3 8192 2.000000000 2
774 746 3 8192 2.000000000 2
775 747 3 8192 2.000000000 2
775 747 3 8192 2.000000000 2
772 808 3 8192 2.000000000 2
772 808 3 8192 2.000000000 2
773 809 3 8192 2.000000000 2
773 809 3 8192 2.000000000 2
774 810 3 8192 2.000000000 2
774 810 3 8192 2.000000000 2
775 811 3 8192 2.000000000 2
775 811 3 8192 2.000000000 2
772 924 3 8192 2.000000000 2
772 924 3 8192 2.000000000 2
773 925 3 8192 2.000000000 2
773 925 3 8192 2.000000000 2
774 926 3 8192 2.000000000 2
774 926 3 8192 2.000000000 2
775 927 3 8192 2.000000000 2
775 927 3 8192 2.000000000 2
772 996 3 8192 2.000000000 2
772 996 3 8192 2.000000000 2
773 997 3 8192 2.000000000 2
773 997 3 8192 2.000000000 2
774 998 3 8192 2.000000000 2
774 998 3 8192 2.000000000 2
775 999 3 8192 2.000000000 2
775 999 3 8192 2.000000000 2
772 1068 3 8192 2.000000000 2
772 1068 3 8192 2.000000000 2
773 1069 3 8192 2.000000000 2
773 1069 3 8192 2.000000000 2
774 1070 3 8192 2.000000000 2
774 1070 3 8192 2.000000000 2
775 1071 3 8192 2.000000000 2
775 1071 3 8192 2.000000000 2
776 504 3 8192 2.000000000 2
776 504 3 8192 2.000000000 2
777 505 3 8192 2.000000000 2
777 505 3 8192 2.000000000 2
778 506 3 8192 2.000000000 2
778 506 3 8192 2.000000000 2
779 507 3 8192 2.000000000 2
779 507 3 8192 2.000000000 2
776 688 3 8192 2.000000000 2
776 688 3 8192 2.000000000 2
777 689 3 8192 2.000000000 2
777 689 3 8192 2.000000000 2
778 690 3 8192 2.000000000 2
778 690 3 8192 2.000000000 2
779 691 3 8192 2.000000000 2
779 691 3 8192 2.000000000 2
776 748 3 8192 2.000000000 2
776 748 3 8192 2.000000000 2
777 749 3 8192 2.000000000 2
777 749 3 8192 2.000000000 2
778 750 3 8192 2.000000000 2
778 750 3 8192 2.000000000 2
779 751 3 8192 2.000000000 2
779 751 3 8192 2.000000000 2
776 808 3 8192 2.000000000 2
776 808 3 8192 2.000000000 2
777 809 3 8192 2.000000000 2
777 809 3 8192 2.000000000 2
778 810 3 8192 2.000000000 2
778 810 3 8192 2.000000000 2
779 811 3 8192 2.000000000 2
779 811 3 8192 2.000000000 2
776 872 3 8192 2.000000000 2
776 872 3 8192 2.000000000 2
777 873 3 8192 2.000000000 2
777 873 3 8192 2.000000000 2
778 874 3 8192 2.000000000 2
778 874 3 8192 2.000000000 2
779 875 3 8192 2.000000000 2
779 875 3 8192 2.000000000 2
776 1080 3 8192 2.000000000 2
776 1080 3 8192 2.000000000 2
777 1081 3 8192 2.000000000 2
777 1081 3 8192 2.000000000 2
778 1082 3 8192 2.000000000 2
778 1082 3 8192 2.000000000 2
779 1083 3 8192 2.000000000 2
779 1083 3 8192 2.000000000 2
776 1120 3 8192 2.000000000 2
776 1120 3 8192 2.000000000 2
777 1121 3 8192 2.000000000 2
777 1121 3 8192 2.000000000 2
778 1122 3 8192 2.000000000 2
778 1122 3 8192 2.000000000 2
779 1123 3 8192 2.000000000 2
779 1123 3 8192 2.000000000 2
776 1184 3 8192 2.000000000 2
776 1184 3 8192 2.000000000 2
777 1185 3 8192 2.000000000 2
777 1185 3 8192 2.000000000 2
778 1186 3 8192 2.000000000 2
778 1186 3 8192 2.000000000 2
779 1187 3 8192 2.000000000 2
779 1187 3 8192 2.000000000 2
780 56 3 8192 2.000000000 2
780 56 3 8192 2.000000000 2
781 57 3 8192 2.000000000 2
781 57 3 8192 2.000000000 2
782 58 3 8192 2.000000000 2
782 58 3 8192 2.000000000 2
783 59 3 8192 2.000000000 2
783 59 3 8192 2.000000000 2
780 144 3 8192 2.000000000 2
780 144 3 8192 2.000000000 2
781 145 3 8192 2.000000000 2
781 145 3 8192 2.000000000 2
782 146 3 8192 2.000000000 2
782 146 3 8192 2.000000000 2
783 147 3 8192 2.000000000 2
783 147 3 8192 2.000000000 2
780 508 3 8192 2.000000000 2
780 508 3 8192 2.000000000 2
781 509 3 8192 2.000000000 2
781 509 3 8192 2.000000000 2
782 510 3 8192 2.000000000 2
782 510 3 8192 2.000000000 2
783 511 3 8192 2.000000000 2
783 511 3 8192 2.000000000 2
780 784 3 8192 2.000000000 2
780 784 3 8192 2.000000000 2
781 785 3 8192 2.000000000 2
781 785 3 8192 2.000000000 2
782 786 3 8192 2.000000000 2
782 786 3 8192 2.000000000 2
783 787 3 8192 2.000000000 2
783 787 3 8192 2.000000000 2
780 804 3 8192 2.000000000 2
780 804 3 8192 2.000000000 2
781 805 3 8192 2.000000000 2
781 805 3 8192 2.000000000 2
782 806 3 8192 2.000000000 2
782 806 3 8192 2.000000000 2
783 807 3 8192 2.000000000 2
783 807 3 8192 2.000000000 2
780 848 3 8192 2.000000000 2
780 848 3 8192 2.000000000 2
781 849 3 8192 2.000000000 2
781 849 3 8192 2.000000000 2
782 850 3 8192 2.000000000 2
782 850 3 8192 2.000000000 2
783 851 3 8192 2.000000000 2
783 851 3 8192 2.000000000 2
780 1032 3 8192 2.000000000 2
780 1032 3 8192 2.000000000 2
781 1033 3 8192 2.000000000 2
781 1033 3 8192 2.000000000 2
782 1034 3 8192 2.000000000 2
782 1034 3 8192 2.000000000 2
783 1035 3 8192 2.000000000 2
783 1035 3 8192 2.000000000 2
780 1080 3 8192 2.000000000 2
780 1080 3 8192 2.000000000 2
781 1081 3 8192 2.000000000 2
781 1081 3 8192 2.000000000 2
782 1082 3 8192 2.000000000 2
782 1082 3 8192 2.000000000 2
783 1083 3 8192 2.000000000 2
783 1083 3 8192 2.000000000 2
784 124 3 8192 2.000000000 2
784 124 3 8192 2.000000000 2
785 125 3 8192 2.000000000 2
785 125 3 8192 2.000000000 2
786 126 3 8192 2.000000000 2
786 126 3 8192 2.000000000 2
787 127 3 8192 2.000000000 2
787 127 3 8192 2.000000000 2
784 128 3 8192 2.000000000 2
784 128 3 8192 2.000000000 2
785 129 3 8192 2.000000000 2
785 129 3 8192 2.000000000 2
786 130 3 8192 2.000000000 2
786 130 3 8192 2.000000000 2
787 131 3 8192 2.000000000 2
787 131 3 8192 2.000000000 2
784 164 3 8192 2.000000000 2
784 164 3 8192 2.000000000 2
785 165 3 8192 2.000000000 2
785 165 3 8192 2.000000000 2
786 166 3 8192 2.000000000 2
786 166 3 8192 2.000000000 2
787 167 3 8192 2.000000000 2
787 167 3 8192 2.000000000 2
784 312 3 8192 2.000000000 2
784 312 3 8192 2.000000000 2
785 313 3 8192 2.000000000 2
785 313 3 8192 2.000000000 2
786 314 3 8192 2.000000000 2
786 314 3 8192 2.000000000 2
787 315 3 8192 2.000000000 2
787 315 3 8192 2.000000000 2
784 760 3 8192 2.000000000 2
784 760 3 8192 2.000000000 2
785 761 3 8192 2.000000000 2
785 761 3 8192 2.000000000 2
786 762 3 8192 2.000000000 2
786 762 3 8192 2.000000000 2
787 763 3 8192 2.000000000 2
787 763 3 8192 2.000000000 2
784 980 3 8192 2.000000000 2
784 980 3 8192 2.000000000 2
785 981 3 8192 2.000000000 2
785 981 3 8192 2.000000000 2
786 982 3 8192 2.000000000 2
786 982 3 8192 2.000000000 2
787 983 3 8192 2.000000000 2
787 983 3 8192 2.000000000 2
784 1224 3 8192 2.000000000 2
784 1224 3 8192 2.000000000 2
785 1225 3 8192 2.000000000 2
785 1225 3 8192 2.000000000 2
786 1226 3 8192 2.000000000 2
786 1226 3 8192 2.000000000 2
787 1227 3 8192 2.000000000 2
787 1227 3 8192 2.000000000 2
784 1236 3 8192 2.000000000 2
784 1236 3 8192 2.000000000 2
785 1237 3 8192 2.000000000 2
785 1237 3 8192 2.000000000 2
786 1238 3 8192 2.000000000 2
786 1238 3 8192 2.000000000 2
787 1239 3 8192 2.000000000 2
787 1239 3 8192 2.000000000 2
788 484 3 8192 2.000000000 2
788 484 3 8192 2.000000000 2
789 485 3 8192 2.000000000 2
789 485 3 8192 2.000000000 2
790 486 3 8192 2.000000000 2
790 486 3 8192 2.000000000 2
791 487 3 8192 2.000000000 2
791 487 3 8192 2.000000000 2
788 560 3 8192 2.000000000 2
788 560 3 8192 2.000000000 2
789 561 3 8192 2.000000000 2
789 561 3 8192 2.000000000 2
790 562 3 8192 2.000000000 2
790 562 3 8192 2.000000000 2
791 563 3 8192 2.000000000 2
791 563 3 8192 2.000000000 2
788 764 3 8192 2.000000000 2
788 764 3 8192 2.000000000 2
789 765 3 8192 2.000000000 2
789 765 3 8192 2.000000000 2
790 766 3 8192 2.000000000 2
790 766 3 8192 2.000000000 2
791 767 3 8192 2.000000000 2
791 767 3 8192 2.000000000 2
788 804 3 8192 2.000000000 2
788 804 3 8192 2.000000000 2
789 805 3 8192 2.000000000 2
789 805 3 8192 2.000000000 2
790 806 3 8192 2.000000000 2
790 806 3 8192 2.000000000 2
791 807 3 8192 2.000000000 2
791 807 3 8192 2.000000000 2
788 880 3 8192 2.000000000 2
788 880 3 8192 2.000000000 2
789 881 3 8192 2.000000000 2
789 881 3 8192 2.000000000 2
790 882 3 8192 2.000000000 2
790 882 3 8192 2.000000000 2
791 883 3 8192 2.000000000 2
791 883 3 8192 2.000000000 2
788 924 3 8192 2.000000000 2
788 924 3 8192 2.000000000 2
789 925 3 8192 2.000000000 2
789 925 3 8192 2.000000000 2
790 926 3 8192 2.000000000 2
790 926 3 8192 2.000000000 2
791 927 3 8192 2.000000000 2
791 927 3 8192 2.000000000 2
788 1056 3 8192 2.000000000 2
788 1056 3 8192 2.000000000 2
789 1057 3 8192 2.000000000 2
789 1057 3 8192 2.000000000 2
790 1058 3 8192 2.000000000 2
790 1058 3 8192 2.000000000 2
791 1059 3 8192 2.000000000 2
791 1059 3 8192 2.000000000 2
788 1160 3 8192 2.000000000 2
788 1160 3 8192 2.000000000 2
789 1161 3 8192 2.000000000 2
789 1161 3 8192 2.000000000 2
790 1162 3 8192 2.000000000 2
790 1162 3 8192 2.000000000 2
791 1163 3 8192 2.000000000 2
791 1163 3 8192 2.000000000 2
792 56 3 8192 2.000000000 2
792 56 3 8192 2.000000000 2
793 57 3 8192 2.000000000 2
793 57 3 8192 2.000000000 2
794 58 3 8192 2.000000000 2
794 58 3 8192 2.000000000 2
795 59 3 8192 2.000000000 2
795 59 3 8192 2.000000000 2
792 464 3 8192 2.000000000 2
792 464 3 8192 2.000000000 2
793 465 3 8192 2.000000000 2
793 465 3 8192 2.000000000 2
794 466 3 8192 2.000000000 2
794 466 3 8192 2.000000000 2
795 467 3 8192 2.000000000 2
795 467 3 8192 2.000000000 2
792 520 3 8192 2.000000000 2
792 520 3 8192 2.000000000 2
793 521 3 8192 2.000000000 2
793 521 3 8192 2.000000000 2
794 522 3 8192 2.000000000 2
794 522 3 8192 2.000000000 2
795 523 3 8192 2.000000000 2
795 523 3 8192 2.000000000 2
792 580 3 8192 2.000000000 2
792 580 3 8192 2.000000000 2
793 581 3 8192 2.000000000 2
793 581 3 8192 2.000000000 2
794 582 3 8192 2.000000000 2
794 582 3 8192 2.000000000 2
795 583 3 8192 2.000000000 2
795 583 3 8192 2.000000000 2
792 852 3 8192 2.000000000 2
792 852 3 8192 2.000000000 2
793 853 3 8192 2.000000000 2
793 853 3 8192 2.000000000 2
794 854 3 8192 2.000000000 2
794 854 3 8192 2.000000000 2
795 855 3 8192 2.000000000 2
795 855 3 8192 2.000000000 2
792 932 3 8192 2.000000000 2
792 932 3 8192 2.000000000 2
793 933 3 8192 2.000000000 2
793 933 3 8192 2.000000000 2
794 934 3 8192 2.000000000 2
794 934 3 8192 2.000000000 2
795 935 3 8192 2.000000000 2
795 935 3 8192 2.000000000 2
792 960 3 8192 2.000000000 2
792 960 3 8192 2.000000000 2
793 961 3 8192 2.000000000 2
793 961 3 8192 2.000000000 2
794 962 3 8192 2.000000000 2
794 962 3 8192 2.000000000 2
795 963 3 8192 2.000000000 2
795 963 3 8192 2.000000000 2
792 1016 3 8192 2.000000000 2
792 1016 3 8192 2.000000000 2
793 1017 3 8192 2.000000000 2
793 1017 3 8192 2.000000000 2
794 1018 3 8192 2.000000000 2
794 1018 3 8192 2.000000000 2
795 1019 3 8192 2.000000000 2
795 1019 3 8192 2.000000000 2
804 52 3 8192 2.000000000 2
804 52 3 8192 2.000000000 2
805 53 3 8192 2.000000000 2
805 53 3 8192 2.000000000 2
806 54 3 8192 2.000000000 2
806 54 3 8192 2.000000000 2
807 55 3 8192 2.000000000 2
807 55 3 8192 2.000000000 2
804 536 3 8192 2.000000000 2
804 536 3 8192 2.000000000 2
805 537 3 8192 2.000000000 2
805 537 3 8192 2.000000000 2
806 538 3 8192 2.000000000 2
806 538 3 8192 2.000000000 2
807 539 3 8192 2.000000000 2
807 539 3 8192 2.000000000 2
804 608 3 8192 2.000000000 2
804 608 3 8192 2.000000000 2
805 609 3 8192 2.000000000 2
805 609 3 8192 2.000000000 2
806 610 3 8192 2.000000000 2
806 610 3 8192 2.000000000 2
807 611 3 8192 2.000000000 2
807 611 3 8192 2.000000000 2
804 692 3 8192 2.000000000 2
804 692 3 8192 2.000000000 2
805 693 3 8192 2.000000000 2
805 693 3 8192 2.000000000 2
806 694 3 8192 2.000000000 2
806 694 3 8192 2.000000000 2
807 695 3 8192 2.000000000 2
807 695 3 8192 2.000000000 2
804 756 3 8192 2.000000000 2
804 756 3 8192 2.000000000 2
805 757 3 8192 2.000000000 2
805 757 3 8192 2.000000000 2
806 758 3 8192 2.000000000 2
806 758 3 8192 2.000000000 2
807 759 3 8192 2.000000000 2
807 759 3 8192 2.000000000 2
804 1104 3 8192 2.000000000 2
804 1104 3 8192 2.000000000 2
805 1105 3 8192 2.000000000 2
805 1105 3 8192 2.000000000 2
806 1106 3 8192 2.000000000 2
806 1106 3 8192 2.000000000 2
807 1107 3 8192 2.000000000 2
807 1107 3 8192 2.000000000 2
804 1116 3 8192 2.000000000 2
804 1116 3 8192 2.000000000 2
805 1117 3 8192 2.000000000 2
805 1117 3 8192 2.000000000 2
806 1118 3 8192 2.000000000 2
806 1118 3 8192 2.000000000 2
807 1119 3 8192 2.000000000 2
807 1119 3 8192 2.000000000 2
804 1208 3 8192 2.000000000 2
804 1208 3 8192 2.000000000 2
805 1209 3 8192 2.000000000 2
805 1209 3 8192 2.000000000 2
806 1210 3 8192 2.000000000 2
806 1210 3 8192 2.000000000 2
807 1211 3 8192 2.000000000 2
807 1211 3 8192 2.000000000 2
808 572 3 8192 2.000000000 2
808 572 3 8192 2.000000000 2
809 573 3 8192 2.000000000 2
809 573 3 8192 2.000000000 2
810 574 3 8192 2.000000000 2
810 574 3 8192 2.000000000 2
811 575 3 8192 2.000000000 2
811 575 3 8192 2.000000000 2
808 832 3 8192 2.000000000 2
808 832 3 8192 2.000000000 2
809 833 3 8192 2.000000000 2
809 833 3 8192 2.000000000 2
810 834 3 8192 2.000000000 2
810 834 3 8192 2.000000000 2
811 835 3 8192 2.000000000 2
811 835 3 8192 2.000000000 2
808 876 3 8192 2.000000000 2
808 876 3 8192 2.000000000 2
809 877 3 8192 2.000000000 2
809 877 3 8192 2.000000000 2
810 878 3 8192 2.000000000 2
810 878 3 8192 2.000000000 2
811 879 3 8192 2.000000000 2
811 879 3 8192 2.000000000 2
808 960 3 8192 2.000000000 2
808 960 3 8192 2.000000000 2
809 961 3 8192 2.000000000 2
809 961 3 8192 2.000000000 2
810 962 3 8192 2.000000000 2
810 962 3 8192 2.000000000 2
811 963 3 8192 2.000000000 2
811 963 3 8192 2.000000000 2
808 996 3 8192 2.000000000 2
808 996 3 8192 2.000000000 2
809 997 3 8192 2.000000000 2
809 997 3 8192 2.000000000 2
810 998 3 8192 2.000000000 2
810 998 3 8192 2.000000000 2
811 999 3 8192 2.000000000 2
811 999 3 8192 2.000000000 2
808 1044 3 8192 2.000000000 2
808 1044 3 8192 2.000000000 2
809 1045 3 8192 2.000000000 2
809 1045 3 8192 2.000000000 2
810 1046 3 8192 2.000000000 2
810 1046 3 8192 2.000000000 2
811 1047 3 8192 2.000000000 2
811 1047 3 8192 2.000000000 2
808 1056 3 8192 2.000000000 2
808 1056 3 8192 2.000000000 2
809 1057 3 8192 2.000000000 2
809 1057 3 8192 2.000000000 2
810 1058 3 8192 2.000000000 2
810 1058 3 8192 2.000000000 2
811 1059 3 8192 2.000000000 2
811 1059 3 8192 2.000000000 2
808 1164 3 8192 2.000000000 2
808 1164 3 8192 2.000000000 2
809 1165 3 8192 2.000000000 2
809 1165 3 8192 2.000000000 2
810 1166 3 8192 2.000000000 2
810 1166 3 8192 2.000000000 2
811 1167 3 8192 2.000000000 2
811 1167 3 8192 2.000000000 2
812 32 3 8192 2.000000000 2
812 32 3 8192 2.000000000 2
813 33 3 8192 2.000000000 2
813 33 3 8192 2.000000000 2
814 34 3 8192 2.000000000 2
814 34 3 8192 2.000000000 2
815 35 3 8192 2.000000000 2
815 35 3 8192 2.000000000 2
812 128 3 8192 2.000000000 2
812 128 3 8192 2.000000000 2
813 129 3 8192 2.000000000 2
813 129 3 8192 2.000000000 2
814 130 3 8192 2.000000000 2
814 130 3 8192 2.000000000 2
815 131 3 8192 2.000000000 2
815 131 3 8192 2.000000000 2
812 240 3 8192 2.000000000 2
812 240 3 8192 2.000000000 2
813 241 3 8192 2.000000000 2
813 241 3 8192 2.000000000 2
814 242 3 8192 2.000000000 2
814 242 3 8192 2.000000000 2
815 243 3 8192 2.000000000 2
815 243 3 8192 2.000000000 2
812 276 3 8192 2.000000000 2
812 276 3 8192 2.000000000 2
813 277 3 8192 2.000000000 2
813 277 3 8192 2.000000000 2
814 278 3 8192 2.000000000 2
814 278 3 8192 2.000000000 2
815 279 3 8192 2.000000000 2
815 279 3 8192 2.000000000 2
812 448 3 8192 2.000000000 2
812 448 3 8192 2.000000000 2
813 449 3 8192 2.000000000 2
813 449 3 8192 2.000000000 2
814 450 3 8192 2.000000000 2
814 450 3 8192 2.000000000 2
815 451 3 8192 2.000000000 2
815 451 3 8192 2.000000000 2
812 752 3 8192 2.000000000 2
812 752 3 8192 2.000000000 2
813 753 3 8192 2.000000000 2
813 753 3 8192 2.000000000 2
814 754 3 8192 2.000000000 2
814 754 3 8192 2.000000000 2
815 755 3 8192 2.000000000 2
815 755 3 8192 2.000000000 2
812 836 3 8192 2.000000000 2
812 836 3 8192 2.000000000 2
813 837 3 8192 2.000000000 2
813 837 3 8192 2.000000000 2
814 838 3 8192 2.000000000 2
814 838 3 8192 2.000000000 2
815 839 3 8192 2.000000000 2
815 839 3 8192 2.000000000 2
812 1216 3 8192 2.000000000 2
812 1216 3 8192 2.000000000 2
813 1217 3 8192 2.000000000 2
813 1217 3 8192 2.000000000 2
814 1218 3 8192 2.000000000 2
814 1218 3 8192 2.000000000 2
815 1219 3 8192 2.000000000 2
815 1219 3 8192 2.000000000 2
816 36 3 8192 2.000000000 2
816 36 3 8192 2.000000000 2
817 37 3 8192 2.000000000 2
817 37 3 8192 2.000000000 2
818 38 3 8192 2.000000000 2
818 38 3 8192 2.000000000 2
819 39 3 8192 2.000000000 2
819 39 3 8192 2.000000000 2
816 388 3 8192 2.000000000 2
816 388 3 8192 2.000000000 2
817 389 3 8192 2.000000000 2
817 389 3 8192 2.000000000 2
818 390 3 8192 2.000000000 2
818 390 3 8192 2.000000000 2
819 391 3 8192 2.000000000 2
819 391 3 8192 2.000000000 2
816 548 3 8192 2.000000000 2
816 548 3 8192 2.000000000 2
817 549 3 8192 2.000000000 2
817 549 3 8192 2.000000000 2
818 550 3 8192 2.000000000 2
818 550 3 8192 2.000000000 2
819 551 3 8192 2.000000000 2
819 551 3 8192 2.000000000 2
816 600 3 8192 2.000000000 2
816 600 3 8192 2.000000000 2
817 601 3 8192 2.000000000 2
817 601 3 8192 2.000000000 2
818 602 3 8192 2.000000000 2
818 602 3 8192 2.000000000 2
819 603 3 8192 2.000000000 2
819 603 3 8192 2.000000000 2
816 944 3 8192 2.000000000 2
816 944 3 8192 2.000000000 2
817 945 3 8192 2.000000000 2
817 945 3 8192 2.000000000 2
818 946 3 8192 2.000000000 2
818 946 3 8192 2.000000000 2
819 947 3 8192 2.000000000 2
819 947 3 8192 2.000000000 2
816 1040 3 8192 2.000000000 2
816 1040 3 8192 2.000000000 2
817 1041 3 8192 2.000000000 2
817 1041 3 8192 2.000000000 2
818 1042 3 8192 2.000000000 2
818 1042 3 8192 2.000000000 2
819 1043 3 8192 2.000000000 2
819 1043 3 8192 2.000000000 2
816 1096 3 8192 2.000000000 2
816 1096 3 8192 2.000000000 2
817 1097 3 8192 2.000000000 2
817 1097 3 8192 2.000000000 2
818 1098 3 8192 2.000000000 2
818 1098 3 8192 2.000000000 2
819 1099 3 8192 2.000000000 2
819 1099 3 8192 2.000000000 2
816 1180 3 8192 2.000000000 2
816 1180 3 8192 2.000000000 2
817 1181 3 8192 2.000000000 2
817 1181 3 8192 2.000000000 2
818 1182 3 8192 2.000000000 2
818 1182 3 8192 2.000000000 2
819 1183 3 8192 2.000000000 2
819 1183 3 8192 2.000000000 2
820 324 3 8192 2.000000000 2
820 324 3 8192 2.000000000 2
821 325 3 8192 2.000000000 2
821 325 3 8192 2.000000000 2
822 326 3 8192 2.000000000 2
822 326 3 8192 2.000000000 2
823 327 3 8192 2.000000000 2
823 327 3 8192 2.000000000 2
820 464 3 8192 2.000000000 2
820 464 3 8192 2.000000000 2
821 465 3 8192 2.000000000 2
821 465 3 8192 2.000000000 2
822 466 3 8192 2.000000000 2
822 466 3 8192 2.000000000 2
823 467 3 8192 2.000000000 2
823 467 3 8192 2.000000000 2
820 472 3 8192 2.000000000 2
820 472 3 8192 2.000000000 2
821 473 3 8192 2.000000000 2
821 473 3 8192 2.000000000 2
822 474 3 8192 2.000000000 2
822 474 3 8192 2.000000000 2
823 475 3 8192 2.000000000 2
823 475 3 8192 2.000000000 2
820 476 3 8192 2.000000000 2
820 476 3 8192 2.000000000 2
821 477 3 8192 2.000000000 2
821 477 3 8192 2.000000000 2
822 478 3 8192 2.000000000 2
822 478 3 8192 2.000000000 2
823 479 3 8192 2.000000000 2
823 479 3 8192 2.000000000 2
820 888 3 8192 2.000000000 2
820 888 3 8192 2.000000000 2
821 889 3 8192 2.000000000 2
821 889 3 8192 2.000000000 2
822 890 3 8192 2.000000000 2
822 890 3 8192 2.000000000 2
823 891 3 8192 2.000000000 2
823 891 3 8192 2.000000000 2
820 1060 3 8192 2.000000000 2
820 1060 3 8192 2.000000000 2
821 1061 3 8192 2.000000000 2
821 1061 3 8192 2.000000000 2
822 1062 3 8192 2.000000000 2
822 1062 3 8192 2.000000000 2
823 1063 3 8192 2.000000000 2
823 1063 3 8192 2.000000000 2
820 1148 3 8192 2.000000000 2
820 1148 3 8192 2.000000000 2
821 1149 3 8192 2.000000000 2
821 1149 3 8192 2.000000000 2
822 1150 3 8192 2.000000000 2
822 1150 3 8192 2.000000000 2
823 1151 3 8192 2.000000000 2
823 1151 3 8192 2.000000000 2
820 1248 3 8192 2.000000000 2
820 1248 3 8192 2.000000000 2
821 1249 3 8192 2.000000000 2
821 1249 3 8192 2.000000000 2
822 1250 3 8192 2.000000000 2
822 1250 3 8192 2.000000000 2
823 1251 3 8192 2.000000000 2
823 1251 3 8192 2.000000000 2
824 64 3 8192 2.000000000 2
824 64 3 8192 2.000000000 2
825 65 3 8192 2.000000000 2
825 65 3 8192 2.000000000 2
826 66 3 8192 2.000000000 2
826 66 3 8192 2.000000000 2
827 67 3 8192 2.000000000 2
827 67 3 8192 2.000000000 2
824 320 3 8192 2.000000000 2
824 320 3 8192 2.000000000 2
825 321 3 8192 2.000000000 2
825 321 3 8192 2.000000000 2
826 322 3 8192 2.000000000 2
826 322 3 8192 2.000000000 2
827 323 3 8192 2.000000000 2
827 323 3 8192 2.000000000 2
824 360 3 8192 2.000000000 2
824 360 3 8192 2.000000000 2
825 361 3 8192 2.000000000 2
825 361 3 8192 2.000000000 2
826 362 3 8192 2.000000000 2
826 362 3 8192 2.000000000 2
827 363 3 8192 2.000000000 2
827 363 3 8192 2.000000000 2
824 444 3 8192 2.000000000 2
824 444 3 8192 2.000000000 2
825 445 3 8192 2.000000000 2
825 445 3 8192 2.000000000 2
826 446 3 8192 2.000000000 2
826 446 3 8192 2.000000000 2
827 447 3 8192 2.000000000 2
827 447 3 8192 2.000000000 2
824 592 3 8192 2.000000000 2
824 592 3 8192 2.000000000 2
825 593 3 8192 2.000000000 2
825 593 3 8192 2.000000000 2
826 594 3 8192 2.000000000 2
826 594 3 8192 2.000000000 2
827 595 3 8192 2.000000000 2
827 595 3 8192 2.000000000 2
824 608 3 8192 2.000000000 2
824 608 3 8192 2.000000000 2
825 609 3 8192 2.000000000 2
825 609 3 8192 2.000000000 2
826 610 3 8192 2.000000000 2
826 610 3 8192 2.000000000 2
827 611 3 8192 2.000000000 2
827 611 3 8192 2.000000000 2
824 1008 3 8192 2.000000000 2
824 1008 3 8192 2.000000000 2
825 1009 3 8192 2.000000000 2
825 1009 3 8192 2.000000000 2
826 1010 3 8192 2.000000000 2
826 1010 3 8192 2.000000000 2
827 1011 3 8192 2.000000000 2
827 1011 3 8192 2.000000000 2
824 1236 3 8192 2.000000000 2
824 1236 3 8192 2.000000000 2
825 1237 3 8192 2.000000000 2
825 1237 3 8192 2.000000000 2
826 1238 3 8192 2.000000000 2
826 1238 3 8192 2.000000000 2
827 1239 3 8192 2.000000000 2
827 1239 3 8192 2.000000000 2
832 220 3 8192 2.000000000 2
832 220 3 8192 2.000000000 2
833 221 3 8192 2.000000000 2
833 221 3 8192 2.000000000 2
834 222 3 8192 2.000000000 2
834 222 3 8192 2.000000000 2
835 223 3 8192 2.000000000 2
835 223 3 8192 2.000000000 2
832 268 3 8192 2.000000000 2
832 268 3 8192 2.000000000 2
833 269 3 8192 2.000000000 2
833 269 3 8192 2.000000000 2
834 270 3 8192 2.000000000 2
834 270 3 8192 2.000000000 2
835 271 3 8192 2.000000000 2
835 271 3 8192 2.000000000 2
832 336 3 8192 2.000000000 2
832 336 3 8192 2.000000000 2
833 337 3 8192 2.000000000 2
833 337 3 8192 2.000000000 2
834 338 3 8192 2.000000000 2
834 338 3 8192 2.000000000 2
835 339 3 8192 2.000000000 2
835 339 3 8192 2.000000000 2
832 840 3 8192 2.000000000 2
832 840 3 8192 2.000000000 2
833 841 3 8192 2.000000000 2
833 841 3 8192 2.000000000 2
834 842 3 8192 2.000000000 2
834 842 3 8192 2.000000000 2
835 843 3 8192 2.000000000 2
835 843 3 8192 2.000000000 2
832 904 3 8192 2.000000000 2
832 904 3 8192 2.000000000 2
833 905 3 8192 2.000000000 2
833 905 3 8192 2.000000000 2
834 906 3 8192 2.000000000 2
834 906 3 8192 2.000000000 2
835 907 3 8192 2.000000000 2
835 907 3 8192 2.000000000 2
832 984 3 8192 2.000000000 2
832 984 3 8192 2.000000000 2
833 985 3 8192 2.000000000 2
833 985 3 8192 2.000000000 2
834 986 3 8192 2.000000000 2
834 986 3 8192 2.000000000 2
835 987 3 8192 2.000000000 2
835 987 3 8192 2.000000000 2
832 1032 3 8192 2.000000000 2
832 1032 3 8192 2.000000000 2
833 1033 3 8192 2.000000000 2
833 1033 3 8192 2.000000000 2
834 1034 3 8192 2.000000000 2
834 1034 3 8192 2.000000000 2
835 1035 3 8192 2.000000000 2
835 1035 3 8192 2.000000000 2
832 1272 3 8192 2.000000000 2
832 1272 3 8192 2.000000000 2
833 1273 3 8192 2.000000000 2
833 1273 3 8192 2.000000000 2
834 1274 3 8192 2.000000000 2
834 1274 3 8192 2.000000000 2
835 1275 3 8192 2.000000000 2
835 1275 3 8192 2.000000000 2
836 440 3 8192 2.000000000 2
836 440 3 8192 2.000000000 2
837 441 3 8192 2.000000000 2
837 441 3 8192 2.000000000 2
838 442 3 8192 2.000000000 2
838 442 3 8192 2.000000000 2
839 443 3 8192 2.000000000 2
839 443 3 8192 2.000000000 2
836 536 3 8192 2.000000000 2
836 536 3 8192 2.000000000 2
837 537 3 8192 2.000000000 2
837 537 3 8192 2.000000000 2
838 538 3 8192 2.000000000 2
838 538 3 8192 2.000000000 2
839 539 3 8192 2.000000000 2
839 539 3 8192 2.000000000 2
836 732 3 8192 2.000000000 2
836 732 3 8192 2.000000000 2
837 733 3 8192 2.000000000 2
837 733 3 8192 2.000000000 2
838 734 3 8192 2.000000000 2
838 734 3 8192 2.000000000 2
839 735 3 8192 2.000000000 2
839 735 3 8192 2.000000000 2
836 740 3 8192 2.000000000 2
836 740 3 8192 2.000000000 2
837 741 3 8192 2.000000000 2
837 741 3 8192 2.000000000 2
838 742 3 8192 2.000000000 2
838 742 3 8192 2.000000000 2
839 743 3 8192 2.000000000 2
839 743 3 8192 2.000000000 2
836 852 3 8192 2.000000000 2
836 852 3 8192 2.000000000 2
837 853 3 8192 2.000000000 2
837 853 3 8192 2.000000000 2
838 854 3 8192 2.000000000 2
838 854 3 8192 2.000000000 2
839 855 3 8192 2.000000000 2
839 855 3 8192 2.000000000 2
836 956 3 8192 2.000000000 2
836 956 3 8192 2.000000000 2
837 957 3 8192 2.000000000 2
837 957 3 8192 2.000000000 2
838 958 3 8192 2.000000000 2
838 958 3 8192 2.000000000 2
839 959 3 8192 2.000000000 2
839 959 3 8192 2.000000000 2
836 988 3 8192 2.000000000 2
836 988 3 8192 2.000000000 2
837 989 3 8192 2.000000000 2
837 989 3 8192 2.000000000 2
838 990 3 8192 2.000000000 2
838 990 3 8192 2.000000000 2
839 991 3 8192 2.000000000 2
839 991 3 8192 2.000000000 2
836 1116 3 8192 2.000000000 2
836 1116 3 8192 2.000000000 2
837 1117 3 8192 2.000000000 2
837 1117 3 8192 2.000000000 2
838 1118 3 8192 2.000000000 2
838 1118 3 8192 2.000000000 2
839 1119 3 8192 2.000000000 2
839 1119 3 8192 2.000000000 2
840 232 3 8192 2.000000000 2
840 232 3 8192 2.000000000 2
841 233 3 8192 2.000000000 2
841 233 3 8192 2.000000000 2
842 234 3 8192 2.000000000 2
842 234 3 8192 2.000000000 2
843 235 3 8192 2.000000000 2
843 235 3 8192 2.000000000 2
840 468 3 8192 2.000000000 2
840 468 3 8192 2.000000000 2
841 469 3 8192 2.000000000 2
841 469 3 8192 2.000000000 2
842 470 3 8192 2.000000000 2
842 470 3 8192 2.000000000 2
843 471 3 8192 2.000000000 2
843 471 3 8192 2.000000000 2
840 656 3 8192 2.000000000 2
840 656 3 8192 2.000000000 2
841 657 3 8192 2.000000000 2
841 657 3 8192 2.000000000 2
842 658 3 8192 2.000000000 2
842 658 3 8192 2.000000000 2
843 659 3 8192 2.000000000 2
843 659 3 8192 2.000000000 2
840 968 3 8192 2.000000000 2
840 968 3 8192 2.000000000 2
841 969 3 8192 2.000000000 2
841 969 3 8192 2.000000000 2
842 970 3 8192 2.000000000 2
842 970 3 8192 2.000000000 2
843 971 3 8192 2.000000000 2
843 971 3 8192 2.000000000 2
840 996 3 8192 2.000000000 2
840 996 3 8192 2.000000000 2
841 997 3 8192 2.000000000 2
841 997 3 8192 2.000000000 2
842 998 3 8192 2.000000000 2
842 998 3 8192 2.000000000 2
843 999 3 8192 2.000000000 2
843 999 3 8192 2.000000000 2
840 1056 3 8192 2.000000000 2
840 1056 3 8192 2.000000000 2
841 1057 3 8192 2.000000000 2
841 1057 3 8192 2.000000000 2
842 1058 3 8192 2.000000000 2
842 1058 3 8192 2.000000000 2
843 1059 3 8192 2.000000000 2
843 1059 3 8192 2.000000000 2
840 1088 3 8192 2.000000000 2
840 1088 3 8192 2.000000000 2
841 1089 3 8192 2.000000000 2
841 1089 3 8192 2.000000000 2
842 1090 3 8192 2.000000000 2
842 1090 3 8192 2.000000000 2
843 1091 3 8192 2.000000000 2
843 1091 3 8192 2.000000000 2
840 1108 3 8192 2.000000000 2
840 1108 3 8192 2.000000000 2
841 1109 3 8192 2.000000000 2
841 1109 3 8192 2.000000000 2
842 1110 3 8192 2.000000000 2
842 1110 3 8192 2.000000000 2
843 1111 3 8192 2.000000000 2
843 1111 3 8192 2.000000000 2
844 116 3 8192 2.000000000 2
844 116 3 8192 2.000000000 2
845 117 3 8192 2.000000000 2
845 117 3 8192 2.000000000 2
846 118 3 8192 2.000000000 2
846 118 3 8192 2.000000000 2
847 119 3 8192 2.000000000 2
847 119 3 8192 2.000000000 2
844 452 3 8192 2.000000000 2
844 452 3 8192 2.000000000 2
845 453 3 8192 2.000000000 2
845 453 3 8192 2.000000000 2
846 454 3 8192 2.000000000 2
846 454 3 8192 2.000000000 2
847 455 3 8192 2.000000000 2
847 455 3 8192 2.000000000 2
844 472 3 8192 2.000000000 2
844 472 3 8192 2.000000000 2
845 473 3 8192 2.000000000 2
845 473 3 8192 2.000000000 2
846 474 3 8192 2.000000000 2
846 474 3 8192 2.000000000 2
847 475 3 8192 2.000000000 2
847 475 3 8192 2.000000000 2
844 712 3 8192 2.000000000 2
844 712 3 8192 2.000000000 2
845 713 3 8192 2.000000000 2
845 713 3 8192 2.000000000 2
846 714 3 8192 2.000000000 2
846 714 3 8192 2.000000000 2
847 715 3 8192 2.000000000 2
847 715 3 8192 2.000000000 2
844 812 3 8192 2.000000000 2
844 812 3 8192 2.000000000 2
845 813 3 8192 2.000000000 2
845 813 3 8192 2.000000000 2
846 814 3 8192 2.000000000 2
846 814 3 8192 2.000000000 2
847 815 3 8192 2.000000000 2
847 815 3 8192 2.000000000 2
844 956 3 8192 2.000000000 2
844 956 3 8192 2.000000000 2
845 957 3 8192 2.000000000 2
845 957 3 8192 2.000000000 2
846 958 3 8192 2.000000000 2
846 958 3 8192 2.000000000 2
847 959 3 8192 2.000000000 2
847 959 3 8192 2.000000000 2
844 1044 3 8192 2.000000000 2
844 1044 3 8192 2.000000000 2
845 1045 3 8192 2.000000000 2
845 1045 3 8192 2.000000000 2
846 1046 3 8192 2.000000000 2
846 1046 3 8192 2.000000000 2
847 1047 3 8192 2.000000000 2
847 1047 3 8192 2.000000000 2
844 1080 3 8192 2.000000000 2
844 1080 3 8192 2.000000000 2
845 1081 3 8192 2.000000000 2
845 1081 3 8192 2.000000000 2
846 1082 3 8192 2.000000000 2
846 1082 3 8192 2.000000000 2
847 1083 3 8192 2.000000000 2
847 1083 3 8192 2.000000000 2
848 128 3 8192 2.000000000 2
848 128 3 8192 2.000000000 2
849 129 3 8192 2.000000000 2
849 129 3 8192 2.000000000 2
850 130 3 8192 2.000000000 2
850 130 3 8192 2.000000000 2
851 131 3 8192 2.000000000 2
851 131 3 8192 2.000000000 2
848 292 3 8192 2.000000000 2
848 292 3 8192 2.000000000 2
849 293 3 8192 2.000000000 2
849 293 3 8192 2.000000000 2
850 294 3 8192 2.000000000 2
850 294 3 8192 2.000000000 2
851 295 3 8192 2.000000000 2
851 295 3 8192 2.000000000 2
848 416 3 8192 2.000000000 2
848 416 3 8192 2.000000000 2
849 417 3 8192 2.000000000 2
849 417 3 8192 2.000000000 2
850 418 3 8192 2.000000000 2
850 418 3 8192 2.000000000 2
851 419 3 8192 2.000000000 2
851 419 3 8192 2.000000000 2
848 436 3 8192 2.000000000 2
848 436 3 8192 2.000000000 2
849 437 3 8192 2.000000000 2
849 437 3 8192 2.000000000 2
850 438 3 8192 2.000000000 2
850 438 3 8192 2.000000000 2
851 439 3 8192 2.000000000 2
851 439 3 8192 2.000000000 2
848 936 3 8192 2.000000000 2
848 936 3 8192 2.000000000 2
849 937 3 8192 2.000000000 2
849 937 3 8192 2.000000000 2
850 938 3 8192 2.000000000 2
850 938 3 8192 2.000000000 2
851 939 3 8192 2.000000000 2
851 939 3 8192 2.000000000 2
848 1072 3 8192 2.000000000 2
848 1072 3 8192 2.000000000 2
849 1073 3 8192 2.000000000 2
849 1073 3 8192 2.000000000 2
850 1074 3 8192 2.000000000 2
850 1074 3 8192 2.000000000 2
851 1075 3 8192 2.000000000 2
851 1075 3 8192 2.000000000 2
848 1172 3 8192 2.000000000 2
848 1172 3 8192 2.000000000 2
849 1173 3 8192 2.000000000 2
849 1173 3 8192 2.000000000 2
850 1174 3 8192 2.000000000 2
850 1174 3 8192 2.000000000 2
851 1175 3 8192 2.000000000 2
851 1175 3 8192 2.000000000 2
848 1236 3 8192 2.000000000 2
848 1236 3 8192 2.000000000 2
849 1237 3 8192 2.000000000 2
849 1237 3 8192 2.000000000 2
850 1238 3 8192 2.000000000 2
850 1238 3 8192 2.000000000 2
851 1239 3 8192 2.000000000 2
851 1239 3 8192 2.000000000 2
852 120 3 8192 2.000000000 2
852 120 3 8192 2.000000000 2
853 121 3 8192 2.000000000 2
853 121 3 8192 2.000000000 2
854 122 3 8192 2.000000000 2
854 122 3 8192 2.000000000 2
855 123 3 8192 2.000000000 2
855 123 3 8192 2.000000000 2
852 244 3 8192 2.000000000 2
852 244 3 8192 2.000000000 2
853 245 3 8192 2.000000000 2
853 245 3 8192 2.000000000 2
854 246 3 8192 2.000000000 2
854 246 3 8192 2.000000000 2
855 247 3 8192 2.000000000 2
855 247 3 8192 2.000000000 2
852 432 3 8192 2.000000000 2
852 432 3 8192 2.000000000 2
853 433 3 8192 2.000000000 2
853 433 3 8192 2.000000000 2
854 434 3 8192 2.000000000 2
854 434 3 8192 2.000000000 2
855 435 3 8192 2.000000000 2
855 435 3 8192 2.000000000 2
852 540 3 8192 2.000000000 2
852 540 3 8192 2.000000000 2
853 541 3 8192 2.000000000 2
853 541 3 8192 2.000000000 2
854 542 3 8192 2.000000000 2
854 542 3 8192 2.000000000 2
855 543 3 8192 2.000000000 2
855 543 3 8192 2.000000000 2
852 656 3 8192 2.000000000 2
852 656 3 8192 2.000000000 2
853 657 3 8192 2.000000000 2
853 657 3 8192 2.000000000 2
854 658 3 8192 2.000000000 2
854 658 3 8192 2.000000000 2
855 659 3 8192 2.000000000 2
855 659 3 8192 2.000000000 2
852 820 3 8192 2.000000000 2
852 820 3 8192 2.000000000 2
853 821 3 8192 2.000000000 2
853 821 3 8192 2.000000000 2
854 822 3 8192 2.000000000 2
854 822 3 8192 2.000000000 2
855 823 3 8192 2.000000000 2
855 823 3 8192 2.000000000 2
852 840 3 8192 2.000000000 2
852 840 3 8192 2.000000000 2
853 841 3 8192 2.000000000 2
853 841 3 8192 2.000000000 2
854 842 3 8192 2.000000000 2
854 842 3 8192 2.000000000 2
855 843 3 8192 2.000000000 2
855 843 3 8192 2.000000000 2
852 972 3 8192 2.000000000 2
852 972 3 8192 2.000000000 2
853 973 3 8192 2.000000000 2
853 973 3 8192 2.000000000 2
854 974 3 8192 2.000000000 2
854 974 3 8192 2.000000000 2
855 975 3 8192 2.000000000 2
855 975 3 8192 2.000000000 2
856 260 3 8192 2.000000000 2
856 260 3 8192 2.000000000 2
857 261 3 8192 2.000000000 2
857 261 3 8192 2.000000000 2
858 262 3 8192 2.000000000 2
858 262 3 8192 2.000000000 2
859 263 3 8192 2.000000000 2
859 263 3 8192 2.000000000 2
856 336 3 8192 2.000000000 2
856 336 3 8192 2.000000000 2
857 337 3 8192 2.000000000 2
857 337 3 8192 2.000000000 2
858 338 3 8192 2.000000000 2
858 338 3 8192 2.000000000 2
859 339 3 8192 2.000000000 2
859 339 3 8192 2.000000000 2
856 456 3 8192 2.000000000 2
856 456 3 8192 2.000000000 2
857 457 3 8192 2.000000000 2
857 457 3 8192 2.000000000 2
858 458 3 8192 2.000000000 2
858 458 3 8192 2.000000000 2
859 459 3 8192 2.000000000 2
859 459 3 8192 2.000000000 2
856 468 3 8192 2.000000000 2
856 468 3 8192 2.000000000 2
857 469 3 8192 2.000000000 2
857 469 3 8192 2.000000000 2
858 470 3 8192 2.000000000 2
858 470 3 8192 2.000000000 2
859 471 3 8192 2.000000000 2
859 471 3 8192 2.000000000 2
856 508 3 8192 2.000000000 2
856 508 3 8192 2.000000000 2
857 509 3 8192 2.000000000 2
857 509 3 8192 2.000000000 2
858 510 3 8192 2.000000000 2
858 510 3 8192 2.000000000 2
859 511 3 8192 2.000000000 2
859 511 3 8192 2.000000000 2
856 644 3 8192 2.000000000 2
856 644 3 8192 2.000000000 2
857 645 3 8192 2.000000000 2
857 645 3 8192 2.000000000 2
858 646 3 8192 2.000000000 2
858 646 3 8192 2.000000000 2
859 647 3 8192 2.000000000 2
859 647 3 8192 2.000000000 2
856 924 3 8192 2.000000000 2
856 924 3 8192 2.000000000 2
857 925 3 8192 2.000000000 2
857 925 3 8192 2.000000000 2
858 926 3 8192 2.000000000 2
858 926 3 8192 2.000000000 2
859 927 3 8192 2.000000000 2
859 927 3 8192 2.000000000 2
856 1108 3 8192 2.000000000 2
856 1108 3 8192 2.000000000 2
857 1109 3 8192 2.000000000 2
857 1109 3 8192 2.000000000 2
858 1110 3 8192 2.000000000 2
858 1110 3 8192 2.000000000 2
859 1111 3 8192 2.000000000 2
859 1111 3 8192 2.000000000 2
860 216 3 8192 2.000000000 2
860 216 3 8192 2.000000000 2
861 217 3 8192 2.000000000 2
861 217 3 8192 2.000000000 2
862 218 3 8192 2.000000000 2
862 218 3 8192 2.000000000 2
863 219 3 8192 2.000000000 2
863 219 3 8192 2.000000000 2
860 228 3 8192 2.000000000 2
860 228 3 8192 2.000000000 2
861 229 3 8192 2.000000000 2
861 229 3 8192 2.000000000 2
862 230 3 8192 2.000000000 2
862 230 3 8192 2.000000000 2
863 231 3 8192 2.000000000 2
863 231 3 8192 2.000000000 2
860 484 3 8192 2.000000000 2
860 484 3 8192 2.000000000 2
861 485 3 8192 2.000000000 2
861 485 3 8192 2.000000000 2
862 486 3 8192 2.000000000 2
862 486 3 8192 2.000000000 2
863 487 3 8192 2.000000000 2
863 487 3 8192 2.000000000 2
860 580 3 8192 2.000000000 2
860 580 3 8192 2.000000000 2
861 581 3 8192 2.000000000 2
861 581 3 8192 2.000000000 2
862 582 3 8192 2.000000000 2
862 582 3 8192 2.000000000 2
863 583 3 8192 2.000000000 2
863 583 3 8192 2.000000000 2
860 972 3 8192 2.000000000 2
860 972 3 8192 2.000000000 2
861 973 3 8192 2.000000000 2
861 973 3 8192 2.000000000 2
862 974 3 8192 2.000000000 2
862 974 3 8192 2.000000000 2
863 975 3 8192 2.000000000 2
863 975 3 8192 2.000000000 2
860 1044 3 8192 2.000000000 2
860 1044 3 8192 2.000000000 2
861 1045 3 8192 2.000000000 2
861 1045 3 8192 2.000000000 2
862 1046 3 8192 2.000000000 2
862 1046 3 8192 2.000000000 2
863 1047 3 8192 2.000000000 2
863 1047 3 8192 2.000000000 2
860 1152 3 8192 2.000000000 2
860 1152 3 8192 2.000000000 2
861 1153 3 8192 2.000000000 2
861 1153 3 8192 2.000000000 2
862 1154 3 8192 2.000000000 2
862 1154 3 8192 2.000000000 2
863 1155 3 8192 2.000000000 2
863 1155 3 8192 2.000000000 2
860 1228 3 8192 2.000000000 2
860 1228 3 8192 2.000000000 2
861 1229 3 8192 2.000000000 2
861 1229 3 8192 2.000000000 2
862 1230 3 8192 2.000000000 2
862 1230 3 8192 2.000000000 2
863 1231 3 8192 2.000000000 2
863 1231 3 8192 2.000000000 2
864 24 3 8192 2.000000000 2
864 24 3 8192 2.000000000 2
865 25 3 8192 2.000000000 2
865 25 3 8192 2.000000000 2
866 26 3 8192 2.000000000 2
866 26 3 8192 2.000000000 2
867 27 3 8192 2.000000000 2
867 27 3 8192 2.000000000 2
864 156 3 8192 2.000000000 2
864 156 3 8192 2.000000000 2
865 157 3 8192 2.000000000 2
865 157 3 8192 2.000000000 2
866 158 3 8192 2.000000000 2
866 158 3 8192 2.000000000 2
867 159 3 8192 2.000000000 2
867 159 3 8192 2.000000000 2
864 248 3 8192 2.000000000 2
864 248 3 8192 2.000000000 2
865 249 3 8192 2.000000000 2
865 249 3 8192 2.000000000 2
866 250 3 8192 2.000000000 2
866 250 3 8192 2.000000000 2
867 251 3 8192 2.000000000 2
867 251 3 8192 2.000000000 2
864 428 3 8192 2.000000000 2
864 428 3 8192 2.000000000 2
865 429 3 8192 2.000000000 2
865 429 3 8192 2.000000000 2
866 430 3 8192 2.000000000 2
866 430 3 8192 2.000000000 2
867 431 3 8192 2.000000000 2
867 431 3 8192 2.000000000 2
864 440 3 8192 2.000000000 2
864 440 3 8192 2.000000000 2
865 441 3 8192 2.000000000 2
865 441 3 8192 2.000000000 2
866 442 3 8192 2.000000000 2
866 442 3 8192 2.000000000 2
867 443 3 8192 2.000000000 2
867 443 3 8192 2.000000000 2
864 668 3 8192 2.000000000 2
864 668 3 8192 2.000000000 2
865 669 3 8192 2.000000000 2
865 669 3 8192 2.000000000 2
866 670 3 8192 2.000000000 2
866 670 3 8192 2.000000000 2
867 671 3 8192 2.000000000 2
867 671 3 8192 2.000000000 2
864 764 3 8192 2.000000000 2
864 764 3 8192 2.000000000 2
865 765 3 8192 2.000000000 2
865 765 3 8192 2.000000000 2
866 766 3 8192 2.000000000 2
866 766 3 8192 2.000000000 2
867 767 3 8192 2.000000000 2
867 767 3 8192 2.000000000 2
864 1164 3 8192 2.000000000 2
864 1164 3 8192 2.000000000 2
865 1165 3 8192 2.000000000 2
865 1165 3 8192 2.000000000 2
866 1166 3 8192 2.000000000 2
866 1166 3 8192 2.000000000 2
867 1167 3 8192 2.000000000 2
867 1167 3 8192 2.000000000 2
868 236 3 8192 2.000000000 2
868 236 3 8192 2.000000000 2
869 237 3 8192 2.000000000 2
869 237 3 8192 2.000000000 2
870 238 3 8192 2.000000000 2
870 238 3 8192 2.000000000 2
871 239 3 8192 2.000000000 2
871 239 3 8192 2.000000000 2
868 392 3 8192 2.000000000 2
868 392 3 8192 2.000000000 2
869 393 3 8192 2.000000000 2
869 393 3 8192 2.000000000 2
870 394 3 8192 2.000000000 2
870 394 3 8192 2.000000000 2
871 395 3 8192 2.000000000 2
871 395 3 8192 2.000000000 2
868 524 3 8192 2.000000000 2
868 524 3 8192 2.000000000 2
869 525 3 8192 2.000000000 2
869 525 3 8192 2.000000000 2
870 526 3 8192 2.000000000 2
870 526 3 8192 2.000000000 2
871 527 3 8192 2.000000000 2
871 527 3 8192 2.000000000 2
868 712 3 8192 2.000000000 2
868 712 3 8192 2.000000000 2
869 713 3 8192 2.000000000 2
869 713 3 8192 2.000000000 2
870 714 3 8192 2.000000000 2
870 714 3 8192 2.000000000 2
871 715 3 8192 2.000000000 2
871 715 3 8192 2.000000000 2
868 744 3 8192 2.000000000 2
868 744 3 8192 2.000000000 2
869 745 3 8192 2.000000000 2
869 745 3 8192 2.000000000 2
870 746 3 8192 2.000000000 2
870 746 3 8192 2.000000000 2
871 747 3 8192 2.000000000 2
871 747 3 8192 2.000000000 2
868 844 3 8192 2.000000000 2
868 844 3 8192 2.000000000 2
869 845 3 8192 2.000000000 2
869 845 3 8192 2.000000000 2
870 846 3 8192 2.000000000 2
870 846 3 8192 2.000000000 2
871 847 3 8192 2.000000000 2
871 847 3 8192 2.000000000 2
868 916 3 8192 2.000000000 2
868 916 3 8192 2.000000000 2
869 917 3 8192 2.000000000 2
869 917 3 8192 2.000000000 2
870 918 3 8192 2.000000000 2
870 918 3 8192 2.000000000 2
871 919 3 8192 2.000000000 2
871 919 3 8192 2.000000000 2
868 972 3 8192 2.000000000 2
868 972 3 8192 2.000000000 2
869 973 3 8192 2.000000000 2
869 973 3 8192 2.000000000 2
870 974 3 8192 2.000000000 2
870 974 3 8192 2.000000000 2
871 975 3 8192 2.000000000 2
871 975 3 8192 2.000000000 2
872 96 3 8192 2.000000000 2
872 96 3 8192 2.000000000 2
873 97 3 8192 2.000000000 2
873 97 3 8192 2.000000000 2
874 98 3 8192 2.000000000 2
874 98 3 8192 2.000000000 2
875 99 3 8192 2.000000000 2
875 99 3 8192 2.000000000 2
872 120 3 8192 2.000000000 2
872 120 3 8192 2.000000000 2
873 121 3 8192 2.000000000 2
873 121 3 8192 2.000000000 2
874 122 3 8192 2.000000000 2
874 122 3 8192 2.000000000 2
875 123 3 8192 2.000000000 2
875 123 3 8192 2.000000000 2
872 256 3 8192 2.000000000 2
872 256 3 8192 2.000000000 2
873 257 3 8192 2.000000000 2
873 257 3 8192 2.000000000 2
874 258 3 8192 2.000000000 2
874 258 3 8192 2.000000000 2
875 259 3 8192 2.000000000 2
875 259 3 8192 2.000000000 2
872 788 3 8192 2.000000000 2
872 788 3 8192 2.000000000 2
873 789 3 8192 2.000000000 2
873 789 3 8192 2.000000000 2
874 790 3 8192 2.000000000 2
874 790 3 8192 2.000000000 2
875 791 3 8192 2.000000000 2
875 791 3 8192 2.000000000 2
872 816 3 8192 2.000000000 2
872 816 3 8192 2.000000000 2
873 817 3 8192 2.000000000 2
873 817 3 8192 2.000000000 2
874 818 3 8192 2.000000000 2
874 818 3 8192 2.000000000 2
875 819 3 8192 2.000000000 2
875 819 3 8192 2.000000000 2
872 904 3 8192 2.000000000 2
872 904 3 8192 2.000000000 2
873 905 3 8192 2.000000000 2
873 905 3 8192 2.000000000 2
874 906 3 8192 2.000000000 2
874 906 3 8192 2.000000000 2
875 907 3 8192 2.000000000 2
875 907 3 8192 2.000000000 2
872 928 3 8192 2.000000000 2
872 928 3 8192 2.000000000 2
873 929 3 8192 2.000000000 2
873 929 3 8192 2.000000000 2
874 930 3 8192 2.000000000 2
874 930 3 8192 2.000000000 2
875 931 3 8192 2.000000000 2
875 931 3 8192 2.000000000 2
872 1172 3 8192 2.000000000 2
872 1172 3 8192 2.000000000 2
873 1173 3 8192 2.000000000 2
873 1173 3 8192 2.000000000 2
874 1174 3 8192 2.000000000 2
874 1174 3 8192 2.000000000 2
875 1175 3 8192 2.000000000 2
875 1175 3 8192 2.000000000 2
876 200 3 8192 2.000000000 2
876 200 3 8192 2.000000000 2
877 201 3 8192 2.000000000 2
877 201 3 8192 2.000000000 2
878 202 3 8192 2.000000000 2
878 202 3 8192 2.000000000 2
879 203 3 8192 2.000000000 2
879 203 3 8192 2.000000000 2
876 336 3 8192 2.000000000 2
876 336 3 8192 2.000000000 2
877 337 3 8192 2.000000000 2
877 337 3 8192 2.000000000 2
878 338 3 8192 2.000000000 2
878 338 3 8192 2.000000000 2
879 339 3 8192 2.000000000 2
879 339 3 8192 2.000000000 2
876 460 3 8192 2.000000000 2
876 460 3 8192 2.000000000 2
877 461 3 8192 2.000000000 2
877 461 3 8192 2.000000000 2
878 462 3 8192 2.000000000 2
878 462 3 8192 2.000000000 2
879 463 3 8192 2.000000000 2
879 463 3 8192 2.000000000 2
876 540 3 8192 2.000000000 2
876 540 3 8192 2.000000000 2
877 541 3 8192 2.000000000 2
877 541 3 8192 2.000000000 2
878 542 3 8192 2.000000000 2
878 542 3 8192 2.000000000 2
879 543 3 8192 2.000000000 2
879 543 3 8192 2.000000000 2
876 864 3 8192 2.000000000 2
876 864 3 8192 2.000000000 2
877 865 3 8192 2.000000000 2
877 865 3 8192 2.000000000 2
878 866 3 8192 2.000000000 2
878 866 3 8192 2.000000000 2
879 867 3 8192 2.000000000 2
879 867 3 8192 2.000000000 2
876 932 3 8192 2.000000000 2
876 932 3 8192 2.000000000 2
877 933 3 8192 2.000000000 2
877 933 3 8192 2.000000000 2
878 934 3 8192 2.000000000 2
878 934 3 8192 2.000000000 2
879 935 3 8192 2.000000000 2
879 935 3 8192 2.000000000 2
876 1104 3 8192 2.000000000 2
876 1104 3 8192 2.000000000 2
877 1105 3 8192 2.000000000 2
877 1105 3 8192 2.000000000 2
878 1106 3 8192 2.000000000 2
878 1106 3 8192 2.000000000 2
879 1107 3 8192 2.000000000 2
879 1107 3 8192 2.000000000 2
876 1128 3 8192 2.000000000 2
876 1128 3 8192 2.000000000 2
877 1129 3 8192 2.000000000 2
877 1129 3 8192 2.000000000 2
878 1130 3 8192 2.000000000 2
878 1130 3 8192 2.000000000 2
879 1131 3 8192 2.000000000 2
879 1131 3 8192 2.000000000 2
880 140 3 8192 2.000000000 2
880 140 3 8192 2.000000000 2
881 141 3 8192 2.000000000 2
881 141 3 8192 2.000000000 2
882 142 3 8192 2.000000000 2
882 142 3 8192 2.000000000 2
883 143 3 8192 2.000000000 2
883 143 3 8192 2.000000000 2
880 180 3 8192 2.000000000 2
880 180 3 8192 2.000000000 2
881 181 3 8192 2.000000000 2
881 181 3 8192 2.000000000 2
882 182 3 8192 2.000000000 2
882 182 3 8192 2.000000000 2
883 183 3 8192 2.000000000 2
883 183 3 8192 2.000000000 2
880 472 3 8192 2.000000000 2
880 472 3 8192 2.000000000 2
881 473 3 8192 2.000000000 2
881 473 3 8192 2.000000000 2
882 474 3 8192 2.000000000 2
882 474 3 8192 2.000000000 2
883 475 3 8192 2.000000000 2
883 475 3 8192 2.000000000 2
880 512 3 8192 2.000000000 2
880 512 3 8192 2.000000000 2
881 513 3 8192 2.000000000 2
881 513 3 8192 2.000000000 2
882 514 3 8192 2.000000000 2
882 514 3 8192 2.000000000 2
883 515 3 8192 2.000000000 2
883 515 3 8192 2.000000000 2
880 524 3 8192 2.000000000 2
880 524 3 8192 2.000000000 2
881 525 3 8192 2.000000000 2
881 525 3 8192 2.000000000 2
882 526 3 8192 2.000000000 2
882 526 3 8192 2.000000000 2
883 527 3 8192 2.000000000 2
883 527 3 8192 2.000000000 2
880 704 3 8192 2.000000000 2
880 704 3 8192 2.000000000 2
881 705 3 8192 2.000000000 2
881 705 3 8192 2.000000000 2
882 706 3 8192 2.000000000 2
882 706 3 8192 2.000000000 2
883 707 3 8192 2.000000000 2
883 707 3 8192 2.000000000 2
880 1088 3 8192 2.000000000 2
880 1088 3 8192 2.000000000 2
881 1089 3 8192 2.000000000 2
881 1089 3 8192 2.000000000 2
882 1090 3 8192 2.000000000 2
882 1090 3 8192 2.000000000 2
883 1091 3 8192 2.000000000 2
883 1091 3 8192 2.000000000 2
880 1180 3 8192 2.000000000 2
880 1180 3 8192 2.000000000 2
881 1181 3 8192 2.000000000 2
881 1181 3 8192 2.000000000 2
882 1182 3 8192 2.000000000 2
882 1182 3 8192 2.000000000 2
883 1183 3 8192 2.000000000 2
883 1183 3 8192 2.000000000 2
884 392 3 8192 2.000000000 2
884 392 3 8192 2.000000000 2
885 393 3 8192 2.000000000 2
885 393 3 8192 2.000000000 2
886 394 3 8192 2.000000000 2
886 394 3 8192 2.000000000 2
887 395 3 8192 2.000000000 2
887 395 3 8192 2.000000000 2
884 812 3 8192 2.000000000 2
884 812 3 8192 2.000000000 2
885 813 3 8192 2.000000000 2
885 813 3 8192 2.000000000 2
886 814 3 8192 2.000000000 2
886 814 3 8192 2.000000000 2
887 815 3 8192 2.000000000 2
887 815 3 8192 2.000000000 2
884 952 3 8192 2.000000000 2
884 952 3 8192 2.000000000 2
885 953 3 8192 2.000000000 2
885 953 3 8192 2.000000000 2
886 954 3 8192 2.000000000 2
886 954 3 8192 2.000000000 2
887 955 3 8192 2.000000000 2
887 955 3 8192 2.000000000 2
884 1036 3 8192 2.000000000 2
884 1036 3 8192 2.000000000 2
885 1037 3 8192 2.000000000 2
885 1037 3 8192 2.000000000 2
886 1038 3 8192 2.000000000 2
886 1038 3 8192 2.000000000 2
887 1039 3 8192 2.000000000 2
887 1039 3 8192 2.000000000 2
884 1056 3 8192 2.000000000 2
884 1056 3 8192 2.000000000 2
885 1057 3 8192 2.000000000 2
885 1057 3 8192 2.000000000 2
886 1058 3 8192 2.000000000 2
886 1058 3 8192 2.000000000 2
887 1059 3 8192 2.000000000 2
887 1059 3 8192 2.000000000 2
884 1128 3 8192 2.000000000 2
884 1128 3 8192 2.000000000 2
885 1129 3 8192 2.000000000 2
885 1129 3 8192 2.000000000 2
886 1130 3 8192 2.000000000 2
886 1130 3 8192 2.000000000 2
887 1131 3 8192 2.000000000 2
887 1131 3 8192 2.000000000 2
884 1144 3 8192 2.000000000 2
884 1144 3 8192 2.000000000 2
885 1145 3 8192 2.000000000 2
885 1145 3 8192 2.000000000 2
886 1146 3 8192 2.000000000 2
886 1146 3 8192 2.000000000 2
887 1147 3 8192 2.000000000 2
887 1147 3 8192 2.000000000 2
884 1224 3 8192 2.000000000 2
884 1224 3 8192 2.000000000 2
885 1225 3 8192 2.000000000 2
885 1225 3 8192 2.000000000 2
886 1226 3 8192 2.000000000 2
886 1226 3 8192 2.000000000 2
887 1227 3 8192 2.000000000 2
887 1227 3 8192 2.000000000 2
888 56 3 8192 2.000000000 2
888 56 3 8192 2.000000000 2
889 57 3 8192 2.000000000 2
889 57 3 8192 2.000000000 2
890 58 3 8192 2.000000000 2
890 58 3 8192 2.000000000 2
891 59 3 8192 2.000000000 2
891 59 3 8192 2.000000000 2
888 112 3 8192 2.000000000 2
888 112 3 8192 2.000000000 2
889 113 3 8192 2.000000000 2
889 113 3 8192 2.000000000 2
890 114 3 8192 2.000000000 2
890 114 3 8192 2.000000000 2
891 115 3 8192 2.000000000 2
891 115 3 8192 2.000000000 2
888 284 3 8192 2.000000000 2
888 284 3 8192 2.000000000 2
889 285 3 8192 2.000000000 2
889 285 3 8192 2.000000000 2
890 286 3 8192 2.000000000 2
890 286 3 8192 2.000000000 2
891 287 3 8192 2.000000000 2
891 287 3 8192 2.000000000 2
888 440 3 8192 2.000000000 2
888 440 3 8192 2.000000000 2
889 441 3 8192 2.000000000 2
889 441 3 8192 2.000000000 2
890 442 3 8192 2.000000000 2
890 442 3 8192 2.000000000 2
891 443 3 8192 2.000000000 2
891 443 3 8192 2.000000000 2
888 588 3 8192 2.000000000 2
888 588 3 8192 2.000000000 2
889 589 3 8192 2.000000000 2
889 589 3 8192 2.000000000 2
890 590 3 8192 2.000000000 2
890 590 3 8192 2.000000000 2
891 591 3 8192 2.000000000 2
891 591 3 8192 2.000000000 2
888 752 3 8192 2.000000000 2
888 752 3 8192 2.000000000 2
889 753 3 8192 2.000000000 2
889 753 3 8192 2.000000000 2
890 754 3 8192 2.000000000 2
890 754 3 8192 2.000000000 2
891 755 3 8192 2.000000000 2
891 755 3 8192 2.000000000 2
888 1068 3 8192 2.000000000 2
888 1068 3 8192 2.000000000 2
889 1069 3 8192 2.000000000 2
889 1069 3 8192 2.000000000 2
890 1070 3 8192 2.000000000 2
890 1070 3 8192 2.000000000 2
891 1071 3 8192 2.000000000 2
891 1071 3 8192 2.000000000 2
888 1240 3 8192 2.000000000 2
888 1240 3 8192 2.000000000 2
889 1241 3 8192 2.000000000 2
889 1241 3 8192 2.000000000 2
890 1242 3 8192 2.000000000 2
890 1242 3 8192 2.000000000 2
891 1243 3 8192 2.000000000 2
891 1243 3 8192 2.000000000 2
892 32 3 8192 2.000000000 2
892 32 3 8192 2.000000000 2
893 33 3 8192 2.000000000 2
893 33 3 8192 2.000000000 2
894 34 3 8192 2.000000000 2
894 34 3 8192 2.000000000 2
895 35 3 8192 2.000000000 2
895 35 3 8192 2.000000000 2
892 208 3 8192 2.000000000 2
892 208 3 8192 2.000000000 2
893 209 3 8192 2.000000000 2
893 209 3 8192 2.000000000 2
894 210 3 8192 2.000000000 2
894 210 3 8192 2.000000000 2
895 211 3 8192 2.000000000 2
895 211 3 8192 2.000000000 2
892 316 3 8192 2.000000000 2
892 316 3 8192 2.000000000 2
893 317 3 8192 2.000000000 2
893 317 3 8192 2.000000000 2
894 318 3 8192 2.000000000 2
894 318 3 8192 2.000000000 2
895 319 3 8192 2.000000000 2
895 319 3 8192 2.000000000 2
892 360 3 8192 2.000000000 2
892 360 3 8192 2.000000000 2
893 361 3 8192 2.000000000 2
893 361 3 8192 2.000000000 2
894 362 3 8192 2.000000000 2
894 362 3 8192 2.000000000 2
895 363 3 8192 2.000000000 2
895 363 3 8192 2.000000000 2
892 652 3 8192 2.000000000 2
892 652 3 8192 2.000000000 2
893 653 3 8192 2.000000000 2
893 653 3 8192 2.000000000 2
894 654 3 8192 2.000000000 2
894 654 3 8192 2.000000000 2
895 655 3 8192 2.000000000 2
895 655 3 8192 2.000000000 2
892 732 3 8192 2.000000000 2
892 732 3 8192 2.000000000 2
893 733 3 8192 2.000000000 2
893 733 3 8192 2.000000000 2
894 734 3 8192 2.000000000 2
894 734 3 8192 2.000000000 2
895 735 3 8192 2.000000000 2
895 735 3 8192 2.000000000 2
892 868 3 8192 2.000000000 2
892 868 3 8192 2.000000000 2
893 869 3 8192 2.000000000 2
893 869 3 8192 2.000000000 2
894 870 3 8192 2.000000000 2
894 870 3 8192 2.000000000 2
895 871 3 8192 2.000000000 2
895 871 3 8192 2.000000000 2
892 1276 3 8192 2.000000000 2
892 1276 3 8192 2.000000000 2
893 1277 3 8192 2.000000000 2
893 1277 3 8192 2.000000000 2
894 1278 3 8192 2.000000000 2
894 1278 3 8192 2.000000000 2
895 1279 3 8192 2.000000000 2
895 1279 3 8192 2.000000000 2
896 280 3 8192 2.000000000 2
896 280 3 8192 2.000000000 2
897 281 3 8192 2.000000000 2
897 281 3 8192 2.000000000 2
898 282 3 8192 2.000000000 2
898 282 3 8192 2.000000000 2
899 283 3 8192 2.000000000 2
899 283 3 8192 2.000000000 2
896 284 3 8192 2.000000000 2
896 284 3 8192 2.000000000 2
897 285 3 8192 2.000000000 2
897 285 3 8192 2.000000000 2
898 286 3 8192 2.000000000 2
898 286 3 8192 2.000000000 2
899 287 3 8192 2.000000000 2
899 287 3 8192 2.000000000 2
896 316 3 8192 2.000000000 2
896 316 3 8192 2.000000000 2
897 317 3 8192 2.000000000 2
897 317 3 8192 2.000000000 2
898 318 3 8192 2.000000000 2
898 318 3 8192 2.000000000 2
899 319 3 8192 2.000000000 2
899 319 3 8192 2.000000000 2
896 580 3 8192 2.000000000 2
896 580 3 8192 2.000000000 2
897 581 3 8192 2.000000000 2
897 581 3 8192 2.000000000 2
898 582 3 8192 2.000000000 2
898 582 3 8192 2.000000000 2
899 583 3 8192 2.000000000 2
899 583 3 8192 2.000000000 2
896 900 3 8192 2.000000000 2
896 900 3 8192 2.000000000 2
897 901 3 8192 2.000000000 2
897 901 3 8192 2.000000000 2
898 902 3 8192 2.000000000 2
898 902 3 8192 2.000000000 2
899 903 3 8192 2.000000000 2
899 903 3 8192 2.000000000 2
896 1076 3 8192 2.000000000 2
896 1076 3 8192 2.000000000 2
897 1077 3 8192 2.000000000 2
897 1077 3 8192 2.000000000 2
898 1078 3 8192 2.000000000 2
898 1078 3 8192 2.000000000 2
899 1079 3 8192 2.000000000 2
899 1079 3 8192 2.000000000 2
896 1128 3 8192 2.000000000 2
896 1128 3 8192 2.000000000 2
897 1129 3 8192 2.000000000 2
897 1129 3 8192 2.000000000 2
898 1130 3 8192 2.000000000 2
898 1130 3 8192 2.000000000 2
899 1131 3 8192 2.000000000 2
899 1131 3 8192 2.000000000 2
896 1260 3 8192 2.000000000 2
896 1260 3 8192 2.000000000 2
897 1261 3 8192 2.000000000 2
897 1261 3 8192 2.000000000 2
898 1262 3 8192 2.000000000 2
898 1262 3 8192 2.000000000 2
899 1263 3 8192 2.000000000 2
899 1263 3 8192 2.000000000 2
900 16 3 8192 2.000000000 2
900 16 3 8192 2.000000000 2
901 17 3 8192 2.000000000 2
901 17 3 8192 2.000000000 2
902 18 3 8192 2.000000000 2
902 18 3 8192 2.000000000 2
903 19 3 8192 2.000000000 2
903 19 3 8192 2.000000000 2
900 200 3 8192 2.000000000 2
900 200 3 8192 2.000000000 2
901 201 3 8192 2.000000000 2
901 201 3 8192 2.000000000 2
902 202 3 8192 2.000000000 2
902 202 3 8192 2.000000000 2
903 203 3 8192 2.000000000 2
903 203 3 8192 2.000000000 2
900 276 3 8192 2.000000000 2
900 276 3 8192 2.000000000 2
901 277 3 8192 2.000000000 2
901 277 3 8192 2.000000000 2
902 278 3 8192 2.000000000 2
902 278 3 8192 2.000000000 2
903 279 3 8192 2.000000000 2
903 279 3 8192 2.000000000 2
900 316 3 8192 2.000000000 2
900 316 3 8192 2.000000000 2
901 317 3 8192 2.000000000 2
901 317 3 8192 2.000000000 2
902 318 3 8192 2.000000000 2
902 318 3 8192 2.000000000 2
903 319 3 8192 2.000000000 2
903 319 3 8192 2.000000000 2
900 392 3 8192 2.000000000 2
900 392 3 8192 2.000000000 2
901 393 3 8192 2.000000000 2
901 393 3 8192 2.000000000 2
902 394 3 8192 2.000000000 2
902 394 3 8192 2.000000000 2
903 395 3 8192 2.000000000 2
903 395 3 8192 2.000000000 2
900 848 3 8192 2.000000000 2
900 848 3 8192 2.000000000 2
901 849 3 8192 2.000000000 2
901 849 3 8192 2.000000000 2
902 850 3 8192 2.000000000 2
902 850 3 8192 2.000000000 2
903 851 3 8192 2.000000000 2
903 851 3 8192 2.000000000 2
900 1048 3 8192 2.000000000 2
900 1048 3 8192 2.000000000 2
901 1049 3 8192 2.000000000 2
901 1049 3 8192 2.000000000 2
902 1050 3 8192 2.000000000 2
902 1050 3 8192 2.000000000 2
903 1051 3 8192 2.000000000 2
903 1051 3 8192 2.000000000 2
900 1232 3 8192 2.000000000 2
900 1232 3 8192 2.000000000 2
901 1233 3 8192 2.000000000 2
901 1233 3 8192 2.000000000 2
902 1234 3 8192 2.000000000 2
902 1234 3 8192 2.000000000 2
903 1235 3 8192 2.000000000 2
903 1235 3 8192 2.000000000 2
904 28 3 8192 2.000000000 2
904 28 3 8192 2.000000000 2
905 29 3 8192 2.000000000 2
905 29 3 8192 2.000000000 2
906 30 3 8192 2.000000000 2
906 30 3 8192 2.000000000 2
907 31 3 8192 2.000000000 2
907 31 3 8192 2.000000000 2
904 552 3 8192 2.000000000 2
904 552 3 8192 2.000000000 2
905 553 3 8192 2.000000000 2
905 553 3 8192 2.000000000 2
906 554 3 8192 2.000000000 2
906 554 3 8192 2.000000000 2
907 555 3 8192 2.000000000 2
907 555 3 8192 2.000000000 2
904 580 3 8192 2.000000000 2
904 580 3 8192 2.000000000 2
905 581 3 8192 2.000000000 2
905 581 3 8192 2.000000000 2
906 582 3 8192 2.000000000 2
906 582 3 8192 2.000000000 2
907 583 3 8192 2.000000000 2
907 583 3 8192 2.000000000 2
904 640 3 8192 2.000000000 2
904 640 3 8192 2.000000000 2
905 641 3 8192 2.000000000 2
905 641 3 8192 2.000000000 2
906 642 3 8192 2.000000000 2
906 642 3 8192 2.000000000 2
907 643 3 8192 2.000000000 2
907 643 3 8192 2.000000000 2
904 740 3 8192 2.000000000 2
904 740 3 8192 2.000000000 2
905 741 3 8192 2.000000000 2
905 741 3 8192 2.000000000 2
906 742 3 8192 2.000000000 2
906 742 3 8192 2.000000000 2
907 743 3 8192 2.000000000 2
907 743 3 8192 2.000000000 2
904 808 3 8192 2.000000000 2
904 808 3 8192 2.000000000 2
905 809 3 8192 2.000000000 2
905 809 3 8192 2.000000000 2
906 810 3 8192 2.000000000 2
906 810 3 8192 2.000000000 2
907 811 3 8192 2.000000000 2
907 811 3 8192 2.000000000 2
904 1080 3 8192 2.000000000 2
904 1080 3 8192 2.000000000 2
905 1081 3 8192 2.000000000 2
905 1081 3 8192 2.000000000 2
906 1082 3 8192 2.000000000 2
906 1082 3 8192 2.000000000 2
907 1083 3 8192 2.000000000 2
907 1083 3 8192 2.000000000 2
904 1108 3 8192 2.000000000 2
904 1108 3 8192 2.000000000 2
905 1109 3 8192 2.000000000 2
905 1109 3 8192 2.000000000 2
906 1110 3 8192 2.000000000 2
906 1110 3 8192 2.000000000 2
907 1111 3 8192 2.000000000 2
907 1111 3 8192 2.000000000 2
916 244 3 8192 2.000000000 2
916 244 3 8192 2.000000000 2
917 245 3 8192 2.000000000 2
917 245 3 8192 2.000000000 2
918 246 3 8192 2.000000000 2
918 246 3 8192 2.000000000 2
919 247 3 8192 2.000000000 2
919 247 3 8192 2.000000000 2
916 252 3 8192 2.000000000 2
916 252 3 8192 2.000000000 2
917 253 3 8192 2.000000000 2
917 253 3 8192 2.000000000 2
918 254 3 8192 2.000000000 2
918 254 3 8192 2.000000000 2
919 255 3 8192 2.000000000 2
919 255 3 8192 2.000000000 2
916 548 3 8192 2.000000000 2
916 548 3 8192 2.000000000 2
917 549 3 8192 2.000000000 2
917 549 3 8192 2.000000000 2
918 550 3 8192 2.000000000 2
918 550 3 8192 2.000000000 2
919 551 3 8192 2.000000000 2
919 551 3 8192 2.000000000 2
916 688 3 8192 2.000000000 2
916 688 3 8192 2.000000000 2
917 689 3 8192 2.000000000 2
917 689 3 8192 2.000000000 2
918 690 3 8192 2.000000000 2
918 690 3 8192 2.000000000 2
919 691 3 8192 2.000000000 2
919 691 3 8192 2.000000000 2
916 736 3 8192 2.000000000 2
916 736 3 8192 2.000000000 2
917 737 3 8192 2.000000000 2
917 737 3 8192 2.000000000 2
918 738 3 8192 2.000000000 2
918 738 3 8192 2.000000000 2
919 739 3 8192 2.000000000 2
919 739 3 8192 2.000000000 2
916 752 3 8192 2.000000000 2
916 752 3 8192 2.000000000 2
917 753 3 8192 2.000000000 2
917 753 3 8192 2.000000000 2
918 754 3 8192 2.000000000 2
918 754 3 8192 2.000000000 2
919 755 3 8192 2.000000000 2
919 755 3 8192 2.000000000 2
916 764 3 8192 2.000000000 2
916 764 3 8192 2.000000000 2
917 765 3 8192 2.000000000 2
917 765 3 8192 2.000000000 2
918 766 3 8192 2.000000000 2
918 766 3 8192 2.000000000 2
919 767 3 8192 2.000000000 2
919 767 3 8192 2.000000000 2
916 1096 3 8192 2.000000000 2
916 1096 3 8192 2.000000000 2
917 1097 3 8192 2.000000000 2
917 1097 3 8192 2.000000000 2
918 1098 3 8192 2.000000000 2
918 1098 3 8192 2.000000000 2
919 1099 3 8192 2.000000000 2
919 1099 3 8192 2.000000000 2
920 516 3 8192 2.000000000 2
920 516 3 8192 2.000000000 2
921 517 3 8192 2.000000000 2
921 517 3 8192 2.000000000 2
922 518 3 8192 2.000000000 2
922 518 3 8192 2.000000000 2
923 519 3 8192 2.000000000 2
923 519 3 8192 2.000000000 2
920 536 3 8192 2.000000000 2
920 536 3 8192 2.000000000 2
921 537 3 8192 2.000000000 2
921 537 3 8192 2.000000000 2
922 538 3 8192 2.000000000 2
922 538 3 8192 2.000000000 2
923 539 3 8192 2.000000000 2
923 539 3 8192 2.000000000 2
920 760 3 8192 2.000000000 2
920 760 3 8192 2.000000000 2
921 761 3 8192 2.000000000 2
921 761 3 8192 2.000000000 2
922 762 3 8192 2.000000000 2
922 762 3 8192 2.000000000 2
923 763 3 8192 2.000000000 2
923 763 3 8192 2.000000000 2
920 824 3 8192 2.000000000 2
920 824 3 8192 2.000000000 2
921 825 3 8192 2.000000000 2
921 825 3 8192 2.000000000 2
922 826 3 8192 2.000000000 2
922 826 3 8192 2.000000000 2
923 827 3 8192 2.000000000 2
923 827 3 8192 2.000000000 2
920 964 3 8192 2.000000000 2
920 964 3 8192 2.000000000 2
921 965 3 8192 2.000000000 2
921 965 3 8192 2.000000000 2
922 966 3 8192 2.000000000 2
922 966 3 8192 2.000000000 2
923 967 3 8192 2.000000000 2
923 967 3 8192 2.000000000 2
920 1144 3 8192 2.000000000 2
920 1144 3 8192 2.000000000 2
921 1145 3 8192 2.000000000 2
921 1145 3 8192 2.000000000 2
922 1146 3 8192 2.000000000 2
922 1146 3 8192 2.000000000 2
923 1147 3 8192 2.000000000 2
923 1147 3 8192 2.000000000 2
920 1156 3 8192 2.000000000 2
920 1156 3 8192 2.000000000 2
921 1157 3 8192 2.000000000 2
921 1157 3 8192 2.000000000 2
922 1158 3 8192 2.000000000 2
922 1158 3 8192 2.000000000 2
923 1159 3 8192 2.000000000 2
923 1159 3 8192 2.000000000 2
920 1252 3 8192 2.000000000 2
920 1252 3 8192 2.000000000 2
921 1253 3 8192 2.000000000 2
921 1253 3 8192 2.000000000 2
922 1254 3 8192 2.000000000 2
922 1254 3 8192 2.000000000 2
923 1255 3 8192 2.000000000 2
923 1255 3 8192 2.000000000 2
924 332 3 8192 2.000000000 2
924 332 3 8192 2.000000000 2
925 333 3 8192 2.000000000 2
925 333 3 8192 2.000000000 2
926 334 3 8192 2.000000000 2
926 334 3 8192 2.000000000 2
927 335 3 8192 2.000000000 2
927 335 3 8192 2.000000000 2
924 336 3 8192 2.000000000 2
924 336 3 8192 2.000000000 2
925 337 3 8192 2.000000000 2
925 337 3 8192 2.000000000 2
926 338 3 8192 2.000000000 2
926 338 3 8192 2.000000000 2
927 339 3 8192 2.000000000 2
927 339 3 8192 2.000000000 2
924 492 3 8192 2.000000000 2
924 492 3 8192 2.000000000 2
925 493 3 8192 2.000000000 2
925 493 3 8192 2.000000000 2
926 494 3 8192 2.000000000 2
926 494 3 8192 2.000000000 2
927 495 3 8192 2.000000000 2
927 495 3 8192 2.000000000 2
924 572 3 8192 2.000000000 2
924 572 3 8192 2.000000000 2
925 573 3 8192 2.000000000 2
925 573 3 8192 2.000000000 2
926 574 3 8192 2.000000000 2
926 574 3 8192 2.000000000 2
927 575 3 8192 2.000000000 2
927 575 3 8192 2.000000000 2
924 916 3 8192 2.000000000 2
924 916 3 8192 2.000000000 2
925 917 3 8192 2.000000000 2
925 917 3 8192 2.000000000 2
926 918 3 8192 2.000000000 2
926 918 3 8192 2.000000000 2
927 919 3 8192 2.000000000 2
927 919 3 8192 2.000000000 2
924 1032 3 8192 2.000000000 2
924 1032 3 8192 2.000000000 2
925 1033 3 8192 2.000000000 2
925 1033 3 8192 2.000000000 2
926 1034 3 8192 2.000000000 2
926 1034 3 8192 2.000000000 2
927 1035 3 8192 2.000000000 2
927 1035 3 8192 2.000000000 2
924 1040 3 8192 2.000000000 2
924 1040 3 8192 2.000000000 2
925 1041 3 8192 2.000000000 2
925 1041 3 8192 2.000000000 2
926 1042 3 8192 2.000000000 2
926 1042 3 8192 2.000000000 2
927 1043 3 8192 2.000000000 2
927 1043 3 8192 2.000000000 2
924 1260 3 8192 2.000000000 2
924 1260 3 8192 2.000000000 2
925 1261 3 8192 2.000000000 2
925 1261 3 8192 2.000000000 2
926 1262 3 8192 2.000000000 2
926 1262 3 8192 2.000000000 2
927 1263 3 8192 2.000000000 2
927 1263 3 8192 2.000000000 2
928 304 3 8192 2.000000000 2
928 304 3 8192 2.000000000 2
929 305 3 8192 2.000000000 2
929 305 3 8192 2.000000000 2
930 306 3 8192 2.000000000 2
930 306 3 8192 2.000000000 2
931 307 3 8192 2.000000000 2
931 307 3 8192 2.000000000 2
928 436 3 8192 2.000000000 2
928 436 3 8192 2.000000000 2
929 437 3 8192 2.000000000 2
929 437 3 8192 2.000000000 2
930 438 3 8192 2.000000000 2
930 438 3 8192 2.000000000 2
931 439 3 8192 2.000000000 2
931 439 3 8192 2.000000000 2
928 492 3 8192 2.000000000 2
928 492 3 8192 2.000000000 2
929 493 3 8192 2.000000000 2
929 493 3 8192 2.000000000 2
930 494 3 8192 2.000000000 2
930 494 3 8192 2.000000000 2
931 495 3 8192 2.000000000 2
931 495 3 8192 2.000000000 2
928 496 3 8192 2.000000000 2
928 496 3 8192 2.000000000 2
929 497 3 8192 2.000000000 2
929 497 3 8192 2.000000000 2
930 498 3 8192 2.000000000 2
930 498 3 8192 2.000000000 2
931 499 3 8192 2.000000000 2
931 499 3 8192 2.000000000 2
928 716 3 8192 2.000000000 2
928 716 3 8192 2.000000000 2
929 717 3 8192 2.000000000 2
929 717 3 8192 2.000000000 2
930 718 3 8192 2.000000000 2
930 718 3 8192 2.000000000 2
931 719 3 8192 2.000000000 2
931 719 3 8192 2.000000000 2
928 1156 3 8192 2.000000000 2
928 1156 3 8192 2.000000000 2
929 1157 3 8192 2.000000000 2
929 1157 3 8192 2.000000000 2
930 1158 3 8192 2.000000000 2
930 1158 3 8192 2.000000000 2
931 1159 3 8192 2.000000000 2
931 1159 3 8192 2.000000000 2
928 1184 3 8192 2.000000000 2
928 1184 3 8192 2.000000000 2
929 1185 3 8192 2.000000000 2
929 1185 3 8192 2.000000000 2
930 1186 3 8192 2.000000000 2
930 1186 3 8192 2.000000000 2
931 1187 3 8192 2.000000000 2
931 1187 3 8192 2.000000000 2
928 1200 3 8192 2.000000000 2
928 1200 3 8192 2.000000000 2
929 1201 3 8192 2.000000000 2
929 1201 3 8192 2.000000000 2
930 1202 3 8192 2.000000000 2
930 1202 3 8192 2.000000000 2
931 1203 3 8192 2.000000000 2
931 1203 3 8192 2.000000000 2
932 96 3 8192 2.000000000 2
932 96 3 8192 2.000000000 2
933 97 3 8192 2.000000000 2
933 97 3 8192 2.000000000 2
934 98 3 8192 2.000000000 2
934 98 3 8192 2.000000000 2
935 99 3 8192 2.000000000 2
935 99 3 8192 2.000000000 2
932 180 3 8192 2.000000000 2
932 180 3 8192 2.000000000 2
933 181 3 8192 2.000000000 2
933 181 3 8192 2.000000000 2
934 182 3 8192 2.000000000 2
934 182 3 8192 2.000000000 2
935 183 3 8192 2.000000000 2
935 183 3 8192 2.000000000 2
932 440 3 8192 2.000000000 2
932 440 3 8192 2.000000000 2
933 441 3 8192 2.000000000 2
933 441 3 8192 2.000000000 2
934 442 3 8192 2.000000000 2
934 442 3 8192 2.000000000 2
935 443 3 8192 2.000000000 2
935 443 3 8192 2.000000000 2
932 476 3 8192 2.000000000 2
932 476 3 8192 2.000000000 2
933 477 3 8192 2.000000000 2
933 477 3 8192 2.000000000 2
934 478 3 8192 2.000000000 2
934 478 3 8192 2.000000000 2
935 479 3 8192 2.000000000 2
935 479 3 8192 2.000000000 2
932 896 3 8192 2.000000000 2
932 896 3 8192 2.000000000 2
933 897 3 8192 2.000000000 2
933 897 3 8192 2.000000000 2
934 898 3 8192 2.000000000 2
934 898 3 8192 2.000000000 2
935 899 3 8192 2.000000000 2
935 899 3 8192 2.000000000 2
932 1068 3 8192 2.000000000 2
932 1068 3 8192 2.000000000 2
933 1069 3 8192 2.000000000 2
933 1069 3 8192 2.000000000 2
934 1070 3 8192 2.000000000 2
934 1070 3 8192 2.000000000 2
935 1071 3 8192 2.000000000 2
935 1071 3 8192 2.000000000 2
932 1112 3 8192 2.000000000 2
932 1112 3 8192 2.000000000 2
933 1113 3 8192 2.000000000 2
933 1113 3 8192 2.000000000 2
934 1114 3 8192 2.000000000 2
934 1114 3 8192 2.000000000 2
935 1115 3 8192 2.000000000 2
935 1115 3 8192 2.000000000 2
932 1228 3 8192 2.000000000 2
932 1228 3 8192 2.000000000 2
933 1229 3 8192 2.000000000 2
933 1229 3 8192 2.000000000 2
934 1230 3 8192 2.000000000 2
934 1230 3 8192 2.000000000 2
935 1231 3 8192 2.000000000 2
935 1231 3 8192 2.000000000 2
936 124 3 8192 2.000000000 2
936 124 3 8192 2.000000000 2
937 125 3 8192 2.000000000 2
937 125 3 8192 2.000000000 2
938 126 3 8192 2.000000000 2
938 126 3 8192 2.000000000 2
939 127 3 8192 2.000000000 2
939 127 3 8192 2.000000000 2
936 172 3 8192 2.000000000 2
936 172 3 8192 2.000000000 2
937 173 3 8192 2.000000000 2
937 173 3 8192 2.000000000 2
938 174 3 8192 2.000000000 2
938 174 3 8192 2.000000000 2
939 175 3 8192 2.000000000 2
939 175 3 8192 2.000000000 2
936 320 3 8192 2.000000000 2
936 320 3 8192 2.000000000 2
937 321 3 8192 2.000000000 2
937 321 3 8192 2.000000000 2
938 322 3 8192 2.000000000 2
938 322 3 8192 2.000000000 2
939 323 3 8192 2.000000000 2
939 323 3 8192 2.000000000 2
936 712 3 8192 2.000000000 2
936 712 3 8192 2.000000000 2
937 713 3 8192 2.000000000 2
937 713 3 8192 2.000000000 2
938 714 3 8192 2.000000000 2
938 714 3 8192 2.000000000 2
939 715 3 8192 2.000000000 2
939 715 3 8192 2.000000000 2
936 764 3 8192 2.000000000 2
936 764 3 8192 2.000000000 2
937 765 3 8192 2.000000000 2
937 765 3 8192 2.000000000 2
938 766 3 8192 2.000000000 2
938 766 3 8192 2.000000000 2
939 767 3 8192 2.000000000 2
939 767 3 8192 2.000000000 2
936 904 3 8192 2.000000000 2
936 904 3 8192 2.000000000 2
937 905 3 8192 2.000000000 2
937 905 3 8192 2.000000000 2
938 906 3 8192 2.000000000 2
938 906 3 8192 2.000000000 2
939 907 3 8192 2.000000000 2
939 907 3 8192 2.000000000 2
936 1032 3 8192 2.000000000 2
936 1032 3 8192 2.000000000 2
937 1033 3 8192 2.000000000 2
937 1033 3 8192 2.000000000 2
938 1034 3 8192 2.000000000 2
938 1034 3 8192 2.000000000 2
939 1035 3 8192 2.000000000 2
939 1035 3 8192 2.000000000 2
936 1264 3 8192 2.000000000 2
936 1264 3 8192 2.000000000 2
937 1265 3 8192 2.000000000 2
937 1265 3 8192 2.000000000 2
938 1266 3 8192 2.000000000 2
938 1266 3 8192 2.000000000 2
939 1267 3 8192 2.000000000 2
939 1267 3 8192 2.000000000 2
940 632 3 8192 2.000000000 2
940 632 3 8192 2.000000000 2
941 633 3 8192 2.000000000 2
941 633 3 8192 2.000000000 2
942 634 3 8192 2.000000000 2
942 634 3 8192 2.000000000 2
943 635 3 8192 2.000000000 2
943 635 3 8192 2.000000000 2
940 668 3 8192 2.000000000 2
940 668 3 8192 2.000000000 2
941 669 3 8192 2.000000000 2
941 669 3 8192 2.000000000 2
942 670 3 8192 2.000000000 2
942 670 3 8192 2.000000000 2
943 671 3 8192 2.000000000 2
943 671 3 8192 2.000000000 2
940 712 3 8192 2.000000000 2
940 712 3 8192 2.000000000 2
941 713 3 8192 2.000000000 2
941 713 3 8192 2.000000000 2
942 714 3 8192 2.000000000 2
942 714 3 8192 2.000000000 2
943 715 3 8192 2.000000000 2
943 715 3 8192 2.000000000 2
940 920 3 8192 2.000000000 2
940 920 3 8192 2.000000000 2
941 921 3 8192 2.000000000 2
941 921 3 8192 2.000000000 2
942 922 3 8192 2.000000000 2
942 922 3 8192 2.000000000 2
943 923 3 8192 2.000000000 2
943 923 3 8192 2.000000000 2
940 1008 3 8192 2.000000000 2
940 1008 3 8192 2.000000000 2
941 1009 3 8192 2.000000000 2
941 1009 3 8192 2.000000000 2
942 1010 3 8192 2.000000000 2
942 1010 3 8192 2.000000000 2
943 1011 3 8192 2.000000000 2
943 1011 3 8192 2.000000000 2
940 1172 3 8192 2.000000000 2
940 1172 3 8192 2.000000000 2
941 1173 3 8192 2.000000000 2
941 1173 3 8192 2.000000000 2
942 1174 3 8192 2.000000000 2
942 1174 3 8192 2.000000000 2
943 1175 3 8192 2.000000000 2
943 1175 3 8192 2.000000000 2
940 1260 3 8192 2.000000000 2
940 1260 3 8192 2.000000000 2
941 1261 3 8192 2.000000000 2
941 1261 3 8192 2.000000000 2
942 1262 3 8192 2.000000000 2
942 1262 3 8192 2.000000000 2
943 1263 3 8192 2.000000000 2
943 1263 3 8192 2.000000000 2
940 1264 3 8192 2.000000000 2
940 1264 3 8192 2.000000000 2
941 1265 3 8192 2.000000000 2
941 1265 3 8192 2.000000000 2
942 1266 3 8192 2.000000000 2
942 1266 3 8192 2.000000000 2
943 1267 3 8192 2.000000000 2
943 1267 3 8192 2.000000000 2
944 140 3 8192 2.000000000 2
944 140 3 8192 2.000000000 2
945 141 3 8192 2.000000000 2
945 141 3 8192 2.000000000 2
946 142 3 8192 2.000000000 2
946 142 3 8192 2.000000000 2
947 143 3 8192 2.000000000 2
947 143 3 8192 2.000000000 2
944 292 3 8192 2.000000000 2
944 292 3 8192 2.000000000 2
945 293 3 8192 2.000000000 2
945 293 3 8192 2.000000000 2
946 294 3 8192 2.000000000 2
946 294 3 8192 2.000000000 2
947 295 3 8192 2.000000000 2
947 295 3 8192 2.000000000 2
944 432 3 8192 2.000000000 2
944 432 3 8192 2.000000000 2
945 433 3 8192 2.000000000 2
945 433 3 8192 2.000000000 2
946 434 3 8192 2.000000000 2
946 434 3 8192 2.000000000 2
947 435 3 8192 2.000000000 2
947 435 3 8192 2.000000000 2
944 468 3 8192 2.000000000 2
944 468 3 8192 2.000000000 2
945 469 3 8192 2.000000000 2
945 469 3 8192 2.000000000 2
946 470 3 8192 2.000000000 2
946 470 3 8192 2.000000000 2
947 471 3 8192 2.000000000 2
947 471 3 8192 2.000000000 2
944 792 3 8192 2.000000000 2
944 792 3 8192 2.000000000 2
945 793 3 8192 2.000000000 2
945 793 3 8192 2.000000000 2
946 794 3 8192 2.000000000 2
946 794 3 8192 2.000000000 2
947 795 3 8192 2.000000000 2
947 795 3 8192 2.000000000 2
944 932 3 8192 2.000000000 2
944 932 3 8192 2.000000000 2
945 933 3 8192 2.000000000 2
945 933 3 8192 2.000000000 2
946 934 3 8192 2.000000000 2
946 934 3 8192 2.000000000 2
947 935 3 8192 2.000000000 2
947 935 3 8192 2.000000000 2
944 1044 3 8192 2.000000000 2
944 1044 3 8192 2.000000000 2
945 1045 3 8192 2.000000000 2
945 1045 3 8192 2.000000000 2
946 1046 3 8192 2.000000000 2
946 1046 3 8192 2.000000000 2
947 1047 3 8192 2.000000000 2
947 1047 3 8192 2.000000000 2
944 1068 3 8192 2.000000000 2
944 1068 3 8192 2.000000000 2
945 1069 3 8192 2.000000000 2
945 1069 3 8192 2.000000000 2
946 1070 3 8192 2.000000000 2
946 1070 3 8192 2.000000000 2
947 1071 3 8192 2.000000000 2
947 1071 3 8192 2.000000000 2
948 284 3 8192 2.000000000 2
948 284 3 8192 2.000000000 2
949 285 3 8192 2.000000000 2
949 285 3 8192 2.000000000 2
950 286 3 8192 2.000000000 2
950 286 3 8192 2.000000000 2
951 287 3 8192 2.000000000 2
951 287 3 8192 2.000000000 2
948 736 3 8192 2.000000000 2
948 736 3 8192 2.000000000 2
949 737 3 8192 2.000000000 2
949 737 3 8192 2.000000000 2
950 738 3 8192 2.000000000 2
950 738 3 8192 2.000000000 2
951 739 3 8192 2.000000000 2
951 739 3 8192 2.000000000 2
948 848 3 8192 2.000000000 2
948 848 3 8192 2.000000000 2
949 849 3 8192 2.000000000 2
949 849 3 8192 2.000000000 2
950 850 3 8192 2.000000000 2
950 850 3 8192 2.000000000 2
951 851 3 8192 2.000000000 2
951 851 3 8192 2.000000000 2
948 904 3 8192 2.000000000 2
948 904 3 8192 2.000000000 2
949 905 3 8192 2.000000000 2
949 905 3 8192 2.000000000 2
950 906 3 8192 2.000000000 2
950 906 3 8192 2.000000000 2
951 907 3 8192 2.000000000 2
951 907 3 8192 2.000000000 2
948 928 3 8192 2.000000000 2
948 928 3 8192 2.000000000 2
949 929 3 8192 2.000000000 2
949 929 3 8192 2.000000000 2
950 930 3 8192 2.000000000 2
950 930 3 8192 2.000000000 2
951 931 3 8192 2.000000000 2
951 931 3 8192 2.000000000 2
948 1064 3 8192 2.000000000 2
948 1064 3 8192 2.000000000 2
949 1065 3 8192 2.000000000 2
949 1065 3 8192 2.000000000 2
950 1066 3 8192 2.000000000 2
950 1066 3 8192 2.000000000 2
951 1067 3 8192 2.000000000 2
951 1067 3 8192 2.000000000 2
948 1248 3 8192 2.000000000 2
948 1248 3 8192 2.000000000 2
949 1249 3 8192 2.000000000 2
949 1249 3 8192 2.000000000 2
950 1250 3 8192 2.000000000 2
950 1250 3 8192 2.000000000 2
951 1251 3 8192 2.000000000 2
951 1251 3 8192 2.000000000 2
948 1264 3 8192 2.000000000 2
948 1264 3 8192 2.000000000 2
949 1265 3 8192 2.000000000 2
949 1265 3 8192 2.000000000 2
950 1266 3 8192 2.000000000 2
950 1266 3 8192 2.000000000 2
951 1267 3 8192 2.000000000 2
951 1267 3 8192 2.000000000 2
952 68 3 8192 2.000000000 2
952 68 3 8192 2.000000000 2
953 69 3 8192 2.000000000 2
953 69 3 8192 2.000000000 2
954 70 3 8192 2.000000000 2
954 70 3 8192 2.000000000 2
955 71 3 8192 2.000000000 2
955 71 3 8192 2.000000000 2
952 340 3 8192 2.000000000 2
952 340 3 8192 2.000000000 2
953 341 3 8192 2.000000000 2
953 341 3 8192 2.000000000 2
954 342 3 8192 2.000000000 2
954 342 3 8192 2.000000000 2
955 343 3 8192 2.000000000 2
955 343 3 8192 2.000000000 2
952 580 3 8192 2.000000000 2
952 580 3 8192 2.000000000 2
953 581 3 8192 2.000000000 2
953 581 3 8192 2.000000000 2
954 582 3 8192 2.000000000 2
954 582 3 8192 2.000000000 2
955 583 3 8192 2.000000000 2
955 583 3 8192 2.000000000 2
952 608 3 8192 2.000000000 2
952 608 3 8192 2.000000000 2
953 609 3 8192 2.000000000 2
953 609 3 8192 2.000000000 2
954 610 3 8192 2.000000000 2
954 610 3 8192 2.000000000 2
955 611 3 8192 2.000000000 2
955 611 3 8192 2.000000000 2
952 620 3 8192 2.000000000 2
952 620 3 8192 2.000000000 2
953 621 3 8192 2.000000000 2
953 621 3 8192 2.000000000 2
954 622 3 8192 2.000000000 2
954 622 3 8192 2.000000000 2
955 623 3 8192 2.000000000 2
955 623 3 8192 2.000000000 2
952 760 3 8192 2.000000000 2
952 760 3 8192 2.000000000 2
953 761 3 8192 2.000000000 2
953 761 3 8192 2.000000000 2
954 762 3 8192 2.000000000 2
954 762 3 8192 2.000000000 2
955 763 3 8192 2.000000000 2
955 763 3 8192 2.000000000 2
952 816 3 8192 2.000000000 2
952 816 3 8192 2.000000000 2
953 817 3 8192 2.000000000 2
953 817 3 8192 2.000000000 2
954 818 3 8192 2.000000000 2
954 818 3 8192 2.000000000 2
955 819 3 8192 2.000000000 2
955 819 3 8192 2.000000000 2
952 1080 3 8192 2.000000000 2
952 1080 3 8192 2.000000000 2
953 1081 3 8192 2.000000000 2
953 1081 3 8192 2.000000000 2
954 1082 3 8192 2.000000000 2
954 1082 3 8192 2.000000000 2
955 1083 3 8192 2.000000000 2
955 1083 3 8192 2.000000000 2
956 28 3 8192 2.000000000 2
956 28 3 8192 2.000000000 2
957 29 3 8192 2.000000000 2
957 29 3 8192 2.000000000 2
958 30 3 8192 2.000000000 2
958 30 3 8192 2.000000000 2
959 31 3 8192 2.000000000 2
959 31 3 8192 2.000000000 2
956 84 3 8192 2.000000000 2
956 84 3 8192 2.000000000 2
957 85 3 8192 2.000000000 2
957 85 3 8192 2.000000000 2
958 86 3 8192 2.000000000 2
958 86 3 8192 2.000000000 2
959 87 3 8192 2.000000000 2
959 87 3 8192 2.000000000 2
956 228 3 8192 2.000000000 2
956 228 3 8192 2.000000000 2
957 229 3 8192 2.000000000 2
957 229 3 8192 2.000000000 2
958 230 3 8192 2.000000000 2
958 230 3 8192 2.000000000 2
959 231 3 8192 2.000000000 2
959 231 3 8192 2.000000000 2
956 576 3 8192 2.000000000 2
956 576 3 8192 2.000000000 2
957 577 3 8192 2.000000000 2
957 577 3 8192 2.000000000 2
958 578 3 8192 2.000000000 2
958 578 3 8192 2.000000000 2
959 579 3 8192 2.000000000 2
959 579 3 8192 2.000000000 2
956 656 3 8192 2.000000000 2
956 656 3 8192 2.000000000 2
957 657 3 8192 2.000000000 2
957 657 3 8192 2.000000000 2
958 658 3 8192 2.000000000 2
958 658 3 8192 2.000000000 2
959 659 3 8192 2.000000000 2
959 659 3 8192 2.000000000 2
956 780 3 8192 2.000000000 2
956 780 3 8192 2.000000000 2
957 781 3 8192 2.000000000 2
957 781 3 8192 2.000000000 2
958 782 3 8192 2.000000000 2
958 782 3 8192 2.000000000 2
959 783 3 8192 2.000000000 2
959 783 3 8192 2.000000000 2
956 1224 3 8192 2.000000000 2
956 1224 3 8192 2.000000000 2
957 1225 3 8192 2.000000000 2
957 1225 3 8192 2.000000000 2
958 1226 3 8192 2.000000000 2
958 1226 3 8192 2.000000000 2
959 1227 3 8192 2.000000000 2
959 1227 3 8192 2.000000000 2
956 1276 3 8192 2.000000000 2
956 1276 3 8192 2.000000000 2
957 1277 3 8192 2.000000000 2
957 1277 3 8192 2.000000000 2
958 1278 3 8192 2.000000000 2
958 1278 3 8192 2.000000000 2
959 1279 3 8192 2.000000000 2
959 1279 3 8192 2.000000000 2
960 72 3 8192 2.000000000 2
960 72 3 8192 2.000000000 2
961 73 3 8192 2.000000000 2
961 73 3 8192 2.000000000 2
962 74 3 8192 2.000000000 2
962 74 3 8192 2.000000000 2
963 75 3 8192 2.000000000 2
963 75 3 8192 2.000000000 2
960 464 3 8192 2.000000000 2
960 464 3 8192 2.000000000 2
961 465 3 8192 2.000000000 2
961 465 3 8192 2.000000000 2
962 466 3 8192 2.000000000 2
962 466 3 8192 2.000000000 2
963 467 3 8192 2.000000000 2
963 467 3 8192 2.000000000 2
960 592 3 8192 2.000000000 2
960 592 3 8192 2.000000000 2
961 593 3 8192 2.000000000 2
961 593 3 8192 2.000000000 2
962 594 3 8192 2.000000000 2
962 594 3 8192 2.000000000 2
963 595 3 8192 2.000000000 2
963 595 3 8192 2.000000000 2
960 636 3 8192 2.000000000 2
960 636 3 8192 2.000000000 2
961 637 3 8192 2.000000000 2
961 637 3 8192 2.000000000 2
962 638 3 8192 2.000000000 2
962 638 3 8192 2.000000000 2
963 639 3 8192 2.000000000 2
963 639 3 8192 2.000000000 2
960 744 3 8192 2.000000000 2
960 744 3 8192 2.000000000 2
961 745 3 8192 2.000000000 2
961 745 3 8192 2.000000000 2
962 746 3 8192 2.000000000 2
962 746 3 8192 2.000000000 2
963 747 3 8192 2.000000000 2
963 747 3 8192 2.000000000 2
960 852 3 8192 2.000000000 2
960 852 3 8192 2.000000000 2
961 853 3 8192 2.000000000 2
961 853 3 8192 2.000000000 2
962 854 3 8192 2.000000000 2
962 854 3 8192 2.000000000 2
963 855 3 8192 2.000000000 2
963 855 3 8192 2.000000000 2
960 1120 3 8192 2.000000000 2
960 1120 3 8192 2.000000000 2
961 1121 3 8192 2.000000000 2
961 1121 3 8192 2.000000000 2
962 1122 3 8192 2.000000000 2
962 1122 3 8192 2.000000000 2
963 1123 3 8192 2.000000000 2
963 1123 3 8192 2.000000000 2
960 1152 3 8192 2.000000000 2
960 1152 3 8192 2.000000000 2
961 1153 3 8192 2.000000000 2
961 1153 3 8192 2.000000000 2
962 1154 3 8192 2.000000000 2
962 1154 3 8192 2.000000000 2
963 1155 3 8192 2.000000000 2
963 1155 3 8192 2.000000000 2
964 84 3 8192 2.000000000 2
964 84 3 8192 2.000000000 2
965 85 3 8192 2.000000000 2
965 85 3 8192 2.000000000 2
966 86 3 8192 2.000000000 2
966 86 3 8192 2.000000000 2
967 87 3 8192 2.000000000 2
967 87 3 8192 2.000000000 2
964 200 3 8192 2.000000000 2
964 200 3 8192 2.000000000 2
965 201 3 8192 2.000000000 2
965 201 3 8192 2.000000000 2
966 202 3 8192 2.000000000 2
966 202 3 8192 2.000000000 2
967 203 3 8192 2.000000000 2
967 203 3 8192 2.000000000 2
964 360 3 8192 2.000000000 2
964 360 3 8192 2.000000000 2
965 361 3 8192 2.000000000 2
965 361 3 8192 2.000000000 2
966 362 3 8192 2.000000000 2
966 362 3 8192 2.000000000 2
967 363 3 8192 2.000000000 2
967 363 3 8192 2.000000000 2
964 472 3 8192 2.000000000 2
964 472 3 8192 2.000000000 2
965 473 3 8192 2.000000000 2
965 473 3 8192 2.000000000 2
966 474 3 8192 2.000000000 2
966 474 3 8192 2.000000000 2
967 475 3 8192 2.000000000 2
967 475 3 8192 2.000000000 2
964 884 3 8192 2.000000000 2
964 884 3 8192 2.000000000 2
965 885 3 8192 2.000000000 2
965 885 3 8192 2.000000000 2
966 886 3 8192 2.000000000 2
966 886 3 8192 2.000000000 2
967 887 3 8192 2.000000000 2
967 887 3 8192 2.000000000 2
964 916 3 8192 2.000000000 2
964 916 3 8192 2.000000000 2
965 917 3 8192 2.000000000 2
965 917 3 8192 2.000000000 2
966 918 3 8192 2.000000000 2
966 918 3 8192 2.000000000 2
967 919 3 8192 2.000000000 2
967 919 3 8192 2.000000000 2
964 932 3 8192 2.000000000 2
964 932 3 8192 2.000000000 2
965 933 3 8192 2.000000000 2
965 933 3 8192 2.000000000 2
966 934 3 8192 2.000000000 2
966 934 3 8192 2.000000000 2
967 935 3 8192 2.000000000 2
967 935 3 8192 2.000000000 2
964 1224 3 8192 2.000000000 2
964 1224 3 8192 2.000000000 2
965 1225 3 8192 2.000000000 2
965 1225 3 8192 2.000000000 2
966 1226 3 8192 2.000000000 2
966 1226 3 8192 2.000000000 2
967 1227 3 8192 2.000000000 2
967 1227 3 8192 2.000000000 2
968 36 3 8192 2.000000000 2
968 36 3 8192 2.000000000 2
969 37 3 8192 2.000000000 2
969 37 3 8192 2.000000000 2
970 38 3 8192 2.000000000 2
970 38 3 8192 2.000000000 2
971 39 3 8192 2.000000000 2
971 39 3 8192 2.000000000 2
968 324 3 8192 2.000000000 2
968 324 3 8192 2.000000000 2
969 325 3 8192 2.000000000 2
969 325 3 8192 2.000000000 2
970 326 3 8192 2.000000000 2
970 326 3 8192 2.000000000 2
971 327 3 8192 2.000000000 2
971 327 3 8192 2.000000000 2
968 752 3 8192 2.000000000 2
968 752 3 8192 2.000000000 2
969 753 3 8192 2.000000000 2
969 753 3 8192 2.000000000 2
970 754 3 8192 2.000000000 2
970 754 3 8192 2.000000000 2
971 755 3 8192 2.000000000 2
971 755 3 8192 2.000000000 2
968 788 3 8192 2.000000000 2
968 788 3 8192 2.000000000 2
969 789 3 8192 2.000000000 2
969 789 3 8192 2.000000000 2
970 790 3 8192 2.000000000 2
970 790 3 8192 2.000000000 2
971 791 3 8192 2.000000000 2
971 791 3 8192 2.000000000 2
968 924 3 8192 2.000000000 2
968 924 3 8192 2.000000000 2
969 925 3 8192 2.000000000 2
969 925 3 8192 2.000000000 2
970 926 3 8192 2.000000000 2
970 926 3 8192 2.000000000 2
971 927 3 8192 2.000000000 2
971 927 3 8192 2.000000000 2
968 940 3 8192 2.000000000 2
968 940 3 8192 2.000000000 2
969 941 3 8192 2.000000000 2
969 941 3 8192 2.000000000 2
970 942 3 8192 2.000000000 2
970 942 3 8192 2.000000000 2
971 943 3 8192 2.000000000 2
971 943 3 8192 2.000000000 2
968 1152 3 8192 2.000000000 2
968 1152 3 8192 2.000000000 2
969 1153 3 8192 2.000000000 2
969 1153 3 8192 2.000000000 2
970 1154 3 8192 2.000000000 2
970 1154 3 8192 2.000000000 2
971 1155 3 8192 2.000000000 2
971 1155 3 8192 2.000000000 2
968 1216 3 8192 2.000000000 2
968 1216 3 8192 2.000000000 2
969 1217 3 8192 2.000000000 2
969 1217 3 8192 2.000000000 2
970 1218 3 8192 2.000000000 2
970 1218 3 8192 2.000000000 2
971 1219 3 8192 2.000000000 2
971 1219 3 8192 2.000000000 2
972 180 3 8192 2.000000000 2
972 180 3 8192 2.000000000 2
973 181 3 8192 2.000000000 2
973 181 3 8192 2.000000000 2
974 182 3 8192 2.000000000 2
974 182 3 8192 2.000000000 2
975 183 3 8192 2.000000000 2
975 183 3 8192 2.000000000 2
972 524 3 8192 2.000000000 2
972 524 3 8192 2.000000000 2
973 525 3 8192 2.000000000 2
973 525 3 8192 2.000000000 2
974 526 3 8192 2.000000000 2
974 526 3 8192 2.000000000 2
975 527 3 8192 2.000000000 2
975 527 3 8192 2.000000000 2
972 572 3 8192 2.000000000 2
972 572 3 8192 2.000000000 2
973 573 3 8192 2.000000000 2
973 573 3 8192 2.000000000 2
974 574 3 8192 2.000000000 2
974 574 3 8192 2.000000000 2
975 575 3 8192 2.000000000 2
975 575 3 8192 2.000000000 2
972 648 3 8192 2.000000000 2
972 648 3 8192 2.000000000 2
973 649 3 8192 2.000000000 2
973 649 3 8192 2.000000000 2
974 650 3 8192 2.000000000 2
974 650 3 8192 2.000000000 2
975 651 3 8192 2.000000000 2
975 651 3 8192 2.000000000 2
972 916 3 8192 2.000000000 2
972 916 3 8192 2.000000000 2
973 917 3 8192 2.000000000 2
973 917 3 8192 2.000000000 2
974 918 3 8192 2.000000000 2
974 918 3 8192 2.000000000 2
975 919 3 8192 2.000000000 2
975 919 3 8192 2.000000000 2
972 980 3 8192 2.000000000 2
972 980 3 8192 2.000000000 2
973 981 3 8192 2.000000000 2
973 981 3 8192 2.000000000 2
974 982 3 8192 2.000000000 2
974 982 3 8192 2.000000000 2
975 983 3 8192 2.000000000 2
975 983 3 8192 2.000000000 2
972 1212 3 8192 2.000000000 2
972 1212 3 8192 2.000000000 2
973 1213 3 8192 2.000000000 2
973 1213 3 8192 2.000000000 2
974 1214 3 8192 2.000000000 2
974 1214 3 8192 2.000000000 2
975 1215 3 8192 2.000000000 2
975 1215 3 8192 2.000000000 2
972 1264 3 8192 2.000000000 2
972 1264 3 8192 2.000000000 2
973 1265 3 8192 2.000000000 2
973 1265 3 8192 2.000000000 2
974 1266 3 8192 2.000000000 2
974 1266 3 8192 2.000000000 2
975 1267 3 8192 2.000000000 2
975 1267 3 8192 2.000000000 2
976 276 3 8192 2.000000000 2
976 276 3 8192 2.000000000 2
977 277 3 8192 2.000000000 2
977 277 3 8192 2.000000000 2
978 278 3 8192 2.000000000 2
978 278 3 8192 2.000000000 2
979 279 3 8192 2.000000000 2
979 279 3 8192 2.000000000 2
976 408 3 8192 2.000000000 2
976 408 3 8192 2.000000000 2
977 409 3 8192 2.000000000 2
977 409 3 8192 2.000000000 2
978 410 3 8192 2.000000000 2
978 410 3 8192 2.000000000 2
979 411 3 8192 2.000000000 2
979 411 3 8192 2.000000000 2
976 428 3 8192 2.000000000 2
976 428 3 8192 2.000000000 2
977 429 3 8192 2.000000000 2
977 429 3 8192 2.000000000 2
978 430 3 8192 2.000000000 2
978 430 3 8192 2.000000000 2
979 431 3 8192 2.000000000 2
979 431 3 8192 2.000000000 2
976 596 3 8192 2.000000000 2
976 596 3 8192 2.000000000 2
977 597 3 8192 2.000000000 2
977 597 3 8192 2.000000000 2
978 598 3 8192 2.000000000 2
978 598 3 8192 2.000000000 2
979 599 3 8192 2.000000000 2
979 599 3 8192 2.000000000 2
976 712 3 8192 2.000000000 2
976 712 3 8192 2.000000000 2
977 713 3 8192 2.000000000 2
977 713 3 8192 2.000000000 2
978 714 3 8192 2.000000000 2
978 714 3 8192 2.000000000 2
979 715 3 8192 2.000000000 2
979 715 3 8192 2.000000000 2
976 864 3 8192 2.000000000 2
976 864 3 8192 2.000000000 2
977 865 3 8192 2.000000000 2
977 865 3 8192 2.000000000 2
978 866 3 8192 2.000000000 2
978 866 3 8192 2.000000000 2
979 867 3 8192 2.000000000 2
979 867 3 8192 2.000000000 2
976 876 3 8192 2.000000000 2
976 876 3 8192 2.000000000 2
977 877 3 8192 2.000000000 2
977 877 3 8192 2.000000000 2
978 878 3 8192 2.000000000 2
978 878 3 8192 2.000000000 2
979 879 3 8192 2.000000000 2
979 879 3 8192 2.000000000 2
976 900 3 8192 2.000000000 2
976 900 3 8192 2.000000000 2
977 901 3 8192 2.000000000 2
977 901 3 8192 2.000000000 2
978 902 3 8192 2.000000000 2
978 902 3 8192 2.000000000 2
979 903 3 8192 2.000000000 2
979 903 3 8192 2.000000000 2
980 300 3 8192 2.000000000 2
980 300 3 8192 2.000000000 2
981 301 3 8192 2.000000000 2
981 301 3 8192 2.000000000 2
982 302 3 8192 2.000000000 2
982 302 3 8192 2.000000000 2
983 303 3 8192 2.000000000 2
983 303 3 8192 2.000000000 2
980 448 3 8192 2.000000000 2
980 448 3 8192 2.000000000 2
981 449 3 8192 2.000000000 2
981 449 3 8192 2.000000000 2
982 450 3 8192 2.000000000 2
982 450 3 8192 2.000000000 2
983 451 3 8192 2.000000000 2
983 451 3 8192 2.000000000 2
980 544 3 8192 2.000000000 2
980 544 3 8192 2.000000000 2
981 545 3 8192 2.000000000 2
981 545 3 8192 2.000000000 2
982 546 3 8192 2.000000000 2
982 546 3 8192 2.000000000 2
983 547 3 8192 2.000000000 2
983 547 3 8192 2.000000000 2
980 672 3 8192 2.000000000 2
980 672 3 8192 2.000000000 2
981 673 3 8192 2.000000000 2
981 673 3 8192 2.000000000 2
982 674 3 8192 2.000000000 2
982 674 3 8192 2.000000000 2
983 675 3 8192 2.000000000 2
983 675 3 8192 2.000000000 2
980 752 3 8192 2.000000000 2
980 752 3 8192 2.000000000 2
981 753 3 8192 2.000000000 2
981 753 3 8192 2.000000000 2
982 754 3 8192 2.000000000 2
982 754 3 8192 2.000000000 2
983 755 3 8192 2.000000000 2
983 755 3 8192 2.000000000 2
980 1036 3 8192 2.000000000 2
980 1036 3 8192 2.000000000 2
981 1037 3 8192 2.000000000 2
981 1037 3 8192 2.000000000 2
982 1038 3 8192 2.000000000 2
982 1038 3 8192 2.000000000 2
983 1039 3 8192 2.000000000 2
983 1039 3 8192 2.000000000 2
980 1128 3 8192 2.000000000 2
980 1128 3 8192 2.000000000 2
981 1129 3 8192 2.000000000 2
981 1129 3 8192 2.000000000 2
982 1130 3 8192 2.000000000 2
982 1130 3 8192 2.000000000 2
983 1131 3 8192 2.000000000 2
983 1131 3 8192 2.000000000 2
980 1216 3 8192 2.000000000 2
980 1216 3 8192 2.000000000 2
981 1217 3 8192 2.000000000 2
981 1217 3 8192 2.000000000 2
982 1218 3 8192 2.000000000 2
982 1218 3 8192 2.000000000 2
983 1219 3 8192 2.000000000 2
983 1219 3 8192 2.000000000 2
984 196 3 8192 2.000000000 2
984 196 3 8192 2.000000000 2
985 197 3 8192 2.000000000 2
985 197 3 8192 2.000000000 2
986 198 3 8192 2.000000000 2
986 198 3 8192 2.000000000 2
987 199 3 8192 2.000000000 2
987 199 3 8192 2.000000000 2
984 432 3 8192 2.000000000 2
984 432 3 8192 2.000000000 2
985 433 3 8192 2.000000000 2
985 433 3 8192 2.000000000 2
986 434 3 8192 2.000000000 2
986 434 3 8192 2.000000000 2
987 435 3 8192 2.000000000 2
987 435 3 8192 2.000000000 2
984 716 3 8192 2.000000000 2
984 716 3 8192 2.000000000 2
985 717 3 8192 2.000000000 2
985 717 3 8192 2.000000000 2
986 718 3 8192 2.000000000 2
986 718 3 8192 2.000000000 2
987 719 3 8192 2.000000000 2
987 719 3 8192 2.000000000 2
984 776 3 8192 2.000000000 2
984 776 3 8192 2.000000000 2
985 777 3 8192 2.000000000 2
985 777 3 8192 2.000000000 2
986 778 3 8192 2.000000000 2
986 778 3 8192 2.000000000 2
987 779 3 8192 2.000000000 2
987 779 3 8192 2.000000000 2
984 884 3 8192 2.000000000 2
984 884 3 8192 2.000000000 2
985 885 3 8192 2.000000000 2
985 885 3 8192 2.000000000 2
986 886 3 8192 2.000000000 2
986 886 3 8192 2.000000000 2
987 887 3 8192 2.000000000 2
987 887 3 8192 2.000000000 2
984 980 3 8192 2.000000000 2
984 980 3 8192 2.000000000 2
985 981 3 8192 2.000000000 2
985 981 3 8192 2.000000000 2
986 982 3 8192 2.000000000 2
986 982 3 8192 2.000000000 2
987 983 3 8192 2.000000000 2
987 983 3 8192 2.000000000 2
984 1112 3 8192 2.000000000 2
984 1112 3 8192 2.000000000 2
985 1113 3 8192 2.000000000 2
985 1113 3 8192 2.000000000 2
986 1114 3 8192 2.000000000 2
986 1114 3 8192 2.000000000 2
987 1115 3 8192 2.000000000 2
987 1115 3 8192 2.000000000 2
984 1252 3 8192 2.000000000 2
984 1252 3 8192 2.000000000 2
985 1253 3 8192 2.000000000 2
985 1253 3 8192 2.000000000 2
986 1254 3 8192 2.000000000 2
986 1254 3 8192 2.000000000 2
987 1255 3 8192 2.000000000 2
987 1255 3 8192 2.000000000 2
988 8 3 8192 2.000000000 2
988 8 3 8192 2.000000000 2
989 9 3 8192 2.000000000 2
989 9 3 8192 2.000000000 2
990 10 3 8192 2.000000000 2
990 10 3 8192 2.000000000 2
991 11 3 8192 2.000000000 2
991 11 3 8192 2.000000000 2
988 68 3 8192 2.000000000 2
988 68 3 8192 2.000000000 2
989 69 3 8192 2.000000000 2
989 69 3 8192 2.000000000 2
990 70 3 8192 2.000000000 2
990 70 3 8192 2.000000000 2
991 71 3 8192 2.000000000 2
991 71 3 8192 2.000000000 2
988 476 3 8192 2.000000000 2
988 476 3 8192 2.000000000 2
989 477 3 8192 2.000000000 2
989 477 3 8192 2.000000000 2
990 478 3 8192 2.000000000 2
990 478 3 8192 2.000000000 2
991 479 3 8192 2.000000000 2
991 479 3 8192 2.000000000 2
988 776 3 8192 2.000000000 2
988 776 3 8192 2.000000000 2
989 777 3 8192 2.000000000 2
989 777 3 8192 2.000000000 2
990 778 3 8192 2.000000000 2
990 778 3 8192 2.000000000 2
991 779 3 8192 2.000000000 2
991 779 3 8192 2.000000000 2
988 808 3 8192 2.000000000 2
988 808 3 8192 2.000000000 2
989 809 3 8192 2.000000000 2
989 809 3 8192 2.000000000 2
990 810 3 8192 2.000000000 2
990 810 3 8192 2.000000000 2
991 811 3 8192 2.000000000 2
991 811 3 8192 2.000000000 2
988 924 3 8192 2.000000000 2
988 924 3 8192 2.000000000 2
989 925 3 8192 2.000000000 2
989 925 3 8192 2.000000000 2
990 926 3 8192 2.000000000 2
990 926 3 8192 2.000000000 2
991 927 3 8192 2.000000000 2
991 927 3 8192 2.000000000 2
988 968 3 8192 2.000000000 2
988 968 3 8192 2.000000000 2
989 969 3 8192 2.000000000 2
989 969 3 8192 2.000000000 2
990 970 3 8192 2.000000000 2
990 970 3 8192 2.000000000 2
991 971 3 8192 2.000000000 2
991 971 3 8192 2.000000000 2
988 1240 3 8192 2.000000000 2
988 1240 3 8192 2.000000000 2
989 1241 3 8192 2.000000000 2
989 1241 3 8192 2.000000000 2
990 1242 3 8192 2.000000000 2
990 1242 3 8192 2.000000000 2
991 1243 3 8192 2.000000000 2
991 1243 3 8192 2.000000000 2
992 84 3 8192 2.000000000 2
992 84 3 8192 2.000000000 2
993 85 3 8192 2.000000000 2
993 85 3 8192 2.000000000 2
994 86 3 8192 2.000000000 2
994 86 3 8192 2.000000000 2
995 87 3 8192 2.000000000 2
995 87 3 8192 2.000000000 2
992 92 3 8192 2.000000000 2
992 92 3 8192 2.000000000 2
993 93 3 8192 2.000000000 2
993 93 3 8192 2.000000000 2
994 94 3 8192 2.000000000 2
994 94 3 8192 2.000000000 2
995 95 3 8192 2.000000000 2
995 95 3 8192 2.000000000 2
992 164 3 8192 2.000000000 2
992 164 3 8192 2.000000000 2
993 165 3 8192 2.000000000 2
993 165 3 8192 2.000000000 2
994 166 3 8192 2.000000000 2
994 166 3 8192 2.000000000 2
995 167 3 8192 2.000000000 2
995 167 3 8192 2.000000000 2
992 548 3 8192 2.000000000 2
992 548 3 8192 2.000000000 2
993 549 3 8192 2.000000000 2
993 549 3 8192 2.000000000 2
994 550 3 8192 2.000000000 2
994 550 3 8192 2.000000000 2
995 551 3 8192 2.000000000 2
995 551 3 8192 2.000000000 2
992 700 3 8192 2.000000000 2
992 700 3 8192 2.000000000 2
993 701 3 8192 2.000000000 2
993 701 3 8192 2.000000000 2
994 702 3 8192 2.000000000 2
994 702 3 8192 2.000000000 2
995 703 3 8192 2.000000000 2
995 703 3 8192 2.000000000 2
992 812 3 8192 2.000000000 2
992 812 3 8192 2.000000000 2
993 813 3 8192 2.000000000 2
993 813 3 8192 2.000000000 2
994 814 3 8192 2.000000000 2
994 814 3 8192 2.000000000 2
995 815 3 8192 2.000000000 2
995 815 3 8192 2.000000000 2
992 988 3 8192 2.000000000 2
992 988 3 8192 2.000000000 2
993 989 3 8192 2.000000000 2
993 989 3 8192 2.000000000 2
994 990 3 8192 2.000000000 2
994 990 3 8192 2.000000000 2
995 991 3 8192 2.000000000 2
995 991 3 8192 2.000000000 2
992 1252 3 8192 2.000000000 2
992 1252 3 8192 2.000000000 2
993 1253 3 8192 2.000000000 2
993 1253 3 8192 2.000000000 2
994 1254 3 8192 2.000000000 2
994 1254 3 8192 2.000000000 2
995 1255 3 8192 2.000000000 2
995 1255 3 8192 2.000000000 2
996 220 3 8192 2.000000000 2
996 220 3 8192 2.000000000 2
997 221 3 8192 2.000000000 2
997 221 3 8192 2.000000000 2
998 222 3 8192 2.000000000 2
998 222 3 8192 2.000000000 2
999 223 3 8192 2.000000000 2
999 223 3 8192 2.000000000 2
996 252 3 8192 2.000000000 2
996 252 3 8192 2.000000000 2
997 253 3 8192 2.000000000 2
997 253 3 8192 2.000000000 2
998 254 3 8192 2.000000000 2
998 254 3 8192 2.000000000 2
999 255 3 8192 2.000000000 2
999 255 3 8192 2.000000000 2
996 320 3 8192 2.000000000 2
996 320 3 8192 2.000000000 2
997 321 3 8192 2.000000000 2
997 321 3 8192 2.000000000 2
998 322 3 8192 2.000000000 2
998 322 3 8192 2.000000000 2
999 323 3 8192 2.000000000 2
999 323 3 8192 2.000000000 2
996 788 3 8192 2.000000000 2
996 788 3 8192 2.000000000 2
997 789 3 8192 2.000000000 2
997 789 3 8192 2.000000000 2
998 790 3 8192 2.000000000 2
998 790 3 8192 2.000000000 2
999 791 3 8192 2.000000000 2
999 791 3 8192 2.000000000 2
996 940 3 8192 2.000000000 2
996 940 3 8192 2.000000000 2
997 941 3 8192 2.000000000 2
997 941 3 8192 2.000000000 2
998 942 3 8192 2.000000000 2
998 942 3 8192 2.000000000 2
999 943 3 8192 2.000000000 2
999 943 3 8192 2.000000000 2
996 944 3 8192 2.000000000 2
996 944 3 8192 2.000000000 2
997 945 3 8192 2.000000000 2
997 945 3 8192 2.000000000 2
998 946 3 8192 2.000000000 2
998 946 3 8192 2.000000000 2
999 947 3 8192 2.000000000 2
999 947 3 8192 2.000000000 2
996 988 3 8192 2.000000000 2
996 988 3 8192 2.000000000 2
997 989 3 8192 2.000000000 2
997 989 3 8192 2.000000000 2
998 990 3 8192 2.000000000 2
998 990 3 8192 2.000000000 2
999 991 3 8192 2.000000000 2
999 991 3 8192 2.000000000 2
996 1252 3 8192 2.000000000 2
996 1252 3 8192 2.000000000 2
997 1253 3 8192 2.000000000 2
997 1253 3 8192 2.000000000 2
998 1254 3 8192 2.000000000 2
998 1254 3 8192 2.000000000 2
999 1255 3 8192 2.000000000 2
999 1255 3 8192 2.000000000 2
1008 36 3 8192 2.000000000 2
1008 36 3 8192 2.000000000 2
1009 37 3 8192 2.000000000 2
1009 37 3 8192 2.000000000 2
1010 38 3 8192 2.000000000 2
1010 38 3 8192 2.000000000 2
1011 39 3 8192 2.000000000 2
1011 39 3 8192 2.000000000 2
1008 236 3 8192 2.000000000 2
1008 236 3 8192 2.000000000 2
1009 237 3 8192 2.000000000 2
1009 237 3 8192 2.000000000 2
1010 238 3 8192 2.000000000 2
1010 238 3 8192 2.000000000 2
1011 239 3 8192 2.000000000 2
1011 239 3 8192 2.000000000 2
1008 240 3 8192 2.000000000 2
1008 240 3 8192 2.000000000 2
1009 241 3 8192 2.000000000 2
1009 241 3 8192 2.000000000 2
1010 242 3 8192 2.000000000 2
1010 242 3 8192 2.000000000 2
1011 243 3 8192 2.000000000 2
1011 243 3 8192 2.000000000 2
1008 852 3 8192 2.000000000 2
1008 852 3 8192 2.000000000 2
1009 853 3 8192 2.000000000 2
1009 853 3 8192 2.000000000 2
1010 854 3 8192 2.000000000 2
1010 854 3 8192 2.000000000 2
1011 855 3 8192 2.000000000 2
1011 855 3 8192 2.000000000 2
1008 972 3 8192 2.000000000 2
1008 972 3 8192 2.000000000 2
1009 973 3 8192 2.000000000 2
1009 973 3 8192 2.000000000 2
1010 974 3 8192 2.000000000 2
1010 974 3 8192 2.000000000 2
1011 975 3 8192 2.000000000 2
1011 975 3 8192 2.000000000 2
1008 1076 3 8192 2.000000000 2
1008 1076 3 8192 2.000000000 2
1009 1077 3 8192 2.000000000 2
1009 1077 3 8192 2.000000000 2
1010 1078 3 8192 2.000000000 2
1010 1078 3 8192 2.000000000 2
1011 1079 3 8192 2.000000000 2
1011 1079 3 8192 2.000000000 2
1008 1188 3 8192 2.000000000 2
1008 1188 3 8192 2.000000000 2
1009 1189 3 8192 2.000000000 2
1009 1189 3 8192 2.000000000 2
1010 1190 3 8192 2.000000000 2
1010 1190 3 8192 2.000000000 2
1011 1191 3 8192 2.000000000 2
1011 1191 3 8192 2.000000000 2
1008 1272 3 8192 2.000000000 2
1008 1272 3 8192 2.000000000 2
1009 1273 3 8192 2.000000000 2
1009 1273 3 8192 2.000000000 2
1010 1274 3 8192 2.000000000 2
1010 1274 3 8192 2.000000000 2
1011 1275 3 8192 2.000000000 2
1011 1275 3 8192 2.000000000 2
1016 116 3 8192 2.000000000 2
1016 116 3 8192 2.000000000 2
1017 117 3 8192 2.000000000 2
1017 117 3 8192 2.000000000 2
1018 118 3 8192 2.000000000 2
1018 118 3 8192 2.000000000 2
1019 119 3 8192 2.000000000 2
1019 119 3 8192 2.000000000 2
1016 124 3 8192 2.000000000 2
1016 124 3 8192 2.000000000 2
1017 125 3 8192 2.000000000 2
1017 125 3 8192 2.000000000 2
1018 126 3 8192 2.000000000 2
1018 126 3 8192 2.000000000 2
1019 127 3 8192 2.000000000 2
1019 127 3 8192 2.000000000 2
1016 164 3 8192 2.000000000 2
1016 164 3 8192 2.000000000 2
1017 165 3 8192 2.000000000 2
1017 165 3 8192 2.000000000 2
1018 166 3 8192 2.000000000 2
1018 166 3 8192 2.000000000 2
1019 167 3 8192 2.000000000 2
1019 167 3 8192 2.000000000 2
1016 448 3 8192 2.000000000 2
1016 448 3 8192 2.000000000 2
1017 449 3 8192 2.000000000 2
1017 449 3 8192 2.000000000 2
1018 450 3 8192 2.000000000 2
1018 450 3 8192 2.000000000 2
1019 451 3 8192 2.000000000 2
1019 451 3 8192 2.000000000 2
1016 540 3 8192 2.000000000 2
1016 540 3 8192 2.000000000 2
1017 541 3 8192 2.000000000 2
1017 541 3 8192 2.000000000 2
1018 542 3 8192 2.000000000 2
1018 542 3 8192 2.000000000 2
1019 543 3 8192 2.000000000 2
1019 543 3 8192 2.000000000 2
1016 652 3 8192 2.000000000 2
1016 652 3 8192 2.000000000 2
1017 653 3 8192 2.000000000 2
1017 653 3 8192 2.000000000 2
1018 654 3 8192 2.000000000 2
1018 654 3 8192 2.000000000 2
1019 655 3 8192 2.000000000 2
1019 655 3 8192 2.000000000 2
1016 940 3 8192 2.000000000 2
1016 940 3 8192 2.000000000 2
1017 941 3 8192 2.000000000 2
1017 941 3 8192 2.000000000 2
1018 942 3 8192 2.000000000 2
1018 942 3 8192 2.000000000 2
1019 943 3 8192 2.000000000 2
1019 943 3 8192 2.000000000 2
1016 1216 3 8192 2.000000000 2
1016 1216 3 8192 2.000000000 2
1017 1217 3 8192 2.000000000 2
1017 1217 3 8192 2.000000000 2
1018 1218 3 8192 2.000000000 2
1018 1218 3 8192 2.000000000 2
1019 1219 3 8192 2.000000000 2
1019 1219 3 8192 2.000000000 2
1020 508 3 8192 2.000000000 2
1020 508 3 8192 2.000000000 2
1021 509 3 8192 2.000000000 2
1021 509 3 8192 2.000000000 2
1022 510 3 8192 2.000000000 2
1022 510 3 8192 2.000000000 2
1023 511 3 8192 2.000000000 2
1023 511 3 8192 2.000000000 2
1020 516 3 8192 2.000000000 2
1020 516 3 8192 2.000000000 2
1021 517 3 8192 2.000000000 2
1021 517 3 8192 2.000000000 2
1022 518 3 8192 2.000000000 2
1022 518 3 8192 2.000000000 2
1023 519 3 8192 2.000000000 2
1023 519 3 8192 2.000000000 2
1020 544 3 8192 2.000000000 2
1020 544 3 8192 2.000000000 2
1021 545 3 8192 2.000000000 2
1021 545 3 8192 2.000000000 2
1022 546 3 8192 2.000000000 2
1022 546 3 8192 2.000000000 2
1023 547 3 8192 2.000000000 2
1023 547 3 8192 2.000000000 2
1020 756 3 8192 2.000000000 2
1020 756 3 8192 2.000000000 2
1021 757 3 8192 2.000000000 2
1021 757 3 8192 2.000000000 2
1022 758 3 8192 2.000000000 2
1022 758 3 8192 2.000000000 2
1023 759 3 8192 2.000000000 2
1023 759 3 8192 2.000000000 2
1020 888 3 8192 2.000000000 2
1020 888 3 8192 2.000000000 2
1021 889 3 8192 2.000000000 2
1021 889 3 8192 2.000000000 2
1022 890 3 8192 2.000000000 2
1022 890 3 8192 2.000000000 2
1023 891 3 8192 2.000000000 2
1023 891 3 8192 2.000000000 2
1020 904 3 8192 2.000000000 2
1020 904 3 8192 2.000000000 2
1021 905 3 8192 2.000000000 2
1021 905 3 8192 2.000000000 2
1022 906 3 8192 2.000000000 2
1022 906 3 8192 2.000000000 2
1023 907 3 8192 2.000000000 2
1023 907 3 8192 2.000000000 2
1020 1044 3 8192 2.000000000 2
1020 1044 3 8192 2.000000000 2
1021 1045 3 8192 2.000000000 2
1021 1045 3 8192 2.000000000 2
1022 1046 3 8192 2.000000000 2
1022 1046 3 8192 2.000000000 2
1023 1047 3 8192 2.000000000 2
1023 1047 3 8192 2.000000000 2
1020 1216 3 8192 2.000000000 2
1020 1216 3 8192 2.000000000 2
1021 1217 3 8192 2.000000000 2
1021 1217 3 8192 2.000000000 2
1022 1218 3 8192 2.000000000 2
1022 1218 3 8192 2.000000000 2
1023 1219 3 8192 2.000000000 2
1023 1219 3 8192 2.000000000 2
1032 124 3 8192 2.000000000 2
1032 124 3 8192 2.000000000 2
1033 125 3 8192 2.000000000 2
1033 125 3 8192 2.000000000 2
1034 126 3 8192 2.000000000 2
1034 126 3 8192 2.000000000 2
1035 127 3 8192 2.000000000 2
1035 127 3 8192 2.000000000 2
1032 188 3 8192 2.000000000 2
1032 188 3 8192 2.000000000 2
1033 189 3 8192 2.000000000 2
1033 189 3 8192 2.000000000 2
1034 190 3 8192 2.000000000 2
1034 190 3 8192 2.000000000 2
1035 191 3 8192 2.000000000 2
1035 191 3 8192 2.000000000 2
1032 240 3 8192 2.000000000 2
1032 240 3 8192 2.000000000 2
1033 241 3 8192 2.000000000 2
1033 241 3 8192 2.000000000 2
1034 242 3 8192 2.000000000 2
1034 242 3 8192 2.000000000 2
1035 243 3 8192 2.000000000 2
1035 243 3 8192 2.000000000 2
1032 428 3 8192 2.000000000 2
1032 428 3 8192 2.000000000 2
1033 429 3 8192 2.000000000 2
1033 429 3 8192 2.000000000 2
1034 430 3 8192 2.000000000 2
1034 430 3 8192 2.000000000 2
1035 431 3 8192 2.000000000 2
1035 431 3 8192 2.000000000 2
1032 460 3 8192 2.000000000 2
1032 460 3 8192 2.000000000 2
1033 461 3 8192 2.000000000 2
1033 461 3 8192 2.000000000 2
1034 462 3 8192 2.000000000 2
1034 462 3 8192 2.000000000 2
1035 463 3 8192 2.000000000 2
1035 463 3 8192 2.000000000 2
1032 632 3 8192 2.000000000 2
1032 632 3 8192 2.000000000 2
1033 633 3 8192 2.000000000 2
1033 633 3 8192 2.000000000 2
1034 634 3 8192 2.000000000 2
1034 634 3 8192 2.000000000 2
1035 635 3 8192 2.000000000 2
1035 635 3 8192 2.000000000 2
1032 900 3 8192 2.000000000 2
1032 900 3 8192 2.000000000 2
1033 901 3 8192 2.000000000 2
1033 901 3 8192 2.000000000 2
1034 902 3 8192 2.000000000 2
1034 902 3 8192 2.000000000 2
1035 903 3 8192 2.000000000 2
1035 903 3 8192 2.000000000 2
1032 1088 3 8192 2.000000000 2
1032 1088 3 8192 2.000000000 2
1033 1089 3 8192 2.000000000 2
1033 1089 3 8192 2.000000000 2
1034 1090 3 8192 2.000000000 2
1034 1090 3 8192 2.000000000 2
1035 1091 3 8192 2.000000000 2
1035 1091 3 8192 2.000000000 2
1036 120 3 8192 2.000000000 2
1036 120 3 8192 2.000000000 2
1037 121 3 8192 2.000000000 2
1037 121 3 8192 2.000000000 2
1038 122 3 8192 2.000000000 2
1038 122 3 8192 2.000000000 2
1039 123 3 8192 2.000000000 2
1039 123 3 8192 2.000000000 2
1036 236 3 8192 2.000000000 2
1036 236 3 8192 2.000000000 2
1037 237 3 8192 2.000000000 2
1037 237 3 8192 2.000000000 2
1038 238 3 8192 2.000000000 2
1038 238 3 8192 2.000000000 2
1039 239 3 8192 2.000000000 2
1039 239 3 8192 2.000000000 2
1036 324 3 8192 2.000000000 2
1036 324 3 8192 2.000000000 2
1037 325 3 8192 2.000000000 2
1037 325 3 8192 2.000000000 2
1038 326 3 8192 2.000000000 2
1038 326 3 8192 2.000000000 2
1039 327 3 8192 2.000000000 2
1039 327 3 8192 2.000000000 2
1036 472 3 8192 2.000000000 2
1036 472 3 8192 2.000000000 2
1037 473 3 8192 2.000000000 2
1037 473 3 8192 2.000000000 2
1038 474 3 8192 2.000000000 2
1038 474 3 8192 2.000000000 2
1039 475 3 8192 2.000000000 2
1039 475 3 8192 2.000000000 2
1036 572 3 8192 2.000000000 2
1036 572 3 8192 2.000000000 2
1037 573 3 8192 2.000000000 2
1037 573 3 8192 2.000000000 2
1038 574 3 8192 2.000000000 2
1038 574 3 8192 2.000000000 2
1039 575 3 8192 2.000000000 2
1039 575 3 8192 2.000000000 2
1036 656 3 8192 2.000000000 2
1036 656 3 8192 2.000000000 2
1037 657 3 8192 2.000000000 2
1037 657 3 8192 2.000000000 2
1038 658 3 8192 2.000000000 2
1038 658 3 8192 2.000000000 2
1039 659 3 8192 2.000000000 2
1039 659 3 8192 2.000000000 2
1036 920 3 8192 2.000000000 2
1036 920 3 8192 2.000000000 2
1037 921 3 8192 2.000000000 2
1037 921 3 8192 2.000000000 2
1038 922 3 8192 2.000000000 2
1038 922 3 8192 2.000000000 2
1039 923 3 8192 2.000000000 2
1039 923 3 8192 2.000000000 2
1036 1136 3 8192 2.000000000 2
1036 1136 3 8192 2.000000000 2
1037 1137 3 8192 2.000000000 2
1037 1137 3 8192 2.000000000 2
1038 1138 3 8192 2.000000000 2
1038 1138 3 8192 2.000000000 2
1039 1139 3 8192 2.000000000 2
1039 1139 3 8192 2.000000000 2
1040 244 3 8192 2.000000000 2
1040 244 3 8192 2.000000000 2
1041 245 3 8192 2.000000000 2
1041 245 3 8192 2.000000000 2
1042 246 3 8192 2.000000000 2
1042 246 3 8192 2.000000000 2
1043 247 3 8192 2.000000000 2
1043 247 3 8192 2.000000000 2
1040 260 3 8192 2.000000000 2
1040 260 3 8192 2.000000000 2
1041 261 3 8192 2.000000000 2
1041 261 3 8192 2.000000000 2
1042 262 3 8192 2.000000000 2
1042 262 3 8192 2.000000000 2
1043 263 3 8192 2.000000000 2
1043 263 3 8192 2.000000000 2
1040 292 3 8192 2.000000000 2
1040 292 3 8192 2.000000000 2
1041 293 3 8192 2.000000000 2
1041 293 3 8192 2.000000000 2
1042 294 3 8192 2.000000000 2
1042 294 3 8192 2.000000000 2
1043 295 3 8192 2.000000000 2
1043 295 3 8192 2.000000000 2
1040 332 3 8192 2.000000000 2
1040 332 3 8192 2.000000000 2
1041 333 3 8192 2.000000000 2
1041 333 3 8192 2.000000000 2
1042 334 3 8192 2.000000000 2
1042 334 3 8192 2.000000000 2
1043 335 3 8192 2.000000000 2
1043 335 3 8192 2.000000000 2
1040 468 3 8192 2.000000000 2
1040 468 3 8192 2.000000000 2
1041 469 3 8192 2.000000000 2
1041 469 3 8192 2.000000000 2
1042 470 3 8192 2.000000000 2
1042 470 3 8192 2.000000000 2
1043 471 3 8192 2.000000000 2
1043 471 3 8192 2.000000000 2
1040 536 3 8192 2.000000000 2
1040 536 3 8192 2.000000000 2
1041 537 3 8192 2.000000000 2
1041 537 3 8192 2.000000000 2
1042 538 3 8192 2.000000000 2
1042 538 3 8192 2.000000000 2
1043 539 3 8192 2.000000000 2
1043 539 3 8192 2.000000000 2
1040 848 3 8192 2.000000000 2
1040 848 3 8192 2.000000000 2
1041 849 3 8192 2.000000000 2
1041 849 3 8192 2.000000000 2
1042 850 3 8192 2.000000000 2
1042 850 3 8192 2.000000000 2
1043 851 3 8192 2.000000000 2
1043 851 3 8192 2.000000000 2
1040 1264 3 8192 2.000000000 2
1040 1264 3 8192 2.000000000 2
1041 1265 3 8192 2.000000000 2
1041 1265 3 8192 2.000000000 2
1042 1266 3 8192 2.000000000 2
1042 1266 3 8192 2.000000000 2
1043 1267 3 8192 2.000000000 2
1043 1267 3 8192 2.000000000 2
1044 108 3 8192 2.000000000 2
1044 108 3 8192 2.000000000 2
1045 109 3 8192 2.000000000 2
1045 109 3 8192 2.000000000 2
1046 110 3 8192 2.000000000 2
1046 110 3 8192 2.000000000 2
1047 111 3 8192 2.000000000 2
1047 111 3 8192 2.000000000 2
1044 124 3 8192 2.000000000 2
1044 124 3 8192 2.000000000 2
1045 125 3 8192 2.000000000 2
1045 125 3 8192 2.000000000 2
1046 126 3 8192 2.000000000 2
1046 126 3 8192 2.000000000 2
1047 127 3 8192 2.000000000 2
1047 127 3 8192 2.000000000 2
1044 328 3 8192 2.000000000 2
1044 328 3 8192 2.000000000 2
1045 329 3 8192 2.000000000 2
1045 329 3 8192 2.000000000 2
1046 330 3 8192 2.000000000 2
1046 330 3 8192 2.000000000 2
1047 331 3 8192 2.000000000 2
1047 331 3 8192 2.000000000 2
1044 456 3 8192 2.000000000 2
1044 456 3 8192 2.000000000 2
1045 457 3 8192 2.000000000 2
1045 457 3 8192 2.000000000 2
1046 458 3 8192 2.000000000 2
1046 458 3 8192 2.000000000 2
1047 459 3 8192 2.000000000 2
1047 459 3 8192 2.000000000 2
1044 596 3 8192 2.000000000 2
1044 596 3 8192 2.000000000 2
1045 597 3 8192 2.000000000 2
1045 597 3 8192 2.000000000 2
1046 598 3 8192 2.000000000 2
1046 598 3 8192 2.000000000 2
1047 599 3 8192 2.000000000 2
1047 599 3 8192 2.000000000 2
1044 696 3 8192 2.000000000 2
1044 696 3 8192 2.000000000 2
1045 697 3 8192 2.000000000 2
1045 697 3 8192 2.000000000 2
1046 698 3 8192 2.000000000 2
1046 698 3 8192 2.000000000 2
1047 699 3 8192 2.000000000 2
1047 699 3 8192 2.000000000 2
1044 836 3 8192 2.000000000 2
1044 836 3 8192 2.000000000 2
1045 837 3 8192 2.000000000 2
1045 837 3 8192 2.000000000 2
1046 838 3 8192 2.000000000 2
1046 838 3 8192 2.000000000 2
1047 839 3 8192 2.000000000 2
1047 839 3 8192 2.000000000 2
1044 964 3 8192 2.000000000 2
1044 964 3 8192 2.000000000 2
1045 965 3 8192 2.000000000 2
1045 965 3 8192 2.000000000 2
1046 966 3 8192 2.000000000 2
1046 966 3 8192 2.000000000 2
1047 967 3 8192 2.000000000 2
1047 967 3 8192 2.000000000 2
1048 28 3 8192 2.000000000 2
1048 28 3 8192 2.000000000 2
1049 29 3 8192 2.000000000 2
1049 29 3 8192 2.000000000 2
1050 30 3 8192 2.000000000 2
1050 30 3 8192 2.000000000 2
1051 31 3 8192 2.000000000 2
1051 31 3 8192 2.000000000 2
1048 80 3 8192 2.000000000 2
1048 80 3 8192 2.000000000 2
1049 81 3 8192 2.000000000 2
1049 81 3 8192 2.000000000 2
1050 82 3 8192 2.000000000 2
1050 82 3 8192 2.000000000 2
1051 83 3 8192 2.000000000 2
1051 83 3 8192 2.000000000 2
1048 500 3 8192 2.000000000 2
1048 500 3 8192 2.000000000 2
1049 501 3 8192 2.000000000 2
1049 501 3 8192 2.000000000 2
1050 502 3 8192 2.000000000 2
1050 502 3 8192 2.000000000 2
1051 503 3 8192 2.000000000 2
1051 503 3 8192 2.000000000 2
1048 740 3 8192 2.000000000 2
1048 740 3 8192 2.000000000 2
1049 741 3 8192 2.000000000 2
1049 741 3 8192 2.000000000 2
1050 742 3 8192 2.000000000 2
1050 742 3 8192 2.000000000 2
1051 743 3 8192 2.000000000 2
1051 743 3 8192 2.000000000 2
1048 804 3 8192 2.000000000 2
1048 804 3 8192 2.000000000 2
1049 805 3 8192 2.000000000 2
1049 805 3 8192 2.000000000 2
1050 806 3 8192 2.000000000 2
1050 806 3 8192 2.000000000 2
1051 807 3 8192 2.000000000 2
1051 807 3 8192 2.000000000 2
1048 884 3 8192 2.000000000 2
1048 884 3 8192 2.000000000 2
1049 885 3 8192 2.000000000 2
1049 885 3 8192 2.000000000 2
1050 886 3 8192 2.000000000 2
1050 886 3 8192 2.000000000 2
1051 887 3 8192 2.000000000 2
1051 887 3 8192 2.000000000 2
1048 1136 3 8192 2.000000000 2
1048 1136 3 8192 2.000000000 2
1049 1137 3 8192 2.000000000 2
1049 1137 3 8192 2.000000000 2
1050 1138 3 8192 2.000000000 2
1050 1138 3 8192 2.000000000 2
1051 1139 3 8192 2.000000000 2
1051 1139 3 8192 2.000000000 2
1048 1260 3 8192 2.000000000 2
1048 1260 3 8192 2.000000000 2
1049 1261 3 8192 2.000000000 2
1049 1261 3 8192 2.000000000 2
1050 1262 3 8192 2.000000000 2
1050 1262 3 8192 2.000000000 2
1051 1263 3 8192 2.000000000 2
1051 1263 3 8192 2.000000000 2
1056 0 3 8192 2.000000000 2
1056 0 3 8192 2.000000000 2
1057 1 3 8192 2.000000000 2
1057 1 3 8192 2.000000000 2
1058 2 3 8192 2.000000000 2
1058 2 3 8192 2.000000000 2
1059 3 3 8192 2.000000000 2
1059 3 3 8192 2.000000000 2
1056 8 3 8192 2.000000000 2
1056 8 3 8192 2.000000000 2
1057 9 3 8192 2.000000000 2
1057 9 3 8192 2.000000000 2
1058 10 3 8192 2.000000000 2
1058 10 3 8192 2.000000000 2
1059 11 3 8192 2.000000000 2
1059 11 3 8192 2.000000000 2
1056 16 3 8192 2.000000000 2
1056 16 3 8192 2.000000000 2
1057 17 3 8192 2.000000000 2
1057 17 3 8192 2.000000000 2
1058 18 3 8192 2.000000000 2
1058 18 3 8192 2.000000000 2
1059 19 3 8192 2.000000000 2
1059 19 3 8192 2.000000000 2
1056 124 3 8192 2.000000000 2
1056 124 3 8192 2.000000000 2
1057 125 3 8192 2.000000000 2
1057 125 3 8192 2.000000000 2
1058 126 3 8192 2.000000000 2
1058 126 3 8192 2.000000000 2
1059 127 3 8192 2.000000000 2
1059 127 3 8192 2.000000000 2
1056 228 3 8192 2.000000000 2
1056 228 3 8192 2.000000000 2
1057 229 3 8192 2.000000000 2
1057 229 3 8192 2.000000000 2
1058 230 3 8192 2.000000000 2
1058 230 3 8192 2.000000000 2
1059 231 3 8192 2.000000000 2
1059 231 3 8192 2.000000000 2
1056 700 3 8192 2.000000000 2
1056 700 3 8192 2.000000000 2
1057 701 3 8192 2.000000000 2
1057 701 3 8192 2.000000000 2
1058 702 3 8192 2.000000000 2
1058 702 3 8192 2.000000000 2
1059 703 3 8192 2.000000000 2
1059 703 3 8192 2.000000000 2
1056 1232 3 8192 2.000000000 2
1056 1232 3 8192 2.000000000 2
1057 1233 3 8192 2.000000000 2
1057 1233 3 8192 2.000000000 2
1058 1234 3 8192 2.000000000 2
1058 1234 3 8192 2.000000000 2
1059 1235 3 8192 2.000000000 2
1059 1235 3 8192 2.000000000 2
1056 1264 3 8192 2.000000000 2
1056 1264 3 8192 2.000000000 2
1057 1265 3 8192 2.000000000 2
1057 1265 3 8192 2.000000000 2
1058 1266 3 8192 2.000000000 2
1058 1266 3 8192 2.000000000 2
1059 1267 3 8192 2.000000000 2
1059 1267 3 8192 2.000000000 2
1060 36 3 8192 2.000000000 2
1060 36 3 8192 2.000000000 2
1061 37 3 8192 2.000000000 2
1061 37 3 8192 2.000000000 2
1062 38 3 8192 2.000000000 2
1062 38 3 8192 2.000000000 2
1063 39 3 8192 2.000000000 2
1063 39 3 8192 2.000000000 2
1060 416 3 8192 2.000000000 2
1060 416 3 8192 2.000000000 2
1061 417 3 8192 2.000000000 2
1061 417 3 8192 2.000000000 2
1062 418 3 8192 2.000000000 2
1062 418 3 8192 2.000000000 2
1063 419 3 8192 2.000000000 2
1063 419 3 8192 2.000000000 2
1060 444 3 8192 2.000000000 2
1060 444 3 8192 2.000000000 2
1061 445 3 8192 2.000000000 2
1061 445 3 8192 2.000000000 2
1062 446 3 8192 2.000000000 2
1062 446 3 8192 2.000000000 2
1063 447 3 8192 2.000000000 2
1063 447 3 8192 2.000000000 2
1060 512 3 8192 2.000000000 2
1060 512 3 8192 2.000000000 2
1061 513 3 8192 2.000000000 2
1061 513 3 8192 2.000000000 2
1062 514 3 8192 2.000000000 2
1062 514 3 8192 2.000000000 2
1063 515 3 8192 2.000000000 2
1063 515 3 8192 2.000000000 2
1060 748 3 8192 2.000000000 2
1060 748 3 8192 2.000000000 2
1061 749 3 8192 2.000000000 2
1061 749 3 8192 2.000000000 2
1062 750 3 8192 2.000000000 2
1062 750 3 8192 2.000000000 2
1063 751 3 8192 2.000000000 2
1063 751 3 8192 2.000000000 2
1060 752 3 8192 2.000000000 2
1060 752 3 8192 2.000000000 2
1061 753 3 8192 2.000000000 2
1061 753 3 8192 2.000000000 2
1062 754 3 8192 2.000000000 2
1062 754 3 8192 2.000000000 2
1063 755 3 8192 2.000000000 2
1063 755 3 8192 2.000000000 2
1060 1032 3 8192 2.000000000 2
1060 1032 3 8192 2.000000000 2
1061 1033 3 8192 2.000000000 2
1061 1033 3 8192 2.000000000 2
1062 1034 3 8192 2.000000000 2
1062 1034 3 8192 2.000000000 2
1063 1035 3 8192 2.000000000 2
1063 1035 3 8192 2.000000000 2
1060 1160 3 8192 2.000000000 2
1060 1160 3 8192 2.000000000 2
1061 1161 3 8192 2.000000000 2
1061 1161 3 8192 2.000000000 2
1062 1162 3 8192 2.000000000 2
1062 1162 3 8192 2.000000000 2
1063 1163 3 8192 2.000000000 2
1063 1163 3 8192 2.000000000 2
1064 88 3 8192 2.000000000 2
1064 88 3 8192 2.000000000 2
1065 89 3 8192 2.000000000 2
1065 89 3 8192 2.000000000 2
1066 90 3 8192 2.000000000 2
1066 90 3 8192 2.000000000 2
1067 91 3 8192 2.000000000 2
1067 91 3 8192 2.000000000 2
1064 232 3 8192 2.000000000 2
1064 232 3 8192 2.000000000 2
1065 233 3 8192 2.000000000 2
1065 233 3 8192 2.000000000 2
1066 234 3 8192 2.000000000 2
1066 234 3 8192 2.000000000 2
1067 235 3 8192 2.000000000 2
1067 235 3 8192 2.000000000 2
1064 248 3 8192 2.000000000 2
1064 248 3 8192 2.000000000 2
1065 249 3 8192 2.000000000 2
1065 249 3 8192 2.000000000 2
1066 250 3 8192 2.000000000 2
1066 250 3 8192 2.000000000 2
1067 251 3 8192 2.000000000 2
1067 251 3 8192 2.000000000 2
1064 500 3 8192 2.000000000 2
1064 500 3 8192 2.000000000 2
1065 501 3 8192 2.000000000 2
1065 501 3 8192 2.000000000 2
1066 502 3 8192 2.000000000 2
1066 502 3 8192 2.000000000 2
1067 503 3 8192 2.000000000 2
1067 503 3 8192 2.000000000 2
1064 816 3 8192 2.000000000 2
1064 816 3 8192 2.000000000 2
1065 817 3 8192 2.000000000 2
1065 817 3 8192 2.000000000 2
1066 818 3 8192 2.000000000 2
1066 818 3 8192 2.000000000 2
1067 819 3 8192 2.000000000 2
1067 819 3 8192 2.000000000 2
1064 836 3 8192 2.000000000 2
1064 836 3 8192 2.000000000 2
1065 837 3 8192 2.000000000 2
1065 837 3 8192 2.000000000 2
1066 838 3 8192 2.000000000 2
1066 838 3 8192 2.000000000 2
1067 839 3 8192 2.000000000 2
1067 839 3 8192 2.000000000 2
1064 1108 3 8192 2.000000000 2
1064 1108 3 8192 2.000000000 2
1065 1109 3 8192 2.000000000 2
1065 1109 3 8192 2.000000000 2
1066 1110 3 8192 2.000000000 2
1066 1110 3 8192 2.000000000 2
1067 1111 3 8192 2.000000000 2
1067 1111 3 8192 2.000000000 2
1064 1224 3 8192 2.000000000 2
1064 1224 3 8192 2.000000000 2
1065 1225 3 8192 2.000000000 2
1065 1225 3 8192 2.000000000 2
1066 1226 3 8192 2.000000000 2
1066 1226 3 8192 2.000000000 2
1067 1227 3 8192 2.000000000 2
1067 1227 3 8192 2.000000000 2
1068 124 3 8192 2.000000000 2
1068 124 3 8192 2.000000000 2
1069 125 3 8192 2.000000000 2
1069 125 3 8192 2.000000000 2
1070 126 3 8192 2.000000000 2
1070 126 3 8192 2.000000000 2
1071 127 3 8192 2.000000000 2
1071 127 3 8192 2.000000000 2
1068 240 3 8192 2.000000000 2
1068 240 3 8192 2.000000000 2
1069 241 3 8192 2.000000000 2
1069 241 3 8192 2.000000000 2
1070 242 3 8192 2.000000000 2
1070 242 3 8192 2.000000000 2
1071 243 3 8192 2.000000000 2
1071 243 3 8192 2.000000000 2
1068 276 3 8192 2.000000000 2
1068 276 3 8192 2.000000000 2
1069 277 3 8192 2.000000000 2
1069 277 3 8192 2.000000000 2
1070 278 3 8192 2.000000000 2
1070 278 3 8192 2.000000000 2
1071 279 3 8192 2.000000000 2
1071 279 3 8192 2.000000000 2
1068 464 3 8192 2.000000000 2
1068 464 3 8192 2.000000000 2
1069 465 3 8192 2.000000000 2
1069 465 3 8192 2.000000000 2
1070 466 3 8192 2.000000000 2
1070 466 3 8192 2.000000000 2
1071 467 3 8192 2.000000000 2
1071 467 3 8192 2.000000000 2
1068 656 3 8192 2.000000000 2
1068 656 3 8192 2.000000000 2
1069 657 3 8192 2.000000000 2
1069 657 3 8192 2.000000000 2
1070 658 3 8192 2.000000000 2
1070 658 3 8192 2.000000000 2
1071 659 3 8192 2.000000000 2
1071 659 3 8192 2.000000000 2
1068 712 3 8192 2.000000000 2
1068 712 3 8192 2.000000000 2
1069 713 3 8192 2.000000000 2
1069 713 3 8192 2.000000000 2
1070 714 3 8192 2.000000000 2
1070 714 3 8192 2.000000000 2
1071 715 3 8192 2.000000000 2
1071 715 3 8192 2.000000000 2
1068 1124 3 8192 2.000000000 2
1068 1124 3 8192 2.000000000 2
1069 1125 3 8192 2.000000000 2
1069 1125 3 8192 2.000000000 2
1070 1126 3 8192 2.000000000 2
1070 1126 3 8192 2.000000000 2
1071 1127 3 8192 2.000000000 2
1071 1127 3 8192 2.000000000 2
1068 1248 3 8192 2.000000000 2
1068 1248 3 8192 2.000000000 2
1069 1249 3 8192 2.000000000 2
1069 1249 3 8192 2.000000000 2
1070 1250 3 8192 2.000000000 2
1070 1250 3 8192 2.000000000 2
1071 1251 3 8192 2.000000000 2
1071 1251 3 8192 2.000000000 2
1072 208 3 8192 2.000000000 2
1072 208 3 8192 2.000000000 2
1073 209 3 8192 2.000000000 2
1073 209 3 8192 2.000000000 2
1074 210 3 8192 2.000000000 2
1074 210 3 8192 2.000000000 2
1075 211 3 8192 2.000000000 2
1075 211 3 8192 2.000000000 2
1072 236 3 8192 2.000000000 2
1072 236 3 8192 2.000000000 2
1073 237 3 8192 2.000000000 2
1073 237 3 8192 2.000000000 2
1074 238 3 8192 2.000000000 2
1074 238 3 8192 2.000000000 2
1075 239 3 8192 2.000000000 2
1075 239 3 8192 2.000000000 2
1072 500 3 8192 2.000000000 2
1072 500 3 8192 2.000000000 2
1073 501 3 8192 2.000000000 2
1073 501 3 8192 2.000000000 2
1074 502 3 8192 2.000000000 2
1074 502 3 8192 2.000000000 2
1075 503 3 8192 2.000000000 2
1075 503 3 8192 2.000000000 2
1072 756 3 8192 2.000000000 2
1072 756 3 8192 2.000000000 2
1073 757 3 8192 2.000000000 2
1073 757 3 8192 2.000000000 2
1074 758 3 8192 2.000000000 2
1074 758 3 8192 2.000000000 2
1075 759 3 8192 2.000000000 2
1075 759 3 8192 2.000000000 2
1072 788 3 8192 2.000000000 2
1072 788 3 8192 2.000000000 2
1073 789 3 8192 2.000000000 2
1073 789 3 8192 2.000000000 2
1074 790 3 8192 2.000000000 2
1074 790 3 8192 2.000000000 2
1075 791 3 8192 2.000000000 2
1075 791 3 8192 2.000000000 2
1072 884 3 8192 2.000000000 2
1072 884 3 8192 2.000000000 2
1073 885 3 8192 2.000000000 2
1073 885 3 8192 2.000000000 2
1074 886 3 8192 2.000000000 2
1074 886 3 8192 2.000000000 2
1075 887 3 8192 2.000000000 2
1075 887 3 8192 2.000000000 2
1072 1148 3 8192 2.000000000 2
1072 1148 3 8192 2.000000000 2
1073 1149 3 8192 2.000000000 2
1073 1149 3 8192 2.000000000 2
1074 1150 3 8192 2.000000000 2
1074 1150 3 8192 2.000000000 2
1075 1151 3 8192 2.000000000 2
1075 1151 3 8192 2.000000000 2
1072 1168 3 8192 2.000000000 2
1072 1168 3 8192 2.000000000 2
1073 1169 3 8192 2.000000000 2
1073 1169 3 8192 2.000000000 2
1074 1170 3 8192 2.000000000 2
1074 1170 3 8192 2.000000000 2
1075 1171 3 8192 2.000000000 2
1075 1171 3 8192 2.000000000 2
1076 204 3 8192 2.000000000 2
1076 204 3 8192 2.000000000 2
1077 205 3 8192 2.000000000 2
1077 205 3 8192 2.000000000 2
1078 206 3 8192 2.000000000 2
1078 206 3 8192 2.000000000 2
1079 207 3 8192 2.000000000 2
1079 207 3 8192 2.000000000 2
1076 236 3 8192 2.000000000 2
1076 236 3 8192 2.000000000 2
1077 237 3 8192 2.000000000 2
1077 237 3 8192 2.000000000 2
1078 238 3 8192 2.000000000 2
1078 238 3 8192 2.000000000 2
1079 239 3 8192 2.000000000 2
1079 239 3 8192 2.000000000 2
1076 580 3 8192 2.000000000 2
1076 580 3 8192 2.000000000 2
1077 581 3 8192 2.000000000 2
1077 581 3 8192 2.000000000 2
1078 582 3 8192 2.000000000 2
1078 582 3 8192 2.000000000 2
1079 583 3 8192 2.000000000 2
1079 583 3 8192 2.000000000 2
1076 668 3 8192 2.000000000 2
1076 668 3 8192 2.000000000 2
1077 669 3 8192 2.000000000 2
1077 669 3 8192 2.000000000 2
1078 670 3 8192 2.000000000 2
1078 670 3 8192 2.000000000 2
1079 671 3 8192 2.000000000 2
1079 671 3 8192 2.000000000 2
1076 916 3 8192 2.000000000 2
1076 916 3 8192 2.000000000 2
1077 917 3 8192 2.000000000 2
1077 917 3 8192 2.000000000 2
1078 918 3 8192 2.000000000 2
1078 918 3 8192 2.000000000 2
1079 919 3 8192 2.000000000 2
1079 919 3 8192 2.000000000 2
1076 984 3 8192 2.000000000 2
1076 984 3 8192 2.000000000 2
1077 985 3 8192 2.000000000 2
1077 985 3 8192 2.000000000 2
1078 986 3 8192 2.000000000 2
1078 986 3 8192 2.000000000 2
1079 987 3 8192 2.000000000 2
1079 987 3 8192 2.000000000 2
1076 1088 3 8192 2.000000000 2
1076 1088 3 8192 2.000000000 2
1077 1089 3 8192 2.000000000 2
1077 1089 3 8192 2.000000000 2
1078 1090 3 8192 2.000000000 2
1078 1090 3 8192 2.000000000 2
1079 1091 3 8192 2.000000000 2
1079 1091 3 8192 2.000000000 2
1076 1136 3 8192 2.000000000 2
1076 1136 3 8192 2.000000000 2
1077 1137 3 8192 2.000000000 2
1077 1137 3 8192 2.000000000 2
1078 1138 3 8192 2.000000000 2
1078 1138 3 8192 2.000000000 2
1079 1139 3 8192 2.000000000 2
1079 1139 3 8192 2.000000000 2
1080 36 3 8192 2.000000000 2
1080 36 3 8192 2.000000000 2
1081 37 3 8192 2.000000000 2
1081 37 3 8192 2.000000000 2
1082 38 3 8192 2.000000000 2
1082 38 3 8192 2.000000000 2
1083 39 3 8192 2.000000000 2
1083 39 3 8192 2.000000000 2
1080 52 3 8192 2.000000000 2
1080 52 3 8192 2.000000000 2
1081 53 3 8192 2.000000000 2
1081 53 3 8192 2.000000000 2
1082 54 3 8192 2.000000000 2
1082 54 3 8192 2.000000000 2
1083 55 3 8192 2.000000000 2
1083 55 3 8192 2.000000000 2
1080 588 3 8192 2.000000000 2
1080 588 3 8192 2.000000000 2
1081 589 3 8192 2.000000000 2
1081 589 3 8192 2.000000000 2
1082 590 3 8192 2.000000000 2
1082 590 3 8192 2.000000000 2
1083 591 3 8192 2.000000000 2
1083 591 3 8192 2.000000000 2
1080 712 3 8192 2.000000000 2
1080 712 3 8192 2.000000000 2
1081 713 3 8192 2.000000000 2
1081 713 3 8192 2.000000000 2
1082 714 3 8192 2.000000000 2
1082 714 3 8192 2.000000000 2
1083 715 3 8192 2.000000000 2
1083 715 3 8192 2.000000000 2
1080 820 3 8192 2.000000000 2
1080 820 3 8192 2.000000000 2
1081 821 3 8192 2.000000000 2
1081 821 3 8192 2.000000000 2
1082 822 3 8192 2.000000000 2
1082 822 3 8192 2.000000000 2
1083 823 3 8192 2.000000000 2
1083 823 3 8192 2.000000000 2
1080 1048 3 8192 2.000000000 2
1080 1048 3 8192 2.000000000 2
1081 1049 3 8192 2.000000000 2
1081 1049 3 8192 2.000000000 2
1082 1050 3 8192 2.000000000 2
1082 1050 3 8192 2.000000000 2
1083 1051 3 8192 2.000000000 2
1083 1051 3 8192 2.000000000 2
1080 1056 3 8192 2.000000000 2
1080 1056 3 8192 2.000000000 2
1081 1057 3 8192 2.000000000 2
1081 1057 3 8192 2.000000000 2
1082 1058 3 8192 2.000000000 2
1082 1058 3 8192 2.000000000 2
1083 1059 3 8192 2.000000000 2
1083 1059 3 8192 2.000000000 2
1080 1200 3 8192 2.000000000 2
1080 1200 3 8192 2.000000000 2
1081 1201 3 8192 2.000000000 2
1081 1201 3 8192 2.000000000 2
1082 1202 3 8192 2.000000000 2
1082 1202 3 8192 2.000000000 2
1083 1203 3 8192 2.000000000 2
1083 1203 3 8192 2.000000000 2
1084 164 3 8192 2.000000000 2
1084 164 3 8192 2.000000000 2
1085 165 3 8192 2.000000000 2
1085 165 3 8192 2.000000000 2
1086 166 3 8192 2.000000000 2
1086 166 3 8192 2.000000000 2
1087 167 3 8192 2.000000000 2
1087 167 3 8192 2.000000000 2
1084 428 3 8192 2.000000000 2
1084 428 3 8192 2.000000000 2
1085 429 3 8192 2.000000000 2
1085 429 3 8192 2.000000000 2
1086 430 3 8192 2.000000000 2
1086 430 3 8192 2.000000000 2
1087 431 3 8192 2.000000000 2
1087 431 3 8192 2.000000000 2
1084 1020 3 8192 2.000000000 2
1084 1020 3 8192 2.000000000 2
1085 1021 3 8192 2.000000000 2
1085 1021 3 8192 2.000000000 2
1086 1022 3 8192 2.000000000 2
1086 1022 3 8192 2.000000000 2
1087 1023 3 8192 2.000000000 2
1087 1023 3 8192 2.000000000 2
1084 1040 3 8192 2.000000000 2
1084 1040 3 8192 2.000000000 2
1085 1041 3 8192 2.000000000 2
1085 1041 3 8192 2.000000000 2
1086 1042 3 8192 2.000000000 2
1086 1042 3 8192 2.000000000 2
1087 1043 3 8192 2.000000000 2
1087 1043 3 8192 2.000000000 2
1084 1144 3 8192 2.000000000 2
1084 1144 3 8192 2.000000000 2
1085 1145 3 8192 2.000000000 2
1085 1145 3 8192 2.000000000 2
1086 1146 3 8192 2.000000000 2
1086 1146 3 8192 2.000000000 2
1087 1147 3 8192 2.000000000 2
1087 1147 3 8192 2.000000000 2
1084 1200 3 8192 2.000000000 2
1084 1200 3 8192 2.000000000 2
1085 1201 3 8192 2.000000000 2
1085 1201 3 8192 2.000000000 2
1086 1202 3 8192 2.000000000 2
1086 1202 3 8192 2.000000000 2
1087 1203 3 8192 2.000000000 2
1087 1203 3 8192 2.000000000 2
1084 1208 3 8192 2.000000000 2
1084 1208 3 8192 2.000000000 2
1085 1209 3 8192 2.000000000 2
1085 1209 3 8192 2.000000000 2
1086 1210 3 8192 2.000000000 2
1086 1210 3 8192 2.000000000 2
1087 1211 3 8192 2.000000000 2
1087 1211 3 8192 2.000000000 2
1084 1228 3 8192 2.000000000 2
1084 1228 3 8192 2.000000000 2
1085 1229 3 8192 2.000000000 2
1085 1229 3 8192 2.000000000 2
1086 1230 3 8192 2.000000000 2
1086 1230 3 8192 2.000000000 2
1087 1231 3 8192 2.000000000 2
1087 1231 3 8192 2.000000000 2
1088 144 3 8192 2.000000000 2
1088 144 3 8192 2.000000000 2
1089 145 3 8192 2.000000000 2
1089 145 3 8192 2.000000000 2
1090 146 3 8192 2.000000000 2
1090 146 3 8192 2.000000000 2
1091 147 3 8192 2.000000000 2
1091 147 3 8192 2.000000000 2
1088 240 3 8192 2.000000000 2
1088 240 3 8192 2.000000000 2
1089 241 3 8192 2.000000000 2
1089 241 3 8192 2.000000000 2
1090 242 3 8192 2.000000000 2
1090 242 3 8192 2.000000000 2
1091 243 3 8192 2.000000000 2
1091 243 3 8192 2.000000000 2
1088 388 3 8192 2.000000000 2
1088 388 3 8192 2.000000000 2
1089 389 3 8192 2.000000000 2
1089 389 3 8192 2.000000000 2
1090 390 3 8192 2.000000000 2
1090 390 3 8192 2.000000000 2
1091 391 3 8192 2.000000000 2
1091 391 3 8192 2.000000000 2
1088 468 3 8192 2.000000000 2
1088 468 3 8192 2.000000000 2
1089 469 3 8192 2.000000000 2
1089 469 3 8192 2.000000000 2
1090 470 3 8192 2.000000000 2
1090 470 3 8192 2.000000000 2
1091 471 3 8192 2.000000000 2
1091 471 3 8192 2.000000000 2
1088 688 3 8192 2.000000000 2
1088 688 3 8192 2.000000000 2
1089 689 3 8192 2.000000000 2
1089 689 3 8192 2.000000000 2
1090 690 3 8192 2.000000000 2
1090 690 3 8192 2.000000000 2
1091 691 3 8192 2.000000000 2
1091 691 3 8192 2.000000000 2
1088 780 3 8192 2.000000000 2
1088 780 3 8192 2.000000000 2
1089 781 3 8192 2.000000000 2
1089 781 3 8192 2.000000000 2
1090 782 3 8192 2.000000000 2
1090 782 3 8192 2.000000000 2
1091 783 3 8192 2.000000000 2
1091 783 3 8192 2.000000000 2
1088 884 3 8192 2.000000000 2
1088 884 3 8192 2.000000000 2
1089 885 3 8192 2.000000000 2
1089 885 3 8192 2.000000000 2
1090 886 3 8192 2.000000000 2
1090 886 3 8192 2.000000000 2
1091 887 3 8192 2.000000000 2
1091 887 3 8192 2.000000000 2
1088 1200 3 8192 2.000000000 2
1088 1200 3 8192 2.000000000 2
1089 1201 3 8192 2.000000000 2
1089 1201 3 8192 2.000000000 2
1090 1202 3 8192 2.000000000 2
1090 1202 3 8192 2.000000000 2
1091 1203 3 8192 2.000000000 2
1091 1203 3 8192 2.000000000 2
1096 128 3 8192 2.000000000 2
1096 128 3 8192 2.000000000 2
1097 129 3 8192 2.000000000 2
1097 129 3 8192 2.000000000 2
1098 130 3 8192 2.000000000 2
1098 130 3 8192 2.000000000 2
1099 131 3 8192 2.000000000 2
1099 131 3 8192 2.000000000 2
1096 208 3 8192 2.000000000 2
1096 208 3 8192 2.000000000 2
1097 209 3 8192 2.000000000 2
1097 209 3 8192 2.000000000 2
1098 210 3 8192 2.000000000 2
1098 210 3 8192 2.000000000 2
1099 211 3 8192 2.000000000 2
1099 211 3 8192 2.000000000 2
1096 224 3 8192 2.000000000 2
1096 224 3 8192 2.000000000 2
1097 225 3 8192 2.000000000 2
1097 225 3 8192 2.000000000 2
1098 226 3 8192 2.000000000 2
1098 226 3 8192 2.000000000 2
1099 227 3 8192 2.000000000 2
1099 227 3 8192 2.000000000 2
1096 252 3 8192 2.000000000 2
1096 252 3 8192 2.000000000 2
1097 253 3 8192 2.000000000 2
1097 253 3 8192 2.000000000 2
1098 254 3 8192 2.000000000 2
1098 254 3 8192 2.000000000 2
1099 255 3 8192 2.000000000 2
1099 255 3 8192 2.000000000 2
1096 656 3 8192 2.000000000 2
1096 656 3 8192 2.000000000 2
1097 657 3 8192 2.000000000 2
1097 657 3 8192 2.000000000 2
1098 658 3 8192 2.000000000 2
1098 658 3 8192 2.000000000 2
1099 659 3 8192 2.000000000 2
1099 659 3 8192 2.000000000 2
1096 792 3 8192 2.000000000 2
1096 792 3 8192 2.000000000 2
1097 793 3 8192 2.000000000 2
1097 793 3 8192 2.000000000 2
1098 794 3 8192 2.000000000 2
1098 794 3 8192 2.000000000 2
1099 795 3 8192 2.000000000 2
1099 795 3 8192 2.000000000 2
1096 808 3 8192 2.000000000 2
1096 808 3 8192 2.000000000 2
1097 809 3 8192 2.000000000 2
1097 809 3 8192 2.000000000 2
1098 810 3 8192 2.000000000 2
1098 810 3 8192 2.000000000 2
1099 811 3 8192 2.000000000 2
1099 811 3 8192 2.000000000 2
1096 1156 3 8192 2.000000000 2
1096 1156 3 8192 2.000000000 2
1097 1157 3 8192 2.000000000 2
1097 1157 3 8192 2.000000000 2
1098 1158 3 8192 2.000000000 2
1098 1158 3 8192 2.000000000 2
1099 1159 3 8192 2.000000000 2
1099 1159 3 8192 2.000000000 2
1104 456 3 8192 2.000000000 2
1104 456 3 8192 2.000000000 2
1105 457 3 8192 2.000000000 2
1105 457 3 8192 2.000000000 2
1106 458 3 8192 2.000000000 2
1106 458 3 8192 2.000000000 2
1107 459 3 8192 2.000000000 2
1107 459 3 8192 2.000000000 2
1104 600 3 8192 2.000000000 2
1104 600 3 8192 2.000000000 2
1105 601 3 8192 2.000000000 2
1105 601 3 8192 2.000000000 2
1106 602 3 8192 2.000000000 2
1106 602 3 8192 2.000000000 2
1107 603 3 8192 2.000000000 2
1107 603 3 8192 2.000000000 2
1104 732 3 8192 2.000000000 2
1104 732 3 8192 2.000000000 2
1105 733 3 8192 2.000000000 2
1105 733 3 8192 2.000000000 2
1106 734 3 8192 2.000000000 2
1106 734 3 8192 2.000000000 2
1107 735 3 8192 2.000000000 2
1107 735 3 8192 2.000000000 2
1104 860 3 8192 2.000000000 2
1104 860 3 8192 2.000000000 2
1105 861 3 8192 2.000000000 2
1105 861 3 8192 2.000000000 2
1106 862 3 8192 2.000000000 2
1106 862 3 8192 2.000000000 2
1107 863 3 8192 2.000000000 2
1107 863 3 8192 2.000000000 2
1104 1068 3 8192 2.000000000 2
1104 1068 3 8192 2.000000000 2
1105 1069 3 8192 2.000000000 2
1105 1069 3 8192 2.000000000 2
1106 1070 3 8192 2.000000000 2
1106 1070 3 8192 2.000000000 2
1107 1071 3 8192 2.000000000 2
1107 1071 3 8192 2.000000000 2
1104 1180 3 8192 2.000000000 2
1104 1180 3 8192 2.000000000 2
1105 1181 3 8192 2.000000000 2
1105 1181 3 8192 2.000000000 2
1106 1182 3 8192 2.000000000 2
1106 1182 3 8192 2.000000000 2
1107 1183 3 8192 2.000000000 2
1107 1183 3 8192 2.000000000 2
1104 1188 3 8192 2.000000000 2
1104 1188 3 8192 2.000000000 2
1105 1189 3 8192 2.000000000 2
1105 1189 3 8192 2.000000000 2
1106 1190 3 8192 2.000000000 2
1106 1190 3 8192 2.000000000 2
1107 1191 3 8192 2.000000000 2
1107 1191 3 8192 2.000000000 2
1104 1208 3 8192 2.000000000 2
1104 1208 3 8192 2.000000000 2
1105 1209 3 8192 2.000000000 2
1105 1209 3 8192 2.000000000 2
1106 1210 3 8192 2.000000000 2
1106 1210 3 8192 2.000000000 2
1107 1211 3 8192 2.000000000 2
1107 1211 3 8192 2.000000000 2
1108 84 3 8192 2.000000000 2
1108 84 3 8192 2.000000000 2
1109 85 3 8192 2.000000000 2
1109 85 3 8192 2.000000000 2
1110 86 3 8192 2.000000000 2
1110 86 3 8192 2.000000000 2
1111 87 3 8192 2.000000000 2
1111 87 3 8192 2.000000000 2
1108 160 3 8192 2.000000000 2
1108 160 3 8192 2.000000000 2
1109 161 3 8192 2.000000000 2
1109 161 3 8192 2.000000000 2
1110 162 3 8192 2.000000000 2
1110 162 3 8192 2.000000000 2
1111 163 3 8192 2.000000000 2
1111 163 3 8192 2.000000000 2
1108 516 3 8192 2.000000000 2
1108 516 3 8192 2.000000000 2
1109 517 3 8192 2.000000000 2
1109 517 3 8192 2.000000000 2
1110 518 3 8192 2.000000000 2
1110 518 3 8192 2.000000000 2
1111 519 3 8192 2.000000000 2
1111 519 3 8192 2.000000000 2
1108 592 3 8192 2.000000000 2
1108 592 3 8192 2.000000000 2
1109 593 3 8192 2.000000000 2
1109 593 3 8192 2.000000000 2
1110 594 3 8192 2.000000000 2
1110 594 3 8192 2.000000000 2
1111 595 3 8192 2.000000000 2
1111 595 3 8192 2.000000000 2
1108 736 3 8192 2.000000000 2
1108 736 3 8192 2.000000000 2
1109 737 3 8192 2.000000000 2
1109 737 3 8192 2.000000000 2
1110 738 3 8192 2.000000000 2
1110 738 3 8192 2.000000000 2
1111 739 3 8192 2.000000000 2
1111 739 3 8192 2.000000000 2
1108 872 3 8192 2.000000000 2
1108 872 3 8192 2.000000000 2
1109 873 3 8192 2.000000000 2
1109 873 3 8192 2.000000000 2
1110 874 3 8192 2.000000000 2
1110 874 3 8192 2.000000000 2
1111 875 3 8192 2.000000000 2
1111 875 3 8192 2.000000000 2
1108 996 3 8192 2.000000000 2
1108 996 3 8192 2.000000000 2
1109 997 3 8192 2.000000000 2
1109 997 3 8192 2.000000000 2
1110 998 3 8192 2.000000000 2
1110 998 3 8192 2.000000000 2
1111 999 3 8192 2.000000000 2
1111 999 3 8192 2.000000000 2
1108 1212 3 8192 2.000000000 2
1108 1212 3 8192 2.000000000 2
1109 1213 3 8192 2.000000000 2
1109 1213 3 8192 2.000000000 2
1110 1214 3 8192 2.000000000 2
1110 1214 3 8192 2.000000000 2
1111 1215 3 8192 2.000000000 2
1111 1215 3 8192 2.000000000 2
1112 196 3 8192 2.000000000 2
1112 196 3 8192 2.000000000 2
1113 197 3 8192 2.000000000 2
1113 197 3 8192 2.000000000 2
1114 198 3 8192 2.000000000 2
1114 198 3 8192 2.000000000 2
1115 199 3 8192 2.000000000 2
1115 199 3 8192 2.000000000 2
1112 312 3 8192 2.000000000 2
1112 312 3 8192 2.000000000 2
1113 313 3 8192 2.000000000 2
1113 313 3 8192 2.000000000 2
1114 314 3 8192 2.000000000 2
1114 314 3 8192 2.000000000 2
1115 315 3 8192 2.000000000 2
1115 315 3 8192 2.000000000 2
1112 320 3 8192 2.000000000 2
1112 320 3 8192 2.000000000 2
1113 321 3 8192 2.000000000 2
1113 321 3 8192 2.000000000 2
1114 322 3 8192 2.000000000 2
1114 322 3 8192 2.000000000 2
1115 323 3 8192 2.000000000 2
1115 323 3 8192 2.000000000 2
1112 456 3 8192 2.000000000 2
1112 456 3 8192 2.000000000 2
1113 457 3 8192 2.000000000 2
1113 457 3 8192 2.000000000 2
1114 458 3 8192 2.000000000 2
1114 458 3 8192 2.000000000 2
1115 459 3 8192 2.000000000 2
1115 459 3 8192 2.000000000 2
1112 492 3 8192 2.000000000 2
1112 492 3 8192 2.000000000 2
1113 493 3 8192 2.000000000 2
1113 493 3 8192 2.000000000 2
1114 494 3 8192 2.000000000 2
1114 494 3 8192 2.000000000 2
1115 495 3 8192 2.000000000 2
1115 495 3 8192 2.000000000 2
1112 648 3 8192 2.000000000 2
1112 648 3 8192 2.000000000 2
1113 649 3 8192 2.000000000 2
1113 649 3 8192 2.000000000 2
1114 650 3 8192 2.000000000 2
1114 650 3 8192 2.000000000 2
1115 651 3 8192 2.000000000 2
1115 651 3 8192 2.000000000 2
1112 1056 3 8192 2.000000000 2
1112 1056 3 8192 2.000000000 2
1113 1057 3 8192 2.000000000 2
1113 1057 3 8192 2.000000000 2
1114 1058 3 8192 2.000000000 2
1114 1058 3 8192 2.000000000 2
1115 1059 3 8192 2.000000000 2
1115 1059 3 8192 2.000000000 2
1112 1228 3 8192 2.000000000 2
1112 1228 3 8192 2.000000000 2
1113 1229 3 8192 2.000000000 2
1113 1229 3 8192 2.000000000 2
1114 1230 3 8192 2.000000000 2
1114 1230 3 8192 2.000000000 2
1115 1231 3 8192 2.000000000 2
1115 1231 3 8192 2.000000000 2
1116 56 3 8192 2.000000000 2
1116 56 3 8192 2.000000000 2
1117 57 3 8192 2.000000000 2
1117 57 3 8192 2.000000000 2
1118 58 3 8192 2.000000000 2
1118 58 3 8192 2.000000000 2
1119 59 3 8192 2.000000000 2
1119 59 3 8192 2.000000000 2
1116 80 3 8192 2.000000000 2
1116 80 3 8192 2.000000000 2
1117 81 3 8192 2.000000000 2
1117 81 3 8192 2.000000000 2
1118 82 3 8192 2.000000000 2
1118 82 3 8192 2.000000000 2
1119 83 3 8192 2.000000000 2
1119 83 3 8192 2.000000000 2
1116 248 3 8192 2.000000000 2
1116 248 3 8192 2.000000000 2
1117 249 3 8192 2.000000000 2
1117 249 3 8192 2.000000000 2
1118 250 3 8192 2.000000000 2
1118 250 3 8192 2.000000000 2
1119 251 3 8192 2.000000000 2
1119 251 3 8192 2.000000000 2
1116 476 3 8192 2.000000000 2
1116 476 3 8192 2.000000000 2
1117 477 3 8192 2.000000000 2
1117 477 3 8192 2.000000000 2
1118 478 3 8192 2.000000000 2
1118 478 3 8192 2.000000000 2
1119 479 3 8192 2.000000000 2
1119 479 3 8192 2.000000000 2
1116 540 3 8192 2.000000000 2
1116 540 3 8192 2.000000000 2
1117 541 3 8192 2.000000000 2
1117 541 3 8192 2.000000000 2
1118 542 3 8192 2.000000000 2
1118 542 3 8192 2.000000000 2
1119 543 3 8192 2.000000000 2
1119 543 3 8192 2.000000000 2
1116 1020 3 8192 2.000000000 2
1116 1020 3 8192 2.000000000 2
1117 1021 3 8192 2.000000000 2
1117 1021 3 8192 2.000000000 2
1118 1022 3 8192 2.000000000 2
1118 1022 3 8192 2.000000000 2
1119 1023 3 8192 2.000000000 2
1119 1023 3 8192 2.000000000 2
1116 1172 3 8192 2.000000000 2
1116 1172 3 8192 2.000000000 2
1117 1173 3 8192 2.000000000 2
1117 1173 3 8192 2.000000000 2
1118 1174 3 8192 2.000000000 2
1118 1174 3 8192 2.000000000 2
1119 1175 3 8192 2.000000000 2
1119 1175 3 8192 2.000000000 2
1116 1260 3 8192 2.000000000 2
1116 1260 3 8192 2.000000000 2
1117 1261 3 8192 2.000000000 2
1117 1261 3 8192 2.000000000 2
1118 1262 3 8192 2.000000000 2
1118 1262 3 8192 2.000000000 2
1119 1263 3 8192 2.000000000 2
1119 1263 3 8192 2.000000000 2
1120 636 3 8192 2.000000000 2
1120 636 3 8192 2.000000000 2
1121 637 3 8192 2.000000000 2
1121 637 3 8192 2.000000000 2
1122 638 3 8192 2.000000000 2
1122 638 3 8192 2.000000000 2
1123 639 3 8192 2.000000000 2
1123 639 3 8192 2.000000000 2
1120 860 3 8192 2.000000000 2
1120 860 3 8192 2.000000000 2
1121 861 3 8192 2.000000000 2
1121 861 3 8192 2.000000000 2
1122 862 3 8192 2.000000000 2
1122 862 3 8192 2.000000000 2
1123 863 3 8192 2.000000000 2
1123 863 3 8192 2.000000000 2
1120 920 3 8192 2.000000000 2
1120 920 3 8192 2.000000000 2
1121 921 3 8192 2.000000000 2
1121 921 3 8192 2.000000000 2
1122 922 3 8192 2.000000000 2
1122 922 3 8192 2.000000000 2
1123 923 3 8192 2.000000000 2
1123 923 3 8192 2.000000000 2
1120 968 3 8192 2.000000000 2
1120 968 3 8192 2.000000000 2
1121 969 3 8192 2.000000000 2
1121 969 3 8192 2.000000000 2
1122 970 3 8192 2.000000000 2
1122 970 3 8192 2.000000000 2
1123 971 3 8192 2.000000000 2
1123 971 3 8192 2.000000000 2
1120 1044 3 8192 2.000000000 2
1120 1044 3 8192 2.000000000 2
1121 1045 3 8192 2.000000000 2
1121 1045 3 8192 2.000000000 2
1122 1046 3 8192 2.000000000 2
1122 1046 3 8192 2.000000000 2
1123 1047 3 8192 2.000000000 2
1123 1047 3 8192 2.000000000 2
1120 1080 3 8192 2.000000000 2
1120 1080 3 8192 2.000000000 2
1121 1081 3 8192 2.000000000 2
1121 1081 3 8192 2.000000000 2
1122 1082 3 8192 2.000000000 2
1122 1082 3 8192 2.000000000 2
1123 1083 3 8192 2.000000000 2
1123 1083 3 8192 2.000000000 2
1120 1164 3 8192 2.000000000 2
1120 1164 3 8192 2.000000000 2
1121 1165 3 8192 2.000000000 2
1121 1165 3 8192 2.000000000 2
1122 1166 3 8192 2.000000000 2
1122 1166 3 8192 2.000000000 2
1123 1167 3 8192 2.000000000 2
1123 1167 3 8192 2.000000000 2
1120 1180 3 8192 2.000000000 2
1120 1180 3 8192 2.000000000 2
1121 1181 3 8192 2.000000000 2
1121 1181 3 8192 2.000000000 2
1122 1182 3 8192 2.000000000 2
1122 1182 3 8192 2.000000000 2
1123 1183 3 8192 2.000000000 2
1123 1183 3 8192 2.000000000 2
1124 120 3 8192 2.000000000 2
1124 120 3 8192 2.000000000 2
1125 121 3 8192 2.000000000 2
1125 121 3 8192 2.000000000 2
1126 122 3 8192 2.000000000 2
1126 122 3 8192 2.000000000 2
1127 123 3 8192 2.000000000 2
1127 123 3 8192 2.000000000 2
1124 128 3 8192 2.000000000 2
1124 128 3 8192 2.000000000 2
1125 129 3 8192 2.000000000 2
1125 129 3 8192 2.000000000 2
1126 130 3 8192 2.000000000 2
1126 130 3 8192 2.000000000 2
1127 131 3 8192 2.000000000 2
1127 131 3 8192 2.000000000 2
1124 692 3 8192 2.000000000 2
1124 692 3 8192 2.000000000 2
1125 693 3 8192 2.000000000 2
1125 693 3 8192 2.000000000 2
1126 694 3 8192 2.000000000 2
1126 694 3 8192 2.000000000 2
1127 695 3 8192 2.000000000 2
1127 695 3 8192 2.000000000 2
1124 780 3 8192 2.000000000 2
1124 780 3 8192 2.000000000 2
1125 781 3 8192 2.000000000 2
1125 781 3 8192 2.000000000 2
1126 782 3 8192 2.000000000 2
1126 782 3 8192 2.000000000 2
1127 783 3 8192 2.000000000 2
1127 783 3 8192 2.000000000 2
1124 856 3 8192 2.000000000 2
1124 856 3 8192 2.000000000 2
1125 857 3 8192 2.000000000 2
1125 857 3 8192 2.000000000 2
1126 858 3 8192 2.000000000 2
1126 858 3 8192 2.000000000 2
1127 859 3 8192 2.000000000 2
1127 859 3 8192 2.000000000 2
1124 864 3 8192 2.000000000 2
1124 864 3 8192 2.000000000 2
1125 865 3 8192 2.000000000 2
1125 865 3 8192 2.000000000 2
1126 866 3 8192 2.000000000 2
1126 866 3 8192 2.000000000 2
1127 867 3 8192 2.000000000 2
1127 867 3 8192 2.000000000 2
1124 1076 3 8192 2.000000000 2
1124 1076 3 8192 2.000000000 2
1125 1077 3 8192 2.000000000 2
1125 1077 3 8192 2.000000000 2
1126 1078 3 8192 2.000000000 2
1126 1078 3 8192 2.000000000 2
1127 1079 3 8192 2.000000000 2
1127 1079 3 8192 2.000000000 2
1124 1088 3 8192 2.000000000 2
1124 1088 3 8192 2.000000000 2
1125 1089 3 8192 2.000000000 2
1125 1089 3 8192 2.000000000 2
1126 1090 3 8192 2.000000000 2
1126 1090 3 8192 2.000000000 2
1127 1091 3 8192 2.000000000 2
1127 1091 3 8192 2.000000000 2
1128 440 3 8192 2.000000000 2
1128 440 3 8192 2.000000000 2
1129 441 3 8192 2.000000000 2
1129 441 3 8192 2.000000000 2
1130 442 3 8192 2.000000000 2
1130 442 3 8192 2.000000000 2
1131 443 3 8192 2.000000000 2
1131 443 3 8192 2.000000000 2
1128 692 3 8192 2.000000000 2
1128 692 3 8192 2.000000000 2
1129 693 3 8192 2.000000000 2
1129 693 3 8192 2.000000000 2
1130 694 3 8192 2.000000000 2
1130 694 3 8192 2.000000000 2
1131 695 3 8192 2.000000000 2
1131 695 3 8192 2.000000000 2
1128 696 3 8192 2.000000000 2
1128 696 3 8192 2.000000000 2
1129 697 3 8192 2.000000000 2
1129 697 3 8192 2.000000000 2
1130 698 3 8192 2.000000000 2
1130 698 3 8192 2.000000000 2
1131 699 3 8192 2.000000000 2
1131 699 3 8192 2.000000000 2
1128 704 3 8192 2.000000000 2
1128 704 3 8192 2.000000000 2
1129 705 3 8192 2.000000000 2
1129 705 3 8192 2.000000000 2
1130 706 3 8192 2.000000000 2
1130 706 3 8192 2.000000000 2
1131 707 3 8192 2.000000000 2
1131 707 3 8192 2.000000000 2
1128 748 3 8192 2.000000000 2
1128 748 3 8192 2.000000000 2
1129 749 3 8192 2.000000000 2
1129 749 3 8192 2.000000000 2
1130 750 3 8192 2.000000000 2
1130 750 3 8192 2.000000000 2
1131 751 3 8192 2.000000000 2
1131 751 3 8192 2.000000000 2
1128 760 3 8192 2.000000000 2
1128 760 3 8192 2.000000000 2
1129 761 3 8192 2.000000000 2
1129 761 3 8192 2.000000000 2
1130 762 3 8192 2.000000000 2
1130 762 3 8192 2.000000000 2
1131 763 3 8192 2.000000000 2
1131 763 3 8192 2.000000000 2
1128 904 3 8192 2.000000000 2
1128 904 3 8192 2.000000000 2
1129 905 3 8192 2.000000000 2
1129 905 3 8192 2.000000000 2
1130 906 3 8192 2.000000000 2
1130 906 3 8192 2.000000000 2
1131 907 3 8192 2.000000000 2
1131 907 3 8192 2.000000000 2
1128 1168 3 8192 2.000000000 2
1128 1168 3 8192 2.000000000 2
1129 1169 3 8192 2.000000000 2
1129 1169 3 8192 2.000000000 2
1130 1170 3 8192 2.000000000 2
1130 1170 3 8192 2.000000000 2
1131 1171 3 8192 2.000000000 2
1131 1171 3 8192 2.000000000 2
1136 180 3 8192 2.000000000 2
1136 180 3 8192 2.000000000 2
1137 181 3 8192 2.000000000 2
1137 181 3 8192 2.000000000 2
1138 182 3 8192 2.000000000 2
1138 182 3 8192 2.000000000 2
1139 183 3 8192 2.000000000 2
1139 183 3 8192 2.000000000 2
1136 260 3 8192 2.000000000 2
1136 260 3 8192 2.000000000 2
1137 261 3 8192 2.000000000 2
1137 261 3 8192 2.000000000 2
1138 262 3 8192 2.000000000 2
1138 262 3 8192 2.000000000 2
1139 263 3 8192 2.000000000 2
1139 263 3 8192 2.000000000 2
1136 368 3 8192 2.000000000 2
1136 368 3 8192 2.000000000 2
1137 369 3 8192 2.000000000 2
1137 369 3 8192 2.000000000 2
1138 370 3 8192 2.000000000 2
1138 370 3 8192 2.000000000 2
1139 371 3 8192 2.000000000 2
1139 371 3 8192 2.000000000 2
1136 440 3 8192 2.000000000 2
1136 440 3 8192 2.000000000 2
1137 441 3 8192 2.000000000 2
1137 441 3 8192 2.000000000 2
1138 442 3 8192 2.000000000 2
1138 442 3 8192 2.000000000 2
1139 443 3 8192 2.000000000 2
1139 443 3 8192 2.000000000 2
1136 520 3 8192 2.000000000 2
1136 520 3 8192 2.000000000 2
1137 521 3 8192 2.000000000 2
1137 521 3 8192 2.000000000 2
1138 522 3 8192 2.000000000 2
1138 522 3 8192 2.000000000 2
1139 523 3 8192 2.000000000 2
1139 523 3 8192 2.000000000 2
1136 724 3 8192 2.000000000 2
1136 724 3 8192 2.000000000 2
1137 725 3 8192 2.000000000 2
1137 725 3 8192 2.000000000 2
1138 726 3 8192 2.000000000 2
1138 726 3 8192 2.000000000 2
1139 727 3 8192 2.000000000 2
1139 727 3 8192 2.000000000 2
1136 844 3 8192 2.000000000 2
1136 844 3 8192 2.000000000 2
1137 845 3 8192 2.000000000 2
1137 845 3 8192 2.000000000 2
1138 846 3 8192 2.000000000 2
1138 846 3 8192 2.000000000 2
1139 847 3 8192 2.000000000 2
1139 847 3 8192 2.000000000 2
1136 968 3 8192 2.000000000 2
1136 968 3 8192 2.000000000 2
1137 969 3 8192 2.000000000 2
1137 969 3 8192 2.000000000 2
1138 970 3 8192 2.000000000 2
1138 970 3 8192 2.000000000 2
1139 971 3 8192 2.000000000 2
1139 971 3 8192 2.000000000 2
1140 256 3 8192 2.000000000 2
1140 256 3 8192 2.000000000 2
1141 257 3 8192 2.000000000 2
1141 257 3 8192 2.000000000 2
1142 258 3 8192 2.000000000 2
1142 258 3 8192 2.000000000 2
1143 259 3 8192 2.000000000 2
1143 259 3 8192 2.000000000 2
1140 388 3 8192 2.000000000 2
1140 388 3 8192 2.000000000 2
1141 389 3 8192 2.000000000 2
1141 389 3 8192 2.000000000 2
1142 390 3 8192 2.000000000 2
1142 390 3 8192 2.000000000 2
1143 391 3 8192 2.000000000 2
1143 391 3 8192 2.000000000 2
1140 540 3 8192 2.000000000 2
1140 540 3 8192 2.000000000 2
1141 541 3 8192 2.000000000 2
1141 541 3 8192 2.000000000 2
1142 542 3 8192 2.000000000 2
1142 542 3 8192 2.000000000 2
1143 543 3 8192 2.000000000 2
1143 543 3 8192 2.000000000 2
1140 568 3 8192 2.000000000 2
1140 568 3 8192 2.000000000 2
1141 569 3 8192 2.000000000 2
1141 569 3 8192 2.000000000 2
1142 570 3 8192 2.000000000 2
1142 570 3 8192 2.000000000 2
1143 571 3 8192 2.000000000 2
1143 571 3 8192 2.000000000 2
1140 592 3 8192 2.000000000 2
1140 592 3 8192 2.000000000 2
1141 593 3 8192 2.000000000 2
1141 593 3 8192 2.000000000 2
1142 594 3 8192 2.000000000 2
1142 594 3 8192 2.000000000 2
1143 595 3 8192 2.000000000 2
1143 595 3 8192 2.000000000 2
1140 824 3 8192 2.000000000 2
1140 824 3 8192 2.000000000 2
1141 825 3 8192 2.000000000 2
1141 825 3 8192 2.000000000 2
1142 826 3 8192 2.000000000 2
1142 826 3 8192 2.000000000 2
1143 827 3 8192 2.000000000 2
1143 827 3 8192 2.000000000 2
1140 976 3 8192 2.000000000 2
1140 976 3 8192 2.000000000 2
1141 977 3 8192 2.000000000 2
1141 977 3 8192 2.000000000 2
1142 978 3 8192 2.000000000 2
1142 978 3 8192 2.000000000 2
1143 979 3 8192 2.000000000 2
1143 979 3 8192 2.000000000 2
1140 1212 3 8192 2.000000000 2
1140 1212 3 8192 2.000000000 2
1141 1213 3 8192 2.000000000 2
1141 1213 3 8192 2.000000000 2
1142 1214 3 8192 2.000000000 2
1142 1214 3 8192 2.000000000 2
1143 1215 3 8192 2.000000000 2
1143 1215 3 8192 2.000000000 2
1144 32 3 8192 2.000000000 2
1144 32 3 8192 2.000000000 2
1145 33 3 8192 2.000000000 2
1145 33 3 8192 2.000000000 2
1146 34 3 8192 2.000000000 2
1146 34 3 8192 2.000000000 2
1147 35 3 8192 2.000000000 2
1147 35 3 8192 2.000000000 2
1144 112 3 8192 2.000000000 2
1144 112 3 8192 2.000000000 2
1145 113 3 8192 2.000000000 2
1145 113 3 8192 2.000000000 2
1146 114 3 8192 2.000000000 2
1146 114 3 8192 2.000000000 2
1147 115 3 8192 2.000000000 2
1147 115 3 8192 2.000000000 2
1144 140 3 8192 2.000000000 2
1144 140 3 8192 2.000000000 2
1145 141 3 8192 2.000000000 2
1145 141 3 8192 2.000000000 2
1146 142 3 8192 2.000000000 2
1146 142 3 8192 2.000000000 2
1147 143 3 8192 2.000000000 2
1147 143 3 8192 2.000000000 2
1144 440 3 8192 2.000000000 2
1144 440 3 8192 2.000000000 2
1145 441 3 8192 2.000000000 2
1145 441 3 8192 2.000000000 2
1146 442 3 8192 2.000000000 2
1146 442 3 8192 2.000000000 2
1147 443 3 8192 2.000000000 2
1147 443 3 8192 2.000000000 2
1144 504 3 8192 2.000000000 2
1144 504 3 8192 2.000000000 2
1145 505 3 8192 2.000000000 2
1145 505 3 8192 2.000000000 2
1146 506 3 8192 2.000000000 2
1146 506 3 8192 2.000000000 2
1147 507 3 8192 2.000000000 2
1147 507 3 8192 2.000000000 2
1144 576 3 8192 2.000000000 2
1144 576 3 8192 2.000000000 2
1145 577 3 8192 2.000000000 2
1145 577 3 8192 2.000000000 2
1146 578 3 8192 2.000000000 2
1146 578 3 8192 2.000000000 2
1147 579 3 8192 2.000000000 2
1147 579 3 8192 2.000000000 2
1144 648 3 8192 2.000000000 2
1144 648 3 8192 2.000000000 2
1145 649 3 8192 2.000000000 2
1145 649 3 8192 2.000000000 2
1146 650 3 8192 2.000000000 2
1146 650 3 8192 2.000000000 2
1147 651 3 8192 2.000000000 2
1147 651 3 8192 2.000000000 2
1144 744 3 8192 2.000000000 2
1144 744 3 8192 2.000000000 2
1145 745 3 8192 2.000000000 2
1145 745 3 8192 2.000000000 2
1146 746 3 8192 2.000000000 2
1146 746 3 8192 2.000000000 2
1147 747 3 8192 2.000000000 2
1147 747 3 8192 2.000000000 2
1148 416 3 8192 2.000000000 2
1148 416 3 8192 2.000000000 2
1149 417 3 8192 2.000000000 2
1149 417 3 8192 2.000000000 2
1150 418 3 8192 2.000000000 2
1150 418 3 8192 2.000000000 2
1151 419 3 8192 2.000000000 2
1151 419 3 8192 2.000000000 2
1148 516 3 8192 2.000000000 2
1148 516 3 8192 2.000000000 2
1149 517 3 8192 2.000000000 2
1149 517 3 8192 2.000000000 2
1150 518 3 8192 2.000000000 2
1150 518 3 8192 2.000000000 2
1151 519 3 8192 2.000000000 2
1151 519 3 8192 2.000000000 2
1148 640 3 8192 2.000000000 2
1148 640 3 8192 2.000000000 2
1149 641 3 8192 2.000000000 2
1149 641 3 8192 2.000000000 2
1150 642 3 8192 2.000000000 2
1150 642 3 8192 2.000000000 2
1151 643 3 8192 2.000000000 2
1151 643 3 8192 2.000000000 2
1148 656 3 8192 2.000000000 2
1148 656 3 8192 2.000000000 2
1149 657 3 8192 2.000000000 2
1149 657 3 8192 2.000000000 2
1150 658 3 8192 2.000000000 2
1150 658 3 8192 2.000000000 2
1151 659 3 8192 2.000000000 2
1151 659 3 8192 2.000000000 2
1148 808 3 8192 2.000000000 2
1148 808 3 8192 2.000000000 2
1149 809 3 8192 2.000000000 2
1149 809 3 8192 2.000000000 2
1150 810 3 8192 2.000000000 2
1150 810 3 8192 2.000000000 2
1151 811 3 8192 2.000000000 2
1151 811 3 8192 2.000000000 2
1148 984 3 8192 2.000000000 2
1148 984 3 8192 2.000000000 2
1149 985 3 8192 2.000000000 2
1149 985 3 8192 2.000000000 2
1150 986 3 8192 2.000000000 2
1150 986 3 8192 2.000000000 2
1151 987 3 8192 2.000000000 2
1151 987 3 8192 2.000000000 2
1148 1008 3 8192 2.000000000 2
1148 1008 3 8192 2.000000000 2
1149 1009 3 8192 2.000000000 2
1149 1009 3 8192 2.000000000 2
1150 1010 3 8192 2.000000000 2
1150 1010 3 8192 2.000000000 2
1151 1011 3 8192 2.000000000 2
1151 1011 3 8192 2.000000000 2
1148 1276 3 8192 2.000000000 2
1148 1276 3 8192 2.000000000 2
1149 1277 3 8192 2.000000000 2
1149 1277 3 8192 2.000000000 2
1150 1278 3 8192 2.000000000 2
1150 1278 3 8192 2.000000000 2
1151 1279 3 8192 2.000000000 2
1151 1279 3 8192 2.000000000 2
1152 56 3 8192 2.000000000 2
1152 56 3 8192 2.000000000 2
1153 57 3 8192 2.000000000 2
1153 57 3 8192 2.000000000 2
1154 58 3 8192 2.000000000 2
1154 58 3 8192 2.000000000 2
1155 59 3 8192 2.000000000 2
1155 59 3 8192 2.000000000 2
1152 72 3 8192 2.000000000 2
1152 72 3 8192 2.000000000 2
1153 73 3 8192 2.000000000 2
1153 73 3 8192 2.000000000 2
1154 74 3 8192 2.000000000 2
1154 74 3 8192 2.000000000 2
1155 75 3 8192 2.000000000 2
1155 75 3 8192 2.000000000 2
1152 380 3 8192 2.000000000 2
1152 380 3 8192 2.000000000 2
1153 381 3 8192 2.000000000 2
1153 381 3 8192 2.000000000 2
1154 382 3 8192 2.000000000 2
1154 382 3 8192 2.000000000 2
1155 383 3 8192 2.000000000 2
1155 383 3 8192 2.000000000 2
1152 700 3 8192 2.000000000 2
1152 700 3 8192 2.000000000 2
1153 701 3 8192 2.000000000 2
1153 701 3 8192 2.000000000 2
1154 702 3 8192 2.000000000 2
1154 702 3 8192 2.000000000 2
1155 703 3 8192 2.000000000 2
1155 703 3 8192 2.000000000 2
1152 888 3 8192 2.000000000 2
1152 888 3 8192 2.000000000 2
1153 889 3 8192 2.000000000 2
1153 889 3 8192 2.000000000 2
1154 890 3 8192 2.000000000 2
1154 890 3 8192 2.000000000 2
1155 891 3 8192 2.000000000 2
1155 891 3 8192 2.000000000 2
1152 900 3 8192 2.000000000 2
1152 900 3 8192 2.000000000 2
1153 901 3 8192 2.000000000 2
1153 901 3 8192 2.000000000 2
1154 902 3 8192 2.000000000 2
1154 902 3 8192 2.000000000 2
1155 903 3 8192 2.000000000 2
1155 903 3 8192 2.000000000 2
1152 984 3 8192 2.000000000 2
1152 984 3 8192 2.000000000 2
1153 985 3 8192 2.000000000 2
1153 985 3 8192 2.000000000 2
1154 986 3 8192 2.000000000 2
1154 986 3 8192 2.000000000 2
1155 987 3 8192 2.000000000 2
1155 987 3 8192 2.000000000 2
1152 1068 3 8192 2.000000000 2
1152 1068 3 8192 2.000000000 2
1153 1069 3 8192 2.000000000 2
1153 1069 3 8192 2.000000000 2
1154 1070 3 8192 2.000000000 2
1154 1070 3 8192 2.000000000 2
1155 1071 3 8192 2.000000000 2
1155 1071 3 8192 2.000000000 2
1156 116 3 8192 2.000000000 2
1156 116 3 8192 2.000000000 2
1157 117 3 8192 2.000000000 2
1157 117 3 8192 2.000000000 2
1158 118 3 8192 2.000000000 2
1158 118 3 8192 2.000000000 2
1159 119 3 8192 2.000000000 2
1159 119 3 8192 2.000000000 2
1156 248 3 8192 2.000000000 2
1156 248 3 8192 2.000000000 2
1157 249 3 8192 2.000000000 2
1157 249 3 8192 2.000000000 2
1158 250 3 8192 2.000000000 2
1158 250 3 8192 2.000000000 2
1159 251 3 8192 2.000000000 2
1159 251 3 8192 2.000000000 2
1156 416 3 8192 2.000000000 2
1156 416 3 8192 2.000000000 2
1157 417 3 8192 2.000000000 2
1157 417 3 8192 2.000000000 2
1158 418 3 8192 2.000000000 2
1158 418 3 8192 2.000000000 2
1159 419 3 8192 2.000000000 2
1159 419 3 8192 2.000000000 2
1156 776 3 8192 2.000000000 2
1156 776 3 8192 2.000000000 2
1157 777 3 8192 2.000000000 2
1157 777 3 8192 2.000000000 2
1158 778 3 8192 2.000000000 2
1158 778 3 8192 2.000000000 2
1159 779 3 8192 2.000000000 2
1159 779 3 8192 2.000000000 2
1156 960 3 8192 2.000000000 2
1156 960 3 8192 2.000000000 2
1157 961 3 8192 2.000000000 2
1157 961 3 8192 2.000000000 2
1158 962 3 8192 2.000000000 2
1158 962 3 8192 2.000000000 2
1159 963 3 8192 2.000000000 2
1159 963 3 8192 2.000000000 2
1156 1144 3 8192 2.000000000 2
1156 1144 3 8192 2.000000000 2
1157 1145 3 8192 2.000000000 2
1157 1145 3 8192 2.000000000 2
1158 1146 3 8192 2.000000000 2
1158 1146 3 8192 2.000000000 2
1159 1147 3 8192 2.000000000 2
1159 1147 3 8192 2.000000000 2
1156 1152 3 8192 2.000000000 2
1156 1152 3 8192 2.000000000 2
1157 1153 3 8192 2.000000000 2
1157 1153 3 8192 2.000000000 2
1158 1154 3 8192 2.000000000 2
1158 1154 3 8192 2.000000000 2
1159 1155 3 8192 2.000000000 2
1159 1155 3 8192 2.000000000 2
1156 1216 3 8192 2.000000000 2
1156 1216 3 8192 2.000000000 2
1157 1217 3 8192 2.000000000 2
1157 1217 3 8192 2.000000000 2
1158 1218 3 8192 2.000000000 2
1158 1218 3 8192 2.000000000 2
1159 1219 3 8192 2.000000000 2
1159 1219 3 8192 2.000000000 2
1160 64 3 8192 2.000000000 2
1160 64 3 8192 2.000000000 2
1161 65 3 8192 2.000000000 2
1161 65 3 8192 2.000000000 2
1162 66 3 8192 2.000000000 2
1162 66 3 8192 2.000000000 2
1163 67 3 8192 2.000000000 2
1163 67 3 8192 2.000000000 2
1160 232 3 8192 2.000000000 2
1160 232 3 8192 2.000000000 2
1161 233 3 8192 2.000000000 2
1161 233 3 8192 2.000000000 2
1162 234 3 8192 2.000000000 2
1162 234 3 8192 2.000000000 2
1163 235 3 8192 2.000000000 2
1163 235 3 8192 2.000000000 2
1160 432 3 8192 2.000000000 2
1160 432 3 8192 2.000000000 2
1161 433 3 8192 2.000000000 2
1161 433 3 8192 2.000000000 2
1162 434 3 8192 2.000000000 2
1162 434 3 8192 2.000000000 2
1163 435 3 8192 2.000000000 2
1163 435 3 8192 2.000000000 2
1160 704 3 8192 2.000000000 2
1160 704 3 8192 2.000000000 2
1161 705 3 8192 2.000000000 2
1161 705 3 8192 2.000000000 2
1162 706 3 8192 2.000000000 2
1162 706 3 8192 2.000000000 2
1163 707 3 8192 2.000000000 2
1163 707 3 8192 2.000000000 2
1160 716 3 8192 2.000000000 2
1160 716 3 8192 2.000000000 2
1161 717 3 8192 2.000000000 2
1161 717 3 8192 2.000000000 2
1162 718 3 8192 2.000000000 2
1162 718 3 8192 2.000000000 2
1163 719 3 8192 2.000000000 2
1163 719 3 8192 2.000000000 2
1160 756 3 8192 2.000000000 2
1160 756 3 8192 2.000000000 2
1161 757 3 8192 2.000000000 2
1161 757 3 8192 2.000000000 2
1162 758 3 8192 2.000000000 2
1162 758 3 8192 2.000000000 2
1163 759 3 8192 2.000000000 2
1163 759 3 8192 2.000000000 2
1160 844 3 8192 2.000000000 2
1160 844 3 8192 2.000000000 2
1161 845 3 8192 2.000000000 2
1161 845 3 8192 2.000000000 2
1162 846 3 8192 2.000000000 2
1162 846 3 8192 2.000000000 2
1163 847 3 8192 2.000000000 2
1163 847 3 8192 2.000000000 2
1160 952 3 8192 2.000000000 2
1160 952 3 8192 2.000000000 2
1161 953 3 8192 2.000000000 2
1161 953 3 8192 2.000000000 2
1162 954 3 8192 2.000000000 2
1162 954 3 8192 2.000000000 2
1163 955 3 8192 2.000000000 2
1163 955 3 8192 2.000000000 2
1164 36 3 8192 2.000000000 2
1164 36 3 8192 2.000000000 2
1165 37 3 8192 2.000000000 2
1165 37 3 8192 2.000000000 2
1166 38 3 8192 2.000000000 2
1166 38 3 8192 2.000000000 2
1167 39 3 8192 2.000000000 2
1167 39 3 8192 2.000000000 2
1164 64 3 8192 2.000000000 2
1164 64 3 8192 2.000000000 2
1165 65 3 8192 2.000000000 2
1165 65 3 8192 2.000000000 2
1166 66 3 8192 2.000000000 2
1166 66 3 8192 2.000000000 2
1167 67 3 8192 2.000000000 2
1167 67 3 8192 2.000000000 2
1164 248 3 8192 2.000000000 2
1164 248 3 8192 2.000000000 2
1165 249 3 8192 2.000000000 2
1165 249 3 8192 2.000000000 2
1166 250 3 8192 2.000000000 2
1166 250 3 8192 2.000000000 2
1167 251 3 8192 2.000000000 2
1167 251 3 8192 2.000000000 2
1164 408 3 8192 2.000000000 2
1164 408 3 8192 2.000000000 2
1165 409 3 8192 2.000000000 2
1165 409 3 8192 2.000000000 2
1166 410 3 8192 2.000000000 2
1166 410 3 8192 2.000000000 2
1167 411 3 8192 2.000000000 2
1167 411 3 8192 2.000000000 2
1164 472 3 8192 2.000000000 2
1164 472 3 8192 2.000000000 2
1165 473 3 8192 2.000000000 2
1165 473 3 8192 2.000000000 2
1166 474 3 8192 2.000000000 2
1166 474 3 8192 2.000000000 2
1167 475 3 8192 2.000000000 2
1167 475 3 8192 2.000000000 2
1164 512 3 8192 2.000000000 2
1164 512 3 8192 2.000000000 2
1165 513 3 8192 2.000000000 2
1165 513 3 8192 2.000000000 2
1166 514 3 8192 2.000000000 2
1166 514 3 8192 2.000000000 2
1167 515 3 8192 2.000000000 2
1167 515 3 8192 2.000000000 2
1164 1232 3 8192 2.000000000 2
1164 1232 3 8192 2.000000000 2
1165 1233 3 8192 2.000000000 2
1165 1233 3 8192 2.000000000 2
1166 1234 3 8192 2.000000000 2
1166 1234 3 8192 2.000000000 2
1167 1235 3 8192 2.000000000 2
1167 1235 3 8192 2.000000000 2
1164 1236 3 8192 2.000000000 2
1164 1236 3 8192 2.000000000 2
1165 1237 3 8192 2.000000000 2
1165 1237 3 8192 2.000000000 2
1166 1238 3 8192 2.000000000 2
1166 1238 3 8192 2.000000000 2
1167 1239 3 8192 2.000000000 2
1167 1239 3 8192 2.000000000 2
1168 68 3 8192 2.000000000 2
1168 68 3 8192 2.000000000 2
1169 69 3 8192 2.000000000 2
1169 69 3 8192 2.000000000 2
1170 70 3 8192 2.000000000 2
1170 70 3 8192 2.000000000 2
1171 71 3 8192 2.000000000 2
1171 71 3 8192 2.000000000 2
1168 576 3 8192 2.000000000 2
1168 576 3 8192 2.000000000 2
1169 577 3 8192 2.000000000 2
1169 577 3 8192 2.000000000 2
1170 578 3 8192 2.000000000 2
1170 578 3 8192 2.000000000 2
1171 579 3 8192 2.000000000 2
1171 579 3 8192 2.000000000 2
1168 712 3 8192 2.000000000 2
1168 712 3 8192 2.000000000 2
1169 713 3 8192 2.000000000 2
1169 713 3 8192 2.000000000 2
1170 714 3 8192 2.000000000 2
1170 714 3 8192 2.000000000 2
1171 715 3 8192 2.000000000 2
1171 715 3 8192 2.000000000 2
1168 888 3 8192 2.000000000 2
1168 888 3 8192 2.000000000 2
1169 889 3 8192 2.000000000 2
1169 889 3 8192 2.000000000 2
1170 890 3 8192 2.000000000 2
1170 890 3 8192 2.000000000 2
1171 891 3 8192 2.000000000 2
1171 891 3 8192 2.000000000 2
1168 952 3 8192 2.000000000 2
1168 952 3 8192 2.000000000 2
1169 953 3 8192 2.000000000 2
1169 953 3 8192 2.000000000 2
1170 954 3 8192 2.000000000 2
1170 954 3 8192 2.000000000 2
1171 955 3 8192 2.000000000 2
1171 955 3 8192 2.000000000 2
1168 1060 3 8192 2.000000000 2
1168 1060 3 8192 2.000000000 2
1169 1061 3 8192 2.000000000 2
1169 1061 3 8192 2.000000000 2
1170 1062 3 8192 2.000000000 2
1170 1062 3 8192 2.000000000 2
1171 1063 3 8192 2.000000000 2
1171 1063 3 8192 2.000000000 2
1168 1064 3 8192 2.000000000 2
1168 1064 3 8192 2.000000000 2
1169 1065 3 8192 2.000000000 2
1169 1065 3 8192 2.000000000 2
1170 1066 3 8192 2.000000000 2
1170 1066 3 8192 2.000000000 2
1171 1067 3 8192 2.000000000 2
1171 1067 3 8192 2.000000000 2
1168 1120 3 8192 2.000000000 2
1168 1120 3 8192 2.000000000 2
1169 1121 3 8192 2.000000000 2
1169 1121 3 8192 2.000000000 2
1170 1122 3 8192 2.000000000 2
1170 1122 3 8192 2.000000000 2
1171 1123 3 8192 2.000000000 2
1171 1123 3 8192 2.000000000 2
1172 60 3 8192 2.000000000 2
1172 60 3 8192 2.000000000 2
1173 61 3 8192 2.000000000 2
1173 61 3 8192 2.000000000 2
1174 62 3 8192 2.000000000 2
1174 62 3 8192 2.000000000 2
1175 63 3 8192 2.000000000 2
1175 63 3 8192 2.000000000 2
1172 236 3 8192 2.000000000 2
1172 236 3 8192 2.000000000 2
1173 237 3 8192 2.000000000 2
1173 237 3 8192 2.000000000 2
1174 238 3 8192 2.000000000 2
1174 238 3 8192 2.000000000 2
1175 239 3 8192 2.000000000 2
1175 239 3 8192 2.000000000 2
1172 496 3 8192 2.000000000 2
1172 496 3 8192 2.000000000 2
1173 497 3 8192 2.000000000 2
1173 497 3 8192 2.000000000 2
1174 498 3 8192 2.000000000 2
1174 498 3 8192 2.000000000 2
1175 499 3 8192 2.000000000 2
1175 499 3 8192 2.000000000 2
1172 672 3 8192 2.000000000 2
1172 672 3 8192 2.000000000 2
1173 673 3 8192 2.000000000 2
1173 673 3 8192 2.000000000 2
1174 674 3 8192 2.000000000 2
1174 674 3 8192 2.000000000 2
1175 675 3 8192 2.000000000 2
1175 675 3 8192 2.000000000 2
1172 696 3 8192 2.000000000 2
1172 696 3 8192 2.000000000 2
1173 697 3 8192 2.000000000 2
1173 697 3 8192 2.000000000 2
1174 698 3 8192 2.000000000 2
1174 698 3 8192 2.000000000 2
1175 699 3 8192 2.000000000 2
1175 699 3 8192 2.000000000 2
1172 884 3 8192 2.000000000 2
1172 884 3 8192 2.000000000 2
1173 885 3 8192 2.000000000 2
1173 885 3 8192 2.000000000 2
1174 886 3 8192 2.000000000 2
1174 886 3 8192 2.000000000 2
1175 887 3 8192 2.000000000 2
1175 887 3 8192 2.000000000 2
1172 900 3 8192 2.000000000 2
1172 900 3 8192 2.000000000 2
1173 901 3 8192 2.000000000 2
1173 901 3 8192 2.000000000 2
1174 902 3 8192 2.000000000 2
1174 902 3 8192 2.000000000 2
1175 903 3 8192 2.000000000 2
1175 903 3 8192 2.000000000 2
1172 1088 3 8192 2.000000000 2
1172 1088 3 8192 2.000000000 2
1173 1089 3 8192 2.000000000 2
1173 1089 3 8192 2.000000000 2
1174 1090 3 8192 2.000000000 2
1174 1090 3 8192 2.000000000 2
1175 1091 3 8192 2.000000000 2
1175 1091 3 8192 2.000000000 2
1180 128 3 8192 2.000000000 2
1180 128 3 8192 2.000000000 2
1181 129 3 8192 2.000000000 2
1181 129 3 8192 2.000000000 2
1182 130 3 8192 2.000000000 2
1182 130 3 8192 2.000000000 2
1183 131 3 8192 2.000000000 2
1183 131 3 8192 2.000000000 2
1180 244 3 8192 2.000000000 2
1180 244 3 8192 2.000000000 2
1181 245 3 8192 2.000000000 2
1181 245 3 8192 2.000000000 2
1182 246 3 8192 2.000000000 2
1182 246 3 8192 2.000000000 2
1183 247 3 8192 2.000000000 2
1183 247 3 8192 2.000000000 2
1180 272 3 8192 2.000000000 2
1180 272 3 8192 2.000000000 2
1181 273 3 8192 2.000000000 2
1181 273 3 8192 2.000000000 2
1182 274 3 8192 2.000000000 2
1182 274 3 8192 2.000000000 2
1183 275 3 8192 2.000000000 2
1183 275 3 8192 2.000000000 2
1180 280 3 8192 2.000000000 2
1180 280 3 8192 2.000000000 2
1181 281 3 8192 2.000000000 2
1181 281 3 8192 2.000000000 2
1182 282 3 8192 2.000000000 2
1182 282 3 8192 2.000000000 2
1183 283 3 8192 2.000000000 2
1183 283 3 8192 2.000000000 2
1180 608 3 8192 2.000000000 2
1180 608 3 8192 2.000000000 2
1181 609 3 8192 2.000000000 2
1181 609 3 8192 2.000000000 2
1182 610 3 8192 2.000000000 2
1182 610 3 8192 2.000000000 2
1183 611 3 8192 2.000000000 2
1183 611 3 8192 2.000000000 2
1180 1144 3 8192 2.000000000 2
1180 1144 3 8192 2.000000000 2
1181 1145 3 8192 2.000000000 2
1181 1145 3 8192 2.000000000 2
1182 1146 3 8192 2.000000000 2
1182 1146 3 8192 2.000000000 2
1183 1147 3 8192 2.000000000 2
1183 1147 3 8192 2.000000000 2
1180 1164 3 8192 2.000000000 2
1180 1164 3 8192 2.000000000 2
1181 1165 3 8192 2.000000000 2
1181 1165 3 8192 2.000000000 2
1182 1166 3 8192 2.000000000 2
1182 1166 3 8192 2.000000000 2
1183 1167 3 8192 2.000000000 2
1183 1167 3 8192 2.000000000 2
1180 1220 3 8192 2.000000000 2
1180 1220 3 8192 2.000000000 2
1181 1221 3 8192 2.000000000 2
1181 1221 3 8192 2.000000000 2
1182 1222 3 8192 2.000000000 2
1182 1222 3 8192 2.000000000 2
1183 1223 3 8192 2.000000000 2
1183 1223 3 8192 2.000000000 2
1184 92 3 8192 2.000000000 2
1184 92 3 8192 2.000000000 2
1185 93 3 8192 2.000000000 2
1185 93 3 8192 2.000000000 2
1186 94 3 8192 2.000000000 2
1186 94 3 8192 2.000000000 2
1187 95 3 8192 2.000000000 2
1187 95 3 8192 2.000000000 2
1184 264 3 8192 2.000000000 2
1184 264 3 8192 2.000000000 2
1185 265 3 8192 2.000000000 2
1185 265 3 8192 2.000000000 2
1186 266 3 8192 2.000000000 2
1186 266 3 8192 2.000000000 2
1187 267 3 8192 2.000000000 2
1187 267 3 8192 2.000000000 2
1184 436 3 8192 2.000000000 2
1184 436 3 8192 2.000000000 2
1185 437 3 8192 2.000000000 2
1185 437 3 8192 2.000000000 2
1186 438 3 8192 2.000000000 2
1186 438 3 8192 2.000000000 2
1187 439 3 8192 2.000000000 2
1187 439 3 8192 2.000000000 2
1184 652 3 8192 2.000000000 2
1184 652 3 8192 2.000000000 2
1185 653 3 8192 2.000000000 2
1185 653 3 8192 2.000000000 2
1186 654 3 8192 2.000000000 2
1186 654 3 8192 2.000000000 2
1187 655 3 8192 2.000000000 2
1187 655 3 8192 2.000000000 2
1184 756 3 8192 2.000000000 2
1184 756 3 8192 2.000000000 2
1185 757 3 8192 2.000000000 2
1185 757 3 8192 2.000000000 2
1186 758 3 8192 2.000000000 2
1186 758 3 8192 2.000000000 2
1187 759 3 8192 2.000000000 2
1187 759 3 8192 2.000000000 2
1184 808 3 8192 2.000000000 2
1184 808 3 8192 2.000000000 2
1185 809 3 8192 2.000000000 2
1185 809 3 8192 2.000000000 2
1186 810 3 8192 2.000000000 2
1186 810 3 8192 2.000000000 2
1187 811 3 8192 2.000000000 2
1187 811 3 8192 2.000000000 2
1184 840 3 8192 2.000000000 2
1184 840 3 8192 2.000000000 2
1185 841 3 8192 2.000000000 2
1185 841 3 8192 2.000000000 2
1186 842 3 8192 2.000000000 2
1186 842 3 8192 2.000000000 2
1187 843 3 8192 2.000000000 2
1187 843 3 8192 2.000000000 2
1184 924 3 8192 2.000000000 2
1184 924 3 8192 2.000000000 2
1185 925 3 8192 2.000000000 2
1185 925 3 8192 2.000000000 2
1186 926 3 8192 2.000000000 2
1186 926 3 8192 2.000000000 2
1187 927 3 8192 2.000000000 2
1187 927 3 8192 2.000000000 2
1188 16 3 8192 2.000000000 2
1188 16 3 8192 2.000000000 2
1189 17 3 8192 2.000000000 2
1189 17 3 8192 2.000000000 2
1190 18 3 8192 2.000000000 2
1190 18 3 8192 2.000000000 2
1191 19 3 8192 2.000000000 2
1191 19 3 8192 2.000000000 2
1188 60 3 8192 2.000000000 2
1188 60 3 8192 2.000000000 2
1189 61 3 8192 2.000000000 2
1189 61 3 8192 2.000000000 2
1190 62 3 8192 2.000000000 2
1190 62 3 8192 2.000000000 2
1191 63 3 8192 2.000000000 2
1191 63 3 8192 2.000000000 2
1188 160 3 8192 2.000000000 2
1188 160 3 8192 2.000000000 2
1189 161 3 8192 2.000000000 2
1189 161 3 8192 2.000000000 2
1190 162 3 8192 2.000000000 2
1190 162 3 8192 2.000000000 2
1191 163 3 8192 2.000000000 2
1191 163 3 8192 2.000000000 2
1188 264 3 8192 2.000000000 2
1188 264 3 8192 2.000000000 2
1189 265 3 8192 2.000000000 2
1189 265 3 8192 2.000000000 2
1190 266 3 8192 2.000000000 2
1190 266 3 8192 2.000000000 2
1191 267 3 8192 2.000000000 2
1191 267 3 8192 2.000000000 2
1188 508 3 8192 2.000000000 2
1188 508 3 8192 2.000000000 2
1189 509 3 8192 2.000000000 2
1189 509 3 8192 2.000000000 2
1190 510 3 8192 2.000000000 2
1190 510 3 8192 2.000000000 2
1191 511 3 8192 2.000000000 2
1191 511 3 8192 2.000000000 2
1188 892 3 8192 2.000000000 2
1188 892 3 8192 2.000000000 2
1189 893 3 8192 2.000000000 2
1189 893 3 8192 2.000000000 2
1190 894 3 8192 2.000000000 2
1190 894 3 8192 2.000000000 2
1191 895 3 8192 2.000000000 2
1191 895 3 8192 2.000000000 2
1188 1152 3 8192 2.000000000 2
1188 1152 3 8192 2.000000000 2
1189 1153 3 8192 2.000000000 2
1189 1153 3 8192 2.000000000 2
1190 1154 3 8192 2.000000000 2
1190 1154 3 8192 2.000000000 2
1191 1155 3 8192 2.000000000 2
1191 1155 3 8192 2.000000000 2
1188 1180 3 8192 2.000000000 2
1188 1180 3 8192 2.000000000 2
1189 1181 3 8192 2.000000000 2
1189 1181 3 8192 2.000000000 2
1190 1182 3 8192 2.000000000 2
1190 1182 3 8192 2.000000000 2
1191 1183 3 8192 2.000000000 2
1191 1183 3 8192 2.000000000 2
1192 8 3 8192 2.000000000 2
1192 8 3 8192 2.000000000 2
1193 9 3 8192 2.000000000 2
1193 9 3 8192 2.000000000 2
1194 10 3 8192 2.000000000 2
1194 10 3 8192 2.000000000 2
1195 11 3 8192 2.000000000 2
1195 11 3 8192 2.000000000 2
1192 312 3 8192 2.000000000 2
1192 312 3 8192 2.000000000 2
1193 313 3 8192 2.000000000 2
1193 313 3 8192 2.000000000 2
1194 314 3 8192 2.000000000 2
1194 314 3 8192 2.000000000 2
1195 315 3 8192 2.000000000 2
1195 315 3 8192 2.000000000 2
1192 388 3 8192 2.000000000 2
1192 388 3 8192 2.000000000 2
1193 389 3 8192 2.000000000 2
1193 389 3 8192 2.000000000 2
1194 390 3 8192 2.000000000 2
1194 390 3 8192 2.000000000 2
1195 391 3 8192 2.000000000 2
1195 391 3 8192 2.000000000 2
1192 860 3 8192 2.000000000 2
1192 860 3 8192 2.000000000 2
1193 861 3 8192 2.000000000 2
1193 861 3 8192 2.000000000 2
1194 862 3 8192 2.000000000 2
1194 862 3 8192 2.000000000 2
1195 863 3 8192 2.000000000 2
1195 863 3 8192 2.000000000 2
1192 1048 3 8192 2.000000000 2
1192 1048 3 8192 2.000000000 2
1193 1049 3 8192 2.000000000 2
1193 1049 3 8192 2.000000000 2
1194 1050 3 8192 2.000000000 2
1194 1050 3 8192 2.000000000 2
1195 1051 3 8192 2.000000000 2
1195 1051 3 8192 2.000000000 2
1192 1156 3 8192 2.000000000 2
1192 1156 3 8192 2.000000000 2
1193 1157 3 8192 2.000000000 2
1193 1157 3 8192 2.000000000 2
1194 1158 3 8192 2.000000000 2
1194 1158 3 8192 2.000000000 2
1195 1159 3 8192 2.000000000 2
1195 1159 3 8192 2.000000000 2
1192 1168 3 8192 2.000000000 2
1192 1168 3 8192 2.000000000 2
1193 1169 3 8192 2.000000000 2
1193 1169 3 8192 2.000000000 2
1194 1170 3 8192 2.000000000 2
1194 1170 3 8192 2.000000000 2
1195 1171 3 8192 2.000000000 2
1195 1171 3 8192 2.000000000 2
1192 1180 3 8192 2.000000000 2
1192 1180 3 8192 2.000000000 2
1193 1181 3 8192 2.000000000 2
1193 1181 3 8192 2.000000000 2
1194 1182 3 8192 2.000000000 2
1194 1182 3 8192 2.000000000 2
1195 1183 3 8192 2.000000000 2
1195 1183 3 8192 2.000000000 2
1200 236 3 8192 2.000000000 2
1200 236 3 8192 2.000000000 2
1201 237 3 8192 2.000000000 2
1201 237 3 8192 2.000000000 2
1202 238 3 8192 2.000000000 2
1202 238 3 8192 2.000000000 2
1203 239 3 8192 2.000000000 2
1203 239 3 8192 2.000000000 2
1200 292 3 8192 2.000000000 2
1200 292 3 8192 2.000000000 2
1201 293 3 8192 2.000000000 2
1201 293 3 8192 2.000000000 2
1202 294 3 8192 2.000000000 2
1202 294 3 8192 2.000000000 2
1203 295 3 8192 2.000000000 2
1203 295 3 8192 2.000000000 2
1200 448 3 8192 2.000000000 2
1200 448 3 8192 2.000000000 2
1201 449 3 8192 2.000000000 2
1201 449 3 8192 2.000000000 2
1202 450 3 8192 2.000000000 2
1202 450 3 8192 2.000000000 2
1203 451 3 8192 2.000000000 2
1203 451 3 8192 2.000000000 2
1200 500 3 8192 2.000000000 2
1200 500 3 8192 2.000000000 2
1201 501 3 8192 2.000000000 2
1201 501 3 8192 2.000000000 2
1202 502 3 8192 2.000000000 2
1202 502 3 8192 2.000000000 2
1203 503 3 8192 2.000000000 2
1203 503 3 8192 2.000000000 2
1200 516 3 8192 2.000000000 2
1200 516 3 8192 2.000000000 2
1201 517 3 8192 2.000000000 2
1201 517 3 8192 2.000000000 2
1202 518 3 8192 2.000000000 2
1202 518 3 8192 2.000000000 2
1203 519 3 8192 2.000000000 2
1203 519 3 8192 2.000000000 2
1200 1064 3 8192 2.000000000 2
1200 1064 3 8192 2.000000000 2
1201 1065 3 8192 2.000000000 2
1201 1065 3 8192 2.000000000 2
1202 1066 3 8192 2.000000000 2
1202 1066 3 8192 2.000000000 2
1203 1067 3 8192 2.000000000 2
1203 1067 3 8192 2.000000000 2
1200 1068 3 8192 2.000000000 2
1200 1068 3 8192 2.000000000 2
1201 1069 3 8192 2.000000000 2
1201 1069 3 8192 2.000000000 2
1202 1070 3 8192 2.000000000 2
1202 1070 3 8192 2.000000000 2
1203 1071 3 8192 2.000000000 2
1203 1071 3 8192 2.000000000 2
1200 1264 3 8192 2.000000000 2
1200 1264 3 8192 2.000000000 2
1201 1265 3 8192 2.000000000 2
1201 1265 3 8192 2.000000000 2
1202 1266 3 8192 2.000000000 2
1202 1266 3 8192 2.000000000 2
1203 1267 3 8192 2.000000000 2
1203 1267 3 8192 2.000000000 2
1208 60 3 8192 2.000000000 2
1208 60 3 8192 2.000000000 2
1209 61 3 8192 2.000000000 2
1209 61 3 8192 2.000000000 2
1210 62 3 8192 2.000000000 2
1210 62 3 8192 2.000000000 2
1211 63 3 8192 2.000000000 2
1211 63 3 8192 2.000000000 2
1208 196 3 8192 2.000000000 2
1208 196 3 8192 2.000000000 2
1209 197 3 8192 2.000000000 2
1209 197 3 8192 2.000000000 2
1210 198 3 8192 2.000000000 2
1210 198 3 8192 2.000000000 2
1211 199 3 8192 2.000000000 2
1211 199 3 8192 2.000000000 2
1208 208 3 8192 2.000000000 2
1208 208 3 8192 2.000000000 2
1209 209 3 8192 2.000000000 2
1209 209 3 8192 2.000000000 2
1210 210 3 8192 2.000000000 2
1210 210 3 8192 2.000000000 2
1211 211 3 8192 2.000000000 2
1211 211 3 8192 2.000000000 2
1208 320 3 8192 2.000000000 2
1208 320 3 8192 2.000000000 2
1209 321 3 8192 2.000000000 2
1209 321 3 8192 2.000000000 2
1210 322 3 8192 2.000000000 2
1210 322 3 8192 2.000000000 2
1211 323 3 8192 2.000000000 2
1211 323 3 8192 2.000000000 2
1208 536 3 8192 2.000000000 2
1208 536 3 8192 2.000000000 2
1209 537 3 8192 2.000000000 2
1209 537 3 8192 2.000000000 2
1210 538 3 8192 2.000000000 2
1210 538 3 8192 2.000000000 2
1211 539 3 8192 2.000000000 2
1211 539 3 8192 2.000000000 2
1208 788 3 8192 2.000000000 2
1208 788 3 8192 2.000000000 2
1209 789 3 8192 2.000000000 2
1209 789 3 8192 2.000000000 2
1210 790 3 8192 2.000000000 2
1210 790 3 8192 2.000000000 2
1211 791 3 8192 2.000000000 2
1211 791 3 8192 2.000000000 2
1208 1076 3 8192 2.000000000 2
1208 1076 3 8192 2.000000000 2
1209 1077 3 8192 2.000000000 2
1209 1077 3 8192 2.000000000 2
1210 1078 3 8192 2.000000000 2
1210 1078 3 8192 2.000000000 2
1211 1079 3 8192 2.000000000 2
1211 1079 3 8192 2.000000000 2
1208 1168 3 8192 2.000000000 2
1208 1168 3 8192 2.000000000 2
1209 1169 3 8192 2.000000000 2
1209 1169 3 8192 2.000000000 2
1210 1170 3 8192 2.000000000 2
1210 1170 3 8192 2.000000000 2
1211 1171 3 8192 2.000000000 2
1211 1171 3 8192 2.000000000 2
1212 332 3 8192 2.000000000 2
1212 332 3 8192 2.000000000 2
1213 333 3 8192 2.000000000 2
1213 333 3 8192 2.000000000 2
1214 334 3 8192 2.000000000 2
1214 334 3 8192 2.000000000 2
1215 335 3 8192 2.000000000 2
1215 335 3 8192 2.000000000 2
1212 564 3 8192 2.000000000 2
1212 564 3 8192 2.000000000 2
1213 565 3 8192 2.000000000 2
1213 565 3 8192 2.000000000 2
1214 566 3 8192 2.000000000 2
1214 566 3 8192 2.000000000 2
1215 567 3 8192 2.000000000 2
1215 567 3 8192 2.000000000 2
1212 756 3 8192 2.000000000 2
1212 756 3 8192 2.000000000 2
1213 757 3 8192 2.000000000 2
1213 757 3 8192 2.000000000 2
1214 758 3 8192 2.000000000 2
1214 758 3 8192 2.000000000 2
1215 759 3 8192 2.000000000 2
1215 759 3 8192 2.000000000 2
1212 820 3 8192 2.000000000 2
1212 820 3 8192 2.000000000 2
1213 821 3 8192 2.000000000 2
1213 821 3 8192 2.000000000 2
1214 822 3 8192 2.000000000 2
1214 822 3 8192 2.000000000 2
1215 823 3 8192 2.000000000 2
1215 823 3 8192 2.000000000 2
1212 872 3 8192 2.000000000 2
1212 872 3 8192 2.000000000 2
1213 873 3 8192 2.000000000 2
1213 873 3 8192 2.000000000 2
1214 874 3 8192 2.000000000 2
1214 874 3 8192 2.000000000 2
1215 875 3 8192 2.000000000 2
1215 875 3 8192 2.000000000 2
1212 884 3 8192 2.000000000 2
1212 884 3 8192 2.000000000 2
1213 885 3 8192 2.000000000 2
1213 885 3 8192 2.000000000 2
1214 886 3 8192 2.000000000 2
1214 886 3 8192 2.000000000 2
1215 887 3 8192 2.000000000 2
1215 887 3 8192 2.000000000 2
1212 1128 3 8192 2.000000000 2
1212 1128 3 8192 2.000000000 2
1213 1129 3 8192 2.000000000 2
1213 1129 3 8192 2.000000000 2
1214 1130 3 8192 2.000000000 2
1214 1130 3 8192 2.000000000 2
1215 1131 3 8192 2.000000000 2
1215 1131 3 8192 2.000000000 2
1212 1180 3 8192 2.000000000 2
1212 1180 3 8192 2.000000000 2
1213 1181 3 8192 2.000000000 2
1213 1181 3 8192 2.000000000 2
1214 1182 3 8192 2.000000000 2
1214 1182 3 8192 2.000000000 2
1215 1183 3 8192 2.000000000 2
1215 1183 3 8192 2.000000000 2
1216 264 3 8192 2.000000000 2
1216 264 3 8192 2.000000000 2
1217 265 3 8192 2.000000000 2
1217 265 3 8192 2.000000000 2
1218 266 3 8192 2.000000000 2
1218 266 3 8192 2.000000000 2
1219 267 3 8192 2.000000000 2
1219 267 3 8192 2.000000000 2
1216 428 3 8192 2.000000000 2
1216 428 3 8192 2.000000000 2
1217 429 3 8192 2.000000000 2
1217 429 3 8192 2.000000000 2
1218 430 3 8192 2.000000000 2
1218 430 3 8192 2.000000000 2
1219 431 3 8192 2.000000000 2
1219 431 3 8192 2.000000000 2
1216 824 3 8192 2.000000000 2
1216 824 3 8192 2.000000000 2
1217 825 3 8192 2.000000000 2
1217 825 3 8192 2.000000000 2
1218 826 3 8192 2.000000000 2
1218 826 3 8192 2.000000000 2
1219 827 3 8192 2.000000000 2
1219 827 3 8192 2.000000000 2
1216 920 3 8192 2.000000000 2
1216 920 3 8192 2.000000000 2
1217 921 3 8192 2.000000000 2
1217 921 3 8192 2.000000000 2
1218 922 3 8192 2.000000000 2
1218 922 3 8192 2.000000000 2
1219 923 3 8192 2.000000000 2
1219 923 3 8192 2.000000000 2
1216 1112 3 8192 2.000000000 2
1216 1112 3 8192 2.000000000 2
1217 1113 3 8192 2.000000000 2
1217 1113 3 8192 2.000000000 2
1218 1114 3 8192 2.000000000 2
1218 1114 3 8192 2.000000000 2
1219 1115 3 8192 2.000000000 2
1219 1115 3 8192 2.000000000 2
1216 1124 3 8192 2.000000000 2
1216 1124 3 8192 2.000000000 2
1217 1125 3 8192 2.000000000 2
1217 1125 3 8192 2.000000000 2
1218 1126 3 8192 2.000000000 2
1218 1126 3 8192 2.000000000 2
1219 1127 3 8192 2.000000000 2
1219 1127 3 8192 2.000000000 2
1216 1152 3 8192 2.000000000 2
1216 1152 3 8192 2.000000000 2
1217 1153 3 8192 2.000000000 2
1217 1153 3 8192 2.000000000 2
1218 1154 3 8192 2.000000000 2
1218 1154 3 8192 2.000000000 2
1219 1155 3 8192 2.000000000 2
1219 1155 3 8192 2.000000000 2
1216 1200 3 8192 2.000000000 2
1216 1200 3 8192 2.000000000 2
1217 1201 3 8192 2.000000000 2
1217 1201 3 8192 2.000000000 2
1218 1202 3 8192 2.000000000 2
1218 1202 3 8192 2.000000000 2
1219 1203 3 8192 2.000000000 2
1219 1203 3 8192 2.000000000 2
1220 12 3 8192 2.000000000 2
1220 12 3 8192 2.000000000 2
1221 13 3 8192 2.000000000 2
1221 13 3 8192 2.000000000 2
1222 14 3 8192 2.000000000 2
1222 14 3 8192 2.000000000 2
1223 15 3 8192 2.000000000 2
1223 15 3 8192 2.000000000 2
1220 348 3 8192 2.000000000 2
1220 348 3 8192 2.000000000 2
1221 349 3 8192 2.000000000 2
1221 349 3 8192 2.000000000 2
1222 350 3 8192 2.000000000 2
1222 350 3 8192 2.000000000 2
1223 351 3 8192 2.000000000 2
1223 351 3 8192 2.000000000 2
1220 544 3 8192 2.000000000 2
1220 544 3 8192 2.000000000 2
1221 545 3 8192 2.000000000 2
1221 545 3 8192 2.000000000 2
1222 546 3 8192 2.000000000 2
1222 546 3 8192 2.000000000 2
1223 547 3 8192 2.000000000 2
1223 547 3 8192 2.000000000 2
1220 552 3 8192 2.000000000 2
1220 552 3 8192 2.000000000 2
1221 553 3 8192 2.000000000 2
1221 553 3 8192 2.000000000 2
1222 554 3 8192 2.000000000 2
1222 554 3 8192 2.000000000 2
1223 555 3 8192 2.000000000 2
1223 555 3 8192 2.000000000 2
1220 856 3 8192 2.000000000 2
1220 856 3 8192 2.000000000 2
1221 857 3 8192 2.000000000 2
1221 857 3 8192 2.000000000 2
1222 858 3 8192 2.000000000 2
1222 858 3 8192 2.000000000 2
1223 859 3 8192 2.000000000 2
1223 859 3 8192 2.000000000 2
1220 892 3 8192 2.000000000 2
1220 892 3 8192 2.000000000 2
1221 893 3 8192 2.000000000 2
1221 893 3 8192 2.000000000 2
1222 894 3 8192 2.000000000 2
1222 894 3 8192 2.000000000 2
1223 895 3 8192 2.000000000 2
1223 895 3 8192 2.000000000 2
1220 948 3 8192 2.000000000 2
1220 948 3 8192 2.000000000 2
1221 949 3 8192 2.000000000 2
1221 949 3 8192 2.000000000 2
1222 950 3 8192 2.000000000 2
1222 950 3 8192 2.000000000 2
1223 951 3 8192 2.000000000 2
1223 951 3 8192 2.000000000 2
1220 1164 3 8192 2.000000000 2
1220 1164 3 8192 2.000000000 2
1221 1165 3 8192 2.000000000 2
1221 1165 3 8192 2.000000000 2
1222 1166 3 8192 2.000000000 2
1222 1166 3 8192 2.000000000 2
1223 1167 3 8192 2.000000000 2
1223 1167 3 8192 2.000000000 2
1224 248 3 8192 2.000000000 2
1224 248 3 8192 2.000000000 2
1225 249 3 8192 2.000000000 2
1225 249 3 8192 2.000000000 2
1226 250 3 8192 2.000000000 2
1226 250 3 8192 2.000000000 2
1227 251 3 8192 2.000000000 2
1227 251 3 8192 2.000000000 2
1224 364 3 8192 2.000000000 2
1224 364 3 8192 2.000000000 2
1225 365 3 8192 2.000000000 2
1225 365 3 8192 2.000000000 2
1226 366 3 8192 2.000000000 2
1226 366 3 8192 2.000000000 2
1227 367 3 8192 2.000000000 2
1227 367 3 8192 2.000000000 2
1224 504 3 8192 2.000000000 2
1224 504 3 8192 2.000000000 2
1225 505 3 8192 2.000000000 2
1225 505 3 8192 2.000000000 2
1226 506 3 8192 2.000000000 2
1226 506 3 8192 2.000000000 2
1227 507 3 8192 2.000000000 2
1227 507 3 8192 2.000000000 2
1224 548 3 8192 2.000000000 2
1224 548 3 8192 2.000000000 2
1225 549 3 8192 2.000000000 2
1225 549 3 8192 2.000000000 2
1226 550 3 8192 2.000000000 2
1226 550 3 8192 2.000000000 2
1227 551 3 8192 2.000000000 2
1227 551 3 8192 2.000000000 2
1224 1056 3 8192 2.000000000 2
1224 1056 3 8192 2.000000000 2
1225 1057 3 8192 2.000000000 2
1225 1057 3 8192 2.000000000 2
1226 1058 3 8192 2.000000000 2
1226 1058 3 8192 2.000000000 2
1227 1059 3 8192 2.000000000 2
1227 1059 3 8192 2.000000000 2
1224 1060 3 8192 2.000000000 2
1224 1060 3 8192 2.000000000 2
1225 1061 3 8192 2.000000000 2
1225 1061 3 8192 2.000000000 2
1226 1062 3 8192 2.000000000 2
1226 1062 3 8192 2.000000000 2
1227 1063 3 8192 2.000000000 2
1227 1063 3 8192 2.000000000 2
1224 1080 3 8192 2.000000000 2
1224 1080 3 8192 2.000000000 2
1225 1081 3 8192 2.000000000 2
1225 1081 3 8192 2.000000000 2
1226 1082 3 8192 2.000000000 2
1226 1082 3 8192 2.000000000 2
1227 1083 3 8192 2.000000000 2
1227 1083 3 8192 2.000000000 2
1224 1152 3 8192 2.000000000 2
1224 1152 3 8192 2.000000000 2
1225 1153 3 8192 2.000000000 2
1225 1153 3 8192 2.000000000 2
1226 1154 3 8192 2.000000000 2
1226 1154 3 8192 2.000000000 2
1227 1155 3 8192 2.000000000 2
1227 1155 3 8192 2.000000000 2
1228 12 3 8192 2.000000000 2
1228 12 3 8192 2.000000000 2
1229 13 3 8192 2.000000000 2
1229 13 3 8192 2.000000000 2
1230 14 3 8192 2.000000000 2
1230 14 3 8192 2.000000000 2
1231 15 3 8192 2.000000000 2
1231 15 3 8192 2.000000000 2
1228 324 3 8192 2.000000000 2
1228 324 3 8192 2.000000000 2
1229 325 3 8192 2.000000000 2
1229 325 3 8192 2.000000000 2
1230 326 3 8192 2.000000000 2
1230 326 3 8192 2.000000000 2
1231 327 3 8192 2.000000000 2
1231 327 3 8192 2.000000000 2
1228 524 3 8192 2.000000000 2
1228 524 3 8192 2.000000000 2
1229 525 3 8192 2.000000000 2
1229 525 3 8192 2.000000000 2
1230 526 3 8192 2.000000000 2
1230 526 3 8192 2.000000000 2
1231 527 3 8192 2.000000000 2
1231 527 3 8192 2.000000000 2
1228 644 3 8192 2.000000000 2
1228 644 3 8192 2.000000000 2
1229 645 3 8192 2.000000000 2
1229 645 3 8192 2.000000000 2
1230 646 3 8192 2.000000000 2
1230 646 3 8192 2.000000000 2
1231 647 3 8192 2.000000000 2
1231 647 3 8192 2.000000000 2
1228 788 3 8192 2.000000000 2
1228 788 3 8192 2.000000000 2
1229 789 3 8192 2.000000000 2
1229 789 3 8192 2.000000000 2
1230 790 3 8192 2.000000000 2
1230 790 3 8192 2.000000000 2
1231 791 3 8192 2.000000000 2
1231 791 3 8192 2.000000000 2
1228 824 3 8192 2.000000000 2
1228 824 3 8192 2.000000000 2
1229 825 3 8192 2.000000000 2
1229 825 3 8192 2.000000000 2
1230 826 3 8192 2.000000000 2
1230 826 3 8192 2.000000000 2
1231 827 3 8192 2.000000000 2
1231 827 3 8192 2.000000000 2
1228 896 3 8192 2.000000000 2
1228 896 3 8192 2.000000000 2
1229 897 3 8192 2.000000000 2
1229 897 3 8192 2.000000000 2
1230 898 3 8192 2.000000000 2
1230 898 3 8192 2.000000000 2
1231 899 3 8192 2.000000000 2
1231 899 3 8192 2.000000000 2
1228 992 3 8192 2.000000000 2
1228 992 3 8192 2.000000000 2
1229 993 3 8192 2.000000000 2
1229 993 3 8192 2.000000000 2
1230 994 3 8192 2.000000000 2
1230 994 3 8192 2.000000000 2
1231 995 3 8192 2.000000000 2
1231 995 3 8192 2.000000000 2
1232 56 3 8192 2.000000000 2
1232 56 3 8192 2.000000000 2
1233 57 3 8192 2.000000000 2
1233 57 3 8192 2.000000000 2
1234 58 3 8192 2.000000000 2
1234 58 3 8192 2.000000000 2
1235 59 3 8192 2.000000000 2
1235 59 3 8192 2.000000000 2
1232 172 3 8192 2.000000000 2
1232 172 3 8192 2.000000000 2
1233 173 3 8192 2.000000000 2
1233 173 3 8192 2.000000000 2
1234 174 3 8192 2.000000000 2
1234 174 3 8192 2.000000000 2
1235 175 3 8192 2.000000000 2
1235 175 3 8192 2.000000000 2
1232 284 3 8192 2.000000000 2
1232 284 3 8192 2.000000000 2
1233 285 3 8192 2.000000000 2
1233 285 3 8192 2.000000000 2
1234 286 3 8192 2.000000000 2
1234 286 3 8192 2.000000000 2
1235 287 3 8192 2.000000000 2
1235 287 3 8192 2.000000000 2
1232 592 3 8192 2.000000000 2
1232 592 3 8192 2.000000000 2
1233 593 3 8192 2.000000000 2
1233 593 3 8192 2.000000000 2
1234 594 3 8192 2.000000000 2
1234 594 3 8192 2.000000000 2
1235 595 3 8192 2.000000000 2
1235 595 3 8192 2.000000000 2
1232 864 3 8192 2.000000000 2
1232 864 3 8192 2.000000000 2
1233 865 3 8192 2.000000000 2
1233 865 3 8192 2.000000000 2
1234 866 3 8192 2.000000000 2
1234 866 3 8192 2.000000000 2
1235 867 3 8192 2.000000000 2
1235 867 3 8192 2.000000000 2
1232 892 3 8192 2.000000000 2
1232 892 3 8192 2.000000000 2
1233 893 3 8192 2.000000000 2
1233 893 3 8192 2.000000000 2
1234 894 3 8192 2.000000000 2
1234 894 3 8192 2.000000000 2
1235 895 3 8192 2.000000000 2
1235 895 3 8192 2.000000000 2
1232 900 3 8192 2.000000000 2
1232 900 3 8192 2.000000000 2
1233 901 3 8192 2.000000000 2
1233 901 3 8192 2.000000000 2
1234 902 3 8192 2.000000000 2
1234 902 3 8192 2.000000000 2
1235 903 3 8192 2.000000000 2
1235 903 3 8192 2.000000000 2
1232 980 3 8192 2.000000000 2
1232 980 3 8192 2.000000000 2
1233 981 3 8192 2.000000000 2
1233 981 3 8192 2.000000000 2
1234 982 3 8192 2.000000000 2
1234 982 3 8192 2.000000000 2
1235 983 3 8192 2.000000000 2
1235 983 3 8192 2.000000000 2
1236 88 3 8192 2.000000000 2
1236 88 3 8192 2.000000000 2
1237 89 3 8192 2.000000000 2
1237 89 3 8192 2.000000000 2
1238 90 3 8192 2.000000000 2
1238 90 3 8192 2.000000000 2
1239 91 3 8192 2.000000000 2
1239 91 3 8192 2.000000000 2
1236 92 3 8192 2.000000000 2
1236 92 3 8192 2.000000000 2
1237 93 3 8192 2.000000000 2
1237 93 3 8192 2.000000000 2
1238 94 3 8192 2.000000000 2
1238 94 3 8192 2.000000000 2
1239 95 3 8192 2.000000000 2
1239 95 3 8192 2.000000000 2
1236 160 3 8192 2.000000000 2
1236 160 3 8192 2.000000000 2
1237 161 3 8192 2.000000000 2
1237 161 3 8192 2.000000000 2
1238 162 3 8192 2.000000000 2
1238 162 3 8192 2.000000000 2
1239 163 3 8192 2.000000000 2
1239 163 3 8192 2.000000000 2
1236 216 3 8192 2.000000000 2
1236 216 3 8192 2.000000000 2
1237 217 3 8192 2.000000000 2
1237 217 3 8192 2.000000000 2
1238 218 3 8192 2.000000000 2
1238 218 3 8192 2.000000000 2
1239 219 3 8192 2.000000000 2
1239 219 3 8192 2.000000000 2
1236 648 3 8192 2.000000000 2
1236 648 3 8192 2.000000000 2
1237 649 3 8192 2.000000000 2
1237 649 3 8192 2.000000000 2
1238 650 3 8192 2.000000000 2
1238 650 3 8192 2.000000000 2
1239 651 3 8192 2.000000000 2
1239 651 3 8192 2.000000000 2
1236 840 3 8192 2.000000000 2
1236 840 3 8192 2.000000000 2
1237 841 3 8192 2.000000000 2
1237 841 3 8192 2.000000000 2
1238 842 3 8192 2.000000000 2
1238 842 3 8192 2.000000000 2
1239 843 3 8192 2.000000000 2
1239 843 3 8192 2.000000000 2
1236 1016 3 8192 2.000000000 2
1236 1016 3 8192 2.000000000 2
1237 1017 3 8192 2.000000000 2
1237 1017 3 8192 2.000000000 2
1238 1018 3 8192 2.000000000 2
1238 1018 3 8192 2.000000000 2
1239 1019 3 8192 2.000000000 2
1239 1019 3 8192 2.000000000 2
1236 1152 3 8192 2.000000000 2
1236 1152 3 8192 2.000000000 2
1237 1153 3 8192 2.000000000 2
1237 1153 3 8192 2.000000000 2
1238 1154 3 8192 2.000000000 2
1238 1154 3 8192 2.000000000 2
1239 1155 3 8192 2.000000000 2
1239 1155 3 8192 2.000000000 2
1240 224 3 8192 2.000000000 2
1240 224 3 8192 2.000000000 2
1241 225 3 8192 2.000000000 2
1241 225 3 8192 2.000000000 2
1242 226 3 8192 2.000000000 2
1242 226 3 8192 2.000000000 2
1243 227 3 8192 2.000000000 2
1243 227 3 8192 2.000000000 2
1240 240 3 8192 2.000000000 2
1240 240 3 8192 2.000000000 2
1241 241 3 8192 2.000000000 2
1241 241 3 8192 2.000000000 2
1242 242 3 8192 2.000000000 2
1242 242 3 8192 2.000000000 2
1243 243 3 8192 2.000000000 2
1243 243 3 8192 2.000000000 2
1240 328 3 8192 2.000000000 2
1240 328 3 8192 2.000000000 2
1241 329 3 8192 2.000000000 2
1241 329 3 8192 2.000000000 2
1242 330 3 8192 2.000000000 2
1242 330 3 8192 2.000000000 2
1243 331 3 8192 2.000000000 2
1243 331 3 8192 2.000000000 2
1240 444 3 8192 2.000000000 2
1240 444 3 8192 2.000000000 2
1241 445 3 8192 2.000000000 2
1241 445 3 8192 2.000000000 2
1242 446 3 8192 2.000000000 2
1242 446 3 8192 2.000000000 2
1243 447 3 8192 2.000000000 2
1243 447 3 8192 2.000000000 2
1240 712 3 8192 2.000000000 2
1240 712 3 8192 2.000000000 2
1241 713 3 8192 2.000000000 2
1241 713 3 8192 2.000000000 2
1242 714 3 8192 2.000000000 2
1242 714 3 8192 2.000000000 2
1243 715 3 8192 2.000000000 2
1243 715 3 8192 2.000000000 2
1240 952 3 8192 2.000000000 2
1240 952 3 8192 2.000000000 2
1241 953 3 8192 2.000000000 2
1241 953 3 8192 2.000000000 2
1242 954 3 8192 2.000000000 2
1242 954 3 8192 2.000000000 2
1243 955 3 8192 2.000000000 2
1243 955 3 8192 2.000000000 2
1240 1208 3 8192 2.000000000 2
1240 1208 3 8192 2.000000000 2
1241 1209 3 8192 2.000000000 2
1241 1209 3 8192 2.000000000 2
1242 1210 3 8192 2.000000000 2
1242 1210 3 8192 2.000000000 2
1243 1211 3 8192 2.000000000 2
1243 1211 3 8192 2.000000000 2
1240 1220 3 8192 2.000000000 2
1240 1220 3 8192 2.000000000 2
1241 1221 3 8192 2.000000000 2
1241 1221 3 8192 2.000000000 2
1242 1222 3 8192 2.000000000 2
1242 1222 3 8192 2.000000000 2
1243 1223 3 8192 2.000000000 2
1243 1223 3 8192 2.000000000 2
1248 368 3 8192 2.000000000 2
1248 368 3 8192 2.000000000 2
1249 369 3 8192 2.000000000 2
1249 369 3 8192 2.000000000 2
1250 370 3 8192 2.000000000 2
1250 370 3 8192 2.000000000 2
1251 371 3 8192 2.000000000 2
1251 371 3 8192 2.000000000 2
1248 380 3 8192 2.000000000 2
1248 380 3 8192 2.000000000 2
1249 381 3 8192 2.000000000 2
1249 381 3 8192 2.000000000 2
1250 382 3 8192 2.000000000 2
1250 382 3 8192 2.000000000 2
1251 383 3 8192 2.000000000 2
1251 383 3 8192 2.000000000 2
1248 524 3 8192 2.000000000 2
1248 524 3 8192 2.000000000 2
1249 525 3 8192 2.000000000 2
1249 525 3 8192 2.000000000 2
1250 526 3 8192 2.000000000 2
1250 526 3 8192 2.000000000 2
1251 527 3 8192 2.000000000 2
1251 527 3 8192 2.000000000 2
1248 712 3 8192 2.000000000 2
1248 712 3 8192 2.000000000 2
1249 713 3 8192 2.000000000 2
1249 713 3 8192 2.000000000 2
1250 714 3 8192 2.000000000 2
1250 714 3 8192 2.000000000 2
1251 715 3 8192 2.000000000 2
1251 715 3 8192 2.000000000 2
1248 884 3 8192 2.000000000 2
1248 884 3 8192 2.000000000 2
1249 885 3 8192 2.000000000 2
1249 885 3 8192 2.000000000 2
1250 886 3 8192 2.000000000 2
1250 886 3 8192 2.000000000 2
1251 887 3 8192 2.000000000 2
1251 887 3 8192 2.000000000 2
1248 896 3 8192 2.000000000 2
1248 896 3 8192 2.000000000 2
1249 897 3 8192 2.000000000 2
1249 897 3 8192 2.000000000 2
1250 898 3 8192 2.000000000 2
1250 898 3 8192 2.000000000 2
1251 899 3 8192 2.000000000 2
1251 899 3 8192 2.000000000 2
1248 928 3 8192 2.000000000 2
1248 928 3 8192 2.000000000 2
1249 929 3 8192 2.000000000 2
1249 929 3 8192 2.000000000 2
1250 930 3 8192 2.000000000 2
1250 930 3 8192 2.000000000 2
1251 931 3 8192 2.000000000 2
1251 931 3 8192 2.000000000 2
1248 1188 3 8192 2.000000000 2
1248 1188 3 8192 2.000000000 2
1249 1189 3 8192 2.000000000 2
1249 1189 3 8192 2.000000000 2
1250 1190 3 8192 2.000000000 2
1250 1190 3 8192 2.000000000 2
1251 1191 3 8192 2.000000000 2
1251 1191 3 8192 2.000000000 2
1252 144 3 8192 2.000000000 2
1252 144 3 8192 2.000000000 2
1253 145 3 8192 2.000000000 2
1253 145 3 8192 2.000000000 2
1254 146 3 8192 2.000000000 2
1254 146 3 8192 2.000000000 2
1255 147 3 8192 2.000000000 2
1255 147 3 8192 2.000000000 2
1252 164 3 8192 2.000000000 2
1252 164 3 8192 2.000000000 2
1253 165 3 8192 2.000000000 2
1253 165 3 8192 2.000000000 2
1254 166 3 8192 2.000000000 2
1254 166 3 8192 2.000000000 2
1255 167 3 8192 2.000000000 2
1255 167 3 8192 2.000000000 2
1252 332 3 8192 2.000000000 2
1252 332 3 8192 2.000000000 2
1253 333 3 8192 2.000000000 2
1253 333 3 8192 2.000000000 2
1254 334 3 8192 2.000000000 2
1254 334 3 8192 2.000000000 2
1255 335 3 8192 2.000000000 2
1255 335 3 8192 2.000000000 2
1252 368 3 8192 2.000000000 2
1252 368 3 8192 2.000000000 2
1253 369 3 8192 2.000000000 2
1253 369 3 8192 2.000000000 2
1254 370 3 8192 2.000000000 2
1254 370 3 8192 2.000000000 2
1255 371 3 8192 2.000000000 2
1255 371 3 8192 2.000000000 2
1252 524 3 8192 2.000000000 2
1252 524 3 8192 2.000000000 2
1253 525 3 8192 2.000000000 2
1253 525 3 8192 2.000000000 2
1254 526 3 8192 2.000000000 2
1254 526 3 8192 2.000000000 2
1255 527 3 8192 2.000000000 2
1255 527 3 8192 2.000000000 2
1252 752 3 8192 2.000000000 2
1252 752 3 8192 2.000000000 2
1253 753 3 8192 2.000000000 2
1253 753 3 8192 2.000000000 2
1254 754 3 8192 2.000000000 2
1254 754 3 8192 2.000000000 2
1255 755 3 8192 2.000000000 2
1255 755 3 8192 2.000000000 2
1252 972 3 8192 2.000000000 2
1252 972 3 8192 2.000000000 2
1253 973 3 8192 2.000000000 2
1253 973 3 8192 2.000000000 2
1254 974 3 8192 2.000000000 2
1254 974 3 8192 2.000000000 2
1255 975 3 8192 2.000000000 2
1255 975 3 8192 2.000000000 2
1252 1104 3 8192 2.000000000 2
1252 1104 3 8192 2.000000000 2
1253 1105 3 8192 2.000000000 2
1253 1105 3 8192 2.000000000 2
1254 1106 3 8192 2.000000000 2
1254 1106 3 8192 2.000000000 2
1255 1107 3 8192 2.000000000 2
1255 1107 3 8192 2.000000000 2
1260 116 3 8192 2.000000000 2
1260 116 3 8192 2.000000000 2
1261 117 3 8192 2.000000000 2
1261 117 3 8192 2.000000000 2
1262 118 3 8192 2.000000000 2
1262 118 3 8192 2.000000000 2
1263 119 3 8192 2.000000000 2
1263 119 3 8192 2.000000000 2
1260 260 3 8192 2.000000000 2
1260 260 3 8192 2.000000000 2
1261 261 3 8192 2.000000000 2
1261 261 3 8192 2.000000000 2
1262 262 3 8192 2.000000000 2
1262 262 3 8192 2.000000000 2
1263 263 3 8192 2.000000000 2
1263 263 3 8192 2.000000000 2
1260 656 3 8192 2.000000000 2
1260 656 3 8192 2.000000000 2
1261 657 3 8192 2.000000000 2
1261 657 3 8192 2.000000000 2
1262 658 3 8192 2.000000000 2
1262 658 3 8192 2.000000000 2
1263 659 3 8192 2.000000000 2
1263 659 3 8192 2.000000000 2
1260 740 3 8192 2.000000000 2
1260 740 3 8192 2.000000000 2
1261 741 3 8192 2.000000000 2
1261 741 3 8192 2.000000000 2
1262 742 3 8192 2.000000000 2
1262 742 3 8192 2.000000000 2
1263 743 3 8192 2.000000000 2
1263 743 3 8192 2.000000000 2
1260 1060 3 8192 2.000000000 2
1260 1060 3 8192 2.000000000 2
1261 1061 3 8192 2.000000000 2
1261 1061 3 8192 2.000000000 2
1262 1062 3 8192 2.000000000 2
1262 1062 3 8192 2.000000000 2
1263 1063 3 8192 2.000000000 2
1263 1063 3 8192 2.000000000 2
1260 1084 3 8192 2.000000000 2
1260 1084 3 8192 2.000000000 2
1261 1085 3 8192 2.000000000 2
1261 1085 3 8192 2.000000000 2
1262 1086 3 8192 2.000000000 2
1262 1086 3 8192 2.000000000 2
1263 1087 3 8192 2.000000000 2
1263 1087 3 8192 2.000000000 2
1260 1136 3 8192 2.000000000 2
1260 1136 3 8192 2.000000000 2
1261 1137 3 8192 2.000000000 2
1261 1137 3 8192 2.000000000 2
1262 1138 3 8192 2.000000000 2
1262 1138 3 8192 2.000000000 2
1263 1139 3 8192 2.000000000 2
1263 1139 3 8192 2.000000000 2
1260 1216 3 8192 2.000000000 2
1260 1216 3 8192 2.000000000 2
1261 1217 3 8192 2.000000000 2
1261 1217 3 8192 2.000000000 2
1262 1218 3 8192 2.000000000 2
1262 1218 3 8192 2.000000000 2
1263 1219 3 8192 2.000000000 2
1263 1219 3 8192 2.000000000 2
1264 52 3 8192 2.000000000 2
1264 52 3 8192 2.000000000 2
1265 53 3 8192 2.000000000 2
1265 53 3 8192 2.000000000 2
1266 54 3 8192 2.000000000 2
1266 54 3 8192 2.000000000 2
1267 55 3 8192 2.000000000 2
1267 55 3 8192 2.000000000 2
1264 144 3 8192 2.000000000 2
1264 144 3 8192 2.000000000 2
1265 145 3 8192 2.000000000 2
1265 145 3 8192 2.000000000 2
1266 146 3 8192 2.000000000 2
1266 146 3 8192 2.000000000 2
1267 147 3 8192 2.000000000 2
1267 147 3 8192 2.000000000 2
1264 172 3 8192 2.000000000 2
1264 172 3 8192 2.000000000 2
1265 173 3 8192 2.000000000 2
1265 173 3 8192 2.000000000 2
1266 174 3 8192 2.000000000 2
1266 174 3 8192 2.000000000 2
1267 175 3 8192 2.000000000 2
1267 175 3 8192 2.000000000 2
1264 260 3 8192 2.000000000 2
1264 260 3 8192 2.000000000 2
1265 261 3 8192 2.000000000 2
1265 261 3 8192 2.000000000 2
1266 262 3 8192 2.000000000 2
1266 262 3 8192 2.000000000 2
1267 263 3 8192 2.000000000 2
1267 263 3 8192 2.000000000 2
1264 624 3 8192 2.000000000 2
1264 624 3 8192 2.000000000 2
1265 625 3 8192 2.000000000 2
1265 625 3 8192 2.000000000 2
1266 626 3 8192 2.000000000 2
1266 626 3 8192 2.000000000 2
1267 627 3 8192 2.000000000 2
1267 627 3 8192 2.000000000 2
1264 636 3 8192 2.000000000 2
1264 636 3 8192 2.000000000 2
1265 637 3 8192 2.000000000 2
1265 637 3 8192 2.000000000 2
1266 638 3 8192 2.000000000 2
1266 638 3 8192 2.000000000 2
1267 639 3 8192 2.000000000 2
1267 639 3 8192 2.000000000 2
1264 688 3 8192 2.000000000 2
1264 688 3 8192 2.000000000 2
1265 689 3 8192 2.000000000 2
1265 689 3 8192 2.000000000 2
1266 690 3 8192 2.000000000 2
1266 690 3 8192 2.000000000 2
1267 691 3 8192 2.000000000 2
1267 691 3 8192 2.000000000 2
1264 1276 3 8192 2.000000000 2
1264 1276 3 8192 2.000000000 2
1265 1277 3 8192 2.000000000 2
1265 1277 3 8192 2.000000000 2
1266 1278 3 8192 2.000000000 2
1266 1278 3 8192 2.000000000 2
1267 1279 3 8192 2.000000000 2
1267 1279 3 8192 2.000000000 2
1272 52 3 8192 2.000000000 2
1272 52 3 8192 2.000000000 2
1273 53 3 8192 2.000000000 2
1273 53 3 8192 2.000000000 2
1274 54 3 8192 2.000000000 2
1274 54 3 8192 2.000000000 2
1275 55 3 8192 2.000000000 2
1275 55 3 8192 2.000000000 2
1272 112 3 8192 2.000000000 2
1272 112 3 8192 2.000000000 2
1273 113 3 8192 2.000000000 2
1273 113 3 8192 2.000000000 2
1274 114 3 8192 2.000000000 2
1274 114 3 8192 2.000000000 2
1275 115 3 8192 2.000000000 2
1275 115 3 8192 2.000000000 2
1272 156 3 8192 2.000000000 2
1272 156 3 8192 2.000000000 2
1273 157 3 8192 2.000000000 2
1273 157 3 8192 2.000000000 2
1274 158 3 8192 2.000000000 2
1274 158 3 8192 2.000000000 2
1275 159 3 8192 2.000000000 2
1275 159 3 8192 2.000000000 2
1272 244 3 8192 2.000000000 2
1272 244 3 8192 2.000000000 2
1273 245 3 8192 2.000000000 2
1273 245 3 8192 2.000000000 2
1274 246 3 8192 2.000000000 2
1274 246 3 8192 2.000000000 2
1275 247 3 8192 2.000000000 2
1275 247 3 8192 2.000000000 2
1272 292 3 8192 2.000000000 2
1272 292 3 8192 2.000000000 2
1273 293 3 8192 2.000000000 2
1273 293 3 8192 2.000000000 2
1274 294 3 8192 2.000000000 2
1274 294 3 8192 2.000000000 2
1275 295 3 8192 2.000000000 2
1275 295 3 8192 2.000000000 2
1272 516 3 8192 2.000000000 2
1272 516 3 8192 2.000000000 2
1273 517 3 8192 2.000000000 2
1273 517 3 8192 2.000000000 2
1274 518 3 8192 2.000000000 2
1274 518 3 8192 2.000000000 2
1275 519 3 8192 2.000000000 2
1275 519 3 8192 2.000000000 2
1272 976 3 8192 2.000000000 2
1272 976 3 8192 2.000000000 2
1273 977 3 8192 2.000000000 2
1273 977 3 8192 2.000000000 2
1274 978 3 8192 2.000000000 2
1274 978 3 8192 2.000000000 2
1275 979 3 8192 2.000000000 2
1275 979 3 8192 2.000000000 2
1272 1072 3 8192 2.000000000 2
1272 1072 3 8192 2.000000000 2
1273 1073 3 8192 2.000000000 2
1273 1073 3 8192 2.000000000 2
1274 1074 3 8192 2.000000000 2
1274 1074 3 8192 2.000000000 2
1275 1075 3 8192 2.000000000 2
1275 1075 3 8192 2.000000000 2
1276 88 3 8192 2.000000000 2
1276 88 3 8192 2.000000000 2
1277 89 3 8192 2.000000000 2
1277 89 3 8192 2.000000000 2
1278 90 3 8192 2.000000000 2
1278 90 3 8192 2.000000000 2
1279 91 3 8192 2.000000000 2
1279 91 3 8192 2.000000000 2
1276 312 3 8192 2.000000000 2
1276 312 3 8192 2.000000000 2
1277 313 3 8192 2.000000000 2
1277 313 3 8192 2.000000000 2
1278 314 3 8192 2.000000000 2
1278 314 3 8192 2.000000000 2
1279 315 3 8192 2.000000000 2
1279 315 3 8192 2.000000000 2
1276 496 3 8192 2.000000000 2
1276 496 3 8192 2.000000000 2
1277 497 3 8192 2.000000000 2
1277 497 3 8192 2.000000000 2
1278 498 3 8192 2.000000000 2
1278 498 3 8192 2.000000000 2
1279 499 3 8192 2.000000000 2
1279 499 3 8192 2.000000000 2
1276 576 3 8192 2.000000000 2
1276 576 3 8192 2.000000000 2
1277 577 3 8192 2.000000000 2
1277 577 3 8192 2.000000000 2
1278 578 3 8192 2.000000000 2
1278 578 3 8192 2.000000000 2
1279 579 3 8192 2.000000000 2
1279 579 3 8192 2.000000000 2
1276 580 3 8192 2.000000000 2
1276 580 3 8192 2.000000000 2
1277 581 3 8192 2.000000000 2
1277 581 3 8192 2.000000000 2
1278 582 3 8192 2.000000000 2
1278 582 3 8192 2.000000000 2
1279 583 3 8192 2.000000000 2
1279 583 3 8192 2.000000000 2
1276 812 3 8192 2.000000000 2
1276 812 3 8192 2.000000000 2
1277 813 3 8192 2.000000000 2
1277 813 3 8192 2.000000000 2
1278 814 3 8192 2.000000000 2
1278 814 3 8192 2.000000000 2
1279 815 3 8192 2.000000000 2
1279 815 3 8192 2.000000000 2
1276 896 3 8192 2.000000000 2
1276 896 3 8192 2.000000000 2
1277 897 3 8192 2.000000000 2
1277 897 3 8192 2.000000000 2
1278 898 3 8192 2.000000000 2
1278 898 3 8192 2.000000000 2
1279 899 3 8192 2.000000000 2
1279 899 3 8192 2.000000000 2
1276 1040 3 8192 2.000000000 2
1276 1040 3 8192 2.000000000 2
1277 1041 3 8192 2.000000000 2
1277 1041 3 8192 2.000000000 2
1278 1042 3 8192 2.000000000 2
1278 1042 3 8192 2.000000000 2
1279 1043 3 8192 2.000000000 2
1279 1043 3 8192 2.000000000 2
